# SSTK version 0.8.0
# 49
mtllib original-49.mtl
o coffe19_1/coffe19/mesh39/mesh39-geometry#mesh39-geometry
v -0.467377 -0.423230 0.302352
v -0.192854 -0.411835 0.300969
v -0.192854 -0.423230 0.300969
v -0.467377 -0.411835 0.302352
v -0.192909 -0.423230 0.290049
v -0.467248 -0.423230 0.328096
v -0.467432 -0.411835 0.291432
v -0.468603 -0.410762 0.303325
v -0.192909 -0.411835 0.290049
v -0.192724 -0.423230 0.326713
v -0.531970 -0.423230 0.260894
v -0.467432 -0.423230 0.291432
v -0.191619 -0.410762 0.301929
v -0.191683 -0.410762 0.289077
v -0.143572 -0.423230 0.289801
v -0.467248 -0.411835 0.328096
v -0.467193 -0.423230 0.339016
v -0.468667 -0.410762 0.290472
v -0.468483 -0.410762 0.327136
v -0.192669 -0.423230 0.337633
v -0.192724 -0.411835 0.326713
v -0.467063 -0.423230 0.364760
v -0.530735 -0.410762 0.261854
v -0.191499 -0.410762 0.325741
v 0.130952 -0.423230 0.288418
v -0.143517 -0.423230 0.300721
v -0.192669 -0.411835 0.337633
v -0.467193 -0.411835 0.339016
v -0.467008 -0.423230 0.375680
v -0.468418 -0.410762 0.339989
v -0.144807 -0.410762 0.288841
v 0.177056 -0.423230 0.288186
v -0.143572 -0.411835 0.289801
v -0.192539 -0.423230 0.363377
v -0.466878 -0.423230 0.401424
v -0.467063 -0.411835 0.364760
v -0.468298 -0.410762 0.363800
v -0.191434 -0.410762 0.338593
v 0.132177 -0.410762 0.287445
v 0.451579 -0.423230 0.286803
v 0.131136 -0.423230 0.325082
v 0.130952 -0.411835 0.288418
v -0.143517 -0.411835 0.300721
v -0.143387 -0.423230 0.326465
v -0.466823 -0.423230 0.412344
v -0.192484 -0.423230 0.374297
v -0.467008 -0.411835 0.375680
v -0.468233 -0.410762 0.376653
v -0.144742 -0.410762 0.301693
v 0.175821 -0.410762 0.287225
v 0.517887 -0.423230 0.255605
v 0.177056 -0.411835 0.288186
v 0.131191 -0.423230 0.336002
v 0.131007 -0.423230 0.299338
v 0.131007 -0.411835 0.299338
v -0.466693 -0.423230 0.438088
v -0.466878 -0.411835 0.401424
v -0.192355 -0.423230 0.400041
v -0.192484 -0.411835 0.374297
v -0.192539 -0.411835 0.363377
v -0.468113 -0.410762 0.400464
v -0.191314 -0.410762 0.362405
v 0.452805 -0.410762 0.285830
v 0.132242 -0.410762 0.300298
v 0.451634 -0.423230 0.297722
v 0.517887 -0.411835 0.255605
v 0.451579 -0.411835 0.286803
v 0.177111 -0.423230 0.299105
v 0.131191 -0.411835 0.336002
v -0.143332 -0.423230 0.337385
v -0.466638 -0.423230 0.449008
v -0.192300 -0.423230 0.410961
v -0.466823 -0.411835 0.412344
v -0.468049 -0.410762 0.413317
v -0.191249 -0.410762 0.375257
v -0.144622 -0.410762 0.325505
v 0.516661 -0.410762 0.256577
v 0.132362 -0.410762 0.324109
v 0.451764 -0.423230 0.323467
v 0.451634 -0.411835 0.297722
v -0.531970 -0.411835 0.260894
v 0.519249 -0.423230 0.526038
v 0.177111 -0.411835 0.299105
v 0.131321 -0.423230 0.361746
v 0.131136 -0.411835 0.325082
v -0.143387 -0.411835 0.326465
v -0.466509 -0.423230 0.474752
v -0.466693 -0.411835 0.438088
v -0.192170 -0.423230 0.436705
v -0.192300 -0.411835 0.410961
v -0.192355 -0.411835 0.400041
v -0.143202 -0.423230 0.363129
v -0.467929 -0.410762 0.437128
v -0.191129 -0.410762 0.399069
v 0.452870 -0.410762 0.298683
v 0.132426 -0.410762 0.336962
v 0.451819 -0.423230 0.334386
v 0.177241 -0.423230 0.324850
v -0.530607 -0.411835 0.531327
v 0.519249 -0.411835 0.526038
v 0.504036 -0.423230 0.537815
v 0.175885 -0.410762 0.300078
v -0.143332 -0.411835 0.337385
v -0.530607 -0.423230 0.531327
v -0.426169 -0.423230 0.474549
v -0.466638 -0.411835 0.449008
v -0.143147 -0.423230 0.374049
v -0.467864 -0.410762 0.449981
v -0.191065 -0.410762 0.411921
v -0.144558 -0.410762 0.338357
v 0.452990 -0.410762 0.322494
v 0.451949 -0.423230 0.360130
v 0.451819 -0.411835 0.334386
v 0.177241 -0.411835 0.324850
v 0.518019 -0.410762 0.525997
v 0.518929 -0.411835 0.528720
v 0.506693 -0.423230 0.537801
v 0.501255 -0.423230 0.537899
v 0.131376 -0.423230 0.372666
v -0.143202 -0.411835 0.363129
v -0.530262 -0.423230 0.534006
v -0.409071 -0.423230 0.483867
v -0.466509 -0.411835 0.474752
v -0.192115 -0.411835 0.447625
v -0.192170 -0.411835 0.436705
v -0.143018 -0.423230 0.399793
v -0.467744 -0.410762 0.473792
v -0.190945 -0.410762 0.435733
v -0.144438 -0.410762 0.362169
v 0.453054 -0.410762 0.335347
v 0.176005 -0.410762 0.323889
v -0.529377 -0.410762 0.531274
v 0.132546 -0.410762 0.360773
v 0.452004 -0.423230 0.371050
v 0.177425 -0.423230 0.361514
v 0.451764 -0.411835 0.323467
v 0.177296 -0.423230 0.335769
v -0.530262 -0.411835 0.534006
v 0.504011 -0.410762 0.536848
v 0.517716 -0.410762 0.528538
v 0.518929 -0.423230 0.528720
v 0.504036 -0.411835 0.537815
v 0.501255 -0.411835 0.537899
v 0.498701 -0.423230 0.538111
v 0.131376 -0.411835 0.372666
v 0.131321 -0.411835 0.361746
v -0.529304 -0.423230 0.536463
v -0.392517 -0.423230 0.474263
v -0.426114 -0.423230 0.485469
v -0.426169 -0.411835 0.474549
v -0.466454 -0.423230 0.485672
v -0.192115 -0.423230 0.447625
v -0.142963 -0.423230 0.410713
v -0.190880 -0.410762 0.448585
v -0.144373 -0.410762 0.375021
v 0.453174 -0.410762 0.359158
v 0.452134 -0.423230 0.396794
v 0.452004 -0.411835 0.371050
v 0.177425 -0.411835 0.361514
v 0.177296 -0.411835 0.335769
v 0.506604 -0.410762 0.536835
v 0.501169 -0.410762 0.536934
v 0.517992 -0.411835 0.531187
v 0.516848 -0.410762 0.530820
v 0.509582 -0.423230 0.537477
v 0.506693 -0.411835 0.537801
v 0.498701 -0.411835 0.538111
v 0.496448 -0.423230 0.538434
v 0.131506 -0.423230 0.398410
v -0.143147 -0.411835 0.374049
v -0.529304 -0.411835 0.536463
v -0.373734 -0.423230 0.468099
v -0.409071 -0.411835 0.483867
v -0.445370 -0.423230 0.511311
v -0.426114 -0.411835 0.485469
v -0.466454 -0.411835 0.485672
v -0.278177 -0.423230 0.473803
v 0.131561 -0.423230 0.409329
v -0.143018 -0.411835 0.399793
v -0.529050 -0.410762 0.533812
v -0.144003 -0.410762 0.448349
v -0.144253 -0.410762 0.398832
v 0.453239 -0.410762 0.372011
v 0.176190 -0.410762 0.360553
v 0.176070 -0.410762 0.336742
v 0.132611 -0.410762 0.373626
v 0.452189 -0.423230 0.407714
v 0.177610 -0.423230 0.398177
v 0.451949 -0.411835 0.360130
v 0.177480 -0.423230 0.372433
v 0.498528 -0.410762 0.537153
v 0.509249 -0.410762 0.536539
v 0.517992 -0.423230 0.531187
v 0.496448 -0.411835 0.538434
v 0.494570 -0.423230 0.538854
v -0.527809 -0.423230 0.538628
v -0.527809 -0.411835 0.538628
v -0.353257 -0.423230 0.465865
v -0.392517 -0.411835 0.474263
v -0.422859 -0.411835 0.496423
v -0.422859 -0.423230 0.496423
v -0.466324 -0.423230 0.511416
v -0.424944 -0.410762 0.473576
v -0.467679 -0.410762 0.486645
v -0.142833 -0.423230 0.436457
v -0.192499 -0.423230 0.473372
v -0.332760 -0.423230 0.467893
v 0.177665 -0.423230 0.409097
v 0.131561 -0.411835 0.409329
v -0.142963 -0.411835 0.410713
v -0.528163 -0.410762 0.536086
v -0.144068 -0.410762 0.435496
v -0.353262 -0.410762 0.464890
v -0.144188 -0.410762 0.411685
v 0.453359 -0.410762 0.395822
v 0.451885 -0.423230 0.433461
v 0.452189 -0.411835 0.407714
v 0.177610 -0.411835 0.398177
v 0.177480 -0.411835 0.372433
v 0.496172 -0.410762 0.537492
v 0.516513 -0.411835 0.533367
v 0.515488 -0.410762 0.532825
v 0.511610 -0.410762 0.535742
v 0.512232 -0.423230 0.536583
v 0.509582 -0.411835 0.537477
v 0.494570 -0.411835 0.538854
v 0.493138 -0.423230 0.539352
v -0.525855 -0.423230 0.540431
v -0.373734 -0.411835 0.468099
v -0.409911 -0.410762 0.483154
v -0.423875 -0.410762 0.495870
v -0.433344 -0.423230 0.511442
v -0.466324 -0.411835 0.511416
v -0.424879 -0.410762 0.486429
v -0.374058 -0.410762 0.467159
v 0.330985 -0.423230 0.433466
v -0.278177 -0.411835 0.473803
v -0.313915 -0.423230 0.473867
v 0.131506 -0.411835 0.398410
v -0.142833 -0.411835 0.436457
v -0.191273 -0.410762 0.472399
v 0.132731 -0.410762 0.397437
v 0.132796 -0.410762 0.410290
v 0.453424 -0.410762 0.408674
v 0.176375 -0.410762 0.397217
v 0.176255 -0.410762 0.373406
v 0.451940 -0.423230 0.444380
v 0.373244 -0.423230 0.433857
v 0.452134 -0.411835 0.396794
v 0.494153 -0.410762 0.537943
v 0.516513 -0.423230 0.533367
v 0.493138 -0.411835 0.539352
v 0.492227 -0.423230 0.539913
v -0.523515 -0.423230 0.541801
v -0.525855 -0.411835 0.540431
v -0.526789 -0.410762 0.538077
v -0.332760 -0.411835 0.467893
v -0.353257 -0.411835 0.465865
v -0.393126 -0.410762 0.473416
v -0.433344 -0.411835 0.511442
v -0.434483 -0.410762 0.511066
v -0.445315 -0.423230 0.522230
v -0.505549 -0.423230 0.543892
v -0.445370 -0.411835 0.511311
v -0.466269 -0.423230 0.522336
v 0.330980 -0.410762 0.432491
v -0.192444 -0.423230 0.484292
v 0.288528 -0.423230 0.434283
v -0.192499 -0.411835 0.473372
v -0.278122 -0.423230 0.484723
v -0.297266 -0.423230 0.483303
v -0.313915 -0.411835 0.473867
v 0.339159 -0.423230 0.434275
v -0.142778 -0.411835 0.447376
v 0.131690 -0.411835 0.435074
v -0.191209 -0.410762 0.485252
v -0.332445 -0.410762 0.466950
v 0.176440 -0.410762 0.410070
v 0.453111 -0.410762 0.432488
v 0.451968 -0.423230 0.470125
v 0.451940 -0.411835 0.444380
v 0.373244 -0.411835 0.433857
v 0.177665 -0.411835 0.409097
v 0.492502 -0.410762 0.538518
v 0.514567 -0.411835 0.535189
v 0.513714 -0.410762 0.534486
v 0.512232 -0.411835 0.536583
v 0.514567 -0.423230 0.535189
v 0.492227 -0.411835 0.539913
v 0.452927 -0.423230 0.554370
v -0.520868 -0.423230 0.542669
v -0.523515 -0.411835 0.541801
v -0.444145 -0.410762 0.510338
v -0.471742 -0.423230 0.546957
v -0.445315 -0.411835 0.522230
v -0.439991 -0.411835 0.528437
v -0.504127 -0.423230 0.544376
v -0.507414 -0.423230 0.543492
v -0.467559 -0.410762 0.510456
v -0.466269 -0.411835 0.522336
v -0.502898 -0.423230 0.545532
v -0.525007 -0.410762 0.539721
v 0.132916 -0.410762 0.434101
v -0.142778 -0.423230 0.447376
v -0.192444 -0.411835 0.484292
v 0.322819 -0.423230 0.434357
v 0.177795 -0.423230 0.434841
v -0.279412 -0.410762 0.472843
v -0.278122 -0.411835 0.484723
v -0.297266 -0.411835 0.483303
v 0.339159 -0.411835 0.434275
v 0.131745 -0.411835 0.445993
v 0.131690 -0.423230 0.435074
v -0.201637 -0.410762 0.509116
v 0.453176 -0.410762 0.445341
v 0.375981 -0.410762 0.432876
v 0.452023 -0.423230 0.481045
v 0.379390 -0.423230 0.470491
v 0.451885 -0.411835 0.433461
v 0.373299 -0.423230 0.444777
v 0.491213 -0.410762 0.539311
v 0.491909 -0.411835 0.540521
v 0.491909 -0.423230 0.540521
v 0.452872 -0.423230 0.543450
v -0.517989 -0.423230 0.542964
v -0.520868 -0.411835 0.542669
v -0.522900 -0.410762 0.540955
v -0.313315 -0.410762 0.473014
v -0.441203 -0.410762 0.528249
v -0.444080 -0.410762 0.523191
v -0.439991 -0.423230 0.528437
v -0.502854 -0.423230 0.554141
v -0.503219 -0.423230 0.544928
v -0.504127 -0.411835 0.544376
v -0.505549 -0.411835 0.543892
v -0.509648 -0.423230 0.543191
v -0.467494 -0.410762 0.523309
v -0.507144 -0.410762 0.542547
v 0.289754 -0.410762 0.433311
v 0.339474 -0.410762 0.433332
v -0.202862 -0.423230 0.510089
v 0.322819 -0.411835 0.434357
v 0.315328 -0.423230 0.436815
v 0.177795 -0.411835 0.434841
v -0.279348 -0.410762 0.485696
v -0.283352 -0.423230 0.495720
v -0.283352 -0.411835 0.495720
v -0.296432 -0.410762 0.482583
v 0.346674 -0.423230 0.436657
v 0.330985 -0.411835 0.433466
v 0.346674 -0.411835 0.436657
v 0.132981 -0.410762 0.446954
v -0.164834 -0.410762 0.481920
v -0.256845 -0.410762 0.509394
v 0.453193 -0.410762 0.469152
v 0.372008 -0.410762 0.432897
v 0.452688 -0.423230 0.506786
v 0.452023 -0.411835 0.481045
v 0.379390 -0.411835 0.470491
v 0.373299 -0.411835 0.444777
v 0.363105 -0.423230 0.451320
v 0.454163 -0.410762 0.555330
v 0.490678 -0.410762 0.540334
v 0.453057 -0.423230 0.580114
v 0.452927 -0.411835 0.554370
v 0.452743 -0.423230 0.517706
v -0.514933 -0.423230 0.542948
v -0.517989 -0.411835 0.542964
v -0.520544 -0.410762 0.541727
v -0.449142 -0.423230 0.546843
v -0.471687 -0.423230 0.557877
v -0.442261 -0.411835 0.546917
v -0.443498 -0.410762 0.546924
v -0.503219 -0.411835 0.544928
v -0.507414 -0.411835 0.543492
v -0.512178 -0.423230 0.543004
v -0.501669 -0.410762 0.545335
v -0.502854 -0.411835 0.554141
v -0.502898 -0.411835 0.545532
v -0.509483 -0.410762 0.542232
v -0.505138 -0.410762 0.542978
v 0.322495 -0.410762 0.433417
v 0.176560 -0.410762 0.433881
v -0.163993 -0.423230 0.482632
v -0.255610 -0.423230 0.510355
v 0.315328 -0.411835 0.436815
v 0.308727 -0.423230 0.440645
v 0.288528 -0.411835 0.434283
v 0.177850 -0.423230 0.445761
v 0.131875 -0.423230 0.471738
v -0.272715 -0.423230 0.510633
v 0.353314 -0.423230 0.440421
v 0.347275 -0.410762 0.435805
v -0.037943 -0.410762 0.471627
v 0.131745 -0.423230 0.445993
v -0.148049 -0.410762 0.472181
v -0.178797 -0.410762 0.494635
v -0.202862 -0.411835 0.510089
v 0.453258 -0.410762 0.482005
v 0.378155 -0.410762 0.469530
v 0.372073 -0.410762 0.445749
v 0.372015 -0.410762 0.434116
v 0.354147 -0.410762 0.439700
v 0.339475 -0.423230 0.496863
v 0.451968 -0.411835 0.470125
v 0.379445 -0.423230 0.481410
v 0.365898 -0.423230 0.472800
v 0.365823 -0.423230 0.458070
v 0.358863 -0.423230 0.445372
v 0.454098 -0.410762 0.542478
v 0.491953 -0.423230 0.549130
v 0.490722 -0.410762 0.549089
v 0.178534 -0.423230 0.581497
v 0.452872 -0.411835 0.543450
v 0.178404 -0.423230 0.555753
v 0.178349 -0.423230 0.544833
v -0.517910 -0.410762 0.541997
v -0.472977 -0.410762 0.545997
v -0.442261 -0.423230 0.546917
v -0.471742 -0.411835 0.546957
v -0.498878 -0.423230 0.585232
v -0.447916 -0.410762 0.545870
v -0.503494 -0.410762 0.543537
v -0.509648 -0.411835 0.543191
v -0.512178 -0.411835 0.543004
v -0.501624 -0.410762 0.554089
v -0.502208 -0.410762 0.544319
v -0.498878 -0.411835 0.585232
v -0.512102 -0.410762 0.542039
v 0.314719 -0.410762 0.435969
v 0.133101 -0.410762 0.470765
v -0.147439 -0.423230 0.473028
v -0.177781 -0.423230 0.495188
v -0.255610 -0.411835 0.510355
v 0.308727 -0.411835 0.440645
v 0.288583 -0.423230 0.445203
v 0.288583 -0.411835 0.445203
v 0.177850 -0.411835 0.445761
v 0.131930 -0.423230 0.482657
v -0.282342 -0.410762 0.495157
v -0.272715 -0.411835 0.510633
v 0.353314 -0.411835 0.440421
v -0.087367 -0.410762 0.465715
v -0.036708 -0.423230 0.472587
v -0.271580 -0.410762 0.510245
v -0.128980 -0.410762 0.465924
v -0.147439 -0.411835 0.473028
v -0.189406 -0.410762 0.509831
v -0.163993 -0.411835 0.482632
v -0.202807 -0.411835 0.521009
v 0.453913 -0.410762 0.505814
v 0.452743 -0.411835 0.517706
v 0.331309 -0.423230 0.497754
v 0.346965 -0.423230 0.494405
v 0.379445 -0.411835 0.481410
v 0.363247 -0.423230 0.479578
v 0.366803 -0.423230 0.465430
v 0.353567 -0.423230 0.490575
v 0.365823 -0.411835 0.458070
v 0.363105 -0.411835 0.451320
v 0.453978 -0.410762 0.518666
v 0.454283 -0.410762 0.579141
v 0.491953 -0.411835 0.549130
v 0.453112 -0.423230 0.591034
v 0.178534 -0.411835 0.581497
v 0.178349 -0.411835 0.544833
v 0.178404 -0.411835 0.555753
v 0.178219 -0.423230 0.519089
v -0.514933 -0.411835 0.542948
v -0.514918 -0.410762 0.541982
v -0.449087 -0.423230 0.557763
v -0.449142 -0.411835 0.546843
v -0.471687 -0.411835 0.557877
v -0.439805 -0.423230 0.565374
v -0.441015 -0.410762 0.565574
v -0.447852 -0.410762 0.558723
v 0.307886 -0.410762 0.439933
v 0.133165 -0.410762 0.483618
v -0.128656 -0.423230 0.466864
v -0.202807 -0.423230 0.521009
v -0.177781 -0.411835 0.495188
v -0.255555 -0.423230 0.521274
v -0.265898 -0.423230 0.527560
v 0.303228 -0.411835 0.445653
v 0.177979 -0.423230 0.471505
v 0.176624 -0.410762 0.446734
v 0.132060 -0.423230 0.508402
v 0.131930 -0.411835 0.482657
v -0.265898 -0.411835 0.527560
v 0.358863 -0.411835 0.445372
v 0.131875 -0.411835 0.471738
v -0.108185 -0.410762 0.463656
v -0.068237 -0.410762 0.471779
v -0.068838 -0.423230 0.472632
v -0.264688 -0.410762 0.527360
v -0.201572 -0.410762 0.521969
v -0.256780 -0.410762 0.522247
v 0.339799 -0.410762 0.497803
v 0.378219 -0.410762 0.482383
v 0.367110 -0.410762 0.472989
v 0.359873 -0.410762 0.444809
v 0.452688 -0.411835 0.506786
v 0.178164 -0.423230 0.508169
v 0.339475 -0.411835 0.496863
v 0.346965 -0.411835 0.494405
v 0.359066 -0.423230 0.485568
v 0.365898 -0.411835 0.472800
v 0.366803 -0.411835 0.465430
v 0.177114 -0.410762 0.543873
v 0.177178 -0.410762 0.556726
v 0.177298 -0.410762 0.580537
v 0.488289 -0.411835 0.580259
v 0.487075 -0.410762 0.580078
v 0.454347 -0.410762 0.591994
v 0.438270 -0.423230 0.616854
v 0.453112 -0.411835 0.591034
v 0.453057 -0.411835 0.580114
v 0.178589 -0.423230 0.592417
v 0.132614 -0.423230 0.618393
v 0.132429 -0.423230 0.581729
v -0.465955 -0.423230 0.584744
v -0.449087 -0.411835 0.557763
v -0.487855 -0.411835 0.613747
v -0.472912 -0.410762 0.558849
v -0.439805 -0.411835 0.565374
v -0.497666 -0.410762 0.585039
v 0.289818 -0.410762 0.446164
v -0.108180 -0.423230 0.464630
v -0.188267 -0.423230 0.510208
v -0.188267 -0.411835 0.510208
v -0.255555 -0.411835 0.521274
v 0.302212 -0.410762 0.445100
v 0.303228 -0.423230 0.445653
v -0.007156 -0.423230 0.509103
v -0.036653 -0.423230 0.483507
v -0.036708 -0.411835 0.472587
v -0.108180 -0.411835 0.464630
v -0.087682 -0.411835 0.466658
v -0.051355 -0.410762 0.481348
v -0.052188 -0.423230 0.482069
v -0.087682 -0.423230 0.466658
v -0.128656 -0.411835 0.466864
v -0.196126 -0.410762 0.527014
v 0.331314 -0.410762 0.498729
v 0.347575 -0.410762 0.495252
v 0.368040 -0.410762 0.465424
v 0.364386 -0.410762 0.479954
v 0.364240 -0.410762 0.450932
v 0.178164 -0.411835 0.508169
v 0.178219 -0.411835 0.519089
v 0.323134 -0.423230 0.496945
v 0.331309 -0.411835 0.497754
v 0.353567 -0.411835 0.490575
v 0.363247 -0.411835 0.479578
v 0.360081 -0.410762 0.486120
v 0.359066 -0.411835 0.485568
v 0.367034 -0.410762 0.457870
v 0.176994 -0.410762 0.520062
v 0.488289 -0.423230 0.580259
v 0.439495 -0.410762 0.615881
v 0.178718 -0.423230 0.618161
v 0.178589 -0.411835 0.592417
v 0.132669 -0.423230 0.629313
v 0.132484 -0.423230 0.592649
v 0.132300 -0.423230 0.555985
v -0.487855 -0.423230 0.613747
v -0.432987 -0.423230 0.582301
v -0.437068 -0.423230 0.584598
v -0.434122 -0.410762 0.582688
v -0.467190 -0.410762 0.583784
v 0.133285 -0.410762 0.507429
v -0.037878 -0.410762 0.484479
v -0.194913 -0.423230 0.527202
v -0.263441 -0.423230 0.546017
v -0.263441 -0.411835 0.546017
v 0.299046 -0.411835 0.451643
v 0.297908 -0.410762 0.451266
v 0.299046 -0.423230 0.451643
v 0.132115 -0.423230 0.519321
v -0.007156 -0.411835 0.509103
v -0.036653 -0.411835 0.483507
v -0.068838 -0.411835 0.472632
v -0.052188 -0.411835 0.482069
v -0.262205 -0.410762 0.546010
v -0.252442 -0.410762 0.546037
v 0.176929 -0.410762 0.507209
v 0.354407 -0.410762 0.491287
v 0.315619 -0.423230 0.494563
v 0.323134 -0.411835 0.496945
v 0.133655 -0.410762 0.580757
v 0.133839 -0.410762 0.617421
v 0.477554 -0.411835 0.608883
v 0.476409 -0.410762 0.608520
v 0.439560 -0.410762 0.628734
v 0.177483 -0.410762 0.617201
v 0.177363 -0.410762 0.593390
v 0.438325 -0.423230 0.627773
v 0.178718 -0.411835 0.618161
v 0.132799 -0.423230 0.655057
v 0.132669 -0.411835 0.629313
v -0.050040 -0.423230 0.619314
v 0.133719 -0.410762 0.593609
v 0.132484 -0.411835 0.592649
v -0.014129 -0.423230 0.582468
v -0.465900 -0.423230 0.595664
v -0.470661 -0.411835 0.638871
v -0.486713 -0.410762 0.613372
v -0.432987 -0.411835 0.582301
v -0.465955 -0.411835 0.584744
v -0.435842 -0.410762 0.583626
v 0.176744 -0.410762 0.470545
v -0.008392 -0.410762 0.508143
v -0.194913 -0.411835 0.527202
v -0.251207 -0.423230 0.546997
v 0.280926 -0.423230 0.470987
v 0.178034 -0.423230 0.482425
v 0.132115 -0.411835 0.519321
v 0.132060 -0.411835 0.508402
v -0.007101 -0.423230 0.520023
v -0.027638 -0.423230 0.509399
v -0.037264 -0.410762 0.493922
v -0.038274 -0.423230 0.494485
v -0.038274 -0.411835 0.494485
v -0.211664 -0.410762 0.545832
v 0.322819 -0.410762 0.497888
v 0.308979 -0.423230 0.490800
v 0.315619 -0.411835 0.494563
v 0.133535 -0.410762 0.556946
v 0.133904 -0.410762 0.630273
v 0.477554 -0.423230 0.608883
v 0.438325 -0.411835 0.627773
v 0.438270 -0.411835 0.616854
v 0.178773 -0.423230 0.629081
v -0.141725 -0.423230 0.656440
v 0.132614 -0.411835 0.618393
v -0.049985 -0.423230 0.630233
v -0.050040 -0.411835 0.619314
v -0.014074 -0.423230 0.593388
v 0.132429 -0.411835 0.581729
v -0.014129 -0.411835 0.582468
v -0.002634 -0.423230 0.556665
v 0.132245 -0.423230 0.545066
v -0.437013 -0.423230 0.595518
v -0.470661 -0.423230 0.638871
v -0.467125 -0.410762 0.596636
v -0.422351 -0.423230 0.597214
v -0.437068 -0.411835 0.584598
v -0.423361 -0.410762 0.597777
v -0.435777 -0.410762 0.596479
v 0.133350 -0.410762 0.520282
v -0.026503 -0.410762 0.509011
v -0.212889 -0.423230 0.546804
v -0.197184 -0.411835 0.545683
v -0.265712 -0.423230 0.564497
v 0.296396 -0.411835 0.458420
v 0.295183 -0.410762 0.458232
v 0.296396 -0.423230 0.458420
v 0.177979 -0.411835 0.471505
v -0.007101 -0.411835 0.520023
v -0.020821 -0.423230 0.526325
v -0.028099 -0.410762 0.506773
v -0.264500 -0.410762 0.564685
v -0.265712 -0.411835 0.564497
v -0.198420 -0.410762 0.545689
v -0.212889 -0.411835 0.546804
v 0.315018 -0.410762 0.495416
v 0.303431 -0.423230 0.485848
v 0.308979 -0.411835 0.490800
v -0.015364 -0.410762 0.581508
v -0.051276 -0.410762 0.618353
v 0.460614 -0.411835 0.634180
v 0.459586 -0.410762 0.633642
v 0.380898 -0.410762 0.680935
v 0.177548 -0.410762 0.630054
v 0.134024 -0.410762 0.654085
v 0.381234 -0.423230 0.681873
v 0.132854 -0.423230 0.665977
v 0.178773 -0.411835 0.629081
v -0.141725 -0.411835 0.656440
v -0.049985 -0.411835 0.630233
v -0.014074 -0.411835 0.593388
v -0.037766 -0.423230 0.595276
v 0.132300 -0.411835 0.555985
v -0.465770 -0.423230 0.621408
v -0.437013 -0.411835 0.595518
v -0.465900 -0.411835 0.595664
v -0.465715 -0.423230 0.632328
v -0.448171 -0.411835 0.659791
v -0.469637 -0.410762 0.638323
v -0.467005 -0.410762 0.620448
v -0.422351 -0.411835 0.597214
v 0.176809 -0.410762 0.483398
v -0.019610 -0.410762 0.526125
v -0.212834 -0.423230 0.557724
v -0.251207 -0.411835 0.546997
v -0.197184 -0.423230 0.545683
v -0.251152 -0.423230 0.557917
v 0.282151 -0.410762 0.470014
v 0.295490 -0.423230 0.465790
v 0.280926 -0.411835 0.470987
v 0.178034 -0.411835 0.482425
v -0.002689 -0.423230 0.545745
v -0.008327 -0.410762 0.520995
v -0.018364 -0.423230 0.544782
v -0.020821 -0.411835 0.526325
v -0.027638 -0.411835 0.509399
v -0.252377 -0.410762 0.558890
v -0.211599 -0.410762 0.558684
v -0.212834 -0.411835 0.557724
v 0.308146 -0.410762 0.491520
v 0.133470 -0.410762 0.544093
v 0.299189 -0.423230 0.479901
v 0.303431 -0.411835 0.485848
v -0.003859 -0.410762 0.557638
v -0.015299 -0.410762 0.594360
v -0.051211 -0.410762 0.631206
v 0.460614 -0.423230 0.634180
v 0.410959 -0.410762 0.670659
v 0.393888 -0.410762 0.665629
v 0.393823 -0.410762 0.652776
v 0.134089 -0.410762 0.666937
v 0.411587 -0.423230 0.671498
v 0.392653 -0.423230 0.664668
v 0.392598 -0.423230 0.653749
v 0.132854 -0.411835 0.665977
v 0.178903 -0.423230 0.654825
v -0.142960 -0.410762 0.655480
v 0.132799 -0.411835 0.655057
v -0.141670 -0.423230 0.667360
v -0.051554 -0.423230 0.607833
v -0.027281 -0.423230 0.580257
v -0.002634 -0.411835 0.556665
v 0.132245 -0.411835 0.545066
v 0.280981 -0.423230 0.481907
v -0.448171 -0.423230 0.659791
v -0.466940 -0.410762 0.633300
v -0.408437 -0.423230 0.609630
v -0.408437 -0.411835 0.609630
v -0.194727 -0.423230 0.564139
v -0.195938 -0.410762 0.564340
v -0.272358 -0.423230 0.581491
v 0.295490 -0.411835 0.465790
v 0.294254 -0.410762 0.465796
v 0.280981 -0.411835 0.481907
v -0.002689 -0.411835 0.545745
v -0.018364 -0.411835 0.544782
v -0.271220 -0.410762 0.581868
v -0.272358 -0.411835 0.581491
v 0.302420 -0.410762 0.486411
v 0.299189 -0.411835 0.479901
v -0.036751 -0.410762 0.595829
v 0.438336 -0.411835 0.655325
v 0.437478 -0.410762 0.654626
v 0.411587 -0.411835 0.671498
v 0.348055 -0.410762 0.684663
v 0.177668 -0.410762 0.653865
v 0.381234 -0.411835 0.681873
v 0.348144 -0.423230 0.685629
v 0.178958 -0.423230 0.665745
v -0.141670 -0.411835 0.667360
v -0.191007 -0.423230 0.667609
v -0.068108 -0.423230 0.617437
v -0.037766 -0.411835 0.595276
v -0.027281 -0.411835 0.580257
v -0.020635 -0.423230 0.563262
v -0.465770 -0.411835 0.621408
v -0.399900 -0.423230 0.631996
v -0.421260 -0.411835 0.675693
v -0.447319 -0.410762 0.659084
v -0.409270 -0.410762 0.610351
v -0.003924 -0.410762 0.544785
v -0.017127 -0.410762 0.544776
v -0.251152 -0.411835 0.557917
v -0.194727 -0.411835 0.564139
v -0.282844 -0.423230 0.596511
v 0.282216 -0.410762 0.482867
v 0.296470 -0.423230 0.473150
v -0.281828 -0.410762 0.597064
v -0.261705 -0.410762 0.582749
v 0.298054 -0.410762 0.480288
v 0.296470 -0.411835 0.473150
v -0.026142 -0.410762 0.580633
v -0.050714 -0.410762 0.608545
v 0.438336 -0.423230 0.655325
v 0.177733 -0.410762 0.666718
v 0.348144 -0.411835 0.685629
v 0.392653 -0.411835 0.664668
v 0.392598 -0.411835 0.653749
v -0.142895 -0.410762 0.668333
v 0.178903 -0.411835 0.654825
v -0.357678 -0.423230 0.689185
v -0.107368 -0.423230 0.625834
v -0.086892 -0.423230 0.623600
v -0.051554 -0.411835 0.607833
v -0.020635 -0.411835 0.563262
v -0.465715 -0.411835 0.632328
v -0.399955 -0.423230 0.621076
v -0.372943 -0.423230 0.625041
v -0.399900 -0.411835 0.631996
v -0.421260 -0.423230 0.675693
v -0.420641 -0.410762 0.674849
v -0.398665 -0.410762 0.632956
v -0.399955 -0.411835 0.621076
v -0.391787 -0.423230 0.619067
v -0.391787 -0.411835 0.619067
v -0.398730 -0.410762 0.620104
v -0.260470 -0.423230 0.583709
v -0.187910 -0.423230 0.581066
v -0.189045 -0.410762 0.581454
v 0.295260 -0.410762 0.473351
v -0.282844 -0.411835 0.596511
v -0.198383 -0.410762 0.582430
v -0.019422 -0.410762 0.563450
v -0.067499 -0.410762 0.618283
v -0.357599 -0.410762 0.688218
v -0.357678 -0.411835 0.689185
v 0.178958 -0.411835 0.665745
v -0.189772 -0.410762 0.668569
v -0.393204 -0.423230 0.668627
v -0.127865 -0.423230 0.623806
v -0.068108 -0.411835 0.617437
v -0.390804 -0.411835 0.685763
v -0.390477 -0.410762 0.684821
v -0.373258 -0.410762 0.625984
v -0.392388 -0.410762 0.619920
v -0.199608 -0.423230 0.583402
v -0.187910 -0.411835 0.581066
v -0.296632 -0.423230 0.609067
v -0.295791 -0.410762 0.609780
v -0.296632 -0.411835 0.609067
v -0.199608 -0.411835 0.583402
v -0.086567 -0.410762 0.624540
v -0.128180 -0.410762 0.624750
v -0.390804 -0.423230 0.685763
v -0.191007 -0.411835 0.667609
v -0.146710 -0.423230 0.617833
v -0.127865 -0.411835 0.623806
v -0.086892 -0.411835 0.623600
v -0.393259 -0.423230 0.657708
v -0.394429 -0.410762 0.669600
v -0.394494 -0.410762 0.656747
v -0.372943 -0.411835 0.625041
v -0.260470 -0.411835 0.583709
v -0.177273 -0.423230 0.595979
v -0.199553 -0.423230 0.594322
v -0.178284 -0.410762 0.596542
v -0.198318 -0.410762 0.595282
v -0.295173 -0.423230 0.620549
v -0.296408 -0.410762 0.619588
v -0.199553 -0.411835 0.594322
v -0.107363 -0.410762 0.626809
v -0.147311 -0.410762 0.618685
v -0.393204 -0.411835 0.668627
v -0.191062 -0.423230 0.656689
v -0.146710 -0.411835 0.617833
v -0.107368 -0.411835 0.625834
v -0.352445 -0.423230 0.627069
v -0.352440 -0.410762 0.628044
v -0.260415 -0.423230 0.594629
v -0.177273 -0.411835 0.595979
v -0.313186 -0.423230 0.618671
v -0.312576 -0.410762 0.619518
v -0.261640 -0.410762 0.595601
v -0.189836 -0.410762 0.655716
v -0.393259 -0.411835 0.657708
v -0.191062 -0.411835 0.656689
v -0.191705 -0.423230 0.630947
v -0.163360 -0.411835 0.608396
v -0.331969 -0.423230 0.624835
v -0.331645 -0.410762 0.625775
v -0.352445 -0.411835 0.627069
v -0.260415 -0.411835 0.594629
v -0.163360 -0.423230 0.608396
v -0.313186 -0.411835 0.618671
v -0.190470 -0.410762 0.631908
v -0.164193 -0.410762 0.609117
v -0.331969 -0.411835 0.624835
v -0.191760 -0.423230 0.620028
v -0.190535 -0.410762 0.619055
v -0.295118 -0.423230 0.631468
v -0.296343 -0.410762 0.632441
v -0.295173 -0.411835 0.620549
v -0.191760 -0.411835 0.620028
v -0.191705 -0.411835 0.630947
v -0.295118 -0.411835 0.631468
vn -0.005037757643250157 0 -0.9999873104184511
vn -0.004703061909110457 0.3586369751860876 -0.9334652651481214
vn -0.9102049255813938 0.414132799492891 0.004584520863777714
vn -0.9999873142653323 0 0.005036993985275779
vn 0 -1 0
vn 0.9999873175170565 0 -0.005036348383673126
vn 0.9102066756469596 0.41412895428575675 -0.004584411619451097
vn 0.24947344350733913 0.9255179453421511 -0.2849202236315167
vn -0.25232998320691197 0.9255182801248091 -0.28239244453351575
vn -0.24947030636547562 0.9255204142699714 0.2849149504877836
vn 0.004702521151974225 0.35864380228672005 0.9334626448745227
vn 0.005037757643250157 0 0.9999873104184511
vn 0.004702412440371628 0.3586389736045313 0.9334645006260972
vn 0.25233112099744365 0.9255194433840783 0.2823876153343119
vn 0.2523202724835645 0.9255220466250254 0.2823887768747977
vn 0.910199344706291 0.4141450206513419 -0.0045885472578959564
vn 0.9999872891107292 0 -0.005041985419924516
vn -0.25232954609447944 0.925520431020756 -0.28238578563891614
vn -0.24947121186025456 0.9255191292455162 0.2849183319016132
vn -0.9102048110101502 0.41413304285573177 0.004585283963890251
vn -0.9999873104184511 0 0.005037757643250157
vn 0.24946186843164395 0.9255220812400182 -0.28491692356850007
vn 0.2523252008430942 0.9255208206461141 0.2823883913514075
vn 0.004702526211548639 0.35864118816007295 0.933463649213166
vn 0.9102029463534704 0.41413713141877784 -0.004586156308606123
vn 0.9999873033178615 0 -0.00503916690248443
vn -0.0047031739939545885 0.35864006112016145 -0.933464078962929
vn 0.9102025562558291 0.4141380044118122 -0.004584745048101353
vn 0.9999873142653323 0 -0.005036993985275779
vn 0.25232581312149494 0.9255194982873374 0.2823921782247722
vn -0.2523288461950569 0.9255194669195985 -0.2823895708604226
vn -0.24946542239956226 0.9255213958923244 0.28491603811040755
vn 0.004702300355718789 0.35863588767005744 0.9334656868072198
vn 0.24946765789640568 0.925519814612384 -0.284919217364397
vn 0.24946832097464422 0.9255198651804567 -0.28491847252581093
vn 0.2523213810875539 0.925523695837331 0.282382380983087
vn 0.004702747007708711 0.3586491027648182 0.9334606072334131
vn -0.9102016877809573 0.41413990475508017 0.004585504350640161
vn -0.004702412440371749 0.3586389736045309 -0.9334645006260973
vn 0.9102021793061339 0.4141388329010196 -0.004584743149383055
vn 0.25232444257509395 0.9255208284875863 0.28238904319187025
vn -0.24947055262342743 0.9255186812838141 0.2849203642571577
vn -0.24945849653745736 0.9255250909004513 0.28491009918741556
vn -0.2523236843068289 0.9255208363281332 -0.28238969503206135
vn -0.00470263492310435 0.35864601683968583 -0.9334617934494199
vn 0.9102007930028256 0.41414189410103214 -0.004583444931144624
vn 0.9999873246136772 0 -0.0050349391237533465
vn -0.9102034641689632 0.414135970556383 0.004588213829130467
vn -0.9999872923656576 0 0.005041339821961683
vn -0.9102043194916324 0.41413411471226663 0.004586045165659481
vn -0.9999873033178615 0 0.00503916690248443
vn 0.004702410753901936 0.358639844982085 0.9334641658490848
vn 0.24946675240056443 0.9255210996355911 -0.2849158359516749
vn -0.2523284374893326 0.9255187817909253 -0.2823921815249736
vn 0.2523240930075554 0.9255215214528549 0.28238708436383414
vn 0.24945717038154722 0.9255249897627682 -0.2849115888654927
vn -0.24946874932130705 0.9255204565521321 0.2849161764723012
vn -0.9101980598173333 0.41414788298087557 0.004585076577480401
vn 0.9101961950934103 0.41415197151524963 -0.004585948921480014
vn 0.9983826397048513 0 0.056851602756412344
vn 0.9999873104184511 0 -0.005037757643250157
vn -0.004702189957424913 0.35863193035063734 -0.9334672077489279
vn 0.004702522838501918 0.3586429309121086 0.9334629796546439
vn 0.9102020647314899 0.4141390762666167 -0.004585506249678826
vn 0.9102034510233282 0.4141360150602634 -0.0045868044681238295
vn 0.9999872962152877 0 -0.005040576161375781
vn -0.0047031723072062485 0.35864093249714774 -0.9334637441849711
vn 0.2523261634614295 0.92552115536401 0.2823864341757654
vn -0.24946898405270676 0.9255199157476119 0.2849177276868596
vn -0.2523197177865519 0.9255200469645904 -0.28239582624886156
vn -0.25232770840186824 0.9255183036491852 -0.28239440005601457
vn -0.004702841112586278 0.3586290605417904 -0.9334683070251408
vn -0.9080491661251407 0.4144520648723217 0.060631656933531675
vn -0.9102053156748797 0.4141319264965591 0.004585932123491716
vn 0.9085882839317452 0.4144738806866645 0.051756473319800045
vn 0.2494659072305938 0.9255187246901507 -0.28492429060635316
vn 0.004702638296261179 0.3586442740916601 0.9334624630130129
vn -0.910203942544647 0.41413494320491645 0.004586043266420088
vn 0.24946921878365208 0.9255193749400065 -0.28491927890217245
vn -0.2523267465607681 0.9255203189875743 -0.28238865435990285
vn 0.24946723338906648 0.9255188258344955 -0.28492280093236094
vn -0.24946053842735708 0.9255223774905752 0.28491712572558064
vn -0.9101984367736053 0.41414705449906386 0.004585078476378509
vn -0.9999873175170565 0 0.005036348383673126
vn -0.9977795080612886 0 0.06660370329773854
vn 0.46308245283114435 0.8859221604967737 0.026392563737146657
vn 0.8841370142701082 0.4134899852208345 0.21754947051099147
vn 0.004702524525026723 0.35864205953655964 0.9334633144341916
vn 0.004701875056081285 0.35864405795114634 0.9334625499007938
vn -0.004702414126838553 0.35863810222603965 -0.9334648354025366
vn 0.18537559860724098 0.9605186591345606 0.20746034053609616
vn -0.18327684488927642 0.9605183453044861 0.20931819429032955
vn 0.2523210307525352 0.9255220387863157 0.2823881250350302
vn -0.25232030088013524 0.9255192105713782 -0.28239804642931055
vn 0.25232292603829803 0.9255208441677547 0.28239034687198167
vn -0.46282978751771475 0.8859078324464957 0.030917635683521773
vn -0.24946808240024224 0.925520803377291 0.2849156337925314
vn -0.004702729027638684 0.3586259745963711 -0.9334694931729133
vn 0.9102011699547887 0.41414106561423775 -0.004583446829339591
vn -0.8821337900255358 0.4134849867000489 0.22554410271351466
vn 0.00943181763532061 0.8441820376344802 0.5359736263580431
vn 0.4521061391940391 0.8849717863465973 0.11146737762041764
vn 0.9711098777217104 0 0.23863278356362663
vn 0.05829375346992413 0 0.9982994732575932
vn 0.01642930031668315 0.35867302981093097 0.9333186678607427
vn 0.017604797560052586 0 0.9998450235425836
vn 0.05271628096212906 0.35897905486959386 0.9318556926297412
vn 0.056483308049318615 0 0.9984035436194153
vn -0.9102030477782047 0.4141369325565636 0.004583983846779111
vn 0.9101999376710859 0.414143749936559 -0.004585613594311378
vn -0.9689100021457596 0 0.24741343484520842
vn -0.9999873213628572 0 0.005035584726513084
vn -0.9102039293963274 0.4141349877074383 0.004584633905259534
vn -0.25232732965880644 0.9255194826053187 -0.28239087454314
vn 0.2494631984346063 0.9255217849878943 -0.2849167214110085
vn -0.24945717423155872 0.9255245923759211 0.28491287638818796
vn -0.9101966866341568 0.4141508996655372 0.004585187720096537
vn 0.004702636609684148 0.358645145466142 0.9334621282315031
vn 0.031166485583684022 0.8448058327563402 0.5341645393670649
vn 0.030253149336064242 0.8444242743328029 0.5348199621113344
vn 0.8104812883863597 0.40614608337347347 0.4220964820227406
vn 0.4213581634284559 0.8798419406335469 0.21985326382474468
vn 0.05437843904060405 0.35946783595527293 0.9315717150499687
vn 0.10502290084933674 0.3596619582921632 0.9271534209906344
vn 0.1125664994895203 0 0.993644193457938
vn -0.8069154890156204 0.40619405077080684 0.42882838840856313
vn -0.8832860657383902 0 0.46883443353959836
vn 0.4090262931814191 0 0.9125225977948535
vn 0.5454397016478638 0.38298111533286544 0.7455340348801546
vn 0.5909145421443718 0 0.8067341593624925
vn -0.9102061972814569 0.4141299816414112 0.0045865821821623656
vn 0.9102025825509439 0.414137915405299 -0.004587563770200208
vn 0.999987299469312 0 -0.00503993056225601
vn -0.45108050461941235 0.8849707377827666 0.11555592421214032
vn 0.18327854711445937 0.960517133036915 -0.2093222666372552
vn 0.2523259882926258 0.9255203268299761 0.2823893062010027
vn -0.25231665630728417 0.9255229143456348 -0.2823891640468428
vn 0.25232671737829915 0.9255208049603937 0.2823870876696681
vn 0.24946614195744427 0.9255181838727158 -0.2849258418217237
vn -0.2523265422091424 0.9255199764246926 -0.28238995969335423
vn 0.9102039293963274 0.4141349877074383 -0.004584633905259415
vn 0.06018691434685775 0.8449678739806556 0.5314196338883377
vn 0.11435892086126809 0.8485899083565377 0.516543516709763
vn 0.8871658739301973 0 0.4614506605626099
vn 0.21677657776409406 0 0.976221243024801
vn 0.16795336903039218 0.361144993406576 0.91726002832823
vn 0.18013794156481824 0 0.9836413584273437
vn -0.6930814352805441 0.39572783086418056 0.6025260226322109
vn 0.21126536551555455 0 0.9774287418188496
vn 0.379298623256399 0.3719601319519504 0.8472179262941077
vn 0.68984853016856 0.39492605613933535 0.6067474067571347
vn -0.249472538015907 0.9255192303751851 0.2849168422217735
vn 0.24946765405341523 0.9255202120066254 -0.2849179298469939
vn -0.0047023020421306004 0.35863501628956107 -0.9334660215811236
vn -0.41945403142157117 0.8798774494441555 0.22332485191719975
vn 0.18537832957387604 0.9605177742524157 0.20746199716956606
vn 0.0020356553318243635 0.9148043130309952 0.40389221949334336
vn 0.2494678926261552 0.9255192738028859 -0.2849207685796943
vn -0.24945982269266218 0.9255251920344654 0.2849086095078764
vn -0.9101985776500986 0.4141467221221377 0.004587134097268875
vn 0.004702855718926552 0.358653931423761 0.9334587514305959
vn 0.09596899766954582 0.8461449075764429 0.524241115202495
vn 0.6978630007506316 0.395632901868612 0.5970442522479763
vn 0.37126779371762075 0.8723049716073459 0.31818903478460353
vn 0.21650112557237164 0.8549985287513461 0.47127993640609156
vn 0.2016357081615308 0.3642979619386975 0.9091919687950994
vn 0.25483744946254866 0.36442595381611986 0.8956849884510929
vn 0.2737463896336018 0 0.9618019100431067
vn -0.7550785321867002 0 0.6556343571158992
vn 0.19653903792576544 0.364031962870744 0.9104137172624805
vn 0.29802572984946124 0.862951677310499 0.4080380704967276
vn 0.751283519130232 0 0.6599796011114999
vn 0.3675634293923816 0.871788193332566 0.32385563348389074
vn 0.004703061909110335 0.358636975186088 0.9334652651481213
vn -0.25233071229156484 0.9255187582610106 -0.2823902260019436
vn 0.11153086857104262 0.8483831413465818 0.5175006384872338
vn -0.9102030609275406 0.4141368880542588 0.004585393207826485
vn 0.9102053288212425 0.41413188199355117 -0.0045873414842951534
vn -0.24946253151026027 0.9255221318100947 0.28491617873014863
vn -0.2494676540534155 0.9255202120066252 0.2849179298469941
vn -0.25232712530615525 0.9255191400398489 -0.28239217987513465
vn -0.25231989296152474 0.9255208755169878 -0.28239295422894845
vn 0.2523210023306169 0.9255248747464132 0.28237885545576646
vn 0.24946898405270648 0.9255199157476122 -0.2849177276868594
vn -0.004702953197536051 0.3586321464847644 -0.9334671208665852
vn 0.9102007178706365 0.41414200395733386 -0.004588436115015589
vn 0.9999872923656576 0 -0.005041339821961683
vn 0.1446513458549971 0.8487305383458803 0.5086575089600571
vn 0.7602491534406304 0 0.6496316069071801
vn 0.41845909973431966 0 0.9082356422479482
vn 0.397703509646935 0.37316686344147726 0.8381995051559981
vn 0.42913023819308 0 0.903242624474925
vn -0.5490987089666204 0.3838631162733071 0.7423878472713141
vn -0.595120540364124 0 0.8036364491713359
vn -0.3686434209838326 0.8723748416382455 0.3210360787232223
vn -0.18735481039840754 0.36403790800963454 0.9123456453299623
vn -0.20140603490434175 0 0.9795078402463714
vn 0.004698229711484032 0.3610949548857021 0.932517217103079
vn 0.2119244789710787 0.8545592006855608 0.4741482761083207
vn 0.8057192087026968 0.4057460309004016 0.4314935864367748
vn 0.4192656274562545 0.8795497349807103 0.22496354666717736
vn 0.8817990617047594 0 0.47162529064566266
vn 0.0020344660840102614 0.9148057243320271 0.40388902891401773
vn 0.9102016746314775 0.41413994925771286 -0.004584094989547873
vn -0.3707429555652581 0.37196278761042484 0.8509955026507597
vn -0.39981159107394937 0 0.9165973443355142
vn 0.004703173993954466 0.3586400611201619 0.9334640789629289
vn -0.25232047683264014 0.9255223891877996 -0.28238747154053484
vn -0.10630871125796929 0.848387653924082 0.5185912133654618
vn 0.24946457338678443 0.9255194183445895 -0.2849232052537
vn -0.24946253535620763 0.9255217344178743 0.2849174662490574
vn -0.9101993184123439 0.41414510966025553 0.004585728535301765
vn 0.005036993985275779 0 0.9999873142653323
vn 0.22164915659733658 0.8554820714083746 0.4679979453785304
vn 0.5550521483545979 0.3837520031110776 0.7380050898978822
vn 0.3027930973392214 0.8635290881550985 0.4032788788341697
vn 0.3879436165873265 0.37253299452618654 0.8430414689316876
vn 0.6673262896981844 0.40255486860409956 0.6265981174890255
vn 0.7314112346911186 0 0.6819366581784657
vn -0.3807756787274822 0.372616120187349 0.8462665711619196
vn -0.41075691853690016 0 0.9117448951730251
vn -0.249471450432461 0.9255181910390061 0.28492117063323014
vn -0.910205214248499 0.41413212535512134 0.004588104586208712
vn -0.9999872962152877 0 0.005040576161375781
vn 0.8827003837276127 0.41344893576533803 0.22338310160268363
vn 0.2523237134866091 0.92552035035163 0.2823912617226736
vn -0.2994692120465964 0.8636115939558322 0.4055776199708971
vn -0.24947031405067321 0.9255196194870321 0.28491752552631394
vn -0.9101998230932201 0.4141439933041199 0.004586376694956123
vn 0.2523238886573514 0.9255211788912293 0.28238838969869406
vn -0.5379005911916481 0.38297883669824184 0.7509927860085852
vn -0.5827559633978435 0 0.8126472095099146
vn -0.187356396822424 0.36403303549577104 0.9123472637310056
vn 0.005040576161375781 0 0.9999872962152877
vn -0.20140740945735228 0 0.9795075576102914
vn -0.24947007163222873 0.9255209550705861 0.28491339927255177
vn -0.2523212343267613 0.9255200312955348 -0.28239452257175923
vn 0 1 0
vn -0.005036348383673126 0 -0.9999873175170565
vn -0.004702191643778601 0.35863105896719916 -0.9334675425197226
vn 0.9102030872207739 0.4141367990472073 -0.004588211928984981
vn 0.3495139935580323 0.8763131629079466 0.3315346268813959
vn 0.6015313656887015 0 0.7988491823195951
vn 0.8818193355937723 0.4194599838805726 0.21551793729494487
vn -0.1932989717360815 0.36435304540822994 0.9109787954873164
vn -0.20784061140631202 0 0.9781627064298916
vn -0.212455620654435 0.8550621295769799 0.47300249874141137
vn -0.20713593795098478 0.8545611291165052 0.47625621236083576
vn 0.45144349028844927 0.884924554232642 0.11448715383108624
vn -0.2523299540244192 0.9255187661052406 -0.2823908778432248
vn -0.00503916690248443 0 -0.9999873033178615
vn -0.0047038251498335345 0.35863719132259175 -0.9334651782628007
vn 0.9695202629018976 0 0.24501114224180684
vn -0.3922431500389188 0.37339490556283944 0.840667327631605
vn -0.26645694994583385 0 0.9638468207270091
vn -0.42328865351317 0 0.9059948762586948
vn -0.24802979441770306 0.36454394076270824 0.8975460636281055
vn -0.17189740533257591 0 0.9851148572831129
vn 0.24946543008845887 0.925520601106723 -0.28491861314738764
vn -0.09156066514225913 0.8461949303475825 0.5249483636061332
vn -0.24946343316362887 0.9255212441849295 0.2849182726267229
vn -0.10631140616591568 0.8483832988625823 0.5185977855044003
vn -0.0047025245250268445 0.3586420595365592 -0.9334633144341918
vn 0.19653833498498016 0.3640348637892826 0.9104127090650976
vn 0.21126404150007286 0 0.9774290279959233
vn 0.24946608932248962 0.9255210490683508 -0.2849165807908747
vn -0.6836976177947878 0.39492876606046046 0.6136683445964071
vn -0.29390078088137916 0.862949882282857 0.41102290893004806
vn 0.004699751090985542 0.3610979985083043 0.9325160308611211
vn -0.37074462034764033 0.371960043377053 0.8509959768496118
vn -0.2523292249388292 0.9255182879671932 -0.28239309637462007
vn -0.9102043063433883 0.4141341592147363 0.004584635803915671
vn 0.29802822601838574 0.8629487043430376 0.4080425347546584
vn 0.25232196418926744 0.9255228594746354 0.28238460116933434
vn -0.2494685633882206 0.9255185295770985 0.28492259877107473
vn -0.9102025694042928 0.4141379599089625 0.00458615440930691
vn 0.0047021882710682125 0.35863280173313816 0.9334668729775594
vn -0.25231703505573955 0.9255217354026288 -0.2823926895618704
vn 0.44642196496623365 0.888038075468587 0.10998093341000068
vn 0.9716997547595533 0 0.23621936118833284
vn -0.910196598347236 0.41415105402642255 0.004588769543532285
vn -0.04522398300012989 0.3594989819060574 0.9320489651140182
vn -0.04848546464325568 0 0.9988238882397275
vn -0.1096043920720332 0.8486319562610859 0.5175042802248139
vn 0.9092482760067997 0.4162290066084679 -0.004581117373585335
vn 0.46207336274305355 0.8868386497542299 -0.0023273902596419073
vn -0.6635796243542564 0.4027599051901281 0.6304336134067589
vn -0.7273756057205946 0 0.6862395559879931
vn -0.16026277458094856 0.36120815356117747 0.9186100984011338
vn -0.10356481340199353 0 0.9946227070728932
vn -0.4456247571118416 0.8879906117736972 0.11353963735536209
vn -0.9080821328830241 0.4144491485960027 0.06015599028082241
vn -0.9697603940274364 0 0.24405896454699458
vn -0.9978142583684032 0 0.0660810547487962
vn -0.8801089791320679 0.4193579511462693 0.22259176458600788
vn -0.055369694381966164 0.8449968804912547 0.5318970472789787
vn -0.14074769162389908 0.848823623222556 0.5095964520695528
vn 0.11153115755872753 0.8483858075178256 0.5174962052961715
vn 0.3792957324723909 0.3719601710635922 0.8472192033178755
vn 0.4090242850205413 0 0.9125234979239905
vn -0.7445955133955376 0 0.6675159334661875
vn -0.39981404137586385 0 0.9165962755317627
vn -0.20713688991339024 0.8545590038655975 0.4762596117132395
vn 0.2523244717555465 0.9255203425120041 0.28239060988238796
vn 0.21192797131467295 0.8545544650755634 0.47415525009627885
vn 0.3675614315935819 0.8717893392085029 0.32385481631014573
vn 0.004702633236521423 0.358646888212293 0.9334614586667636
vn -0.2523257839410262 0.9255199842661603 -0.28239061153394035
vn 0.25231855159548505 0.9255217197335553 0.28239138588526197
vn 0.2494687981168119 0.9255179887614352 -0.2849241499858187
vn 0.9101979978188088 0.4141479483282133 -0.00459147712217074
vn 0.9999872748956594 0 -0.005044803935993632
vn -0.24945831446267908 0.925522766574395 0.28491780902203495
vn 0.9984297396861042 0 0.05601834440911657
vn 0.4631090252215075 0.885919682308373 0.026006677162155167
vn -0.007656571060775453 0 0.9999706880301997
vn -0.025915141701758397 0.8448306471096657 0.5344058225121067
vn 0.2523286418423539 0.9255191243559973 0.28239087619344455
vn 0.00503916690248443 0 0.9999873033178615
vn 0.910204447211381 0.4141338268463347 -0.004586691425661612
vn -0.24947187877935068 0.9255187824170384 0.2849188745793858
vn -0.21849840788847225 0.8556572642531014 0.46915785390537895
vn -0.09662261230930576 0.35969813491110564 0.9280524352276641
vn -0.04378542390611866 0.35900291258657113 0.9323088251259452
vn -0.04691601143748747 0 0.998898837656145
vn -0.4628461171692204 0.8859077293756058 0.03067518303017415
vn -0.3473964147711662 0.876457694250416 0.33337312608154895
vn -0.8825694211864756 0.4135028716510028 0.2238003394165068
vn -0.02512580112502416 0.8444428334666008 0.5350560672721361
vn 0.21192156055690842 0.854559250092783 0.47414949146021973
vn -0.2494683209746445 0.9255198651804565 0.28491847252581115
vn 0.5454373805265844 0.382989853583007 0.7455312441318369
vn 0.5909161511158696 0 0.8067329808247627
vn -0.9101997967939034 0.41414408231031624 0.004583557972053872
vn -0.36427842156960905 0.8717902908484687 0.3275407155776153
vn -0.8013286481287095 0.4057549751844322 0.43958537032218875
vn -0.8770038267966234 0 0.48048338970673954
vn -0.5827551743957293 0 0.8126477753092068
vn -0.29390084981784187 0.8629504104879173 0.41102175065936025
vn -0.10631059996721935 0.8483839334281637 0.5185969126745424
vn -0.41696907232022484 0.8795553516489385 0.22917062663902493
vn 0.11153136972178149 0.8483818573174544 0.5175026354933565
vn 0.37929954501841423 0.3719538709281238 0.8472202624172822
vn 0.41925815544896455 0.8795539778106125 0.22496088372661688
vn 0.5454408312547143 0.38297699646627137 0.7455353242991506
vn -0.24945873511678682 0.9255241527239924 0.2849129379274816
vn -0.9101975419788417 0.41414904383809265 0.004583019056066952
vn -0.9999873246136772 0 0.0050349391237533465
vn -0.8804049733835498 0.413452868910034 0.2322580634371457
vn -0.8770033564375195 0 0.48048424823018404
vn -0.9670045595979773 0 0.25475906601477816
vn -0.8013305539090471 0.40574811392820304 0.43958822938691827
vn -0.7445915094422638 0 0.6675203997380836
vn -0.25231799767506174 0.9255220701356024 -0.28239073239247203
vn -0.24946362293623842 0.9255227737444166 0.2849131378367238
vn 0.9086346249769099 0.41446627078002135 0.05099832035246078
vn 0.004702634923104228 0.3586460168396863 0.9334617934494198
vn -0.007145521019231062 0.35869594616315026 0.9334271046715357
vn -0.004102455638195662 0.8441999182168706 0.5360127497927318
vn -0.9693944303235218 0 0.2455085303156182
vn 0.9670028507778569 0 -0.25476555219946434
vn 0.45025664716681274 0.8849303468746229 -0.11902618561669472
vn -0.25232899217911825 0.9255207814248733 -0.28238513214502386
vn 0.2980171661711836 0.8629586486438688 0.40802958152325774
vn -0.25232753322702195 0.9255174750913798 -0.2823972720761362
vn 0.5909153466303545 0 0.8067335700940726
vn 0.6898475873577885 0.39492695171564146 0.6067478957732195
vn 0.6898442075068226 0.39493887579371795 0.6067439771073778
vn 0.24946609316666898 0.9255206516757406 -0.28491786830922167
vn -0.9102030740750635 0.4141368435511399 0.004586802568561843
vn -0.999987299469312 0 0.00503993056225601
vn -0.8804017080887319 0.4134571654252786 0.23226279244196013
vn -0.6836968431688619 0.394922940712198 0.6136729565005797
vn 0.004702414126838431 0.35863810222604003 0.9334648354025363
vn 0.002685625248320136 0.8460650290361061 0.5330729350278051
vn -0.20713524135377365 0.854560934597463 0.4762568643591651
vn -0.4502562487211896 0.884930563772701 0.1190260802868502
vn -0.2523282339124438 0.925520789270972 -0.28238578398684316
vn 0.24946428601372733 0.9255228243107955 -0.28491239299726767
vn -0.11152630771732203 0.8483870293970353 -0.5174952473577079
vn 0.24945987534817107 0.9255223269186074 -0.28491787056350415
vn -0.4514418186376856 0.8849258791085141 -0.11448350479052773
vn -0.3642824579450294 0.8717863205903245 0.32754679370299433
vn -0.005035584726513084 0 -0.9999873213628572
vn -0.19653333802668058 0.3640368508370228 -0.9104129932490824
vn -0.2112605328898927 0 -0.977429786349423
vn -0.37930538931183977 0.3719631646645955 -0.8472135656206718
vn -0.4090338118554818 0 -0.9125192276105607
vn -0.8818014296173871 0 -0.4716208633263932
vn -0.8827011662981074 0.4134510424560492 -0.22337610997590376
vn -0.969522370516014 0 -0.24500280216562564
vn -0.9092482760067997 0.4162290066084679 0.004581117373585455
vn 0.2523208264031152 0.925521696223005 0.28238943036831393
vn 0.2494636755800372 0.9255199085840894 -0.2849223988748459
vn 0.25232175984082134 0.9255225169157815 0.28238590650510165
vn 0.8847784829559519 0.413503130248131 0.21490043595386565
vn 0.45240897744582964 0.8849881563716687 0.11010031883829306
vn -0.25232429579244164 0.9255171638600518 -0.28240118475901355
vn -0.9102007178706365 0.41414200395733386 0.004588436115015709
vn -0.9999872820041866 0 0.005043394678130469
vn 0.9102006915769776 0.41414209296559207 -0.004585617392511052
vn 0.9101998230932201 0.4141439933041199 -0.004586376694956002
vn -0.9102054039458858 0.4141317721371001 0.004582350302152878
vn -0.999987335551954 0 0.005032766207959468
vn -0.004702633236521544 0.3586468882122926 -0.9334614586667637
vn -0.8083507002031989 0.4063140526002017 0.4260023898296799
vn 0.24947007163222845 0.9255209550705863 -0.28491339927255155
vn 0.8804017462963254 0.4134568262642377 -0.23226325136337136
vn -0.45127808137766523 0.8849878075412798 0.11465022359931076
vn -0.2523210599316361 0.925521552813263 -0.2823896917259941
vn 0.21126490207560367 0 0.9774288419885029
vn 0.8057170298411475 0.4057529148142132 0.43149118176821305
vn -0.9670028507778569 0 0.25476555219946434
vn 0.3675514797548517 0.8717978408406776 0.32384322508823843
vn 0.7512828659003867 0 0.6599803447107356
vn -0.004702081245315756 0.35862710163744516 -0.9334690634418948
vn 0.004697469869960221 0.36109299826711483 0.932517978582336
vn -0.18735501749066172 0.36403309480114704 0.9123475233213344
vn -0.2938997952384993 0.8629518725307994 0.41101943512972133
vn 0.19653833377789107 0.36403006707254626 0.9104146273116266
vn 0.45143136459957955 0.8849312228319044 0.11448342200070552
vn -0.002682805877869844 0.8460651355269546 -0.5330727802077101
vn -0.21192705312546148 0.8545620396431337 -0.4741420088481136
vn -0.46207285114190183 0.8868389143180624 0.0023281513598469904
vn -0.41927125988244096 0.8795461858564844 -0.22496692552884606
vn -0.41697661049370627 0.8795504467127909 0.22917573603789315
vn -0.004694651195623811 0.3610930777733185 -0.9325179619901933
vn -0.5454435574006109 0.382972930773436 -0.7455354183303241
vn -0.5909145421443718 0 -0.8067341593624925
vn -0.7512768926442519 0 -0.6599871442526721
vn -0.8057224500371915 0.40574180442336805 -0.4314915082007234
vn -0.3675723823305999 0.8717793891859442 -0.3238691716393973
vn -0.6898459207273726 0.39491387757178026 -0.6067583002786402
vn -0.450261963965941 0.8849277128104737 0.11902565650126634
vn 0.24946476701007236 0.9255205505367876 -0.284919357985188
vn 0.9718177132825777 0 0.2357336042023318
vn -0.24947073470920506 0.9255210056331835 0.2849126544318277
vn -0.004702616942693354 0.35862288864850667 -0.9334706793099027
vn -0.8849015004956152 0 0.465778203032955
vn 0.8770018472375719 0 -0.4804870028854959
vn 0.41697109442792857 0.8795535710295143 -0.2291737814428269
vn 0.2523246469256426 0.9255211710497483 0.2823877378579892
vn -0.2494656609739503 0.9255204576949686 0.28491887684554396
vn 0.24946747195792995 0.9255178876171462 -0.28492563965992024
vn 0.8817995009334384 0 0.4716244694177127
vn -0.9092468958910483 0.4162320202220088 0.004581228481340428
vn 0.8057174815274141 0.4057501981560698 0.4314928929396534
vn 0.4192618841012927 0.8795522894233251 0.22496053589467985
vn -0.3707438935575003 0.3719620771036551 0.850995404562539
vn -0.5379006698511667 0.382980971703452 0.7509916408900608
vn -0.39981199192857425 0 0.9165971694861955
vn -0.2014068080201162 0 0.9795076812782777
vn -0.46206921631118664 0.8868408093004242 0.002327723552031392
vn 0.2523219933703677 0.9255223735075866 0.2823861678597018
vn -0.2980333102649895 0.8629462986049279 -0.4080439090300788
vn 0.9102008061533218 0.41414184959861655 -0.004584854292123674
vn 0.18735708772703982 0.3640319004554903 -0.912347574737395
vn 0.20140818257361212 0 -0.9795073986409671
vn -0.2494654262442388 0.9255209985001931 0.2849173256297092
vn 0.8126067921013306 0.4063040673325124 0.4178363391327301
vn 0.4223120157611567 0.8799578239868937 0.21754721176792696
vn -0.2523290213636029 0.9255202954548166 -0.28238669883497614
vn 0.25232403464333114 0.9255224933885619 0.28238395098364
vn 0.24946681271862628 0.9255174396396201 -0.2849276720063046
vn -0.910201560056655 0.41414019262410273 0.0045848580896780365
vn -0.25232750404787285 0.9255179610796567 -0.2823957053850602
vn -0.9102029726448088 0.41413704241074123 0.004588975031247416
vn -0.6955275246535083 0.3959370228461608 0.5995626209071759
vn -0.42008663614574077 0.8799648573669477 0.2217860859723248
vn 0.8013282094436373 0.4057519695373604 -0.4395889443177649
vn -0.24946385766696372 0.9255222329474966 0.28491468905234896
vn 0.2523263378571976 0.9255196338603404 0.2823912650253134
vn 0.2523221677695024 0.9255208520064512 0.2823909987116305
vn 0.8826968291873891 0.413457843796483 0.22338065973958518
vn 0.9695208043810447 0 0.2450089995741627
vn 0.8817980114646012 0 0.4716272542772259
vn -0.9102015863519068 0.41414010361703857 0.0045876768130330035
vn 0.9102006784274292 0.41414213746850026 -0.004584208030790677
vn -0.3642819667692704 0.8717876762072198 0.3275437318892364
vn -0.6836988303118352 0.39492502721606176 0.613669399847036
vn 0.10631072213458223 0.8483830228821629 -0.5185983772097122
vn 0.37074184239075886 0.3719620852661803 -0.8509962946012988
vn 0.3998107667763684 0 -0.9165977038863302
vn -0.25232447175554684 0.9255203425120041 -0.28239060988238773
vn -0.25232254728968156 0.9255220231061204 -0.282386821354681
vn 0.8895506767472987 0 0.4568365063109812
vn 0.9102020515820857 0.41413912076919723 -0.004584096888003394
vn 0.9999873213628572 0 -0.005035584726513084
vn -0.00470328439199751 0.35864401842677124 -0.9334625579864603
vn -0.004702839426009059 0.3586299319266657 -0.9334679722559357
vn 0.00470306022241711 0.35863784656507897 0.9334649303726986
vn 0.9102025431055527 0.4141380489138478 -0.004583335686583983
vn -0.7578105723014794 0 0.6524746251833125
vn 0.7445941787472948 0 -0.6675174222262977
vn 0.3642784215696088 0.871790290848469 -0.3275407155776152
vn -0.25232216776950267 0.925520852006451 -0.2823909987116302
vn -0.25232426740399855 0.9255199999463198 -0.2823919152142986
vn 0.9092465174331393 0.4162328469724381 -0.0045812265744851295
vn -0.9695208043810447 0 -0.2450089995741627
vn 0.8827009887232481 0.4134491151964489 0.2233803788390419
vn 0.45144365150006704 0.8849246527405907 0.11448575672209582
vn -0.7445941787472948 0 0.6675174222262977
vn -0.45143686905913494 0.8849281757852474 -0.11448526960041451
vn -0.8826985784938928 0.41345400279701616 -0.22338085660142432
vn 0.46206718596638174 0.886841864876793 -0.0023285950616549283
vn 0.20713454475668308 0.8545607400776993 -0.4762575163567461
vn 0.537898085671994 0.38298106039726676 -0.7509934465808534
vn 0.5827534017818612 0 -0.8126490464595826
vn 0.7015375566143321 0.39592115255597204 0.5925297440790153
vn 0.3729930130849568 0.8725160270741728 0.31558199360626826
vn 0.11569162758615373 0.8487049164764071 0.516057566609813
vn 0.24946651766920283 0.9255216404358381 -0.28491428473657915
vn 0.9101997967939034 0.41414408231031624 -0.004583557972053752
vn -0.9102016746314775 0.41413994925771286 0.004584094989547993
vn -0.9999873284583976 0 0.005034175467407644
vn -0.5520543357047585 0.38409197999552996 0.7400738891034402
vn -0.36977865475678495 0.8725279601071498 0.3193097325756266
vn 0.6836976177947878 0.3949287660604602 -0.613668344596407
vn -0.9102003014746286 0.41414296595455047 0.00458420613227534
vn 0.24946741932256059 0.9255207528110249 -0.2849163786317934
vn -0.45026084689722135 0.8849280701672768 0.1190272253789708
vn 0.9695211459393829 0 0.24500764799570157
vn -0.24946277392947197 0.9255207962183906 0.2849203049813918
vn 0.24946499789492457 0.9255204071249477 -0.2849196216840047
vn -0.8804035420761606 0.41345300750375874 0.23226324221849434
vn -0.8770028860773833 0 0.48048510675351885
vn -0.9670031909055196 0 0.2547642611877562
vn 0.2494669909749595 0.9255201614384958 -0.2849186746858829
vn -0.252325230024219 0.9255203346714528 -0.28238995804183076
vn -0.9102026971263569 0.4141376720409871 0.0045868006689975096
vn 0.2938984248253815 0.8629516625402296 -0.4110208559236544
vn -0.24946609316666926 0.9255206516757405 0.28491786830922183
vn 0.6837014823456962 0.39492712264049007 -0.6136650966457202
vn 0.7445981826834778 0 -0.6675129559375326
vn 0.2494712157014769 0.9255187318508848 -0.28491961941845423
vn 0.24946229293367625 0.9255230699977752 -0.28491333999334945
vn 0.7643459246899386 0 0.6448064108008564
vn 0.21862608548368714 0.8551928327781755 0.469944521737321
vn -0.2523301575919528 0.9255167585910167 -0.2823972753707053
vn -0.24946893139740645 0.925522780868162 0.28490846663709474
vn -0.25232788357438724 0.9255191321983857 -0.28239152803442513
vn -0.9102040439681451 0.41413474434351955 0.004583870805630978
vn 0.2523271253061549 0.9255191400398489 0.28239217987513493
vn 0.9102034378758808 0.4141360595633301 -0.004585395106805213
vn -0.5983849376133548 0 0.801208753345507
vn 0.24946741547846293 0.9255211502019142 -0.2849150911121097
vn 0.5827567523997863 0 -0.8126466437095856
vn 0.53790046384531 0.3829818250284738 -0.7509913532743635
vn 0.9102021924546732 0.4141387883981178 -0.0045861525100052295
vn 0.9670026212918278 0 -0.25476642324830345
vn 0.45025818849739724 0.8849293872000532 -0.11902748993732813
vn -0.8817999401610325 0 -0.47162364818995167
vn 0.9092505554144147 0.41622400577968643 -0.0045830657086363006
vn 0.4620796091844181 0.8868353888725258 -0.002329768076764932
vn -0.9999872748956594 0 0.005044803935993632
vn -0.9101997479471605 0.41414410315481887 0.004591367880731779
vn -0.0047025262115487606 0.3586411881600725 -0.9334636492131663
vn -0.9092465040791716 0.4162328916533437 0.004579817212614336
vn -0.41926036377395715 0.8795530576661389 -0.22496036566087554
vn -0.8057181762362479 0.40575110919473867 -0.43149073903129587
vn 0.36428121115742024 0.871789218762891 -0.3275404665785149
vn 0.8013309224009757 0.4057469154855635 -0.43958866384149653
vn 0.8770023175995082 0 -0.4804861443632807
vn -0.3675619594279258 0.8717883139340795 -0.32385697718202466
vn 0.5594879309152776 0.3840781763967769 0.7344775078760873
vn 0.3050048724422812 0.8637727072463168 0.40108445245713115
vn 0.3919616479730318 0.3727879116701517 0.8410679160631871
vn 0.03154225163368024 0.8448476874047237 0.5340762786800849
vn 0.2523181444236569 0.9255257346277462 0.28237859078969363
vn 0.4228491481181663 0 0.906200087141764
vn 0.20405832487768377 0.3644468858113376 0.908591584525485
vn 0.21940556994813049 0 0.9756337406402754
vn -0.5909153466303545 0 -0.8067335700940726
vn -0.6898478597969767 0.39492610768254166 -0.6067481353941256
vn -0.7512841723591548 0 -0.6599788575118297
vn -0.8057154682665227 0.40575778252829114 -0.4314895202826854
vn 0.9102048241574535 0.41413299835299294 -0.004586693325163777
vn -0.3834641853382782 0.37279299661448045 0.8449737275430796
vn -0.3009366772338605 0.863783233741934 0.4041232997511659
vn 0.29389830907254566 0.8629529742585447 -0.41101818468606716
vn -0.4620686189561899 0.886841122241302 0.002327074925280898
vn 0.8804022109696445 0.41345499237713024 -0.23226475453281453
vn -0.25232100157278814 0.9255225247563372 -0.28238655834504595
vn 0.9670020516733389 0 -0.25476858530743796
vn -0.9695206044632104 0 -0.2450097906641505
vn -0.36756016877469466 0.8717904247791162 -0.3238533272853104
vn 0.25232044688037725 0.9255205251127637 0.28239360771993516
vn 0.41697778581994205 0.8795499520113162 -0.22917549618052516
vn 0.8804052758114983 0.4134470032807019 -0.23226735845031465
vn -0.4192527474027873 0.8795577648634563 -0.22495615586957288
vn -0.298033521626712 0.8629446726907567 -0.40804719317919924
vn 0.6064284681045993 0 0.795138046550603
vn 0.24946324722673818 0.9255193171963486 -0.2849246949274422
vn 0.055037811428238374 0.35952093303042437 0.9315125001985334
vn -0.9102044340640022 0.41413387134912577 0.004585282064971342
vn 0.05899994282313289 0 0.9982579860671624
vn -0.4090262931814191 0 -0.9125225977948535
vn -0.5454431769044048 0.3829711975191692 -0.7455365870560369
vn -0.8826964707353117 0.4134589800998062 -0.22337997297486883
vn -0.41369509579860664 0 0.9104154918015079
vn -0.21387616546732274 0.8551967678953524 0.47211807212426926
vn -0.25232826309625644 0.9255203032999945 -0.2823873506768897
vn 0.3998128162258297 0 -0.9165968099342102
vn 0.370743958159268 0.37195903059493324 -0.8509967080120091
vn -0.24947054878216393 0.9255190786793057 0.2849190767409848
vn 0.41696959540400524 0.8795546169870311 -0.22917249452195892
vn -0.7512822126696191 0 -0.6599810883095372
vn 0.45026909913954094 0.8849232857466424 -0.11903157859758437
vn -0.6898463500006962 0.39492905046778887 -0.6067479365332259
vn -0.24946656646795357 0.9255191726620964 0.2849222582557545
vn -0.45143048731569807 0.8849317762096313 -0.114482603815507
vn -0.21192695011878165 0.8545561374293016 -0.4741526924897335
vn -0.004702842799160609 0.3586281891559777 -0.9334686417937728
vn -0.026159793046536338 0.8448462573448559 0.5343692231764029
vn -0.04564944502571539 0.35951900324088415 0.9320205011036642
vn -0.21126490207560367 0 -0.9774288419885029
vn -0.37929981090501813 0.37195602285651214 -0.847219198618742
vn -0.1948935371146567 0.3644481068363383 0.9106009480636109
vn -0.11048585963111925 0.8487057429067004 0.517195743194739
vn 0.10631168247407763 0.8483808474602891 -0.5186017391333092
vn 0.2071370340375748 0.8545581406953185 -0.4762610978250028
vn 0.8013275158031282 0.40575400334402156 -0.43958833149560184
vn -0.2980259870313528 0.8629514219958613 -0.4080384226139848
vn -0.5454400575603525 0.38297990922687847 -0.7455343940671895
vn 0.004702951510903597 0.3586330178676354 0.9334667860948446
vn -0.11152957898773204 0.8483842121889776 -0.5174991608875391
vn -0.04893838077122025 0 0.9988017996016484
vn 0.10630951745652789 0.8483870193678275 -0.5185920861971707
vn 0.18735487860258698 0.3640370405329782 -0.9123459774580039
vn 0.2014068080201162 0 -0.9795076812782777
vn -0.1965376308382604 0.3640329679945867 -0.9104136191190991
vn -0.20956507053059845 0 0.9777947029993082
vn 0.24947343966734636 0.9255183427375535 -0.28491893611495095
vn 0.25232975044552713 0.925520773577849 0.28238448030293345
vn 0.1873565357073501 0.36402908975684334 -0.9123488095780827
vn 0.7445961807185909 0 -0.667515189085078
vn -0.25232502567264503 0.9255199921067029 -0.2823912633742552
vn 0.25232196341871244 0.9255205094400158 0.28239230404247867
vn -0.0026858466548669462 0.8460668686032873 -0.5330700142378807
vn 0.2071360820764928 0.8545602659524418 -0.4762576984756176
vn 0.3707424312799181 0.3719609131852627 -0.8509965503520215
vn -0.004697583608866307 0.361095212036976 -0.9325171207823527
vn -0.0026862758755804776 0.8460644004313765 -0.5330739294362606
vn 0.9101989546053821 0.4141458936396864 -0.004587135997012917
vn 0.6836989476069456 0.39492878391911906 -0.6136668515353596
vn -0.21192441243092874 0.854558379794456 -0.47414978534096147
vn 0.24946210700545832 0.9255211430420802 -0.284919762302439
vn -0.409025417589664 0 -0.9125229902668761
vn -0.24946494909104064 0.9255228748762572 0.28491164815744663
vn 0.9999873317083138 0 -0.005033529863490985
vn 0.9102061578345412 0.4141301151462026 -0.0045823540975399235
vn 0.5379021286143604 0.3829790065263451 -0.7509915982168068
vn -0.005040576161375781 0 -0.9999872962152877
vn -0.11153017646927965 0.8483838168907955 -0.5174996801685358
vn -0.004699527004845307 0.3610918317511054 -0.9325184199191789
vn 0.5827569470050807 0 -0.8126465041562152
vn -0.004703063595800794 0.3586361038061591 -0.9334655999229707
vn -0.3792982162907961 0.37195884167166093 -0.8472186749717553
vn -0.2523259882926261 0.9255203268299761 -0.28238930620100244
vn 0.2939014660884695 0.8629499872783913 -0.41102219853345195
vn -0.19653847807830205 0.3640331288308008 -0.9104133719076859
vn -0.24946855570499207 0.9255193243719048 0.2849200237411163
vn 0.004703063595800671 0.35863610380615957 0.9334655999229706
vn 0.9102003014746286 0.41414296595455047 -0.004584206132275221
vn -0.0050384032436958815 0 -0.9999873071658231
vn -0.9102029463534704 0.41413713141877784 0.004586156308606243
vn 0.004703061909110457 -0.3586369751860876 0.9334652651481214
vn 0.9102049255813938 -0.414132799492891 -0.004584520863777714
vn -0.9102066756469596 -0.41412895428575675 0.004584411619451097
vn -0.24947344350733913 -0.9255179453421511 0.2849202236315167
vn 0.25232998320691197 -0.9255182801248091 0.28239244453351575
vn 0.24947030636547562 -0.9255204142699714 -0.2849149504877836
vn -0.004702521151974225 -0.35864380228672005 -0.9334626448745227
vn -0.004702412440371628 -0.3586389736045313 -0.9334645006260972
vn -0.25233112099744365 -0.9255194433840783 -0.2823876153343119
vn -0.2523202724835645 -0.9255220466250254 -0.2823887768747977
vn -0.9999872891107292 0 0.005041985419924516
vn -0.910199344706291 -0.4141450206513419 0.0045885472578959564
vn 0.25232954609447944 -0.925520431020756 0.28238578563891614
vn 0.24947121186025456 -0.9255191292455162 -0.2849183319016132
vn 0.9102048110101502 -0.41413304285573177 -0.004585283963890251
vn -0.24946186843164395 -0.9255220812400182 0.28491692356850007
vn -0.2523252008430942 -0.9255208206461141 -0.2823883913514075
vn -0.004702526211548639 -0.35864118816007295 -0.933463649213166
vn -0.9102029463534704 -0.41413713141877784 0.004586156308606123
vn 0.0047031739939545885 -0.35864006112016145 0.933464078962929
vn -0.9102025562558291 -0.4141380044118122 0.004584745048101353
vn -0.25232581312149494 -0.9255194982873374 -0.2823921782247722
vn 0.2523288461950569 -0.9255194669195985 0.2823895708604226
vn 0.24946542239956226 -0.9255213958923244 -0.28491603811040755
vn -0.004702300355718789 -0.35863588767005744 -0.9334656868072198
vn -0.24946765789640568 -0.925519814612384 0.284919217364397
vn -0.24946832097464422 -0.9255198651804567 0.28491847252581093
vn -0.2523213810875539 -0.925523695837331 -0.282382380983087
vn -0.004702747007708711 -0.3586491027648182 -0.9334606072334131
vn 0.9102016877809573 -0.41413990475508017 -0.004585504350640161
vn 0.004702412440371749 -0.3586389736045309 0.9334645006260973
vn -0.9102021793061339 -0.4141388329010196 0.004584743149383055
vn -0.25232444257509395 -0.9255208284875863 -0.28238904319187025
vn 0.24947055262342743 -0.9255186812838141 -0.2849203642571577
vn 0.24945849653745736 -0.9255250909004513 -0.28491009918741556
vn 0.2523236843068289 -0.9255208363281332 0.28238969503206135
vn 0.00470263492310435 -0.35864601683968583 0.9334617934494199
vn -0.9102007930028256 -0.41414189410103214 0.004583444931144624
vn 0.9102034641689632 -0.414135970556383 -0.004588213829130467
vn 0.9102043194916324 -0.41413411471226663 -0.004586045165659481
vn -0.004702410753901936 -0.358639844982085 -0.9334641658490848
vn -0.24946675240056443 -0.9255210996355911 0.2849158359516749
vn 0.2523284374893326 -0.9255187817909253 0.2823921815249736
vn -0.2523240930075554 -0.9255215214528549 -0.28238708436383414
vn -0.24945717038154722 -0.9255249897627682 0.2849115888654927
vn 0.24946874932130705 -0.9255204565521321 -0.2849161764723012
vn 0.9101980598173333 -0.41414788298087557 -0.004585076577480401
vn -0.9983826397048513 0 -0.056851602756412344
vn -0.9101961950934103 -0.41415197151524963 0.004585948921480014
vn 0.004702189957424913 -0.35863193035063734 0.9334672077489279
vn -0.004702522838501918 -0.3586429309121086 -0.9334629796546439
vn -0.9102020647314899 -0.4141390762666167 0.004585506249678826
vn -0.9102034510233282 -0.4141360150602634 0.0045868044681238295
vn 0.0047031723072062485 -0.35864093249714774 0.9334637441849711
vn -0.2523261634614295 -0.92552115536401 -0.2823864341757654
vn 0.24946898405270676 -0.9255199157476119 -0.2849177276868596
vn 0.2523197177865519 -0.9255200469645904 0.28239582624886156
vn 0.25232770840186824 -0.9255183036491852 0.28239440005601457
vn 0.004702841112586278 -0.3586290605417904 0.9334683070251408
vn 0.9102053156748797 -0.4141319264965591 -0.004585932123491716
vn 0.9080491661251407 -0.4144520648723217 -0.060631656933531675
vn -0.9085882839317452 -0.4144738806866645 -0.051756473319800045
vn -0.2494659072305938 -0.9255187246901507 0.28492429060635316
vn -0.004702638296261179 -0.3586442740916601 -0.9334624630130129
vn 0.910203942544647 -0.41413494320491645 -0.004586043266420088
vn -0.24946921878365208 -0.9255193749400065 0.28491927890217245
vn 0.2523267465607681 -0.9255203189875743 0.28238865435990285
vn -0.24946723338906648 -0.9255188258344955 0.28492280093236094
vn 0.24946053842735708 -0.9255223774905752 -0.28491712572558064
vn 0.9101984367736053 -0.41414705449906386 -0.004585078476378509
vn 0.9977795080612886 0 -0.06660370329773854
vn -0.46308245283114435 -0.8859221604967737 -0.026392563737146657
vn -0.8841370142701082 -0.4134899852208345 -0.21754947051099147
vn -0.004702524525026723 -0.35864205953655964 -0.9334633144341916
vn -0.004701875056081285 -0.35864405795114634 -0.9334625499007938
vn 0.004702414126838553 -0.35863810222603965 0.9334648354025366
vn -0.18537559860724098 -0.9605186591345606 -0.20746034053609616
vn 0.18327684488927642 -0.9605183453044861 -0.20931819429032955
vn -0.2523210307525352 -0.9255220387863157 -0.2823881250350302
vn 0.25232030088013524 -0.9255192105713782 0.28239804642931055
vn -0.25232292603829803 -0.9255208441677547 -0.28239034687198167
vn 0.46282978751771475 -0.8859078324464957 -0.030917635683521773
vn 0.24946808240024224 -0.925520803377291 -0.2849156337925314
vn 0.004702729027638684 -0.3586259745963711 0.9334694931729133
vn -0.9102011699547887 -0.41414106561423775 0.004583446829339591
vn 0.8821337900255358 -0.4134849867000489 -0.22554410271351466
vn -0.00943181763532061 -0.8441820376344802 -0.5359736263580431
vn -0.4521061391940391 -0.8849717863465973 -0.11146737762041764
vn -0.9711098777217104 0 -0.23863278356362663
vn -0.017604797560052586 0 -0.9998450235425836
vn -0.01642930031668315 -0.35867302981093097 -0.9333186678607427
vn -0.05829375346992413 0 -0.9982994732575932
vn -0.056483308049318615 0 -0.9984035436194153
vn -0.05271628096212906 -0.35897905486959386 -0.9318556926297412
vn 0.9102030477782047 -0.4141369325565636 -0.004583983846779111
vn -0.9101999376710859 -0.414143749936559 0.004585613594311378
vn 0.9689100021457596 0 -0.24741343484520842
vn 0.9102039293963274 -0.4141349877074383 -0.004584633905259534
vn 0.25232732965880644 -0.9255194826053187 0.28239087454314
vn -0.2494631984346063 -0.9255217849878943 0.2849167214110085
vn 0.24945717423155872 -0.9255245923759211 -0.28491287638818796
vn 0.9101966866341568 -0.4141508996655372 -0.004585187720096537
vn -0.004702636609684148 -0.358645145466142 -0.9334621282315031
vn -0.031166485583684022 -0.8448058327563402 -0.5341645393670649
vn -0.030253149336064242 -0.8444242743328029 -0.5348199621113344
vn -0.8104812883863597 -0.40614608337347347 -0.4220964820227406
vn -0.4213581634284559 -0.8798419406335469 -0.21985326382474468
vn -0.05437843904060405 -0.35946783595527293 -0.9315717150499687
vn -0.10502290084933674 -0.3596619582921632 -0.9271534209906344
vn -0.1125664994895203 0 -0.993644193457938
vn 0.8832860657383902 0 -0.46883443353959836
vn 0.8069154890156204 -0.40619405077080684 -0.42882838840856313
vn -0.5454397016478638 -0.38298111533286544 -0.7455340348801546
vn 0.9102061972814569 -0.4141299816414112 -0.0045865821821623656
vn -0.9102025825509439 -0.414137915405299 0.004587563770200208
vn 0.45108050461941235 -0.8849707377827666 -0.11555592421214032
vn -0.18327854711445937 -0.960517133036915 0.2093222666372552
vn -0.2523259882926258 -0.9255203268299761 -0.2823893062010027
vn 0.25231665630728417 -0.9255229143456348 0.2823891640468428
vn -0.25232671737829915 -0.9255208049603937 -0.2823870876696681
vn -0.24946614195744427 -0.9255181838727158 0.2849258418217237
vn 0.2523265422091424 -0.9255199764246926 0.28238995969335423
vn -0.9102039293963274 -0.4141349877074383 0.004584633905259415
vn -0.06018691434685775 -0.8449678739806556 -0.5314196338883377
vn -0.11435892086126809 -0.8485899083565377 -0.516543516709763
vn -0.8871658739301973 0 -0.4614506605626099
vn -0.21677657776409406 0 -0.976221243024801
vn -0.16795336903039218 -0.361144993406576 -0.91726002832823
vn -0.18013794156481824 0 -0.9836413584273437
vn 0.6930814352805441 -0.39572783086418056 -0.6025260226322109
vn -0.379298623256399 -0.3719601319519504 -0.8472179262941077
vn -0.21126536551555455 0 -0.9774287418188496
vn -0.68984853016856 -0.39492605613933535 -0.6067474067571347
vn 0.249472538015907 -0.9255192303751851 -0.2849168422217735
vn -0.24946765405341523 -0.9255202120066254 0.2849179298469939
vn 0.0047023020421306004 -0.35863501628956107 0.9334660215811236
vn 0.41945403142157117 -0.8798774494441555 -0.22332485191719975
vn -0.18537832957387604 -0.9605177742524157 -0.20746199716956606
vn -0.0020356553318243635 -0.9148043130309952 -0.40389221949334336
vn -0.2494678926261552 -0.9255192738028859 0.2849207685796943
vn 0.24945982269266218 -0.9255251920344654 -0.2849086095078764
vn 0.9101985776500986 -0.4141467221221377 -0.004587134097268875
vn -0.004702855718926552 -0.358653931423761 -0.9334587514305959
vn -0.09596899766954582 -0.8461449075764429 -0.524241115202495
vn -0.6978630007506316 -0.395632901868612 -0.5970442522479763
vn -0.37126779371762075 -0.8723049716073459 -0.31818903478460353
vn -0.21650112557237164 -0.8549985287513461 -0.47127993640609156
vn -0.2016357081615308 -0.3642979619386975 -0.9091919687950994
vn -0.25483744946254866 -0.36442595381611986 -0.8956849884510929
vn -0.2737463896336018 0 -0.9618019100431067
vn 0.7550785321867002 0 -0.6556343571158992
vn -0.19653903792576544 -0.364031962870744 -0.9104137172624805
vn -0.29802572984946124 -0.862951677310499 -0.4080380704967276
vn -0.751283519130232 0 -0.6599796011114999
vn -0.3675634293923816 -0.871788193332566 -0.32385563348389074
vn -0.004703061909110335 -0.358636975186088 -0.9334652651481213
vn 0.25233071229156484 -0.9255187582610106 0.2823902260019436
vn -0.11153086857104262 -0.8483831413465818 -0.5175006384872338
vn 0.9102030609275406 -0.4141368880542588 -0.004585393207826485
vn -0.9102053288212425 -0.41413188199355117 0.0045873414842951534
vn 0.24946253151026027 -0.9255221318100947 -0.28491617873014863
vn 0.2494676540534155 -0.9255202120066252 -0.2849179298469941
vn 0.25232712530615525 -0.9255191400398489 0.28239217987513465
vn 0.25231989296152474 -0.9255208755169878 0.28239295422894845
vn -0.2523210023306169 -0.9255248747464132 -0.28237885545576646
vn -0.24946898405270648 -0.9255199157476122 0.2849177276868594
vn 0.004702953197536051 -0.3586321464847644 0.9334671208665852
vn -0.9102007178706365 -0.41414200395733386 0.004588436115015589
vn -0.1446513458549971 -0.8487305383458803 -0.5086575089600571
vn -0.7602491534406304 0 -0.6496316069071801
vn -0.41845909973431966 0 -0.9082356422479482
vn -0.397703509646935 -0.37316686344147726 -0.8381995051559981
vn -0.42913023819308 0 -0.903242624474925
vn 0.595120540364124 0 -0.8036364491713359
vn 0.5490987089666204 -0.3838631162733071 -0.7423878472713141
vn 0.3686434209838326 -0.8723748416382455 -0.3210360787232223
vn 0.20140603490434175 0 -0.9795078402463714
vn 0.18735481039840754 -0.36403790800963454 -0.9123456453299623
vn -0.004698229711484032 -0.3610949548857021 -0.932517217103079
vn -0.2119244789710787 -0.8545592006855608 -0.4741482761083207
vn -0.8057192087026968 -0.4057460309004016 -0.4314935864367748
vn -0.4192656274562545 -0.8795497349807103 -0.22496354666717736
vn -0.8817990617047594 0 -0.47162529064566266
vn -0.0020344660840102614 -0.9148057243320271 -0.40388902891401773
vn -0.9102016746314775 -0.41413994925771286 0.004584094989547873
vn 0.39981159107394937 0 -0.9165973443355142
vn 0.3707429555652581 -0.37196278761042484 -0.8509955026507597
vn -0.004703173993954466 -0.3586400611201619 -0.9334640789629289
vn 0.25232047683264014 -0.9255223891877996 0.28238747154053484
vn 0.10630871125796929 -0.848387653924082 -0.5185912133654618
vn -0.24946457338678443 -0.9255194183445895 0.2849232052537
vn 0.24946253535620763 -0.9255217344178743 -0.2849174662490574
vn 0.9101993184123439 -0.41414510966025553 -0.004585728535301765
vn -0.005036993985275779 0 -0.9999873142653323
vn -0.22164915659733658 -0.8554820714083746 -0.4679979453785304
vn -0.5550521483545979 -0.3837520031110776 -0.7380050898978822
vn -0.3027930973392214 -0.8635290881550985 -0.4032788788341697
vn -0.3879436165873265 -0.37253299452618654 -0.8430414689316876
vn -0.6673262896981844 -0.40255486860409956 -0.6265981174890255
vn -0.7314112346911186 0 -0.6819366581784657
vn 0.41075691853690016 0 -0.9117448951730251
vn 0.3807756787274822 -0.372616120187349 -0.8462665711619196
vn 0.249471450432461 -0.9255181910390061 -0.28492117063323014
vn 0.910205214248499 -0.41413212535512134 -0.004588104586208712
vn -0.8827003837276127 -0.41344893576533803 -0.22338310160268363
vn -0.2523237134866091 -0.92552035035163 -0.2823912617226736
vn 0.2994692120465964 -0.8636115939558322 -0.4055776199708971
vn 0.24947031405067321 -0.9255196194870321 -0.28491752552631394
vn 0.9101998230932201 -0.4141439933041199 -0.004586376694956123
vn -0.2523238886573514 -0.9255211788912293 -0.28238838969869406
vn 0.5827559633978435 0 -0.8126472095099146
vn 0.5379005911916481 -0.38297883669824184 -0.7509927860085852
vn 0.20140740945735228 0 -0.9795075576102914
vn 0.187356396822424 -0.36403303549577104 -0.9123472637310056
vn 0.24947007163222873 -0.9255209550705861 -0.28491339927255177
vn 0.2523212343267613 -0.9255200312955348 0.28239452257175923
vn 0.005036348383673126 0 0.9999873175170565
vn 0.004702191643778601 -0.35863105896719916 0.9334675425197226
vn -0.9102030872207739 -0.4141367990472073 0.004588211928984981
vn -0.3495139935580323 -0.8763131629079466 -0.3315346268813959
vn -0.6015313656887015 0 -0.7988491823195951
vn -0.8818193355937723 -0.4194599838805726 -0.21551793729494487
vn 0.20784061140631202 0 -0.9781627064298916
vn 0.1932989717360815 -0.36435304540822994 -0.9109787954873164
vn 0.212455620654435 -0.8550621295769799 -0.47300249874141137
vn 0.20713593795098478 -0.8545611291165052 -0.47625621236083576
vn -0.45144349028844927 -0.884924554232642 -0.11448715383108624
vn 0.2523299540244192 -0.9255187661052406 0.2823908778432248
vn 0.0047038251498335345 -0.35863719132259175 0.9334651782628007
vn -0.9695202629018976 0 -0.24501114224180684
vn 0.42328865351317 0 -0.9059948762586948
vn 0.26645694994583385 0 -0.9638468207270091
vn 0.3922431500389188 -0.37339490556283944 -0.840667327631605
vn 0.17189740533257591 0 -0.9851148572831129
vn 0.24802979441770306 -0.36454394076270824 -0.8975460636281055
vn -0.24946543008845887 -0.925520601106723 0.28491861314738764
vn 0.09156066514225913 -0.8461949303475825 -0.5249483636061332
vn 0.24946343316362887 -0.9255212441849295 -0.2849182726267229
vn 0.10631140616591568 -0.8483832988625823 -0.5185977855044003
vn 0.0047025245250268445 -0.3586420595365592 0.9334633144341918
vn -0.21126404150007286 0 -0.9774290279959233
vn -0.19653833498498016 -0.3640348637892826 -0.9104127090650976
vn -0.24946608932248962 -0.9255210490683508 0.2849165807908747
vn 0.6836976177947878 -0.39492876606046046 -0.6136683445964071
vn 0.29390078088137916 -0.862949882282857 -0.41102290893004806
vn -0.004699751090985542 -0.3610979985083043 -0.9325160308611211
vn 0.37074462034764033 -0.371960043377053 -0.8509959768496118
vn 0.2523292249388292 -0.9255182879671932 0.28239309637462007
vn 0.9102043063433883 -0.4141341592147363 -0.004584635803915671
vn -0.29802822601838574 -0.8629487043430376 -0.4080425347546584
vn -0.25232196418926744 -0.9255228594746354 -0.28238460116933434
vn 0.2494685633882206 -0.9255185295770985 -0.28492259877107473
vn 0.9102025694042928 -0.4141379599089625 -0.00458615440930691
vn -0.0047021882710682125 -0.35863280173313816 -0.9334668729775594
vn 0.25231703505573955 -0.9255217354026288 0.2823926895618704
vn -0.44642196496623365 -0.888038075468587 -0.10998093341000068
vn -0.9716997547595533 0 -0.23621936118833284
vn 0.910196598347236 -0.41415105402642255 -0.004588769543532285
vn 0.04848546464325568 0 -0.9988238882397275
vn 0.04522398300012989 -0.3594989819060574 -0.9320489651140182
vn 0.1096043920720332 -0.8486319562610859 -0.5175042802248139
vn -0.9092482760067997 -0.4162290066084679 0.004581117373585335
vn -0.46207336274305355 -0.8868386497542299 0.0023273902596419073
vn 0.7273756057205946 0 -0.6862395559879931
vn 0.6635796243542564 -0.4027599051901281 -0.6304336134067589
vn 0.16026277458094856 -0.36120815356117747 -0.9186100984011338
vn 0.10356481340199353 0 -0.9946227070728932
vn 0.4456247571118416 -0.8879906117736972 -0.11353963735536209
vn 0.9978142583684032 0 -0.0660810547487962
vn 0.9697603940274364 0 -0.24405896454699458
vn 0.9080821328830241 -0.4144491485960027 -0.06015599028082241
vn 0.8801089791320679 -0.4193579511462693 -0.22259176458600788
vn 0.055369694381966164 -0.8449968804912547 -0.5318970472789787
vn 0.14074769162389908 -0.848823623222556 -0.5095964520695528
vn -0.11153115755872753 -0.8483858075178256 -0.5174962052961715
vn -0.3792957324723909 -0.3719601710635922 -0.8472192033178755
vn -0.4090242850205413 0 -0.9125234979239905
vn 0.7445955133955376 0 -0.6675159334661875
vn 0.39981404137586385 0 -0.9165962755317627
vn 0.20713688991339024 -0.8545590038655975 -0.4762596117132395
vn -0.2523244717555465 -0.9255203425120041 -0.28239060988238796
vn -0.21192797131467295 -0.8545544650755634 -0.47415525009627885
vn -0.3675614315935819 -0.8717893392085029 -0.32385481631014573
vn -0.004702633236521423 -0.358646888212293 -0.9334614586667636
vn 0.2523257839410262 -0.9255199842661603 0.28239061153394035
vn -0.25231855159548505 -0.9255217197335553 -0.28239138588526197
vn -0.2494687981168119 -0.9255179887614352 0.2849241499858187
vn -0.9101979978188088 -0.4141479483282133 0.00459147712217074
vn 0.24945831446267908 -0.925522766574395 -0.28491780902203495
vn -0.9984297396861042 0 -0.05601834440911657
vn -0.4631090252215075 -0.885919682308373 -0.026006677162155167
vn 0.007656571060775453 0 -0.9999706880301997
vn 0.025915141701758397 -0.8448306471096657 -0.5344058225121067
vn -0.2523286418423539 -0.9255191243559973 -0.28239087619344455
vn -0.910204447211381 -0.4141338268463347 0.004586691425661612
vn 0.24947187877935068 -0.9255187824170384 -0.2849188745793858
vn 0.21849840788847225 -0.8556572642531014 -0.46915785390537895
vn 0.09662261230930576 -0.35969813491110564 -0.9280524352276641
vn 0.04691601143748747 0 -0.998898837656145
vn 0.04378542390611866 -0.35900291258657113 -0.9323088251259452
vn 0.4628461171692204 -0.8859077293756058 -0.03067518303017415
vn 0.3473964147711662 -0.876457694250416 -0.33337312608154895
vn 0.8825694211864756 -0.4135028716510028 -0.2238003394165068
vn 0.02512580112502416 -0.8444428334666008 -0.5350560672721361
vn -0.21192156055690842 -0.854559250092783 -0.47414949146021973
vn 0.2494683209746445 -0.9255198651804565 -0.28491847252581115
vn -0.5454373805265844 -0.382989853583007 -0.7455312441318369
vn -0.5909161511158696 0 -0.8067329808247627
vn 0.9101997967939034 -0.41414408231031624 -0.004583557972053872
vn 0.36427842156960905 -0.8717902908484687 -0.3275407155776153
vn 0.8770038267966234 0 -0.48048338970673954
vn 0.8013286481287095 -0.4057549751844322 -0.43958537032218875
vn 0.5827551743957293 0 -0.8126477753092068
vn 0.29390084981784187 -0.8629504104879173 -0.41102175065936025
vn 0.10631059996721935 -0.8483839334281637 -0.5185969126745424
vn 0.41696907232022484 -0.8795553516489385 -0.22917062663902493
vn -0.11153136972178149 -0.8483818573174544 -0.5175026354933565
vn -0.37929954501841423 -0.3719538709281238 -0.8472202624172822
vn -0.41925815544896455 -0.8795539778106125 -0.22496088372661688
vn -0.5454408312547143 -0.38297699646627137 -0.7455353242991506
vn 0.24945873511678682 -0.9255241527239924 -0.2849129379274816
vn 0.9101975419788417 -0.41414904383809265 -0.004583019056066952
vn 0.9670045595979773 0 -0.25475906601477816
vn 0.8770033564375195 0 -0.48048424823018404
vn 0.8804049733835498 -0.413452868910034 -0.2322580634371457
vn 0.7445915094422638 0 -0.6675203997380836
vn 0.8013305539090471 -0.40574811392820304 -0.43958822938691827
vn 0.25231799767506174 -0.9255220701356024 0.28239073239247203
vn 0.24946362293623842 -0.9255227737444166 -0.2849131378367238
vn -0.9086346249769099 -0.41446627078002135 -0.05099832035246078
vn -0.004702634923104228 -0.3586460168396863 -0.9334617934494198
vn 0.007145521019231062 -0.35869594616315026 -0.9334271046715357
vn 0.004102455638195662 -0.8441999182168706 -0.5360127497927318
vn 0.9693944303235218 0 -0.2455085303156182
vn -0.45025664716681274 -0.8849303468746229 0.11902618561669472
vn 0.25232899217911825 -0.9255207814248733 0.28238513214502386
vn -0.2980171661711836 -0.8629586486438688 -0.40802958152325774
vn 0.25232753322702195 -0.9255174750913798 0.2823972720761362
vn -0.6898475873577885 -0.39492695171564146 -0.6067478957732195
vn -0.6898442075068226 -0.39493887579371795 -0.6067439771073778
vn -0.24946609316666898 -0.9255206516757406 0.28491786830922167
vn 0.9102030740750635 -0.4141368435511399 -0.004586802568561843
vn 0.8804017080887319 -0.4134571654252786 -0.23226279244196013
vn 0.6836968431688619 -0.394922940712198 -0.6136729565005797
vn -0.004702414126838431 -0.35863810222604003 -0.9334648354025363
vn -0.002685625248320136 -0.8460650290361061 -0.5330729350278051
vn 0.20713524135377365 -0.854560934597463 -0.4762568643591651
vn 0.4502562487211896 -0.884930563772701 -0.1190260802868502
vn 0.2523282339124438 -0.925520789270972 0.28238578398684316
vn -0.24946428601372733 -0.9255228243107955 0.28491239299726767
vn 0.11152630771732203 -0.8483870293970353 0.5174952473577079
vn -0.24945987534817107 -0.9255223269186074 0.28491787056350415
vn 0.4514418186376856 -0.8849258791085141 0.11448350479052773
vn 0.3642824579450294 -0.8717863205903245 -0.32754679370299433
vn 0.2112605328898927 0 0.977429786349423
vn 0.19653333802668058 -0.3640368508370228 0.9104129932490824
vn 0.005035584726513084 0 0.9999873213628572
vn 0.4090338118554818 0 0.9125192276105607
vn 0.37930538931183977 -0.3719631646645955 0.8472135656206718
vn 0.969522370516014 0 0.24500280216562564
vn 0.8827011662981074 -0.4134510424560492 0.22337610997590376
vn 0.8818014296173871 0 0.4716208633263932
vn 0.9092482760067997 -0.4162290066084679 -0.004581117373585455
vn -0.2523208264031152 -0.925521696223005 -0.28238943036831393
vn -0.2494636755800372 -0.9255199085840894 0.2849223988748459
vn -0.25232175984082134 -0.9255225169157815 -0.28238590650510165
vn -0.8847784829559519 -0.413503130248131 -0.21490043595386565
vn -0.45240897744582964 -0.8849881563716687 -0.11010031883829306
vn 0.25232429579244164 -0.9255171638600518 0.28240118475901355
vn 0.9999872820041866 0 -0.005043394678130469
vn 0.9102007178706365 -0.41414200395733386 -0.004588436115015709
vn -0.9102006915769776 -0.41414209296559207 0.004585617392511052
vn -0.9101998230932201 -0.4141439933041199 0.004586376694956002
vn 0.999987335551954 0 -0.005032766207959468
vn 0.9102054039458858 -0.4141317721371001 -0.004582350302152878
vn 0.004702633236521544 -0.3586468882122926 0.9334614586667637
vn 0.8083507002031989 -0.4063140526002017 -0.4260023898296799
vn -0.24947007163222845 -0.9255209550705863 0.28491339927255155
vn -0.8804017462963254 -0.4134568262642377 0.23226325136337136
vn 0.45127808137766523 -0.8849878075412798 -0.11465022359931076
vn 0.2523210599316361 -0.925521552813263 0.2823896917259941
vn -0.8057170298411475 -0.4057529148142132 -0.43149118176821305
vn -0.3675514797548517 -0.8717978408406776 -0.32384322508823843
vn -0.7512828659003867 0 -0.6599803447107356
vn 0.004702081245315756 -0.35862710163744516 0.9334690634418948
vn -0.004697469869960221 -0.36109299826711483 -0.932517978582336
vn 0.18735501749066172 -0.36403309480114704 -0.9123475233213344
vn 0.2938997952384993 -0.8629518725307994 -0.41101943512972133
vn -0.19653833377789107 -0.36403006707254626 -0.9104146273116266
vn -0.45143136459957955 -0.8849312228319044 -0.11448342200070552
vn 0.002682805877869844 -0.8460651355269546 0.5330727802077101
vn 0.21192705312546148 -0.8545620396431337 0.4741420088481136
vn 0.46207285114190183 -0.8868389143180624 -0.0023281513598469904
vn 0.41927125988244096 -0.8795461858564844 0.22496692552884606
vn 0.41697661049370627 -0.8795504467127909 -0.22917573603789315
vn 0.004694651195623811 -0.3610930777733185 0.9325179619901933
vn 0.5454435574006109 -0.382972930773436 0.7455354183303241
vn 0.8057224500371915 -0.40574180442336805 0.4314915082007234
vn 0.7512768926442519 0 0.6599871442526721
vn 0.3675723823305999 -0.8717793891859442 0.3238691716393973
vn 0.6898459207273726 -0.39491387757178026 0.6067583002786402
vn 0.450261963965941 -0.8849277128104737 -0.11902565650126634
vn -0.24946476701007236 -0.9255205505367876 0.284919357985188
vn -0.9718177132825777 0 -0.2357336042023318
vn 0.24947073470920506 -0.9255210056331835 -0.2849126544318277
vn 0.004702616942693354 -0.35862288864850667 0.9334706793099027
vn 0.8849015004956152 0 -0.465778203032955
vn -0.8770018472375719 0 0.4804870028854959
vn -0.41697109442792857 -0.8795535710295143 0.2291737814428269
vn -0.2523246469256426 -0.9255211710497483 -0.2823877378579892
vn 0.2494656609739503 -0.9255204576949686 -0.28491887684554396
vn -0.24946747195792995 -0.9255178876171462 0.28492563965992024
vn -0.8817995009334384 0 -0.4716244694177127
vn 0.9092468958910483 -0.4162320202220088 -0.004581228481340428
vn -0.8057174815274141 -0.4057501981560698 -0.4314928929396534
vn -0.4192618841012927 -0.8795522894233251 -0.22496053589467985
vn 0.3707438935575003 -0.3719620771036551 -0.850995404562539
vn 0.39981199192857425 0 -0.9165971694861955
vn 0.5379006698511667 -0.382980971703452 -0.7509916408900608
vn 0.46206921631118664 -0.8868408093004242 -0.002327723552031392
vn -0.2523219933703677 -0.9255223735075866 -0.2823861678597018
vn 0.2980333102649895 -0.8629462986049279 0.4080439090300788
vn -0.9102008061533218 -0.41414184959861655 0.004584854292123674
vn -0.20140818257361212 0 0.9795073986409671
vn -0.18735708772703982 -0.3640319004554903 0.912347574737395
vn 0.2494654262442388 -0.9255209985001931 -0.2849173256297092
vn -0.8126067921013306 -0.4063040673325124 -0.4178363391327301
vn -0.4223120157611567 -0.8799578239868937 -0.21754721176792696
vn 0.2523290213636029 -0.9255202954548166 0.28238669883497614
vn -0.25232403464333114 -0.9255224933885619 -0.28238395098364
vn -0.24946681271862628 -0.9255174396396201 0.2849276720063046
vn 0.910201560056655 -0.41414019262410273 -0.0045848580896780365
vn 0.25232750404787285 -0.9255179610796567 0.2823957053850602
vn 0.9102029726448088 -0.41413704241074123 -0.004588975031247416
vn 0.6955275246535083 -0.3959370228461608 -0.5995626209071759
vn 0.42008663614574077 -0.8799648573669477 -0.2217860859723248
vn -0.8013282094436373 -0.4057519695373604 0.4395889443177649
vn 0.24946385766696372 -0.9255222329474966 -0.28491468905234896
vn -0.2523263378571976 -0.9255196338603404 -0.2823912650253134
vn -0.2523221677695024 -0.9255208520064512 -0.2823909987116305
vn -0.8826968291873891 -0.413457843796483 -0.22338065973958518
vn -0.8817980114646012 0 -0.4716272542772259
vn 0.9102015863519068 -0.41414010361703857 -0.0045876768130330035
vn -0.9102006784274292 -0.41414213746850026 0.004584208030790677
vn 0.3642819667692704 -0.8717876762072198 -0.3275437318892364
vn 0.6836988303118352 -0.39492502721606176 -0.613669399847036
vn -0.10631072213458223 -0.8483830228821629 0.5185983772097122
vn -0.3998107667763684 0 0.9165977038863302
vn -0.37074184239075886 -0.3719620852661803 0.8509962946012988
vn 0.25232447175554684 -0.9255203425120041 0.28239060988238773
vn 0.25232254728968156 -0.9255220231061204 0.282386821354681
vn -0.8895506767472987 0 -0.4568365063109812
vn -0.9102020515820857 -0.41413912076919723 0.004584096888003394
vn 0.00470328439199751 -0.35864401842677124 0.9334625579864603
vn 0.004702839426009059 -0.3586299319266657 0.9334679722559357
vn -0.00470306022241711 -0.35863784656507897 -0.9334649303726986
vn -0.9102025431055527 -0.4141380489138478 0.004583335686583983
vn 0.7578105723014794 0 -0.6524746251833125
vn -0.3642784215696088 -0.871790290848469 0.3275407155776152
vn 0.25232216776950267 -0.925520852006451 0.2823909987116302
vn 0.25232426740399855 -0.9255199999463198 0.2823919152142986
vn -0.9092465174331393 -0.4162328469724381 0.0045812265744851295
vn -0.8827009887232481 -0.4134491151964489 -0.2233803788390419
vn -0.45144365150006704 -0.8849246527405907 -0.11448575672209582
vn 0.45143686905913494 -0.8849281757852474 0.11448526960041451
vn 0.8826985784938928 -0.41345400279701616 0.22338085660142432
vn -0.46206718596638174 -0.886841864876793 0.0023285950616549283
vn -0.20713454475668308 -0.8545607400776993 0.4762575163567461
vn -0.5827534017818612 0 0.8126490464595826
vn -0.537898085671994 -0.38298106039726676 0.7509934465808534
vn -0.7015375566143321 -0.39592115255597204 -0.5925297440790153
vn -0.3729930130849568 -0.8725160270741728 -0.31558199360626826
vn -0.11569162758615373 -0.8487049164764071 -0.516057566609813
vn -0.24946651766920283 -0.9255216404358381 0.28491428473657915
vn -0.9101997967939034 -0.41414408231031624 0.004583557972053752
vn 0.9999873284583976 0 -0.005034175467407644
vn 0.9102016746314775 -0.41413994925771286 -0.004584094989547993
vn 0.5520543357047585 -0.38409197999552996 -0.7400738891034402
vn 0.36977865475678495 -0.8725279601071498 -0.3193097325756266
vn -0.6836976177947878 -0.3949287660604602 0.613668344596407
vn 0.9102003014746286 -0.41414296595455047 -0.00458420613227534
vn -0.24946741932256059 -0.9255207528110249 0.2849163786317934
vn 0.45026084689722135 -0.8849280701672768 -0.1190272253789708
vn -0.9695211459393829 0 -0.24500764799570157
vn 0.24946277392947197 -0.9255207962183906 -0.2849203049813918
vn -0.24946499789492457 -0.9255204071249477 0.2849196216840047
vn 0.9670031909055196 0 -0.2547642611877562
vn 0.8770028860773833 0 -0.48048510675351885
vn 0.8804035420761606 -0.41345300750375874 -0.23226324221849434
vn -0.2494669909749595 -0.9255201614384958 0.2849186746858829
vn 0.252325230024219 -0.9255203346714528 0.28238995804183076
vn 0.9102026971263569 -0.4141376720409871 -0.0045868006689975096
vn -0.2938984248253815 -0.8629516625402296 0.4110208559236544
vn 0.24946609316666926 -0.9255206516757405 -0.28491786830922183
vn -0.7445981826834778 0 0.6675129559375326
vn -0.6837014823456962 -0.39492712264049007 0.6136650966457202
vn -0.2494712157014769 -0.9255187318508848 0.28491961941845423
vn -0.24946229293367625 -0.9255230699977752 0.28491333999334945
vn -0.7643459246899386 0 -0.6448064108008564
vn -0.21862608548368714 -0.8551928327781755 -0.469944521737321
vn 0.2523301575919528 -0.9255167585910167 0.2823972753707053
vn 0.24946893139740645 -0.925522780868162 -0.28490846663709474
vn 0.25232788357438724 -0.9255191321983857 0.28239152803442513
vn 0.9102040439681451 -0.41413474434351955 -0.004583870805630978
vn -0.2523271253061549 -0.9255191400398489 -0.28239217987513493
vn -0.9102034378758808 -0.4141360595633301 0.004585395106805213
vn 0.5983849376133548 0 -0.801208753345507
vn -0.24946741547846293 -0.9255211502019142 0.2849150911121097
vn -0.5827567523997863 0 0.8126466437095856
vn -0.53790046384531 -0.3829818250284738 0.7509913532743635
vn -0.9102021924546732 -0.4141387883981178 0.0045861525100052295
vn -0.9670026212918278 0 0.25476642324830345
vn -0.45025818849739724 -0.8849293872000532 0.11902748993732813
vn 0.8817999401610325 0 0.47162364818995167
vn -0.9092505554144147 -0.41622400577968643 0.0045830657086363006
vn -0.4620796091844181 -0.8868353888725258 0.002329768076764932
vn 0.9101997479471605 -0.41414410315481887 -0.004591367880731779
vn 0.0047025262115487606 -0.3586411881600725 0.9334636492131663
vn 0.9092465040791716 -0.4162328916533437 -0.004579817212614336
vn 0.41926036377395715 -0.8795530576661389 0.22496036566087554
vn 0.8057181762362479 -0.40575110919473867 0.43149073903129587
vn -0.36428121115742024 -0.871789218762891 0.3275404665785149
vn -0.8770023175995082 0 0.4804861443632807
vn -0.8013309224009757 -0.4057469154855635 0.43958866384149653
vn 0.3675619594279258 -0.8717883139340795 0.32385697718202466
vn -0.5594879309152776 -0.3840781763967769 -0.7344775078760873
vn -0.3050048724422812 -0.8637727072463168 -0.40108445245713115
vn -0.3919616479730318 -0.3727879116701517 -0.8410679160631871
vn -0.03154225163368024 -0.8448476874047237 -0.5340762786800849
vn -0.2523181444236569 -0.9255257346277462 -0.28237859078969363
vn -0.21940556994813049 0 -0.9756337406402754
vn -0.20405832487768377 -0.3644468858113376 -0.908591584525485
vn -0.4228491481181663 0 -0.906200087141764
vn 0.7512841723591548 0 0.6599788575118297
vn 0.6898478597969767 -0.39492610768254166 0.6067481353941256
vn 0.8057154682665227 -0.40575778252829114 0.4314895202826854
vn -0.9102048241574535 -0.41413299835299294 0.004586693325163777
vn 0.3834641853382782 -0.37279299661448045 -0.8449737275430796
vn 0.3009366772338605 -0.863783233741934 -0.4041232997511659
vn -0.29389830907254566 -0.8629529742585447 0.41101818468606716
vn 0.4620686189561899 -0.886841122241302 -0.002327074925280898
vn -0.8804022109696445 -0.41345499237713024 0.23226475453281453
vn 0.25232100157278814 -0.9255225247563372 0.28238655834504595
vn -0.9670020516733389 0 0.25476858530743796
vn 0.9695206044632104 0 0.2450097906641505
vn 0.36756016877469466 -0.8717904247791162 0.3238533272853104
vn -0.25232044688037725 -0.9255205251127637 -0.28239360771993516
vn -0.41697778581994205 -0.8795499520113162 0.22917549618052516
vn -0.8804052758114983 -0.4134470032807019 0.23226735845031465
vn 0.4192527474027873 -0.8795577648634563 0.22495615586957288
vn 0.298033521626712 -0.8629446726907567 0.40804719317919924
vn -0.6064284681045993 0 -0.795138046550603
vn -0.24946324722673818 -0.9255193171963486 0.2849246949274422
vn -0.055037811428238374 -0.35952093303042437 -0.9315125001985334
vn 0.9102044340640022 -0.41413387134912577 -0.004585282064971342
vn -0.05899994282313289 0 -0.9982579860671624
vn 0.5454431769044048 -0.3829711975191692 0.7455365870560369
vn 0.8826964707353117 -0.4134589800998062 0.22337997297486883
vn 0.41369509579860664 0 -0.9104154918015079
vn 0.21387616546732274 -0.8551967678953524 -0.47211807212426926
vn 0.25232826309625644 -0.9255203032999945 0.2823873506768897
vn -0.3998128162258297 0 0.9165968099342102
vn -0.370743958159268 -0.37195903059493324 0.8509967080120091
vn 0.24947054878216393 -0.9255190786793057 -0.2849190767409848
vn -0.41696959540400524 -0.8795546169870311 0.22917249452195892
vn 0.7512822126696191 0 0.6599810883095372
vn -0.45026909913954094 -0.8849232857466424 0.11903157859758437
vn 0.6898463500006962 -0.39492905046778887 0.6067479365332259
vn 0.24946656646795357 -0.9255191726620964 -0.2849222582557545
vn 0.45143048731569807 -0.8849317762096313 0.114482603815507
vn 0.21192695011878165 -0.8545561374293016 0.4741526924897335
vn 0.004702842799160609 -0.3586281891559777 0.9334686417937728
vn 0.026159793046536338 -0.8448462573448559 -0.5343692231764029
vn 0.04564944502571539 -0.35951900324088415 -0.9320205011036642
vn 0.37929981090501813 -0.37195602285651214 0.847219198618742
vn 0.1948935371146567 -0.3644481068363383 -0.9106009480636109
vn 0.11048585963111925 -0.8487057429067004 -0.517195743194739
vn -0.10631168247407763 -0.8483808474602891 0.5186017391333092
vn -0.2071370340375748 -0.8545581406953185 0.4762610978250028
vn -0.8013275158031282 -0.40575400334402156 0.43958833149560184
vn 0.2980259870313528 -0.8629514219958613 0.4080384226139848
vn 0.5454400575603525 -0.38297990922687847 0.7455343940671895
vn -0.004702951510903597 -0.3586330178676354 -0.9334667860948446
vn 0.11152957898773204 -0.8483842121889776 0.5174991608875391
vn 0.04893838077122025 0 -0.9988017996016484
vn -0.10630951745652789 -0.8483870193678275 0.5185920861971707
vn -0.18735487860258698 -0.3640370405329782 0.9123459774580039
vn 0.1965376308382604 -0.3640329679945867 0.9104136191190991
vn 0.20956507053059845 0 -0.9777947029993082
vn -0.24947343966734636 -0.9255183427375535 0.28491893611495095
vn -0.25232975044552713 -0.925520773577849 -0.28238448030293345
vn -0.1873565357073501 -0.36402908975684334 0.9123488095780827
vn -0.7445961807185909 0 0.667515189085078
vn 0.25232502567264503 -0.9255199921067029 0.2823912633742552
vn -0.25232196341871244 -0.9255205094400158 -0.28239230404247867
vn 0.0026858466548669462 -0.8460668686032873 0.5330700142378807
vn -0.2071360820764928 -0.8545602659524418 0.4762576984756176
vn -0.3707424312799181 -0.3719609131852627 0.8509965503520215
vn 0.004697583608866307 -0.361095212036976 0.9325171207823527
vn 0.0026862758755804776 -0.8460644004313765 0.5330739294362606
vn -0.9101989546053821 -0.4141458936396864 0.004587135997012917
vn -0.6836989476069456 -0.39492878391911906 0.6136668515353596
vn 0.21192441243092874 -0.854558379794456 0.47414978534096147
vn -0.24946210700545832 -0.9255211430420802 0.284919762302439
vn 0.409025417589664 0 0.9125229902668761
vn 0.24946494909104064 -0.9255228748762572 -0.28491164815744663
vn -0.9102061578345412 -0.4141301151462026 0.0045823540975399235
vn -0.9999873317083138 0 0.005033529863490985
vn -0.5379021286143604 -0.3829790065263451 0.7509915982168068
vn 0.11153017646927965 -0.8483838168907955 0.5174996801685358
vn 0.004699527004845307 -0.3610918317511054 0.9325184199191789
vn -0.5827569470050807 0 0.8126465041562152
vn 0.004703063595800794 -0.3586361038061591 0.9334655999229707
vn 0.3792982162907961 -0.37195884167166093 0.8472186749717553
vn 0.2523259882926261 -0.9255203268299761 0.28238930620100244
vn -0.2939014660884695 -0.8629499872783913 0.41102219853345195
vn 0.19653847807830205 -0.3640331288308008 0.9104133719076859
vn 0.24946855570499207 -0.9255193243719048 -0.2849200237411163
vn -0.004703063595800671 -0.35863610380615957 -0.9334655999229706
vn -0.9102003014746286 -0.41414296595455047 0.004584206132275221
vn 0.0050384032436958815 0 0.9999873071658231
vn 0.9102029463534704 -0.41413713141877784 -0.004586156308606243
usemtl material_0_0
f 1//1 2//2 3//1
f 2//2 1//1 4//2
f 2//3 5//4 3//4
f 3//5 6//5 1//5
f 1//6 7//7 4//7
f 8//8 2//2 4//2
f 5//4 2//3 9//3
f 5//5 10//5 3//5
f 6//5 3//5 10//5
f 6//5 11//5 1//5
f 7//7 1//6 12//6
f 7//7 8//8 4//7
f 2//2 8//8 13//9
f 2//3 14//10 9//3
f 7//11 5//12 9//11
f 5//5 15//5 10//5
f 10//12 16//13 6//12
f 17//5 11//5 6//5
f 1//5 11//5 12//5
f 5//12 7//11 12//12
f 8//8 7//7 18//14
f 19//15 13//9 8//8
f 14//10 2//3 13//9
f 18//14 9//11 14//10
f 9//11 18//14 7//11
f 11//5 15//5 5//5
f 15//5 20//5 10//5
f 16//13 10//12 21//13
f 16//16 17//17 6//17
f 22//5 11//5 17//5
f 11//5 5//5 12//5
f 23//18 8//8 18//14
f 13//9 19//15 24//19
f 23//18 19//15 8//8
f 24//19 14//10 13//9
f 14//10 23//18 18//14
f 11//5 25//5 15//5
f 20//5 15//5 26//5
f 27//20 10//21 20//21
f 10//21 27//20 21//20
f 21//13 19//15 16//13
f 17//17 16//16 28//16
f 29//5 11//5 22//5
f 20//5 22//5 17//5
f 19//15 21//13 24//19
f 23//18 30//22 19//15
f 31//23 14//10 24//19
f 31//23 23//18 14//10
f 11//5 32//5 25//5
f 25//12 33//24 15//12
f 33//25 26//26 15//26
f 26//5 34//5 20//5
f 17//1 27//27 20//1
f 27//20 24//19 21//20
f 30//22 16//16 19//15
f 16//16 30//22 28//16
f 27//27 17//1 28//27
f 35//5 11//5 29//5
f 36//28 29//29 22//29
f 20//5 34//5 22//5
f 23//18 37//30 30//22
f 38//31 31//23 24//19
f 39//32 23//18 31//23
f 11//5 40//5 32//5
f 25//5 32//5 41//5
f 33//24 25//12 42//24
f 26//26 33//25 43//25
f 26//5 44//5 34//5
f 24//19 27//20 38//31
f 30//22 27//27 28//27
f 45//5 11//5 35//5
f 46//5 35//5 29//5
f 29//29 36//28 47//28
f 34//12 36//33 22//12
f 23//18 48//34 37//30
f 37//30 38//31 30//22
f 31//23 38//31 49//35
f 50//36 23//18 39//32
f 31//23 42//24 39//32
f 51//5 40//5 11//5
f 40//12 52//37 32//12
f 32//5 53//5 41//5
f 25//5 41//5 54//5
f 25//21 55//38 42//38
f 42//24 31//23 33//24
f 33//25 49//35 43//25
f 55//39 26//1 43//39
f 54//5 44//5 26//5
f 44//5 46//5 34//5
f 27//27 30//22 38//31
f 56//5 11//5 45//5
f 57//40 45//29 35//29
f 46//5 58//5 35//5
f 29//1 59//2 46//1
f 36//28 48//34 47//28
f 59//2 29//1 47//2
f 36//33 34//12 60//33
f 23//18 61//41 48//34
f 48//34 36//28 37//30
f 62//42 38//31 37//30
f 62//42 49//35 38//31
f 49//35 33//25 31//23
f 63//43 23//18 50//36
f 50//36 39//32 64//44
f 55//38 39//32 42//38
f 40//5 51//5 65//5
f 11//1 66//45 51//1
f 52//37 40//12 67//37
f 52//46 68//47 32//47
f 53//5 32//5 68//5
f 69//48 41//49 53//49
f 44//5 54//5 41//5
f 55//38 25//21 54//21
f 49//35 55//39 43//39
f 26//1 55//39 54//1
f 46//5 44//5 70//5
f 59//50 34//51 46//51
f 71//5 11//5 56//5
f 72//5 56//5 45//5
f 45//29 57//40 73//40
f 58//12 57//52 35//12
f 70//5 58//5 46//5
f 48//34 59//2 47//2
f 34//51 59//50 60//50
f 60//33 37//30 36//33
f 23//18 74//53 61//41
f 61//41 75//54 48//34
f 37//30 60//33 62//42
f 76//55 49//35 62//42
f 63//43 77//56 23//18
f 50//36 67//37 63//43
f 39//32 55//38 64//44
f 50//36 64//44 78//57
f 51//5 79//5 65//5
f 80//58 40//4 65//4
f 66//45 11//1 81//45
f 66//59 82//60 51//61
f 40//4 80//58 67//58
f 67//37 50//36 52//37
f 68//47 52//46 83//46
f 68//5 84//5 53//5
f 41//49 69//48 85//48
f 70//1 69//62 53//1
f 41//12 86//63 44//12
f 55//39 49//35 64//44
f 86//64 70//61 44//61
f 87//5 11//5 71//5
f 88//65 71//66 56//66
f 72//5 89//5 56//5
f 45//1 90//67 72//1
f 57//40 74//53 73//40
f 90//67 45//1 73//67
f 57//52 58//12 91//52
f 70//5 92//5 58//5
f 59//2 48//34 75//54
f 59//50 62//42 60//50
f 23//18 93//68 74//53
f 74//53 57//40 61//41
f 94//69 75//54 61//41
f 76//55 64//44 49//35
f 75//54 76//55 62//42
f 77//56 63//43 95//70
f 77//56 81//45 23//18
f 80//58 63//43 67//58
f 64//44 76//55 78//57
f 96//71 50//36 78//57
f 51//5 97//5 79//5
f 65//5 79//5 98//5
f 68//1 80//72 65//1
f 11//21 99//73 81//74
f 81//45 77//56 66//45
f 82//60 66//59 100//75
f 82//5 101//5 51//5
f 102//76 52//46 50//36
f 52//46 102//76 83//46
f 80//72 68//1 83//72
f 68//5 98//5 84//5
f 53//5 84//5 92//5
f 69//48 78//57 85//48
f 86//63 41//12 85//63
f 69//62 70//1 103//62
f 53//5 92//5 70//5
f 70//61 86//64 103//64
f 87//5 104//5 11//5
f 71//5 105//5 87//5
f 71//66 88//65 106//65
f 89//12 88//77 56//12
f 107//5 89//5 72//5
f 90//78 58//21 72//21
f 74//53 90//67 73//67
f 58//21 90//78 91//78
f 91//52 61//41 57//52
f 92//5 72//5 58//5
f 62//42 59//50 75//54
f 23//18 108//79 93//68
f 93//68 109//80 74//53
f 94//69 110//81 75//54
f 61//41 91//52 94//69
f 76//55 75//54 110//81
f 63//43 80//58 95//70
f 111//82 77//56 95//70
f 99//73 23//18 81//74
f 76//55 85//63 78//57
f 50//36 96//71 102//76
f 78//57 69//48 96//71
f 51//5 112//5 97//5
f 113//83 79//84 97//84
f 79//12 114//13 98//12
f 65//5 98//5 68//5
f 99//73 11//21 104//85
f 115//86 66//59 77//56
f 66//59 115//86 100//75
f 116//87 82//60 100//75
f 82//5 117//5 101//5
f 51//5 101//5 118//5
f 102//76 80//72 83//72
f 98//5 119//5 84//5
f 84//12 120//88 92//12
f 85//63 76//55 86//63
f 110//81 69//62 103//62
f 86//64 110//81 103//64
f 87//5 121//5 104//5
f 71//5 122//5 105//5
f 105//12 123//89 87//12
f 88//65 108//79 106//65
f 124//90 71//1 106//90
f 88//77 89//12 125//77
f 107//5 126//5 89//5
f 72//5 92//5 107//5
f 90//67 74//53 109//80
f 90//78 94//69 91//78
f 23//18 127//91 108//79
f 108//79 88//65 93//68
f 128//92 109//80 93//68
f 129//93 110//81 94//69
f 110//81 86//64 76//55
f 80//72 102//76 95//70
f 130//94 77//56 111//82
f 111//82 95//70 131//95
f 23//18 99//73 132//96
f 133//97 102//76 96//71
f 69//62 110//81 96//71
f 51//5 134//5 112//5
f 135//5 97//5 112//5
f 79//84 113//83 136//83
f 137//1 113//98 97//1
f 114//13 79//12 136//13
f 114//99 137//6 98//6
f 104//85 138//100 99//73
f 139//101 115//86 77//56
f 140//102 100//75 115//86
f 82//60 116//87 141//103
f 100//75 140//102 116//87
f 141//5 117//5 82//5
f 117//104 142//105 101//106
f 101//106 143//107 118//108
f 51//5 118//5 144//5
f 119//5 98//5 137//5
f 145//109 84//84 119//84
f 120//88 84//12 146//88
f 120//110 107//61 92//61
f 87//5 147//5 121//5
f 138//100 104//85 121//111
f 71//5 148//5 122//5
f 105//5 122//5 149//5
f 123//89 105//12 150//89
f 123//25 151//26 87//26
f 108//79 124//90 106//90
f 71//1 124//90 152//1
f 89//112 124//113 125//113
f 125//77 93//68 88//77
f 119//5 126//5 107//5
f 153//5 89//5 126//5
f 94//69 90//78 109//80
f 132//96 127//91 23//18
f 127//91 154//114 108//79
f 128//92 155//115 109//80
f 93//68 125//77 128//92
f 129//93 96//71 110//81
f 109//80 129//93 94//69
f 131//95 95//70 102//76
f 156//116 77//56 130//94
f 111//82 113//83 130//94
f 131//95 136//13 111//82
f 138//100 132//96 99//73
f 131//95 102//76 133//97
f 133//97 96//71 129//93
f 51//5 157//5 134//5
f 158//117 112//21 134//21
f 97//5 135//5 137//5
f 112//12 159//118 135//12
f 113//83 111//82 136//83
f 113//98 137//1 160//98
f 136//13 131//95 114//13
f 137//6 114//99 160//99
f 161//119 115//86 139//101
f 139//101 77//56 162//120
f 161//119 140//102 115//86
f 163//121 141//103 116//87
f 164//122 116//87 140//102
f 141//5 165//5 117//5
f 142//105 117//104 166//123
f 143//107 101//106 142//105
f 167//124 118//108 143//107
f 118//108 167//124 144//125
f 51//5 144//5 168//5
f 137//5 169//5 119//5
f 84//84 145//109 146//109
f 107//1 145//39 119//1
f 146//88 129//93 120//88
f 107//61 120//110 170//110
f 151//5 147//5 87//5
f 171//126 121//111 147//127
f 121//111 171//126 138//100
f 71//5 172//5 148//5
f 148//128 173//129 122//130
f 149//5 122//5 174//5
f 175//131 105//21 149//21
f 105//21 175//131 150//131
f 150//89 127//91 123//89
f 151//26 123//25 176//25
f 124//90 108//79 154//114
f 124//113 89//112 152//112
f 152//5 177//5 71//5
f 124//113 128//92 125//113
f 119//5 169//5 126//5
f 178//5 89//5 153//5
f 179//132 153//133 126//133
f 180//134 127//91 132//96
f 181//135 154//114 127//91
f 182//136 155//115 128//92
f 129//93 109//80 155//115
f 183//137 77//56 156//116
f 130//94 184//138 156//116
f 113//98 185//139 130//94
f 132//96 138//100 180//134
f 186//140 131//95 133//97
f 129//93 146//88 133//97
f 51//5 187//5 157//5
f 188//5 134//5 157//5
f 112//21 158//117 189//117
f 190//1 158//39 134//1
f 137//5 135//5 169//5
f 159//118 112//12 189//118
f 159//141 190//6 135//6
f 185//139 113//98 160//98
f 185//139 114//99 131//95
f 114//99 185//139 160//99
f 142//105 161//119 139//101
f 162//120 77//56 191//142
f 143//107 139//101 162//120
f 192//143 140//102 161//119
f 141//103 163//121 193//144
f 116//87 164//122 163//121
f 192//143 164//122 140//102
f 193//5 165//5 141//5
f 165//145 166//123 117//104
f 161//119 142//105 166//123
f 139//101 143//107 142//105
f 162//120 167//124 143//107
f 194//146 144//125 167//124
f 144//125 194//146 168//147
f 51//5 168//5 195//5
f 145//109 133//97 146//109
f 145//39 107//1 170//39
f 155//115 120//110 129//93
f 120//110 155//115 170//110
f 151//5 196//5 147//5
f 147//127 197//148 171//126
f 171//126 180//134 138//100
f 71//5 198//5 172//5
f 172//149 199//150 148//128
f 173//129 148//128 199//150
f 200//151 122//130 173//129
f 201//5 174//5 122//5
f 202//5 149//5 174//5
f 151//1 175//39 149//1
f 175//131 203//152 150//131
f 127//91 150//89 203//152
f 204//153 123//25 127//91
f 123//25 204//153 176//25
f 175//39 151//1 176//39
f 128//92 124//113 154//114
f 205//5 152//5 89//5
f 177//5 152//5 206//5
f 71//5 177//5 207//5
f 169//12 179//52 126//12
f 208//5 89//5 178//5
f 153//1 209//154 178//1
f 153//133 179//132 210//132
f 211//155 127//91 180//134
f 154//114 181//135 212//156
f 127//91 213//157 181//135
f 182//136 186//140 155//115
f 128//92 214//158 182//136
f 215//159 77//56 183//137
f 156//116 158//117 183//137
f 184//138 130//94 185//139
f 184//138 189//118 156//116
f 131//95 186//140 185//139
f 133//97 145//109 186//140
f 51//5 216//5 187//5
f 217//160 157//21 187//21
f 134//5 188//5 190//5
f 157//12 218//161 188//12
f 158//117 156//116 189//117
f 158//39 190//1 219//39
f 135//5 178//5 169//5
f 189//118 184//138 159//118
f 190//6 159//141 219//141
f 178//5 135//5 190//5
f 191//142 77//56 220//162
f 167//124 162//120 191//142
f 166//123 192//143 161//119
f 221//163 193//144 163//121
f 222//164 163//121 164//122
f 223//165 164//122 192//143
f 193//5 224//5 165//5
f 166//123 165//145 225//166
f 191//142 194//146 167//124
f 226//167 168//147 194//146
f 168//147 226//167 195//168
f 51//5 195//5 227//5
f 155//115 145//39 170//39
f 151//5 228//5 196//5
f 197//148 147//127 196//169
f 197//148 211//155 171//126
f 180//134 171//126 211//155
f 71//5 207//5 198//5
f 198//12 229//170 172//149
f 199//150 172//149 229//170
f 199//150 230//171 173//129
f 122//130 200//151 201//172
f 173//129 231//173 200//151
f 232//5 174//5 201//5
f 149//5 202//5 151//5
f 174//12 233//174 202//12
f 203//152 175//131 234//175
f 235//176 127//91 203//152
f 211//155 204//153 127//91
f 204//153 175//39 176//39
f 128//92 154//114 212//156
f 205//5 206//5 152//5
f 89//5 236//5 205//5
f 206//12 237//24 177//12
f 207//5 177//5 238//5
f 179//52 169//12 239//52
f 208//5 236//5 89//5
f 208//5 178//5 188//5
f 209//154 153//1 210//154
f 209//177 169//21 178//21
f 179//132 214//158 210//132
f 181//135 240//178 212//156
f 127//91 235//176 213//157
f 241//179 181//135 213//157
f 242//180 186//140 182//136
f 145//39 155//115 186//140
f 128//92 243//181 214//158
f 214//158 179//132 182//136
f 244//182 77//56 215//159
f 183//137 245//183 215//159
f 158//39 246//184 183//137
f 184//138 185//139 242//180
f 242//180 185//139 186//140
f 51//5 247//5 216//5
f 248//5 187//5 216//5
f 157//21 217//160 249//160
f 208//1 217//185 187//1
f 188//5 178//5 190//5
f 218//161 157//12 249//161
f 218//186 208//187 188//187
f 246//184 158//39 219//39
f 246//184 159//141 184//138
f 159//141 246//184 219//141
f 220//162 77//56 250//188
f 194//146 191//142 220//162
f 192//143 166//123 225//166
f 193//144 221//163 251//189
f 163//121 222//164 221//163
f 223//165 222//164 164//122
f 225//166 223//165 192//143
f 251//5 224//5 193//5
f 224//190 225//166 165//145
f 220//162 226//167 194//146
f 252//191 195//168 226//167
f 195//168 252//191 227//192
f 51//5 227//5 253//5
f 151//5 254//5 228//5
f 255//193 196//169 228//194
f 196//169 255//193 197//148
f 211//155 197//148 256//195
f 257//196 198//12 207//197
f 229//170 198//12 258//198
f 235//176 199//150 229//170
f 230//171 199//150 259//199
f 231//173 173//129 230//171
f 260//200 201//172 200//151
f 261//201 200//151 231//173
f 232//5 262//5 174//5
f 201//172 260//200 232//202
f 151//5 202//5 263//5
f 233//174 174//12 264//174
f 233//99 265//47 202//47
f 175//39 204//153 234//175
f 230//171 203//152 234//175
f 235//176 203//152 259//199
f 256//195 204//153 211//155
f 128//92 212//156 266//203
f 205//5 267//5 206//5
f 236//5 268//5 205//5
f 237//24 206//12 269//24
f 237//204 270//47 177//47
f 238//5 177//5 271//5
f 272//205 207//197 238//206
f 169//21 209//177 239//177
f 239//52 182//136 179//52
f 208//5 273//5 236//5
f 214//158 209//154 210//154
f 240//178 181//135 274//178
f 275//207 212//156 240//207
f 229//170 213//157 235//176
f 181//135 241//179 276//208
f 241//179 213//157 277//209
f 182//136 239//52 242//180
f 128//92 278//210 243//181
f 209//154 214//158 243//181
f 279//211 77//56 244//182
f 215//159 217//160 244//182
f 245//183 183//137 246//184
f 245//183 249//161 215//159
f 243//181 184//138 242//180
f 51//5 280//5 247//5
f 281//212 216//51 247//51
f 187//5 248//5 208//5
f 216//213 282//13 248//213
f 217//160 215//159 249//160
f 217//185 208//1 283//185
f 249//161 245//183 218//161
f 208//187 218//186 283//186
f 184//138 243//181 246//184
f 250//188 77//56 284//214
f 226//167 220//162 250//188
f 285//215 251//189 221//163
f 286//216 221//163 222//164
f 222//164 223//165 286//216
f 223//165 225//166 287//217
f 224//5 251//5 288//5
f 225//166 224//190 287//217
f 226//167 284//214 252//191
f 289//218 227//192 252//191
f 227//192 289//218 253//219
f 51//5 253//5 290//5
f 151//5 291//5 254//5
f 292//220 228//194 254//221
f 228//194 292//220 255//193
f 255//193 256//195 197//148
f 198//12 257//196 258//198
f 207//197 272//205 257//196
f 213//157 229//170 258//198
f 199//150 235//176 259//199
f 259//199 203//152 230//171
f 293//222 231//173 230//171
f 200//151 261//201 260//200
f 293//222 261//201 231//173
f 232//5 294//5 262//5
f 295//223 174//224 262//224
f 296//225 232//202 260//200
f 202//5 297//5 263//5
f 151//5 263//5 298//5
f 174//224 295//223 264//223
f 264//174 299//226 233//174
f 265//47 233//99 300//99
f 265//5 301//5 202//5
f 299//226 234//175 204//153
f 230//171 234//175 293//222
f 302//227 204//153 256//195
f 303//228 266//203 212//156
f 266//203 278//210 128//92
f 267//5 205//5 304//5
f 305//229 206//21 267//21
f 268//5 236//5 306//5
f 205//5 268//5 307//5
f 206//21 305//229 269//229
f 269//24 308//230 237//24
f 270//47 237//204 309//204
f 270//5 271//5 177//5
f 310//231 238//206 271//232
f 238//206 310//231 272//205
f 209//177 242//180 239//177
f 208//5 248//5 273//5
f 311//233 236//234 273//235
f 181//135 312//154 274//154
f 304//66 240//178 274//178
f 212//156 275//207 303//228
f 240//207 313//12 275//207
f 241//179 305//229 276//208
f 314//236 181//135 276//208
f 258//198 277//209 213//157
f 241//179 277//209 308//230
f 243//181 278//210 245//183
f 242//180 209//177 243//181
f 315//237 77//56 279//211
f 316//238 279//211 244//182
f 217//185 278//210 244//182
f 243//181 245//183 246//184
f 51//5 317//5 280//5
f 318//5 247//5 280//5
f 216//51 281//212 319//212
f 320//239 281//240 247//239
f 282//13 216//213 319//13
f 282//241 320//17 248//17
f 278//210 217//185 283//185
f 278//210 218//186 245//183
f 218//186 278//210 283//186
f 284//214 77//56 321//242
f 284//214 226//167 250//188
f 251//189 285//215 288//243
f 221//163 286//216 285//215
f 287//217 286//216 223//165
f 288//243 287//217 224//190
f 321//242 252//191 284//214
f 252//191 321//242 289//218
f 322//244 253//219 289//218
f 323//5 290//5 253//5
f 51//5 290//5 324//5
f 151//5 325//5 291//5
f 326//245 254//221 291//246
f 254//221 326//245 292//220
f 327//247 255//193 292//220
f 256//195 255//193 302//227
f 277//209 258//198 257//196
f 328//248 257//196 272//205
f 329//249 260//200 261//201
f 330//250 261//201 293//222
f 331//5 294//5 232//5
f 294//5 332//5 262//5
f 265//251 295//252 262//251
f 232//202 296//225 331//253
f 260//200 329//249 296//225
f 202//5 333//5 297//5
f 334//254 263//255 297//256
f 335//257 298//258 263//255
f 151//5 298//5 336//5
f 295//223 293//222 264//223
f 299//226 264//174 293//222
f 337//259 233//99 299//226
f 233//99 337//259 300//99
f 295//252 265//251 300//252
f 265//5 332//5 301//5
f 202//5 301//5 333//5
f 234//175 299//226 293//222
f 299//226 204//153 338//260
f 327//247 204//153 302//227
f 339//261 266//203 303//228
f 340//262 278//210 266//203
f 240//178 304//66 205//66
f 304//5 341//5 267//5
f 270//1 305//263 267//1
f 236//234 342//264 306//265
f 268//5 306//5 343//5
f 268//12 344//174 307//12
f 205//5 307//5 313//5
f 305//229 241//179 269//229
f 308//230 269//24 241//179
f 345//266 237//204 308//230
f 237//204 345//266 309//204
f 305//263 270//1 309//263
f 270//5 346//5 271//5
f 271//232 347//267 310//231
f 348//268 272//205 310//231
f 273//5 248//5 349//5
f 236//234 311//233 350//269
f 273//235 351//270 311//233
f 312//154 181//135 352//271
f 312//154 304//1 274//154
f 312//272 303//228 275//272
f 313//12 240//207 205//12
f 313//84 312//272 275//272
f 305//263 345//266 276//208
f 353//273 181//135 314//236
f 314//236 276//208 354//274
f 308//230 277//209 328//248
f 355//275 77//56 315//237
f 279//211 281//212 315//237
f 356//136 316//238 244//182
f 278//210 356//136 244//182
f 51//5 357//5 317//5
f 358//276 280//51 317//51
f 247//5 318//5 320//5
f 280//213 359//277 318//213
f 281//212 279//211 319//212
f 281//240 320//239 360//240
f 319//13 356//136 282//13
f 320//17 282//241 360//241
f 320//5 361//5 248//5
f 321//242 77//56 362//278
f 287//217 288//243 285//215
f 286//216 287//217 285//215
f 363//279 289//218 321//242
f 253//219 322//244 323//280
f 289//218 363//279 322//244
f 323//5 364//5 290//5
f 365//281 324//51 290//51
f 51//5 324//5 366//5
f 151//5 367//5 325//5
f 368//282 291//246 325//283
f 291//246 368//282 326//245
f 369//284 292//220 326//245
f 255//193 327//247 302//227
f 292//220 369//284 327//247
f 257//196 328//248 277//209
f 272//205 348//268 328//248
f 261//201 330//250 329//249
f 293//222 295//223 330//250
f 331//5 370//5 294//5
f 371//5 332//5 294//5
f 262//5 332//5 265//5
f 372//285 331//253 296//225
f 373//286 296//225 329//249
f 374//287 297//256 333//288
f 263//255 334//254 335//257
f 297//256 374//287 334//254
f 298//258 335//257 375//289
f 375//289 336//290 298//258
f 151//5 336//5 376//5
f 377//291 337//259 299//226
f 337//259 295//252 300//252
f 378//292 301//293 332//294
f 379//295 333//288 301//293
f 338//260 204//153 380//296
f 381//297 299//226 338//260
f 369//284 204//153 327//247
f 266//203 339//261 382//298
f 339//261 303//228 383//226
f 356//136 278//210 340//262
f 350//269 340//262 266//203
f 304//5 384//5 341//5
f 267//5 341//5 385//5
f 267//5 385//5 270//5
f 342//264 236//234 350//269
f 386//299 306//265 342//264
f 306//265 386//299 343//300
f 268//5 343//5 387//5
f 344//174 268//12 388//174
f 344//204 389//6 307//6
f 313//5 307//5 390//5
f 348//268 345//266 308//230
f 345//266 305//263 309//263
f 270//5 391//5 346//5
f 347//267 271//232 346//301
f 347//267 348//268 310//231
f 349//5 248//5 392//5
f 351//270 273//235 349//302
f 340//262 350//269 311//233
f 393//303 311//233 351//270
f 394//304 352//271 181//135
f 303//228 312//272 352//271
f 304//1 312//154 395//1
f 312//272 313//84 395//84
f 354//274 276//208 345//266
f 396//305 181//135 353//273
f 314//236 397//306 353//273
f 354//274 398//307 314//236
f 308//230 328//248 348//268
f 399//308 77//56 355//275
f 315//237 400//309 355//275
f 281//240 401//310 315//237
f 356//136 402//238 316//238
f 403//5 356//5 244//5
f 51//5 366//5 357//5
f 357//5 404//5 317//5
f 280//51 358//276 405//276
f 406//1 358//39 317//1
f 320//5 318//5 407//5
f 359//277 280//213 405//277
f 359//311 406//312 318//312
f 356//136 319//13 279//211
f 401//310 281//240 360//240
f 401//310 282//241 356//136
f 282//241 401//310 360//241
f 320//5 408//5 361//5
f 248//5 361//5 409//5
f 362//278 77//56 410//313
f 362//278 363//279 321//242
f 322//244 411//314 323//280
f 412//315 322//244 363//279
f 411//5 364//5 323//5
f 290//5 364//5 413//5
f 324//51 365//281 414//281
f 415//1 365//62 290//1
f 416//5 366//5 324//5
f 151//5 376//5 367//5
f 367//316 368//282 325//283
f 417//317 326//245 368//282
f 326//245 417//317 369//284
f 418//318 329//249 330//250
f 295//252 337//259 330//250
f 419//5 370//5 331//5
f 370//319 420//174 294//319
f 371//5 421//5 332//5
f 420//320 371//26 294//26
f 331//253 372//285 419//26
f 296//225 373//286 372//285
f 422//321 373//286 329//249
f 333//288 379//295 374//287
f 423//322 335//257 334//254
f 374//287 423//322 334//254
f 381//297 375//289 335//257
f 336//290 375//289 424//323
f 336//290 425//324 376//325
f 426//326 337//259 377//291
f 377//291 299//226 427//327
f 301//293 378//292 379//295
f 332//294 428//328 378//292
f 380//296 204//153 429//329
f 424//323 338//260 380//296
f 423//322 299//226 381//297
f 375//289 381//297 338//260
f 417//317 204//153 369//284
f 382//298 339//261 430//330
f 342//264 266//203 382//298
f 383//226 303//228 431//331
f 383//226 388//174 339//261
f 356//136 340//262 393//303
f 266//203 342//264 350//269
f 304//5 432//5 384//5
f 433//5 341//5 384//5
f 341//12 434//307 385//12
f 270//5 385//5 391//5
f 382//298 386//299 342//264
f 435//332 343//300 386//299
f 343//300 435//332 387//333
f 268//5 387//5 436//5
f 268//84 437//334 388//334
f 388//174 383//226 344//174
f 389//6 344//204 438//204
f 439//5 307//5 389//5
f 307//5 439//5 390//5
f 313//5 390//5 395//5
f 440//335 345//266 348//268
f 441//336 346//301 391//337
f 346//301 441//336 347//267
f 348//268 347//267 440//335
f 392//5 248//5 409//5
f 442//231 349//302 392//338
f 349//302 442//231 351//270
f 311//233 393//303 340//262
f 351//270 403//339 393//303
f 352//271 394//304 431//331
f 394//304 181//135 443//340
f 431//331 303//228 352//271
f 395//5 444//5 304//5
f 354//274 345//266 445//341
f 446//342 181//135 396//305
f 353//273 447//343 396//305
f 314//236 448//344 397//306
f 397//306 449//345 353//273
f 398//307 354//274 434//307
f 450//3 314//236 398//3
f 451//346 77//56 399//308
f 355//275 358//276 399//308
f 400//309 315//237 401//310
f 400//309 405//277 355//275
f 403//339 402//238 356//136
f 356//136 393//303 403//339
f 452//347 357//348 366//348
f 404//5 357//5 453//5
f 317//5 404//5 454//5
f 358//276 355//275 405//276
f 358//39 406//1 455//39
f 317//5 454//5 406//5
f 407//5 318//5 456//5
f 320//5 407//5 457//5
f 405//277 400//309 359//277
f 406//312 359//311 455//311
f 406//5 458//5 318//5
f 320//5 457//5 408//5
f 459//349 361//350 408//351
f 460//352 409//353 361//350
f 410//313 77//56 461//354
f 410//313 365//281 362//278
f 462//355 363//279 362//278
f 411//314 322//244 463//356
f 322//244 412//315 463//356
f 462//355 412//315 363//279
f 411//5 464//5 364//5
f 364//12 465//357 413//12
f 290//5 413//5 415//5
f 365//281 410//313 414//281
f 466//13 324//12 414//13
f 365//62 415//1 467//62
f 366//5 416//5 468//5
f 324//12 466//13 416//12
f 376//325 469//358 367//316
f 368//282 367//316 469//358
f 368//282 470//359 417//317
f 422//321 329//249 418//318
f 418//318 330//250 337//259
f 419//5 471//5 370//5
f 420//174 370//319 472//174
f 471//5 421//5 371//5
f 428//328 332//294 421//360
f 371//26 420//320 473//320
f 372//285 474//361 419//26
f 475//362 372//285 373//286
f 476//363 373//286 422//321
f 379//295 427//327 374//287
f 335//257 423//322 381//297
f 423//322 374//287 427//327
f 338//260 424//323 375//289
f 425//324 336//290 424//323
f 469//358 376//325 425//324
f 418//318 337//259 426//326
f 377//291 378//292 426//326
f 427//327 299//226 423//322
f 427//327 379//295 377//291
f 378//292 377//291 379//295
f 428//328 426//326 378//292
f 429//329 204//153 470//359
f 425//324 380//296 429//329
f 380//296 425//324 424//323
f 470//359 204//153 417//317
f 430//330 339//261 477//364
f 386//299 382//298 430//330
f 478//365 383//226 431//331
f 437//334 339//261 388//334
f 304//5 479//5 432//5
f 432//128 449//345 384//366
f 433//5 480//5 341//5
f 384//366 481//367 433//172
f 434//307 341//12 398//307
f 434//46 482//47 385//47
f 385//5 483//5 391//5
f 386//299 477//364 435//332
f 484//368 387//333 435//332
f 387//5 485//5 436//5
f 437//334 268//84 436//84
f 486//369 344//204 383//226
f 344//204 486//369 438//204
f 437//39 389//1 438//39
f 389//5 487//5 439//5
f 488//370 390//371 439//371
f 444//5 395//5 390//5
f 445//341 345//266 440//335
f 391//337 489//372 441//336
f 441//336 440//335 347//267
f 490//373 392//338 409//353
f 392//338 490//373 442//231
f 403//339 351//270 442//231
f 394//304 491//374 431//331
f 443//340 181//135 492//375
f 394//304 443//340 493//376
f 304//5 444//5 494//5
f 495//377 354//274 445//341
f 492//375 181//135 446//342
f 447//343 446//342 396//305
f 447//343 353//273 449//345
f 496//378 448//344 314//236
f 448//344 481//367 397//306
f 449//345 397//306 481//367
f 497//379 434//46 354//274
f 314//236 450//3 496//378
f 341//112 450//3 398//3
f 461//354 77//56 451//346
f 498//380 451//346 399//308
f 358//39 499//381 399//308
f 400//309 401//310 500//382
f 501//383 402//238 403//339
f 357//348 452//347 502//347
f 468//1 452//2 366//1
f 453//5 357//5 503//5
f 453//384 504//385 404//386
f 404//386 505//387 454//388
f 499//381 358//39 455//39
f 406//5 454//5 458//5
f 456//5 318//5 506//5
f 456//389 507//390 407//391
f 407//391 508//392 457//51
f 499//381 359//311 400//309
f 359//311 499//381 455//311
f 506//5 318//5 458//5
f 508//392 408//351 457//51
f 361//350 459//349 460//352
f 408//351 508//392 459//349
f 409//353 460//352 490//373
f 461//354 509//393 410//313
f 365//62 510//394 362//278
f 462//355 362//278 511//395
f 512//396 411//314 463//356
f 513//397 463//356 412//315
f 514//398 412//315 462//355
f 411//5 515//5 464//5
f 516//399 364//400 464//400
f 465//357 364//12 517//357
f 465//401 518//26 413//26
f 415//5 413//5 519//5
f 509//393 414//13 410//313
f 414//13 509//393 466//13
f 415//26 466//402 467//402
f 510//394 365//62 467//62
f 468//5 416//5 520//5
f 466//402 415//26 416//26
f 470//359 368//282 469//358
f 418//318 472//174 422//321
f 419//5 521//5 471//5
f 522//403 370//404 471//404
f 370//404 522//403 472//403
f 472//174 418//318 420//174
f 521//5 421//5 471//5
f 371//1 522//405 471//1
f 421//360 523//406 428//328
f 420//320 524//407 473//320
f 522//405 371//1 473//405
f 474//361 372//285 525//408
f 474//5 521//5 419//5
f 372//285 475//362 525//408
f 476//363 475//362 373//286
f 422//321 522//403 476//363
f 429//329 469//358 425//324
f 426//326 524//407 418//318
f 426//326 428//328 526//409
f 469//358 429//329 470//359
f 477//364 339//261 527//410
f 477//364 386//299 430//330
f 383//226 478//365 486//369
f 431//331 488//370 478//365
f 339//261 437//334 527//410
f 304//5 528//5 479//5
f 479//411 447//343 432//128
f 449//345 432//128 447//343
f 481//367 384//366 449//345
f 480//5 433//5 529//5
f 450//3 341//112 480//112
f 530//412 433//172 481//367
f 482//47 434//46 531//46
f 482//5 483//5 385//5
f 489//372 391//337 483//413
f 532//414 435//332 477//364
f 387//333 484//368 533//415
f 435//332 532//414 484//368
f 533//5 485//5 387//5
f 436//5 485//5 389//5
f 389//1 437//39 436//1
f 486//369 437//39 438//39
f 389//5 485//5 487//5
f 439//5 487//5 534//5
f 390//371 488//370 491//370
f 535//1 488//416 439//1
f 390//12 536//374 444//12
f 440//335 441//336 445//341
f 489//372 445//341 441//336
f 490//373 403//339 442//231
f 491//374 394//304 536//374
f 488//370 431//331 491//370
f 537//417 443//340 492//375
f 538//418 493//376 443//340
f 394//304 493//376 539//419
f 494//5 444//5 540//5
f 304//5 494//5 541//5
f 495//377 497//379 354//274
f 445//341 489//372 495//377
f 542//420 492//375 446//342
f 446//342 447//343 542//420
f 448//344 496//378 543//421
f 481//367 448//344 530//412
f 434//46 497//379 531//46
f 450//45 497//379 496//378
f 451//346 452//347 461//354
f 544//422 451//346 498//380
f 498//380 399//308 545//423
f 545//423 399//308 499//381
f 500//382 401//310 546//424
f 400//309 500//382 547//425
f 548//426 402//238 501//383
f 403//339 490//373 501//383
f 452//347 451//346 502//347
f 549//118 357//12 502//118
f 452//2 468//1 550//2
f 357//12 549//118 503//12
f 453//5 503//5 551//5
f 504//385 453//384 552//427
f 505//387 404//386 504//385
f 553//428 454//388 505//387
f 454//388 553//428 458//429
f 506//430 554//431 456//389
f 507//390 456//389 554//431
f 508//392 407//391 507//390
f 555//432 499//381 400//309
f 458//429 556//433 506//430
f 459//349 548//426 460//352
f 508//392 557//434 459//349
f 460//352 501//383 490//373
f 509//393 461//354 558//435
f 511//395 362//278 510//394
f 511//395 517//357 462//355
f 411//314 512//396 559//436
f 463//356 513//397 512//396
f 560//437 513//397 412//315
f 560//437 412//315 514//398
f 462//355 516//399 514//398
f 559//5 515//5 411//5
f 561//5 464//5 515//5
f 364//400 516//399 517//399
f 518//1 516//438 464//1
f 517//357 511//395 465//357
f 518//26 465//401 562//401
f 563//5 413//5 518//5
f 413//5 563//5 519//5
f 415//5 519//5 564//5
f 510//394 466//402 509//393
f 466//402 510//394 467//402
f 416//5 564//5 520//5
f 468//5 520//5 565//5
f 564//5 416//5 415//5
f 522//403 422//321 472//403
f 524//407 420//320 418//318
f 521//5 566//5 421//5
f 523//406 421//360 566//439
f 523//406 526//409 428//328
f 524//407 522//405 473//405
f 525//408 567//440 474//361
f 474//5 568//5 521//5
f 569//441 525//408 475//362
f 570//442 475//362 476//363
f 522//405 524//407 476//363
f 526//409 524//407 426//326
f 527//410 532//414 477//364
f 571//443 486//369 478//365
f 488//416 572//444 478//365
f 437//39 486//369 527//410
f 304//5 541//5 528//5
f 528//12 542//420 479//411
f 447//343 479//411 542//420
f 433//172 530//412 529//445
f 573//5 480//5 529//5
f 482//1 450//45 480//1
f 450//45 482//1 531//45
f 482//5 574//5 483//5
f 483//413 575//446 489//372
f 576//447 533//415 484//368
f 577//448 484//368 532//414
f 578//5 485//5 533//5
f 485//5 579//5 487//5
f 487//12 580//374 534//12
f 439//5 534//5 535//5
f 536//374 390//12 491//374
f 488//416 535//1 581//416
f 536//40 535//29 444//29
f 572//444 536//40 394//304
f 443//340 537//417 538//418
f 492//375 542//420 537//417
f 493//376 538//418 582//449
f 582//449 539//419 493//376
f 539//419 572//444 394//304
f 535//5 540//5 444//5
f 583//450 494//451 540//232
f 582//449 541//452 494//451
f 584//453 497//379 495//377
f 575//446 495//377 489//372
f 585//41 543//421 496//378
f 543//421 530//412 448//344
f 497//379 450//45 531//45
f 585//41 496//378 497//379
f 452//2 558//435 461//354
f 451//346 544//422 586//454
f 504//385 544//422 498//380
f 505//387 498//380 545//423
f 545//423 499//381 587//455
f 546//424 401//310 557//434
f 546//424 507//390 500//382
f 500//382 554//431 547//425
f 555//432 400//309 547//425
f 548//426 401//310 402//238
f 501//383 460//352 548//426
f 586//454 502//118 451//346
f 502//118 586//454 549//118
f 468//29 549//456 550//456
f 558//435 452//2 550//2
f 549//456 468//29 503//29
f 551//5 503//5 588//5
f 589//457 453//384 551//458
f 453//384 589//457 552//427
f 544//422 504//385 552//427
f 498//380 505//387 504//385
f 545//423 553//428 505//387
f 556//433 458//429 553//428
f 554//431 506//430 556//433
f 554//431 500//382 507//390
f 507//390 546//424 508//392
f 499//381 555//432 587//455
f 548//426 459//349 557//434
f 557//434 508//392 546//424
f 509//393 558//435 590//331
f 511//395 510//394 591//459
f 516//399 462//355 517//399
f 592//460 559//436 512//396
f 593//461 512//396 513//397
f 594//462 513//397 560//437
f 514//398 595//463 560//437
f 516//438 596//464 514//398
f 559//5 597//5 515//5
f 464//5 561//5 518//5
f 515//12 598//37 561//12
f 516//438 518//1 562//438
f 596//464 465//401 511//395
f 465//401 596//464 562//401
f 518//5 599//5 563//5
f 600//465 519//4 563//4
f 564//5 519//5 601//5
f 509//393 602//466 510//394
f 603//467 520//400 564//400
f 565//5 520//5 604//5
f 565//5 503//5 468//5
f 605//5 566//5 521//5
f 566//439 606//468 523//406
f 526//409 523//406 607//469
f 567//440 525//408 608//470
f 567//5 568//5 474//5
f 568//12 609//63 521//12
f 525//408 569//441 608//470
f 610//471 569//441 475//362
f 610//471 475//362 570//442
f 526//409 570//442 476//363
f 526//409 476//363 524//407
f 611//472 532//414 527//410
f 611//472 486//369 571//443
f 571//443 478//365 612//473
f 572//444 488//416 581//416
f 612//473 478//365 572//444
f 611//472 527//410 486//369
f 538//418 528//12 541//452
f 542//420 528//12 537//417
f 613//474 529//445 530//412
f 573//5 614//5 480//5
f 529//445 613//474 573//475
f 480//5 614//5 482//5
f 482//5 614//5 574//5
f 575//446 483//413 574//51
f 533//415 576//447 578//476
f 484//368 577//448 576//447
f 611//472 577//448 532//414
f 578//5 615//5 485//5
f 579//5 485//5 616//5
f 617//477 487//49 579//49
f 580//374 487//12 618//374
f 580//478 619//29 534//29
f 535//5 534//5 620//5
f 535//29 536//40 581//40
f 536//40 572//444 581//40
f 528//12 538//418 537//417
f 541//452 582//449 538//418
f 539//419 582//449 583//450
f 621//479 572//444 539//419
f 535//5 622//5 540//5
f 494//451 583//450 582//449
f 540//232 623//480 583//450
f 585//41 497//379 584//453
f 495//377 575//446 584//453
f 624//180 543//421 585//41
f 530//412 543//421 613//474
f 586//454 544//422 625//481
f 553//428 545//423 587//455
f 557//434 401//310 548//426
f 556//433 547//425 554//431
f 547//425 556//433 555//432
f 558//435 549//456 586//454
f 549//456 558//435 550//456
f 588//5 503//5 626//5
f 627//482 551//458 588//483
f 551//458 627//482 589//457
f 625//481 552//427 589//457
f 552//427 625//481 544//422
f 553//428 555//432 556//433
f 555//432 553//428 587//455
f 590//331 558//435 628//484
f 602//466 509//393 590//331
f 591//459 510//394 602//466
f 629//485 511//395 591//459
f 559//436 592//460 630//486
f 512//396 593//461 592//460
f 594//462 593//461 513//397
f 560//437 631//20 594//462
f 595//463 514//398 596//464
f 595//463 632//37 560//437
f 596//464 516//438 562//438
f 630//5 597//5 559//5
f 631//20 515//348 597//348
f 518//5 561//5 599//5
f 598//37 515//12 632//37
f 598//487 633//488 561//488
f 511//395 629//485 596//464
f 563//5 599//5 634//5
f 519//4 600//465 635//465
f 636//1 600//489 563//1
f 519//12 637//207 601//12
f 564//5 601//5 638//5
f 520//400 603//467 639//467
f 638//1 603//490 564//1
f 520//12 640//491 604//12
f 565//5 604//5 641//5
f 503//5 565//5 642//5
f 643//5 566//5 605//5
f 609//492 605//6 521//6
f 606//468 566//439 644//493
f 606//468 607//469 523//406
f 607//469 645//35 526//409
f 608//470 646//494 567//440
f 567//5 643//5 568//5
f 609//63 568//12 647//63
f 648//495 608//470 569//441
f 649//496 569//441 610//471
f 570//442 647//63 610//471
f 526//409 645//35 570//442
f 650//497 611//472 571//443
f 612//473 618//374 571//443
f 612//473 572//444 651//426
f 573//5 652//5 614//5
f 653//498 573//475 613//474
f 614//5 654//5 574//5
f 654//499 575//446 574//51
f 655//500 578//476 576//447
f 656//501 576//447 577//448
f 611//472 656//501 577//448
f 657//5 615//5 578//5
f 615//12 658//174 485//12
f 658//28 616//6 485//6
f 616//5 642//5 579//5
f 487//49 617//477 618//477
f 619//1 617//154 579//1
f 618//374 612//473 580//374
f 619//29 580//478 659//478
f 619//5 660//5 534//5
f 534//5 660//5 620//5
f 535//5 620//5 622//5
f 623//480 539//419 583//450
f 572//444 621//479 661//238
f 539//419 623//480 621//479
f 623//480 540//232 622//502
f 662//503 585//41 584//453
f 663//504 584//453 575//446
f 624//180 664//505 543//421
f 585//41 665//207 624//180
f 664//505 613//474 543//421
f 586//454 625//481 666//506
f 586//454 628//484 558//435
f 626//5 503//5 667//5
f 668//507 588//483 626//508
f 588//483 668//507 627//482
f 666//506 589//457 627//482
f 589//457 666//506 625//481
f 590//331 628//484 669//304
f 590//331 603//467 602//466
f 591//459 602//466 670//393
f 591//459 600//465 629//485
f 671//509 630//486 592//460
f 672//510 592//460 593//461
f 673//511 593//461 594//462
f 631//20 560//437 632//20
f 631//489 674//512 594//462
f 595//463 596//464 675//42
f 632//37 595//463 598//37
f 630//5 676//5 597//5
f 515//348 631//20 632//20
f 633//1 631//489 597//1
f 561//5 677//5 599//5
f 633//488 598//487 678//487
f 677//5 561//5 633//5
f 675//42 596//464 629//485
f 599//12 679//33 634//12
f 563//5 634//5 636//5
f 600//465 591//459 635//465
f 637//207 519//12 635//207
f 600//489 636//1 680//489
f 637//513 636//488 601//488
f 638//5 601//5 604//5
f 603//467 590//331 639//467
f 640//491 520//12 639//491
f 603//490 638//1 681//490
f 640//204 638//488 604//488
f 641//5 604//5 682//5
f 641//1 683//2 565//1
f 683//514 642//515 565//515
f 616//5 503//5 642//5
f 684//5 566//5 643//5
f 605//1 685//2 643//1
f 605//6 609//492 686//492
f 687//5 644//5 566//5
f 644//493 688//516 606//468
f 607//469 606//468 689//517
f 690//472 645//35 607//469
f 646//494 608//470 691//518
f 646//5 643//5 567//5
f 685//519 568//348 643//348
f 568//348 685//519 647//519
f 647//63 570//442 609//63
f 608//470 648//495 691//518
f 569//441 649//496 648//495
f 610//471 685//519 649//496
f 685//519 610//471 647//519
f 645//35 609//492 570//442
f 611//472 650//497 692//520
f 571//443 617//477 650//497
f 617//477 571//443 618//477
f 572//5 651//5 693//5
f 572//444 661//238 651//426
f 693//521 612//473 651//426
f 573//5 694//5 652//5
f 652//12 695//207 614//12
f 573//475 653//498 696//61
f 613//474 664//505 653//498
f 697//5 654//5 614//5
f 575//446 654//499 663//504
f 578//476 655//500 657//522
f 576//447 656//501 655//500
f 698//523 656//501 611//472
f 699//5 615//5 657//5
f 658//174 615//12 700//174
f 616//6 658//28 701//28
f 579//5 642//5 702//5
f 617//154 619//1 659//154
f 579//5 702//5 619//5
f 703//524 580//478 612//473
f 580//478 703//524 659//478
f 619//5 704//5 660//5
f 705//525 620//526 660//527
f 706//352 622//502 620//526
f 706//352 621//479 623//480
f 622//502 706//352 623//480
f 662//503 707//528 585//41
f 584//453 663//504 662//503
f 708//529 664//505 624//180
f 665//207 585//41 695//207
f 709//530 624//180 665//530
f 586//454 666//506 710//531
f 628//484 586//454 711//532
f 667//5 503//5 712//5
f 713//533 626//508 667//534
f 626//508 713//533 668//507
f 710//531 627//482 668//507
f 627//482 710//531 666//506
f 669//304 628//484 714//535
f 669//304 639//491 590//331
f 603//490 715//81 602//466
f 670//393 602//466 715//81
f 670//393 635//207 591//459
f 600//489 716//536 629//485
f 630//486 671//509 717//537
f 592//460 672//510 671//509
f 718//538 672//510 593//461
f 718//538 593//461 673//511
f 719//539 673//511 594//462
f 674//512 631//489 678//489
f 720//540 594//462 674//512
f 721//541 595//463 675//42
f 674//512 598//487 595//463
f 630//5 722//5 676//5
f 676//5 723//5 597//5
f 631//489 633//1 678//489
f 597//5 724//5 633//5
f 725//542 599//515 677//515
f 598//487 674//512 678//487
f 726//5 677//5 633//5
f 675//42 629//485 727//543
f 679//33 599//12 728//33
f 679//544 729//61 634//61
f 636//5 634//5 601//5
f 635//207 670//393 637//207
f 636//488 637//513 680//513
f 716//536 600//489 680//489
f 601//5 730//5 604//5
f 639//491 669//304 640//491
f 638//488 640//204 681//204
f 715//81 603//490 681//490
f 682//5 604//5 730//5
f 641//5 682//5 731//5
f 683//2 641//1 732//2
f 642//515 683//514 733//514
f 734//5 503//5 616//5
f 687//5 566//5 684//5
f 646//5 684//5 643//5
f 685//2 605//1 686//2
f 609//492 645//35 686//492
f 687//5 735//5 644//5
f 688//516 644//493 735//545
f 688//516 689//517 606//468
f 689//517 736//546 607//469
f 690//472 649//496 645//35
f 607//469 736//546 690//472
f 691//518 737//547 646//494
f 648//495 738//548 691//518
f 690//472 648//495 649//496
f 685//2 645//35 649//496
f 711//532 692//520 650//497
f 692//520 658//28 611//472
f 617//154 703//524 650//497
f 693//521 651//426 661//238
f 651//426 705//525 693//521
f 693//521 703//524 612//473
f 694//5 573//5 696//5
f 709//530 652//51 694//51
f 695//207 652//12 665//207
f 695//549 697//61 614//61
f 653//498 739//550 696//61
f 740//551 653//498 664//505
f 697//5 741//5 654//5
f 741//552 663//504 654//499
f 742//553 657//522 655//500
f 743//554 655//500 656//501
f 698//523 743//554 656//501
f 611//472 700//174 698//523
f 699//5 734//5 615//5
f 657//522 742//553 699//66
f 615//555 744//556 700//556
f 700//174 611//472 658//174
f 658//28 692//520 701//28
f 744//557 616//1 701//557
f 642//12 745//13 702//12
f 703//524 617//154 659//154
f 619//5 702//5 704//5
f 746//558 660//527 704//84
f 620//526 705//525 706//352
f 660//527 746//558 705//525
f 621//479 706//352 651//426
f 747//559 707//528 662//503
f 707//528 695//549 585//41
f 748//560 662//503 663//504
f 664//505 708//529 740//551
f 624//180 709//530 708//529
f 652//51 709//530 665//530
f 586//454 710//531 749//561
f 586//454 692//520 711//532
f 711//532 683//514 628//484
f 712//5 503//5 734//5
f 750//562 667//534 712//563
f 667//534 750//562 713//533
f 749//561 668//507 713//533
f 668//507 749//561 710//531
f 683//2 714//535 628//484
f 669//304 714//535 751//564
f 670//393 715//81 669//304
f 727//543 629//485 716//536
f 752//565 717//537 671//509
f 717//5 722//5 630//5
f 753//566 671//509 672//510
f 672//510 718//538 753//566
f 673//511 754//567 718//538
f 673//511 719//539 755//568
f 594//462 720//540 719//539
f 720//540 674//512 756//569
f 595//463 721//541 674//512
f 675//42 725//542 721//541
f 722//570 757//571 676//572
f 723//5 676//5 758//5
f 724//5 597//5 723//5
f 633//5 724//5 726//5
f 599//515 725//542 728//542
f 729//1 725//2 677//1
f 759//5 677//5 726//5
f 727//543 728//33 675//42
f 728//33 727//543 679//33
f 729//61 679//544 760//544
f 729//5 761//5 634//5
f 601//5 634//5 762//5
f 716//536 637//513 670//393
f 637//513 716//536 680//513
f 601//5 762//5 730//5
f 715//81 640//204 669//304
f 640//204 715//81 681//204
f 730//573 763//574 682//575
f 682//575 764//576 731//552
f 641//5 731//5 765//5
f 641//133 745//577 732//577
f 714//535 683//2 732//2
f 683//514 711//532 733//514
f 745//13 642//12 733//13
f 616//1 744//557 734//1
f 766//25 687//26 684//26
f 737//5 684//5 646//5
f 645//35 685//2 686//2
f 767//5 735//5 687//5
f 735//545 768//578 688//516
f 689//517 688//516 769//579
f 769//579 736//546 689//517
f 736//546 766//25 690//472
f 737//547 691//518 738//548
f 738//548 648//495 770//580
f 690//472 770//580 648//495
f 711//532 650//497 771//318
f 771//318 650//497 703//524
f 705//525 651//426 706//352
f 746//558 693//521 705//525
f 772//581 703//524 693//521
f 739//5 694//5 696//5
f 697//1 709//39 694//1
f 697//61 695//549 773//549
f 739//550 653//498 774//582
f 653//498 740//551 774//582
f 697//5 775//5 741//5
f 663//504 741//552 748//560
f 655//500 743//554 742//553
f 776//583 743//554 698//523
f 744//556 698//523 700//556
f 734//5 699//5 777//5
f 744//556 615//555 734//555
f 742//553 777//584 699//66
f 692//520 744//557 701//557
f 745//577 641//133 702//133
f 702//5 765//5 704//5
f 765//585 746//558 704//84
f 778//586 707//528 747//559
f 662//503 748//560 747//559
f 695//549 707//528 773//549
f 779//587 740//551 708//529
f 709//39 707//528 708//529
f 586//454 749//561 780//588
f 586//454 776//583 692//520
f 712//5 734//5 777//5
f 712//563 781//589 750//562
f 750//562 749//561 713//533
f 751//564 714//535 782//590
f 669//304 751//564 783//591
f 783//591 670//393 669//304
f 727//543 716//536 670//393
f 717//537 752//565 784//592
f 671//509 753//566 752//565
f 722//5 717//5 784//5
f 754//567 753//566 718//538
f 754//567 673//511 757//571
f 755//568 719//539 785//593
f 786//594 673//511 755//568
f 720//540 787//595 719//539
f 721//541 756//569 674//512
f 756//569 788//161 720//540
f 725//542 675//42 728//542
f 725//2 789//79 721//541
f 757//571 722//570 754//567
f 786//594 676//572 757//571
f 676//572 786//594 758//596
f 723//5 758//5 759//5
f 787//595 724//84 723//84
f 724//12 790//161 726//12
f 725//2 729//1 760//2
f 677//5 791//5 729//5
f 759//5 791//5 677//5
f 790//16 759//66 726//66
f 789//79 679//544 727//543
f 679//544 789//79 760//544
f 729//5 791//5 761//5
f 634//5 761//5 792//5
f 762//5 634//5 793//5
f 762//597 794//598 730//573
f 763//574 730//573 794//598
f 764//576 682//575 763//574
f 795//599 731//552 764//576
f 731//552 795//599 765//585
f 641//5 765//5 702//5
f 745//577 714//535 732//577
f 771//318 733//13 711//532
f 733//13 771//318 745//13
f 687//26 766//25 796//25
f 797//319 766//174 684//319
f 737//5 797//5 684//5
f 798//5 735//5 767//5
f 687//251 799//489 767//251
f 768//578 735//545 800//600
f 801//601 688//516 768//578
f 688//516 801//601 769//579
f 769//579 802//602 736//546
f 766//25 736//546 796//25
f 803//174 690//472 766//174
f 738//548 804//603 737//547
f 770//580 805//604 738//548
f 806//605 770//580 690//472
f 771//318 703//524 772//581
f 693//521 746//558 772//581
f 739//5 807//5 694//5
f 709//39 697//1 773//39
f 694//5 807//5 697//5
f 774//582 808//440 739//550
f 809//606 774//582 740//551
f 697//5 807//5 775//5
f 775//607 748//560 741//552
f 810//608 742//553 743//554
f 743//554 776//583 810//608
f 698//523 744//556 776//583
f 777//584 742//553 781//589
f 744//557 692//520 776//583
f 746//558 765//585 795//599
f 779//587 707//528 778//586
f 747//559 811//609 778//586
f 811//609 747//559 748//560
f 707//528 709//39 773//39
f 812//610 740//551 779//587
f 779//587 708//529 707//528
f 749//561 750//562 780//588
f 586//454 780//588 776//583
f 781//589 712//563 777//584
f 781//589 780//588 750//562
f 782//590 714//535 813//611
f 782//590 763//574 751//564
f 751//564 794//598 783//591
f 814//612 670//393 783//591
f 727//543 670//393 814//612
f 754//567 784//592 752//565
f 753//566 754//567 752//565
f 784//592 754//567 722//570
f 673//511 786//594 757//571
f 787//613 785//593 719//539
f 755//568 785//593 815//614
f 755//568 816//615 786//594
f 787//595 720//540 788//595
f 721//541 785//593 756//569
f 788//161 756//569 790//161
f 789//79 725//2 760//2
f 815//614 721//541 789//79
f 816//615 758//596 786//594
f 759//5 758//5 791//5
f 759//1 787//613 723//1
f 724//84 787//595 788//595
f 790//161 724//12 788//161
f 759//66 790//16 817//16
f 818//484 789//79 727//543
f 761//5 791//5 819//5
f 792//5 761//5 820//5
f 793//5 634//5 792//5
f 793//616 821//617 762//597
f 794//598 762//597 821//617
f 794//598 751//564 763//574
f 763//574 782//590 764//576
f 764//576 813//611 795//599
f 714//535 745//577 771//318
f 799//489 687//251 796//489
f 766//174 797//319 803//174
f 804//5 797//5 737//5
f 798//5 800//5 735//5
f 767//5 804//5 798//5
f 799//20 797//51 767//51
f 800//600 822//618 768//578
f 768//578 823//619 801//601
f 801//601 824//620 769//579
f 769//579 824//620 802//602
f 799//489 736//546 802//602
f 736//546 799//489 796//489
f 690//472 803//174 806//605
f 804//603 738//548 805//604
f 805//604 770//580 825//621
f 806//605 825//621 770//580
f 813//611 771//318 772//581
f 795//599 772//581 746//558
f 739//5 826//5 807//5
f 808//440 774//582 827//622
f 808//5 826//5 739//5
f 774//582 809//606 827//622
f 812//610 809//606 740//551
f 775//5 807//5 828//5
f 748//560 775//607 811//609
f 742//553 810//608 781//589
f 776//583 780//588 810//608
f 779//587 778//586 829//623
f 830//624 778//586 811//609
f 779//587 831//625 812//610
f 780//588 781//589 810//608
f 813//611 714//535 771//318
f 813//611 764//576 782//590
f 794//598 814//612 783//591
f 727//543 814//612 832//626
f 785//593 787//613 817//613
f 815//614 785//593 721//541
f 816//615 755//568 815//614
f 785//593 790//16 756//569
f 815//614 789//79 818//484
f 758//596 816//615 791//627
f 787//613 759//1 817//613
f 790//16 785//593 817//16
f 818//484 727//543 833//628
f 819//5 791//5 834//5
f 819//1 835//90 761//1
f 761//5 836//5 820//5
f 837//629 792//1 820//630
f 792//1 838//631 793//616
f 821//617 793//616 838//631
f 814//612 794//598 821//617
f 772//581 795//599 813//611
f 797//51 799//20 803//20
f 804//5 767//5 797//5
f 798//5 839//5 800//5
f 805//604 798//458 804//603
f 822//618 800//600 834//632
f 823//619 768//578 822//618
f 823//619 840//633 801//601
f 841//634 824//620 801//601
f 825//621 802//602 824//620
f 806//605 799//20 802//602
f 799//20 806//605 803//20
f 825//621 842//635 805//604
f 802//602 825//621 806//605
f 826//12 843//625 807//12
f 827//622 844//636 808//440
f 808//5 845//5 826//5
f 846//495 827//622 809//606
f 847//637 809//606 812//610
f 848//5 828//5 807//5
f 828//429 811//609 775//607
f 778//586 830//624 829//623
f 829//623 849//638 779//587
f 811//609 828//429 830//624
f 831//625 779//587 843//625
f 850//38 812//610 831//38
f 821//617 832//626 814//612
f 727//543 832//626 851//639
f 815//614 822//618 816//615
f 815//614 818//484 840//633
f 816//615 834//632 791//627
f 727//543 851//639 833//628
f 852//640 818//484 833//628
f 819//5 834//5 800//5
f 835//90 819//1 853//90
f 835//514 854//112 761//112
f 836//5 761//5 854//5
f 855//641 820//630 836//483
f 792//1 837//629 856//642
f 820//630 855//641 837//629
f 838//631 792//1 856//642
f 832//626 821//617 838//631
f 857//5 839//5 798//5
f 819//5 800//5 839//5
f 798//458 805//604 842//635
f 834//632 816//615 822//618
f 822//618 815//614 823//619
f 815//614 840//633 823//619
f 801//601 840//633 841//634
f 841//634 858//643 824//620
f 842//635 825//621 824//620
f 843//625 826//12 831//625
f 843//644 859//133 807//133
f 844//636 827//622 860//645
f 845//5 808//5 844//5
f 850//38 826//21 845//21
f 827//622 846//495 860//645
f 809//606 847//637 846//495
f 812//610 850//38 847//637
f 848//5 861//5 828//5
f 859//5 848//5 807//5
f 830//624 862//646 829//623
f 862//646 849//638 829//623
f 849//638 863//647 779//587
f 861//648 830//624 828//429
f 863//647 843//644 779//587
f 826//21 850//38 831//38
f 838//631 851//639 832//626
f 835//90 840//633 818//484
f 856//642 833//628 851//639
f 818//484 852//640 864//649
f 837//629 852//640 833//628
f 819//650 865//651 853//651
f 840//633 835//90 853//90
f 854//112 835//514 866//514
f 836//5 854//5 867//5
f 836//483 868//652 855//641
f 833//628 856//642 837//629
f 852//640 837//629 855//641
f 851//639 838//631 856//642
f 869//5 839//5 857//5
f 842//635 857//653 798//458
f 865//651 819//650 839//650
f 840//633 865//651 841//634
f 841//634 870//654 858//643
f 871//655 824//620 858//643
f 824//620 871//655 842//635
f 859//133 843//644 872//644
f 860//645 873//656 844//636
f 844//5 848//5 845//5
f 859//1 850//657 845//1
f 846//495 868//652 860//645
f 849//638 846//495 847//637
f 850//657 863//647 847//637
f 848//5 839//5 861//5
f 845//5 848//5 859//5
f 862//646 830//624 874//658
f 841//634 849//638 862//646
f 849//638 847//637 863//647
f 830//624 861//648 874//658
f 843//644 863//647 872//644
f 864//649 835//514 818//484
f 864//649 852//640 875//659
f 865//651 840//633 853//651
f 835//514 864//649 866//514
f 865//37 854//12 866//37
f 867//5 854//5 839//5
f 836//5 867//5 873//5
f 868//652 836//483 873//656
f 876//660 855//641 868//652
f 855//641 876//660 852//640
f 861//5 839//5 869//5
f 857//653 877//661 869//616
f 857//653 842//635 871//655
f 854//12 865//37 839//12
f 866//37 841//634 865//37
f 841//634 862//646 870//654
f 877//661 858//643 870//654
f 858//643 877//661 871//655
f 850//657 859//1 872//657
f 873//656 860//645 868//652
f 867//5 844//5 873//5
f 844//5 878//5 848//5
f 868//652 846//495 876//660
f 879//662 846//495 849//638
f 863//647 850//657 872//657
f 880//5 839//5 848//5
f 874//658 870//654 862//646
f 841//634 881//115 849//638
f 869//616 874//658 861//648
f 876//660 875//659 852//640
f 864//649 875//659 841//634
f 841//634 866//37 864//649
f 867//5 839//5 880//5
f 877//661 857//653 871//655
f 874//658 869//616 877//661
f 870//654 874//658 877//661
f 844//5 867//5 878//5
f 878//12 882//663 848//12
f 879//662 876//660 846//495
f 849//638 883//663 879//662
f 882//664 880//488 848//488
f 841//634 875//659 881//115
f 881//115 882//664 849//638
f 875//659 876//660 879//662
f 880//665 884//27 867//665
f 884//666 878//21 867//21
f 882//663 878//12 883//663
f 883//663 849//638 882//663
f 884//666 879//662 883//666
f 880//488 882//664 885//664
f 884//27 881//115 875//659
f 882//664 881//115 885//664
f 879//662 884//666 875//659
f 884//27 880//665 885//27
f 878//21 884//666 883//666
f 881//115 884//27 885//27
usemtl material_1_0
f 3//12 2//667 1//12
f 4//667 1//12 2//667
f 3//29 5//29 2//668
f 1//238 6//238 3//238
f 4//669 7//669 1//84
f 4//667 2//667 8//670
f 9//668 2//668 5//29
f 3//238 10//238 5//238
f 10//238 3//238 6//238
f 1//238 11//238 6//238
f 12//84 1//84 7//669
f 4//669 8//670 7//669
f 13//671 8//670 2//667
f 9//668 14//672 2//668
f 9//673 5//1 7//673
f 10//238 15//238 5//238
f 6//1 16//674 10//1
f 6//238 11//238 17//238
f 12//238 11//238 1//238
f 12//1 7//673 5//1
f 18//675 7//669 8//670
f 8//670 13//671 19//676
f 13//671 2//668 14//672
f 14//672 9//673 18//675
f 7//673 18//675 9//673
f 5//238 15//238 11//238
f 10//238 20//238 15//238
f 21//674 10//1 16//674
f 6//677 17//677 16//678
f 17//238 11//238 22//238
f 12//238 5//238 11//238
f 18//675 8//670 23//679
f 24//680 19//676 13//671
f 8//670 19//676 23//679
f 13//671 14//672 24//680
f 18//675 23//679 14//672
f 15//238 25//238 11//238
f 26//238 15//238 20//238
f 20//61 10//61 27//681
f 21//681 27//681 10//61
f 16//674 19//676 21//674
f 28//678 16//678 17//677
f 22//238 11//238 29//238
f 17//238 22//238 20//238
f 24//680 21//674 19//676
f 19//676 30//682 23//679
f 24//680 14//672 31//683
f 14//672 23//679 31//683
f 25//238 32//238 11//238
f 15//1 33//684 25//1
f 15//51 26//51 33//685
f 20//238 34//238 26//238
f 20//12 27//686 17//12
f 21//681 24//680 27//681
f 19//676 16//678 30//682
f 28//678 30//682 16//678
f 28//686 17//12 27//686
f 29//238 11//238 35//238
f 22//4 29//4 36//687
f 22//238 34//238 20//238
f 30//682 37//688 23//679
f 24//680 31//683 38//689
f 31//683 23//679 39//690
f 32//238 40//238 11//238
f 41//238 32//238 25//238
f 42//684 25//1 33//684
f 43//685 33//685 26//51
f 34//238 44//238 26//238
f 38//689 27//681 24//680
f 28//686 27//686 30//682
f 35//238 11//238 45//238
f 29//238 35//238 46//238
f 47//687 36//687 29//4
f 22//1 36//691 34//1
f 37//688 48//692 23//679
f 30//682 38//689 37//688
f 49//693 38//689 31//683
f 39//690 23//679 50//694
f 39//690 42//684 31//683
f 11//238 40//238 51//238
f 32//1 52//695 40//1
f 41//238 53//238 32//238
f 54//238 41//238 25//238
f 42//696 55//696 25//61
f 33//684 31//683 42//684
f 43//685 49//693 33//685
f 43//697 26//12 55//697
f 26//238 44//238 54//238
f 34//238 46//238 44//238
f 38//689 30//682 27//686
f 45//238 11//238 56//238
f 35//4 45//4 57//698
f 35//238 58//238 46//238
f 46//12 59//667 29//12
f 47//687 48//692 36//687
f 47//667 29//12 59//667
f 60//691 34//1 36//691
f 48//692 61//699 23//679
f 37//688 36//687 48//692
f 37//688 38//689 62//700
f 38//689 49//693 62//700
f 31//683 33//685 49//693
f 50//694 23//679 63//701
f 64//702 39//690 50//694
f 42//696 39//690 55//696
f 65//238 51//238 40//238
f 51//12 66//703 11//12
f 67//695 40//1 52//695
f 32//348 68//348 52//704
f 68//238 32//238 53//238
f 53//187 41//187 69//705
f 41//238 54//238 44//238
f 54//61 25//61 55//696
f 43//697 55//697 49//693
f 54//12 55//697 26//12
f 70//238 44//238 46//238
f 46//26 34//26 59//706
f 56//238 11//238 71//238
f 45//238 56//238 72//238
f 73//698 57//698 45//4
f 35//1 57//707 58//1
f 46//238 58//238 70//238
f 47//667 59//667 48//692
f 60//706 59//706 34//26
f 36//691 37//688 60//691
f 61//699 74//708 23//679
f 48//692 75//709 61//699
f 62//700 60//691 37//688
f 62//700 49//693 76//710
f 23//679 77//711 63//701
f 63//701 67//695 50//694
f 64//702 55//696 39//690
f 78//712 64//702 50//694
f 65//238 79//238 51//238
f 65//29 40//29 80//713
f 81//703 11//12 66//703
f 51//21 82//714 66//715
f 67//713 80//713 40//29
f 52//695 50//694 67//695
f 83//704 52//704 68//348
f 53//238 84//238 68//238
f 85//705 69//705 41//187
f 53//12 69//716 70//12
f 44//1 86//717 41//1
f 64//702 49//693 55//697
f 44//21 70//21 86//718
f 71//238 11//238 87//238
f 56//224 71//224 88//719
f 56//238 89//238 72//238
f 72//12 90//720 45//12
f 73//698 74//708 57//698
f 73//720 45//12 90//720
f 91//707 58//1 57//707
f 58//238 92//238 70//238
f 75//709 48//692 59//667
f 60//706 62//700 59//706
f 74//708 93//721 23//679
f 61//699 57//698 74//708
f 61//699 75//709 94//722
f 49//693 64//702 76//710
f 62//700 76//710 75//709
f 95//723 63//701 77//711
f 23//679 81//703 77//711
f 67//713 63//701 80//713
f 78//712 76//710 64//702
f 78//712 50//694 96//724
f 79//238 97//238 51//238
f 98//238 79//238 65//238
f 65//12 80//725 68//12
f 81//726 99//727 11//61
f 66//703 77//711 81//703
f 100//728 66//715 82//714
f 51//238 101//238 82//238
f 50//694 52//704 102//729
f 83//704 102//729 52//704
f 83//725 68//12 80//725
f 84//238 98//238 68//238
f 92//238 84//238 53//238
f 85//705 78//712 69//705
f 85//717 41//1 86//717
f 103//716 70//12 69//716
f 70//238 92//238 53//238
f 103//718 86//718 70//21
f 11//238 104//238 87//238
f 87//238 105//238 71//238
f 106//719 88//719 71//224
f 56//1 88//730 89//1
f 72//238 89//238 107//238
f 72//61 58//61 90//731
f 73//720 90//720 74//708
f 91//731 90//731 58//61
f 57//707 61//699 91//707
f 58//238 72//238 92//238
f 75//709 59//706 62//700
f 93//721 108//732 23//679
f 74//708 109//733 93//721
f 75//709 110//734 94//722
f 94//722 91//707 61//699
f 110//734 75//709 76//710
f 95//723 80//713 63//701
f 95//723 77//711 111//735
f 81//726 23//679 99//727
f 78//712 85//717 76//710
f 102//729 96//724 50//694
f 96//724 69//705 78//712
f 97//238 112//238 51//238
f 97//6 79//6 113//736
f 98//1 114//674 79//1
f 68//238 98//238 65//238
f 104//737 11//61 99//727
f 77//711 66//715 115//738
f 100//728 115//738 66//715
f 100//728 82//714 116//739
f 101//238 117//238 82//238
f 118//238 101//238 51//238
f 83//725 80//725 102//729
f 84//238 119//238 98//238
f 92//1 120//740 84//1
f 86//717 76//710 85//717
f 103//716 69//716 110//734
f 103//718 110//734 86//718
f 104//238 121//238 87//238
f 105//238 122//238 71//238
f 87//1 123//741 105//1
f 106//719 108//732 88//719
f 106//742 71//12 124//742
f 125//730 89//1 88//730
f 89//238 126//238 107//238
f 107//238 92//238 72//238
f 109//733 74//708 90//720
f 91//731 94//722 90//731
f 108//732 127//743 23//679
f 93//721 88//719 108//732
f 93//721 109//733 128//744
f 94//722 110//734 129//745
f 76//710 86//718 110//734
f 95//723 102//729 80//725
f 111//735 77//711 130//746
f 131//747 95//723 111//735
f 132//748 99//727 23//679
f 96//724 102//729 133//749
f 96//724 110//734 69//716
f 112//238 134//238 51//238
f 112//238 97//238 135//238
f 136//736 113//736 79//6
f 97//12 113//750 137//12
f 136//674 79//1 114//674
f 98//84 137//84 114//751
f 99//727 138//752 104//737
f 77//711 115//738 139//753
f 115//738 100//728 140//754
f 141//755 116//739 82//714
f 116//739 140//754 100//728
f 82//238 117//238 141//238
f 101//756 142//757 117//758
f 118//759 143//760 101//756
f 144//238 118//238 51//238
f 137//238 98//238 119//238
f 119//6 84//6 145//761
f 146//740 84//1 120//740
f 92//21 107//21 120//762
f 121//238 147//238 87//238
f 121//763 104//737 138//752
f 122//238 148//238 71//238
f 149//238 122//238 105//238
f 150//741 105//1 123//741
f 87//51 151//51 123//685
f 106//742 124//742 108//732
f 152//12 124//742 71//12
f 125//764 124//764 89//488
f 88//730 93//721 125//730
f 107//238 126//238 119//238
f 126//238 89//238 153//238
f 109//733 90//731 94//722
f 23//679 127//743 132//748
f 108//732 154//765 127//743
f 109//733 155//766 128//744
f 128//744 125//730 93//721
f 110//734 96//724 129//745
f 94//722 129//745 109//733
f 102//729 95//723 131//747
f 130//746 77//711 156//767
f 130//746 113//736 111//735
f 111//735 136//674 131//747
f 99//727 132//748 138//752
f 133//749 102//729 131//747
f 129//745 96//724 133//749
f 134//238 157//238 51//238
f 134//61 112//61 158//768
f 137//238 135//238 97//238
f 135//1 159//769 112//1
f 136//736 111//735 113//736
f 160//750 137//12 113//750
f 114//674 131//747 136//674
f 160//751 114//751 137//84
f 139//753 115//738 161//770
f 162//771 77//711 139//753
f 115//738 140//754 161//770
f 116//739 141//755 163//772
f 140//754 116//739 164//773
f 117//238 165//238 141//238
f 166//774 117//758 142//757
f 142//757 101//756 143//760
f 143//760 118//759 167//775
f 144//776 167//775 118//759
f 168//238 144//238 51//238
f 119//238 169//238 137//238
f 146//761 145//761 84//6
f 119//12 145//697 107//12
f 120//740 129//745 146//740
f 170//762 120//762 107//21
f 87//238 147//238 151//238
f 147//777 121//763 171//778
f 138//752 171//778 121//763
f 148//238 172//238 71//238
f 122//429 173//779 148//597
f 174//238 122//238 149//238
f 149//61 105//61 175//780
f 150//780 175//780 105//61
f 123//741 127//743 150//741
f 176//685 123//685 151//51
f 154//765 108//732 124//742
f 152//488 89//488 124//764
f 71//238 177//238 152//238
f 125//764 128//744 124//764
f 126//238 169//238 119//238
f 153//238 89//238 178//238
f 126//371 153//371 179//781
f 132//748 127//743 180//782
f 127//743 154//765 181//783
f 128//744 155//766 182//784
f 155//766 109//733 129//745
f 156//767 77//711 183//785
f 156//767 184//786 130//746
f 130//746 185//787 113//750
f 180//782 138//752 132//748
f 133//749 131//747 186//788
f 133//749 146//740 129//745
f 157//238 187//238 51//238
f 157//238 134//238 188//238
f 189//768 158//768 112//61
f 134//12 158//697 190//12
f 169//238 135//238 137//238
f 189//769 112//1 159//769
f 135//84 190//84 159//789
f 160//750 113//750 185//787
f 131//747 114//751 185//787
f 160//751 185//787 114//751
f 139//753 161//770 142//757
f 191//790 77//711 162//771
f 162//771 139//753 143//760
f 161//770 140//754 192//791
f 193//792 163//772 141//755
f 163//772 164//773 116//739
f 140//754 164//773 192//791
f 141//238 165//238 193//238
f 117//758 166//774 165//793
f 166//774 142//757 161//770
f 142//757 143//760 139//753
f 143//760 167//775 162//771
f 167//775 144//776 194//794
f 168//795 194//794 144//776
f 195//238 168//238 51//238
f 146//761 133//749 145//761
f 170//697 107//12 145//697
f 129//745 120//762 155//766
f 170//762 155//766 120//762
f 147//238 196//238 151//238
f 171//778 197//796 147//777
f 138//752 180//782 171//778
f 172//238 198//238 71//238
f 148//597 199//797 172//798
f 199//797 148//597 173//779
f 173//779 122//429 200//799
f 122//238 174//238 201//238
f 174//238 149//238 202//238
f 149//12 175//697 151//12
f 150//780 203//800 175//780
f 203//800 150//741 127//743
f 127//743 123//685 204//801
f 176//685 204//801 123//685
f 176//697 151//12 175//697
f 154//765 124//764 128//744
f 89//238 152//238 205//238
f 206//238 152//238 177//238
f 207//238 177//238 71//238
f 126//1 179//707 169//1
f 178//238 89//238 208//238
f 178//12 209//802 153//12
f 210//781 179//781 153//371
f 180//782 127//743 211//803
f 212//804 181//783 154//765
f 181//783 213//805 127//743
f 155//766 186//788 182//784
f 182//784 214//806 128//744
f 183//785 77//711 215//807
f 183//785 158//768 156//767
f 185//787 130//746 184//786
f 156//767 189//769 184//786
f 185//787 186//788 131//747
f 186//788 145//761 133//749
f 187//238 216//238 51//238
f 187//61 157//61 217//808
f 190//238 188//238 134//238
f 188//1 218//809 157//1
f 189//768 156//767 158//768
f 219//697 190//12 158//697
f 169//238 178//238 135//238
f 159//769 184//786 189//769
f 219//789 159//789 190//84
f 190//238 135//238 178//238
f 220//810 77//711 191//790
f 191//790 162//771 167//775
f 161//770 192//791 166//774
f 163//772 193//792 221//811
f 164//773 163//772 222//812
f 192//791 164//773 223//813
f 165//238 224//238 193//238
f 225//814 165//793 166//774
f 167//775 194//794 191//790
f 194//794 168//795 226//815
f 195//816 226//815 168//795
f 227//238 195//238 51//238
f 170//697 145//697 155//766
f 196//238 228//238 151//238
f 196//817 147//777 197//796
f 171//778 211//803 197//796
f 211//803 171//778 180//782
f 198//238 207//238 71//238
f 172//798 229//818 198//1
f 229//818 172//798 199//797
f 173//779 230//819 199//797
f 201//820 200//799 122//429
f 200//799 231//821 173//779
f 201//238 174//238 232//238
f 151//238 202//238 149//238
f 202//1 233//822 174//1
f 234//823 175//780 203//800
f 203//800 127//743 235//824
f 127//743 204//801 211//803
f 176//697 175//697 204//801
f 212//804 154//765 128//744
f 152//238 206//238 205//238
f 205//238 236//238 89//238
f 177//1 237//684 206//1
f 238//238 177//238 207//238
f 239//707 169//1 179//707
f 89//238 236//238 208//238
f 188//238 178//238 208//238
f 210//802 153//12 209//802
f 178//61 169//61 209//825
f 210//781 214//806 179//781
f 212//804 240//826 181//783
f 213//805 235//824 127//743
f 213//805 181//783 241//827
f 182//784 186//788 242//828
f 186//788 155//766 145//697
f 214//806 243//829 128//744
f 182//784 179//781 214//806
f 215//807 77//711 244//830
f 215//807 245//831 183//785
f 183//785 246//832 158//697
f 242//828 185//787 184//786
f 186//788 185//787 242//828
f 216//238 247//238 51//238
f 216//238 187//238 248//238
f 249//808 217//808 157//61
f 187//12 217//833 208//12
f 190//238 178//238 188//238
f 249//809 157//1 218//809
f 188//49 208//49 218//834
f 219//697 158//697 246//832
f 184//786 159//789 246//832
f 219//789 246//832 159//789
f 250//835 77//711 220//810
f 220//810 191//790 194//794
f 225//814 166//774 192//791
f 251//836 221//811 193//792
f 221//811 222//812 163//772
f 164//773 222//812 223//813
f 192//791 223//813 225//814
f 193//238 224//238 251//238
f 165//793 225//814 224//837
f 194//794 226//815 220//810
f 226//815 195//816 252//838
f 227//839 252//838 195//816
f 253//238 227//238 51//238
f 228//238 254//238 151//238
f 228//840 196//817 255//841
f 197//796 255//841 196//817
f 256//842 197//796 211//803
f 207//843 198//1 257//844
f 258//845 198//1 229//818
f 229//818 199//797 235//824
f 259//846 199//797 230//819
f 230//819 173//779 231//821
f 200//799 201//820 260//847
f 231//821 200//799 261//848
f 174//238 262//238 232//238
f 232//849 260//847 201//820
f 263//238 202//238 151//238
f 264//822 174//1 233//822
f 202//348 265//348 233//751
f 234//823 204//801 175//697
f 234//823 203//800 230//819
f 259//846 203//800 235//824
f 211//803 204//801 256//842
f 266//850 212//804 128//744
f 206//238 267//238 205//238
f 205//238 268//238 236//238
f 269//684 206//1 237//684
f 177//348 270//348 237//851
f 271//238 177//238 238//238
f 238//852 207//843 272//853
f 239//825 209//825 169//61
f 179//707 182//784 239//707
f 236//238 273//238 208//238
f 210//802 209//802 214//806
f 274//826 181//783 240//826
f 240//854 212//804 275//854
f 235//824 213//805 229//818
f 276//855 241//827 181//783
f 277//856 213//805 241//827
f 242//828 239//707 182//784
f 243//829 278//857 128//744
f 243//829 214//806 209//802
f 244//830 77//711 279//858
f 244//830 217//808 215//807
f 246//832 183//785 245//831
f 215//807 249//809 245//831
f 242//828 184//786 243//829
f 247//238 280//238 51//238
f 247//26 216//26 281//859
f 208//238 248//238 187//238
f 248//860 282//674 216//860
f 249//808 215//807 217//808
f 283//833 208//12 217//833
f 218//809 245//831 249//809
f 283//834 218//834 208//49
f 246//832 243//829 184//786
f 284//861 77//711 250//835
f 250//835 220//810 226//815
f 221//811 251//836 285//862
f 222//812 221//811 286//863
f 286//863 223//813 222//812
f 287//864 225//814 223//813
f 288//238 251//238 224//238
f 287//864 224//837 225//814
f 252//838 284//861 226//815
f 252//838 227//839 289//865
f 253//866 289//865 227//839
f 290//238 253//238 51//238
f 254//238 291//238 151//238
f 254//867 228//840 292//868
f 255//841 292//868 228//840
f 197//796 256//842 255//841
f 258//845 257//844 198//1
f 257//844 272//853 207//843
f 258//845 229//818 213//805
f 259//846 235//824 199//797
f 230//819 203//800 259//846
f 230//819 231//821 293//869
f 260//847 261//848 200//799
f 231//821 261//848 293//869
f 262//238 294//238 232//238
f 262//66 174//66 295//870
f 260//847 232//849 296//871
f 263//238 297//238 202//238
f 298//238 263//238 151//238
f 264//870 295//870 174//66
f 233//822 299//872 264//822
f 300//751 233//751 265//348
f 202//238 301//238 265//238
f 204//801 234//823 299//872
f 293//869 234//823 230//819
f 256//842 204//801 302//873
f 212//804 266//850 303//874
f 128//744 278//857 266//850
f 304//238 205//238 267//238
f 267//61 206//61 305//875
f 306//238 236//238 268//238
f 307//238 268//238 205//238
f 269//875 305//875 206//61
f 237//684 308//876 269//684
f 309//851 237//851 270//348
f 177//238 271//238 270//238
f 271//877 238//852 310//878
f 272//853 310//878 238//852
f 239//825 242//828 209//825
f 273//238 248//238 208//238
f 273//879 236//653 311//880
f 274//802 312//802 181//783
f 274//826 240//826 304//224
f 303//874 275//854 212//804
f 275//854 313//1 240//854
f 276//855 305//875 241//827
f 276//855 181//783 314//881
f 213//805 277//856 258//845
f 308//876 277//856 241//827
f 245//831 278//857 243//829
f 243//829 209//825 242//828
f 279//858 77//711 315//882
f 244//830 279//858 316//5
f 244//830 278//857 217//833
f 246//832 245//831 243//829
f 280//238 317//238 51//238
f 280//238 247//238 318//238
f 319//859 281//859 216//26
f 247//883 281//884 320//883
f 319//674 216//860 282//674
f 248//677 320//677 282//885
f 283//833 217//833 278//857
f 245//831 218//834 278//857
f 283//834 278//857 218//834
f 321//886 77//711 284//861
f 250//835 226//815 284//861
f 288//887 285//862 251//836
f 285//862 286//863 221//811
f 223//813 286//863 287//864
f 224//837 287//864 288//887
f 284//861 252//838 321//886
f 289//865 321//886 252//838
f 289//865 253//866 322//888
f 253//238 290//238 323//238
f 324//238 290//238 51//238
f 291//238 325//238 151//238
f 291//889 254//867 326//890
f 292//868 326//890 254//867
f 292//868 255//841 327//891
f 302//873 255//841 256//842
f 257//844 258//845 277//856
f 272//853 257//844 328//892
f 261//848 260//847 329//893
f 293//869 261//848 330//894
f 232//238 294//238 331//238
f 262//238 332//238 294//238
f 262//319 295//895 265//319
f 331//896 296//871 232//849
f 296//871 329//893 260//847
f 297//238 333//238 202//238
f 297//897 263//898 334//899
f 263//898 298//900 335//901
f 336//238 298//238 151//238
f 264//870 293//869 295//870
f 293//869 264//822 299//872
f 299//872 233//751 337//902
f 300//751 337//902 233//751
f 300//895 265//319 295//895
f 301//238 332//238 265//238
f 333//238 301//238 202//238
f 293//869 299//872 234//823
f 338//903 204//801 299//872
f 302//873 204//801 327//891
f 303//874 266//850 339//904
f 266//850 278//857 340//905
f 205//224 304//224 240//826
f 267//238 341//238 304//238
f 267//12 305//906 270//12
f 306//907 342//908 236//653
f 343//238 306//238 268//238
f 307//1 344//822 268//1
f 313//238 307//238 205//238
f 269//875 241//827 305//875
f 241//827 269//684 308//876
f 308//876 237//851 345//909
f 309//851 345//909 237//851
f 309//906 270//12 305//906
f 271//238 346//238 270//238
f 310//878 347//910 271//877
f 310//878 272//853 348//911
f 349//238 248//238 273//238
f 350//912 311//880 236//653
f 311//880 351//913 273//879
f 352//914 181//783 312//802
f 274//802 304//12 312//802
f 275//915 303//874 312//915
f 205//1 240//854 313//1
f 275//915 312//915 313//6
f 276//855 345//909 305//906
f 314//881 181//783 353//916
f 354//917 276//855 314//881
f 328//892 277//856 308//876
f 315//882 77//711 355//918
f 315//882 281//859 279//858
f 244//830 316//5 356//784
f 244//830 356//784 278//857
f 317//238 357//238 51//238
f 317//26 280//26 358//919
f 320//238 318//238 247//238
f 318//860 359//920 280//860
f 319//859 279//858 281//859
f 360//884 320//883 281//884
f 282//674 356//784 319//674
f 360//885 282//885 320//677
f 248//238 361//238 320//238
f 362//921 77//711 321//886
f 285//862 288//887 287//864
f 285//862 287//864 286//863
f 321//886 289//865 363//922
f 323//923 322//888 253//866
f 322//888 363//922 289//865
f 290//238 364//238 323//238
f 290//26 324//26 365//924
f 366//238 324//238 51//238
f 325//238 367//238 151//238
f 325//925 291//889 368//926
f 326//890 368//926 291//889
f 326//890 292//868 369//927
f 302//873 327//891 255//841
f 327//891 369//927 292//868
f 277//856 328//892 257//844
f 328//892 348//911 272//853
f 329//893 330//894 261//848
f 330//894 295//870 293//869
f 294//238 370//238 331//238
f 294//238 332//238 371//238
f 265//238 332//238 262//238
f 296//871 331//896 372//928
f 329//893 296//871 373//929
f 333//930 297//897 374//931
f 335//901 334//899 263//898
f 334//899 374//931 297//897
f 375//932 335//901 298//900
f 298//900 336//933 375//932
f 376//238 336//238 151//238
f 299//872 337//902 377//934
f 300//895 295//895 337//902
f 332//935 301//936 378//937
f 301//936 333//930 379//938
f 380//939 204//801 338//903
f 338//903 299//872 381//940
f 327//891 204//801 369//927
f 382//941 339//904 266//850
f 383//872 303//874 339//904
f 340//905 278//857 356//784
f 266//850 340//905 350//912
f 341//238 384//238 304//238
f 385//238 341//238 267//238
f 270//238 385//238 267//238
f 350//912 236//653 342//908
f 342//908 306//907 386//942
f 343//943 386//942 306//907
f 387//238 343//238 268//238
f 388//822 268//1 344//822
f 307//84 389//84 344//851
f 390//238 307//238 313//238
f 308//876 345//909 348//911
f 309//906 305//906 345//909
f 346//238 391//238 270//238
f 346//944 271//877 347//910
f 310//878 348//911 347//910
f 392//238 248//238 349//238
f 349//945 273//879 351//913
f 311//880 350//912 340//905
f 351//913 311//880 393//946
f 181//783 352//914 394//947
f 352//914 312//915 303//874
f 395//12 312//802 304//12
f 395//6 313//6 312//915
f 345//909 276//855 354//917
f 353//916 181//783 396//948
f 353//916 397//949 314//881
f 314//881 398//950 354//917
f 348//911 328//892 308//876
f 355//918 77//711 399//951
f 355//918 400//952 315//882
f 315//882 401//953 281//884
f 316//5 402//5 356//784
f 244//238 356//238 403//238
f 357//238 366//238 51//238
f 317//238 404//238 357//238
f 405//919 358//919 280//26
f 317//12 358//697 406//12
f 407//238 318//238 320//238
f 405//920 280//860 359//920
f 318//555 406//555 359//954
f 279//858 319//674 356//784
f 360//884 281//884 401//953
f 356//784 282//885 401//953
f 360//885 401//953 282//885
f 361//238 408//238 320//238
f 409//238 361//238 248//238
f 410//955 77//711 362//921
f 321//886 363//922 362//921
f 323//923 411//956 322//888
f 363//922 322//888 412//957
f 323//238 364//238 411//238
f 413//238 364//238 290//238
f 414//924 365//924 324//26
f 290//12 365//716 415//12
f 324//238 366//238 416//238
f 367//238 376//238 151//238
f 325//925 368//926 367//958
f 368//926 326//890 417//959
f 369//927 417//959 326//890
f 330//894 329//893 418//960
f 330//894 337//902 295//895
f 331//238 370//238 419//238
f 294//251 420//822 370//251
f 332//238 421//238 371//238
f 294//51 371//51 420//961
f 419//51 372//928 331//896
f 372//928 373//929 296//871
f 329//893 373//929 422//962
f 374//931 379//938 333//930
f 334//899 335//901 423//963
f 334//899 423//963 374//931
f 335//901 375//932 381//940
f 424//964 375//932 336//933
f 376//965 425//966 336//933
f 377//934 337//902 426//967
f 427//968 299//872 377//934
f 379//938 378//937 301//936
f 378//937 428//969 332//935
f 429//970 204//801 380//939
f 380//939 338//903 424//964
f 381//940 299//872 423//963
f 338//903 381//940 375//932
f 369//927 204//801 417//959
f 430//971 339//904 382//941
f 382//941 266//850 342//908
f 431//972 303//874 383//872
f 339//904 388//822 383//872
f 393//946 340//905 356//784
f 350//912 342//908 266//850
f 384//238 432//238 304//238
f 384//238 341//238 433//238
f 385//1 434//950 341//1
f 391//238 385//238 270//238
f 342//908 386//942 382//941
f 386//942 343//943 435//973
f 387//974 435//973 343//943
f 436//238 387//238 268//238
f 388//975 437//975 268//6
f 344//822 383//872 388//822
f 438//851 344//851 389//84
f 389//238 307//238 439//238
f 390//238 439//238 307//238
f 395//238 390//238 313//238
f 348//911 345//909 440//976
f 391//977 346//944 441//978
f 347//910 441//978 346//944
f 440//976 347//910 348//911
f 409//238 248//238 392//238
f 392//979 349//945 442//878
f 351//913 442//878 349//945
f 340//905 393//946 311//880
f 393//946 403//980 351//913
f 431//972 394//947 352//914
f 443//981 181//783 394//947
f 352//914 303//874 431//972
f 304//238 444//238 395//238
f 445//982 345//909 354//917
f 396//948 181//783 446//983
f 396//948 447//984 353//916
f 397//949 448//985 314//881
f 353//916 449//986 397//949
f 434//950 354//917 398//950
f 398//668 314//881 450//668
f 399//951 77//711 451//987
f 399//951 358//919 355//918
f 401//953 315//882 400//952
f 355//918 405//920 400//952
f 356//784 402//5 403//980
f 403//980 393//946 356//784
f 366//47 357//47 452//988
f 453//238 357//238 404//238
f 454//238 404//238 317//238
f 405//919 355//918 358//919
f 455//697 406//12 358//697
f 406//238 454//238 317//238
f 456//238 318//238 407//238
f 457//238 407//238 320//238
f 359//920 400//952 405//920
f 455//954 359//954 406//555
f 318//238 458//238 406//238
f 408//238 457//238 320//238
f 408//989 361//990 459//991
f 361//990 409//992 460//993
f 461//994 77//711 410//955
f 362//921 365//924 410//955
f 362//921 363//922 462//995
f 463//996 322//888 411//956
f 463//996 412//957 322//888
f 363//922 412//957 462//995
f 364//238 464//238 411//238
f 413//1 465//997 364//1
f 415//238 413//238 290//238
f 414//924 410//955 365//924
f 414//674 324//1 466//674
f 467//716 415//12 365//716
f 468//238 416//238 366//238
f 416//1 466//674 324//1
f 367//958 469//998 376//965
f 469//998 367//958 368//926
f 417//959 470//999 368//926
f 418//960 329//893 422//962
f 337//902 330//894 418//960
f 370//238 471//238 419//238
f 472//822 370//251 420//822
f 371//238 421//238 471//238
f 421//1000 332//935 428//969
f 473//961 420//961 371//51
f 419//51 474//413 372//928
f 373//929 372//928 475//1001
f 422//962 373//929 476//1002
f 374//931 427//968 379//938
f 381//940 423//963 335//901
f 427//968 374//931 423//963
f 375//932 424//964 338//903
f 424//964 336//933 425//966
f 425//966 376//965 469//998
f 426//967 337//902 418//960
f 426//967 378//937 377//934
f 423//963 299//872 427//968
f 377//934 379//938 427//968
f 379//938 377//934 378//937
f 378//937 426//967 428//969
f 470//999 204//801 429//970
f 429//970 380//939 425//966
f 424//964 425//966 380//939
f 417//959 204//801 470//999
f 477//1003 339//904 430//971
f 430//971 382//941 386//942
f 431//972 383//872 478//1004
f 388//975 339//904 437//975
f 432//238 479//238 304//238
f 384//573 449//986 432//597
f 341//238 480//238 433//238
f 433//820 481//1005 384//573
f 398//950 341//1 434//950
f 385//348 482//348 434//704
f 391//238 483//238 385//238
f 435//973 477//1003 386//942
f 435//973 387//974 484//1006
f 436//238 485//238 387//238
f 436//6 268//6 437//975
f 383//872 344//851 486//1007
f 438//851 486//1007 344//851
f 438//697 389//12 437//697
f 439//238 487//238 389//238
f 439//133 390//133 488//1008
f 390//238 395//238 444//238
f 440//976 345//909 445//982
f 441//978 489//1009 391//977
f 347//910 440//976 441//978
f 409//992 392//979 490//1010
f 442//878 490//1010 392//979
f 442//878 351//913 403//980
f 431//972 491//1011 394//947
f 492//1012 181//783 443//981
f 493//1013 443//981 394//947
f 494//238 444//238 304//238
f 445//982 354//917 495//1014
f 446//983 181//783 492//1012
f 396//948 446//983 447//984
f 449//986 353//916 447//984
f 314//881 448//985 496//1015
f 397//949 481//1005 448//985
f 481//1005 397//949 449//986
f 354//917 434//704 497//1016
f 496//1015 450//668 314//881
f 398//668 450//668 341//488
f 451//987 77//711 461//994
f 399//951 451//987 498//1017
f 399//951 499//1018 358//697
f 500//1019 401//953 400//952
f 403//980 402//5 501//1020
f 502//988 452//988 357//47
f 366//12 452//667 468//12
f 503//238 357//238 453//238
f 404//1021 504//1022 453//1023
f 454//1024 505//1025 404//1021
f 455//697 358//697 499//1018
f 458//238 454//238 406//238
f 506//238 318//238 456//238
f 407//1026 507//1027 456//1028
f 457//26 508//1029 407//1026
f 400//952 359//954 499//1018
f 455//954 499//1018 359//954
f 458//238 318//238 506//238
f 457//26 408//989 508//1029
f 460//993 459//991 361//990
f 459//991 508//1029 408//989
f 490//1010 460//993 409//992
f 410//955 509//1030 461//994
f 362//921 510//1031 365//716
f 511//1032 362//921 462//995
f 463//996 411//956 512//1033
f 412//957 463//996 513//1034
f 462//995 412//957 514//1035
f 464//238 515//238 411//238
f 464//1036 364//1036 516//1037
f 517//997 364//1 465//997
f 413//51 518//51 465//1038
f 519//238 413//238 415//238
f 410//955 414//674 509//1030
f 466//674 509//1030 414//674
f 467//1039 466//1039 415//51
f 467//716 365//716 510//1031
f 520//238 416//238 468//238
f 416//51 415//51 466//1039
f 469//998 368//926 470//999
f 422//962 472//822 418//960
f 471//238 521//238 419//238
f 471//1040 370//1040 522//1041
f 472//1041 522//1041 370//1040
f 420//822 418//960 472//822
f 471//238 421//238 521//238
f 471//12 522//1042 371//12
f 428//969 523//1043 421//1000
f 473//961 524//1044 420//961
f 473//1042 371//12 522//1042
f 525//1045 372//928 474//413
f 419//238 521//238 474//238
f 525//1045 475//1001 372//928
f 373//929 475//1001 476//1002
f 476//1002 522//1041 422//962
f 425//966 469//998 429//970
f 418//960 524//1044 426//967
f 526//1046 428//969 426//967
f 470//999 429//970 469//998
f 527//1047 339//904 477//1003
f 430//971 386//942 477//1003
f 486//1007 478//1004 383//872
f 478//1004 488//1008 431//972
f 527//1047 437//975 339//904
f 479//238 528//238 304//238
f 432//597 447//984 479//616
f 447//984 432//597 449//986
f 449//986 384//573 481//1005
f 529//238 433//238 480//238
f 480//488 341//488 450//668
f 481//1005 433//820 530//1048
f 531//704 434//704 482//348
f 385//238 483//238 482//238
f 483//361 391//977 489//1009
f 477//1003 435//973 532//1049
f 533//1050 484//1006 387//974
f 484//1006 532//1049 435//973
f 387//238 485//238 533//238
f 389//238 485//238 436//238
f 436//12 437//697 389//12
f 438//697 437//697 486//1007
f 487//238 485//238 389//238
f 534//238 487//238 439//238
f 491//1008 488//1008 390//133
f 439//12 488//1051 535//12
f 444//1 536//1011 390//1
f 445//982 441//978 440//976
f 441//978 445//982 489//1009
f 442//878 403//980 490//1010
f 536//1011 394//947 491//1011
f 491//1008 431//972 488//1008
f 492//1012 443//981 537//1052
f 443//981 493//1013 538//1053
f 539//1054 493//1013 394//947
f 540//238 444//238 494//238
f 541//238 494//238 304//238
f 354//917 497//1016 495//1014
f 495//1014 489//1009 445//982
f 446//983 492//1012 542//1055
f 542//1055 447//984 446//983
f 543//1056 496//1015 448//985
f 530//1048 448//985 481//1005
f 531//704 497//1016 434//704
f 496//1015 497//1016 450//703
f 461//994 452//988 451//987
f 498//1017 451//987 544//1057
f 545//1058 399//951 498//1017
f 499//1018 399//951 545//1058
f 546//1059 401//953 500//1019
f 547//1060 500//1019 400//952
f 501//1020 402//5 548//1061
f 501//1020 490//1010 403//980
f 502//988 451//987 452//988
f 502//769 357//1 549//769
f 550//667 468//12 452//667
f 503//1 549//769 357//1
f 551//238 503//238 453//238
f 552//1062 453//1023 504//1022
f 504//1022 404//1021 505//1025
f 505//1025 454//1024 553//1063
f 458//130 553//1063 454//1024
f 456//1028 554//1064 506//1065
f 554//1064 456//1028 507//1027
f 507//1027 407//1026 508//1029
f 400//952 499//1018 555//1066
f 506//1065 556//1067 458//130
f 460//993 548//1061 459//991
f 459//991 557//1068 508//1029
f 490//1010 501//1020 460//993
f 558//1069 461//994 509//1030
f 510//1031 362//921 511//1032
f 462//995 517//997 511//1032
f 559//1070 512//1033 411//956
f 512//1033 513//1034 463//996
f 412//957 513//1034 560//1071
f 514//1035 412//957 560//1071
f 514//1035 516//1037 462//995
f 411//238 515//238 559//238
f 515//238 464//238 561//238
f 517//1037 516//1037 364//1036
f 464//12 516//1072 518//12
f 465//997 511//1032 517//997
f 562//1038 465//1038 518//51
f 518//238 413//238 563//238
f 519//238 563//238 413//238
f 564//238 519//238 415//238
f 509//1030 466//1039 510//1031
f 467//1039 510//1031 466//1039
f 520//238 564//238 416//238
f 565//238 520//238 468//238
f 415//238 416//238 564//238
f 472//1041 422//962 522//1041
f 418//960 420//961 524//1044
f 421//238 566//238 521//238
f 566//1073 421//1000 523//1043
f 428//969 526//1046 523//1043
f 473//1042 522//1042 524//1044
f 474//413 567//1074 525//1045
f 521//238 568//238 474//238
f 475//1001 525//1045 569//1075
f 476//1002 475//1001 570//1076
f 476//1002 524//1044 522//1042
f 426//967 524//1044 526//1046
f 477//1003 532//1049 527//1047
f 478//1004 486//1007 571//1077
f 478//1004 572//1078 488//1051
f 527//1047 486//1007 437//697
f 528//238 541//238 304//238
f 479//616 542//1055 528//1
f 542//1055 479//616 447//984
f 529//1079 530//1048 433//820
f 529//238 480//238 573//238
f 480//12 450//703 482//12
f 531//703 482//12 450//703
f 483//238 574//238 482//238
f 489//1009 575//1080 483//361
f 484//1006 533//1050 576//1081
f 532//1049 484//1006 577//1082
f 533//238 485//238 578//238
f 487//238 579//238 485//238
f 534//1 580//1011 487//1
f 535//238 534//238 439//238
f 491//1011 390//1 536//1011
f 581//1051 535//12 488//1051
f 444//4 535//4 536//698
f 394//947 536//698 572//1078
f 538//1053 537//1052 443//981
f 537//1052 542//1055 492//1012
f 582//1083 538//1053 493//1013
f 493//1013 539//1054 582//1083
f 394//947 572//1078 539//1054
f 444//238 540//238 535//238
f 540//877 494//1084 583//1085
f 494//1084 541//630 582//1083
f 495//1014 497//1016 584//1086
f 489//1009 495//1014 575//1080
f 496//1015 543//1056 585//699
f 448//985 530//1048 543//1056
f 531//703 450//703 497//1016
f 497//1016 496//1015 585//699
f 461//994 558//1069 452//667
f 586//1087 544//1057 451//987
f 498//1017 544//1057 504//1022
f 545//1058 498//1017 505//1025
f 587//1088 499//1018 545//1058
f 557//1068 401//953 546//1059
f 500//1019 507//1027 546//1059
f 547//1060 554//1064 500//1019
f 547//1060 400//952 555//1066
f 402//5 401//953 548//1061
f 548//1061 460//993 501//1020
f 451//987 502//769 586//1087
f 549//769 586//1087 502//769
f 550//1089 549//1089 468//4
f 550//667 452//667 558//1069
f 503//4 468//4 549//1089
f 588//238 503//238 551//238
f 551//1090 453//1023 589//1091
f 552//1062 589//1091 453//1023
f 552//1062 504//1022 544//1057
f 504//1022 505//1025 498//1017
f 505//1025 553//1063 545//1058
f 553//1063 458//130 556//1067
f 556//1067 506//1065 554//1064
f 507//1027 500//1019 554//1064
f 508//1029 546//1059 507//1027
f 587//1088 555//1066 499//1018
f 557//1068 459//991 548//1061
f 546//1059 508//1029 557//1068
f 590//972 558//1069 509//1030
f 591//1092 510//1031 511//1032
f 517//1037 462//995 516//1037
f 512//1033 559//1070 592//1093
f 513//1034 512//1033 593//1094
f 560//1071 513//1034 594//1095
f 560//1071 595//1096 514//1035
f 514//1035 596//1097 516//1072
f 515//238 597//238 559//238
f 518//238 561//238 464//238
f 561//1 598//695 515//1
f 562//1072 518//12 516//1072
f 511//1032 465//1038 596//1097
f 562//1038 596//1097 465//1038
f 563//238 599//238 518//238
f 563//29 519//29 600//1098
f 601//238 519//238 564//238
f 510//1031 602//1099 509//1030
f 564//1036 520//1036 603//1100
f 604//238 520//238 565//238
f 468//238 503//238 565//238
f 521//238 566//238 605//238
f 523//1043 606//1101 566//1073
f 607//1102 523//1043 526//1046
f 608//1103 525//1045 567//1074
f 474//238 568//238 567//238
f 521//1 609//717 568//1
f 608//1103 569//1075 525//1045
f 475//1001 569//1075 610//1104
f 570//1076 475//1001 610//1104
f 476//1002 570//1076 526//1046
f 524//1044 476//1002 526//1046
f 527//1047 532//1049 611//1105
f 571//1077 486//1007 611//1105
f 612//1106 478//1004 571//1077
f 581//1051 488//1051 572//1078
f 572//1078 478//1004 612//1106
f 486//1007 527//1047 611//1105
f 541//630 528//1 538//1053
f 537//1052 528//1 542//1055
f 530//1048 529//1079 613//1107
f 480//238 614//238 573//238
f 573//499 613//1107 529//1079
f 482//238 614//238 480//238
f 574//238 614//238 482//238
f 574//26 483//361 575//1080
f 578//1108 576//1081 533//1050
f 576//1081 577//1082 484//1006
f 532//1049 577//1082 611//1105
f 485//238 615//238 578//238
f 616//238 485//238 579//238
f 579//187 487//187 617//1109
f 618//1011 487//1 580//1011
f 534//4 619//4 580//1110
f 620//238 534//238 535//238
f 581//698 536//698 535//4
f 581//698 572//1078 536//698
f 537//1052 538//1053 528//1
f 538//1053 582//1083 541//630
f 583//1085 582//1083 539//1054
f 539//1054 572//1078 621//1111
f 540//238 622//238 535//238
f 582//1083 583//1085 494//1084
f 583//1085 623//1112 540//877
f 584//1086 497//1016 585//699
f 584//1086 575//1080 495//1014
f 585//699 543//1056 624//828
f 613//1107 543//1056 530//1048
f 625//1113 544//1057 586//1087
f 587//1088 545//1058 553//1063
f 548//1061 401//953 557//1068
f 554//1064 547//1060 556//1067
f 555//1066 556//1067 547//1060
f 586//1087 549//1089 558//1069
f 550//1089 558//1069 549//1089
f 626//238 503//238 588//238
f 588//1114 551//1090 627//1115
f 589//1091 627//1115 551//1090
f 589//1091 552//1062 625//1113
f 544//1057 625//1113 552//1062
f 556//1067 555//1066 553//1063
f 587//1088 553//1063 555//1066
f 628//1116 558//1069 590//972
f 590//972 509//1030 602//1099
f 602//1099 510//1031 591//1092
f 591//1092 511//1032 629//1117
f 630//1118 592//1093 559//1070
f 592//1093 593//1094 512//1033
f 513//1034 593//1094 594//1095
f 594//1095 631//681 560//1071
f 596//1097 514//1035 595//1096
f 560//1071 632//695 595//1096
f 562//1072 516//1072 596//1097
f 559//238 597//238 630//238
f 597//47 515//47 631//681
f 599//238 561//238 518//238
f 632//695 515//1 598//695
f 561//112 633//112 598//1119
f 596//1097 629//1117 511//1032
f 634//238 599//238 563//238
f 635//1098 600//1098 519//29
f 563//12 600//1120 636//12
f 601//1 637//854 519//1
f 638//238 601//238 564//238
f 639//1100 603//1100 520//1036
f 564//12 603//1121 638//12
f 604//1 640//1122 520//1
f 641//238 604//238 565//238
f 642//238 565//238 503//238
f 605//238 566//238 643//238
f 521//84 605//84 609//1123
f 644//1124 566//1073 606//1101
f 523//1043 607//1102 606//1101
f 526//1046 645//693 607//1102
f 567//1074 646//502 608//1103
f 568//238 643//238 567//238
f 647//717 568//1 609//717
f 569//1075 608//1103 648//1125
f 610//1104 569//1075 649//1126
f 610//1104 647//717 570//1076
f 570//1076 645//693 526//1046
f 571//1077 611//1105 650//1127
f 571//1077 618//1011 612//1106
f 651//1061 572//1078 612//1106
f 614//238 652//238 573//238
f 613//1107 573//499 653//1128
f 574//238 654//238 614//238
f 574//26 575//1080 654//475
f 576//1081 578//1108 655//1129
f 577//1082 576//1081 656//1130
f 577//1082 656//1130 611//1105
f 578//238 615//238 657//238
f 485//1 658//822 615//1
f 485//84 616//84 658//687
f 579//238 642//238 616//238
f 618//1109 617//1109 487//187
f 579//12 617//802 619//12
f 580//1011 612//1106 618//1011
f 659//1110 580//1110 619//4
f 534//238 660//238 619//238
f 620//238 660//238 534//238
f 622//238 620//238 535//238
f 583//1085 539//1054 623//1112
f 661//5 621//1111 572//1078
f 621//1111 623//1112 539//1054
f 622//494 540//877 623//1112
f 584//1086 585//699 662//1131
f 575//1080 584//1086 663//1132
f 543//1056 664//1133 624//828
f 624//828 665//854 585//699
f 543//1056 613//1107 664//1133
f 666//1134 625//1113 586//1087
f 558//1069 628//1116 586//1087
f 667//238 503//238 626//238
f 626//1135 588//1114 668//1136
f 627//1115 668//1136 588//1114
f 627//1115 589//1091 666//1134
f 625//1113 666//1134 589//1091
f 669//947 628//1116 590//972
f 602//1099 603//1100 590//972
f 670//1030 602//1099 591//1092
f 629//1117 600//1098 591//1092
f 592//1093 630//1118 671//1137
f 593//1094 592//1093 672//1138
f 594//1095 593//1094 673//1139
f 632//681 560//1071 631//681
f 594//1095 674//1140 631//1120
f 675//700 596//1097 595//1096
f 598//695 595//1096 632//695
f 597//238 676//238 630//238
f 632//681 631//681 515//47
f 597//12 631//1120 633//12
f 599//238 677//238 561//238
f 678//1119 598//1119 633//112
f 633//238 561//238 677//238
f 629//1117 596//1097 675//700
f 634//1 679//691 599//1
f 636//238 634//238 563//238
f 635//1098 591//1092 600//1098
f 635//854 519//1 637//854
f 680//1120 636//12 600//1120
f 601//112 636//112 637//1141
f 604//238 601//238 638//238
f 639//1100 590//972 603//1100
f 639//1122 520//1 640//1122
f 681//1121 638//12 603//1121
f 604//112 638//112 640//851
f 682//238 604//238 641//238
f 565//12 683//667 641//12
f 565//1142 642//1142 683//1143
f 642//238 503//238 616//238
f 643//238 566//238 684//238
f 643//12 685//667 605//12
f 686//1123 609//1123 605//84
f 566//238 644//238 687//238
f 606//1101 688//1144 644//1124
f 689//1145 606//1101 607//1102
f 607//1102 645//693 690//1105
f 691//1146 608//1103 646//502
f 567//238 643//238 646//238
f 643//47 568//47 685//1147
f 647//1147 685//1147 568//47
f 609//717 570//1076 647//717
f 691//1146 648//1125 608//1103
f 648//1125 649//1126 569//1075
f 649//1126 685//1147 610//1104
f 647//1147 610//1104 685//1147
f 570//1076 609//1123 645//693
f 692//1148 650//1127 611//1105
f 650//1127 617//1109 571//1077
f 618//1109 571//1077 617//1109
f 693//238 651//238 572//238
f 651//1061 661//5 572//1078
f 651//1061 612//1106 693//1149
f 652//238 694//238 573//238
f 614//1 695//854 652//1
f 696//21 653//1128 573//499
f 653//1128 664//1133 613//1107
f 614//238 654//238 697//238
f 663//1132 654//475 575//1080
f 657//1150 655//1129 578//1108
f 655//1129 656//1130 576//1081
f 611//1105 656//1130 698//1151
f 657//238 615//238 699//238
f 700//822 615//1 658//822
f 701//687 658//687 616//84
f 702//238 642//238 579//238
f 659//802 619//12 617//802
f 619//238 702//238 579//238
f 612//1106 580//1110 703//1152
f 659//1110 703//1152 580//1110
f 660//238 704//238 619//238
f 660//1153 620//1154 705//1155
f 620//1154 622//494 706//993
f 623//1112 621//1111 706//993
f 623//1112 706//993 622//494
f 585//699 707//1156 662//1131
f 662//1131 663//1132 584//1086
f 624//828 664//1133 708//1157
f 695//854 585//699 665//854
f 665//1158 624//828 709//1158
f 710//1159 666//1134 586//1087
f 711//1160 586//1087 628//1116
f 712//238 503//238 667//238
f 667//1161 626//1135 713//1162
f 668//1136 713//1162 626//1135
f 668//1136 627//1115 710//1159
f 666//1134 710//1159 627//1115
f 714//1163 628//1116 669//947
f 590//972 639//1122 669//947
f 602//1099 715//734 603//1121
f 715//734 602//1099 670//1030
f 591//1092 635//854 670//1030
f 629//1117 716//1164 600//1120
f 717//1165 671//1137 630//1118
f 671//1137 672//1138 592//1093
f 593//1094 672//1138 718//1166
f 673//1139 593//1094 718//1166
f 594//1095 673//1139 719//1167
f 678//1120 631//1120 674//1140
f 674//1140 594//1095 720//1168
f 675//700 595//1096 721//1169
f 595//1096 598//1119 674//1140
f 676//238 722//238 630//238
f 597//238 723//238 676//238
f 678//1120 633//12 631//1120
f 633//238 724//238 597//238
f 677//1142 599//1142 725//1170
f 678//1119 674//1140 598//1119
f 633//238 677//238 726//238
f 727//1171 629//1117 675//700
f 728//691 599//1 679//691
f 634//21 729//21 679//1172
f 601//238 634//238 636//238
f 637//854 670//1030 635//854
f 680//1141 637//1141 636//112
f 680//1120 600//1120 716//1164
f 604//238 730//238 601//238
f 640//1122 669//947 639//1122
f 681//851 640//851 638//112
f 681//1121 603//1121 715//734
f 730//238 604//238 682//238
f 731//238 682//238 641//238
f 732//667 641//12 683//667
f 733//1143 683//1143 642//1142
f 616//238 503//238 734//238
f 684//238 566//238 687//238
f 643//238 684//238 646//238
f 686//667 605//12 685//667
f 686//1123 645//693 609//1123
f 644//238 735//238 687//238
f 735//1173 644//1124 688//1144
f 606//1101 689//1145 688//1144
f 607//1102 736//1174 689//1145
f 645//693 649//1126 690//1105
f 690//1105 736//1174 607//1102
f 646//502 737//1175 691//1146
f 691//1146 738//1176 648//1125
f 649//1126 648//1125 690//1105
f 649//1126 645//693 685//667
f 650//1127 692//1148 711//1160
f 611//1105 658//687 692//1148
f 650//1127 703//1152 617//802
f 661//5 651//1061 693//1149
f 693//1149 705//1155 651//1061
f 612//1106 703//1152 693//1149
f 696//238 573//238 694//238
f 694//26 652//26 709//1158
f 665//854 652//1 695//854
f 614//21 697//21 695//1177
f 696//21 739//1178 653//1128
f 664//1133 653//1128 740//1179
f 654//238 741//238 697//238
f 654//475 663//1132 741//1180
f 655//1129 657//1150 742//1181
f 656//1130 655//1129 743//1182
f 656//1130 743//1182 698//1151
f 698//1151 700//822 611//1105
f 615//238 734//238 699//238
f 699//224 742//1181 657//1150
f 700//1183 744//1183 615//312
f 658//822 611//1105 700//822
f 701//687 692//1148 658//687
f 701//1184 616//12 744//1184
f 702//1 745//674 642//1
f 659//802 617//802 703//1152
f 704//238 702//238 619//238
f 704//6 660//1153 746//1185
f 706//993 705//1155 620//1154
f 705//1155 746//1185 660//1153
f 651//1061 706//993 621//1111
f 662//1131 707//1156 747//1186
f 585//699 695//1177 707//1156
f 663//1132 662//1131 748//1187
f 740//1179 708//1157 664//1133
f 708//1157 709//1158 624//828
f 665//1158 709//1158 652//26
f 749//1188 710//1159 586//1087
f 711//1160 692//1148 586//1087
f 628//1116 683//1143 711//1160
f 734//238 503//238 712//238
f 712//1189 667//1161 750//1190
f 713//1162 750//1190 667//1161
f 713//1162 668//1136 749//1188
f 710//1159 749//1188 668//1136
f 628//1116 714//1163 683//667
f 751//1191 714//1163 669//947
f 669//947 715//734 670//1030
f 716//1164 629//1117 727//1171
f 671//1137 717//1165 752//1192
f 630//238 722//238 717//238
f 672//1138 671//1137 753//1193
f 753//1193 718//1166 672//1138
f 718//1166 754//1194 673//1139
f 755//1195 719//1167 673//1139
f 719//1167 720//1168 594//1095
f 756//1196 674//1140 720//1168
f 674//1140 721//1169 595//1096
f 721//1169 725//1170 675//700
f 676//1197 757//1198 722//1199
f 758//238 676//238 723//238
f 723//238 597//238 724//238
f 726//238 724//238 633//238
f 728//1170 725//1170 599//1142
f 677//12 725//667 729//12
f 726//238 677//238 759//238
f 675//700 728//691 727//1171
f 679//691 727//1171 728//691
f 760//1172 679//1172 729//21
f 634//238 761//238 729//238
f 762//238 634//238 601//238
f 670//1030 637//1141 716//1164
f 680//1141 716//1164 637//1141
f 730//238 762//238 601//238
f 669//947 640//851 715//734
f 681//851 715//734 640//851
f 682//1200 763//1201 730//366
f 731//1180 764//1202 682//1200
f 765//238 731//238 641//238
f 732//1203 745//1203 641//371
f 732//667 683//667 714//1163
f 733//1143 711//1160 683//1143
f 733//674 642//1 745//674
f 734//12 744//1184 616//12
f 684//51 687//51 766//685
f 646//238 684//238 737//238
f 686//667 685//667 645//693
f 687//238 735//238 767//238
f 688//1144 768//1204 735//1173
f 769//1205 688//1144 689//1145
f 689//1145 736//1174 769//1205
f 690//1105 766//685 736//1174
f 738//1176 691//1146 737//1175
f 770//1206 648//1125 738//1176
f 648//1125 770//1206 690//1105
f 771//960 650//1127 711//1160
f 703//1152 650//1127 771//960
f 706//993 651//1061 705//1155
f 705//1155 693//1149 746//1185
f 693//1149 703//1152 772//1207
f 696//238 694//238 739//238
f 694//12 709//697 697//12
f 773//1177 695//1177 697//21
f 774//1208 653//1128 739//1178
f 774//1208 740//1179 653//1128
f 741//238 775//238 697//238
f 748//1187 741//1180 663//1132
f 742//1181 743//1182 655//1129
f 698//1151 743//1182 776//1209
f 700//1183 698//1151 744//1183
f 777//238 699//238 734//238
f 734//312 615//312 744//1183
f 699//224 777//1210 742//1181
f 701//1184 744//1184 692//1148
f 702//371 641//371 745//1203
f 704//238 765//238 702//238
f 704//6 746//1185 765//1211
f 747//1186 707//1156 778//1212
f 747//1186 748//1187 662//1131
f 773//1177 707//1156 695//1177
f 708//1157 740//1179 779//1213
f 708//1157 707//1156 709//697
f 780//1214 749//1188 586//1087
f 692//1148 776//1209 586//1087
f 777//238 734//238 712//238
f 750//1190 781//1215 712//1189
f 713//1162 749//1188 750//1190
f 782//1216 714//1163 751//1191
f 783//1217 751//1191 669//947
f 669//947 670//1030 783//1217
f 670//1030 716//1164 727//1171
f 784//1218 752//1192 717//1165
f 752//1192 753//1193 671//1137
f 784//238 717//238 722//238
f 718//1166 753//1193 754//1194
f 757//1198 673//1139 754//1194
f 785//1219 719//1167 755//1195
f 755//1195 673//1139 786//1220
f 719//1167 787//1221 720//1168
f 674//1140 756//1196 721//1169
f 720//1168 788//809 756//1196
f 728//1170 675//700 725//1170
f 721//1169 789//732 725//667
f 754//1194 722//1199 757//1198
f 757//1198 676//1197 786//1220
f 758//1222 786//1220 676//1197
f 759//238 758//238 723//238
f 723//6 724//6 787//1221
f 726//1 790//809 724//1
f 760//667 729//12 725//667
f 729//238 791//238 677//238
f 677//238 791//238 759//238
f 726//224 759//224 790//678
f 727//1171 679//1172 789//732
f 760//1172 789//732 679//1172
f 761//238 791//238 729//238
f 792//238 761//238 634//238
f 793//238 634//238 762//238
f 730//366 794//1223 762//128
f 794//1223 730//366 763//1201
f 763//1201 682//1200 764//1202
f 764//1202 731//1180 795//1224
f 765//1211 795//1224 731//1180
f 702//238 765//238 641//238
f 732//1203 714//1163 745//1203
f 711//1160 733//674 771//960
f 745//674 771//960 733//674
f 796//685 766//685 687//51
f 684//251 766//822 797//251
f 684//238 797//238 737//238
f 767//238 735//238 798//238
f 767//319 799//1120 687//319
f 800//1225 735//1173 768//1204
f 768//1204 688//1144 801//1226
f 769//1205 801//1226 688//1144
f 736//1174 802//1227 769//1205
f 796//685 736//1174 766//685
f 766//822 690//1105 803//822
f 737//1175 804//1228 738//1176
f 738//1176 805//1229 770//1206
f 690//1105 770//1206 806//1230
f 772//1207 703//1152 771//960
f 772//1207 746//1185 693//1149
f 694//238 807//238 739//238
f 773//697 697//12 709//697
f 697//238 807//238 694//238
f 739//1178 808//1074 774//1208
f 740//1179 774//1208 809//1231
f 775//238 807//238 697//238
f 741//1180 748//1187 775//1232
f 743//1182 742//1181 810//1233
f 810//1233 776//1209 743//1182
f 776//1209 744//1183 698//1151
f 781//1215 742//1181 777//1210
f 776//1209 692//1148 744//1184
f 795//1224 765//1211 746//1185
f 778//1212 707//1156 779//1213
f 778//1212 811//1234 747//1186
f 748//1187 747//1186 811//1234
f 773//697 709//697 707//1156
f 779//1213 740//1179 812//1235
f 707//1156 708//1157 779//1213
f 780//1214 750//1190 749//1188
f 776//1209 780//1214 586//1087
f 777//1210 712//1189 781//1215
f 750//1190 780//1214 781//1215
f 813//1236 714//1163 782//1216
f 751//1191 763//1201 782//1216
f 783//1217 794//1223 751//1191
f 783//1217 670//1030 814//1237
f 814//1237 670//1030 727//1171
f 752//1192 784//1218 754//1194
f 752//1192 754//1194 753//1193
f 722//1199 754//1194 784//1218
f 757//1198 786//1220 673//1139
f 719//1167 785//1219 787//1238
f 815//1239 785//1219 755//1195
f 786//1220 816//1240 755//1195
f 788//1221 720//1168 787//1221
f 756//1196 785//1219 721//1169
f 790//809 756//1196 788//809
f 760//667 725//667 789//732
f 789//732 721//1169 815//1239
f 786//1220 758//1222 816//1240
f 791//238 758//238 759//238
f 723//12 787//1238 759//12
f 788//1221 787//1221 724//6
f 788//809 724//1 790//809
f 817//678 790//678 759//224
f 727//1171 789//732 818//1116
f 819//238 791//238 761//238
f 820//238 761//238 792//238
f 792//238 634//238 793//238
f 762//128 821//1241 793//411
f 821//1241 762//128 794//1223
f 763//1201 751//1191 794//1223
f 764//1202 782//1216 763//1201
f 795//1224 813//1236 764//1202
f 771//960 745//1203 714//1163
f 796//1120 687//319 799//1120
f 803//822 797//251 766//822
f 737//238 797//238 804//238
f 735//238 800//238 798//238
f 798//238 804//238 767//238
f 767//26 797//26 799//681
f 768//1204 822//1242 800//1225
f 801//1226 823//1243 768//1204
f 769//1205 824//1244 801//1226
f 802//1227 824//1244 769//1205
f 802//1227 736//1174 799//1120
f 796//1120 799//1120 736//1174
f 806//1230 803//822 690//1105
f 805//1229 738//1176 804//1228
f 825//1245 770//1206 805//1229
f 770//1206 825//1245 806//1230
f 772//1207 771//960 813//1236
f 746//1185 772//1207 795//1224
f 807//238 826//238 739//238
f 827//1246 774//1208 808//1074
f 739//238 826//238 808//238
f 827//1246 809//1231 774//1208
f 740//1179 809//1231 812//1235
f 828//238 807//238 775//238
f 811//1234 775//1232 748//1187
f 781//1215 810//1233 742//1181
f 810//1233 780//1214 776//1209
f 829//1247 778//1212 779//1213
f 811//1234 778//1212 830//1248
f 812//1235 831//1249 779//1213
f 810//1233 781//1215 780//1214
f 771//960 714//1163 813//1236
f 782//1216 764//1202 813//1236
f 783//1217 814//1237 794//1223
f 832//1250 814//1237 727//1171
f 817//1238 787//1238 785//1219
f 721//1169 785//1219 815//1239
f 815//1239 755//1195 816//1240
f 756//1196 790//678 785//1219
f 818//1116 789//732 815//1239
f 791//1251 816//1240 758//1222
f 817//1238 759//12 787//1238
f 817//678 785//1219 790//678
f 833//1252 727//1171 818//1116
f 834//238 791//238 819//238
f 761//12 835//742 819//12
f 820//238 836//238 761//238
f 820//452 792//12 837//1253
f 793//411 838//1254 792//12
f 838//1254 793//411 821//1241
f 821//1241 794//1223 814//1237
f 813//1236 795//1224 772//1207
f 803//681 799//681 797//26
f 797//238 767//238 804//238
f 800//238 839//238 798//238
f 804//1228 798//1090 805//1229
f 834//1255 800//1225 822//1242
f 822//1242 768//1204 823//1243
f 801//1226 840//1256 823//1243
f 801//1226 824//1244 841//1257
f 824//1244 802//1227 825//1245
f 802//1227 799//681 806//1230
f 803//681 806//1230 799//681
f 805//1229 842//1258 825//1245
f 806//1230 825//1245 802//1227
f 807//1 843//1249 826//1
f 808//1074 844//1259 827//1246
f 826//238 845//238 808//238
f 809//1231 827//1246 846//1125
f 812//1235 809//1231 847//1260
f 807//238 828//238 848//238
f 775//1232 811//1234 828//130
f 829//1247 830//1248 778//1212
f 779//1213 849//1261 829//1247
f 830//1248 828//130 811//1234
f 843//1249 779//1213 831//1249
f 831//696 812//1235 850//696
f 814//1237 832//1250 821//1241
f 851//1262 832//1250 727//1171
f 816//1240 822//1242 815//1239
f 840//1256 818//1116 815//1239
f 791//1251 834//1255 816//1240
f 833//1252 851//1262 727//1171
f 833//1252 818//1116 852//1263
f 800//238 834//238 819//238
f 853//742 819//12 835//742
f 761//488 854//488 835//1143
f 854//238 761//238 836//238
f 836//1114 820//452 855//1264
f 856//1265 837//1253 792//12
f 837//1253 855//1264 820//452
f 856//1265 792//12 838//1254
f 838//1254 821//1241 832//1250
f 798//238 839//238 857//238
f 839//238 800//238 819//238
f 842//1258 805//1229 798//1090
f 822//1242 816//1240 834//1255
f 823//1243 815//1239 822//1242
f 823//1243 840//1256 815//1239
f 841//1257 840//1256 801//1226
f 824//1244 858//1266 841//1257
f 824//1244 825//1245 842//1258
f 831//1249 826//1 843//1249
f 807//371 859//371 843//1267
f 860//1268 827//1246 844//1259
f 844//238 808//238 845//238
f 845//61 826//61 850//696
f 860//1268 846//1125 827//1246
f 846//1125 847//1260 809//1231
f 847//1260 850//696 812//1235
f 828//238 861//238 848//238
f 807//238 848//238 859//238
f 829//1247 862//1269 830//1248
f 829//1247 849//1261 862//1269
f 779//1213 863//1270 849//1261
f 828//130 830//1248 861//1271
f 779//1213 843//1267 863//1270
f 831//696 850//696 826//61
f 832//1250 851//1262 838//1254
f 818//1116 840//1256 835//742
f 851//1262 833//1252 856//1265
f 864//1272 852//1263 818//1116
f 833//1252 852//1263 837//1253
f 853//1273 865//1273 819//1274
f 853//742 835//742 840//1256
f 866//1143 835//1143 854//488
f 867//238 854//238 836//238
f 855//1264 868//1275 836//1114
f 837//1253 856//1265 833//1252
f 855//1264 837//1253 852//1263
f 856//1265 838//1254 851//1262
f 857//238 839//238 869//238
f 798//1090 857//234 842//1258
f 839//1274 819//1274 865//1273
f 841//1257 865//1273 840//1256
f 858//1266 870//1276 841//1257
f 858//1266 824//1244 871//1277
f 842//1258 871//1277 824//1244
f 872//1267 843//1267 859//371
f 844//1259 873//1278 860//1268
f 845//238 848//238 844//238
f 845//12 850//1279 859//12
f 860//1268 868//1275 846//1125
f 847//1260 846//1125 849//1261
f 847//1260 863//1270 850//1279
f 861//238 839//238 848//238
f 859//238 848//238 845//238
f 874//1280 830//1248 862//1269
f 862//1269 849//1261 841//1257
f 863//1270 847//1260 849//1261
f 874//1280 861//1271 830//1248
f 872//1267 863//1270 843//1267
f 818//1116 835//1143 864//1272
f 875//1281 852//1263 864//1272
f 853//1273 840//1256 865//1273
f 866//1143 864//1272 835//1143
f 866//695 854//1 865//695
f 839//238 854//238 867//238
f 873//238 867//238 836//238
f 873//1278 836//1114 868//1275
f 868//1275 855//1264 876//1282
f 852//1263 876//1282 855//1264
f 869//238 839//238 861//238
f 869//411 877//1283 857//234
f 871//1277 842//1258 857//234
f 839//1 865//695 854//1
f 865//695 841//1257 866//695
f 870//1276 862//1269 841//1257
f 870//1276 858//1266 877//1283
f 871//1277 877//1283 858//1266
f 872//1279 859//12 850//1279
f 868//1275 860//1268 873//1278
f 873//238 844//238 867//238
f 848//238 878//238 844//238
f 876//1282 846//1125 868//1275
f 849//1261 846//1125 879//1284
f 872//1279 850//1279 863//1270
f 848//238 839//238 880//238
f 862//1269 870//1276 874//1280
f 849//1261 881//766 841//1257
f 861//1271 874//1280 869//411
f 852//1263 875//1281 876//1282
f 841//1257 875//1281 864//1272
f 864//1272 866//695 841//1257
f 880//238 839//238 867//238
f 871//1277 857//234 877//1283
f 877//1283 869//411 874//1280
f 877//1283 874//1280 870//1276
f 878//238 867//238 844//238
f 848//1 882//1285 878//1
f 846//1125 876//1282 879//1284
f 879//1284 883//1285 849//1261
f 848//112 880//112 882//1286
f 881//766 875//1281 841//1257
f 849//1261 882//1286 881//766
f 879//1284 876//1282 875//1281
f 867//1287 884//686 880//1287
f 867//61 878//61 884//1288
f 883//1285 878//1 882//1285
f 882//1285 849//1261 883//1285
f 883//1288 879//1284 884//1288
f 885//1286 882//1286 880//112
f 875//1281 881//766 884//686
f 885//1286 881//766 882//1286
f 875//1281 884//1288 879//1284
f 885//686 880//1287 884//686
f 883//1288 884//1288 878//61
f 885//686 884//686 881//766
