# SSTK version 0.8.0
# 67
mtllib original-67.mtl
o mesh54/mesh54-geometry#mesh54-geometry
v 0.464116 0.699648 0.129445
v 0.466552 0.639150 0.129136
v 0.466552 0.699508 0.129136
v 0.464116 0.639150 0.129445
v 0.468843 0.699376 0.128254
v 0.464710 0.704797 0.129444
v 0.461677 0.639150 0.129161
v 0.473605 0.639150 0.122824
v 0.468843 0.639150 0.128254
v 0.467098 0.704240 0.129136
v 0.461677 0.699788 0.129161
v 0.474181 0.639150 0.120437
v 0.472475 0.639150 0.125003
v 0.470857 0.639150 0.126849
v 0.469344 0.703715 0.128254
v 0.466401 0.709522 0.129441
v 0.462320 0.705355 0.129160
v 0.459377 0.639150 0.128302
v 0.474169 0.639150 0.117982
v 0.472475 0.699167 0.125003
v 0.473605 0.699102 0.122824
v 0.470857 0.699260 0.126849
v 0.468602 0.708445 0.129133
v 0.459377 0.699921 0.128302
v 0.474169 0.699069 0.117982
v 0.474181 0.699069 0.120437
v 0.471317 0.703254 0.126849
v 0.470673 0.707431 0.128251
v 0.469053 0.713691 0.129437
v 0.464196 0.710600 0.129157
v 0.460065 0.705880 0.128301
v 0.457350 0.639150 0.126917
v 0.473569 0.639150 0.115601
v 0.473569 0.699104 0.115601
v 0.472904 0.702883 0.125003
v 0.474012 0.702624 0.122823
v 0.470964 0.712157 0.129129
v 0.457350 0.700037 0.126917
v 0.474576 0.702491 0.120436
v 0.474564 0.702493 0.117981
v 0.472493 0.706539 0.126847
v 0.472762 0.710714 0.128248
v 0.472532 0.717170 0.129431
v 0.467139 0.715226 0.129152
v 0.462117 0.711617 0.128298
v 0.458077 0.706344 0.126916
v 0.455712 0.639150 0.125088
v 0.472417 0.639150 0.113433
v 0.472417 0.699170 0.113433
v 0.473976 0.702629 0.115600
v 0.473956 0.705822 0.125001
v 0.474977 0.705321 0.122822
v 0.474065 0.715258 0.129125
v 0.455712 0.700131 0.125088
v 0.475497 0.705065 0.120435
v 0.475485 0.705068 0.117980
v 0.474342 0.709446 0.126844
v 0.475506 0.713459 0.128244
v 0.476703 0.719824 0.129425
v 0.470997 0.719084 0.129146
v 0.465333 0.716673 0.128293
v 0.460285 0.712513 0.126913
v 0.456472 0.706717 0.125087
v 0.454560 0.639150 0.122920
v 0.470780 0.639150 0.111603
v 0.470780 0.699264 0.111603
v 0.472846 0.702892 0.113432
v 0.474943 0.705332 0.115599
v 0.475612 0.708426 0.124998
v 0.476498 0.707712 0.122819
v 0.477780 0.717622 0.129119
v 0.475624 0.722027 0.129139
v 0.454560 0.700198 0.122920
v 0.476949 0.707348 0.120432
v 0.476939 0.707354 0.117977
v 0.476773 0.711877 0.126840
v 0.478793 0.715550 0.128238
v 0.481429 0.721515 0.129417
v 0.480871 0.723905 0.129131
v 0.469548 0.720888 0.128286
v 0.463742 0.717948 0.126907
v 0.458804 0.713236 0.125083
v 0.455343 0.706980 0.122919
v 0.453961 0.639150 0.120539
v 0.468752 0.639150 0.110219
v 0.468752 0.699381 0.110219
v 0.471241 0.703266 0.111603
v 0.473901 0.705840 0.113430
v 0.476468 0.707729 0.115596
v 0.477791 0.710605 0.124995
v 0.478863 0.709261 0.120429
v 0.481986 0.719126 0.129112
v 0.474606 0.724105 0.128278
v 0.453961 0.700232 0.120539
v 0.478854 0.709268 0.117974
v 0.478475 0.709737 0.115593
v 0.478502 0.709716 0.122815
v 0.479682 0.713728 0.126835
v 0.482509 0.716879 0.128232
v 0.486577 0.722108 0.129409
v 0.480344 0.726158 0.128269
v 0.468271 0.722477 0.126901
v 0.462456 0.718977 0.125077
v 0.457763 0.713744 0.122915
v 0.454755 0.707116 0.120538
v 0.453948 0.639150 0.118084
v 0.466452 0.639150 0.109360
v 0.466452 0.699513 0.109360
v 0.469254 0.703729 0.110218
v 0.472421 0.706563 0.111601
v 0.475563 0.708453 0.113427
v 0.480894 0.711238 0.122812
v 0.481147 0.710714 0.120425
v 0.481139 0.710722 0.117970
v 0.486716 0.719672 0.129105
v 0.486436 0.724547 0.129122
v 0.473708 0.725936 0.126892
v 0.453948 0.700233 0.118084
v 0.480872 0.711261 0.115589
v 0.477749 0.710638 0.113424
v 0.480396 0.712262 0.124990
v 0.482968 0.714903 0.126830
v 0.486847 0.717380 0.128226
v 0.508815 0.719689 0.129074
v 0.508832 0.722125 0.129374
v 0.486302 0.726846 0.128260
v 0.479878 0.728144 0.126882
v 0.467240 0.723760 0.125070
v 0.461552 0.719700 0.122909
v 0.457221 0.714007 0.120534
v 0.454743 0.707118 0.118082
v 0.454524 0.700199 0.115697
v 0.464014 0.639150 0.109076
v 0.464013 0.699653 0.109076
v 0.466999 0.704255 0.109359
v 0.470588 0.707459 0.110216
v 0.474278 0.709482 0.111598
v 0.480360 0.712299 0.113420
v 0.483591 0.712203 0.122807
v 0.483720 0.711635 0.120421
v 0.483336 0.713314 0.124986
v 0.483714 0.711643 0.117966
v 0.483573 0.712228 0.115585
v 0.508763 0.717395 0.128199
v 0.508815 0.724563 0.129083
v 0.479501 0.729746 0.125051
v 0.472982 0.727413 0.125061
v 0.454524 0.639150 0.115697
v 0.483307 0.713354 0.113415
v 0.476717 0.711921 0.111593
v 0.487051 0.713742 0.124980
v 0.486960 0.715364 0.126824
v 0.508680 0.715377 0.126801
v 0.515658 0.719689 0.128271
v 0.515727 0.722125 0.128566
v 0.508764 0.726860 0.128217
v 0.486184 0.728871 0.126872
v 0.486087 0.730506 0.125041
v 0.472471 0.728451 0.122892
v 0.466514 0.724662 0.122902
v 0.461081 0.720075 0.120528
v 0.457209 0.714011 0.118079
v 0.455307 0.706986 0.115696
v 0.455654 0.700134 0.113517
v 0.461578 0.639150 0.109384
v 0.464609 0.704813 0.109075
v 0.468509 0.708475 0.109356
v 0.472686 0.710757 0.110212
v 0.482930 0.714956 0.111584
v 0.479634 0.713776 0.111589
v 0.487112 0.712609 0.122802
v 0.487142 0.712030 0.120416
v 0.487137 0.712039 0.117961
v 0.487099 0.712634 0.115579
v 0.487030 0.713783 0.113409
v 0.515456 0.717395 0.127414
v 0.515660 0.724563 0.128280
v 0.479235 0.730872 0.122882
v 0.486017 0.731654 0.122871
v 0.466135 0.725130 0.120520
v 0.455654 0.639150 0.113517
v 0.461578 0.699793 0.109384
v 0.462221 0.705370 0.109383
v 0.486933 0.715418 0.111577
v 0.475440 0.713511 0.110208
v 0.508571 0.713752 0.124960
v 0.508442 0.712615 0.122784
v 0.515133 0.715377 0.126044
v 0.522496 0.719689 0.125806
v 0.522629 0.722125 0.126078
v 0.515460 0.726860 0.127432
v 0.508682 0.728884 0.126826
v 0.508573 0.730515 0.124991
v 0.472203 0.728990 0.120511
v 0.479095 0.731456 0.120500
v 0.466126 0.725137 0.118065
v 0.461070 0.720081 0.118073
v 0.457729 0.713755 0.115692
v 0.456415 0.706726 0.113516
v 0.457273 0.700041 0.111671
v 0.459286 0.639150 0.110266
v 0.464104 0.710631 0.109380
v 0.466305 0.709554 0.109072
v 0.470881 0.712204 0.109353
v 0.478736 0.715607 0.110203
v 0.482464 0.716941 0.110197
v 0.508301 0.712032 0.120399
v 0.508155 0.712036 0.117944
v 0.508014 0.712628 0.115562
v 0.507886 0.713773 0.113390
v 0.507777 0.715405 0.111556
v 0.514708 0.713752 0.124240
v 0.522106 0.717395 0.125017
v 0.522500 0.724563 0.125815
v 0.485979 0.732250 0.120489
v 0.508444 0.731660 0.122820
v 0.472196 0.728998 0.118056
v 0.457273 0.639150 0.111671
v 0.459286 0.699925 0.110266
v 0.459975 0.705894 0.110265
v 0.462033 0.711645 0.110262
v 0.486814 0.717443 0.110190
v 0.473992 0.715315 0.109348
v 0.507694 0.717428 0.110165
v 0.514206 0.712615 0.122108
v 0.513655 0.712032 0.119772
v 0.520666 0.713752 0.122093
v 0.521484 0.715377 0.123754
v 0.528509 0.719689 0.121957
v 0.528699 0.722125 0.122192
v 0.522114 0.726860 0.125033
v 0.515139 0.728884 0.126069
v 0.514715 0.730515 0.124271
v 0.514214 0.731660 0.122143
v 0.479089 0.731464 0.118045
v 0.485975 0.732259 0.118034
v 0.466487 0.724683 0.115679
v 0.472448 0.728474 0.115669
v 0.461521 0.719717 0.115686
v 0.458750 0.713254 0.113512
v 0.458001 0.706355 0.111670
v 0.467056 0.715272 0.109376
v 0.465258 0.716715 0.110257
v 0.468967 0.713738 0.109068
v 0.477718 0.717685 0.109342
v 0.481937 0.719194 0.109335
v 0.513089 0.712036 0.117366
v 0.512538 0.712628 0.115032
v 0.512037 0.713773 0.112904
v 0.511613 0.715405 0.111106
v 0.519698 0.712615 0.120129
v 0.527956 0.717395 0.121272
v 0.528514 0.724563 0.121964
v 0.508303 0.732252 0.120437
v 0.513664 0.732252 0.119809
v 0.479217 0.730897 0.115659
v 0.460213 0.712537 0.111667
v 0.463678 0.717983 0.111661
v 0.486681 0.719742 0.109328
v 0.507643 0.719725 0.109299
v 0.472457 0.717228 0.109063
v 0.476639 0.719889 0.109056
v 0.511292 0.717428 0.109743
v 0.518637 0.712032 0.117976
v 0.517545 0.712036 0.115760
v 0.525909 0.713752 0.118736
v 0.524534 0.712615 0.117033
v 0.527072 0.715377 0.120177
v 0.532822 0.717395 0.116374
v 0.533510 0.719689 0.116922
v 0.533518 0.724563 0.116927
v 0.527967 0.726860 0.121286
v 0.521496 0.728884 0.123777
v 0.520680 0.730515 0.122121
v 0.519714 0.731660 0.120161
v 0.518654 0.732252 0.118010
v 0.486004 0.731680 0.115648
v 0.508158 0.732257 0.117982
v 0.462408 0.719004 0.113507
v 0.472946 0.727450 0.113491
v 0.479473 0.729786 0.113480
v 0.470924 0.719140 0.109370
v 0.469482 0.720939 0.110251
v 0.468215 0.722521 0.111655
v 0.481379 0.721585 0.109049
v 0.516485 0.712628 0.113609
v 0.515519 0.713773 0.111649
v 0.514703 0.715405 0.109992
v 0.521475 0.712036 0.113244
v 0.523027 0.712032 0.115166
v 0.531721 0.715377 0.115497
v 0.533747 0.722125 0.117110
v 0.532836 0.726860 0.116385
v 0.513097 0.732257 0.117403
v 0.521499 0.732257 0.113273
v 0.486066 0.730546 0.113470
v 0.467197 0.723793 0.113500
v 0.486540 0.722180 0.109041
v 0.507626 0.722163 0.109007
v 0.511092 0.719725 0.108894
v 0.475562 0.722091 0.109362
v 0.480822 0.723973 0.109354
v 0.514084 0.717428 0.108737
v 0.519970 0.712628 0.111379
v 0.530272 0.713752 0.114344
v 0.528560 0.712615 0.112980
v 0.536528 0.717395 0.110499
v 0.535261 0.715377 0.109885
v 0.537320 0.719689 0.110882
v 0.537328 0.724563 0.110886
v 0.536544 0.726860 0.110506
v 0.531741 0.728884 0.115513
v 0.527088 0.728884 0.120197
v 0.525929 0.730515 0.118761
v 0.524556 0.731660 0.117060
v 0.523050 0.732252 0.115195
v 0.517562 0.732257 0.115794
v 0.508016 0.731674 0.115597
v 0.512546 0.731674 0.115066
v 0.479841 0.728196 0.111636
v 0.486156 0.728925 0.111626
v 0.474549 0.724163 0.110243
v 0.473660 0.725984 0.111646
v 0.486401 0.724616 0.109345
v 0.518597 0.713773 0.109678
v 0.517438 0.715405 0.108242
v 0.526683 0.712032 0.111486
v 0.524750 0.712036 0.109947
v 0.537592 0.722125 0.111014
v 0.535284 0.728884 0.109896
v 0.516501 0.731674 0.113641
v 0.526712 0.732252 0.111509
v 0.519992 0.731674 0.111406
v 0.507887 0.730537 0.113421
v 0.507644 0.724600 0.109308
v 0.511025 0.722163 0.108609
v 0.513699 0.719725 0.107955
v 0.480299 0.726220 0.110234
v 0.486270 0.726909 0.110224
v 0.516559 0.717428 0.107153
v 0.529464 0.712032 0.107077
v 0.522875 0.712628 0.108454
v 0.533594 0.713752 0.109078
v 0.531623 0.712615 0.108123
v 0.538881 0.717395 0.103834
v 0.537508 0.715377 0.103520
v 0.539739 0.719689 0.104030
v 0.539748 0.724563 0.104032
v 0.538898 0.726860 0.103838
v 0.537533 0.728884 0.103526
v 0.530297 0.730515 0.114363
v 0.528588 0.731660 0.113002
v 0.529498 0.732252 0.107094
v 0.524780 0.732257 0.109971
v 0.512044 0.730537 0.112934
v 0.515533 0.730537 0.111677
v 0.507778 0.728912 0.111581
v 0.507696 0.726894 0.110183
v 0.511094 0.724600 0.108903
v 0.521166 0.713773 0.107093
v 0.518627 0.717428 0.105072
v 0.527240 0.712036 0.106000
v 0.540034 0.722125 0.104097
v 0.533623 0.730515 0.109091
v 0.518617 0.730537 0.109703
v 0.531656 0.731660 0.108139
v 0.522903 0.731674 0.108476
v 0.511619 0.728912 0.111131
v 0.511296 0.726894 0.109761
v 0.513703 0.724600 0.107963
v 0.513569 0.722163 0.107692
v 0.516011 0.719725 0.106475
v 0.519721 0.715405 0.105943
v 0.517945 0.719725 0.104529
v 0.533567 0.712615 0.102619
v 0.525082 0.712628 0.104955
v 0.531226 0.712032 0.102084
v 0.535702 0.713752 0.103107
v 0.539621 0.717395 0.097136
v 0.538222 0.715377 0.097062
v 0.540496 0.719689 0.097182
v 0.540505 0.724563 0.097182
v 0.539639 0.726860 0.097137
v 0.538247 0.728884 0.097064
v 0.535733 0.730515 0.103114
v 0.533601 0.731660 0.102627
v 0.527274 0.732257 0.106017
v 0.514714 0.728912 0.110015
v 0.517454 0.728912 0.108262
v 0.514092 0.726894 0.108753
v 0.523115 0.713773 0.104003
v 0.520194 0.717428 0.102588
v 0.519409 0.719725 0.102208
v 0.528817 0.712036 0.101533
v 0.540797 0.722125 0.097198
v 0.521190 0.730537 0.107113
v 0.531263 0.732252 0.102092
v 0.525114 0.731674 0.104971
v 0.516017 0.724600 0.106482
v 0.516570 0.726894 0.107167
v 0.515827 0.722163 0.106247
v 0.517716 0.722163 0.104346
v 0.521454 0.715405 0.103198
v 0.519145 0.722163 0.102080
v 0.534204 0.712615 0.096851
v 0.536381 0.713752 0.096965
v 0.526479 0.712628 0.100999
v 0.531819 0.712032 0.096725
v 0.538269 0.719689 -0.344893
v 0.537395 0.717394 -0.344838
v 0.538570 0.722125 -0.344912
v 0.538278 0.724563 -0.344894
v 0.536021 0.728884 -0.344752
v 0.536412 0.730515 0.096967
v 0.534240 0.731660 0.096853
v 0.528854 0.732257 0.101542
v 0.519741 0.728912 0.105959
v 0.524348 0.713773 0.100512
v 0.521182 0.717428 0.099788
v 0.520332 0.719725 0.099594
v 0.520046 0.722163 0.099528
v 0.529363 0.712036 0.096596
v 0.535996 0.715377 -0.344751
v 0.537412 0.726860 -0.344839
v 0.523143 0.730537 0.104016
v 0.531856 0.732252 0.096727
v 0.526514 0.731674 0.101007
v 0.518641 0.726894 0.105083
v 0.517952 0.724600 0.104534
v 0.522547 0.715405 0.100100
v 0.519417 0.724600 0.102212
v 0.531981 0.712615 -0.344500
v 0.534156 0.713752 -0.344636
v 0.526979 0.712628 0.096471
v 0.529597 0.712032 -0.344350
v 0.537445 0.719689 -0.351735
v 0.537739 0.722125 -0.351806
v 0.536588 0.717394 -0.351531
v 0.537454 0.724563 -0.351738
v 0.536605 0.726860 -0.351535
v 0.535244 0.728884 -0.351210
v 0.534187 0.730515 -0.344638
v 0.532016 0.731660 -0.344502
v 0.529400 0.732257 0.096598
v 0.521476 0.728912 0.103209
v 0.520210 0.726894 0.102596
v 0.524807 0.713773 0.096357
v 0.521580 0.717428 0.096187
v 0.520714 0.719725 0.096142
v 0.520422 0.722163 0.096126
v 0.520341 0.724600 0.099596
v 0.527142 0.712036 -0.344197
v 0.535219 0.715377 -0.351204
v 0.524378 0.730537 0.100519
v 0.529634 0.732252 -0.344353
v 0.527015 0.731674 0.096473
v 0.522972 0.715405 0.096260
v 0.531286 0.712615 -0.350265
v 0.533417 0.713752 -0.350774
v 0.524760 0.712628 -0.344048
v 0.528951 0.712032 -0.349708
v 0.534961 0.719689 -0.358567
v 0.535232 0.722125 -0.358701
v 0.534970 0.724563 -0.358571
v 0.534173 0.717394 -0.358176
v 0.534189 0.726860 -0.358184
v 0.532935 0.728884 -0.357562
v 0.533447 0.730515 -0.350781
v 0.531321 0.731660 -0.350274
v 0.527180 0.732257 -0.344199
v 0.522572 0.728912 0.100106
v 0.521200 0.726894 0.099792
v 0.522589 0.713773 -0.343912
v 0.520755 0.715405 -0.343797
v 0.519364 0.717428 -0.343710
v 0.518498 0.719725 -0.343656
v 0.520723 0.724600 0.096142
v 0.526547 0.712036 -0.349135
v 0.532912 0.715377 -0.357551
v 0.524838 0.730537 0.096358
v 0.528988 0.732252 -0.349717
v 0.524795 0.731674 -0.344050
v 0.518207 0.722163 -0.343638
v 0.529290 0.712615 -0.355756
v 0.531252 0.713752 -0.356728
v 0.524214 0.712628 -0.348578
v 0.527140 0.712032 -0.354690
v 0.531097 0.719689 -0.364574
v 0.531332 0.722125 -0.364765
v 0.531104 0.724563 -0.364580
v 0.530427 0.726860 -0.364031
v 0.530413 0.717394 -0.364020
v 0.529340 0.728884 -0.363150
v 0.531280 0.730515 -0.356742
v 0.529322 0.731660 -0.355772
v 0.526584 0.732257 -0.349143
v 0.522997 0.728912 0.096262
v 0.521598 0.726894 0.096188
v 0.522088 0.713773 -0.348070
v 0.520292 0.715405 -0.347642
v 0.518930 0.717428 -0.347317
v 0.518081 0.719725 -0.347114
v 0.518507 0.724600 -0.343657
v 0.524926 0.712036 -0.353593
v 0.529320 0.715377 -0.363134
v 0.522620 0.730537 -0.343914
v 0.527174 0.732252 -0.354707
v 0.524249 0.731674 -0.348586
v 0.517796 0.722163 -0.347046
v 0.526181 0.712615 -0.360590
v 0.527882 0.713752 -0.361968
v 0.522778 0.712628 -0.352529
v 0.524317 0.712032 -0.359079
v 0.526051 0.719689 -0.369570
v 0.526239 0.722125 -0.369807
v 0.526057 0.724563 -0.369577
v 0.525515 0.726860 -0.368894
v 0.524645 0.728884 -0.367798
v 0.525504 0.717394 -0.368880
v 0.527906 0.730515 -0.361988
v 0.526209 0.731660 -0.360612
v 0.524960 0.732257 -0.353610
v 0.520780 0.728912 -0.343799
v 0.519382 0.726894 -0.343711
v 0.520820 0.713773 -0.351558
v 0.519166 0.715405 -0.350738
v 0.517912 0.717428 -0.350117
v 0.517131 0.719725 -0.349730
v 0.518090 0.724600 -0.347116
v 0.522398 0.712036 -0.357524
v 0.524629 0.715377 -0.367778
v 0.522118 0.730537 -0.348078
v 0.524346 0.732252 -0.359103
v 0.522810 0.731674 -0.352545
v 0.516868 0.722163 -0.349600
v 0.522117 0.712615 -0.364613
v 0.523478 0.713752 -0.366328
v 0.520536 0.712628 -0.356015
v 0.520626 0.712032 -0.362733
v 0.520006 0.719689 -0.373372
v 0.520138 0.722125 -0.373644
v 0.520011 0.724563 -0.373380
v 0.519631 0.726860 -0.372595
v 0.519022 0.728884 -0.371335
v 0.523498 0.730515 -0.366352
v 0.519623 0.717394 -0.372579
v 0.522140 0.731660 -0.364641
v 0.522427 0.732257 -0.357548
v 0.520316 0.728912 -0.347647
v 0.518947 0.726894 -0.347321
v 0.518838 0.713773 -0.354639
v 0.517405 0.715405 -0.353477
v 0.516317 0.717428 -0.352596
v 0.515640 0.719725 -0.352047
v 0.517139 0.724600 -0.349734
v 0.519091 0.712036 -0.360798
v 0.518219 0.730515 -0.369672
v 0.519011 0.715377 -0.371312
v 0.518206 0.713752 -0.369644
v 0.520848 0.730537 -0.351572
v 0.520650 0.732252 -0.362763
v 0.520563 0.731674 -0.356037
v 0.515412 0.722163 -0.351862
v 0.516209 0.712032 -0.365512
v 0.517253 0.712615 -0.367672
v 0.517601 0.712628 -0.358921
v 0.515135 0.712036 -0.363287
v 0.513152 0.719689 -0.375786
v 0.513220 0.722125 -0.376081
v 0.513154 0.724563 -0.375795
v 0.512960 0.726860 -0.374944
v 0.512649 0.728884 -0.373579
v 0.512238 0.730515 -0.371779
v 0.517269 0.731660 -0.367705
v 0.512956 0.717394 -0.374927
v 0.516226 0.732252 -0.365546
v 0.519114 0.732257 -0.360828
v 0.519188 0.728912 -0.350750
v 0.517928 0.726894 -0.350125
v 0.516243 0.713773 -0.357209
v 0.515095 0.715405 -0.355763
v 0.514225 0.717428 -0.354667
v 0.513684 0.719725 -0.353984
v 0.515647 0.724600 -0.352053
v 0.514092 0.712628 -0.361128
v 0.511751 0.731660 -0.369648
v 0.512231 0.713752 -0.371748
v 0.512643 0.715377 -0.373555
v 0.511743 0.712615 -0.369613
v 0.518863 0.730537 -0.354659
v 0.515151 0.732257 -0.363321
v 0.517623 0.731674 -0.358949
v 0.513501 0.722163 -0.353755
v 0.511209 0.712032 -0.367272
v 0.510659 0.712036 -0.364863
v 0.513141 0.713773 -0.359160
v 0.510126 0.712628 -0.362525
v 0.506301 0.719689 -0.376542
v 0.506317 0.722125 -0.376842
v 0.506301 0.724563 -0.376551
v 0.506256 0.726860 -0.375684
v 0.506183 0.728884 -0.374293
v 0.506086 0.730515 -0.372458
v 0.505972 0.731660 -0.370285
v 0.511218 0.732252 -0.367309
v 0.506255 0.717394 -0.375666
v 0.510668 0.732257 -0.364900
v 0.514107 0.731674 -0.361160
v 0.517424 0.728912 -0.353493
v 0.516331 0.726894 -0.352607
v 0.512338 0.715405 -0.357498
v 0.511729 0.717428 -0.356238
v 0.511350 0.719725 -0.355453
v 0.513689 0.724600 -0.353992
v 0.509639 0.713773 -0.360393
v 0.505847 0.732252 -0.367902
v 0.506085 0.713752 -0.372426
v 0.505970 0.712615 -0.370249
v 0.506181 0.715377 -0.374268
v 0.505845 0.712032 -0.367864
v 0.516262 0.730537 -0.357234
v 0.510134 0.731674 -0.362559
v 0.513155 0.730537 -0.359189
v 0.511222 0.722163 -0.355189
v 0.505716 0.712036 -0.365408
v 0.505591 0.712628 -0.363025
v 0.509228 0.715405 -0.358593
v 0.505477 0.713773 -0.360852
v 0.484340 0.717380 -0.375548
v 0.484204 0.719672 -0.376426
v 0.484062 0.722108 -0.376730
v 0.483923 0.724547 -0.376442
v 0.483796 0.726846 -0.375579
v 0.483686 0.728871 -0.374191
v 0.483601 0.730506 -0.372358
v 0.483546 0.731654 -0.370188
v 0.505718 0.732257 -0.365446
v 0.484463 0.715364 -0.374147
v 0.505593 0.731674 -0.363060
v 0.509646 0.730537 -0.360424
v 0.515111 0.728912 -0.355783
v 0.514236 0.726894 -0.354681
v 0.508917 0.717428 -0.357228
v 0.508723 0.719725 -0.356378
v 0.511354 0.724600 -0.355461
v 0.505380 0.715405 -0.359017
v 0.483524 0.732250 -0.367806
v 0.484565 0.713742 -0.372304
v 0.484642 0.712609 -0.370126
v 0.484687 0.712030 -0.367741
v 0.484699 0.712039 -0.365285
v 0.512349 0.728912 -0.357521
v 0.505478 0.730537 -0.360883
v 0.509234 0.728912 -0.358618
v 0.508657 0.722163 -0.356092
v 0.484676 0.712634 -0.362904
v 0.484621 0.713783 -0.360733
v 0.484537 0.715418 -0.358901
v 0.479473 0.719126 -0.376402
v 0.480002 0.716879 -0.375526
v 0.478914 0.721515 -0.376704
v 0.478358 0.723905 -0.376414
v 0.477837 0.726158 -0.375549
v 0.477016 0.729746 -0.372325
v 0.476764 0.730872 -0.370154
v 0.476640 0.731456 -0.367771
v 0.483536 0.732259 -0.365351
v 0.480850 0.713314 -0.372285
v 0.483581 0.731680 -0.362965
v 0.505382 0.728912 -0.359042
v 0.511737 0.726894 -0.356254
v 0.505307 0.717428 -0.357626
v 0.505262 0.719725 -0.356759
v 0.508725 0.724600 -0.356387
v 0.484427 0.717443 -0.357513
v 0.480470 0.714903 -0.374127
v 0.477380 0.728144 -0.374159
v 0.476650 0.731464 -0.365316
v 0.481120 0.712203 -0.370109
v 0.481265 0.711635 -0.367723
v 0.481275 0.711643 -0.365268
v 0.481151 0.712228 -0.362886
v 0.508921 0.726894 -0.357245
v 0.483657 0.730546 -0.360787
v 0.505308 0.726894 -0.357643
v 0.505246 0.722163 -0.356468
v 0.480899 0.713354 -0.360715
v 0.480534 0.714956 -0.358881
v 0.475268 0.717622 -0.376381
v 0.476286 0.715550 -0.375508
v 0.474189 0.719824 -0.376680
v 0.473112 0.722028 -0.376387
v 0.472099 0.724105 -0.375520
v 0.470497 0.727413 -0.372292
v 0.470000 0.728451 -0.370120
v 0.469748 0.728990 -0.367737
v 0.469757 0.728998 -0.365281
v 0.476794 0.730896 -0.362931
v 0.477911 0.712262 -0.372270
v 0.478424 0.711238 -0.370095
v 0.477065 0.729786 -0.360754
v 0.483760 0.728925 -0.358944
v 0.484299 0.719742 -0.356649
v 0.484161 0.722180 -0.356361
v 0.505262 0.724600 -0.356768
v 0.480078 0.716941 -0.357491
v 0.477185 0.713728 -0.374110
v 0.471211 0.725936 -0.374128
v 0.470025 0.728474 -0.362897
v 0.478692 0.710714 -0.367710
v 0.478700 0.710722 -0.365255
v 0.478449 0.711261 -0.362872
v 0.477952 0.712299 -0.360700
v 0.477445 0.728196 -0.358913
v 0.483883 0.726909 -0.357543
v 0.484019 0.724616 -0.356665
v 0.477238 0.713776 -0.358864
v 0.471554 0.715259 -0.376362
v 0.473001 0.713460 -0.375491
v 0.470019 0.717171 -0.376659
v 0.468486 0.719085 -0.376364
v 0.467043 0.720889 -0.375494
v 0.465775 0.722478 -0.374100
v 0.464043 0.724662 -0.370089
v 0.463680 0.725130 -0.367706
v 0.463687 0.725137 -0.365251
v 0.464064 0.724682 -0.362867
v 0.470537 0.727450 -0.360721
v 0.474277 0.711878 -0.374096
v 0.476031 0.709716 -0.370083
v 0.476408 0.709262 -0.367699
v 0.471264 0.725984 -0.358882
v 0.479557 0.719195 -0.356626
v 0.478442 0.723973 -0.356637
v 0.476349 0.715607 -0.357472
v 0.464756 0.723761 -0.372263
v 0.464788 0.723793 -0.360692
v 0.476415 0.709268 -0.365244
v 0.476052 0.709736 -0.362860
v 0.475340 0.710637 -0.360686
v 0.475307 0.710605 -0.372257
v 0.477913 0.726220 -0.357513
v 0.479000 0.721585 -0.356335
v 0.474320 0.711920 -0.358849
v 0.468453 0.712159 -0.376347
v 0.466540 0.713692 -0.376642
v 0.470257 0.710716 -0.375477
v 0.464628 0.715227 -0.376345
v 0.462828 0.716674 -0.375473
v 0.461246 0.717949 -0.374077
v 0.459972 0.718977 -0.372239
v 0.458626 0.720075 -0.367680
v 0.458631 0.720081 -0.365225
v 0.459098 0.719716 -0.362842
v 0.471846 0.709447 -0.374083
v 0.473128 0.708426 -0.372246
v 0.474495 0.707348 -0.367689
v 0.474500 0.707354 -0.365234
v 0.472162 0.724162 -0.357484
v 0.475337 0.717685 -0.356604
v 0.474260 0.719888 -0.356312
v 0.473052 0.713510 -0.357455
v 0.459082 0.719700 -0.370065
v 0.459998 0.719003 -0.360668
v 0.465818 0.722520 -0.358854
v 0.474045 0.707729 -0.362850
v 0.474028 0.707713 -0.370073
v 0.473154 0.708452 -0.360676
v 0.473181 0.722090 -0.356611
v 0.471881 0.709481 -0.358837
v 0.466091 0.708445 -0.376335
v 0.463887 0.709522 -0.376628
v 0.468167 0.707431 -0.375467
v 0.461685 0.710601 -0.376330
v 0.459612 0.711617 -0.375457
v 0.457788 0.712513 -0.374060
v 0.456320 0.713236 -0.372221
v 0.455293 0.713744 -0.370045
v 0.454770 0.714011 -0.365206
v 0.455306 0.713755 -0.362823
v 0.469996 0.706539 -0.374074
v 0.471471 0.705822 -0.372238
v 0.472506 0.705321 -0.370065
v 0.473047 0.705068 -0.365227
v 0.467094 0.720938 -0.357459
v 0.471610 0.715314 -0.356585
v 0.470076 0.717227 -0.356290
v 0.470298 0.710756 -0.357441
v 0.454766 0.714007 -0.367661
v 0.456341 0.713254 -0.360650
v 0.461280 0.717982 -0.358831
v 0.472520 0.705332 -0.362842
v 0.473042 0.705065 -0.367682
v 0.471493 0.705840 -0.360667
v 0.468541 0.719139 -0.356587
v 0.470024 0.706563 -0.358828
v 0.464586 0.704239 -0.376327
v 0.462197 0.704797 -0.376620
v 0.466838 0.703715 -0.375460
v 0.459808 0.705354 -0.376320
v 0.457559 0.705880 -0.375447
v 0.455580 0.706343 -0.374049
v 0.453987 0.706717 -0.372209
v 0.452872 0.706980 -0.370033
v 0.452304 0.707118 -0.365193
v 0.452884 0.706986 -0.362810
v 0.468821 0.703254 -0.374068
v 0.470419 0.702883 -0.372233
v 0.471541 0.702624 -0.370060
v 0.472125 0.702493 -0.365222
v 0.462869 0.716714 -0.357437
v 0.468498 0.712202 -0.356570
v 0.464673 0.715271 -0.356568
v 0.468201 0.707459 -0.357431
v 0.452300 0.707116 -0.367649
v 0.454006 0.706727 -0.360638
v 0.457816 0.712537 -0.358814
v 0.471553 0.702630 -0.362837
v 0.472121 0.702491 -0.367677
v 0.470438 0.702892 -0.360662
v 0.466586 0.713737 -0.356273
v 0.468845 0.703266 -0.358822
v 0.464040 0.699508 -0.376325
v 0.461603 0.699649 -0.376617
v 0.466337 0.699377 -0.375457
v 0.459166 0.699789 -0.376317
v 0.456871 0.699921 -0.375443
v 0.454853 0.700038 -0.374045
v 0.453228 0.700132 -0.372205
v 0.452090 0.700198 -0.370029
v 0.451510 0.700233 -0.365189
v 0.452101 0.700199 -0.362806
v 0.468360 0.699261 -0.374066
v 0.469991 0.699167 -0.372231
v 0.471135 0.699102 -0.370058
v 0.471730 0.699069 -0.365220
v 0.459645 0.711645 -0.357421
v 0.466127 0.708475 -0.356558
v 0.461722 0.710631 -0.356553
v 0.466866 0.703729 -0.357424
v 0.451506 0.700232 -0.367645
v 0.453245 0.700134 -0.360634
v 0.455605 0.706356 -0.358803
v 0.471146 0.699104 -0.362835
v 0.471726 0.699069 -0.367675
v 0.470008 0.699170 -0.360660
v 0.463925 0.709554 -0.356259
v 0.468383 0.699264 -0.358819
v 0.466337 0.639150 -0.375458
v 0.464040 0.639150 -0.376325
v 0.468360 0.639150 -0.374066
v 0.459166 0.639150 -0.376317
v 0.456871 0.639150 -0.375443
v 0.454853 0.639150 -0.374045
v 0.453228 0.639150 -0.372205
v 0.452090 0.639150 -0.370029
v 0.451506 0.639150 -0.367645
v 0.451510 0.639150 -0.365189
v 0.452101 0.639150 -0.362806
v 0.469991 0.639150 -0.372231
v 0.471135 0.639150 -0.370058
v 0.471726 0.639150 -0.367675
v 0.471730 0.639150 -0.365220
v 0.457588 0.705895 -0.357411
v 0.464618 0.704255 -0.356550
v 0.459839 0.705370 -0.356543
v 0.466365 0.699380 -0.357422
v 0.461603 0.639150 -0.376617
v 0.453245 0.639150 -0.360634
v 0.454876 0.700041 -0.358799
v 0.470008 0.639150 -0.360660
v 0.471146 0.639150 -0.362835
v 0.468383 0.639150 -0.358819
v 0.462229 0.704813 -0.356251
v 0.454876 0.639150 -0.358799
v 0.456899 0.639150 -0.357407
v 0.459196 0.639150 -0.356540
v 0.461634 0.639150 -0.356248
v 0.456899 0.699925 -0.357407
v 0.464070 0.699513 -0.356548
v 0.459196 0.699793 -0.356540
v 0.466365 0.639150 -0.357422
v 0.464070 0.639150 -0.356548
v 0.461633 0.699653 -0.356248
vn 0.005040576062570436 -0.0001979999696510379 0.9999872766135424
vn 0.24420858382528854 0 0.9697227271679503
vn 0.2434280079926357 -0.013912002209970202 0.9698191899108035
vn 0.005051204630303536 0 0.9999872425845157
vn 0.46779735274818596 -0.02682301336550834 0.8834286404208225
vn 0.004935581081456798 -0.0007819998717920824 0.9999875141798467
vn -0.23442007221728559 -9.999998238276887e-7 0.9721353968149924
vn 0.46916722965919166 0 0.8831093423885397
vn 0.23639721893310778 -0.05480698803678654 0.9701095551240735
vn -0.233661085837653 0.013528004306397563 0.9722239917141805
vn 0.6668826110065867 0 0.7451627896889629
vn 0.4546059989301977 -0.10576104436660856 0.8843913088849084
vn 0.00467244694853642 -0.0015140006050505586 0.999987937948094
vn -0.226822183422802 0.05328802787849189 0.9724772918645113
vn -0.4602614533955452 -9.999997429899709e-7 0.8877834164463877
vn 0.9367847634819697 0 0.3499061401405097
vn 0.8240421845416179 -0.04733000936878681 0.5645479149806759
vn 0.8258352919048944 0 0.5639114031870236
vn 0.9933036214907907 0 0.11553317936108375
vn 0.9350520563978036 -0.05373300684657949 0.35041463411430784
vn 0.6651767072666793 -0.03818201424819383 0.7457091134603419
vn 0.21823736147065603 -0.10603801581042814 0.9701177213417522
vn -0.45889878830814607 0.026471010784265718 0.888094132216498
vn 0.9904239294009418 -0.056959995830499995 -0.12576167518360895
vn 0.992086319929972 0 -0.12555769115353047
vn 0.9916438445565171 -0.05701002794355752 0.11572528793243456
vn 0.6471055921262686 -0.1507319968092296 0.7473514687058651
vn 0.4195412613280568 -0.2045989022481918 0.8843779843721223
vn 0.004272313589189173 -0.0021659996815935156 0.9999885278251821
vn -0.20915370257873755 0.10309803887410254 0.972432785892125
vn -0.44585838741814915 0.10436496458203344 0.8889984547436957
vn -0.6593561246465875 0 0.7518307661242879
vn 0.9314805656195295 -0.053589019704391505 -0.35982241847923263
vn 0.8025737600519971 -0.18707089719886438 0.5664625663688742
vn 0.9115555541916959 -0.21257391527740743 0.35196420580210136
vn 0.18979890948408903 -0.15098696301204853 0.9701439640378375
vn -0.6576444308110269 0.03787998297558429 0.7523755109737491
vn 0.9332208761711793 0 -0.35930320939047644
vn 0.96723642964835 -0.22565311541403857 0.11633727117760254
vn 0.9660268310145279 -0.22546796136775912 -0.12631848699495787
vn 0.5970815338574785 -0.29157505010149076 0.7473136102632644
vn 0.36464919447400507 -0.29130395967829104 0.8844054319401298
vn 0.003749509335953025 -0.0027219996961252756 0.9999892658910865
vn -0.18148488068710464 0.1467710051348573 0.9723793036329451
vn -0.41123117888250055 0.20191699209353667 0.8888860702130545
vn -0.6396740166760101 0.1495350171003771 0.7539604970092064
vn -0.8201076612106785 0 0.5722092484603437
vn 0.8183159029751792 -0.047100013428286513 -0.572835641063798
vn 0.9080145766340776 -0.21202403252003663 -0.361324422443293
vn 0.7404174163845539 -0.36186000362981746 0.5664268596098267
vn 0.8408611300505786 -0.4111839637152782 0.3519663449158977
vn 0.15255138383643999 -0.18828396134417674 0.9701944264889031
vn -0.8183107492601113 0.04709900945159479 0.5728430858045107
vn 0.8201145507350567 0 -0.5721993740582351
vn 0.8921548075014797 -0.43647081948028926 0.116417452275003
vn 0.8910072163156021 -0.4361121446782654 -0.12614411495446579
vn 0.5188081701248065 -0.41509807862207393 0.7473497626520079
vn 0.29275390968377474 -0.3632401929196418 0.8845064785588433
vn 0.0031146623877732448 -0.003148001324562537 0.9999901944348608
vn -0.14524734146385684 0.18297597259861845 0.97232864981408
vn -0.3570300731575007 0.28744783353484 0.888765025109155
vn -0.5900162639030425 0.2892999173092719 0.7537813782355888
vn -0.7969137435173186 0.1861580253438346 0.5746944187942822
vn -0.9332074622481021 0 0.35933804753248333
vn 0.6576344780289181 -0.037881983599680785 -0.7523841097645443
vn 0.7969089167198501 -0.18616698570060752 -0.5746982093999815
vn 0.837495042240815 -0.4101270462317789 -0.3611064388393704
vn 0.6432305241354729 -0.5151210465035847 0.5664845984397605
vn 0.7303904768945455 -0.585315095379151 0.3520454379523385
vn 0.10760938684423485 -0.2167739770604368 0.970272777487037
vn -0.10154859745448265 0.21063594931120228 0.972275876082913
vn -0.9314719813916208 0.05359199786441259 0.3598441963506827
vn 0.659334115369438 0 -0.7518500677063218
vn 0.7748523612244818 -0.6213049422155364 0.1165503628625591
vn 0.7737924165752967 -0.6207903867432194 -0.12595472114123651
vn 0.41633918618385996 -0.5176039178821447 0.7474943921132888
vn 0.206031898926211 -0.4181840473430366 0.8846880575506015
vn 0.0023732957706002118 -0.003415998743628122 0.999991349172466
vn -0.05173856994438841 0.22830587424493562 0.9722137358448324
vn -0.28606639453618 0.3583759862181142 0.8886690443687485
vn -0.5123374303869781 0.41183283927917713 0.7535941015664335
vn -0.7350415902773568 0.3601258603250322 0.5744764793163335
vn -0.9080182029909452 0.212010069222041 0.3613235026753176
vn -0.9920881305999909 0 0.12554338342826069
vn 0.4588911765572865 -0.026473003000199027 -0.8880980059599395
vn 0.6396820249034805 -0.14953904138777682 -0.753952904441788
vn 0.7350234052171665 -0.3601500311493776 -0.5744845940894006
vn 0.7272827556980032 -0.5838008281141746 -0.36088278756061876
vn 0.5160766292459464 -0.6423127545463296 0.5666561903775945
vn 0.6214909687020262 -0.774671832386985 0.11675841694716507
vn 0.05634572939324852 -0.234946871879159 0.970373704390912
vn -0.20050026733135065 0.4125809661712503 0.8885812225977175
vn -0.9904263151347735 0.056965985508168455 0.1257401717178612
vn 0.4602487561129427 0 -0.8877899990969085
vn 0.6205509925933923 -0.7740166976544304 -0.12575618212829706
vn 0.5831619822787446 -0.7278870337543061 -0.36069733644301116
vn 0.5859160964507522 -0.7298149144500058 0.35223929162750045
vn 0.292789809994352 -0.5959276757388559 0.7477595418662049
vn 0.10714612535393588 -0.45327121077093513 0.8849095531792439
vn 0.0017193610019066274 -0.02746798424335221 0.999621205076879
vn -0.10294872520015588 0.4472050050294912 0.8884870530605585
vn -0.41067093336097593 0.5134700090524764 0.7534573208192185
vn -0.638302791668277 0.5126371456417717 0.5742583939802197
vn -0.837507963655623 0.4100990515225926 0.36110826458789574
vn -0.966030655473612 0.22546290032625574 0.12629827101625846
vn -0.993300107571825 0 -0.11556338649330458
vn 0.23366243760103375 -0.013530000943325442 -0.972223639050613
vn 0.4458659703009427 -0.10436598941306258 -0.8889945313563136
vn 0.590013936016733 -0.28932311205790096 -0.7537742978738222
vn 0.6382609335276672 -0.5126880645284619 -0.5742594615872256
vn 0.4117571863819772 -0.8403271038018322 0.3525710964881023
vn 0.43666147330334126 -0.8919781112970215 0.11705471669075657
vn 0.4358997659816886 -0.8912012925003329 -0.12550557861244713
vn 0.01262535724849432 -0.26528789285965926 0.9640865802698583
vn -0.009288150353682365 0.2119579662129492 0.9772346447102035
vn -0.2880987184135208 0.5911637144035581 0.7533422802558445
vn -0.9916415474774687 0.057012978809590976 -0.1157435162924834
vn 0.23442436163974195 0 -0.9721343624570625
vn 0.4095161363664132 -0.838051608825675 -0.36050802348938527
vn 0.511702219854366 -0.6392149783580988 -0.5740775641311628
vn 0.36278470851073247 -0.7395509505499273 0.5669670597234746
vn 0.1518998097024748 -0.6459781462840286 0.7480900228821409
vn 0.02280248962483796 -0.4878070368623595 0.8726536204328003
vn 0.04620918944409335 -0.21816100788859288 0.9748181807126668
vn 0.04760709351942956 0.022109000707919376 0.9986214281369741
vn -0.019762632555198133 0.43914202515142114 0.8982002672569168
vn -0.14834128467449972 0.6408249426637928 0.7532185978327046
vn -0.5117584221959574 0.6391622523997905 0.5740861715968527
vn -0.727310474674642 0.5837597744603683 0.3608933348657562
vn -0.8910131751134353 0.43609992881715876 0.12614425813307456
vn -0.9672367175329948 0.2256529792902473 -0.11633514169601832
vn -0.9350560278484382 0.053731984701619474 -0.3504041931888454
vn -0.005012918421697541 0.0001950000068722608 -0.9999874162327719
vn 0.22682837809986006 -0.05329100575100598 -0.9724756838063527
vn 0.4112335516845903 -0.20193799058312703 -0.8888802022365704
vn 0.5122967994126482 -0.41188678957244756 -0.7535922384733399
vn 0.3592035242724055 -0.7359159711013161 -0.5739342398117488
vn 0.2131258082672396 -0.911027208427106 0.3529969055897656
vn 0.22584373714598063 -0.9670605697543647 0.11742427695455838
vn 0.18795514022749982 -0.8017160497733398 0.5673836804120229
vn 0.22527406331849478 -0.9662181719849174 -0.12519600841120831
vn 0.21145556048253536 -0.9085597354288064 -0.3602856548609094
vn 0.04212084724803812 -0.4456060053515052 0.8942377324972269
vn 0.04622977045951251 0.26107891318252985 0.9642098368170124
vn -0.18524880131370033 0.7977873725416749 0.5737753827281962
vn -0.35920887946548585 0.7359088100612247 0.5739400702054374
vn -0.9367844575013132 0 -0.3499069593248614
vn -0.005017909948223239 0 -0.9999874102106245
vn 0.18527545757549568 -0.7977721016724707 -0.5737880084258293
vn 0.410618026460253 -0.5135189133151904 -0.7534528266676507
vn 0.03868666229128235 -0.8370240786463676 0.5457966965152498
vn 0.0316613003991703 -0.6821839492693924 0.7304947785003315
vn 0.03558225952341018 -0.6470201218804859 0.7616422156688598
vn 0.222453229943017 -0.24262692161574603 0.944270478938734
vn 0.2293051769221133 -0.0018870000785716384 0.9733527495555874
vn 0.04216269511870834 0.48475101832334655 0.8736353686606361
vn -0.029097633916154966 0.6410010488279362 0.7669882548657229
vn -0.036750984632765354 0.8057520204834252 0.5911117040081343
vn -0.40952563971480405 0.8380457355136455 0.3605108813941311
vn -0.583210694909057 0.7278463118090628 0.36070075094133014
vn -0.7738114956108515 0.6207662010944498 0.1259567101795778
vn -0.8921534273830903 0.43647498890611536 -0.11641239653925041
vn -0.9115604767439125 0.21257514690595178 -0.35195071268051736
vn -0.824054380787003 0.04732997921272488 -0.5645301148508128
vn -0.24419774204913386 9.999997428592765e-7 -0.9697254574244737
vn -0.004921370475636433 0.0007759996977367025 -0.9999875888915375
vn 0.20915293501307033 -0.10310603534774525 -0.9724321031569699
vn 0.35700710692462495 -0.28749504060091513 -0.8887589815215303
vn 0.14837120888998667 -0.6408158753318468 -0.7532204181348265
vn 0.2880941881840787 -0.591170780483255 -0.753338467780171
vn 0.043467582877860185 -0.9432663140228409 0.32917963191625277
vn 0.04571070658334924 -0.994588004676553 0.09330183415755723
vn 0.04530058521119893 -0.9879419711412275 -0.14804904132451843
vn 0.042238664724466315 -0.9237197491985756 -0.3807331350733933
vn 0.0367195873235332 -0.8057353367503056 -0.5911363962899435
vn 0.2025508532438397 -0.4687699210223533 0.859783643130578
vn 0.22266409756379774 0.2389739768572834 0.945151912679181
vn -0.2114369567902691 0.9085578414780215 0.36030134886240456
vn -0.0422741801501896 0.9237067114188272 0.38076082384148296
vn -0.6205808237751792 0.7739927005863997 0.12575667219472783
vn -0.8258511671874085 0 -0.5638881534978326
vn -0.24342714948247549 0.013908996604000448 -0.9698194485100338
vn -0.23641112058649708 0.05480701578455962 -0.9701061658828006
vn 0.02906888360781722 -0.6410080833105439 -0.7669834660123632
vn 0.2860305602829307 -0.35841808375998635 -0.8886636010426286
vn 0.026980525084777485 -0.8106756299619235 0.5848735540712948
vn 0.016821618864745477 -0.9271645621568377 0.3742765125135274
vn 0.17085787006511505 -0.6669462010906458 0.7252519238771917
vn 0.42871564417568253 -0.24255098227570862 0.8702711746554165
vn 0.44191574680409224 -0.00186700000388036 0.8970546176446377
vn 0.2029510278426057 0.4654741789941735 0.8614781883410224
vn 0.03564676798716817 0.6800898297092683 0.7322616550510394
vn 0.027062028841478153 0.8357235350959826 0.5484831989055424
vn -0.43590612943155044 0.8911977644323996 0.12550852956949832
vn -0.2252697288874306 0.9662181281934816 0.12520414528787796
vn -0.6214946685015581 0.7746700995602201 -0.11675022000620427
vn -0.7748518606145774 0.6213059725892235 -0.1165481983004722
vn -0.8408516903302446 0.4111971273409851 -0.35197351794601267
vn -0.8025731586250026 0.1870720856346986 -0.5664630260052024
vn -0.6651781994685125 0.03818201260590791 -0.7457077824893541
vn -0.4691700074243116 0.0000010000000363969123 -0.883107866646239
vn -0.2182411037538499 0.10604504069516309 -0.9701161115950309
vn -0.0046688649363007305 0.0015109999899803367 -0.9999879592171284
vn 0.18146091680042356 -0.1467880080737812 -0.9723812093822469
vn 0.2004958587945361 -0.4125880545356864 -0.8885789260728048
vn 0.10297203720565663 -0.4472019786897083 -0.8884858748509886
vn 0.007150978822725948 -0.9840376713718183 0.1778165482259918
vn -0.0071572230726404795 -0.9924571394149304 -0.12238300773482509
vn -0.016874164257387594 -0.9427888855652347 -0.3329630307335596
vn -0.027018620911015756 -0.8357304431517375 -0.548474813016484
vn -0.035600544643289427 -0.6800808593626931 -0.7322722348618728
vn 0.12932754782912645 -0.8257731377080043 0.5489745990593575
vn 0.3903743844532556 -0.4686559731738984 0.7924452149967013
vn 0.4291229830085001 0.23890296100303685 0.8710791242349158
vn -0.04533506724302704 0.9879395307041359 0.14805477145354692
vn 0.016915372380402152 0.9427852081241 0.33297135240081766
vn -0.43666695442421644 0.8919762079580332 -0.11704877338394797
vn -0.6668893156438342 0 -0.7451567893269835
vn -0.46780103305408116 0.026820012746669827 -0.8834267826989416
vn -0.4546145509612468 0.1057579885404878 -0.8843872782408021
vn -0.41953688780479603 0.20461509465772676 -0.8843763128947288
vn 0.019731180220075143 -0.43914920958466913 -0.8981974461376983
vn 0.14521834790384544 -0.1829919271336357 -0.9723299779580982
vn -0.042111048087860085 -0.48475977749797944 -0.8736329994620461
vn 0.08044111910658476 -0.9364441094043034 0.3414698468662513
vn 0.027060349636476678 -0.9930190594763818 0.11480803540777816
vn 0.24929093295502888 -0.825686265479232 0.506059504154769
vn 0.3293160185490188 -0.6668260297534445 0.6685013133646639
vn 0.6093370223605412 -0.2424949042496933 0.7549202703555662
vn 0.6280815518026306 -0.0018569993871511332 0.778145305093127
vn 0.3911520690500125 0.46534702420409546 0.7940102051877466
vn 0.1714199799674819 0.6641810011500293 0.7276529311280844
vn 0.130030021070262 0.8236626681999158 0.5519710161179323
vn 0.08124045510774232 0.9351289682776206 0.3448678024140844
vn -0.22585250347973 0.9670574798762828 -0.11743286289310709
vn -0.04575233554431782 0.9945849848479951 -0.09331362015886735
vn -0.5858900267381448 0.7298320195361437 -0.35224721408205645
vn -0.41176574631462015 0.8403238566458041 -0.35256883882993106
vn -0.7303653768340068 0.5853390769829223 -0.3520576391429388
vn -0.7404008052208817 0.36188084426189787 -0.5664352585993971
vn -0.6471057872040945 0.1507300422486568 -0.7473516940040258
vn -0.1897820207286359 0.15100307475658198 -0.9701447603436375
vn -0.3646069968035614 0.29133805095954507 -0.8844115998475943
vn -0.0042801235077331015 0.002167999804718288 -0.9999884900935637
vn 0.10154655891374673 -0.21063199237512217 -0.9722769462251295
vn 0.05175021869864071 -0.22828603771593853 -0.9722177738802145
vn -0.027852989965096504 -0.9925850059803245 -0.11831828621579624
vn -0.08122952622637905 -0.9351283525088556 -0.34487204642172964
vn -0.12999971535464566 -0.8236808520228652 -0.5519510195828954
vn -0.17138062849008168 -0.6641777497033339 -0.727665168176518
vn 0.15507045021474838 -0.9364058039747023 0.31479727723200945
vn 0.5548613067105848 -0.4685710315135113 0.6874373562309416
vn 0.6099017820064441 0.23884904669332135 0.7556261967395357
vn 0.007198155725150159 0.9924598611781981 0.12235853261750324
vn 0.02789563500104282 0.9925850145934813 0.11830816688778151
vn -0.21315374603611886 0.9110259092408703 -0.3529833894712543
vn -0.5970746459338606 0.2916019663354295 -0.7473086112258216
vn -0.518771299372481 0.4151499069441586 -0.7473465686759015
vn 0.00925365995150474 -0.2119458639876006 -0.9772375967573348
vn -0.046172862937852395 -0.2610761473263559 -0.9642133125119924
vn -0.0037623102319859244 0.002733000605400474 -0.9999891878062528
vn -0.003112490314714497 0.0031639994891388794 -0.9999901507071325
vn -0.2028926777621185 -0.46546401928859665 -0.8614974219684131
vn 0.06972113276673267 -0.9874750235759665 0.14153459456743464
vn -0.07133050358050426 -0.9868842019698201 -0.14481550732343187
vn 0.3543693599901258 -0.8256267979666703 0.4390475454657407
vn 0.2204452693413188 -0.9363797970336144 0.273124072414572
vn 0.46809691831618605 -0.6667430663899439 0.5799473756159473
vn 0.6911205642522817 -0.4685627043899742 0.5502738933679858
vn 0.7589610609902557 -0.2425048597515986 0.6042925623383123
vn 0.7596661173842055 0.23886101522942058 0.604857673756378
vn 0.5559607034366733 0.46526185520378693 0.6887953994667283
vn 0.33040853921175456 0.6640551679309404 0.6707167294470631
vn 0.2506517943404091 0.8235750845502815 0.5088199662964595
vn 0.15661115438615975 0.9350921488306809 0.3179239209575999
vn 0.07132521361702579 0.9868879803244144 0.14479236234582146
vn -0.04351160611209856 0.9432613394034131 -0.32918807044062975
vn -0.007110995065503643 0.9840308334611599 -0.17785598822337573
vn -0.643198630209026 0.5151629530143073 -0.5664827040067605
vn -0.3627873473241901 0.7395426150234266 -0.5669762439342494
vn -0.18798336580990335 0.8017012408322914 -0.5673952543216629
vn -0.1525302850783515 0.1883080218917501 -0.9701930740966629
vn -0.2927092763321762 0.3632658676475561 -0.8845107059563283
vn -0.4163044325186101 0.5176328609167274 -0.747493706170508
vn -0.002369066990076796 0.003419999868116034 -0.9999913455237993
vn -0.15659891534768677 -0.9350907156698146 -0.31793416485184806
vn -0.25060574276171377 -0.8235958177572084 -0.5088090905906507
vn -0.33034831911846363 -0.664059995162655 -0.6707416126051674
vn -0.07638299407899121 -0.9925768560580037 -0.09464049362475835
vn 0.07412539345757606 -0.9930112700588851 0.0918370490640856
vn 0.5830494839833126 -0.6667389981471321 0.4642331392485367
vn 0.7823082227784531 -0.0018649997197295895 0.6228887271008069
vn 0.6924811453825239 0.46526889445888125 0.5513571611385113
vn -0.027018235964965595 0.9930187887675485 -0.11482029472167705
vn -0.07412643497143795 0.9930107949408095 -0.09184134564261781
vn -0.03873449963183923 0.8370183651288344 -0.5458020657484947
vn -0.5160443103561932 0.6423381648708848 -0.5666568200412883
vn -0.0017584106516859552 0.027456004423697833 -0.9996214662626377
vn -0.0475487385656363 -0.02211800250013089 -0.9986240090375461
vn -0.22258530413035935 -0.23897396114606337 -0.9451704757763836
vn -0.10760374243526394 0.21677896699995694 -0.9702722886284844
vn -0.05635630247518109 0.2349340997552716 -0.9703761826959202
vn -0.39106856026599807 -0.4653449956697322 -0.7940525273409916
vn -0.2226291000820608 -0.9350639267564453 -0.27584730681206315
vn 0.44138868638913653 -0.8256283295475495 0.35144542816231894
vn 0.27458112032166554 -0.9363791650213921 0.2186304363000257
vn 0.7950276994473324 -0.46865297088657515 0.38509135278615236
vn 0.6706849958925692 -0.6668188405866395 0.3248603855862922
vn 0.8731015060744943 -0.2425699935921497 0.4229108160110757
vn 0.8739173781120532 0.23892706149756382 0.42329927417595964
vn 0.7965985234885429 0.465348948645489 0.38585119977837534
vn 0.5849809080914591 0.6639712237679677 0.4657677008730419
vn 0.4696532451308049 0.6639720443397226 0.5818650648332768
vn 0.3563080694666583 0.8235128050601308 0.4414422040708596
vn 0.22263498212456886 0.9350659452850854 0.2758357168723854
vn 0.0763805986188851 0.9925776015595792 0.0946346080292728
vn -0.06972770594400114 0.9874710283572059 -0.141559228519193
vn -0.0167816705536739 0.9271567838732888 -0.37429757366454786
vn -0.08043370404321812 0.9364332954433467 -0.34150124807824905
vn -0.15192628136387512 0.6459667480749552 -0.748094489628424
vn -0.03171107433883613 0.6821633326143949 -0.7305118721832652
vn -0.20603382001300383 0.4181941841501766 -0.8846828185026638
vn -0.2927938836938145 0.5959310028422928 -0.7477552952155353
vn -0.012667659190596887 0.26527202560551594 -0.9640903914269541
vn -0.356260433190995 -0.8235377261721044 -0.4414341596589967
vn -0.4696095563340158 -0.6639802939454691 -0.5818909123296713
vn 0.12345586166917097 -0.9874692456255993 0.09830126735262484
vn -0.1263173346014223 -0.9868778608517118 -0.10057842084633156
vn 0.8999799528888939 -0.0018599999097638693 0.4359273159581079
vn 0.6729021726188624 0.6640526195454378 0.3259398480696352
vn -0.15506856900635135 0.9363975046579933 -0.31482289017256315
vn 0.12629857654587281 0.9868817145499332 0.10056416384314282
vn -0.2204526439223005 0.9363715013214442 -0.2731465601114026
vn -0.026933439103287934 0.8106679390369625 -0.5848863842453789
vn -0.04615178943094295 0.21813697371853155 -0.9748262783846374
vn -0.2292185480232756 0.001874000654786971 -0.9733731788803548
vn -0.4290151718310451 -0.2388880791713449 -0.8711363084894372
vn -0.10717634016329342 0.4532769659564079 -0.8849029462277518
vn -0.022849790301563817 0.4878160109300055 -0.8726473666742547
vn -0.5559062020129252 -0.4652618768579922 -0.6888393720644481
vn 0.10619621911262742 -0.993013689307415 0.05144099429695638
vn -0.27731208165299653 -0.9350626736318592 -0.22080716870092973
vn 0.5077025519948255 -0.8256890467761114 0.24591810980872872
vn 0.3158214683903716 -0.9364053073352954 0.15297679725383412
vn 0.8611005801170897 -0.46878688214089825 0.19683660750639698
vn 0.7263708324562581 -0.6669460036855435 0.16603747144751901
vn 0.9457231940392838 -0.24264105536936054 0.21617807128702457
vn 0.9466026501640818 0.23899807031025516 0.2163870261598678
vn 0.8628056920050964 0.46547416173228384 0.19723119074637854
vn 0.7287729904635475 0.6641827785478828 0.1665868093554597
vn 0.44380632277942 0.8235090864083423 0.3533677015007264
vn 0.2773110939684826 0.9350639747261563 0.2208028992819747
vn 0.10942489859594076 0.9925810264120852 0.05300092050143605
vn -0.12346984325835961 0.9874663280240253 -0.09831301452251455
vn -0.12929920686572224 0.8257720315572917 -0.548982938716349
vn -0.24926356438292696 0.8256868639842013 -0.5060720088238962
vn -0.03552782590570831 0.6470253442285739 -0.7616403203036909
vn -0.042062378350223854 0.4456228418335529 -0.8942320946844342
vn -0.22238005765497065 0.24261300675786385 -0.9442912892266246
vn -0.4437647068005634 -0.8235384944570502 -0.35335143008855235
vn -0.6924477444108486 -0.4652610291379034 -0.5514057453689317
vn -0.10942820270750477 -0.9925805358128729 -0.05300328647956996
vn 0.9748534504762241 -0.001859999759437827 0.22283915835304835
vn 0.510478206141736 0.8235727281572178 0.24726496413764926
vn -0.35435135500220255 0.8256236306218495 -0.43906803318722576
vn 0.3189661299713787 0.9350883927715614 0.1545001800483719
vn -0.27459711785595864 0.936369729525429 -0.218650754614924
vn -0.17080828647763904 0.6669601356273578 -0.7252507888685882
vn -0.20248998781657152 0.4687829129181908 -0.8597908963172269
vn -0.4286170327943201 0.2425260284103492 -0.8703267000052882
vn -0.44179825309125265 0.001870999411767033 -0.8971124806437142
vn -0.6098391154148394 -0.23883201090495057 -0.7556821579719506
vn -0.5849546538858971 -0.663973661841952 -0.4657971975843346
vn -0.7596365657050579 -0.23884009311218674 -0.6049030484019627
vn 0.341993967681491 -0.936444670407587 0.0781761174189208
vn -0.3189595654177437 -0.9350898856983596 -0.1545046966702068
vn 0.15376268279887756 -0.9874824166776747 0.03514988095159119
vn 0.5498207901754992 -0.8257732961516718 0.12568039645701562
vn 0.8830467899609403 -0.46698306311253174 0.04642397554837577
vn 0.7456970767371778 -0.6651305799415707 0.03920690464978783
vn 0.9690588771038015 -0.24151504891247796 0.05094481185678178
vn 0.969952116519366 0.23788999986773313 0.05100234918640826
vn 0.8847717955377743 0.46369690877830727 0.04651931437914233
vn 0.7481550223869196 0.662357267049919 0.039330818239517895
vn 0.5528195780433236 0.8236640624535063 0.12636465627139673
vn 0.34540269887743 0.9351275420335551 0.07895223707070662
vn -0.10619598429554582 0.9930135686702515 -0.05144380775440387
vn -0.3292593643475299 0.6668387938474855 -0.6685164874627187
vn -0.4680515145847834 0.666752883278917 -0.5799727341299253
vn -0.39029455200281504 0.468664173573558 -0.7924796874908125
vn -0.5104445336011136 -0.8235948136431637 -0.24726091696186908
vn -0.7965766720428515 -0.46535377013553725 -0.385890495060162
vn -0.8739013175992353 -0.23891008004850817 -0.423342013919639
vn -0.15731225471682403 -0.986894093922222 -0.03595694505023514
vn 0.9986189058865746 -0.0018670009766275208 0.052505191298137625
vn -0.4413844775586304 0.8256208371434162 -0.3514683147097325
vn 0.15729690362160698 0.986896688518677 0.035952890035771144
vn -0.3158440230603673 0.9363943950798609 -0.1529970259843752
vn -0.6092675725005198 0.2424719360684027 -0.7549836987104851
vn -0.5547954369533344 0.46858597779136785 -0.6874803303026685
vn -0.6280114641878485 0.0018690002678042217 -0.7782018425104335
vn -0.7822777939149492 0.0018710002583691115 -0.6229269238888245
vn -0.6728928529265568 -0.6640508813653285 -0.32596262889829847
vn -0.8999641265766395 0.001874998920170523 -0.4359599239083746
vn 0.35185316628563185 -0.9358723932152915 0.01849899976373124
vn 0.56512139996209 -0.8244725301847683 0.02971279649601699
vn -0.34539517233325223 -0.9351303085794932 -0.07895239644814114
vn 0.11835832233119803 -0.9929517585990589 0.006173542741431169
vn 0.9685058856907947 -0.2415070701759271 -0.060586173648195775
vn 0.8825434461721455 -0.4669789419930468 -0.05520628002001258
vn 0.9980472102980278 -0.0018710001162358992 -0.06243609032353888
vn 0.9693960476367882 0.23789506889025874 -0.06064024261060528
vn 0.7477367373801111 0.6623461939436045 -0.04676848234193273
vn 0.5681931943555537 0.8223528599331723 0.02987084946506379
vn 0.35534405483915554 0.9345489050493687 0.01868011674195393
vn -0.1537827992519666 0.987479101753308 -0.03515500326709187
vn -0.5830164306132635 0.6667519531576764 -0.4642560442206363
vn -0.5527934770710415 -0.8236808109245034 -0.12636966970939026
vn -0.862802732786677 -0.4654791463306075 -0.19723237215825118
vn -0.9466022757613638 -0.23899703181026802 -0.2163898110107974
vn -0.9748503721311961 0.0018859999312307362 -0.22285240622422697
vn -0.12196116095835041 -0.992513864901007 -0.006457801247876159
vn 0.7452601019540657 -0.6651421991366201 -0.0466179725333092
vn 0.8842640541407016 0.46369996942826186 -0.05531203220709934
vn -0.5077004826562006 0.8256850834697478 -0.2459356884354458
vn 0.12197570935119185 0.9925120465383948 0.006462492123088282
vn -0.3420245916902393 0.9364328102173956 -0.0781842095788949
vn -0.6910749004172521 0.4685898922416748 -0.5503080908929296
vn -0.7589311767572686 0.2424791110548519 -0.6043404252967661
vn -0.728775616506543 -0.6641768191519827 -0.16659908068972834
vn -0.8730897202182892 0.2425449325014524 -0.42294951964391125
vn 0.35166687988708956 -0.9358666441400517 -0.02200068127393326
vn 0.5647970837298848 -0.8244731267338963 -0.035331536958503315
vn -0.3553467119374342 -0.9345480181559318 -0.018673941096464284
vn 0.15817647277018415 -0.9873609317837293 -0.009929443546804946
vn 0.9436216372491756 -0.242603893053192 -0.22521446843091808
vn 0.9726774783985023 -0.0018810000574730685 -0.23215293419449803
vn 0.8591870848773334 -0.4687731654005464 -0.2050591928696239
vn 0.9444967163213679 0.2389810725017302 -0.2254196083841783
vn 0.8608823737743045 0.46547782999495957 -0.2054554168375756
vn 0.7271664747293275 0.6641628547150557 -0.17354140844902216
vn 0.5678694066039852 0.8223520225225776 -0.03551743369479179
vn 0.35513802859395066 0.9345498997321465 -0.02221408465449041
vn -0.1183605730141943 0.9929515024400705 -0.0061715928056287435
vn -0.6706588417068576 0.66683917144604 -0.3248726480724026
vn -0.7950042715264671 0.4686709349519936 -0.3851178559686575
vn -0.5681813078474834 -0.8223610809836562 -0.02987061927908014
vn -0.8847768033657687 -0.4636880258985998 -0.04651260973232093
vn -0.9699551131285236 -0.23788001204279483 -0.050991944328029816
vn -0.9986187673783938 0.0018809997087554206 -0.05250732596269952
vn -0.9457203876651397 0.24263392899743708 -0.21619834609396218
vn -0.1618026909017706 -0.9867715715946953 0.010087353938524541
vn 0.7247369433138217 -0.6669620740204554 -0.1729680745527074
vn -0.5498159756157072 0.8257759174868228 -0.12568423551322616
vn 0.1618162674414126 0.9867693488175994 -0.010087012710430212
vn -0.3518802354637473 0.9358622577486673 -0.01849687572387549
vn -0.7481558568763489 -0.6623557720986523 -0.03934011933401464
vn 0.34126961444240606 -0.9364307104242985 -0.08144062151392802
vn 0.5486069842343769 -0.8257654146924762 -0.13092691376116983
vn -0.35514741301991076 -0.9345463336475862 0.022214078669155958
vn 0.11473727321550914 -0.9930185119543607 -0.027378697029201256
vn 0.8692474519192025 -0.24251894267022636 -0.43080555913090174
vn 0.8959926543413304 -0.0018730004956756974 -0.4440649223205097
vn 0.8700496712886349 0.23889292753590247 -0.4312119416990495
vn 0.7915056445944636 -0.46865507541363743 -0.3922769874261557
vn 0.7930683442874578 0.46534730589289447 -0.39305786620722294
vn 0.6699266626940444 0.6640459089327503 -0.33202604934146
vn 0.5515934786869771 0.823659506875201 -0.1316421323289026
vn 0.34463031387003734 0.9351282659804409 -0.08225006338145568
vn -0.1581916411260995 0.9873584778870494 0.009931808616779841
vn -0.7263538285229311 0.6669636343169453 -0.16604103796595773
vn -0.8611027631903119 0.46877801880151454 -0.1968481656367066
vn -0.5678681223845078 -0.822352722411185 0.035521761251471044
vn -0.7477282122824189 -0.6623552193581755 0.046776959562599266
vn -0.8842707326841321 -0.4636861070359221 0.0553214737704944
vn -0.9694006294399241 -0.23787504640930715 0.060645543424469914
vn -0.9690613832456837 0.24150405372185813 -0.050949264350647644
vn -0.11821630812471753 -0.9925869136161571 0.02821565897357317
vn 0.667707990221162 -0.666826681250921 -0.33092025771581157
vn -0.5651216350060492 0.8244724968367576 -0.02970925121662621
vn 0.11823044800905402 0.9925852607253824 -0.02821455926118486
vn -0.35167768480276707 0.9358625207177858 0.02200337082170759
vn -0.998047340157204 0.0018749993488025403 0.0624338945010859
vn 0.31445466891951146 -0.9363937476391098 -0.15583648666825017
vn 0.5054757307701636 -0.8256749137557825 -0.25050992474700473
vn -0.3446382179329264 -0.9351252210103262 0.08225156393896194
vn 0.1413880927670923 -0.9874715455016505 -0.07006678277376467
vn 0.7537371381394823 -0.2424710466070617 -0.6108093959219839
vn 0.7769205098336176 -0.001861999717618594 -0.629595945314869
vn 0.7544339427325251 0.23884994208212038 -0.6113756056798674
vn 0.6877091163621853 0.46526000654853455 -0.5573053898705806
vn 0.6863545597651532 -0.4685699045773886 -0.5562010992563027
vn 0.5809566405042582 0.6639609439919089 -0.47079214809444236
vn 0.5082178603255095 0.8235717017349147 -0.25188143748124336
vn 0.31755636402729226 0.9350873758369392 -0.15738346551068333
vn -0.11473491020277796 0.9930186232776035 0.027384561428181603
vn -0.7456887864863438 0.665139829534993 -0.039207663468821305
vn -0.883049299199957 0.4669780162825897 -0.04642701251687781
vn -0.5515928433462023 -0.8236590006609864 0.13164796162264408
vn -0.7271527396536424 -0.6641751718071952 0.17355182041420633
vn -0.860882587706673 -0.4654711080244526 0.20546974905798432
vn -0.9444941216290339 -0.23898193291013334 0.22542956760535282
vn -0.9685076954108363 0.24150109094316966 0.06058107793073461
vn -0.14462571976125008 -0.986886901645376 0.07167736423955859
vn 0.5790390089460733 -0.6667356671949743 -0.4692306215591879
vn -0.5648097152628619 0.8244641814769531 0.035338350360797355
vn 0.1446262694853881 0.9868869783032901 -0.0716751995472731
vn -0.3412645353019342 0.9364320299424146 0.08144673255007666
vn -0.972676432882347 0.0018850001185712752 0.23215728222441406
vn 0.27271400593569156 -0.9363682888710662 -0.2210011279681152
vn 0.4383653577049927 -0.8256168845284049 -0.3552359401099279
vn -0.3175544382997198 -0.9350885102353649 0.15738061107377652
vn 0.09170122589256748 -0.9930099838228744 -0.07431054567081927
vn 0.603143479911505 -0.24247503236484216 -0.7598840709739274
vn 0.6216980303548975 -0.0018730003426038087 -0.7832547803381462
vn 0.6037090393204793 0.23885402432382002 -0.7605814558001396
vn 0.5503146987271901 0.4652691222871645 -0.6933097260322643
vn 0.4648890634158784 0.663964046842333 -0.5856875474321266
vn 0.54922848880227 -0.46856019420043543 -0.6919533304340871
vn 0.44075192907300387 0.8235089942856711 -0.3571703702003126
vn 0.2754166665981797 0.935058157375444 -0.2231858017114588
vn -0.1413870890867157 0.9874712824953312 0.07007251448757246
vn -0.7452691590684577 0.6651318561260087 0.04662075190046106
vn -0.8825405156895041 0.4669851182250029 0.055200883352393246
vn -0.5082217531394871 -0.823570695459261 0.2518768731276758
vn -0.6699336630583894 -0.6640450965793898 0.332013549136232
vn -0.7930742637820742 -0.46535623850257885 0.3930353462644953
vn -0.8700538707619284 -0.2389139586878379 0.43119181615180435
vn -0.9436148529824209 0.2426309897111118 0.22521370309723795
vn -0.09448694684393974 -0.9925772711135855 0.07656747184554534
vn 0.4633476366367049 -0.6667417885238731 -0.5837502505859563
vn -0.5486163085630326 0.825756879847841 0.13094167160468767
vn 0.09449198973676771 0.9925766614991575 -0.0765691512475725
vn -0.3144499861189817 0.9363946710848747 0.1558403869143733
vn -0.8959981251627859 0.0018860004121016062 0.4440538286145253
vn 0.21823134140703698 -0.9363685245313215 -0.2749346611373716
vn 0.3507770842637345 -0.825624175763434 -0.44192777413326606
vn -0.2754119378543814 -0.9350630247964692 0.22317124399387125
vn 0.09812933512187176 -0.98746539482528 -0.1236233295583537
vn 0.4220232819945709 -0.24253194247615953 -0.8735414164956757
vn 0.43501025529142234 -0.0018779993923792285 -0.9004235397353701
vn 0.4224113493518876 0.23890497856222087 -0.8743529396970667
vn 0.3850358901489462 0.46535619442399706 -0.796988692271367
vn 0.32524823807876385 0.6640546766954304 -0.6732347064624544
vn 0.3526960107854112 0.8235099980281053 -0.44433861763727794
vn 0.3842807572597182 -0.46864513326722956 -0.7954244393183039
vn 0.22039071465882423 0.9350596390329193 -0.27765338885704105
vn -0.09169803607067079 0.9930105805439787 0.07430650784751122
vn -0.7247542430193336 0.6669386952987889 0.1729857333383939
vn -0.8591839538256301 0.46877722879592343 0.2050630226320001
vn -0.44077026096388533 -0.8235066476569917 0.35715315806327674
vn -0.5809896174152777 -0.6639550133371964 0.47075981638204056
vn -0.6877508005042625 -0.4652691734593591 0.5572462944104617
vn -0.7544886887415873 -0.23886704327542657 0.6113013611941787
vn -0.869240457525427 0.24255693155978209 0.4307982845291863
vn -0.10037768846480263 -0.9868810119955388 0.126452314415847
vn 0.24674199381126077 0.8235701887211304 -0.5107352863665143
vn 0.3241693374463914 -0.6668319802230974 -0.6710062226323317
vn 0.2454015361422082 -0.8256845010833052 -0.5079598318074551
vn -0.5054712876543637 0.8256775649188169 0.2505101517838596
vn 0.10037815530280221 0.9868802381850547 -0.12645798281570242
vn -0.2727282272580728 0.9363656235033767 0.22099487138348214
vn -0.7769803163401051 0.0018830006600023428 0.6295220745363459
vn 0.051330806540193265 -0.993012996876974 -0.10625599434076115
vn 0.15266245884083599 -0.9363963316243513 -0.3160001325650482
vn -0.22039438697700978 -0.9350636977781112 0.277636804632515
vn -0.05288980719066441 -0.9925816143950211 0.10947331665893568
vn 0.21572147861430324 -0.24261500900283675 -0.9458341297875713
vn 0.2223661236381626 -0.0018770007553477047 -0.974961426891496
vn 0.21592107944489838 0.238985998647817 -0.9467120892339209
vn 0.19680272730723783 0.46547320485806065 -0.8629040399045532
vn 0.16622938076502405 0.6641728649487638 -0.7288636350074189
vn 0.12609383670787838 0.8236560398962524 -0.5528933642997629
vn 0.15417445611530936 0.9350876384979941 -0.31912590839634625
vn 0.19641597440211125 -0.4687672002716882 -0.8612073367947536
vn 0.052889822558406976 0.9925805969101236 -0.10948253425676038
vn -0.0981326900027686 0.987465361431644 0.12362093320102896
vn -0.6677175582308873 0.6668131237998691 0.3309282707150327
vn -0.7915075879598718 0.46864712851102724 0.3922825603315992
vn -0.3527236783283153 -0.8235080950394277 0.444320182020889
vn -0.4649362935248417 -0.6639580374389348 0.58565686838252
vn -0.5503787484331679 -0.4652648732734972 0.693261733381366
vn -0.6037920157681647 -0.23886290059256657 0.7605127983243425
vn -0.7537849036586107 0.242498064475879 0.6107397217651979
vn -0.15417259120513135 -0.9350902433974765 0.31911917652178745
vn 0.07878118844699394 0.9351259363525256 -0.3454460992798898
vn 0.12540773793885301 -0.8257686402981488 -0.5498900362483453
vn 0.1656781773820626 -0.666951662706289 -0.7264476726872171
vn 0.07800335321901461 -0.9364380040987891 -0.34205166476143034
vn -0.4383826180405421 0.8256177850066798 0.3552125466260785
vn -0.05133471784593122 0.993013279635558 0.10625146215987737
vn -0.21825057793941266 0.93636580134908 0.274928665826261
vn -0.6218001633750927 0.0018840003249280858 0.7831736763767561
vn 0.03506890026465307 -0.9874798978802652 -0.15379734560976183
vn -0.03587256047491188 -0.9868971230063714 0.15731251700586424
vn -0.24674569205151226 -0.8235728966996698 0.5107291329812068
vn -0.07876847766343885 -0.9351266740050794 0.3454470009868115
vn 0.039693132936841055 -0.26532004982910007 -0.9633429951768695
vn 0.04087594420991859 -0.026527992959458558 -0.9988120057220431
vn 0.039672432583357134 0.21386298456443942 -0.9760577451801248
vn 0.036155343629928983 0.44169479134917167 -0.8964365579459673
vn 0.030536927323121642 0.6436721385749022 -0.7646918818008167
vn 0.023145858208401125 0.8080900373175987 -0.5886040781678619
vn 0.014413718488619668 0.9255050240839549 -0.3784609558655807
vn 0.035875377457318655 0.9868955996357808 -0.1573214311905003
vn 0.03619795423965659 -0.4885918361651687 -0.8717612779549299
vn -0.03507402141674143 0.9874780084483681 0.15380830878890325
vn -0.1526686188816434 0.9363931220597878 0.31600666728392773
vn -0.579066997154829 0.6667371218015488 0.46919401447362497
vn -0.686400706802237 0.46855699393171846 0.5561550261744124
vn -0.3252512465431512 -0.6640518355376224 0.6732360554376458
vn -0.3850326945199846 -0.46535012269678877 0.7969937813162433
vn -0.42241203695889146 -0.23890193738990223 0.8743534384581509
vn -0.6032370234965632 0.24249093277145944 0.7598047387366271
vn -0.1260649185632116 -0.8236592969481743 0.552895106560449
vn 0.004894108352602258 0.9892030424719281 -0.14646975273998958
vn 0.0232203503673069 -0.8381306811143852 -0.5449750239263784
vn 0.014500972395238716 -0.9442465479500994 -0.32891971434365735
vn 0.03059586109663552 -0.6832876936490562 -0.7295079307255741
vn 0.004907226638540977 -0.9955648430775883 -0.09394978634682835
vn -0.3508194270851947 0.8256171024136797 0.4419073769260422
vn -0.07799941060706043 0.9364303935049897 0.3420733986515779
vn -0.2454053719760184 0.8256798681599903 0.5079655093809157
vn -0.43501308487613727 0.0018849999137190432 0.9004221580802373
vn -0.00493125248616254 -0.9892077086417721 0.14643698956415604
vn -0.014448002138360007 -0.9255032368090064 0.37846401928091195
vn -0.1661765084541783 -0.6641720103657326 0.7288764701132282
vn -0.0231698198691749 -0.8080908329890565 0.5886020430530996
vn 0.016956432308441877 -0.444842044682384 -0.8954485103489566
vn 0.00622911485272331 -0.21815890029900573 -0.9758933816501062
vn -0.004855167282605862 0.02109599876384812 -0.9997656656371101
vn -0.0156575673939363 0.25915391192655773 -0.9657091127852457
vn -0.02555230639156138 0.4822589460229291 -0.8756559761795298
vn -0.03397368281530536 0.6775188563314641 -0.7347203469288636
vn -0.040428877340098396 0.8335350235465313 -0.5509853631434352
vn -0.04453075453284074 0.9411420230033937 -0.33506522415466455
vn -0.004944643370080541 0.995564868670069 0.09394755330444209
vn 0.026712014148067807 -0.6458660122401297 -0.7629833304425371
vn -0.014535625504207124 0.9442370237810818 0.328945525143976
vn -0.1253768350278875 0.8257652828849387 0.5499021247643503
vn -0.4633999531141116 0.6667491243317212 0.5837003414910105
vn -0.5493028283959904 0.46856395117517025 0.6918917735999451
vn -0.19672652498196935 -0.46546096168651335 0.8629280198918012
vn -0.21582738852435285 -0.23896597239931205 0.9467385079302568
vn -0.42202199911199434 0.24253707921335074 0.873540610087575
vn -0.030551568327118656 -0.6436752222295523 0.7646887013422453
vn -0.04603705546663995 0.9939709578904213 -0.09951042354627937
vn 0.03492476428615124 -0.8094897262836425 -0.5860943984383321
vn 0.04110596646984517 -0.9261268914982211 -0.37496570558442016
vn 0.044899631170508665 -0.988864756453518 -0.141882051595249
vn 0.04607691471294088 -0.9939719916178343 0.0994816455926039
vn -0.32416608209117403 0.6668389970589065 0.6710008220733636
vn -0.023246828654709128 0.838127956762237 0.5449780849273267
vn -0.1656185909638197 0.6669482651930222 0.7264643789499777
vn -0.22225945830821536 0.0018790000166650674 0.974985744793982
vn 0.04456734513535879 -0.9411452923823594 0.33505117575395704
vn 0.04047114497056754 -0.8335247827497122 0.5509977522339057
vn 0.03402488632669611 -0.6775179548200553 0.7347188088016426
vn 0.049931525588154654 -0.2349269127459291 -0.9707297195512795
vn 0.10130462271318376 -0.45325907806187155 -0.8856035126237032
vn -0.004240646840889789 -0.00340699908412063 -0.9999852045263529
vn -0.05816806946479988 0.2283059560345553 -0.9718502282419271
vn -0.10882441406026615 0.44721214667017906 -0.8877829367447259
vn -0.18904573544470124 0.7977958472935125 -0.5725237950962375
vn -0.21381880890671895 0.9085622354811905 -0.35888184854507954
vn -0.2260922710209923 0.9662203046589721 -0.12369562582926276
vn -0.04486268659544421 0.9888626593719771 0.14190835159080714
vn 0.1842170876143649 -0.8017063540047425 -0.568622006766625
vn -0.0410685669748485 0.9261239097983138 0.3749771679802877
vn -0.030610958796539144 0.6832840696512484 0.7295106917395965
vn -0.3842761024394697 0.46865388527986973 0.7954215315831052
vn -0.036160143581393196 -0.44167998192888447 0.8964436611296179
vn -0.03966581826862218 -0.21383693671176016 0.9760637209520755
vn -0.21561851184637645 0.2426080438130759 0.945859394638731
vn 0.025601878619101237 -0.48225404824566176 0.8756572256093385
vn 0.14695923754769996 -0.6459561262130569 -0.7490952312671736
vn -0.15332583502738203 0.6408423032748466 -0.7522049791423515
vn -0.22506395676332477 0.9670560524429676 0.1189487570320121
vn 0.21080068087970566 -0.9110279404142194 -0.35438843762921785
vn 0.22505697696023408 -0.9670595374550502 -0.11893362913299546
vn 0.22608010860603142 -0.9662241827941731 0.12368756233517382
vn 0.213807710825657 -0.9085699913027138 0.35886882519338303
vn -0.196332333486135 0.46876708504349796 0.8612264712650853
vn -0.03488195462739868 0.809487293388604 0.5861003080393016
vn -0.03619797192567045 0.48859107488684844 0.8717617038901069
vn -0.040864672909684235 0.026504997848828177 0.9988130774058868
vn 0.18904347569727972 -0.7977949379008411 0.5725258084628896
vn 0.1533293802853694 -0.6408421575866304 0.7522043806047773
vn 0.10117121300524003 -0.21675894794198533 -0.9709685598134125
vn 0.20016676916791457 -0.4181739090444666 -0.8860382871610848
vn -0.0035098017673398803 -0.003144999815486233 -0.9999888950721977
vn -0.10798436181590189 0.21063985725689455 -0.9715813028964726
vn -0.20638587955886845 0.41258903581561773 -0.8872289198642317
vn -0.3630081567052862 0.7359194936634249 -0.5715309064360378
vn -0.4119112761455847 0.8380519588415931 -0.35776810207994314
vn -0.43673580215003277 0.8911968054045252 -0.12259728038230064
vn -0.4358872075544958 0.8919712162183088 0.11995704117881137
vn -0.21080154895022724 0.9110202648258857 0.35440765233944654
vn 0.35900966733404943 -0.7395472237108504 -0.5693697943009173
vn 0.40941084077732093 -0.8403309137942373 -0.3552839973538764
vn -0.1842157806903452 0.8017048361816547 0.5686245701581957
vn -0.026673301442540067 0.6458630800783076 0.7629871668527046
vn 0.01569910528866951 -0.259135956407505 0.9657132567123137
vn 0.004894216115303781 -0.021105000724566118 0.9997652852510096
vn -0.03968457321096907 0.26532311907943057 0.963342502504185
vn 0.10882784456164801 -0.4472099878197887 0.8877836037246295
vn 0.2878247154092621 -0.5959119903575482 -0.7496971608240776
vn -0.29309319514909804 0.591183195232075 -0.7513979029997936
vn -0.40941812840662545 0.8403124969399497 0.3553191574043864
vn 0.4358735900225076 -0.8919776444631335 -0.11995872331302443
vn 0.4367186900833119 -0.8912060559009015 0.12259099337828729
vn 0.4119043784592311 -0.8380568157435916 0.3577646664943679
vn 0.363009292960994 -0.7359251309026942 0.5715229259879359
vn -0.1469617343565221 0.6459596823464974 0.7490916749088425
vn -0.016923109227479378 0.4448618140938438 0.895439319404285
vn -0.006192999629338365 0.218154987462088 0.97589448620279
vn 0.29308240186743684 -0.5911870884540098 0.7513990498802118
vn 0.14612041321962274 -0.188286969316664 -0.9711832175372843
vn 0.28686619928376283 -0.3632458894205216 -0.8864311634456351
vn -0.002854120751117702 -0.002723998750746078 -0.9999922168824835
vn -0.15166138685515484 0.1829870177140589 -0.9713467841534689
vn -0.29192351156718915 0.3583978919917938 -0.8867534124039894
vn -0.4156282575190897 0.5134960635900725 -0.750716287440965
vn -0.5855772558777795 0.727861001710837 -0.35681597440017476
vn -0.6213948986001165 0.7739978070450795 -0.12163788342107291
vn -0.6207140177248924 0.7746659472638426 0.12085850549148473
vn -0.5835575244521531 0.7298190671918902 0.35612461978699816
vn -0.35902572866263704 0.7395339913204593 0.5693768539727386
vn 0.411357771029922 -0.5176229895370278 -0.7502341134046386
vn 0.583539958783078 -0.7298423880569358 -0.35610560947392084
vn 0.6207033889670762 -0.7746727892196966 -0.1208692374732378
vn -0.28783560341703074 0.5959249041246295 0.7496827155868042
vn 0.05816874012912698 -0.22830103930579404 0.9718513431197615
vn -0.04993436075233266 0.23492598546771407 0.9707297981252453
vn 0.20637747688253874 -0.4125941486690447 0.8872284967919276
vn -0.5155295505251731 0.6391837213475975 -0.5706780641478604
vn -0.5122969713096841 0.6423216680325109 0.5700655119921374
vn 0.6213959385026113 -0.7739977405598707 0.12163299396411306
vn 0.5855799556629313 -0.7278603840610918 0.3568128036383216
vn 0.5155367911773632 -0.6391840759964342 0.5706711258992629
vn 0.5122819792629685 -0.6423449389419047 -0.5700527634685549
vn -0.10130988080996081 0.45326786131048086 0.8855984157355377
vn 0.004242056357198671 0.003395998817029709 0.9999852359659601
vn 0.4156327159527169 -0.5134960721829179 0.7507138131688291
vn 0.18340497910797712 -0.15100808279405498 -0.9713697404023178
vn -0.0023113584374798678 -0.002180000671682512 -0.9999949525968843
vn 0.35879132855225837 -0.2913321115025801 -0.8867888042612816
vn -0.18788011045653333 0.14676498165694657 -0.9711648182744661
vn -0.3628663283983968 0.2874511547485082 -0.8863971239508935
vn -0.5172817542334976 0.41183996629316505 -0.7502049246044443
vn -0.6420679531846922 0.512645181730442 -0.5700382979605686
vn -0.7746193916411797 0.6207718011801704 -0.12086012143372912
vn -0.7740679281842767 0.6213068111584831 0.12164164157301709
vn -0.7280390338654406 0.5853417788459182 0.35683913337212897
vn 0.5138440784811913 -0.4151481060018553 -0.7507438398634302
vn 0.6394578436371586 -0.5151710693106052 -0.5706946955739847
vn 0.7740569677162321 -0.6213172186561686 -0.1216582283748818
vn 0.7746139396820858 -0.6207781292494342 0.12086256118323276
vn -0.20016237504174295 0.41817879704742467 0.886036972884099
vn 0.10798304827947756 -0.21063704513889153 0.971582058551633
vn 0.0035091549404549782 0.00315000216805296 0.9999888815971631
vn 0.2919280661475799 -0.35840388234749343 0.8867494918597801
vn -0.7296640349262518 0.5837650664946392 -0.35610215286579083
vn -0.6394517084025388 0.5151582562052648 0.5707131360715515
vn -0.4113762274978333 0.51761989233585 0.7502261302486565
vn 0.729657558104584 -0.5837757385698126 0.3560979288877227
vn 0.7280288014600899 -0.5853518303808685 -0.3568435216090549
vn 0.642060973525499 -0.5126561487225955 0.5700362966096147
vn -0.10116982861170182 0.21675800249098312 0.970968915122826
vn 0.5172773050536177 -0.41184387978011183 0.7502058439949206
vn 0.21185918509174753 -0.10606793197568733 -0.9715272922047334
vn -0.0019054769758344574 -0.0015370003940418315 -0.9999970033891519
vn 0.413723268490254 -0.2046359870889022 -0.8871060646269373
vn -0.21554184329589515 0.1030789951279712 -0.9710388429676826
vn -0.4170694217099003 0.2019030037468148 -0.8861649251423706
vn -0.5949717893636044 0.28928983820992965 -0.7498799633074239
vn -0.7387999987867171 0.3601170854404895 -0.5696404537658771
vn -0.8398570997558062 0.41009411210826285 -0.3556161852389473
vn -0.8913705156941071 0.43647702955866174 0.12225549647712555
vn -0.8385299096647683 0.41120106458858985 0.35746506833368447
vn 0.5921508494912394 -0.2916151724102314 -0.7512109974347781
vn 0.7366679236726561 -0.36188987052722704 -0.5712758456661761
vn 0.8385254061415849 -0.4112088758276857 -0.35746664696950553
vn 0.8918152974257455 -0.4361121447218767 0.12029826475687097
vn -0.2868719525645875 0.3632441740991604 0.8864300044644247
vn 0.1516577042651041 -0.1829800279474565 0.9713486758674179
vn 0.002849892088473084 0.002734999606978071 0.9999921989156885
vn 0.36286548750781783 -0.28745600309388875 0.8863958958958462
vn -0.8918224735047049 0.4360980982090847 -0.12029598700858421
vn -0.7366607483693223 0.3618809561244699 0.5712907450732853
vn -0.5138455499560938 0.41514406614034277 0.7507450666762869
vn 0.8398505628046988 -0.4100981072898807 0.3556270160630206
vn 0.8913598665212782 -0.4364909959244836 -0.12228327290362206
vn 0.7387970607483758 -0.36012597367659277 0.5696386452068073
vn -0.14611551074740073 0.1882859390822597 0.9711841548660777
vn 0.5949570668228359 -0.2892969124544279 0.7498889151613742
vn 0.23003015556451964 -0.05481899365209816 -0.9716383100032306
vn -0.0016386484395354178 -0.0007929999194270726 -0.9999983429898369
vn 0.4488026522192 -0.10576895446938372 -0.8873494844938297
vn -0.23320185649851136 0.05327401899685241 -0.9709679567450055
vn -0.45168922973234427 0.10435503944605562 -0.886051277007157
vn -0.6446130267372158 0.14953501403931957 -0.7497421725746432
vn -0.800659826944141 0.18616098155880084 -0.5694628437947835
vn -0.9103698514835363 0.21201300745978366 -0.3553550593106868
vn -0.9664521245872785 0.2256610756580785 0.12266772115587164
vn -0.909229622976495 0.21258392043782537 0.3579239716382588
vn 0.6421957896936322 -0.15073202866101984 -0.7515746291856225
vn 0.798840512515718 -0.18707203735379996 -0.5717148663485352
vn 0.9092289029484903 -0.21258405578110698 -0.357925720325796
vn 0.9668387788527625 -0.22546211135249505 0.1199567090702908
vn -0.35879302020073084 0.29133890306850413 0.8867858885966098
vn 0.18786564673410178 -0.14676395641566087 0.9711677712292557
vn -0.18339168768165928 0.15100602989496886 0.9713725690097659
vn 0.4170567769218035 -0.20190692545537095 0.8861699827215749
vn -0.9668380762392028 0.22546704720592783 -0.11995309482592549
vn -0.7988298602748207 0.18707310232134503 0.5717294016588426
vn -0.5921439404240972 0.2916109682397765 0.7512180755421712
vn 0.910363119077434 -0.2120059892787513 0.3553764932202802
vn 0.9664487794156396 -0.22565906728184054 -0.1226977673778552
vn 0.800662699362104 -0.18615694221829013 0.5694601256577368
vn 0.0023077773548208147 0.002179999757692172 0.9999949608696722
vn 0.6446049865334501 -0.14953193860429187 0.7497496986818021
vn 0.23706073490346666 -0.01391100228122393 -0.9713952295448851
vn -0.0015364731923299673 -0.0002009999768198005 -0.9999987994238485
vn 0.46199768340342684 -0.026815990239303308 -0.8864756303460082
vn -0.24003887239080046 0.013518005915933322 -0.9706691523157671
vn -0.4647172584180874 0.026461010980646873 -0.885063661340956
vn -0.6625572900917915 0.0378770167111539 -0.7480529185500747
vn -0.822047439373644 0.047099996795080694 -0.5674677063244555
vn -0.9338178252624316 0.0535909988528578 -0.35371213445978356
vn -0.9908628690283835 0.05701197938487108 0.12223096574706162
vn -0.9327388085585028 0.05373700811119903 0.3565258040705069
vn 0.6602808120527627 -0.03817199002348466 -0.7500480973994876
vn 0.8203292906677664 -0.04732401250314785 -0.5699300770385093
vn 0.9327379132590699 -0.053729981164609225 -0.3565292053859914
vn 0.9912307856134484 -0.05695799689564683 0.11923638807755588
vn -0.4137238318655203 0.20463894451481815 0.8871051196641647
vn 0.21553695223524233 -0.10308204243084497 0.9710396051394754
vn -0.2118516061592394 0.10606599194656884 0.971529156700992
vn 0.45167393077362944 -0.10435394155304317 0.88605920521252
vn -0.9912315146882141 0.05696300053459773 -0.11922793657110771
vn -0.8203128743139665 0.04733298290356645 0.5699529603083128
vn -0.6421897641561842 0.15073101233740935 0.7515799815939513
vn 0.9338145904084256 -0.05358897596422421 0.3537209809941307
vn 0.9908606159326699 -0.05700499734256962 -0.12225248492977084
vn 0.822053416300409 -0.0470949779909441 0.5674594644526242
vn 0.0019161061004359348 0.001530000182892629 0.9999969938139076
vn 0.6625507168197051 -0.03786999504158702 0.7480590960059539
vn 0.463368508822993 9.999997350863365e-7 -0.8861656871207303
vn 0.23783603956591814 0 -0.9713053167174567
vn 0.6619921041634059 0.0000010000000784280843 -0.7495108098115106
vn -0.24079580066569697 0 -0.9705757994004207
vn -0.4660739934605949 0 -0.8847457446180192
vn -0.6642586501760497 0 -0.747502806460479
vn -0.823839987718055 0 -0.5668224366031349
vn -0.9355486133420277 0 -0.35319795026841444
vn -0.9928919091826317 0 -0.11901956427272276
vn -0.9925230711400247 -0.0000010000003075020395 0.12205717207019633
vn -0.9344763330615273 -0.0000010000003036700845 0.3560252560519849
vn 0.8221272584342981 9.99999685780737e-7 -0.5693037598139544
vn 0.9344755427640632 0.0000010000000342064476 -0.3560273303762078
vn 0.9925214125206304 9.999997050585252e-7 -0.12207065858367684
vn 0.9928904761567159 0.0000010000000796889397 0.11903151833144827
vn -0.448813225086573 0.1057660457452527 0.8873444835884216
vn 0.23320751288299726 -0.053273997525396015 0.9709665993856795
vn -0.23003292610684026 0.05481498193684959 0.9716378804173846
vn 0.4647037686268809 -0.026457003272982647 0.8850708640565385
vn -0.0015258440593237158 0 -0.9999988358992756
vn -0.8221124169534684 -0.0000010000003223747401 0.5693251916874278
vn -0.6602751199824708 0.038183011699314914 0.7500525471923308
vn 0.8238487870710648 0 0.5668096470963909
vn 0.9355490930462728 0.00000100000045069573 0.35319667962665874
vn 0.66424893445496 0 0.7475114400967051
vn 0.0016556777311164473 0.0007899999613518446 0.99999831731424
vn -0.46200798229715606 0.026821996817396117 0.886470081153582
vn 0.2400380077227246 -0.013517000044315268 0.9706693801487236
vn -0.23706210097007938 0.013907999711791692 0.971394939161034
vn 0.466060463506485 0 0.8847528719117675
vn -0.661989877774437 -9.999996584147495e-7 0.7495127762241189
vn 0.0015392925520733717 0.00019999993172485698 0.9999987952885077
vn -0.4633788753199959 -0.0000010000001255817565 0.8861602664903091
vn -0.2378352511920681 -9.999997675234078e-7 0.9713055097596255
vn 0.001516624574818283 -0.000001000000078509465 0.9999988499237883
vn 0.2407884217432087 0 0.9705776300504843
vn -0.2434280079926357 0.013912002209970202 -0.9698191899108035
vn -0.24420858382528854 0 -0.9697227271679503
vn -0.005040576062570436 0.0001979999696510379 -0.9999872766135424
vn -0.005051204630303536 0 -0.9999872425845157
vn -0.46779735274818596 0.02682301336550834 -0.8834286404208225
vn -0.004935581081456798 0.0007819998717920824 -0.9999875141798467
vn 0.23442007221728559 9.999998238276887e-7 -0.9721353968149924
vn 0 1 0
vn -0.46916722965919166 0 -0.8831093423885397
vn -0.23639721893310778 0.05480698803678654 -0.9701095551240735
vn 0.233661085837653 -0.013528004306397563 -0.9722239917141805
vn -0.6668826110065867 0 -0.7451627896889629
vn -0.4546059989301977 0.10576104436660856 -0.8843913088849084
vn -0.00467244694853642 0.0015140006050505586 -0.999987937948094
vn 0.226822183422802 -0.05328802787849189 -0.9724772918645113
vn 0.4602614533955452 9.999997429899709e-7 -0.8877834164463877
vn -0.8258352919048944 0 -0.5639114031870236
vn -0.8240421845416179 0.04733000936878681 -0.5645479149806759
vn -0.9367847634819697 0 -0.3499061401405097
vn -0.9350520563978036 0.05373300684657949 -0.35041463411430784
vn -0.9933036214907907 0 -0.11553317936108375
vn -0.6651767072666793 0.03818201424819383 -0.7457091134603419
vn -0.21823736147065603 0.10603801581042814 -0.9701177213417522
vn 0.45889878830814607 -0.026471010784265718 -0.888094132216498
vn -0.992086319929972 0 0.12555769115353047
vn -0.9904239294009418 0.056959995830499995 0.12576167518360895
vn -0.9916438445565171 0.05701002794355752 -0.11572528793243456
vn -0.6471055921262686 0.1507319968092296 -0.7473514687058651
vn -0.4195412613280568 0.2045989022481918 -0.8843779843721223
vn -0.004272313589189173 0.0021659996815935156 -0.9999885278251821
vn 0.20915370257873755 -0.10309803887410254 -0.972432785892125
vn 0.44585838741814915 -0.10436496458203344 -0.8889984547436957
vn 0.6593561246465875 0 -0.7518307661242879
vn -0.9314805656195295 0.053589019704391505 0.35982241847923263
vn -0.8025737600519971 0.18707089719886438 -0.5664625663688742
vn -0.9115555541916959 0.21257391527740743 -0.35196420580210136
vn -0.18979890948408903 0.15098696301204853 -0.9701439640378375
vn 0.6576444308110269 -0.03787998297558429 -0.7523755109737491
vn -0.9332208761711793 0 0.35930320939047644
vn -0.96723642964835 0.22565311541403857 -0.11633727117760254
vn -0.9660268310145279 0.22546796136775912 0.12631848699495787
vn -0.5970815338574785 0.29157505010149076 -0.7473136102632644
vn -0.36464919447400507 0.29130395967829104 -0.8844054319401298
vn -0.003749509335953025 0.0027219996961252756 -0.9999892658910865
vn 0.18148488068710464 -0.1467710051348573 -0.9723793036329451
vn 0.41123117888250055 -0.20191699209353667 -0.8888860702130545
vn 0.6396740166760101 -0.1495350171003771 -0.7539604970092064
vn 0.8201076612106785 0 -0.5722092484603437
vn -0.8183159029751792 0.047100013428286513 0.572835641063798
vn -0.9080145766340776 0.21202403252003663 0.361324422443293
vn -0.7404174163845539 0.36186000362981746 -0.5664268596098267
vn -0.8408611300505786 0.4111839637152782 -0.3519663449158977
vn -0.15255138383643999 0.18828396134417674 -0.9701944264889031
vn 0.8183107492601113 -0.04709900945159479 -0.5728430858045107
vn -0.8201145507350567 0 0.5721993740582351
vn -0.8921548075014797 0.43647081948028926 -0.116417452275003
vn -0.8910072163156021 0.4361121446782654 0.12614411495446579
vn -0.5188081701248065 0.41509807862207393 -0.7473497626520079
vn -0.29275390968377474 0.3632401929196418 -0.8845064785588433
vn -0.0031146623877732448 0.003148001324562537 -0.9999901944348608
vn 0.14524734146385684 -0.18297597259861845 -0.97232864981408
vn 0.3570300731575007 -0.28744783353484 -0.888765025109155
vn 0.5900162639030425 -0.2892999173092719 -0.7537813782355888
vn 0.7969137435173186 -0.1861580253438346 -0.5746944187942822
vn 0.9332074622481021 0 -0.35933804753248333
vn -0.6576344780289181 0.037881983599680785 0.7523841097645443
vn -0.7969089167198501 0.18616698570060752 0.5746982093999815
vn -0.837495042240815 0.4101270462317789 0.3611064388393704
vn -0.6432305241354729 0.5151210465035847 -0.5664845984397605
vn -0.7303904768945455 0.585315095379151 -0.3520454379523385
vn -0.10760938684423485 0.2167739770604368 -0.970272777487037
vn 0.10154859745448265 -0.21063594931120228 -0.972275876082913
vn 0.9314719813916208 -0.05359199786441259 -0.3598441963506827
vn -0.659334115369438 0 0.7518500677063218
vn -0.7748523612244818 0.6213049422155364 -0.1165503628625591
vn -0.7737924165752967 0.6207903867432194 0.12595472114123651
vn -0.41633918618385996 0.5176039178821447 -0.7474943921132888
vn -0.206031898926211 0.4181840473430366 -0.8846880575506015
vn -0.0023732957706002118 0.003415998743628122 -0.999991349172466
vn 0.05173856994438841 -0.22830587424493562 -0.9722137358448324
vn 0.28606639453618 -0.3583759862181142 -0.8886690443687485
vn 0.5123374303869781 -0.41183283927917713 -0.7535941015664335
vn 0.7350415902773568 -0.3601258603250322 -0.5744764793163335
vn 0.9080182029909452 -0.212010069222041 -0.3613235026753176
vn 0.9920881305999909 0 -0.12554338342826069
vn -0.4588911765572865 0.026473003000199027 0.8880980059599395
vn -0.6396820249034805 0.14953904138777682 0.753952904441788
vn -0.7350234052171665 0.3601500311493776 0.5744845940894006
vn -0.7272827556980032 0.5838008281141746 0.36088278756061876
vn -0.5160766292459464 0.6423127545463296 -0.5666561903775945
vn -0.6214909687020262 0.774671832386985 -0.11675841694716507
vn -0.05634572939324852 0.234946871879159 -0.970373704390912
vn 0.20050026733135065 -0.4125809661712503 -0.8885812225977175
vn 0.9904263151347735 -0.056965985508168455 -0.1257401717178612
vn -0.4602487561129427 0 0.8877899990969085
vn -0.6205509925933923 0.7740166976544304 0.12575618212829706
vn -0.5831619822787446 0.7278870337543061 0.36069733644301116
vn -0.5859160964507522 0.7298149144500058 -0.35223929162750045
vn -0.292789809994352 0.5959276757388559 -0.7477595418662049
vn -0.10714612535393588 0.45327121077093513 -0.8849095531792439
vn -0.0017193610019066274 0.02746798424335221 -0.999621205076879
vn 0.10294872520015588 -0.4472050050294912 -0.8884870530605585
vn 0.41067093336097593 -0.5134700090524764 -0.7534573208192185
vn 0.638302791668277 -0.5126371456417717 -0.5742583939802197
vn 0.837507963655623 -0.4100990515225926 -0.36110826458789574
vn 0.966030655473612 -0.22546290032625574 -0.12629827101625846
vn 0.993300107571825 0 0.11556338649330458
vn -0.23366243760103375 0.013530000943325442 0.972223639050613
vn -0.4458659703009427 0.10436598941306258 0.8889945313563136
vn -0.590013936016733 0.28932311205790096 0.7537742978738222
vn -0.6382609335276672 0.5126880645284619 0.5742594615872256
vn -0.4117571863819772 0.8403271038018322 -0.3525710964881023
vn -0.43666147330334126 0.8919781112970215 -0.11705471669075657
vn -0.4358997659816886 0.8912012925003329 0.12550557861244713
vn -0.01262535724849432 0.26528789285965926 -0.9640865802698583
vn 0.009288150353682365 -0.2119579662129492 -0.9772346447102035
vn 0.2880987184135208 -0.5911637144035581 -0.7533422802558445
vn 0.9916415474774687 -0.057012978809590976 0.1157435162924834
vn -0.23442436163974195 0 0.9721343624570625
vn -0.4095161363664132 0.838051608825675 0.36050802348938527
vn -0.511702219854366 0.6392149783580988 0.5740775641311628
vn -0.36278470851073247 0.7395509505499273 -0.5669670597234746
vn -0.1518998097024748 0.6459781462840286 -0.7480900228821409
vn -0.02280248962483796 0.4878070368623595 -0.8726536204328003
vn -0.04620918944409335 0.21816100788859288 -0.9748181807126668
vn -0.04760709351942956 -0.022109000707919376 -0.9986214281369741
vn 0.019762632555198133 -0.43914202515142114 -0.8982002672569168
vn 0.14834128467449972 -0.6408249426637928 -0.7532185978327046
vn 0.5117584221959574 -0.6391622523997905 -0.5740861715968527
vn 0.727310474674642 -0.5837597744603683 -0.3608933348657562
vn 0.8910131751134353 -0.43609992881715876 -0.12614425813307456
vn 0.9672367175329948 -0.2256529792902473 0.11633514169601832
vn 0.9350560278484382 -0.053731984701619474 0.3504041931888454
vn 0.005012918421697541 -0.0001950000068722608 0.9999874162327719
vn -0.22682837809986006 0.05329100575100598 0.9724756838063527
vn -0.4112335516845903 0.20193799058312703 0.8888802022365704
vn -0.5122967994126482 0.41188678957244756 0.7535922384733399
vn -0.3592035242724055 0.7359159711013161 0.5739342398117488
vn -0.2131258082672396 0.911027208427106 -0.3529969055897656
vn -0.22584373714598063 0.9670605697543647 -0.11742427695455838
vn -0.18795514022749982 0.8017160497733398 -0.5673836804120229
vn -0.22527406331849478 0.9662181719849174 0.12519600841120831
vn -0.21145556048253536 0.9085597354288064 0.3602856548609094
vn -0.04212084724803812 0.4456060053515052 -0.8942377324972269
vn -0.04622977045951251 -0.26107891318252985 -0.9642098368170124
vn 0.18524880131370033 -0.7977873725416749 -0.5737753827281962
vn 0.35920887946548585 -0.7359088100612247 -0.5739400702054374
vn 0.9367844575013132 0 0.3499069593248614
vn 0.005017909948223239 0 0.9999874102106245
vn -0.18527545757549568 0.7977721016724707 0.5737880084258293
vn -0.410618026460253 0.5135189133151904 0.7534528266676507
vn -0.03868666229128235 0.8370240786463676 -0.5457966965152498
vn -0.0316613003991703 0.6821839492693924 -0.7304947785003315
vn -0.03558225952341018 0.6470201218804859 -0.7616422156688598
vn -0.222453229943017 0.24262692161574603 -0.944270478938734
vn -0.2293051769221133 0.0018870000785716384 -0.9733527495555874
vn -0.04216269511870834 -0.48475101832334655 -0.8736353686606361
vn 0.029097633916154966 -0.6410010488279362 -0.7669882548657229
vn 0.036750984632765354 -0.8057520204834252 -0.5911117040081343
vn 0.40952563971480405 -0.8380457355136455 -0.3605108813941311
vn 0.583210694909057 -0.7278463118090628 -0.36070075094133014
vn 0.7738114956108515 -0.6207662010944498 -0.1259567101795778
vn 0.8921534273830903 -0.43647498890611536 0.11641239653925041
vn 0.9115604767439125 -0.21257514690595178 0.35195071268051736
vn 0.824054380787003 -0.04732997921272488 0.5645301148508128
vn 0.24419774204913386 -9.999997428592765e-7 0.9697254574244737
vn 0.004921370475636433 -0.0007759996977367025 0.9999875888915375
vn -0.20915293501307033 0.10310603534774525 0.9724321031569699
vn -0.35700710692462495 0.28749504060091513 0.8887589815215303
vn -0.14837120888998667 0.6408158753318468 0.7532204181348265
vn -0.2880941881840787 0.591170780483255 0.753338467780171
vn -0.043467582877860185 0.9432663140228409 -0.32917963191625277
vn -0.04571070658334924 0.994588004676553 -0.09330183415755723
vn -0.04530058521119893 0.9879419711412275 0.14804904132451843
vn -0.042238664724466315 0.9237197491985756 0.3807331350733933
vn -0.0367195873235332 0.8057353367503056 0.5911363962899435
vn -0.2025508532438397 0.4687699210223533 -0.859783643130578
vn -0.22266409756379774 -0.2389739768572834 -0.945151912679181
vn 0.2114369567902691 -0.9085578414780215 -0.36030134886240456
vn 0.0422741801501896 -0.9237067114188272 -0.38076082384148296
vn 0.6205808237751792 -0.7739927005863997 -0.12575667219472783
vn 0.8258511671874085 0 0.5638881534978326
vn 0.24342714948247549 -0.013908996604000448 0.9698194485100338
vn 0.23641112058649708 -0.05480701578455962 0.9701061658828006
vn -0.02906888360781722 0.6410080833105439 0.7669834660123632
vn -0.2860305602829307 0.35841808375998635 0.8886636010426286
vn -0.026980525084777485 0.8106756299619235 -0.5848735540712948
vn -0.016821618864745477 0.9271645621568377 -0.3742765125135274
vn -0.17085787006511505 0.6669462010906458 -0.7252519238771917
vn -0.42871564417568253 0.24255098227570862 -0.8702711746554165
vn -0.44191574680409224 0.00186700000388036 -0.8970546176446377
vn -0.2029510278426057 -0.4654741789941735 -0.8614781883410224
vn -0.03564676798716817 -0.6800898297092683 -0.7322616550510394
vn -0.027062028841478153 -0.8357235350959826 -0.5484831989055424
vn 0.43590612943155044 -0.8911977644323996 -0.12550852956949832
vn 0.2252697288874306 -0.9662181281934816 -0.12520414528787796
vn 0.6214946685015581 -0.7746700995602201 0.11675022000620427
vn 0.7748518606145774 -0.6213059725892235 0.1165481983004722
vn 0.8408516903302446 -0.4111971273409851 0.35197351794601267
vn 0.8025731586250026 -0.1870720856346986 0.5664630260052024
vn 0.6651781994685125 -0.03818201260590791 0.7457077824893541
vn 0.4691700074243116 -0.0000010000000363969123 0.883107866646239
vn 0.2182411037538499 -0.10604504069516309 0.9701161115950309
vn 0.0046688649363007305 -0.0015109999899803367 0.9999879592171284
vn -0.18146091680042356 0.1467880080737812 0.9723812093822469
vn -0.2004958587945361 0.4125880545356864 0.8885789260728048
vn -0.10297203720565663 0.4472019786897083 0.8884858748509886
vn -0.007150978822725948 0.9840376713718183 -0.1778165482259918
vn 0.0071572230726404795 0.9924571394149304 0.12238300773482509
vn 0.016874164257387594 0.9427888855652347 0.3329630307335596
vn 0.027018620911015756 0.8357304431517375 0.548474813016484
vn 0.035600544643289427 0.6800808593626931 0.7322722348618728
vn -0.12932754782912645 0.8257731377080043 -0.5489745990593575
vn -0.3903743844532556 0.4686559731738984 -0.7924452149967013
vn -0.4291229830085001 -0.23890296100303685 -0.8710791242349158
vn 0.04533506724302704 -0.9879395307041359 -0.14805477145354692
vn -0.016915372380402152 -0.9427852081241 -0.33297135240081766
vn 0.43666695442421644 -0.8919762079580332 0.11704877338394797
vn 0.6668893156438342 0 0.7451567893269835
vn 0.46780103305408116 -0.026820012746669827 0.8834267826989416
vn 0.4546145509612468 -0.1057579885404878 0.8843872782408021
vn 0.41953688780479603 -0.20461509465772676 0.8843763128947288
vn -0.019731180220075143 0.43914920958466913 0.8981974461376983
vn -0.14521834790384544 0.1829919271336357 0.9723299779580982
vn 0.042111048087860085 0.48475977749797944 0.8736329994620461
vn -0.08044111910658476 0.9364441094043034 -0.3414698468662513
vn -0.027060349636476678 0.9930190594763818 -0.11480803540777816
vn -0.24929093295502888 0.825686265479232 -0.506059504154769
vn -0.3293160185490188 0.6668260297534445 -0.6685013133646639
vn -0.6093370223605412 0.2424949042496933 -0.7549202703555662
vn -0.6280815518026306 0.0018569993871511332 -0.778145305093127
vn -0.3911520690500125 -0.46534702420409546 -0.7940102051877466
vn -0.1714199799674819 -0.6641810011500293 -0.7276529311280844
vn -0.130030021070262 -0.8236626681999158 -0.5519710161179323
vn -0.08124045510774232 -0.9351289682776206 -0.3448678024140844
vn 0.22585250347973 -0.9670574798762828 0.11743286289310709
vn 0.04575233554431782 -0.9945849848479951 0.09331362015886735
vn 0.5858900267381448 -0.7298320195361437 0.35224721408205645
vn 0.41176574631462015 -0.8403238566458041 0.35256883882993106
vn 0.7303653768340068 -0.5853390769829223 0.3520576391429388
vn 0.7404008052208817 -0.36188084426189787 0.5664352585993971
vn 0.6471057872040945 -0.1507300422486568 0.7473516940040258
vn 0.1897820207286359 -0.15100307475658198 0.9701447603436375
vn 0.3646069968035614 -0.29133805095954507 0.8844115998475943
vn 0.0042801235077331015 -0.002167999804718288 0.9999884900935637
vn -0.10154655891374673 0.21063199237512217 0.9722769462251295
vn -0.05175021869864071 0.22828603771593853 0.9722177738802145
vn 0.027852989965096504 0.9925850059803245 0.11831828621579624
vn 0.08122952622637905 0.9351283525088556 0.34487204642172964
vn 0.12999971535464566 0.8236808520228652 0.5519510195828954
vn 0.17138062849008168 0.6641777497033339 0.727665168176518
vn -0.15507045021474838 0.9364058039747023 -0.31479727723200945
vn -0.5548613067105848 0.4685710315135113 -0.6874373562309416
vn -0.6099017820064441 -0.23884904669332135 -0.7556261967395357
vn -0.007198155725150159 -0.9924598611781981 -0.12235853261750324
vn -0.02789563500104282 -0.9925850145934813 -0.11830816688778151
vn 0.21315374603611886 -0.9110259092408703 0.3529833894712543
vn 0.5970746459338606 -0.2916019663354295 0.7473086112258216
vn 0.518771299372481 -0.4151499069441586 0.7473465686759015
vn -0.00925365995150474 0.2119458639876006 0.9772375967573348
vn 0.046172862937852395 0.2610761473263559 0.9642133125119924
vn 0.0037623102319859244 -0.002733000605400474 0.9999891878062528
vn 0.003112490314714497 -0.0031639994891388794 0.9999901507071325
vn 0.2028926777621185 0.46546401928859665 0.8614974219684131
vn -0.06972113276673267 0.9874750235759665 -0.14153459456743464
vn 0.07133050358050426 0.9868842019698201 0.14481550732343187
vn -0.3543693599901258 0.8256267979666703 -0.4390475454657407
vn -0.2204452693413188 0.9363797970336144 -0.273124072414572
vn -0.46809691831618605 0.6667430663899439 -0.5799473756159473
vn -0.6911205642522817 0.4685627043899742 -0.5502738933679858
vn -0.7589610609902557 0.2425048597515986 -0.6042925623383123
vn -0.7596661173842055 -0.23886101522942058 -0.604857673756378
vn -0.5559607034366733 -0.46526185520378693 -0.6887953994667283
vn -0.33040853921175456 -0.6640551679309404 -0.6707167294470631
vn -0.2506517943404091 -0.8235750845502815 -0.5088199662964595
vn -0.15661115438615975 -0.9350921488306809 -0.3179239209575999
vn -0.07132521361702579 -0.9868879803244144 -0.14479236234582146
vn 0.04351160611209856 -0.9432613394034131 0.32918807044062975
vn 0.007110995065503643 -0.9840308334611599 0.17785598822337573
vn 0.643198630209026 -0.5151629530143073 0.5664827040067605
vn 0.3627873473241901 -0.7395426150234266 0.5669762439342494
vn 0.18798336580990335 -0.8017012408322914 0.5673952543216629
vn 0.1525302850783515 -0.1883080218917501 0.9701930740966629
vn 0.2927092763321762 -0.3632658676475561 0.8845107059563283
vn 0.4163044325186101 -0.5176328609167274 0.747493706170508
vn 0.002369066990076796 -0.003419999868116034 0.9999913455237993
vn 0.15659891534768677 0.9350907156698146 0.31793416485184806
vn 0.25060574276171377 0.8235958177572084 0.5088090905906507
vn 0.33034831911846363 0.664059995162655 0.6707416126051674
vn 0.07638299407899121 0.9925768560580037 0.09464049362475835
vn -0.07412539345757606 0.9930112700588851 -0.0918370490640856
vn -0.5830494839833126 0.6667389981471321 -0.4642331392485367
vn -0.7823082227784531 0.0018649997197295895 -0.6228887271008069
vn -0.6924811453825239 -0.46526889445888125 -0.5513571611385113
vn 0.027018235964965595 -0.9930187887675485 0.11482029472167705
vn 0.07412643497143795 -0.9930107949408095 0.09184134564261781
vn 0.03873449963183923 -0.8370183651288344 0.5458020657484947
vn 0.5160443103561932 -0.6423381648708848 0.5666568200412883
vn 0.0017584106516859552 -0.027456004423697833 0.9996214662626377
vn 0.0475487385656363 0.02211800250013089 0.9986240090375461
vn 0.22258530413035935 0.23897396114606337 0.9451704757763836
vn 0.10760374243526394 -0.21677896699995694 0.9702722886284844
vn 0.05635630247518109 -0.2349340997552716 0.9703761826959202
vn 0.39106856026599807 0.4653449956697322 0.7940525273409916
vn 0.2226291000820608 0.9350639267564453 0.27584730681206315
vn -0.44138868638913653 0.8256283295475495 -0.35144542816231894
vn -0.27458112032166554 0.9363791650213921 -0.2186304363000257
vn -0.7950276994473324 0.46865297088657515 -0.38509135278615236
vn -0.6706849958925692 0.6668188405866395 -0.3248603855862922
vn -0.8731015060744943 0.2425699935921497 -0.4229108160110757
vn -0.8739173781120532 -0.23892706149756382 -0.42329927417595964
vn -0.7965985234885429 -0.465348948645489 -0.38585119977837534
vn -0.5849809080914591 -0.6639712237679677 -0.4657677008730419
vn -0.4696532451308049 -0.6639720443397226 -0.5818650648332768
vn -0.3563080694666583 -0.8235128050601308 -0.4414422040708596
vn -0.22263498212456886 -0.9350659452850854 -0.2758357168723854
vn -0.0763805986188851 -0.9925776015595792 -0.0946346080292728
vn 0.06972770594400114 -0.9874710283572059 0.141559228519193
vn 0.0167816705536739 -0.9271567838732888 0.37429757366454786
vn 0.08043370404321812 -0.9364332954433467 0.34150124807824905
vn 0.15192628136387512 -0.6459667480749552 0.748094489628424
vn 0.03171107433883613 -0.6821633326143949 0.7305118721832652
vn 0.20603382001300383 -0.4181941841501766 0.8846828185026638
vn 0.2927938836938145 -0.5959310028422928 0.7477552952155353
vn 0.012667659190596887 -0.26527202560551594 0.9640903914269541
vn 0.356260433190995 0.8235377261721044 0.4414341596589967
vn 0.4696095563340158 0.6639802939454691 0.5818909123296713
vn -0.12345586166917097 0.9874692456255993 -0.09830126735262484
vn 0.1263173346014223 0.9868778608517118 0.10057842084633156
vn -0.8999799528888939 0.0018599999097638693 -0.4359273159581079
vn -0.6729021726188624 -0.6640526195454378 -0.3259398480696352
vn 0.15506856900635135 -0.9363975046579933 0.31482289017256315
vn -0.12629857654587281 -0.9868817145499332 -0.10056416384314282
vn 0.2204526439223005 -0.9363715013214442 0.2731465601114026
vn 0.026933439103287934 -0.8106679390369625 0.5848863842453789
vn 0.04615178943094295 -0.21813697371853155 0.9748262783846374
vn 0.2292185480232756 -0.001874000654786971 0.9733731788803548
vn 0.4290151718310451 0.2388880791713449 0.8711363084894372
vn 0.10717634016329342 -0.4532769659564079 0.8849029462277518
vn 0.022849790301563817 -0.4878160109300055 0.8726473666742547
vn 0.5559062020129252 0.4652618768579922 0.6888393720644481
vn -0.10619621911262742 0.993013689307415 -0.05144099429695638
vn 0.27731208165299653 0.9350626736318592 0.22080716870092973
vn -0.5077025519948255 0.8256890467761114 -0.24591810980872872
vn -0.3158214683903716 0.9364053073352954 -0.15297679725383412
vn -0.8611005801170897 0.46878688214089825 -0.19683660750639698
vn -0.7263708324562581 0.6669460036855435 -0.16603747144751901
vn -0.9457231940392838 0.24264105536936054 -0.21617807128702457
vn -0.9466026501640818 -0.23899807031025516 -0.2163870261598678
vn -0.8628056920050964 -0.46547416173228384 -0.19723119074637854
vn -0.7287729904635475 -0.6641827785478828 -0.1665868093554597
vn -0.44380632277942 -0.8235090864083423 -0.3533677015007264
vn -0.2773110939684826 -0.9350639747261563 -0.2208028992819747
vn -0.10942489859594076 -0.9925810264120852 -0.05300092050143605
vn 0.12346984325835961 -0.9874663280240253 0.09831301452251455
vn 0.12929920686572224 -0.8257720315572917 0.548982938716349
vn 0.24926356438292696 -0.8256868639842013 0.5060720088238962
vn 0.03552782590570831 -0.6470253442285739 0.7616403203036909
vn 0.042062378350223854 -0.4456228418335529 0.8942320946844342
vn 0.22238005765497065 -0.24261300675786385 0.9442912892266246
vn 0.4437647068005634 0.8235384944570502 0.35335143008855235
vn 0.6924477444108486 0.4652610291379034 0.5514057453689317
vn 0.10942820270750477 0.9925805358128729 0.05300328647956996
vn -0.9748534504762241 0.001859999759437827 -0.22283915835304835
vn -0.510478206141736 -0.8235727281572178 -0.24726496413764926
vn 0.35435135500220255 -0.8256236306218495 0.43906803318722576
vn -0.3189661299713787 -0.9350883927715614 -0.1545001800483719
vn 0.27459711785595864 -0.936369729525429 0.218650754614924
vn 0.17080828647763904 -0.6669601356273578 0.7252507888685882
vn 0.20248998781657152 -0.4687829129181908 0.8597908963172269
vn 0.4286170327943201 -0.2425260284103492 0.8703267000052882
vn 0.44179825309125265 -0.001870999411767033 0.8971124806437142
vn 0.6098391154148394 0.23883201090495057 0.7556821579719506
vn 0.5849546538858971 0.663973661841952 0.4657971975843346
vn 0.7596365657050579 0.23884009311218674 0.6049030484019627
vn -0.341993967681491 0.936444670407587 -0.0781761174189208
vn 0.3189595654177437 0.9350898856983596 0.1545046966702068
vn -0.15376268279887756 0.9874824166776747 -0.03514988095159119
vn -0.5498207901754992 0.8257732961516718 -0.12568039645701562
vn -0.8830467899609403 0.46698306311253174 -0.04642397554837577
vn -0.7456970767371778 0.6651305799415707 -0.03920690464978783
vn -0.9690588771038015 0.24151504891247796 -0.05094481185678178
vn -0.969952116519366 -0.23788999986773313 -0.05100234918640826
vn -0.8847717955377743 -0.46369690877830727 -0.04651931437914233
vn -0.7481550223869196 -0.662357267049919 -0.039330818239517895
vn -0.5528195780433236 -0.8236640624535063 -0.12636465627139673
vn -0.34540269887743 -0.9351275420335551 -0.07895223707070662
vn 0.10619598429554582 -0.9930135686702515 0.05144380775440387
vn 0.3292593643475299 -0.6668387938474855 0.6685164874627187
vn 0.4680515145847834 -0.666752883278917 0.5799727341299253
vn 0.39029455200281504 -0.468664173573558 0.7924796874908125
vn 0.5104445336011136 0.8235948136431637 0.24726091696186908
vn 0.7965766720428515 0.46535377013553725 0.385890495060162
vn 0.8739013175992353 0.23891008004850817 0.423342013919639
vn 0.15731225471682403 0.986894093922222 0.03595694505023514
vn -0.9986189058865746 0.0018670009766275208 -0.052505191298137625
vn 0.4413844775586304 -0.8256208371434162 0.3514683147097325
vn -0.15729690362160698 -0.986896688518677 -0.035952890035771144
vn 0.3158440230603673 -0.9363943950798609 0.1529970259843752
vn 0.6092675725005198 -0.2424719360684027 0.7549836987104851
vn 0.5547954369533344 -0.46858597779136785 0.6874803303026685
vn 0.6280114641878485 -0.0018690002678042217 0.7782018425104335
vn 0.7822777939149492 -0.0018710002583691115 0.6229269238888245
vn 0.6728928529265568 0.6640508813653285 0.32596262889829847
vn 0.8999641265766395 -0.001874998920170523 0.4359599239083746
vn -0.35185316628563185 0.9358723932152915 -0.01849899976373124
vn -0.56512139996209 0.8244725301847683 -0.02971279649601699
vn 0.34539517233325223 0.9351303085794932 0.07895239644814114
vn -0.11835832233119803 0.9929517585990589 -0.006173542741431169
vn -0.9685058856907947 0.2415070701759271 0.060586173648195775
vn -0.8825434461721455 0.4669789419930468 0.05520628002001258
vn -0.9980472102980278 0.0018710001162358992 0.06243609032353888
vn -0.9693960476367882 -0.23789506889025874 0.06064024261060528
vn -0.7477367373801111 -0.6623461939436045 0.04676848234193273
vn -0.5681931943555537 -0.8223528599331723 -0.02987084946506379
vn -0.35534405483915554 -0.9345489050493687 -0.01868011674195393
vn 0.1537827992519666 -0.987479101753308 0.03515500326709187
vn 0.5830164306132635 -0.6667519531576764 0.4642560442206363
vn 0.5527934770710415 0.8236808109245034 0.12636966970939026
vn 0.862802732786677 0.4654791463306075 0.19723237215825118
vn 0.9466022757613638 0.23899703181026802 0.2163898110107974
vn 0.9748503721311961 -0.0018859999312307362 0.22285240622422697
vn 0.12196116095835041 0.992513864901007 0.006457801247876159
vn -0.7452601019540657 0.6651421991366201 0.0466179725333092
vn -0.8842640541407016 -0.46369996942826186 0.05531203220709934
vn 0.5077004826562006 -0.8256850834697478 0.2459356884354458
vn -0.12197570935119185 -0.9925120465383948 -0.006462492123088282
vn 0.3420245916902393 -0.9364328102173956 0.0781842095788949
vn 0.6910749004172521 -0.4685898922416748 0.5503080908929296
vn 0.7589311767572686 -0.2424791110548519 0.6043404252967661
vn 0.728775616506543 0.6641768191519827 0.16659908068972834
vn 0.8730897202182892 -0.2425449325014524 0.42294951964391125
vn -0.35166687988708956 0.9358666441400517 0.02200068127393326
vn -0.5647970837298848 0.8244731267338963 0.035331536958503315
vn 0.3553467119374342 0.9345480181559318 0.018673941096464284
vn -0.15817647277018415 0.9873609317837293 0.009929443546804946
vn -0.9436216372491756 0.242603893053192 0.22521446843091808
vn -0.9726774783985023 0.0018810000574730685 0.23215293419449803
vn -0.8591870848773334 0.4687731654005464 0.2050591928696239
vn -0.9444967163213679 -0.2389810725017302 0.2254196083841783
vn -0.8608823737743045 -0.46547782999495957 0.2054554168375756
vn -0.7271664747293275 -0.6641628547150557 0.17354140844902216
vn -0.5678694066039852 -0.8223520225225776 0.03551743369479179
vn -0.35513802859395066 -0.9345498997321465 0.02221408465449041
vn 0.1183605730141943 -0.9929515024400705 0.0061715928056287435
vn 0.6706588417068576 -0.66683917144604 0.3248726480724026
vn 0.7950042715264671 -0.4686709349519936 0.3851178559686575
vn 0.5681813078474834 0.8223610809836562 0.02987061927908014
vn 0.8847768033657687 0.4636880258985998 0.04651260973232093
vn 0.9699551131285236 0.23788001204279483 0.050991944328029816
vn 0.9986187673783938 -0.0018809997087554206 0.05250732596269952
vn 0.9457203876651397 -0.24263392899743708 0.21619834609396218
vn 0.1618026909017706 0.9867715715946953 -0.010087353938524541
vn -0.7247369433138217 0.6669620740204554 0.1729680745527074
vn 0.5498159756157072 -0.8257759174868228 0.12568423551322616
vn -0.1618162674414126 -0.9867693488175994 0.010087012710430212
vn 0.3518802354637473 -0.9358622577486673 0.01849687572387549
vn 0.7481558568763489 0.6623557720986523 0.03934011933401464
vn -0.34126961444240606 0.9364307104242985 0.08144062151392802
vn -0.5486069842343769 0.8257654146924762 0.13092691376116983
vn 0.35514741301991076 0.9345463336475862 -0.022214078669155958
vn -0.11473727321550914 0.9930185119543607 0.027378697029201256
vn -0.8692474519192025 0.24251894267022636 0.43080555913090174
vn -0.8959926543413304 0.0018730004956756974 0.4440649223205097
vn -0.8700496712886349 -0.23889292753590247 0.4312119416990495
vn -0.7915056445944636 0.46865507541363743 0.3922769874261557
vn -0.7930683442874578 -0.46534730589289447 0.39305786620722294
vn -0.6699266626940444 -0.6640459089327503 0.33202604934146
vn -0.5515934786869771 -0.823659506875201 0.1316421323289026
vn -0.34463031387003734 -0.9351282659804409 0.08225006338145568
vn 0.1581916411260995 -0.9873584778870494 -0.009931808616779841
vn 0.7263538285229311 -0.6669636343169453 0.16604103796595773
vn 0.8611027631903119 -0.46877801880151454 0.1968481656367066
vn 0.5678681223845078 0.822352722411185 -0.035521761251471044
vn 0.7477282122824189 0.6623552193581755 -0.046776959562599266
vn 0.8842707326841321 0.4636861070359221 -0.0553214737704944
vn 0.9694006294399241 0.23787504640930715 -0.060645543424469914
vn 0.9690613832456837 -0.24150405372185813 0.050949264350647644
vn 0.11821630812471753 0.9925869136161571 -0.02821565897357317
vn -0.667707990221162 0.666826681250921 0.33092025771581157
vn 0.5651216350060492 -0.8244724968367576 0.02970925121662621
vn -0.11823044800905402 -0.9925852607253824 0.02821455926118486
vn 0.35167768480276707 -0.9358625207177858 -0.02200337082170759
vn 0.998047340157204 -0.0018749993488025403 -0.0624338945010859
vn -0.31445466891951146 0.9363937476391098 0.15583648666825017
vn -0.5054757307701636 0.8256749137557825 0.25050992474700473
vn 0.3446382179329264 0.9351252210103262 -0.08225156393896194
vn -0.1413880927670923 0.9874715455016505 0.07006678277376467
vn -0.7537371381394823 0.2424710466070617 0.6108093959219839
vn -0.7769205098336176 0.001861999717618594 0.629595945314869
vn -0.7544339427325251 -0.23884994208212038 0.6113756056798674
vn -0.6877091163621853 -0.46526000654853455 0.5573053898705806
vn -0.6863545597651532 0.4685699045773886 0.5562010992563027
vn -0.5809566405042582 -0.6639609439919089 0.47079214809444236
vn -0.5082178603255095 -0.8235717017349147 0.25188143748124336
vn -0.31755636402729226 -0.9350873758369392 0.15738346551068333
vn 0.11473491020277796 -0.9930186232776035 -0.027384561428181603
vn 0.7456887864863438 -0.665139829534993 0.039207663468821305
vn 0.883049299199957 -0.4669780162825897 0.04642701251687781
vn 0.5515928433462023 0.8236590006609864 -0.13164796162264408
vn 0.7271527396536424 0.6641751718071952 -0.17355182041420633
vn 0.860882587706673 0.4654711080244526 -0.20546974905798432
vn 0.9444941216290339 0.23898193291013334 -0.22542956760535282
vn 0.9685076954108363 -0.24150109094316966 -0.06058107793073461
vn 0.14462571976125008 0.986886901645376 -0.07167736423955859
vn -0.5790390089460733 0.6667356671949743 0.4692306215591879
vn 0.5648097152628619 -0.8244641814769531 -0.035338350360797355
vn -0.1446262694853881 -0.9868869783032901 0.0716751995472731
vn 0.3412645353019342 -0.9364320299424146 -0.08144673255007666
vn 0.972676432882347 -0.0018850001185712752 -0.23215728222441406
vn -0.27271400593569156 0.9363682888710662 0.2210011279681152
vn -0.4383653577049927 0.8256168845284049 0.3552359401099279
vn 0.3175544382997198 0.9350885102353649 -0.15738061107377652
vn -0.09170122589256748 0.9930099838228744 0.07431054567081927
vn -0.603143479911505 0.24247503236484216 0.7598840709739274
vn -0.6216980303548975 0.0018730003426038087 0.7832547803381462
vn -0.6037090393204793 -0.23885402432382002 0.7605814558001396
vn -0.5503146987271901 -0.4652691222871645 0.6933097260322643
vn -0.4648890634158784 -0.663964046842333 0.5856875474321266
vn -0.54922848880227 0.46856019420043543 0.6919533304340871
vn -0.44075192907300387 -0.8235089942856711 0.3571703702003126
vn -0.2754166665981797 -0.935058157375444 0.2231858017114588
vn 0.1413870890867157 -0.9874712824953312 -0.07007251448757246
vn 0.7452691590684577 -0.6651318561260087 -0.04662075190046106
vn 0.8825405156895041 -0.4669851182250029 -0.055200883352393246
vn 0.5082217531394871 0.823570695459261 -0.2518768731276758
vn 0.6699336630583894 0.6640450965793898 -0.332013549136232
vn 0.7930742637820742 0.46535623850257885 -0.3930353462644953
vn 0.8700538707619284 0.2389139586878379 -0.43119181615180435
vn 0.9436148529824209 -0.2426309897111118 -0.22521370309723795
vn 0.09448694684393974 0.9925772711135855 -0.07656747184554534
vn -0.4633476366367049 0.6667417885238731 0.5837502505859563
vn 0.5486163085630326 -0.825756879847841 -0.13094167160468767
vn -0.09449198973676771 -0.9925766614991575 0.0765691512475725
vn 0.3144499861189817 -0.9363946710848747 -0.1558403869143733
vn 0.8959981251627859 -0.0018860004121016062 -0.4440538286145253
vn -0.21823134140703698 0.9363685245313215 0.2749346611373716
vn -0.3507770842637345 0.825624175763434 0.44192777413326606
vn 0.2754119378543814 0.9350630247964692 -0.22317124399387125
vn -0.09812933512187176 0.98746539482528 0.1236233295583537
vn -0.4220232819945709 0.24253194247615953 0.8735414164956757
vn -0.43501025529142234 0.0018779993923792285 0.9004235397353701
vn -0.4224113493518876 -0.23890497856222087 0.8743529396970667
vn -0.3850358901489462 -0.46535619442399706 0.796988692271367
vn -0.32524823807876385 -0.6640546766954304 0.6732347064624544
vn -0.3526960107854112 -0.8235099980281053 0.44433861763727794
vn -0.3842807572597182 0.46864513326722956 0.7954244393183039
vn -0.22039071465882423 -0.9350596390329193 0.27765338885704105
vn 0.09169803607067079 -0.9930105805439787 -0.07430650784751122
vn 0.7247542430193336 -0.6669386952987889 -0.1729857333383939
vn 0.8591839538256301 -0.46877722879592343 -0.2050630226320001
vn 0.44077026096388533 0.8235066476569917 -0.35715315806327674
vn 0.5809896174152777 0.6639550133371964 -0.47075981638204056
vn 0.6877508005042625 0.4652691734593591 -0.5572462944104617
vn 0.7544886887415873 0.23886704327542657 -0.6113013611941787
vn 0.869240457525427 -0.24255693155978209 -0.4307982845291863
vn 0.10037768846480263 0.9868810119955388 -0.126452314415847
vn -0.24674199381126077 -0.8235701887211304 0.5107352863665143
vn -0.3241693374463914 0.6668319802230974 0.6710062226323317
vn -0.2454015361422082 0.8256845010833052 0.5079598318074551
vn 0.5054712876543637 -0.8256775649188169 -0.2505101517838596
vn -0.10037815530280221 -0.9868802381850547 0.12645798281570242
vn 0.2727282272580728 -0.9363656235033767 -0.22099487138348214
vn 0.7769803163401051 -0.0018830006600023428 -0.6295220745363459
vn -0.051330806540193265 0.993012996876974 0.10625599434076115
vn -0.15266245884083599 0.9363963316243513 0.3160001325650482
vn 0.22039438697700978 0.9350636977781112 -0.277636804632515
vn 0.05288980719066441 0.9925816143950211 -0.10947331665893568
vn -0.21572147861430324 0.24261500900283675 0.9458341297875713
vn -0.2223661236381626 0.0018770007553477047 0.974961426891496
vn -0.21592107944489838 -0.238985998647817 0.9467120892339209
vn -0.19680272730723783 -0.46547320485806065 0.8629040399045532
vn -0.16622938076502405 -0.6641728649487638 0.7288636350074189
vn -0.12609383670787838 -0.8236560398962524 0.5528933642997629
vn -0.15417445611530936 -0.9350876384979941 0.31912590839634625
vn -0.19641597440211125 0.4687672002716882 0.8612073367947536
vn -0.052889822558406976 -0.9925805969101236 0.10948253425676038
vn 0.0981326900027686 -0.987465361431644 -0.12362093320102896
vn 0.6677175582308873 -0.6668131237998691 -0.3309282707150327
vn 0.7915075879598718 -0.46864712851102724 -0.3922825603315992
vn 0.3527236783283153 0.8235080950394277 -0.444320182020889
vn 0.4649362935248417 0.6639580374389348 -0.58565686838252
vn 0.5503787484331679 0.4652648732734972 -0.693261733381366
vn 0.6037920157681647 0.23886290059256657 -0.7605127983243425
vn 0.7537849036586107 -0.242498064475879 -0.6107397217651979
vn 0.15417259120513135 0.9350902433974765 -0.31911917652178745
vn -0.07878118844699394 -0.9351259363525256 0.3454460992798898
vn -0.12540773793885301 0.8257686402981488 0.5498900362483453
vn -0.1656781773820626 0.666951662706289 0.7264476726872171
vn -0.07800335321901461 0.9364380040987891 0.34205166476143034
vn 0.4383826180405421 -0.8256177850066798 -0.3552125466260785
vn 0.05133471784593122 -0.993013279635558 -0.10625146215987737
vn 0.21825057793941266 -0.93636580134908 -0.274928665826261
vn 0.6218001633750927 -0.0018840003249280858 -0.7831736763767561
vn -0.03506890026465307 0.9874798978802652 0.15379734560976183
vn 0.03587256047491188 0.9868971230063714 -0.15731251700586424
vn 0.24674569205151226 0.8235728966996698 -0.5107291329812068
vn 0.07876847766343885 0.9351266740050794 -0.3454470009868115
vn -0.039693132936841055 0.26532004982910007 0.9633429951768695
vn -0.04087594420991859 0.026527992959458558 0.9988120057220431
vn -0.039672432583357134 -0.21386298456443942 0.9760577451801248
vn -0.036155343629928983 -0.44169479134917167 0.8964365579459673
vn -0.030536927323121642 -0.6436721385749022 0.7646918818008167
vn -0.023145858208401125 -0.8080900373175987 0.5886040781678619
vn -0.014413718488619668 -0.9255050240839549 0.3784609558655807
vn -0.035875377457318655 -0.9868955996357808 0.1573214311905003
vn -0.03619795423965659 0.4885918361651687 0.8717612779549299
vn 0.03507402141674143 -0.9874780084483681 -0.15380830878890325
vn 0.1526686188816434 -0.9363931220597878 -0.31600666728392773
vn 0.579066997154829 -0.6667371218015488 -0.46919401447362497
vn 0.686400706802237 -0.46855699393171846 -0.5561550261744124
vn 0.3252512465431512 0.6640518355376224 -0.6732360554376458
vn 0.3850326945199846 0.46535012269678877 -0.7969937813162433
vn 0.42241203695889146 0.23890193738990223 -0.8743534384581509
vn 0.6032370234965632 -0.24249093277145944 -0.7598047387366271
vn 0.1260649185632116 0.8236592969481743 -0.552895106560449
vn -0.004894108352602258 -0.9892030424719281 0.14646975273998958
vn -0.0232203503673069 0.8381306811143852 0.5449750239263784
vn -0.014500972395238716 0.9442465479500994 0.32891971434365735
vn -0.03059586109663552 0.6832876936490562 0.7295079307255741
vn -0.004907226638540977 0.9955648430775883 0.09394978634682835
vn 0.3508194270851947 -0.8256171024136797 -0.4419073769260422
vn 0.07799941060706043 -0.9364303935049897 -0.3420733986515779
vn 0.2454053719760184 -0.8256798681599903 -0.5079655093809157
vn 0.43501308487613727 -0.0018849999137190432 -0.9004221580802373
vn 0.00493125248616254 0.9892077086417721 -0.14643698956415604
vn 0.014448002138360007 0.9255032368090064 -0.37846401928091195
vn 0.1661765084541783 0.6641720103657326 -0.7288764701132282
vn 0.0231698198691749 0.8080908329890565 -0.5886020430530996
vn -0.016956432308441877 0.444842044682384 0.8954485103489566
vn -0.00622911485272331 0.21815890029900573 0.9758933816501062
vn 0.004855167282605862 -0.02109599876384812 0.9997656656371101
vn 0.0156575673939363 -0.25915391192655773 0.9657091127852457
vn 0.02555230639156138 -0.4822589460229291 0.8756559761795298
vn 0.03397368281530536 -0.6775188563314641 0.7347203469288636
vn 0.040428877340098396 -0.8335350235465313 0.5509853631434352
vn 0.04453075453284074 -0.9411420230033937 0.33506522415466455
vn 0.004944643370080541 -0.995564868670069 -0.09394755330444209
vn -0.026712014148067807 0.6458660122401297 0.7629833304425371
vn 0.014535625504207124 -0.9442370237810818 -0.328945525143976
vn 0.1253768350278875 -0.8257652828849387 -0.5499021247643503
vn 0.4633999531141116 -0.6667491243317212 -0.5837003414910105
vn 0.5493028283959904 -0.46856395117517025 -0.6918917735999451
vn 0.19672652498196935 0.46546096168651335 -0.8629280198918012
vn 0.21582738852435285 0.23896597239931205 -0.9467385079302568
vn 0.42202199911199434 -0.24253707921335074 -0.873540610087575
vn 0.030551568327118656 0.6436752222295523 -0.7646887013422453
vn 0.04603705546663995 -0.9939709578904213 0.09951042354627937
vn -0.03492476428615124 0.8094897262836425 0.5860943984383321
vn -0.04110596646984517 0.9261268914982211 0.37496570558442016
vn -0.044899631170508665 0.988864756453518 0.141882051595249
vn -0.04607691471294088 0.9939719916178343 -0.0994816455926039
vn 0.32416608209117403 -0.6668389970589065 -0.6710008220733636
vn 0.023246828654709128 -0.838127956762237 -0.5449780849273267
vn 0.1656185909638197 -0.6669482651930222 -0.7264643789499777
vn 0.22225945830821536 -0.0018790000166650674 -0.974985744793982
vn -0.04456734513535879 0.9411452923823594 -0.33505117575395704
vn -0.04047114497056754 0.8335247827497122 -0.5509977522339057
vn -0.03402488632669611 0.6775179548200553 -0.7347188088016426
vn -0.049931525588154654 0.2349269127459291 0.9707297195512795
vn -0.10130462271318376 0.45325907806187155 0.8856035126237032
vn 0.004240646840889789 0.00340699908412063 0.9999852045263529
vn 0.05816806946479988 -0.2283059560345553 0.9718502282419271
vn 0.10882441406026615 -0.44721214667017906 0.8877829367447259
vn 0.18904573544470124 -0.7977958472935125 0.5725237950962375
vn 0.21381880890671895 -0.9085622354811905 0.35888184854507954
vn 0.2260922710209923 -0.9662203046589721 0.12369562582926276
vn 0.04486268659544421 -0.9888626593719771 -0.14190835159080714
vn -0.1842170876143649 0.8017063540047425 0.568622006766625
vn 0.0410685669748485 -0.9261239097983138 -0.3749771679802877
vn 0.030610958796539144 -0.6832840696512484 -0.7295106917395965
vn 0.3842761024394697 -0.46865388527986973 -0.7954215315831052
vn 0.036160143581393196 0.44167998192888447 -0.8964436611296179
vn 0.03966581826862218 0.21383693671176016 -0.9760637209520755
vn 0.21561851184637645 -0.2426080438130759 -0.945859394638731
vn -0.025601878619101237 0.48225404824566176 -0.8756572256093385
vn -0.14695923754769996 0.6459561262130569 0.7490952312671736
vn 0.15332583502738203 -0.6408423032748466 0.7522049791423515
vn 0.22506395676332477 -0.9670560524429676 -0.1189487570320121
vn -0.21080068087970566 0.9110279404142194 0.35438843762921785
vn -0.22505697696023408 0.9670595374550502 0.11893362913299546
vn -0.22608010860603142 0.9662241827941731 -0.12368756233517382
vn -0.213807710825657 0.9085699913027138 -0.35886882519338303
vn 0.196332333486135 -0.46876708504349796 -0.8612264712650853
vn 0.03488195462739868 -0.809487293388604 -0.5861003080393016
vn 0.03619797192567045 -0.48859107488684844 -0.8717617038901069
vn 0.040864672909684235 -0.026504997848828177 -0.9988130774058868
vn -0.18904347569727972 0.7977949379008411 -0.5725258084628896
vn -0.1533293802853694 0.6408421575866304 -0.7522043806047773
vn -0.10117121300524003 0.21675894794198533 0.9709685598134125
vn -0.20016676916791457 0.4181739090444666 0.8860382871610848
vn 0.0035098017673398803 0.003144999815486233 0.9999888950721977
vn 0.10798436181590189 -0.21063985725689455 0.9715813028964726
vn 0.20638587955886845 -0.41258903581561773 0.8872289198642317
vn 0.3630081567052862 -0.7359194936634249 0.5715309064360378
vn 0.4119112761455847 -0.8380519588415931 0.35776810207994314
vn 0.43673580215003277 -0.8911968054045252 0.12259728038230064
vn 0.4358872075544958 -0.8919712162183088 -0.11995704117881137
vn 0.21080154895022724 -0.9110202648258857 -0.35440765233944654
vn -0.35900966733404943 0.7395472237108504 0.5693697943009173
vn -0.40941084077732093 0.8403309137942373 0.3552839973538764
vn 0.1842157806903452 -0.8017048361816547 -0.5686245701581957
vn 0.026673301442540067 -0.6458630800783076 -0.7629871668527046
vn -0.01569910528866951 0.259135956407505 -0.9657132567123137
vn -0.004894216115303781 0.021105000724566118 -0.9997652852510096
vn 0.03968457321096907 -0.26532311907943057 -0.963342502504185
vn -0.10882784456164801 0.4472099878197887 -0.8877836037246295
vn -0.2878247154092621 0.5959119903575482 0.7496971608240776
vn 0.29309319514909804 -0.591183195232075 0.7513979029997936
vn 0.40941812840662545 -0.8403124969399497 -0.3553191574043864
vn -0.4358735900225076 0.8919776444631335 0.11995872331302443
vn -0.4367186900833119 0.8912060559009015 -0.12259099337828729
vn -0.4119043784592311 0.8380568157435916 -0.3577646664943679
vn -0.363009292960994 0.7359251309026942 -0.5715229259879359
vn 0.1469617343565221 -0.6459596823464974 -0.7490916749088425
vn 0.016923109227479378 -0.4448618140938438 -0.895439319404285
vn 0.006192999629338365 -0.218154987462088 -0.97589448620279
vn -0.29308240186743684 0.5911870884540098 -0.7513990498802118
vn -0.14612041321962274 0.188286969316664 0.9711832175372843
vn -0.28686619928376283 0.3632458894205216 0.8864311634456351
vn 0.002854120751117702 0.002723998750746078 0.9999922168824835
vn 0.15166138685515484 -0.1829870177140589 0.9713467841534689
vn 0.29192351156718915 -0.3583978919917938 0.8867534124039894
vn 0.4156282575190897 -0.5134960635900725 0.750716287440965
vn 0.5855772558777795 -0.727861001710837 0.35681597440017476
vn 0.6213948986001165 -0.7739978070450795 0.12163788342107291
vn 0.6207140177248924 -0.7746659472638426 -0.12085850549148473
vn 0.5835575244521531 -0.7298190671918902 -0.35612461978699816
vn 0.35902572866263704 -0.7395339913204593 -0.5693768539727386
vn -0.411357771029922 0.5176229895370278 0.7502341134046386
vn -0.583539958783078 0.7298423880569358 0.35610560947392084
vn -0.6207033889670762 0.7746727892196966 0.1208692374732378
vn 0.28783560341703074 -0.5959249041246295 -0.7496827155868042
vn -0.05816874012912698 0.22830103930579404 -0.9718513431197615
vn 0.04993436075233266 -0.23492598546771407 -0.9707297981252453
vn -0.20637747688253874 0.4125941486690447 -0.8872284967919276
vn 0.5155295505251731 -0.6391837213475975 0.5706780641478604
vn 0.5122969713096841 -0.6423216680325109 -0.5700655119921374
vn -0.6213959385026113 0.7739977405598707 -0.12163299396411306
vn -0.5855799556629313 0.7278603840610918 -0.3568128036383216
vn -0.5155367911773632 0.6391840759964342 -0.5706711258992629
vn -0.5122819792629685 0.6423449389419047 0.5700527634685549
vn 0.10130988080996081 -0.45326786131048086 -0.8855984157355377
vn -0.004242056357198671 -0.003395998817029709 -0.9999852359659601
vn -0.4156327159527169 0.5134960721829179 -0.7507138131688291
vn -0.18340497910797712 0.15100808279405498 0.9713697404023178
vn 0.0023113584374798678 0.002180000671682512 0.9999949525968843
vn -0.35879132855225837 0.2913321115025801 0.8867888042612816
vn 0.18788011045653333 -0.14676498165694657 0.9711648182744661
vn 0.3628663283983968 -0.2874511547485082 0.8863971239508935
vn 0.5172817542334976 -0.41183996629316505 0.7502049246044443
vn 0.6420679531846922 -0.512645181730442 0.5700382979605686
vn 0.7746193916411797 -0.6207718011801704 0.12086012143372912
vn 0.7740679281842767 -0.6213068111584831 -0.12164164157301709
vn 0.7280390338654406 -0.5853417788459182 -0.35683913337212897
vn -0.5138440784811913 0.4151481060018553 0.7507438398634302
vn -0.6394578436371586 0.5151710693106052 0.5706946955739847
vn -0.7740569677162321 0.6213172186561686 0.1216582283748818
vn -0.7746139396820858 0.6207781292494342 -0.12086256118323276
vn 0.20016237504174295 -0.41817879704742467 -0.886036972884099
vn -0.10798304827947756 0.21063704513889153 -0.971582058551633
vn -0.0035091549404549782 -0.00315000216805296 -0.9999888815971631
vn -0.2919280661475799 0.35840388234749343 -0.8867494918597801
vn 0.7296640349262518 -0.5837650664946392 0.35610215286579083
vn 0.6394517084025388 -0.5151582562052648 -0.5707131360715515
vn 0.4113762274978333 -0.51761989233585 -0.7502261302486565
vn -0.729657558104584 0.5837757385698126 -0.3560979288877227
vn -0.7280288014600899 0.5853518303808685 0.3568435216090549
vn -0.642060973525499 0.5126561487225955 -0.5700362966096147
vn 0.10116982861170182 -0.21675800249098312 -0.970968915122826
vn -0.5172773050536177 0.41184387978011183 -0.7502058439949206
vn -0.21185918509174753 0.10606793197568733 0.9715272922047334
vn 0.0019054769758344574 0.0015370003940418315 0.9999970033891519
vn -0.413723268490254 0.2046359870889022 0.8871060646269373
vn 0.21554184329589515 -0.1030789951279712 0.9710388429676826
vn 0.4170694217099003 -0.2019030037468148 0.8861649251423706
vn 0.5949717893636044 -0.28928983820992965 0.7498799633074239
vn 0.7387999987867171 -0.3601170854404895 0.5696404537658771
vn 0.8398570997558062 -0.41009411210826285 0.3556161852389473
vn 0.8913705156941071 -0.43647702955866174 -0.12225549647712555
vn 0.8385299096647683 -0.41120106458858985 -0.35746506833368447
vn -0.5921508494912394 0.2916151724102314 0.7512109974347781
vn -0.7366679236726561 0.36188987052722704 0.5712758456661761
vn -0.8385254061415849 0.4112088758276857 0.35746664696950553
vn -0.8918152974257455 0.4361121447218767 -0.12029826475687097
vn 0.2868719525645875 -0.3632441740991604 -0.8864300044644247
vn -0.1516577042651041 0.1829800279474565 -0.9713486758674179
vn -0.002849892088473084 -0.002734999606978071 -0.9999921989156885
vn -0.36286548750781783 0.28745600309388875 -0.8863958958958462
vn 0.8918224735047049 -0.4360980982090847 0.12029598700858421
vn 0.7366607483693223 -0.3618809561244699 -0.5712907450732853
vn 0.5138455499560938 -0.41514406614034277 -0.7507450666762869
vn -0.8398505628046988 0.4100981072898807 -0.3556270160630206
vn -0.8913598665212782 0.4364909959244836 0.12228327290362206
vn -0.7387970607483758 0.36012597367659277 -0.5696386452068073
vn 0.14611551074740073 -0.1882859390822597 -0.9711841548660777
vn -0.5949570668228359 0.2892969124544279 -0.7498889151613742
vn -0.23003015556451964 0.05481899365209816 0.9716383100032306
vn 0.0016386484395354178 0.0007929999194270726 0.9999983429898369
vn -0.4488026522192 0.10576895446938372 0.8873494844938297
vn 0.23320185649851136 -0.05327401899685241 0.9709679567450055
vn 0.45168922973234427 -0.10435503944605562 0.886051277007157
vn 0.6446130267372158 -0.14953501403931957 0.7497421725746432
vn 0.800659826944141 -0.18616098155880084 0.5694628437947835
vn 0.9103698514835363 -0.21201300745978366 0.3553550593106868
vn 0.9664521245872785 -0.2256610756580785 -0.12266772115587164
vn 0.909229622976495 -0.21258392043782537 -0.3579239716382588
vn -0.6421957896936322 0.15073202866101984 0.7515746291856225
vn -0.798840512515718 0.18707203735379996 0.5717148663485352
vn -0.9092289029484903 0.21258405578110698 0.357925720325796
vn -0.9668387788527625 0.22546211135249505 -0.1199567090702908
vn 0.35879302020073084 -0.29133890306850413 -0.8867858885966098
vn -0.18786564673410178 0.14676395641566087 -0.9711677712292557
vn 0.18339168768165928 -0.15100602989496886 -0.9713725690097659
vn -0.4170567769218035 0.20190692545537095 -0.8861699827215749
vn 0.9668380762392028 -0.22546704720592783 0.11995309482592549
vn 0.7988298602748207 -0.18707310232134503 -0.5717294016588426
vn 0.5921439404240972 -0.2916109682397765 -0.7512180755421712
vn -0.910363119077434 0.2120059892787513 -0.3553764932202802
vn -0.9664487794156396 0.22565906728184054 0.1226977673778552
vn -0.800662699362104 0.18615694221829013 -0.5694601256577368
vn -0.0023077773548208147 -0.002179999757692172 -0.9999949608696722
vn -0.6446049865334501 0.14953193860429187 -0.7497496986818021
vn -0.23706073490346666 0.01391100228122393 0.9713952295448851
vn 0.0015364731923299673 0.0002009999768198005 0.9999987994238485
vn -0.46199768340342684 0.026815990239303308 0.8864756303460082
vn 0.24003887239080046 -0.013518005915933322 0.9706691523157671
vn 0.4647172584180874 -0.026461010980646873 0.885063661340956
vn 0.6625572900917915 -0.0378770167111539 0.7480529185500747
vn 0.822047439373644 -0.047099996795080694 0.5674677063244555
vn 0.9338178252624316 -0.0535909988528578 0.35371213445978356
vn 0.9908628690283835 -0.05701197938487108 -0.12223096574706162
vn 0.9327388085585028 -0.05373700811119903 -0.3565258040705069
vn -0.6602808120527627 0.03817199002348466 0.7500480973994876
vn -0.8203292906677664 0.04732401250314785 0.5699300770385093
vn -0.9327379132590699 0.053729981164609225 0.3565292053859914
vn -0.9912307856134484 0.05695799689564683 -0.11923638807755588
vn 0.4137238318655203 -0.20463894451481815 -0.8871051196641647
vn -0.21553695223524233 0.10308204243084497 -0.9710396051394754
vn 0.2118516061592394 -0.10606599194656884 -0.971529156700992
vn -0.45167393077362944 0.10435394155304317 -0.88605920521252
vn 0.9912315146882141 -0.05696300053459773 0.11922793657110771
vn 0.8203128743139665 -0.04733298290356645 -0.5699529603083128
vn 0.6421897641561842 -0.15073101233740935 -0.7515799815939513
vn -0.9338145904084256 0.05358897596422421 -0.3537209809941307
vn -0.9908606159326699 0.05700499734256962 0.12225248492977084
vn -0.822053416300409 0.0470949779909441 -0.5674594644526242
vn -0.0019161061004359348 -0.001530000182892629 -0.9999969938139076
vn -0.6625507168197051 0.03786999504158702 -0.7480590960059539
vn -0.463368508822993 -9.999997350863365e-7 0.8861656871207303
vn -0.23783603956591814 0 0.9713053167174567
vn -0.6619921041634059 -0.0000010000000784280843 0.7495108098115106
vn 0.24079580066569697 0 0.9705757994004207
vn 0.4660739934605949 0 0.8847457446180192
vn 0.6642586501760497 0 0.747502806460479
vn 0.823839987718055 0 0.5668224366031349
vn 0.9355486133420277 0 0.35319795026841444
vn 0.9928919091826317 0 0.11901956427272276
vn 0.9925230711400247 0.0000010000003075020395 -0.12205717207019633
vn 0.9344763330615273 0.0000010000003036700845 -0.3560252560519849
vn -0.8221272584342981 -9.99999685780737e-7 0.5693037598139544
vn -0.9344755427640632 -0.0000010000000342064476 0.3560273303762078
vn -0.9925214125206304 -9.999997050585252e-7 0.12207065858367684
vn -0.9928904761567159 -0.0000010000000796889397 -0.11903151833144827
vn 0.448813225086573 -0.1057660457452527 -0.8873444835884216
vn -0.23320751288299726 0.053273997525396015 -0.9709665993856795
vn 0.23003292610684026 -0.05481498193684959 -0.9716378804173846
vn -0.4647037686268809 0.026457003272982647 -0.8850708640565385
vn 0.0015258440593237158 0 0.9999988358992756
vn 0.8221124169534684 0.0000010000003223747401 -0.5693251916874278
vn 0.6602751199824708 -0.038183011699314914 -0.7500525471923308
vn -0.8238487870710648 0 -0.5668096470963909
vn -0.9355490930462728 -0.00000100000045069573 -0.35319667962665874
vn -0.66424893445496 0 -0.7475114400967051
vn -0.0016556777311164473 -0.0007899999613518446 -0.99999831731424
vn -0.0000020756015176413433 1 0.000008348166166146767
vn 0.46200798229715606 -0.026821996817396117 -0.886470081153582
vn -0.2400380077227246 0.013517000044315268 -0.9706693801487236
vn 0.23706210097007938 -0.013907999711791692 -0.971394939161034
vn -0.466060463506485 0 -0.8847528719117675
vn 0.661989877774437 9.999996584147495e-7 -0.7495127762241189
vn -0.0015392925520733717 -0.00019999993172485698 -0.9999987952885077
vn 0.4633788753199959 0.0000010000001255817565 -0.8861602664903091
vn 0.2378352511920681 9.999997675234078e-7 -0.9713055097596255
vn -0.001516624574818283 0.000001000000078509465 -0.9999988499237883
vn -0.2407884217432087 0 -0.9705776300504843
vn 0 -1 0
vn 0.0000020756015176413433 -1 -0.000008348166166146767
usemtl material_0_0
f 1//1 2//2 3//3
f 2//2 1//1 4//4
f 2//2 5//5 3//3
f 3//3 6//6 1//1
f 1//1 7//7 4//4
f 5//5 2//2 9//8
f 5//5 10//9 3//3
f 6//6 3//3 10//9
f 6//6 11//10 1//1
f 7//7 1//1 11//10
f 14//11 5//5 9//8
f 10//9 5//5 15//12
f 10//9 16//13 6//6
f 11//10 6//6 17//14
f 11//10 18//15 7//7
f 8//16 20//17 13//18
f 12//19 21//20 8//16
f 5//5 14//11 22//21
f 22//21 15//12 5//5
f 15//12 23//22 10//9
f 16//13 10//9 23//22
f 16//13 17//14 6//6
f 17//14 24//23 11//10
f 18//15 11//10 24//23
f 25//24 12//19 19//25
f 20//17 8//16 21//20
f 22//21 13//18 20//17
f 21//20 12//19 26//26
f 13//18 22//21 14//11
f 15//12 22//21 27//27
f 23//22 15//12 28//28
f 23//22 29//29 16//13
f 17//14 16//13 30//30
f 24//23 17//14 31//31
f 24//23 32//32 18//15
f 12//19 25//24 26//26
f 19//25 34//33 25//24
f 21//20 35//34 20//17
f 20//17 27//27 22//21
f 26//26 36//35 21//20
f 27//27 28//28 15//12
f 28//28 37//36 23//22
f 29//29 23//22 37//36
f 29//29 30//30 16//13
f 30//30 31//31 17//14
f 31//31 38//37 24//23
f 32//32 24//23 38//37
f 34//33 19//25 33//38
f 25//24 39//39 26//26
f 34//33 40//40 25//24
f 35//34 21//20 36//35
f 27//27 20//17 35//34
f 36//35 26//26 39//39
f 28//28 27//27 41//41
f 37//36 28//28 42//42
f 37//36 43//43 29//29
f 30//30 29//29 44//44
f 31//31 30//30 45//45
f 38//37 31//31 46//46
f 38//37 47//47 32//32
f 33//38 49//48 34//33
f 39//39 25//24 40//40
f 40//40 34//33 50//49
f 36//35 51//50 35//34
f 35//34 41//41 27//27
f 39//39 52//51 36//35
f 41//41 42//42 28//28
f 42//42 53//52 37//36
f 43//43 37//36 53//52
f 43//43 44//44 29//29
f 44//44 45//45 30//30
f 45//45 46//46 31//31
f 46//46 54//53 38//37
f 47//47 38//37 54//53
f 49//48 33//38 48//54
f 49//48 50//49 34//33
f 40//40 55//55 39//39
f 50//49 56//56 40//40
f 51//50 36//35 52//51
f 41//41 35//34 51//50
f 52//51 39//39 55//55
f 42//42 41//41 57//57
f 53//52 42//42 58//58
f 53//52 59//59 43//43
f 44//44 43//43 60//60
f 45//45 44//44 61//61
f 46//46 45//45 62//62
f 54//53 46//46 63//63
f 54//53 64//64 47//47
f 48//54 66//65 49//48
f 50//49 49//48 67//66
f 55//55 40//40 56//56
f 56//56 50//49 68//67
f 52//51 69//68 51//50
f 51//50 57//57 41//41
f 55//55 70//69 52//51
f 57//57 58//58 42//42
f 58//58 71//70 53//52
f 59//59 53//52 71//70
f 72//71 43//43 59//59
f 43//43 72//71 60//60
f 60//60 61//61 44//44
f 61//61 62//62 45//45
f 62//62 63//63 46//46
f 63//63 73//72 54//53
f 64//64 54//53 73//72
f 66//65 48//54 65//73
f 66//65 67//66 49//48
f 67//66 68//67 50//49
f 56//56 74//74 55//55
f 68//67 75//75 56//56
f 69//68 52//51 70//69
f 57//57 51//50 69//68
f 70//69 55//55 74//74
f 58//58 57//57 76//76
f 71//70 58//58 77//77
f 71//70 78//78 59//59
f 59//59 79//79 72//71
f 72//71 80//80 60//60
f 61//61 60//60 80//80
f 62//62 61//61 81//81
f 63//63 62//62 82//82
f 73//72 63//63 83//83
f 73//72 84//84 64//64
f 65//73 86//85 66//65
f 67//66 66//65 87//86
f 68//67 67//66 88//87
f 74//74 56//56 75//75
f 75//75 68//67 89//88
f 70//69 90//89 69//68
f 69//68 76//76 57//57
f 91//90 70//69 74//74
f 76//76 77//77 58//58
f 77//77 92//91 71//70
f 78//78 71//70 92//91
f 79//79 59//59 78//78
f 79//79 93//92 72//71
f 80//80 72//71 93//92
f 80//80 81//81 61//61
f 81//81 82//82 62//62
f 82//82 83//83 63//63
f 83//83 94//93 73//72
f 84//84 73//72 94//93
f 86//85 65//73 85//94
f 86//85 87//86 66//65
f 87//86 88//87 67//66
f 88//87 89//88 68//67
f 95//95 74//74 75//75
f 96//96 75//75 89//88
f 90//89 70//69 97//97
f 76//76 69//68 90//89
f 70//69 91//90 97//97
f 74//74 95//95 91//90
f 77//77 76//76 98//98
f 92//91 77//77 99//99
f 92//91 100//100 78//78
f 100//100 79//79 78//78
f 93//92 79//79 101//101
f 93//92 102//102 80//80
f 81//81 80//80 102//102
f 82//82 81//81 103//103
f 83//83 82//82 104//104
f 94//93 83//83 105//105
f 94//93 106//106 84//84
f 85//94 108//107 86//85
f 87//86 86//85 109//108
f 88//87 87//86 110//109
f 89//88 88//87 111//110
f 75//75 96//96 95//95
f 111//110 96//96 89//88
f 112//111 90//89 97//97
f 90//89 98//98 76//76
f 113//112 97//97 91//90
f 114//113 91//90 95//95
f 98//98 99//99 77//77
f 99//99 115//114 92//91
f 100//100 92//91 115//114
f 79//79 100//100 116//115
f 116//115 101//101 79//79
f 101//101 117//116 93//92
f 102//102 93//92 117//116
f 102//102 103//103 81//81
f 103//103 104//104 82//82
f 104//104 105//105 83//83
f 105//105 118//117 94//93
f 106//106 94//93 118//117
f 108//107 85//94 107//118
f 108//107 109//108 86//85
f 109//108 110//109 87//86
f 110//109 111//110 88//87
f 119//119 95//95 96//96
f 96//96 111//110 120//120
f 90//89 112//111 121//121
f 97//97 113//112 112//111
f 98//98 90//89 121//121
f 91//90 114//113 113//112
f 95//95 119//119 114//113
f 99//99 98//98 122//122
f 115//114 99//99 123//123
f 100//100 115//114 124//124
f 100//100 125//125 116//115
f 101//101 116//115 126//126
f 117//116 101//101 127//127
f 117//116 128//128 102//102
f 103//103 102//102 128//128
f 104//104 103//103 129//129
f 105//105 104//104 130//130
f 118//117 105//105 131//131
f 132//132 106//106 118//117
f 107//118 134//133 108//107
f 109//108 108//107 135//134
f 110//109 109//108 136//135
f 111//110 110//109 137//136
f 96//96 138//137 119//119
f 137//136 120//120 111//110
f 138//137 96//96 120//120
f 139//138 121//121 112//111
f 140//139 112//111 113//112
f 141//140 98//98 121//121
f 142//141 113//112 114//113
f 143//142 114//113 119//119
f 98//98 141//140 122//122
f 122//122 123//123 99//99
f 115//114 123//123 144//143
f 115//114 144//143 124//124
f 100//100 124//124 125//125
f 116//115 125//125 145//144
f 116//115 145//144 126//126
f 126//126 127//127 101//101
f 146//145 117//116 127//127
f 128//128 117//116 147//146
f 128//128 129//129 103//103
f 129//129 130//130 104//104
f 130//130 131//131 105//105
f 131//131 132//132 118//117
f 106//106 132//132 148//147
f 134//133 107//118 133//148
f 134//133 135//134 108//107
f 135//134 136//135 109//108
f 136//135 137//136 110//109
f 149//149 119//119 138//137
f 120//120 137//136 150//150
f 150//150 138//137 120//120
f 121//121 139//138 141//140
f 112//111 140//139 139//138
f 113//112 142//141 140//139
f 114//113 143//142 142//141
f 119//119 149//149 143//142
f 151//151 122//122 141//140
f 123//123 122//122 152//152
f 123//123 153//153 144//143
f 144//143 154//154 124//124
f 124//124 155//155 125//125
f 155//155 145//144 125//125
f 126//126 145//144 156//156
f 127//127 126//126 157//157
f 117//116 146//145 147//146
f 127//127 158//158 146//145
f 159//159 128//128 147//146
f 129//129 128//128 160//160
f 130//130 129//129 161//161
f 131//131 130//130 162//162
f 132//132 131//131 163//163
f 164//164 148//147 132//132
f 165//165 134//133 133//148
f 135//134 134//133 166//166
f 136//135 135//134 167//167
f 137//136 136//135 168//168
f 138//137 169//169 149//149
f 168//168 150//150 137//136
f 138//137 150//150 170//170
f 171//171 141//140 139//138
f 172//172 139//138 140//139
f 173//173 140//139 142//141
f 174//174 142//141 143//142
f 175//175 143//142 149//149
f 122//122 151//151 152//152
f 141//140 171//171 151//151
f 123//123 152//152 153//153
f 153//153 176//176 144//143
f 154//154 144//143 176//176
f 155//155 124//124 154//154
f 145//144 155//155 177//177
f 177//177 156//156 145//144
f 126//126 156//156 157//157
f 158//158 127//127 157//157
f 178//178 147//146 146//145
f 179//179 146//145 158//158
f 128//128 159//159 160//160
f 147//146 178//178 159//159
f 180//180 129//129 160//160
f 129//129 180//180 161//161
f 161//161 162//162 130//130
f 162//162 163//163 131//131
f 163//163 164//164 132//132
f 148//147 164//164 181//181
f 134//133 165//165 182//182
f 134//133 183//183 166//166
f 166//166 167//167 135//134
f 167//167 168//168 136//135
f 169//169 138//137 170//170
f 184//184 149//149 169//169
f 150//150 168//168 185//185
f 185//185 170//170 150//150
f 139//138 172//172 171//171
f 140//139 173//173 172//172
f 142//141 174//174 173//173
f 143//142 175//175 174//174
f 149//149 184//184 175//175
f 151//151 186//186 152//152
f 171//171 187//187 151//151
f 152//152 186//186 153//153
f 176//176 153//153 188//188
f 176//176 189//189 154//154
f 154//154 190//190 155//155
f 190//190 177//177 155//155
f 156//156 177//177 191//191
f 157//157 156//156 192//192
f 158//158 157//157 192//192
f 146//145 179//179 178//178
f 179//179 158//158 193//193
f 194//194 160//160 159//159
f 195//195 159//159 178//178
f 160//160 194//194 180//180
f 196//196 161//161 180//180
f 162//162 161//161 197//197
f 163//163 162//162 198//198
f 164//164 163//163 199//199
f 200//200 181//181 164//164
f 201//201 182//182 165//165
f 183//183 134//133 182//182
f 202//202 166//166 183//183
f 167//167 166//166 203//203
f 168//168 167//167 204//204
f 205//205 169//169 170//170
f 206//206 184//184 169//169
f 204//204 185//185 168//168
f 170//170 185//185 205//205
f 172//172 207//207 171//171
f 173//173 208//208 172//172
f 174//174 209//209 173//173
f 175//175 210//210 174//174
f 184//184 211//211 175//175
f 151//151 187//187 186//186
f 171//171 207//207 187//187
f 212//212 153//153 186//186
f 153//153 212//212 188//188
f 188//188 213//213 176//176
f 189//189 176//176 213//213
f 190//190 154//154 189//189
f 177//177 190//190 214//214
f 214//214 191//191 177//177
f 191//191 192//192 156//156
f 158//158 192//192 193//193
f 215//215 178//178 179//179
f 179//179 193//193 216//216
f 159//159 195//195 194//194
f 178//178 215//215 195//195
f 217//217 180//180 194//194
f 161//161 196//196 197//197
f 180//180 217//217 196//196
f 197//197 198//198 162//162
f 198//198 199//199 163//163
f 199//199 200//200 164//164
f 181//181 200//200 218//218
f 182//182 201//201 219//219
f 182//182 220//220 183//183
f 166//166 202//202 203//203
f 183//183 221//221 202//202
f 203//203 204//204 167//167
f 169//169 205//205 206//206
f 184//184 206//206 222//222
f 185//185 204//204 223//223
f 223//223 205//205 185//185
f 208//208 207//207 172//172
f 173//173 209//209 208//208
f 174//174 210//210 209//209
f 175//175 211//211 210//210
f 184//184 224//224 211//211
f 225//225 186//186 187//187
f 226//226 187//187 207//207
f 186//186 225//225 212//212
f 227//227 188//188 212//212
f 213//213 188//188 228//228
f 213//213 229//229 189//189
f 189//189 230//230 190//190
f 230//230 214//214 190//190
f 191//191 214//214 231//231
f 192//192 191//191 232//232
f 192//192 233//233 193//193
f 215//215 179//179 216//216
f 193//193 234//234 216//216
f 235//235 194//194 195//195
f 236//236 195//195 215//215
f 194//194 235//235 217//217
f 237//237 197//197 196//196
f 238//238 196//196 217//217
f 198//198 197//197 239//239
f 199//199 198//198 240//240
f 200//200 199//199 241//241
f 219//219 218//218 200//200
f 218//218 219//219 201//201
f 220//220 182//182 219//219
f 221//221 183//183 220//220
f 242//242 203//203 202//202
f 243//243 202//202 221//221
f 204//204 203//203 244//244
f 245//245 206//206 205//205
f 246//246 222//222 206//206
f 184//184 222//222 224//224
f 244//244 223//223 204//204
f 205//205 223//223 245//245
f 247//247 207//207 208//208
f 248//248 208//208 209//209
f 249//249 209//209 210//210
f 250//250 210//210 211//211
f 224//224 250//250 211//211
f 187//187 226//226 225//225
f 207//207 247//247 226//226
f 251//251 212//212 225//225
f 188//188 227//227 228//228
f 212//212 251//251 227//227
f 228//228 252//252 213//213
f 229//229 213//213 252//252
f 230//230 189//189 229//229
f 214//214 230//230 253//253
f 253//253 231//231 214//214
f 231//231 232//232 191//191
f 233//233 192//192 232//232
f 234//234 193//193 233//233
f 215//215 216//216 254//254
f 255//255 216//216 234//234
f 195//195 236//236 235//235
f 236//236 215//215 254//254
f 256//256 217//217 235//235
f 197//197 237//237 239//239
f 196//196 238//238 237//237
f 217//217 256//256 238//238
f 239//239 240//240 198//198
f 240//240 241//241 199//199
f 241//241 219//219 200//200
f 219//219 241//241 220//220
f 220//220 257//257 221//221
f 203//203 242//242 244//244
f 202//202 243//243 242//242
f 221//221 258//258 243//243
f 206//206 245//245 246//246
f 222//222 246//246 259//259
f 222//222 260//260 224//224
f 223//223 244//244 261//261
f 223//223 262//262 245//245
f 208//208 248//248 247//247
f 209//209 249//249 248//248
f 210//210 250//250 249//249
f 250//250 224//224 263//263
f 264//264 225//225 226//226
f 265//265 226//226 247//247
f 225//225 264//264 251//251
f 266//266 228//228 227//227
f 267//267 227//227 251//251
f 252//252 228//228 268//268
f 269//269 229//229 252//252
f 270//270 230//230 229//229
f 230//230 271//271 253//253
f 231//231 253//253 272//272
f 232//232 231//231 273//273
f 232//232 274//274 233//233
f 233//233 275//275 234//234
f 216//216 255//255 254//254
f 234//234 276//276 255//255
f 277//277 235//235 236//236
f 254//254 278//278 236//236
f 235//235 277//277 256//256
f 237//237 279//279 239//239
f 280//280 237//237 238//238
f 281//281 238//238 256//256
f 240//240 239//239 279//279
f 241//241 240//240 257//257
f 257//257 220//220 241//241
f 258//258 221//221 257//257
f 282//282 244//244 242//242
f 283//283 242//242 243//243
f 284//284 243//243 258//258
f 245//245 285//285 246//246
f 285//285 259//259 246//246
f 222//222 259//259 260//260
f 260//260 263//263 224//224
f 244//244 282//282 261//261
f 262//262 223//223 261//261
f 285//285 245//245 262//262
f 286//286 247//247 248//248
f 287//287 248//248 249//249
f 288//288 249//249 250//250
f 263//263 288//288 250//250
f 289//289 264//264 226//226
f 289//289 226//226 265//265
f 247//247 286//286 265//265
f 290//290 251//251 264//264
f 228//228 266//266 268//268
f 227//227 267//267 266//266
f 251//251 290//290 267//267
f 291//291 252//252 268//268
f 229//229 269//269 270//270
f 252//252 291//291 269//269
f 230//230 270//270 292//292
f 271//271 230//230 292//292
f 293//293 253//253 271//271
f 253//253 293//293 272//272
f 272//272 273//273 231//231
f 274//274 232//232 273//273
f 275//275 233//233 274//274
f 276//276 234//234 275//275
f 294//294 254//254 255//255
f 276//276 295//295 255//255
f 277//277 236//236 278//278
f 254//254 294//294 278//278
f 296//296 256//256 277//277
f 279//279 237//237 297//297
f 237//237 280//280 297//297
f 238//238 281//281 280//280
f 256//256 296//296 281//281
f 279//279 257//257 240//240
f 257//257 279//279 258//258
f 242//242 283//283 282//282
f 243//243 284//284 283//283
f 258//258 297//297 284//284
f 259//259 285//285 298//298
f 259//259 299//299 260//260
f 263//263 260//260 300//300
f 301//301 261//261 282//282
f 261//261 301//301 262//262
f 262//262 302//302 285//285
f 248//248 287//287 286//286
f 249//249 288//288 287//287
f 288//288 263//263 303//303
f 264//264 289//289 290//290
f 265//265 304//304 289//289
f 304//304 265//265 286//286
f 266//266 291//291 268//268
f 267//267 305//305 266//266
f 290//290 306//306 267//267
f 307//307 270//270 269//269
f 308//308 269//269 291//291
f 309//309 292//292 270//270
f 292//292 310//310 271//271
f 271//271 311//311 293//293
f 312//312 272//272 293//293
f 273//273 272//272 313//313
f 273//273 314//314 274//274
f 274//274 315//315 275//275
f 275//275 316//316 276//276
f 255//255 317//317 294//294
f 295//295 276//276 316//316
f 255//255 295//295 317//317
f 277//277 278//278 318//318
f 319//319 278//278 294//294
f 296//296 277//277 318//318
f 297//297 258//258 279//279
f 280//280 284//284 297//297
f 320//320 280//280 281//281
f 321//321 281//281 296//296
f 322//322 282//282 283//283
f 323//323 283//283 284//284
f 285//285 324//324 298//298
f 259//259 298//298 299//299
f 299//299 300//300 260//260
f 300//300 303//303 263//263
f 282//282 322//322 301//301
f 302//302 262//262 301//301
f 324//324 285//285 302//302
f 325//325 286//286 287//287
f 326//326 287//287 288//288
f 303//303 326//326 288//288
f 289//289 327//327 290//290
f 304//304 328//328 289//289
f 286//286 325//325 304//304
f 291//291 266//266 305//305
f 305//305 267//267 306//306
f 306//306 290//290 327//327
f 270//270 307//307 309//309
f 269//269 308//308 307//307
f 305//305 308//308 291//291
f 292//292 309//309 329//329
f 310//310 292//292 329//329
f 311//311 271//271 310//310
f 330//330 293//293 311//311
f 272//272 312//312 313//313
f 293//293 330//330 312//312
f 314//314 273//273 313//313
f 315//315 274//274 314//314
f 316//316 275//275 315//315
f 331//331 294//294 317//317
f 332//332 295//295 316//316
f 333//333 317//317 295//295
f 278//278 319//319 318//318
f 294//294 331//331 319//319
f 296//296 318//318 334//334
f 284//284 280//280 323//323
f 280//280 320//320 323//323
f 281//281 321//321 320//320
f 321//321 296//296 334//334
f 283//283 323//323 322//322
f 324//324 335//335 298//298
f 298//298 335//335 299//299
f 300//300 299//299 336//336
f 303//303 300//300 337//337
f 338//338 301//301 322//322
f 301//301 338//338 302//302
f 302//302 339//339 324//324
f 287//287 326//326 325//325
f 326//326 303//303 340//340
f 327//327 289//289 341//341
f 328//328 304//304 342//342
f 341//341 289//289 328//328
f 325//325 342//342 304//304
f 306//306 343//343 305//305
f 327//327 344//344 306//306
f 345//345 309//309 307//307
f 346//346 307//307 308//308
f 308//308 305//305 343//343
f 347//347 329//329 309//309
f 329//329 348//348 310//310
f 310//310 349//349 311//311
f 311//311 350//350 330//330
f 312//312 314//314 313//313
f 330//330 351//351 312//312
f 351//351 315//315 314//314
f 352//352 316//316 315//315
f 317//317 333//333 331//331
f 295//295 332//332 353//353
f 316//316 352//352 332//332
f 354//354 333//333 295//295
f 355//355 318//318 319//319
f 356//356 319//319 331//331
f 318//318 355//355 334//334
f 320//320 322//322 323//323
f 321//321 338//338 320//320
f 321//321 334//334 357//357
f 324//324 358//358 335//335
f 359//359 299//299 335//335
f 299//299 359//359 336//336
f 336//336 337//337 300//300
f 337//337 340//340 303//303
f 322//322 320//320 338//338
f 339//339 302//302 338//338
f 339//339 358//358 324//324
f 326//326 360//360 325//325
f 361//361 326//326 340//340
f 344//344 327//327 341//341
f 342//342 362//362 328//328
f 341//341 328//328 362//362
f 342//342 325//325 360//360
f 343//343 306//306 344//344
f 309//309 345//345 347//347
f 307//307 346//346 345//345
f 343//343 346//346 308//308
f 329//329 347//347 363//363
f 348//348 329//329 363//363
f 349//349 310//310 348//348
f 350//350 311//311 349//349
f 350//350 364//364 330//330
f 314//314 312//312 351//351
f 351//351 330//330 364//364
f 315//315 351//351 352//352
f 365//365 331//331 333//333
f 332//332 366//366 353//353
f 295//295 353//353 354//354
f 366//366 332//332 352//352
f 333//333 354//354 367//367
f 319//319 356//356 355//355
f 331//331 365//365 356//356
f 368//368 334//334 355//355
f 338//338 321//321 339//339
f 334//334 368//368 357//357
f 321//321 357//357 339//339
f 369//369 335//335 358//358
f 335//335 369//369 359//359
f 370//370 336//336 359//359
f 337//337 336//336 371//371
f 340//340 337//337 372//372
f 339//339 357//357 358//358
f 360//360 326//326 373//373
f 326//326 361//361 373//373
f 340//340 374//374 361//361
f 341//341 375//375 344//344
f 362//362 342//342 376//376
f 362//362 377//377 341//341
f 360//360 376//376 342//342
f 344//344 378//378 343//343
f 379//379 347//347 345//345
f 380//380 345//345 346//346
f 346//346 343//343 378//378
f 381//381 363//363 347//347
f 363//363 382//382 348//348
f 348//348 383//383 349//349
f 349//349 384//384 350//350
f 364//364 350//350 385//385
f 364//364 352//352 351//351
f 367//367 365//365 333//333
f 386//386 353//353 366//366
f 354//354 353//353 387//387
f 352//352 364//364 366//366
f 387//387 367//367 354//354
f 388//388 355//355 356//356
f 389//389 356//356 365//365
f 355//355 388//388 368//368
f 368//368 358//358 357//357
f 358//358 368//368 369//369
f 390//390 359//359 369//369
f 336//336 370//370 371//371
f 359//359 390//390 370//370
f 371//371 372//372 337//337
f 374//374 340//340 372//372
f 373//373 391//391 360//360
f 392//392 373//373 361//361
f 393//393 361//361 374//374
f 375//375 341//341 377//377
f 378//378 344//344 375//375
f 376//376 394//394 362//362
f 377//377 362//362 394//394
f 376//376 360//360 391//391
f 347//347 379//379 381//381
f 345//345 380//380 379//379
f 378//378 380//380 346//346
f 363//363 381//381 395//395
f 382//382 363//363 395//395
f 383//383 348//348 382//382
f 384//384 349//349 383//383
f 384//384 385//385 350//350
f 385//385 366//366 364//364
f 365//365 367//367 396//396
f 353//353 386//386 397//397
f 366//366 385//385 386//386
f 397//397 387//387 353//353
f 367//367 387//387 398//398
f 356//356 389//389 388//388
f 396//396 389//389 365//365
f 388//388 369//369 368//368
f 369//369 388//388 390//390
f 399//399 371//371 370//370
f 400//400 370//370 390//390
f 372//372 371//371 401//401
f 372//372 402//402 374//374
f 391//391 373//373 403//403
f 373//373 392//392 403//403
f 361//361 393//393 392//392
f 374//374 404//404 393//393
f 377//377 405//405 375//375
f 375//375 406//406 378//378
f 394//394 376//376 407//407
f 377//377 394//394 408//408
f 391//391 407//407 376//376
f 379//379 409//409 381//381
f 380//380 410//410 379//379
f 380//380 378//378 406//406
f 381//381 411//411 395//395
f 411//411 382//382 395//395
f 412//412 383//383 382//382
f 383//383 413//413 384//384
f 385//385 384//384 414//414
f 398//398 396//396 367//367
f 415//415 397//397 386//386
f 414//414 386//386 385//385
f 387//387 397//397 416//416
f 416//416 398//398 387//387
f 389//389 390//390 388//388
f 389//389 396//396 417//417
f 371//371 399//399 401//401
f 370//370 400//400 399//399
f 390//390 389//389 400//400
f 402//402 372//372 401//401
f 404//404 374//374 402//402
f 403//403 418//418 391//391
f 419//419 403//403 392//392
f 420//420 392//392 393//393
f 421//421 393//393 404//404
f 405//405 377//377 408//408
f 406//406 375//375 405//405
f 407//407 422//422 394//394
f 408//408 394//394 422//422
f 407//407 391//391 418//418
f 409//409 379//379 410//410
f 411//411 381//381 409//409
f 410//410 380//380 423//423
f 406//406 423//423 380//380
f 382//382 411//411 412//412
f 383//383 412//412 424//424
f 413//413 383//383 424//424
f 413//413 414//414 384//384
f 396//396 398//398 425//425
f 397//397 415//415 426//426
f 386//386 414//414 415//415
f 416//416 397//397 426//426
f 398//398 416//416 427//427
f 425//425 417//417 396//396
f 428//428 389//389 417//417
f 399//399 402//402 401//401
f 400//400 429//429 399//399
f 389//389 428//428 400//400
f 429//429 404//404 402//402
f 418//418 403//403 430//430
f 403//403 419//419 430//430
f 392//392 420//420 419//419
f 393//393 421//421 420//420
f 431//431 421//421 404//404
f 408//408 432//432 405//405
f 405//405 433//433 406//406
f 422//422 407//407 434//434
f 422//422 435//435 408//408
f 418//418 434//434 407//407
f 410//410 436//436 409//409
f 409//409 437//437 411//411
f 423//423 438//438 410//410
f 423//423 406//406 433//433
f 411//411 439//439 412//412
f 412//412 440//440 424//424
f 424//424 441//441 413//413
f 414//414 413//413 442//442
f 427//427 425//425 398//398
f 443//443 426//426 415//415
f 442//442 415//415 414//414
f 416//416 426//426 444//444
f 444//444 427//427 416//416
f 417//417 425//425 445//445
f 417//417 446//446 428//428
f 402//402 399//399 429//429
f 429//429 400//400 428//428
f 404//404 429//429 431//431
f 430//430 447//447 418//418
f 448//448 430//430 419//419
f 449//449 419//419 420//420
f 450//450 420//420 421//421
f 421//421 431//431 451//451
f 432//432 408//408 435//435
f 433//433 405//405 432//432
f 434//434 452//452 422//422
f 435//435 422//422 452//452
f 434//434 418//418 447//447
f 436//436 410//410 438//438
f 437//437 409//409 436//436
f 439//439 411//411 437//437
f 438//438 423//423 453//453
f 433//433 453//453 423//423
f 440//440 412//412 439//439
f 441//441 424//424 440//440
f 441//441 442//442 413//413
f 425//425 427//427 454//454
f 426//426 443//443 455//455
f 415//415 442//442 443//443
f 455//455 444//444 426//426
f 427//427 444//444 456//456
f 454//454 445//445 425//425
f 446//446 417//417 445//445
f 431//431 428//428 446//446
f 428//428 431//431 429//429
f 447//447 430//430 457//457
f 430//430 448//448 457//457
f 419//419 449//449 448//448
f 420//420 450//450 449//449
f 451//451 450//450 421//421
f 446//446 451//451 431//431
f 435//435 458//458 432//432
f 432//432 459//459 433//433
f 452//452 434//434 460//460
f 435//435 452//452 461//461
f 447//447 460//460 434//434
f 438//438 462//462 436//436
f 436//436 463//463 437//437
f 437//437 464//464 439//439
f 453//453 465//465 438//438
f 453//453 433//433 459//459
f 439//439 466//466 440//440
f 440//440 467//467 441//441
f 442//442 441//441 468//468
f 456//456 454//454 427//427
f 469//469 455//455 443//443
f 468//468 443//443 442//442
f 444//444 455//455 470//470
f 470//470 456//456 444//444
f 445//445 454//454 471//471
f 445//445 472//472 446//446
f 457//457 473//473 447//447
f 448//448 474//474 457//457
f 449//449 475//475 448//448
f 450//450 476//476 449//449
f 450//450 451//451 477//477
f 451//451 446//446 472//472
f 458//458 435//435 461//461
f 459//459 432//432 458//458
f 460//460 478//478 452//452
f 461//461 452//452 478//478
f 460//460 447//447 473//473
f 462//462 438//438 465//465
f 463//463 436//436 462//462
f 464//464 437//437 463//463
f 466//466 439//439 464//464
f 465//465 453//453 479//479
f 459//459 479//479 453//453
f 467//467 440//440 466//466
f 467//467 468//468 441//441
f 454//454 456//456 480//480
f 455//455 469//469 481//481
f 443//443 468//468 469//469
f 470//470 455//455 481//481
f 456//456 470//470 482//482
f 480//480 471//471 454//454
f 472//472 445//445 471//471
f 473//473 457//457 474//474
f 474//474 448//448 475//475
f 475//475 449//449 476//476
f 476//476 450//450 483//483
f 472//472 477//477 451//451
f 477//477 483//483 450//450
f 461//461 484//484 458//458
f 458//458 485//485 459//459
f 478//478 460//460 486//486
f 478//478 487//487 461//461
f 473//473 486//486 460//460
f 465//465 488//488 462//462
f 462//462 489//489 463//463
f 463//463 490//490 464//464
f 464//464 491//491 466//466
f 479//479 492//492 465//465
f 479//479 459//459 485//485
f 466//466 493//493 467//467
f 468//468 467//467 494//494
f 482//482 480//480 456//456
f 495//495 481//481 469//469
f 494//494 469//469 468//468
f 470//470 481//481 496//496
f 496//496 482//482 470//470
f 471//471 480//480 497//497
f 471//471 498//498 472//472
f 474//474 499//499 473//473
f 475//475 500//500 474//474
f 476//476 501//501 475//475
f 483//483 502//502 476//476
f 477//477 472//472 498//498
f 483//483 477//477 503//503
f 484//484 461//461 487//487
f 485//485 458//458 484//484
f 486//486 504//504 478//478
f 487//487 478//478 504//504
f 486//486 473//473 499//499
f 488//488 465//465 492//492
f 489//489 462//462 488//488
f 490//490 463//463 489//489
f 491//491 464//464 490//490
f 493//493 466//466 491//491
f 492//492 479//479 505//505
f 485//485 505//505 479//479
f 493//493 494//494 467//467
f 480//480 482//482 506//506
f 481//481 495//495 507//507
f 469//469 494//494 495//495
f 507//507 496//496 481//481
f 482//482 496//496 508//508
f 506//506 497//497 480//480
f 498//498 471//471 497//497
f 499//499 474//474 500//500
f 500//500 475//475 501//501
f 501//501 476//476 502//502
f 502//502 483//483 509//509
f 498//498 503//503 477//477
f 503//503 509//509 483//483
f 487//487 510//510 484//484
f 484//484 511//511 485//485
f 504//504 486//486 512//512
f 487//487 504//504 513//513
f 499//499 512//512 486//486
f 492//492 514//514 488//488
f 488//488 515//515 489//489
f 489//489 516//516 490//490
f 490//490 517//517 491//491
f 491//491 518//518 493//493
f 505//505 519//519 492//492
f 505//505 485//485 511//511
f 494//494 493//493 520//520
f 508//508 506//506 482//482
f 521//521 507//507 495//495
f 520//520 495//495 494//494
f 496//496 507//507 522//522
f 522//522 508//508 496//496
f 497//497 506//506 523//523
f 497//497 524//524 498//498
f 500//500 525//525 499//499
f 501//501 526//526 500//500
f 502//502 527//527 501//501
f 509//509 528//528 502//502
f 503//503 498//498 524//524
f 509//509 503//503 529//529
f 510//510 487//487 513//513
f 511//511 484//484 510//510
f 512//512 530//530 504//504
f 513//513 504//504 530//530
f 512//512 499//499 525//525
f 514//514 492//492 519//519
f 515//515 488//488 514//514
f 516//516 489//489 515//515
f 517//517 490//490 516//516
f 518//518 491//491 517//517
f 518//518 520//520 493//493
f 519//519 505//505 531//531
f 511//511 531//531 505//505
f 506//506 508//508 532//532
f 507//507 521//521 533//533
f 495//495 520//520 521//521
f 522//522 507//507 533//533
f 508//508 522//522 534//534
f 532//532 523//523 506//506
f 524//524 497//497 523//523
f 525//525 500//500 526//526
f 526//526 501//501 527//527
f 527//527 502//502 528//528
f 528//528 509//509 535//535
f 524//524 529//529 503//503
f 529//529 535//535 509//509
f 513//513 536//536 510//510
f 510//510 537//537 511//511
f 530//530 512//512 538//538
f 530//530 539//539 513//513
f 525//525 538//538 512//512
f 519//519 540//540 514//514
f 514//514 541//541 515//515
f 515//515 542//542 516//516
f 516//516 543//543 517//517
f 517//517 544//544 518//518
f 520//520 518//518 545//545
f 531//531 546//546 519//519
f 531//531 511//511 537//537
f 534//534 532//532 508//508
f 547//547 533//533 521//521
f 545//545 521//521 520//520
f 522//522 533//533 548//548
f 548//548 534//534 522//522
f 523//523 532//532 549//549
f 523//523 550//550 524//524
f 526//526 551//551 525//525
f 527//527 552//552 526//526
f 528//528 553//553 527//527
f 535//535 554//554 528//528
f 529//529 524//524 550//550
f 535//535 529//529 555//555
f 536//536 513//513 539//539
f 537//537 510//510 536//536
f 538//538 556//556 530//530
f 539//539 530//530 556//556
f 538//538 525//525 551//551
f 540//540 519//519 546//546
f 541//541 514//514 540//540
f 542//542 515//515 541//541
f 543//543 516//516 542//542
f 544//544 517//517 543//543
f 557//557 518//518 544//544
f 518//518 557//557 545//545
f 546//546 531//531 558//558
f 559//559 531//531 537//537
f 532//532 534//534 560//560
f 533//533 547//547 561//561
f 521//521 545//545 547//547
f 561//561 548//548 533//533
f 534//534 548//548 562//562
f 560//560 549//549 532//532
f 550//550 523//523 549//549
f 551//551 526//526 552//552
f 552//552 527//527 553//553
f 553//553 528//528 554//554
f 554//554 535//535 563//563
f 550//550 555//555 529//529
f 555//555 563//563 535//535
f 564//564 536//536 539//539
f 565//565 537//537 536//536
f 556//556 538//538 566//566
f 539//539 556//556 567//567
f 551//551 566//566 538//538
f 546//546 568//568 540//540
f 540//540 569//569 541//541
f 541//541 570//570 542//542
f 542//542 571//571 543//543
f 543//543 572//572 544//544
f 544//544 573//573 557//557
f 574//574 545//545 557//557
f 531//531 559//559 558//558
f 558//558 575//575 546//546
f 537//537 565//565 559//559
f 562//562 560//560 534//534
f 547//547 576//576 561//561
f 545//545 574//574 547//547
f 548//548 561//561 577//577
f 577//577 562//562 548//548
f 549//549 560//560 578//578
f 549//549 579//579 550//550
f 552//552 580//580 551//551
f 553//553 581//581 552//552
f 554//554 582//582 553//553
f 563//563 583//583 554//554
f 555//555 550//550 579//579
f 563//563 555//555 584//584
f 536//536 564//564 565//565
f 539//539 567//567 564//564
f 585//585 556//556 566//566
f 556//556 585//585 567//567
f 566//566 551//551 580//580
f 568//568 546//546 575//575
f 569//569 540//540 568//568
f 570//570 541//541 569//569
f 571//571 542//542 570//570
f 572//572 543//543 571//571
f 573//573 544//544 572//572
f 586//586 557//557 573//573
f 557//557 586//586 574//574
f 587//587 558//558 559//559
f 575//575 558//558 588//588
f 589//589 559//559 565//565
f 560//560 562//562 590//590
f 576//576 547//547 574//574
f 591//591 561//561 576//576
f 577//577 561//561 591//591
f 562//562 577//577 592//592
f 590//590 578//578 560//560
f 579//579 549//549 578//578
f 580//580 552//552 581//581
f 581//581 553//553 582//582
f 582//582 554//554 583//583
f 583//583 563//563 593//593
f 579//579 584//584 555//555
f 584//584 593//593 563//563
f 594//594 565//565 564//564
f 595//595 564//564 567//567
f 566//566 596//596 585//585
f 597//597 567//567 585//585
f 596//596 566//566 580//580
f 575//575 598//598 568//568
f 568//568 599//599 569//569
f 569//569 600//600 570//570
f 570//570 601//601 571//571
f 571//571 602//602 572//572
f 572//572 603//603 573//573
f 573//573 604//604 586//586
f 605//605 574//574 586//586
f 558//558 587//587 588//588
f 559//559 589//589 587//587
f 588//588 606//606 575//575
f 565//565 594//594 589//589
f 592//592 590//590 562//562
f 574//574 605//605 576//576
f 576//576 607//607 591//591
f 608//608 577//577 591//591
f 577//577 608//608 592//592
f 578//578 590//590 609//609
f 578//578 610//610 579//579
f 611//611 580//580 581//581
f 582//582 611//611 581//581
f 583//583 612//612 582//582
f 593//593 613//613 583//583
f 584//584 579//579 610//610
f 593//593 584//584 614//614
f 564//564 595//595 594//594
f 567//567 597//597 595//595
f 615//615 585//585 596//596
f 585//585 615//615 597//597
f 580//580 611//611 596//596
f 598//598 575//575 606//606
f 599//599 568//568 598//598
f 600//600 569//569 599//599
f 601//601 570//570 600//600
f 602//602 571//571 601//601
f 603//603 572//572 602//602
f 604//604 573//573 603//603
f 616//616 586//586 604//604
f 586//586 616//616 605//605
f 617//617 588//588 587//587
f 618//618 587//587 589//589
f 606//606 588//588 619//619
f 620//620 589//589 594//594
f 590//590 592//592 621//621
f 607//607 576//576 605//605
f 622//622 591//591 607//607
f 591//591 622//622 608//608
f 623//623 592//592 608//608
f 621//621 609//609 590//590
f 610//610 578//578 609//609
f 611//611 582//582 612//612
f 612//612 583//583 613//613
f 613//613 593//593 624//624
f 610//610 614//614 584//584
f 614//614 624//624 593//593
f 594//594 595//595 625//625
f 626//626 595//595 597//597
f 596//596 627//627 615//615
f 628//628 597//597 615//615
f 627//627 596//596 611//611
f 629//629 598//598 606//606
f 630//630 599//599 598//598
f 631//631 600//600 599//599
f 632//632 601//601 600//600
f 633//633 602//602 601//601
f 634//634 603//603 602//602
f 635//635 604//604 603//603
f 636//636 616//616 604//604
f 637//637 605//605 616//616
f 588//588 617//617 619//619
f 587//587 618//618 617//617
f 589//589 620//620 618//618
f 638//638 606//606 619//619
f 594//594 625//625 620//620
f 592//592 623//623 621//621
f 607//607 605//605 637//637
f 607//607 639//639 622//622
f 640//640 608//608 622//622
f 608//608 640//640 623//623
f 609//609 621//621 641//641
f 609//609 642//642 610//610
f 612//612 627//627 611//611
f 613//613 643//643 612//612
f 624//624 644//644 613//613
f 614//614 610//610 642//642
f 624//624 614//614 645//645
f 595//595 626//626 625//625
f 597//597 628//628 626//626
f 646//646 615//615 627//627
f 615//615 646//646 628//628
f 629//629 630//630 598//598
f 638//638 629//629 606//606
f 630//630 631//631 599//599
f 632//632 600//600 631//631
f 633//633 601//601 632//632
f 634//634 602//602 633//633
f 634//634 635//635 603//603
f 635//635 636//636 604//604
f 636//636 647//647 616//616
f 647//647 637//637 616//616
f 648//648 619//619 617//617
f 649//649 617//617 618//618
f 650//650 618//618 620//620
f 638//638 619//619 648//648
f 651//651 620//620 625//625
f 652//652 621//621 623//623
f 639//639 607//607 637//637
f 653//653 622//622 639//639
f 622//622 653//653 640//640
f 654//654 623//623 640//640
f 621//621 652//652 641//641
f 642//642 609//609 641//641
f 627//627 612//612 643//643
f 643//643 613//613 644//644
f 644//644 624//624 655//655
f 642//642 645//645 614//614
f 645//645 655//655 624//624
f 656//656 625//625 626//626
f 657//657 626//626 628//628
f 643//643 646//646 627//627
f 658//658 628//628 646//646
f 629//629 659//659 630//630
f 638//638 660//660 629//629
f 630//630 661//661 631//631
f 661//661 632//632 631//631
f 662//662 633//633 632//632
f 663//663 634//634 633//633
f 634//634 664//664 635//635
f 635//635 665//665 636//636
f 636//636 666//666 647//647
f 647//647 667//667 637//637
f 648//648 617//617 649//649
f 649//649 618//618 650//650
f 650//650 620//620 651//651
f 668//668 638//638 648//648
f 651//651 625//625 656//656
f 623//623 654//654 652//652
f 667//667 639//639 637//637
f 669//669 653//653 639//639
f 670//670 640//640 653//653
f 640//640 670//670 654//654
f 671//671 641//641 652//652
f 641//641 671//671 642//642
f 644//644 672//672 643//643
f 655//655 673//673 644//644
f 645//645 642//642 671//671
f 655//655 645//645 674//674
f 656//656 626//626 657//657
f 657//657 628//628 658//658
f 646//646 643//643 672//672
f 675//675 658//658 646//646
f 659//659 629//629 660//660
f 661//661 630//630 659//659
f 660//660 638//638 676//676
f 632//632 661//661 662//662
f 633//633 662//662 663//663
f 634//634 663//663 677//677
f 664//664 634//634 677//677
f 665//665 635//635 664//664
f 666//666 636//636 665//665
f 678//678 647//647 666//666
f 647//647 678//678 667//667
f 679//679 648//648 649//649
f 680//680 649//649 650//650
f 681//681 650//650 651//651
f 638//638 668//668 676//676
f 648//648 679//679 668//668
f 682//682 651//651 656//656
f 683//683 652//652 654//654
f 667//667 669//669 639//639
f 669//669 684//684 653//653
f 684//684 670//670 653//653
f 685//685 654//654 670//670
f 652//652 683//683 671//671
f 672//672 644//644 673//673
f 673//673 655//655 686//686
f 671//671 674//674 645//645
f 674//674 686//686 655//655
f 687//687 656//656 657//657
f 688//688 657//657 658//658
f 675//675 646//646 672//672
f 675//675 688//688 658//658
f 660//660 689//689 659//659
f 689//689 661//661 659//659
f 676//676 690//690 660//660
f 691//691 662//662 661//661
f 692//692 663//663 662//662
f 693//693 677//677 663//663
f 677//677 694//694 664//664
f 664//664 695//695 665//665
f 665//665 696//696 666//666
f 666//666 697//697 678//678
f 698//698 667//667 678//678
f 649//649 680//680 679//679
f 650//650 681//681 680//680
f 651//651 682//682 681//681
f 699//699 676//676 668//668
f 700//700 668//668 679//679
f 656//656 687//687 682//682
f 654//654 685//685 683//683
f 667//667 698//698 669//669
f 669//669 701//701 684//684
f 684//684 702//702 670//670
f 702//702 685//685 670//670
f 674//674 671//671 683//683
f 703//703 672//672 673//673
f 704//704 673//673 686//686
f 686//686 674//674 705//705
f 657//657 688//688 687//687
f 703//703 675//675 672//672
f 688//688 675//675 706//706
f 689//689 660//660 690//690
f 661//661 689//689 691//691
f 690//690 676//676 707//707
f 662//662 691//691 692//692
f 663//663 692//692 693//693
f 677//677 693//693 708//708
f 694//694 677//677 708//708
f 695//695 664//664 694//694
f 696//696 665//665 695//695
f 697//697 666//666 696//696
f 709//709 678//678 697//697
f 678//678 709//709 698//698
f 710//710 679//679 680//680
f 711//711 680//680 681//681
f 712//712 681//681 682//682
f 676//676 699//699 707//707
f 668//668 700//700 699//699
f 679//679 710//710 700//700
f 713//713 682//682 687//687
f 705//705 683//683 685//685
f 701//701 669//669 698//698
f 714//714 684//684 701//701
f 684//684 714//714 702//702
f 715//715 685//685 702//702
f 683//683 705//705 674//674
f 704//704 703//703 673//673
f 704//704 686//686 716//716
f 716//716 686//686 705//705
f 717//717 687//687 688//688
f 703//703 706//706 675//675
f 706//706 717//717 688//688
f 690//690 718//718 689//689
f 718//718 691//691 689//689
f 707//707 719//719 690//690
f 720//720 692//692 691//691
f 721//721 693//693 692//692
f 722//722 708//708 693//693
f 723//723 694//694 708//708
f 694//694 724//724 695//695
f 695//695 725//725 696//696
f 696//696 726//726 697//697
f 697//697 727//727 709//709
f 728//728 698//698 709//709
f 680//680 711//711 710//710
f 681//681 712//712 711//711
f 682//682 713//713 712//712
f 699//699 729//729 707//707
f 730//730 699//699 700//700
f 731//731 700//700 710//710
f 687//687 717//717 713//713
f 715//715 705//705 685//685
f 698//698 728//728 701//701
f 701//701 732//732 714//714
f 714//714 715//715 702//702
f 704//704 733//733 703//703
f 734//734 704//704 716//716
f 716//716 705//705 715//715
f 706//706 703//703 733//733
f 717//717 706//706 735//735
f 718//718 690//690 719//719
f 691//691 718//718 720//720
f 719//719 707//707 729//729
f 692//692 720//720 721//721
f 693//693 721//721 722//722
f 708//708 722//722 723//723
f 694//694 723//723 736//736
f 724//724 694//694 736//736
f 725//725 695//695 724//724
f 726//726 696//696 725//725
f 727//727 697//697 726//726
f 737//737 709//709 727//727
f 709//709 737//737 728//728
f 738//738 710//710 711//711
f 739//739 711//711 712//712
f 740//740 712//712 713//713
f 729//729 699//699 741//741
f 699//699 730//730 741//741
f 700//700 731//731 730//730
f 710//710 738//738 731//731
f 717//717 740//740 713//713
f 732//732 701//701 728//728
f 732//732 742//742 714//714
f 715//715 714//714 742//742
f 733//733 704//704 743//743
f 704//704 734//734 743//743
f 716//716 742//742 734//734
f 742//742 716//716 715//715
f 733//733 735//735 706//706
f 735//735 744//744 717//717
f 719//719 745//745 718//718
f 718//718 746//746 720//720
f 729//729 747//747 719//719
f 746//746 721//721 720//720
f 748//748 722//722 721//721
f 749//749 723//723 722//722
f 750//750 736//736 723//723
f 751//751 724//724 736//736
f 724//724 752//752 725//725
f 725//725 753//753 726//726
f 726//726 754//754 727//727
f 754//754 737//737 727//727
f 737//737 732//732 728//728
f 711//711 739//739 738//738
f 712//712 740//740 739//739
f 741//741 755//755 729//729
f 730//730 756//756 741//741
f 757//757 730//730 731//731
f 758//758 731//731 738//738
f 740//740 717//717 744//744
f 742//742 732//732 759//759
f 743//743 760//760 733//733
f 734//734 761//761 743//743
f 759//759 734//734 742//742
f 735//735 733//733 760//760
f 744//744 735//735 762//762
f 745//745 719//719 747//747
f 746//746 718//718 745//745
f 747//747 729//729 755//755
f 721//721 746//746 748//748
f 722//722 748//748 749//749
f 723//723 749//749 750//750
f 736//736 750//750 751//751
f 724//724 751//751 763//763
f 752//752 724//724 763//763
f 753//753 725//725 752//752
f 754//754 726//726 753//753
f 737//737 754//754 764//764
f 732//732 737//737 765//765
f 766//766 738//738 739//739
f 740//740 766//766 739//739
f 755//755 741//741 756//756
f 756//756 730//730 767//767
f 730//730 757//757 767//767
f 731//731 758//758 757//757
f 738//738 766//766 758//758
f 744//744 768//768 740//740
f 765//765 759//759 732//732
f 760//760 743//743 761//761
f 761//761 734//734 769//769
f 734//734 759//759 769//769
f 760//760 762//762 735//735
f 762//762 770//770 744//744
f 747//747 771//771 745//745
f 745//745 772//772 746//746
f 755//755 773//773 747//747
f 772//772 748//748 746//746
f 774//774 749//749 748//748
f 775//775 750//750 749//749
f 776//776 751//751 750//750
f 777//777 763//763 751//751
f 778//778 752//752 763//763
f 752//752 779//779 753//753
f 779//779 754//754 753//753
f 780//780 764//764 754//754
f 764//764 765//765 737//737
f 766//766 740//740 768//768
f 756//756 781//781 755//755
f 767//767 782//782 756//756
f 757//757 783//783 767//767
f 784//784 757//757 758//758
f 766//766 784//784 758//758
f 768//768 744//744 770//770
f 759//759 765//765 785//785
f 761//761 786//786 760//760
f 769//769 787//787 761//761
f 785//785 769//769 759//759
f 762//762 760//760 786//786
f 770//770 762//762 788//788
f 771//771 747//747 773//773
f 772//772 745//745 771//771
f 773//773 755//755 781//781
f 748//748 772//772 774//774
f 749//749 774//774 775//775
f 750//750 775//775 776//776
f 751//751 776//776 777//777
f 763//763 777//777 778//778
f 752//752 778//778 789//789
f 779//779 752//752 789//789
f 754//754 779//779 780//780
f 764//764 780//780 790//790
f 765//765 764//764 791//791
f 768//768 792//792 766//766
f 781//781 756//756 782//782
f 782//782 767//767 783//783
f 783//783 757//757 793//793
f 757//757 784//784 793//793
f 784//784 766//766 792//792
f 770//770 794//794 768//768
f 791//791 785//785 765//765
f 786//786 761//761 787//787
f 787//787 769//769 795//795
f 769//769 785//785 795//795
f 786//786 788//788 762//762
f 788//788 796//796 770//770
f 773//773 797//797 771//771
f 771//771 798//798 772//772
f 781//781 799//799 773//773
f 798//798 774//774 772//772
f 800//800 775//775 774//774
f 801//801 776//776 775//775
f 802//802 777//777 776//776
f 803//803 778//778 777//777
f 804//804 789//789 778//778
f 789//789 805//805 779//779
f 805//805 780//780 779//779
f 806//806 790//790 780//780
f 790//790 791//791 764//764
f 792//792 768//768 794//794
f 782//782 807//807 781//781
f 783//783 808//808 782//782
f 793//793 809//809 783//783
f 810//810 793//793 784//784
f 792//792 810//810 784//784
f 794//794 770//770 796//796
f 785//785 791//791 811//811
f 787//787 812//812 786//786
f 813//813 787//787 795//795
f 811//811 795//795 785//785
f 788//788 786//786 812//812
f 796//796 788//788 814//814
f 797//797 773//773 799//799
f 798//798 771//771 797//797
f 799//799 781//781 807//807
f 774//774 798//798 800//800
f 775//775 800//800 801//801
f 776//776 801//801 802//802
f 777//777 802//802 803//803
f 778//778 803//803 804//804
f 789//789 804//804 815//815
f 805//805 789//789 815//815
f 780//780 805//805 806//806
f 790//790 806//806 816//816
f 791//791 790//790 817//817
f 794//794 818//818 792//792
f 807//807 782//782 808//808
f 808//808 783//783 809//809
f 809//809 793//793 819//819
f 793//793 810//810 819//819
f 810//810 792//792 818//818
f 796//796 820//820 794//794
f 817//817 811//811 791//791
f 812//812 787//787 821//821
f 787//787 813//813 821//821
f 795//795 811//811 813//813
f 812//812 814//814 788//788
f 814//814 822//822 796//796
f 799//799 823//823 797//797
f 797//797 824//824 798//798
f 807//807 825//825 799//799
f 824//824 800//800 798//798
f 826//826 801//801 800//800
f 827//827 802//802 801//801
f 828//828 803//803 802//802
f 829//829 804//804 803//803
f 830//830 815//815 804//804
f 815//815 831//831 805//805
f 831//831 806//806 805//805
f 832//832 816//816 806//806
f 816//816 817//817 790//790
f 818//818 794//794 820//820
f 808//808 833//833 807//807
f 809//809 834//834 808//808
f 819//819 835//835 809//809
f 836//836 819//819 810//810
f 818//818 836//836 810//810
f 820//820 796//796 822//822
f 811//811 817//817 837//837
f 821//821 838//838 812//812
f 839//839 821//821 813//813
f 837//837 813//813 811//811
f 814//814 812//812 838//838
f 822//822 814//814 840//840
f 823//823 799//799 825//825
f 824//824 797//797 823//823
f 825//825 807//807 833//833
f 800//800 824//824 826//826
f 801//801 826//826 827//827
f 802//802 827//827 828//828
f 803//803 828//828 829//829
f 804//804 829//829 830//830
f 815//815 830//830 841//841
f 831//831 815//815 841//841
f 806//806 831//831 832//832
f 816//816 832//832 842//842
f 817//817 816//816 843//843
f 820//820 844//844 818//818
f 833//833 808//808 834//834
f 834//834 809//809 835//835
f 835//835 819//819 845//845
f 819//819 836//836 845//845
f 836//836 818//818 844//844
f 822//822 846//846 820//820
f 843//843 837//837 817//817
f 838//838 821//821 847//847
f 821//821 839//839 847//847
f 813//813 837//837 839//839
f 838//838 840//840 814//814
f 840//840 848//848 822//822
f 849//849 823//823 825//825
f 850//850 824//824 823//823
f 851//851 825//825 833//833
f 824//824 852//852 826//826
f 826//826 853//853 827//827
f 827//827 854//854 828//828
f 828//828 855//855 829//829
f 829//829 856//856 830//830
f 830//830 857//857 841//841
f 857//857 831//831 841//841
f 858//858 832//832 831//831
f 859//859 842//842 832//832
f 842//842 843//843 816//816
f 844//844 820//820 846//846
f 860//860 833//833 834//834
f 861//861 834//834 835//835
f 862//862 835//835 845//845
f 836//836 862//862 845//845
f 844//844 863//863 836//836
f 846//846 822//822 848//848
f 837//837 843//843 864//864
f 847//847 865//865 838//838
f 866//866 847//847 839//839
f 864//864 839//839 837//837
f 840//840 838//838 865//865
f 848//848 840//840 867//867
f 823//823 849//849 850//850
f 825//825 851//851 849//849
f 824//824 850//850 868//868
f 833//833 860//860 851//851
f 852//852 824//824 868//868
f 853//853 826//826 852//852
f 854//854 827//827 853//853
f 855//855 828//828 854//854
f 856//856 829//829 855//855
f 857//857 830//830 856//856
f 831//831 857//857 858//858
f 832//832 858//858 859//859
f 842//842 859//859 869//869
f 843//843 842//842 870//870
f 871//871 844//844 846//846
f 834//834 861//861 860//860
f 835//835 862//862 861//861
f 862//862 836//836 863//863
f 863//863 844//844 872//872
f 873//873 846//846 848//848
f 870//870 864//864 843//843
f 865//865 847//847 874//874
f 847//847 866//866 874//874
f 839//839 864//864 866//866
f 865//865 867//867 840//840
f 867//867 873//873 848//848
f 869//869 870//870 842//842
f 844//844 871//871 872//872
f 846//846 873//873 871//871
f 864//864 870//870 879//875
f 874//874 880//876 865//865
f 881//877 874//874 866//866
f 879//875 866//866 864//864
f 867//867 865//865 880//876
f 873//873 867//867 882//878
f 870//870 869//869 875//879
f 875//879 879//875 870//870
f 880//876 874//874 884//880
f 874//874 881//877 884//880
f 866//866 879//875 881//877
f 880//876 882//878 867//867
f 879//875 875//879 876//881
f 881//877 876//881 877//882
f 884//880 877//882 878//883
f 880//876 878//883 883//884
f 878//883 880//876 884//880
f 877//882 884//880 881//877
f 876//881 881//877 879//875
f 882//878 880//876 883//884
usemtl material_1_0
f 3//885 2//886 1//887
f 4//888 1//887 2//886
f 3//885 5//889 2//886
f 1//887 6//890 3//885
f 4//888 7//891 1//887
f 4//892 2//892 8//892
f 9//893 2//886 5//889
f 3//885 10//894 5//889
f 10//894 3//885 6//890
f 1//887 11//895 6//890
f 11//895 1//887 7//891
f 7//892 4//892 12//892
f 8//892 2//892 13//892
f 12//892 4//892 8//892
f 2//892 9//892 13//892
f 9//893 5//889 14//896
f 15//897 5//889 10//894
f 6//890 16//898 10//894
f 17//899 6//890 11//895
f 7//891 18//900 11//895
f 19//892 7//892 12//892
f 13//901 20//902 8//903
f 8//903 21//904 12//905
f 14//892 13//892 9//892
f 22//906 14//896 5//889
f 5//889 15//897 22//906
f 10//894 23//907 15//897
f 23//907 10//894 16//898
f 6//890 17//899 16//898
f 11//895 24//908 17//899
f 24//908 11//895 18//900
f 18//892 7//892 19//892
f 19//909 12//905 25//910
f 21//904 8//903 20//902
f 20//902 13//901 22//906
f 26//911 12//905 21//904
f 14//896 22//906 13//901
f 27//912 22//906 15//897
f 28//913 15//897 23//907
f 16//898 29//914 23//907
f 30//915 16//898 17//899
f 31//916 17//899 24//908
f 18//900 32//917 24//908
f 33//892 18//892 19//892
f 26//911 25//910 12//905
f 25//910 34//918 19//909
f 20//902 35//919 21//904
f 22//906 27//912 20//902
f 21//904 36//920 26//911
f 15//897 28//913 27//912
f 23//907 37//921 28//913
f 37//921 23//907 29//914
f 16//898 30//915 29//914
f 17//899 31//916 30//915
f 24//908 38//922 31//916
f 38//922 24//908 32//917
f 32//892 18//892 33//892
f 33//923 19//909 34//918
f 26//911 39//924 25//910
f 25//910 40//925 34//918
f 36//920 21//904 35//919
f 35//919 20//902 27//912
f 39//924 26//911 36//920
f 41//926 27//912 28//913
f 42//927 28//913 37//921
f 29//914 43//928 37//921
f 44//929 29//914 30//915
f 45//930 30//915 31//916
f 46//931 31//916 38//922
f 32//917 47//932 38//922
f 48//892 32//892 33//892
f 34//918 49//933 33//923
f 40//925 25//910 39//924
f 50//934 34//918 40//925
f 35//919 51//935 36//920
f 27//912 41//926 35//919
f 36//920 52//936 39//924
f 28//913 42//927 41//926
f 37//921 53//937 42//927
f 53//937 37//921 43//928
f 29//914 44//929 43//928
f 30//915 45//930 44//929
f 31//916 46//931 45//930
f 38//922 54//938 46//931
f 54//938 38//922 47//932
f 47//892 32//892 48//892
f 48//939 33//923 49//933
f 34//918 50//934 49//933
f 39//924 55//940 40//925
f 40//925 56//941 50//934
f 52//936 36//920 51//935
f 51//935 35//919 41//926
f 55//940 39//924 52//936
f 57//942 41//926 42//927
f 58//943 42//927 53//937
f 43//928 59//944 53//937
f 60//945 43//928 44//929
f 61//946 44//929 45//930
f 62//947 45//930 46//931
f 63//948 46//931 54//938
f 47//932 64//949 54//938
f 65//892 47//892 48//892
f 49//933 66//950 48//939
f 67//951 49//933 50//934
f 56//941 40//925 55//940
f 68//952 50//934 56//941
f 51//935 69//953 52//936
f 41//926 57//942 51//935
f 52//936 70//954 55//940
f 42//927 58//943 57//942
f 53//937 71//955 58//943
f 71//955 53//937 59//944
f 59//944 43//928 72//956
f 60//945 72//956 43//928
f 44//929 61//946 60//945
f 45//930 62//947 61//946
f 46//931 63//948 62//947
f 54//938 73//957 63//948
f 73//957 54//938 64//949
f 64//892 47//892 65//892
f 65//958 48//939 66//950
f 49//933 67//951 66//950
f 50//934 68//952 67//951
f 55//940 74//959 56//941
f 56//941 75//960 68//952
f 70//954 52//936 69//953
f 69//953 51//935 57//942
f 74//959 55//940 70//954
f 76//961 57//942 58//943
f 77//962 58//943 71//955
f 59//944 78//963 71//955
f 72//956 79//964 59//944
f 60//945 80//965 72//956
f 80//965 60//945 61//946
f 81//966 61//946 62//947
f 82//967 62//947 63//948
f 83//968 63//948 73//957
f 64//949 84//969 73//957
f 85//892 64//892 65//892
f 66//950 86//970 65//958
f 87//971 66//950 67//951
f 88//972 67//951 68//952
f 75//960 56//941 74//959
f 89//973 68//952 75//960
f 69//953 90//974 70//954
f 57//942 76//961 69//953
f 74//959 70//954 91//975
f 58//943 77//962 76//961
f 71//955 92//976 77//962
f 92//976 71//955 78//963
f 78//963 59//944 79//964
f 72//956 93//977 79//964
f 93//977 72//956 80//965
f 61//946 81//966 80//965
f 62//947 82//967 81//966
f 63//948 83//968 82//967
f 73//957 94//978 83//968
f 94//978 73//957 84//969
f 84//892 64//892 85//892
f 85//979 65//958 86//970
f 66//950 87//971 86//970
f 67//951 88//972 87//971
f 68//952 89//973 88//972
f 75//960 74//959 95//980
f 89//973 75//960 96//981
f 97//982 70//954 90//974
f 90//974 69//953 76//961
f 97//982 91//975 70//954
f 91//975 95//980 74//959
f 98//983 76//961 77//962
f 99//984 77//962 92//976
f 78//963 100//985 92//976
f 78//963 79//964 100//985
f 101//986 79//964 93//977
f 80//965 102//987 93//977
f 102//987 80//965 81//966
f 103//988 81//966 82//967
f 104//989 82//967 83//968
f 105//990 83//968 94//978
f 84//969 106//991 94//978
f 107//892 84//892 85//892
f 86//970 108//992 85//979
f 109//993 86//970 87//971
f 110//994 87//971 88//972
f 111//995 88//972 89//973
f 95//980 96//981 75//960
f 89//973 96//981 111//995
f 97//982 90//974 112//996
f 76//961 98//983 90//974
f 91//975 97//982 113//997
f 95//980 91//975 114//998
f 77//962 99//984 98//983
f 92//976 115//999 99//984
f 115//999 92//976 100//985
f 116//1000 100//985 79//964
f 79//964 101//986 116//1000
f 93//977 117//1001 101//986
f 117//1001 93//977 102//987
f 81//966 103//988 102//987
f 82//967 104//989 103//988
f 83//968 105//990 104//989
f 94//978 118//1002 105//990
f 118//1002 94//978 106//991
f 106//892 84//892 107//892
f 107//1003 85//979 108//992
f 86//970 109//993 108//992
f 87//971 110//994 109//993
f 88//972 111//995 110//994
f 96//981 95//980 119//1004
f 120//1005 111//995 96//981
f 121//1006 112//996 90//974
f 112//996 113//997 97//982
f 121//1006 90//974 98//983
f 113//997 114//998 91//975
f 114//998 119//1004 95//980
f 122//1007 98//983 99//984
f 123//1008 99//984 115//999
f 124//1009 115//999 100//985
f 116//1000 125//1010 100//985
f 126//1011 116//1000 101//986
f 127//1012 101//986 117//1001
f 102//987 128//1013 117//1001
f 128//1013 102//987 103//988
f 129//1014 103//988 104//989
f 130//1015 104//989 105//990
f 131//1016 105//990 118//1002
f 118//1002 106//991 132//1017
f 133//892 106//892 107//892
f 108//992 134//1018 107//1003
f 135//1019 108//992 109//993
f 136//1020 109//993 110//994
f 137//1021 110//994 111//995
f 119//1004 138//1022 96//981
f 111//995 120//1005 137//1021
f 120//1005 96//981 138//1022
f 112//996 121//1006 139//1023
f 113//997 112//996 140//1024
f 121//1006 98//983 141//1025
f 114//998 113//997 142//1026
f 119//1004 114//998 143//1027
f 122//1007 141//1025 98//983
f 99//984 123//1008 122//1007
f 144//1028 123//1008 115//999
f 124//1009 144//1028 115//999
f 125//1010 124//1009 100//985
f 145//1029 125//1010 116//1000
f 126//1011 145//1029 116//1000
f 101//986 127//1012 126//1011
f 127//1012 117//1001 146//1030
f 147//1031 117//1001 128//1013
f 103//988 129//1014 128//1013
f 104//989 130//1015 129//1014
f 105//990 131//1016 130//1015
f 118//1002 132//1017 131//1016
f 148//1032 132//1017 106//991
f 148//892 106//892 133//892
f 133//1033 107//1003 134//1018
f 108//992 135//1019 134//1018
f 109//993 136//1020 135//1019
f 110//994 137//1021 136//1020
f 138//1022 119//1004 149//1034
f 150//1035 137//1021 120//1005
f 120//1005 138//1022 150//1035
f 141//1025 139//1023 121//1006
f 139//1023 140//1024 112//996
f 140//1024 142//1026 113//997
f 142//1026 143//1027 114//998
f 143//1027 149//1034 119//1004
f 141//1025 122//1007 151//1036
f 152//1037 122//1007 123//1008
f 144//1028 153//1038 123//1008
f 124//1009 154//1039 144//1028
f 125//1010 155//1040 124//1009
f 125//1010 145//1029 155//1040
f 156//1041 145//1029 126//1011
f 157//1042 126//1011 127//1012
f 147//1031 146//1030 117//1001
f 146//1030 158//1043 127//1012
f 147//1031 128//1013 159//1044
f 160//1045 128//1013 129//1014
f 161//1046 129//1014 130//1015
f 162//1047 130//1015 131//1016
f 163//1048 131//1016 132//1017
f 132//1017 148//1032 164//1049
f 165//892 148//892 133//892
f 133//1033 134//1018 165//1050
f 166//1051 134//1018 135//1019
f 167//1052 135//1019 136//1020
f 168//1053 136//1020 137//1021
f 149//1034 169//1054 138//1022
f 137//1021 150//1035 168//1053
f 170//1055 150//1035 138//1022
f 139//1023 141//1025 171//1056
f 140//1024 139//1023 172//1057
f 142//1026 140//1024 173//1058
f 143//1027 142//1026 174//1059
f 149//1034 143//1027 175//1060
f 152//1037 151//1036 122//1007
f 151//1036 171//1056 141//1025
f 153//1038 152//1037 123//1008
f 144//1028 176//1061 153//1038
f 176//1061 144//1028 154//1039
f 154//1039 124//1009 155//1040
f 177//1062 155//1040 145//1029
f 145//1029 156//1041 177//1062
f 157//1042 156//1041 126//1011
f 157//1042 127//1012 158//1043
f 146//1030 147//1031 178//1063
f 158//1043 146//1030 179//1064
f 160//1045 159//1044 128//1013
f 159//1044 178//1063 147//1031
f 160//1045 129//1014 180//1065
f 161//1046 180//1065 129//1014
f 130//1015 162//1047 161//1046
f 131//1016 163//1048 162//1047
f 132//1017 164//1049 163//1048
f 181//1066 164//1049 148//1032
f 181//892 148//892 165//892
f 182//1067 165//1050 134//1018
f 166//1051 183//1068 134//1018
f 135//1019 167//1052 166//1051
f 136//1020 168//1053 167//1052
f 170//1055 138//1022 169//1054
f 169//1054 149//1034 184//1069
f 185//1070 168//1053 150//1035
f 150//1035 170//1055 185//1070
f 171//1056 172//1057 139//1023
f 172//1057 173//1058 140//1024
f 173//1058 174//1059 142//1026
f 174//1059 175//1060 143//1027
f 175//1060 184//1069 149//1034
f 152//1037 186//1071 151//1036
f 151//1036 187//1072 171//1056
f 153//1038 186//1071 152//1037
f 188//1073 153//1038 176//1061
f 154//1039 189//1074 176//1061
f 155//1040 190//1075 154//1039
f 155//1040 177//1062 190//1075
f 191//1076 177//1062 156//1041
f 192//1077 156//1041 157//1042
f 192//1077 157//1042 158//1043
f 178//1063 179//1064 146//1030
f 193//1078 158//1043 179//1064
f 159//1044 160//1045 194//1079
f 178//1063 159//1044 195//1080
f 180//1065 194//1079 160//1045
f 180//1065 161//1046 196//1081
f 197//1082 161//1046 162//1047
f 198//1083 162//1047 163//1048
f 199//1084 163//1048 164//1049
f 164//1049 181//1066 200//1085
f 201//892 181//892 165//892
f 165//1050 182//1067 201//1086
f 182//1067 134//1018 183//1068
f 183//1068 166//1051 202//1087
f 203//1088 166//1051 167//1052
f 204//1089 167//1052 168//1053
f 170//1055 169//1054 205//1090
f 169//1054 184//1069 206//1091
f 168//1053 185//1070 204//1089
f 205//1090 185//1070 170//1055
f 171//1056 207//1092 172//1057
f 172//1057 208//1093 173//1058
f 173//1058 209//1094 174//1059
f 174//1059 210//1095 175//1060
f 175//1060 211//1096 184//1069
f 186//1071 187//1072 151//1036
f 187//1072 207//1092 171//1056
f 186//1071 153//1038 212//1097
f 188//1073 212//1097 153//1038
f 176//1061 213//1098 188//1073
f 213//1098 176//1061 189//1074
f 189//1074 154//1039 190//1075
f 214//1099 190//1075 177//1062
f 177//1062 191//1076 214//1099
f 156//1041 192//1077 191//1076
f 193//1078 192//1077 158//1043
f 179//1064 178//1063 215//1100
f 216//1101 193//1078 179//1064
f 194//1079 195//1080 159//1044
f 195//1080 215//1100 178//1063
f 194//1079 180//1065 217//1102
f 197//1082 196//1081 161//1046
f 196//1081 217//1102 180//1065
f 162//1047 198//1083 197//1082
f 163//1048 199//1084 198//1083
f 164//1049 200//1085 199//1084
f 218//1103 200//1085 181//1066
f 218//892 181//892 201//892
f 219//1104 201//1086 182//1067
f 183//1068 220//1105 182//1067
f 203//1088 202//1087 166//1051
f 202//1087 221//1106 183//1068
f 167//1052 204//1089 203//1088
f 206//1091 205//1090 169//1054
f 222//1107 206//1091 184//1069
f 223//1108 204//1089 185//1070
f 185//1070 205//1090 223//1108
f 172//1057 207//1092 208//1093
f 208//1093 209//1094 173//1058
f 209//1094 210//1095 174//1059
f 210//1095 211//1096 175//1060
f 211//1096 224//1109 184//1069
f 187//1072 186//1071 225//1110
f 207//1092 187//1072 226//1111
f 212//1097 225//1110 186//1071
f 212//1097 188//1073 227//1112
f 228//1113 188//1073 213//1098
f 189//1074 229//1114 213//1098
f 190//1075 230//1115 189//1074
f 190//1075 214//1099 230//1115
f 231//1116 214//1099 191//1076
f 232//1117 191//1076 192//1077
f 193//1078 233//1118 192//1077
f 216//1101 179//1064 215//1100
f 216//1101 234//1119 193//1078
f 195//1080 194//1079 235//1120
f 215//1100 195//1080 236//1121
f 217//1102 235//1120 194//1079
f 196//1081 197//1082 237//1122
f 217//1102 196//1081 238//1123
f 239//1124 197//1082 198//1083
f 240//1125 198//1083 199//1084
f 241//1126 199//1084 200//1085
f 200//1085 218//1103 219//1104
f 201//1086 219//1104 218//1103
f 219//1104 182//1067 220//1105
f 220//1105 183//1068 221//1106
f 202//1087 203//1088 242//1127
f 221//1106 202//1087 243//1128
f 244//1129 203//1088 204//1089
f 205//1090 206//1091 245//1130
f 206//1091 222//1107 246//1131
f 224//1109 222//1107 184//1069
f 204//1089 223//1108 244//1129
f 245//1130 223//1108 205//1090
f 208//1093 207//1092 247//1132
f 209//1094 208//1093 248//1133
f 210//1095 209//1094 249//1134
f 211//1096 210//1095 250//1135
f 211//1096 250//1135 224//1109
f 225//1110 226//1111 187//1072
f 226//1111 247//1132 207//1092
f 225//1110 212//1097 251//1136
f 228//1113 227//1112 188//1073
f 227//1112 251//1136 212//1097
f 213//1098 252//1137 228//1113
f 252//1137 213//1098 229//1114
f 229//1114 189//1074 230//1115
f 253//1138 230//1115 214//1099
f 214//1099 231//1116 253//1138
f 191//1076 232//1117 231//1116
f 232//1117 192//1077 233//1118
f 233//1118 193//1078 234//1119
f 254//1139 216//1101 215//1100
f 234//1119 216//1101 255//1140
f 235//1120 236//1121 195//1080
f 254//1139 215//1100 236//1121
f 235//1120 217//1102 256//1141
f 239//1124 237//1122 197//1082
f 237//1122 238//1123 196//1081
f 238//1123 256//1141 217//1102
f 198//1083 240//1125 239//1124
f 199//1084 241//1126 240//1125
f 200//1085 219//1104 241//1126
f 220//1105 241//1126 219//1104
f 221//1106 257//1142 220//1105
f 244//1129 242//1127 203//1088
f 242//1127 243//1128 202//1087
f 243//1128 258//1143 221//1106
f 246//1131 245//1130 206//1091
f 259//1144 246//1131 222//1107
f 224//1109 260//1145 222//1107
f 261//1146 244//1129 223//1108
f 245//1130 262//1147 223//1108
f 247//1132 248//1133 208//1093
f 248//1133 249//1134 209//1094
f 249//1134 250//1135 210//1095
f 263//1148 224//1109 250//1135
f 226//1111 225//1110 264//1149
f 247//1132 226//1111 265//1150
f 251//1136 264//1149 225//1110
f 227//1112 228//1113 266//1151
f 251//1136 227//1112 267//1152
f 268//1153 228//1113 252//1137
f 252//1137 229//1114 269//1154
f 229//1114 230//1115 270//1155
f 253//1138 271//1156 230//1115
f 272//1157 253//1138 231//1116
f 273//1158 231//1116 232//1117
f 233//1118 274//1159 232//1117
f 234//1119 275//1160 233//1118
f 254//1139 255//1140 216//1101
f 255//1140 276//1161 234//1119
f 236//1121 235//1120 277//1162
f 236//1121 278//1163 254//1139
f 256//1141 277//1162 235//1120
f 239//1124 279//1164 237//1122
f 238//1123 237//1122 280//1165
f 256//1141 238//1123 281//1166
f 279//1164 239//1124 240//1125
f 257//1142 240//1125 241//1126
f 241//1126 220//1105 257//1142
f 257//1142 221//1106 258//1143
f 242//1127 244//1129 282//1167
f 243//1128 242//1127 283//1168
f 258//1143 243//1128 284//1169
f 246//1131 285//1170 245//1130
f 246//1131 259//1144 285//1170
f 260//1145 259//1144 222//1107
f 224//1109 263//1148 260//1145
f 261//1146 282//1167 244//1129
f 261//1146 223//1108 262//1147
f 262//1147 245//1130 285//1170
f 248//1133 247//1132 286//1171
f 249//1134 248//1133 287//1172
f 250//1135 249//1134 288//1173
f 250//1135 288//1173 263//1148
f 226//1111 264//1149 289//1174
f 265//1150 226//1111 289//1174
f 265//1150 286//1171 247//1132
f 264//1149 251//1136 290//1175
f 268//1153 266//1151 228//1113
f 266//1151 267//1152 227//1112
f 267//1152 290//1175 251//1136
f 268//1153 252//1137 291//1176
f 270//1155 269//1154 229//1114
f 269//1154 291//1176 252//1137
f 292//1177 270//1155 230//1115
f 292//1177 230//1115 271//1156
f 271//1156 253//1138 293//1178
f 272//1157 293//1178 253//1138
f 231//1116 273//1158 272//1157
f 273//1158 232//1117 274//1159
f 274//1159 233//1118 275//1160
f 275//1160 234//1119 276//1161
f 255//1140 254//1139 294//1179
f 255//1140 295//1180 276//1161
f 278//1163 236//1121 277//1162
f 278//1163 294//1179 254//1139
f 277//1162 256//1141 296//1181
f 297//1182 237//1122 279//1164
f 297//1182 280//1165 237//1122
f 280//1165 281//1166 238//1123
f 281//1166 296//1181 256//1141
f 240//1125 257//1142 279//1164
f 258//1143 279//1164 257//1142
f 282//1167 283//1168 242//1127
f 283//1168 284//1169 243//1128
f 284//1169 297//1182 258//1143
f 298//1183 285//1170 259//1144
f 260//1145 299//1184 259//1144
f 300//1185 260//1145 263//1148
f 282//1167 261//1146 301//1186
f 262//1147 301//1186 261//1146
f 285//1170 302//1187 262//1147
f 286//1171 287//1172 248//1133
f 287//1172 288//1173 249//1134
f 303//1188 263//1148 288//1173
f 290//1175 289//1174 264//1149
f 289//1174 304//1189 265//1150
f 286//1171 265//1150 304//1189
f 268//1153 291//1176 266//1151
f 266//1151 305//1190 267//1152
f 267//1152 306//1191 290//1175
f 269//1154 270//1155 307//1192
f 291//1176 269//1154 308//1193
f 270//1155 292//1177 309//1194
f 271//1156 310//1195 292//1177
f 293//1178 311//1196 271//1156
f 293//1178 272//1157 312//1197
f 313//1198 272//1157 273//1158
f 274//1159 314//1199 273//1158
f 275//1160 315//1200 274//1159
f 276//1161 316//1201 275//1160
f 294//1179 317//1202 255//1140
f 316//1201 276//1161 295//1180
f 317//1202 295//1180 255//1140
f 318//1203 278//1163 277//1162
f 294//1179 278//1163 319//1204
f 318//1203 277//1162 296//1181
f 279//1164 258//1143 297//1182
f 297//1182 284//1169 280//1165
f 281//1166 280//1165 320//1205
f 296//1181 281//1166 321//1206
f 283//1168 282//1167 322//1207
f 284//1169 283//1168 323//1208
f 298//1183 324//1209 285//1170
f 299//1184 298//1183 259//1144
f 260//1145 300//1185 299//1184
f 263//1148 303//1188 300//1185
f 301//1186 322//1207 282//1167
f 301//1186 262//1147 302//1187
f 302//1187 285//1170 324//1209
f 287//1172 286//1171 325//1210
f 288//1173 287//1172 326//1211
f 288//1173 326//1211 303//1188
f 290//1175 327//1212 289//1174
f 289//1174 328//1213 304//1189
f 304//1189 325//1210 286//1171
f 305//1190 266//1151 291//1176
f 306//1191 267//1152 305//1190
f 327//1212 290//1175 306//1191
f 309//1194 307//1192 270//1155
f 307//1192 308//1193 269//1154
f 291//1176 308//1193 305//1190
f 329//1214 309//1194 292//1177
f 329//1214 292//1177 310//1195
f 310//1195 271//1156 311//1196
f 311//1196 293//1178 330//1215
f 313//1198 312//1197 272//1157
f 312//1197 330//1215 293//1178
f 313//1198 273//1158 314//1199
f 314//1199 274//1159 315//1200
f 315//1200 275//1160 316//1201
f 317//1202 294//1179 331//1216
f 316//1201 295//1180 332//1217
f 295//1180 317//1202 333//1218
f 318//1203 319//1204 278//1163
f 319//1204 331//1216 294//1179
f 334//1219 318//1203 296//1181
f 323//1208 280//1165 284//1169
f 323//1208 320//1205 280//1165
f 320//1205 321//1206 281//1166
f 334//1219 296//1181 321//1206
f 322//1207 323//1208 283//1168
f 298//1183 335//1220 324//1209
f 299//1184 335//1220 298//1183
f 336//1221 299//1184 300//1185
f 337//1222 300//1185 303//1188
f 322//1207 301//1186 338//1223
f 302//1187 338//1223 301//1186
f 324//1209 339//1224 302//1187
f 325//1210 326//1211 287//1172
f 340//1225 303//1188 326//1211
f 341//1226 289//1174 327//1212
f 342//1227 304//1189 328//1213
f 328//1213 289//1174 341//1226
f 304//1189 342//1227 325//1210
f 305//1190 343//1228 306//1191
f 306//1191 344//1229 327//1212
f 307//1192 309//1194 345//1230
f 308//1193 307//1192 346//1231
f 343//1228 305//1190 308//1193
f 309//1194 329//1214 347//1232
f 310//1195 348//1233 329//1214
f 311//1196 349//1234 310//1195
f 330//1215 350//1235 311//1196
f 313//1198 314//1199 312//1197
f 312//1197 351//1236 330//1215
f 314//1199 315//1200 351//1236
f 315//1200 316//1201 352//1237
f 331//1216 333//1218 317//1202
f 353//1238 332//1217 295//1180
f 332//1217 352//1237 316//1201
f 295//1180 333//1218 354//1239
f 319//1204 318//1203 355//1240
f 331//1216 319//1204 356//1241
f 334//1219 355//1240 318//1203
f 323//1208 322//1207 320//1205
f 320//1205 338//1223 321//1206
f 357//1242 334//1219 321//1206
f 335//1220 358//1243 324//1209
f 335//1220 299//1184 359//1244
f 336//1221 359//1244 299//1184
f 300//1185 337//1222 336//1221
f 303//1188 340//1225 337//1222
f 338//1223 320//1205 322//1207
f 338//1223 302//1187 339//1224
f 324//1209 358//1243 339//1224
f 325//1210 360//1245 326//1211
f 340//1225 326//1211 361//1246
f 341//1226 327//1212 344//1229
f 328//1213 362//1247 342//1227
f 362//1247 328//1213 341//1226
f 360//1245 325//1210 342//1227
f 344//1229 306//1191 343//1228
f 347//1232 345//1230 309//1194
f 345//1230 346//1231 307//1192
f 308//1193 346//1231 343//1228
f 363//1248 347//1232 329//1214
f 363//1248 329//1214 348//1233
f 348//1233 310//1195 349//1234
f 349//1234 311//1196 350//1235
f 330//1215 364//1249 350//1235
f 351//1236 312//1197 314//1199
f 364//1249 330//1215 351//1236
f 352//1237 351//1236 315//1200
f 333//1218 331//1216 365//1250
f 353//1238 366//1251 332//1217
f 354//1239 353//1238 295//1180
f 352//1237 332//1217 366//1251
f 367//1252 354//1239 333//1218
f 355//1240 356//1241 319//1204
f 356//1241 365//1250 331//1216
f 355//1240 334//1219 368//1253
f 339//1224 321//1206 338//1223
f 357//1242 368//1253 334//1219
f 339//1224 357//1242 321//1206
f 358//1243 335//1220 369//1254
f 359//1244 369//1254 335//1220
f 359//1244 336//1221 370//1255
f 371//1256 336//1221 337//1222
f 372//1257 337//1222 340//1225
f 358//1243 357//1242 339//1224
f 373//1258 326//1211 360//1245
f 373//1258 361//1246 326//1211
f 361//1246 374//1259 340//1225
f 344//1229 375//1260 341//1226
f 376//1261 342//1227 362//1247
f 341//1226 377//1262 362//1247
f 342//1227 376//1261 360//1245
f 343//1228 378//1263 344//1229
f 345//1230 347//1232 379//1264
f 346//1231 345//1230 380//1265
f 378//1263 343//1228 346//1231
f 347//1232 363//1248 381//1266
f 348//1233 382//1267 363//1248
f 349//1234 383//1268 348//1233
f 350//1235 384//1269 349//1234
f 385//1270 350//1235 364//1249
f 351//1236 352//1237 364//1249
f 333//1218 365//1250 367//1252
f 366//1251 353//1238 386//1271
f 387//1272 353//1238 354//1239
f 366//1251 364//1249 352//1237
f 354//1239 367//1252 387//1272
f 356//1241 355//1240 388//1273
f 365//1250 356//1241 389//1274
f 368//1253 388//1273 355//1240
f 357//1242 358//1243 368//1253
f 369//1254 368//1253 358//1243
f 369//1254 359//1244 390//1275
f 371//1256 370//1255 336//1221
f 370//1255 390//1275 359//1244
f 337//1222 372//1257 371//1256
f 372//1257 340//1225 374//1259
f 360//1245 391//1276 373//1258
f 361//1246 373//1258 392//1277
f 374//1259 361//1246 393//1278
f 377//1262 341//1226 375//1260
f 375//1260 344//1229 378//1263
f 362//1247 394//1279 376//1261
f 394//1279 362//1247 377//1262
f 391//1276 360//1245 376//1261
f 381//1266 379//1264 347//1232
f 379//1264 380//1265 345//1230
f 346//1231 380//1265 378//1263
f 395//1280 381//1266 363//1248
f 395//1280 363//1248 382//1267
f 382//1267 348//1233 383//1268
f 383//1268 349//1234 384//1269
f 350//1235 385//1270 384//1269
f 364//1249 366//1251 385//1270
f 396//1281 367//1252 365//1250
f 397//1282 386//1271 353//1238
f 386//1271 385//1270 366//1251
f 353//1238 387//1272 397//1282
f 398//1283 387//1272 367//1252
f 388//1273 389//1274 356//1241
f 365//1250 389//1274 396//1281
f 368//1253 369//1254 388//1273
f 390//1275 388//1273 369//1254
f 370//1255 371//1256 399//1284
f 390//1275 370//1255 400//1285
f 401//1286 371//1256 372//1257
f 374//1259 402//1287 372//1257
f 403//1288 373//1258 391//1276
f 403//1288 392//1277 373//1258
f 392//1277 393//1278 361//1246
f 393//1278 404//1289 374//1259
f 375//1260 405//1290 377//1262
f 378//1263 406//1291 375//1260
f 407//1292 376//1261 394//1279
f 408//1293 394//1279 377//1262
f 376//1261 407//1292 391//1276
f 381//1266 409//1294 379//1264
f 379//1264 410//1295 380//1265
f 406//1291 378//1263 380//1265
f 395//1280 411//1296 381//1266
f 395//1280 382//1267 411//1296
f 382//1267 383//1268 412//1297
f 384//1269 413//1298 383//1268
f 414//1299 384//1269 385//1270
f 367//1252 396//1281 398//1283
f 386//1271 397//1282 415//1300
f 385//1270 386//1271 414//1299
f 416//1301 397//1282 387//1272
f 387//1272 398//1283 416//1301
f 388//1273 390//1275 389//1274
f 417//1302 396//1281 389//1274
f 401//1286 399//1284 371//1256
f 399//1284 400//1285 370//1255
f 400//1285 389//1274 390//1275
f 401//1286 372//1257 402//1287
f 402//1287 374//1259 404//1289
f 391//1276 418//1303 403//1288
f 392//1277 403//1288 419//1304
f 393//1278 392//1277 420//1305
f 404//1289 393//1278 421//1306
f 408//1293 377//1262 405//1290
f 405//1290 375//1260 406//1291
f 394//1279 422//1307 407//1292
f 422//1307 394//1279 408//1293
f 418//1303 391//1276 407//1292
f 410//1295 379//1264 409//1294
f 409//1294 381//1266 411//1296
f 423//1308 380//1265 410//1295
f 380//1265 423//1308 406//1291
f 412//1297 411//1296 382//1267
f 424//1309 412//1297 383//1268
f 424//1309 383//1268 413//1298
f 384//1269 414//1299 413//1298
f 425//1310 398//1283 396//1281
f 426//1311 415//1300 397//1282
f 415//1300 414//1299 386//1271
f 426//1311 397//1282 416//1301
f 427//1312 416//1301 398//1283
f 396//1281 417//1302 425//1310
f 417//1302 389//1274 428//1313
f 401//1286 402//1287 399//1284
f 399//1284 429//1314 400//1285
f 400//1285 428//1313 389//1274
f 402//1287 404//1289 429//1314
f 430//1315 403//1288 418//1303
f 430//1315 419//1304 403//1288
f 419//1304 420//1305 392//1277
f 420//1305 421//1306 393//1278
f 404//1289 421//1306 431//1316
f 405//1290 432//1317 408//1293
f 406//1291 433//1318 405//1290
f 434//1319 407//1292 422//1307
f 408//1293 435//1320 422//1307
f 407//1292 434//1319 418//1303
f 409//1294 436//1321 410//1295
f 411//1296 437//1322 409//1294
f 410//1295 438//1323 423//1308
f 433//1318 406//1291 423//1308
f 412//1297 439//1324 411//1296
f 424//1309 440//1325 412//1297
f 413//1298 441//1326 424//1309
f 442//1327 413//1298 414//1299
f 398//1283 425//1310 427//1312
f 415//1300 426//1311 443//1328
f 414//1299 415//1300 442//1327
f 444//1329 426//1311 416//1301
f 416//1301 427//1312 444//1329
f 445//1330 425//1310 417//1302
f 428//1313 446//1331 417//1302
f 429//1314 399//1284 402//1287
f 428//1313 400//1285 429//1314
f 431//1316 429//1314 404//1289
f 418//1303 447//1332 430//1315
f 419//1304 430//1315 448//1333
f 420//1305 419//1304 449//1334
f 421//1306 420//1305 450//1335
f 451//1336 431//1316 421//1306
f 435//1320 408//1293 432//1317
f 432//1317 405//1290 433//1318
f 422//1307 452//1337 434//1319
f 452//1337 422//1307 435//1320
f 447//1332 418//1303 434//1319
f 438//1323 410//1295 436//1321
f 436//1321 409//1294 437//1322
f 437//1322 411//1296 439//1324
f 453//1338 423//1308 438//1323
f 423//1308 453//1338 433//1318
f 439//1324 412//1297 440//1325
f 440//1325 424//1309 441//1326
f 413//1298 442//1327 441//1326
f 454//1339 427//1312 425//1310
f 455//1340 443//1328 426//1311
f 443//1328 442//1327 415//1300
f 426//1311 444//1329 455//1340
f 456//1341 444//1329 427//1312
f 425//1310 445//1330 454//1339
f 445//1330 417//1302 446//1331
f 446//1331 428//1313 431//1316
f 429//1314 431//1316 428//1313
f 457//1342 430//1315 447//1332
f 457//1342 448//1333 430//1315
f 448//1333 449//1334 419//1304
f 449//1334 450//1335 420//1305
f 421//1306 450//1335 451//1336
f 431//1316 451//1336 446//1331
f 432//1317 458//1343 435//1320
f 433//1318 459//1344 432//1317
f 460//1345 434//1319 452//1337
f 461//1346 452//1337 435//1320
f 434//1319 460//1345 447//1332
f 436//1321 462//1347 438//1323
f 437//1322 463//1348 436//1321
f 439//1324 464//1349 437//1322
f 438//1323 465//1350 453//1338
f 459//1344 433//1318 453//1338
f 440//1325 466//1351 439//1324
f 441//1326 467//1352 440//1325
f 468//1353 441//1326 442//1327
f 427//1312 454//1339 456//1341
f 443//1328 455//1340 469//1354
f 442//1327 443//1328 468//1353
f 470//1355 455//1340 444//1329
f 444//1329 456//1341 470//1355
f 471//1356 454//1339 445//1330
f 446//1331 472//1357 445//1330
f 447//1332 473//1358 457//1342
f 457//1342 474//1359 448//1333
f 448//1333 475//1360 449//1334
f 449//1334 476//1361 450//1335
f 477//1362 451//1336 450//1335
f 472//1357 446//1331 451//1336
f 461//1346 435//1320 458//1343
f 458//1343 432//1317 459//1344
f 452//1337 478//1363 460//1345
f 478//1363 452//1337 461//1346
f 473//1358 447//1332 460//1345
f 465//1350 438//1323 462//1347
f 462//1347 436//1321 463//1348
f 463//1348 437//1322 464//1349
f 464//1349 439//1324 466//1351
f 479//1364 453//1338 465//1350
f 453//1338 479//1364 459//1344
f 466//1351 440//1325 467//1352
f 441//1326 468//1353 467//1352
f 480//1365 456//1341 454//1339
f 481//1366 469//1354 455//1340
f 469//1354 468//1353 443//1328
f 481//1366 455//1340 470//1355
f 482//1367 470//1355 456//1341
f 454//1339 471//1356 480//1365
f 471//1356 445//1330 472//1357
f 474//1359 457//1342 473//1358
f 475//1360 448//1333 474//1359
f 476//1361 449//1334 475//1360
f 483//1368 450//1335 476//1361
f 451//1336 477//1362 472//1357
f 450//1335 483//1368 477//1362
f 458//1343 484//1369 461//1346
f 459//1344 485//1370 458//1343
f 486//1371 460//1345 478//1363
f 461//1346 487//1372 478//1363
f 460//1345 486//1371 473//1358
f 462//1347 488//1373 465//1350
f 463//1348 489//1374 462//1347
f 464//1349 490//1375 463//1348
f 466//1351 491//1376 464//1349
f 465//1350 492//1377 479//1364
f 485//1370 459//1344 479//1364
f 467//1352 493//1378 466//1351
f 494//1379 467//1352 468//1353
f 456//1341 480//1365 482//1367
f 469//1354 481//1366 495//1380
f 468//1353 469//1354 494//1379
f 496//1381 481//1366 470//1355
f 470//1355 482//1367 496//1381
f 497//1382 480//1365 471//1356
f 472//1357 498//1383 471//1356
f 473//1358 499//1384 474//1359
f 474//1359 500//1385 475//1360
f 475//1360 501//1386 476//1361
f 476//1361 502//1387 483//1368
f 498//1383 472//1357 477//1362
f 503//1388 477//1362 483//1368
f 487//1372 461//1346 484//1369
f 484//1369 458//1343 485//1370
f 478//1363 504//1389 486//1371
f 504//1389 478//1363 487//1372
f 499//1384 473//1358 486//1371
f 492//1377 465//1350 488//1373
f 488//1373 462//1347 489//1374
f 489//1374 463//1348 490//1375
f 490//1375 464//1349 491//1376
f 491//1376 466//1351 493//1378
f 505//1390 479//1364 492//1377
f 479//1364 505//1390 485//1370
f 467//1352 494//1379 493//1378
f 506//1391 482//1367 480//1365
f 507//1392 495//1380 481//1366
f 495//1380 494//1379 469//1354
f 481//1366 496//1381 507//1392
f 508//1393 496//1381 482//1367
f 480//1365 497//1382 506//1391
f 497//1382 471//1356 498//1383
f 500//1385 474//1359 499//1384
f 501//1386 475//1360 500//1385
f 502//1387 476//1361 501//1386
f 509//1394 483//1368 502//1387
f 477//1362 503//1388 498//1383
f 483//1368 509//1394 503//1388
f 484//1369 510//1395 487//1372
f 485//1370 511//1396 484//1369
f 512//1397 486//1371 504//1389
f 513//1398 504//1389 487//1372
f 486//1371 512//1397 499//1384
f 488//1373 514//1399 492//1377
f 489//1374 515//1400 488//1373
f 490//1375 516//1401 489//1374
f 491//1376 517//1402 490//1375
f 493//1378 518//1403 491//1376
f 492//1377 519//1404 505//1390
f 511//1396 485//1370 505//1390
f 520//1405 493//1378 494//1379
f 482//1367 506//1391 508//1393
f 495//1380 507//1392 521//1406
f 494//1379 495//1380 520//1405
f 522//1407 507//1392 496//1381
f 496//1381 508//1393 522//1407
f 523//1408 506//1391 497//1382
f 498//1383 524//1409 497//1382
f 499//1384 525//1410 500//1385
f 500//1385 526//1411 501//1386
f 501//1386 527//1412 502//1387
f 502//1387 528//1413 509//1394
f 524//1409 498//1383 503//1388
f 529//1414 503//1388 509//1394
f 513//1398 487//1372 510//1395
f 510//1395 484//1369 511//1396
f 504//1389 530//1415 512//1397
f 530//1415 504//1389 513//1398
f 525//1410 499//1384 512//1397
f 519//1404 492//1377 514//1399
f 514//1399 488//1373 515//1400
f 515//1400 489//1374 516//1401
f 516//1401 490//1375 517//1402
f 517//1402 491//1376 518//1403
f 493//1378 520//1405 518//1403
f 531//1416 505//1390 519//1404
f 505//1390 531//1416 511//1396
f 532//1417 508//1393 506//1391
f 533//1418 521//1406 507//1392
f 521//1406 520//1405 495//1380
f 533//1418 507//1392 522//1407
f 534//1419 522//1407 508//1393
f 506//1391 523//1408 532//1417
f 523//1408 497//1382 524//1409
f 526//1411 500//1385 525//1410
f 527//1412 501//1386 526//1411
f 528//1413 502//1387 527//1412
f 535//1420 509//1394 528//1413
f 503//1388 529//1414 524//1409
f 509//1394 535//1420 529//1414
f 510//1395 536//1421 513//1398
f 511//1396 537//1422 510//1395
f 538//1423 512//1397 530//1415
f 513//1398 539//1424 530//1415
f 512//1397 538//1423 525//1410
f 514//1399 540//1425 519//1404
f 515//1400 541//1426 514//1399
f 516//1401 542//1427 515//1400
f 517//1402 543//1428 516//1401
f 518//1403 544//1429 517//1402
f 545//1430 518//1403 520//1405
f 519//1404 546//1431 531//1416
f 537//1422 511//1396 531//1416
f 508//1393 532//1417 534//1419
f 521//1406 533//1418 547//1432
f 520//1405 521//1406 545//1430
f 548//1433 533//1418 522//1407
f 522//1407 534//1419 548//1433
f 549//1434 532//1417 523//1408
f 524//1409 550//1435 523//1408
f 525//1410 551//1436 526//1411
f 526//1411 552//1437 527//1412
f 527//1412 553//1438 528//1413
f 528//1413 554//1439 535//1420
f 550//1435 524//1409 529//1414
f 555//1440 529//1414 535//1420
f 539//1424 513//1398 536//1421
f 536//1421 510//1395 537//1422
f 530//1415 556//1441 538//1423
f 556//1441 530//1415 539//1424
f 551//1436 525//1410 538//1423
f 546//1431 519//1404 540//1425
f 540//1425 514//1399 541//1426
f 541//1426 515//1400 542//1427
f 542//1427 516//1401 543//1428
f 543//1428 517//1402 544//1429
f 544//1429 518//1403 557//1442
f 545//1430 557//1442 518//1403
f 558//1443 531//1416 546//1431
f 537//1422 531//1416 559//1444
f 560//1445 534//1419 532//1417
f 561//1446 547//1432 533//1418
f 547//1432 545//1430 521//1406
f 533//1418 548//1433 561//1446
f 562//1447 548//1433 534//1419
f 532//1417 549//1434 560//1445
f 549//1434 523//1408 550//1435
f 552//1437 526//1411 551//1436
f 553//1438 527//1412 552//1437
f 554//1439 528//1413 553//1438
f 563//1448 535//1420 554//1439
f 529//1414 555//1440 550//1435
f 535//1420 563//1448 555//1440
f 539//1424 536//1421 564//1449
f 536//1421 537//1422 565//1450
f 566//1451 538//1423 556//1441
f 567//1452 556//1441 539//1424
f 538//1423 566//1451 551//1436
f 540//1425 568//1453 546//1431
f 541//1426 569//1454 540//1425
f 542//1427 570//1455 541//1426
f 543//1428 571//1456 542//1427
f 544//1429 572//1457 543//1428
f 557//1442 573//1458 544//1429
f 557//1442 545//1430 574//1459
f 558//1443 559//1444 531//1416
f 546//1431 575//1460 558//1443
f 559//1444 565//1450 537//1422
f 534//1419 560//1445 562//1447
f 561//1446 576//1461 547//1432
f 547//1432 574//1459 545//1430
f 577//1462 561//1446 548//1433
f 548//1433 562//1447 577//1462
f 578//1463 560//1445 549//1434
f 550//1435 579//1464 549//1434
f 551//1436 580//1465 552//1437
f 552//1437 581//1466 553//1438
f 553//1438 582//1467 554//1439
f 554//1439 583//1468 563//1448
f 579//1464 550//1435 555//1440
f 584//1469 555//1440 563//1448
f 565//1450 564//1449 536//1421
f 564//1449 567//1452 539//1424
f 566//1451 556//1441 585//1470
f 567//1452 585//1470 556//1441
f 580//1465 551//1436 566//1451
f 575//1460 546//1431 568//1453
f 568//1453 540//1425 569//1454
f 569//1454 541//1426 570//1455
f 570//1455 542//1427 571//1456
f 571//1456 543//1428 572//1457
f 572//1457 544//1429 573//1458
f 573//1458 557//1442 586//1471
f 574//1459 586//1471 557//1442
f 559//1444 558//1443 587//1472
f 588//1473 558//1443 575//1460
f 565//1450 559//1444 589//1474
f 590//1475 562//1447 560//1445
f 574//1459 547//1432 576//1461
f 576//1461 561//1446 591//1476
f 591//1476 561//1446 577//1462
f 592//1477 577//1462 562//1447
f 560//1445 578//1463 590//1475
f 578//1463 549//1434 579//1464
f 581//1466 552//1437 580//1465
f 582//1467 553//1438 581//1466
f 583//1468 554//1439 582//1467
f 593//1478 563//1448 583//1468
f 555//1440 584//1469 579//1464
f 563//1448 593//1478 584//1469
f 564//1449 565//1450 594//1479
f 567//1452 564//1449 595//1480
f 585//1470 596//1481 566//1451
f 585//1470 567//1452 597//1482
f 580//1465 566//1451 596//1481
f 568//1453 598//1483 575//1460
f 569//1454 599//1484 568//1453
f 570//1455 600//1485 569//1454
f 571//1456 601//1486 570//1455
f 572//1457 602//1487 571//1456
f 573//1458 603//1488 572//1457
f 586//1471 604//1489 573//1458
f 586//1471 574//1459 605//1490
f 588//1473 587//1472 558//1443
f 587//1472 589//1474 559//1444
f 575//1460 606//1491 588//1473
f 589//1474 594//1479 565//1450
f 562//1447 590//1475 592//1477
f 576//1461 605//1490 574//1459
f 591//1476 607//1492 576//1461
f 591//1476 577//1462 608//1493
f 592//1477 608//1493 577//1462
f 609//1494 590//1475 578//1463
f 579//1464 610//1495 578//1463
f 581//1466 580//1465 611//1496
f 581//1466 611//1496 582//1467
f 582//1467 612//1497 583//1468
f 583//1468 613//1498 593//1478
f 610//1495 579//1464 584//1469
f 614//1499 584//1469 593//1478
f 594//1479 595//1480 564//1449
f 595//1480 597//1482 567//1452
f 596//1481 585//1470 615//1500
f 597//1482 615//1500 585//1470
f 596//1481 611//1496 580//1465
f 606//1491 575//1460 598//1483
f 598//1483 568//1453 599//1484
f 599//1484 569//1454 600//1485
f 600//1485 570//1455 601//1486
f 601//1486 571//1456 602//1487
f 602//1487 572//1457 603//1488
f 603//1488 573//1458 604//1489
f 604//1489 586//1471 616//1501
f 605//1490 616//1501 586//1471
f 587//1472 588//1473 617//1502
f 589//1474 587//1472 618//1503
f 619//1504 588//1473 606//1491
f 594//1479 589//1474 620//1505
f 621//1506 592//1477 590//1475
f 605//1490 576//1461 607//1492
f 607//1492 591//1476 622//1507
f 608//1493 622//1507 591//1476
f 608//1493 592//1477 623//1508
f 590//1475 609//1494 621//1506
f 609//1494 578//1463 610//1495
f 612//1497 582//1467 611//1496
f 613//1498 583//1468 612//1497
f 624//1509 593//1478 613//1498
f 584//1469 614//1499 610//1495
f 593//1478 624//1509 614//1499
f 625//1510 595//1480 594//1479
f 597//1482 595//1480 626//1511
f 615//1500 627//1512 596//1481
f 615//1500 597//1482 628//1513
f 611//1496 596//1481 627//1512
f 606//1491 598//1483 629//1514
f 598//1483 599//1484 630//1515
f 599//1484 600//1485 631//1516
f 600//1485 601//1486 632//1517
f 601//1486 602//1487 633//1518
f 602//1487 603//1488 634//1519
f 603//1488 604//1489 635//1520
f 604//1489 616//1501 636//1521
f 616//1501 605//1490 637//1522
f 619//1504 617//1502 588//1473
f 617//1502 618//1503 587//1472
f 618//1503 620//1505 589//1474
f 619//1504 606//1491 638//1523
f 620//1505 625//1510 594//1479
f 621//1506 623//1508 592//1477
f 637//1522 605//1490 607//1492
f 622//1507 639//1524 607//1492
f 622//1507 608//1493 640//1525
f 623//1508 640//1525 608//1493
f 641//1526 621//1506 609//1494
f 610//1495 642//1527 609//1494
f 611//1496 627//1512 612//1497
f 612//1497 643//1528 613//1498
f 613//1498 644//1529 624//1509
f 642//1527 610//1495 614//1499
f 645//1530 614//1499 624//1509
f 625//1510 626//1511 595//1480
f 626//1511 628//1513 597//1482
f 627//1512 615//1500 646//1531
f 628//1513 646//1531 615//1500
f 598//1483 630//1515 629//1514
f 606//1491 629//1514 638//1523
f 599//1484 631//1516 630//1515
f 631//1516 600//1485 632//1517
f 632//1517 601//1486 633//1518
f 633//1518 602//1487 634//1519
f 603//1488 635//1520 634//1519
f 604//1489 636//1521 635//1520
f 616//1501 647//1532 636//1521
f 616//1501 637//1522 647//1532
f 617//1502 619//1504 648//1533
f 618//1503 617//1502 649//1534
f 620//1505 618//1503 650//1535
f 648//1533 619//1504 638//1523
f 625//1510 620//1505 651//1536
f 623//1508 621//1506 652//1537
f 637//1522 607//1492 639//1524
f 639//1524 622//1507 653//1538
f 640//1525 653//1538 622//1507
f 640//1525 623//1508 654//1539
f 641//1526 652//1537 621//1506
f 641//1526 609//1494 642//1527
f 643//1528 612//1497 627//1512
f 644//1529 613//1498 643//1528
f 655//1540 624//1509 644//1529
f 614//1499 645//1530 642//1527
f 624//1509 655//1540 645//1530
f 626//1511 625//1510 656//1541
f 628//1513 626//1511 657//1542
f 627//1512 646//1531 643//1528
f 646//1531 628//1513 658//1543
f 630//1515 659//1544 629//1514
f 629//1514 660//1545 638//1523
f 631//1516 661//1546 630//1515
f 631//1516 632//1517 661//1546
f 632//1517 633//1518 662//1547
f 633//1518 634//1519 663//1548
f 635//1520 664//1549 634//1519
f 636//1521 665//1550 635//1520
f 647//1532 666//1551 636//1521
f 637//1522 667//1552 647//1532
f 649//1534 617//1502 648//1533
f 650//1535 618//1503 649//1534
f 651//1536 620//1505 650//1535
f 648//1533 638//1523 668//1553
f 656//1541 625//1510 651//1536
f 652//1537 654//1539 623//1508
f 637//1522 639//1524 667//1552
f 639//1524 653//1538 669//1554
f 653//1538 640//1525 670//1555
f 654//1539 670//1555 640//1525
f 652//1537 641//1526 671//1556
f 642//1527 671//1556 641//1526
f 643//1528 672//1557 644//1529
f 644//1529 673//1558 655//1540
f 671//1556 642//1527 645//1530
f 674//1559 645//1530 655//1540
f 657//1542 626//1511 656//1541
f 658//1543 628//1513 657//1542
f 672//1557 643//1528 646//1531
f 646//1531 658//1543 675//1560
f 660//1545 629//1514 659//1544
f 659//1544 630//1515 661//1546
f 676//1561 638//1523 660//1545
f 662//1547 661//1546 632//1517
f 663//1548 662//1547 633//1518
f 677//1562 663//1548 634//1519
f 677//1562 634//1519 664//1549
f 664//1549 635//1520 665//1550
f 665//1550 636//1521 666//1551
f 666//1551 647//1532 678//1563
f 667//1552 678//1563 647//1532
f 649//1534 648//1533 679//1564
f 650//1535 649//1534 680//1565
f 651//1536 650//1535 681//1566
f 676//1561 668//1553 638//1523
f 668//1553 679//1564 648//1533
f 656//1541 651//1536 682//1567
f 654//1539 652//1537 683//1568
f 639//1524 669//1554 667//1552
f 653//1538 684//1569 669//1554
f 653//1538 670//1555 684//1569
f 670//1555 654//1539 685//1570
f 671//1556 683//1568 652//1537
f 673//1558 644//1529 672//1557
f 686//1571 655//1540 673//1558
f 645//1530 674//1559 671//1556
f 655//1540 686//1571 674//1559
f 657//1542 656//1541 687//1572
f 658//1543 657//1542 688//1573
f 672//1557 646//1531 675//1560
f 658//1543 688//1573 675//1560
f 659//1544 689//1574 660//1545
f 659//1544 661//1546 689//1574
f 660//1545 690//1575 676//1561
f 661//1546 662//1547 691//1576
f 662//1547 663//1548 692//1577
f 663//1548 677//1562 693//1578
f 664//1549 694//1579 677//1562
f 665//1550 695//1580 664//1549
f 666//1551 696//1581 665//1550
f 678//1563 697//1582 666//1551
f 678//1563 667//1552 698//1583
f 679//1564 680//1565 649//1534
f 680//1565 681//1566 650//1535
f 681//1566 682//1567 651//1536
f 668//1553 676//1561 699//1584
f 679//1564 668//1553 700//1585
f 682//1567 687//1572 656//1541
f 683//1568 685//1570 654//1539
f 669//1554 698//1583 667//1552
f 684//1569 701//1586 669//1554
f 670//1555 702//1587 684//1569
f 670//1555 685//1570 702//1587
f 683//1568 671//1556 674//1559
f 673//1558 672//1557 703//1588
f 686//1571 673//1558 704//1589
f 705//1590 674//1559 686//1571
f 687//1572 688//1573 657//1542
f 672//1557 675//1560 703//1588
f 706//1591 675//1560 688//1573
f 690//1575 660//1545 689//1574
f 691//1576 689//1574 661//1546
f 707//1592 676//1561 690//1575
f 692//1577 691//1576 662//1547
f 693//1578 692//1577 663//1548
f 708//1593 693//1578 677//1562
f 708//1593 677//1562 694//1579
f 694//1579 664//1549 695//1580
f 695//1580 665//1550 696//1581
f 696//1581 666//1551 697//1582
f 697//1582 678//1563 709//1594
f 698//1583 709//1594 678//1563
f 680//1565 679//1564 710//1595
f 681//1566 680//1565 711//1596
f 682//1567 681//1566 712//1597
f 707//1592 699//1584 676//1561
f 699//1584 700//1585 668//1553
f 700//1585 710//1595 679//1564
f 687//1572 682//1567 713//1598
f 685//1570 683//1568 705//1590
f 698//1583 669//1554 701//1586
f 701//1586 684//1569 714//1599
f 702//1587 714//1599 684//1569
f 702//1587 685//1570 715//1600
f 674//1559 705//1590 683//1568
f 673//1558 703//1588 704//1589
f 716//1601 686//1571 704//1589
f 705//1590 686//1571 716//1601
f 688//1573 687//1572 717//1602
f 675//1560 706//1591 703//1588
f 688//1573 717//1602 706//1591
f 689//1574 718//1603 690//1575
f 689//1574 691//1576 718//1603
f 690//1575 719//1604 707//1592
f 691//1576 692//1577 720//1605
f 692//1577 693//1578 721//1606
f 693//1578 708//1593 722//1607
f 708//1593 694//1579 723//1608
f 695//1580 724//1609 694//1579
f 696//1581 725//1610 695//1580
f 697//1582 726//1611 696//1581
f 709//1594 727//1612 697//1582
f 709//1594 698//1583 728//1613
f 710//1595 711//1596 680//1565
f 711//1596 712//1597 681//1566
f 712//1597 713//1598 682//1567
f 707//1592 729//1614 699//1584
f 700//1585 699//1584 730//1615
f 710//1595 700//1585 731//1616
f 713//1598 717//1602 687//1572
f 685//1570 705//1590 715//1600
f 701//1586 728//1613 698//1583
f 714//1599 732//1617 701//1586
f 702//1587 715//1600 714//1599
f 703//1588 733//1618 704//1589
f 716//1601 704//1589 734//1619
f 715//1600 705//1590 716//1601
f 733//1618 703//1588 706//1591
f 735//1620 706//1591 717//1602
f 719//1604 690//1575 718//1603
f 720//1605 718//1603 691//1576
f 729//1614 707//1592 719//1604
f 721//1606 720//1605 692//1577
f 722//1607 721//1606 693//1578
f 723//1608 722//1607 708//1593
f 736//1621 723//1608 694//1579
f 736//1621 694//1579 724//1609
f 724//1609 695//1580 725//1610
f 725//1610 696//1581 726//1611
f 726//1611 697//1582 727//1612
f 727//1612 709//1594 737//1622
f 728//1613 737//1622 709//1594
f 711//1596 710//1595 738//1623
f 712//1597 711//1596 739//1624
f 713//1598 712//1597 740//1625
f 741//1626 699//1584 729//1614
f 741//1626 730//1615 699//1584
f 730//1615 731//1616 700//1585
f 731//1616 738//1623 710//1595
f 713//1598 740//1625 717//1602
f 728//1613 701//1586 732//1617
f 714//1599 742//1627 732//1617
f 742//1627 714//1599 715//1600
f 743//1628 704//1589 733//1618
f 743//1628 734//1619 704//1589
f 734//1619 742//1627 716//1601
f 715//1600 716//1601 742//1627
f 706//1591 735//1620 733//1618
f 717//1602 744//1629 735//1620
f 718//1603 745//1630 719//1604
f 720//1605 746//1631 718//1603
f 719//1604 747//1632 729//1614
f 720//1605 721//1606 746//1631
f 721//1606 722//1607 748//1633
f 722//1607 723//1608 749//1634
f 723//1608 736//1621 750//1635
f 736//1621 724//1609 751//1636
f 725//1610 752//1637 724//1609
f 726//1611 753//1638 725//1610
f 727//1612 754//1639 726//1611
f 727//1612 737//1622 754//1639
f 728//1613 732//1617 737//1622
f 738//1623 739//1624 711//1596
f 739//1624 740//1625 712//1597
f 729//1614 755//1640 741//1626
f 741//1626 756//1641 730//1615
f 731//1616 730//1615 757//1642
f 738//1623 731//1616 758//1643
f 744//1629 717//1602 740//1625
f 759//1644 732//1617 742//1627
f 733//1618 760//1645 743//1628
f 743//1628 761//1646 734//1619
f 742//1627 734//1619 759//1644
f 760//1645 733//1618 735//1620
f 762//1647 735//1620 744//1629
f 747//1632 719//1604 745//1630
f 745//1630 718//1603 746//1631
f 755//1640 729//1614 747//1632
f 748//1633 746//1631 721//1606
f 749//1634 748//1633 722//1607
f 750//1635 749//1634 723//1608
f 751//1636 750//1635 736//1621
f 763//1648 751//1636 724//1609
f 763//1648 724//1609 752//1637
f 752//1637 725//1610 753//1638
f 753//1638 726//1611 754//1639
f 764//1649 754//1639 737//1622
f 765//1650 737//1622 732//1617
f 739//1624 738//1623 766//1651
f 739//1624 766//1651 740//1625
f 756//1641 741//1626 755//1640
f 767//1652 730//1615 756//1641
f 767//1652 757//1642 730//1615
f 757//1642 758//1643 731//1616
f 758//1643 766//1651 738//1623
f 740//1625 768//1653 744//1629
f 732//1617 759//1644 765//1650
f 761//1646 743//1628 760//1645
f 769//1654 734//1619 761//1646
f 769//1654 759//1644 734//1619
f 735//1620 762//1647 760//1645
f 744//1629 770//1655 762//1647
f 745//1630 771//1656 747//1632
f 746//1631 772//1657 745//1630
f 747//1632 773//1658 755//1640
f 746//1631 748//1633 772//1657
f 748//1633 749//1634 774//1659
f 749//1634 750//1635 775//1660
f 750//1635 751//1636 776//1661
f 751//1636 763//1648 777//1662
f 763//1648 752//1637 778//1663
f 753//1638 779//1664 752//1637
f 753//1638 754//1639 779//1664
f 754//1639 764//1649 780//1665
f 737//1622 765//1650 764//1649
f 768//1653 740//1625 766//1651
f 755//1640 781//1666 756//1641
f 756//1641 782//1667 767//1652
f 767//1652 783//1668 757//1642
f 758//1643 757//1642 784//1669
f 758//1643 784//1669 766//1651
f 770//1655 744//1629 768//1653
f 785//1670 765//1650 759//1644
f 760//1645 786//1671 761//1646
f 761//1646 787//1672 769//1654
f 759//1644 769//1654 785//1670
f 786//1671 760//1645 762//1647
f 788//1673 762//1647 770//1655
f 773//1658 747//1632 771//1656
f 771//1656 745//1630 772//1657
f 781//1666 755//1640 773//1658
f 774//1659 772//1657 748//1633
f 775//1660 774//1659 749//1634
f 776//1661 775//1660 750//1635
f 777//1662 776//1661 751//1636
f 778//1663 777//1662 763//1648
f 789//1674 778//1663 752//1637
f 789//1674 752//1637 779//1664
f 780//1665 779//1664 754//1639
f 790//1675 780//1665 764//1649
f 791//1676 764//1649 765//1650
f 766//1651 792//1677 768//1653
f 782//1667 756//1641 781//1666
f 783//1668 767//1652 782//1667
f 793//1678 757//1642 783//1668
f 793//1678 784//1669 757//1642
f 792//1677 766//1651 784//1669
f 768//1653 794//1679 770//1655
f 765//1650 785//1670 791//1676
f 787//1672 761//1646 786//1671
f 795//1680 769//1654 787//1672
f 795//1680 785//1670 769//1654
f 762//1647 788//1673 786//1671
f 770//1655 796//1681 788//1673
f 771//1656 797//1682 773//1658
f 772//1657 798//1683 771//1656
f 773//1658 799//1684 781//1666
f 772//1657 774//1659 798//1683
f 774//1659 775//1660 800//1685
f 775//1660 776//1661 801//1686
f 776//1661 777//1662 802//1687
f 777//1662 778//1663 803//1688
f 778//1663 789//1674 804//1689
f 779//1664 805//1690 789//1674
f 779//1664 780//1665 805//1690
f 780//1665 790//1675 806//1691
f 764//1649 791//1676 790//1675
f 794//1679 768//1653 792//1677
f 781//1666 807//1692 782//1667
f 782//1667 808//1693 783//1668
f 783//1668 809//1694 793//1678
f 784//1669 793//1678 810//1695
f 784//1669 810//1695 792//1677
f 796//1681 770//1655 794//1679
f 811//1696 791//1676 785//1670
f 786//1671 812//1697 787//1672
f 795//1680 787//1672 813//1698
f 785//1670 795//1680 811//1696
f 812//1697 786//1671 788//1673
f 814//1699 788//1673 796//1681
f 799//1684 773//1658 797//1682
f 797//1682 771//1656 798//1683
f 807//1692 781//1666 799//1684
f 800//1685 798//1683 774//1659
f 801//1686 800//1685 775//1660
f 802//1687 801//1686 776//1661
f 803//1688 802//1687 777//1662
f 804//1689 803//1688 778//1663
f 815//1700 804//1689 789//1674
f 815//1700 789//1674 805//1690
f 806//1691 805//1690 780//1665
f 816//1701 806//1691 790//1675
f 817//1702 790//1675 791//1676
f 792//1677 818//1703 794//1679
f 808//1693 782//1667 807//1692
f 809//1694 783//1668 808//1693
f 819//1704 793//1678 809//1694
f 819//1704 810//1695 793//1678
f 818//1703 792//1677 810//1695
f 794//1679 820//1705 796//1681
f 791//1676 811//1696 817//1702
f 821//1706 787//1672 812//1697
f 821//1706 813//1698 787//1672
f 813//1698 811//1696 795//1680
f 788//1673 814//1699 812//1697
f 796//1681 822//1707 814//1699
f 797//1682 823//1708 799//1684
f 798//1683 824//1709 797//1682
f 799//1684 825//1710 807//1692
f 798//1683 800//1685 824//1709
f 800//1685 801//1686 826//1711
f 801//1686 802//1687 827//1712
f 802//1687 803//1688 828//1713
f 803//1688 804//1689 829//1714
f 804//1689 815//1700 830//1715
f 805//1690 831//1716 815//1700
f 805//1690 806//1691 831//1716
f 806//1691 816//1701 832//1717
f 790//1675 817//1702 816//1701
f 820//1705 794//1679 818//1703
f 807//1692 833//1718 808//1693
f 808//1693 834//1719 809//1694
f 809//1694 835//1720 819//1704
f 810//1695 819//1704 836//1721
f 810//1695 836//1721 818//1703
f 822//1707 796//1681 820//1705
f 837//1722 817//1702 811//1696
f 812//1697 838//1723 821//1706
f 813//1698 821//1706 839//1724
f 811//1696 813//1698 837//1722
f 838//1723 812//1697 814//1699
f 840//1725 814//1699 822//1707
f 825//1710 799//1684 823//1708
f 823//1708 797//1682 824//1709
f 833//1718 807//1692 825//1710
f 826//1711 824//1709 800//1685
f 827//1712 826//1711 801//1686
f 828//1713 827//1712 802//1687
f 829//1714 828//1713 803//1688
f 830//1715 829//1714 804//1689
f 841//1726 830//1715 815//1700
f 841//1726 815//1700 831//1716
f 832//1717 831//1716 806//1691
f 842//1727 832//1717 816//1701
f 843//1728 816//1701 817//1702
f 818//1703 844//1729 820//1705
f 834//1719 808//1693 833//1718
f 835//1720 809//1694 834//1719
f 845//1730 819//1704 835//1720
f 845//1730 836//1721 819//1704
f 844//1729 818//1703 836//1721
f 820//1705 846//1731 822//1707
f 817//1702 837//1722 843//1728
f 847//1732 821//1706 838//1723
f 847//1732 839//1724 821//1706
f 839//1724 837//1722 813//1698
f 814//1699 840//1725 838//1723
f 822//1707 848//1733 840//1725
f 825//1710 823//1708 849//1734
f 823//1708 824//1709 850//1735
f 833//1718 825//1710 851//1736
f 826//1711 852//1737 824//1709
f 827//1712 853//1738 826//1711
f 828//1713 854//1739 827//1712
f 829//1714 855//1740 828//1713
f 830//1715 856//1741 829//1714
f 841//1726 857//1742 830//1715
f 841//1726 831//1716 857//1742
f 831//1716 832//1717 858//1743
f 832//1717 842//1727 859//1744
f 816//1701 843//1728 842//1727
f 846//1731 820//1705 844//1729
f 834//1719 833//1718 860//1745
f 835//1720 834//1719 861//1746
f 845//1730 835//1720 862//1747
f 845//1730 862//1747 836//1721
f 836//1721 863//1748 844//1729
f 848//1733 822//1707 846//1731
f 864//1749 843//1728 837//1722
f 838//1723 865//1750 847//1732
f 839//1724 847//1732 866//1751
f 837//1722 839//1724 864//1749
f 865//1750 838//1723 840//1725
f 867//1752 840//1725 848//1733
f 850//1735 849//1734 823//1708
f 849//1734 851//1736 825//1710
f 868//1753 850//1735 824//1709
f 851//1736 860//1745 833//1718
f 868//1753 824//1709 852//1737
f 852//1737 826//1711 853//1738
f 853//1738 827//1712 854//1739
f 854//1739 828//1713 855//1740
f 855//1740 829//1714 856//1741
f 856//1741 830//1715 857//1742
f 858//1743 857//1742 831//1716
f 859//1744 858//1743 832//1717
f 869//1754 859//1744 842//1727
f 870//1755 842//1727 843//1728
f 846//1731 844//1729 871//1756
f 860//1745 861//1746 834//1719
f 861//1746 862//1747 835//1720
f 863//1748 836//1721 862//1747
f 872//1757 844//1729 863//1748
f 848//1733 846//1731 873//1758
f 843//1728 864//1749 870//1755
f 874//1759 847//1732 865//1750
f 874//1759 866//1751 847//1732
f 866//1751 864//1749 839//1724
f 840//1725 867//1752 865//1750
f 848//1733 873//1758 867//1752
f 850//1760 858//1760 849//1760
f 849//1760 859//1760 851//1760
f 868//1760 857//1760 850//1760
f 851//1760 869//1760 860//1760
f 852//1760 856//1760 868//1760
f 853//1760 855//1760 852//1760
f 854//1760 855//1760 853//1760
f 855//1760 856//1760 852//1760
f 856//1760 857//1760 868//1760
f 857//1760 858//1760 850//1760
f 858//1760 859//1760 849//1760
f 859//1760 869//1760 851//1760
f 842//1727 870//1755 869//1754
f 872//1757 871//1756 844//1729
f 871//1756 873//1758 846//1731
f 860//1760 875//1760 861//1760
f 861//1760 876//1760 862//1760
f 862//1760 877//1760 863//1760
f 863//1760 878//1760 872//1760
f 879//1761 870//1755 864//1749
f 865//1750 880//1762 874//1759
f 866//1751 874//1759 881//1763
f 864//1749 866//1751 879//1761
f 880//1762 865//1750 867//1752
f 882//1764 867//1752 873//1758
f 869//1760 875//1760 860//1760
f 875//1765 869//1754 870//1755
f 872//1760 883//1760 871//1760
f 873//1760 871//1760 882//1760
f 875//1760 876//1760 861//1760
f 876//1760 877//1760 862//1760
f 877//1760 878//1760 863//1760
f 878//1760 883//1760 872//1760
f 870//1755 879//1761 875//1765
f 884//1766 874//1759 880//1762
f 884//1766 881//1763 874//1759
f 881//1763 879//1761 866//1751
f 867//1752 882//1764 880//1762
f 883//1760 882//1760 871//1760
f 876//1767 875//1765 879//1761
f 877//1768 876//1767 881//1763
f 878//1769 877//1768 884//1766
f 883//1770 878//1769 880//1762
f 884//1766 880//1762 878//1769
f 881//1763 884//1766 877//1768
f 879//1761 881//1763 876//1767
f 883//1770 880//1762 882//1764
usemtl material_2_0
f 8//1771 2//1771 4//1771
f 12//1771 4//1771 7//1771
f 13//1771 2//1771 8//1771
f 8//1771 4//1771 12//1771
f 13//1771 9//1771 2//1771
f 12//1771 7//1771 19//1771
f 9//1771 13//1771 14//1771
f 19//1771 7//1771 18//1771
f 19//1771 18//1771 33//1771
f 33//1771 18//1771 32//1771
f 33//1771 32//1771 48//1771
f 48//1771 32//1771 47//1771
f 48//1771 47//1771 65//1771
f 65//1771 47//1771 64//1771
f 65//1771 64//1771 85//1771
f 85//1771 64//1771 84//1771
f 85//1771 84//1771 107//1771
f 107//1771 84//1771 106//1771
f 107//1771 106//1771 133//1771
f 133//1771 106//1771 148//1771
f 133//1771 148//1771 165//1771
f 165//1771 148//1771 181//1771
f 165//1771 181//1771 201//1771
f 201//1771 181//1771 218//1771
f 849//1772 858//1772 850//1772
f 851//1772 859//1772 849//1772
f 850//1772 857//1772 868//1772
f 860//1772 869//1772 851//1772
f 868//1772 856//1772 852//1772
f 852//1772 855//1772 853//1772
f 853//1772 855//1772 854//1772
f 852//1772 856//1772 855//1772
f 868//1772 857//1772 856//1772
f 850//1772 858//1772 857//1772
f 849//1772 859//1772 858//1772
f 851//1772 869//1772 859//1772
f 861//1772 875//1772 860//1772
f 862//1772 876//1772 861//1772
f 863//1772 877//1772 862//1772
f 872//1772 878//1772 863//1772
f 860//1772 875//1772 869//1772
f 871//1772 883//1772 872//1772
f 882//1772 871//1772 873//1772
f 861//1772 876//1772 875//1772
f 862//1772 877//1772 876//1772
f 863//1772 878//1772 877//1772
f 872//1772 883//1772 878//1772
f 871//1772 882//1772 883//1772
