# SSTK version 0.8.0
# 3
mtllib original-3.mtl
o mesh2/mesh2-geometry#mesh2-geometry
v -0.341838 0.054309 0.499464
v -0.335790 -0.021096 0.499501
v -0.335881 -0.021096 0.501813
v -0.341521 0.054309 0.497105
v -0.328243 -0.077783 0.501774
v -0.341937 0.054309 0.501843
v -0.343564 0.106092 0.497117
v -0.335497 -0.021096 0.497209
v -0.328163 -0.077783 0.499610
v -0.328141 -0.077783 0.503938
v -0.343888 0.106092 0.499475
v -0.335767 -0.021096 0.504123
v -0.343019 0.106092 0.494801
v -0.340986 0.054309 0.494788
v -0.321288 -0.117288 0.501739
v -0.321198 -0.117288 0.503723
v -0.343988 0.106092 0.501853
v -0.341814 0.054309 0.504221
v -0.343700 0.116805 0.499519
v -0.343381 0.116804 0.497205
v -0.335004 -0.021096 0.494958
v -0.327903 -0.077783 0.497464
v -0.321218 -0.117288 0.499755
v -0.320951 -0.117288 0.505687
v -0.327860 -0.077783 0.506081
v -0.343864 0.106092 0.504231
v -0.343799 0.116804 0.501852
v -0.335451 -0.021096 0.506412
v -0.342845 0.116804 0.494932
v -0.342258 0.106092 0.492547
v -0.340240 0.054309 0.492534
v -0.316351 -0.141147 0.499896
v -0.316413 -0.141147 0.501714
v -0.316111 -0.141147 0.505333
v -0.343676 0.116805 0.504185
v -0.341473 0.054309 0.506577
v -0.343140 0.125338 0.499587
v -0.343237 0.125338 0.501850
v -0.342831 0.125338 0.497343
v -0.334314 -0.021096 0.492767
v -0.327466 -0.077783 0.495356
v -0.320991 -0.117288 0.497787
v -0.316333 -0.141147 0.503532
v -0.315748 -0.141147 0.507100
v -0.320547 -0.117288 0.507616
v -0.327401 -0.077783 0.508184
v -0.343334 0.116805 0.506496
v -0.334935 -0.021096 0.508658
v -0.343516 0.106092 0.506585
v -0.342310 0.125337 0.495140
v -0.342096 0.116804 0.492721
v -0.341288 0.106092 0.490377
v -0.339289 0.054309 0.490363
v -0.313474 -0.153174 0.500001
v -0.316147 -0.141147 0.498093
v -0.313531 -0.153174 0.501700
v -0.313457 -0.153174 0.503399
v -0.312915 -0.153174 0.506733
v -0.342785 0.125338 0.506351
v -0.343118 0.125338 0.504111
v -0.340915 0.054309 0.508888
v -0.341924 0.136016 0.499714
v -0.342014 0.136016 0.501843
v -0.341632 0.136016 0.497603
v -0.341142 0.116804 0.490591
v -0.333435 -0.021096 0.490658
v -0.326854 -0.077783 0.493306
v -0.320606 -0.117288 0.495855
v -0.313251 -0.153174 0.505081
v -0.312454 -0.153174 0.508338
v -0.315250 -0.141147 0.508817
v -0.319992 -0.117289 0.509490
v -0.326769 -0.077783 0.510228
v -0.342775 0.116805 0.508763
v -0.342242 0.125337 0.508550
v -0.341902 0.136016 0.503972
v -0.334223 -0.021096 0.510842
v -0.342948 0.106092 0.508896
v -0.341141 0.136016 0.495529
v -0.341583 0.125338 0.492996
v -0.339990 0.116804 0.488562
v -0.340117 0.106092 0.488309
v -0.338142 0.054309 0.488295
v -0.312376 -0.157183 0.500035
v -0.313285 -0.153174 0.498316
v -0.315803 -0.141147 0.496323
v -0.312432 -0.157183 0.501694
v -0.312161 -0.157183 0.504997
v -0.311838 -0.157183 0.506610
v -0.311393 -0.157183 0.508177
v -0.341589 0.136016 0.506080
v -0.341077 0.136016 0.508148
v -0.340147 0.054309 0.511135
v -0.338922 0.154202 0.500002
v -0.338904 0.154201 0.503653
v -0.338671 0.154202 0.498192
v -0.340656 0.125338 0.490931
v -0.332375 -0.021096 0.488649
v -0.326074 -0.077783 0.491331
v -0.320070 -0.117288 0.493976
v -0.312360 -0.157183 0.503353
v -0.310829 -0.157183 0.509686
v -0.311869 -0.153174 0.509882
v -0.314619 -0.141147 0.510470
v -0.319288 -0.117289 0.511293
v -0.325969 -0.077783 0.512195
v -0.342164 0.106092 0.511142
v -0.341494 0.125338 0.510686
v -0.338635 0.154202 0.505461
v -0.333323 -0.021096 0.512942
v -0.339000 0.154202 0.501828
v -0.338249 0.154202 0.496414
v -0.340455 0.136016 0.493512
v -0.339537 0.125338 0.488964
v -0.338652 0.116804 0.486653
v -0.338757 0.106092 0.486363
v -0.336808 0.054309 0.486348
v -0.312161 -0.157183 0.500034
v -0.312195 -0.157183 0.498389
v -0.312966 -0.153174 0.496661
v -0.315321 -0.141147 0.494600
v -0.312216 -0.157183 0.501693
v -0.312145 -0.157183 0.503352
v -0.311949 -0.157183 0.504996
v -0.311631 -0.157183 0.506609
v -0.311192 -0.157183 0.508176
v -0.342004 0.116804 0.510967
v -0.338195 0.154201 0.507235
v -0.340371 0.136016 0.510159
v -0.339174 0.054309 0.513296
v -0.338245 0.161905 0.500066
v -0.338227 0.161905 0.503583
v -0.338004 0.161905 0.498322
v -0.339581 0.136016 0.491569
v -0.331142 -0.021096 0.486758
v -0.325133 -0.077783 0.489450
v -0.319385 -0.117288 0.492165
v -0.311982 -0.157182 0.498388
v -0.310637 -0.157183 0.509685
v -0.310154 -0.157183 0.511121
v -0.311168 -0.153174 0.511352
v -0.313861 -0.141147 0.512043
v -0.318445 -0.117289 0.513009
v -0.325009 -0.077783 0.514066
v -0.341028 0.116804 0.513086
v -0.340546 0.125338 0.512742
v -0.337589 0.154202 0.508959
v -0.339478 0.136016 0.512093
v -0.337545 0.161905 0.507033
v -0.332242 -0.021096 0.514940
v -0.341172 0.106092 0.513302
v -0.338320 0.161905 0.501825
v -0.337968 0.161905 0.505324
v -0.337597 0.161905 0.496609
v -0.337661 0.154202 0.494684
v -0.338527 0.136016 0.489717
v -0.338238 0.125338 0.487112
v -0.337140 0.116805 0.484880
v -0.337220 0.106092 0.484556
v -0.335301 0.054309 0.484541
v -0.311887 -0.157182 0.496773
v -0.311680 -0.157182 0.496772
v -0.312521 -0.153174 0.495051
v -0.314707 -0.141147 0.492941
v -0.336821 0.154202 0.510617
v -0.338006 0.054309 0.515352
v -0.337556 0.164754 0.500129
v -0.337629 0.164754 0.501821
v -0.337290 0.164754 0.505189
v -0.337324 0.164754 0.498450
v -0.336910 0.154202 0.493018
v -0.336769 0.125338 0.485393
v -0.329749 -0.021096 0.485002
v -0.324039 -0.077783 0.487680
v -0.318558 -0.117288 0.490441
v -0.309972 -0.157183 0.511120
v -0.309371 -0.157183 0.512470
v -0.310356 -0.153174 0.512733
v -0.312985 -0.141147 0.513521
v -0.317468 -0.117288 0.514622
v -0.323898 -0.077783 0.515826
v -0.339981 0.106092 0.515358
v -0.339408 0.125338 0.514697
v -0.338405 0.136016 0.513934
v -0.336961 0.161905 0.508693
v -0.335900 0.154201 0.512196
v -0.336882 0.164754 0.506834
v -0.330991 -0.021096 0.516819
v -0.337539 0.164754 0.503513
v -0.336933 0.164754 0.496802
v -0.337030 0.161905 0.494943
v -0.336005 0.154202 0.491430
v -0.337302 0.136016 0.487975
v -0.335143 0.125338 0.483822
v -0.335466 0.116804 0.483259
v -0.335519 0.106092 0.482905
v -0.333633 0.054309 0.482889
v -0.311458 -0.157182 0.495201
v -0.311257 -0.157182 0.495200
v -0.311952 -0.153174 0.493501
v -0.313966 -0.141147 0.491361
v -0.339857 0.116804 0.515104
v -0.336320 0.164754 0.508432
v -0.335333 0.161905 0.511811
v -0.336221 0.161905 0.510291
v -0.336652 0.054309 0.517285
v -0.332781 0.165070 0.500560
v -0.335310 0.164988 0.501810
v -0.332768 0.165070 0.503033
v -0.335015 0.164988 0.504739
v -0.332288 0.165070 0.505460
v -0.335045 0.164988 0.498877
v -0.336306 0.161905 0.493338
v -0.335917 0.136016 0.486357
v -0.334385 0.136016 0.484879
v -0.328207 -0.021096 0.483397
v -0.322803 -0.077783 0.486036
v -0.317598 -0.117288 0.488818
v -0.309201 -0.157183 0.512469
v -0.308489 -0.157183 0.513721
v -0.309442 -0.153174 0.514014
v -0.311996 -0.141147 0.514891
v -0.316366 -0.117288 0.516118
v -0.322645 -0.077783 0.517457
v -0.338602 0.106092 0.517290
v -0.338499 0.116804 0.516999
v -0.337162 0.136016 0.515663
v -0.334833 0.154202 0.513679
v -0.334172 0.164988 0.507560
v -0.329580 -0.021096 0.518561
v -0.332325 0.165070 0.498129
v -0.336387 0.164754 0.495198
v -0.335434 0.161905 0.491809
v -0.334952 0.154202 0.489936
v -0.333377 0.125338 0.482413
v -0.332720 0.136016 0.483553
v -0.333648 0.116805 0.481806
v -0.333671 0.106093 0.481424
v -0.331821 0.054309 0.481408
v -0.310910 -0.157182 0.493687
v -0.310718 -0.157182 0.493686
v -0.311266 -0.153174 0.492025
v -0.313104 -0.141147 0.489874
v -0.338089 0.125338 0.516536
v -0.335608 0.164754 0.509970
v -0.334754 0.164754 0.511433
v -0.334305 0.161905 0.513240
v -0.331357 0.165070 0.507751
v -0.335127 0.054309 0.519077
v -0.319824 0.165175 0.501732
v -0.335690 0.164754 0.493653
v -0.333763 0.154202 0.488549
v -0.332447 0.154202 0.487281
v -0.331016 0.154201 0.486144
v -0.326531 -0.021096 0.481958
v -0.321434 -0.077783 0.484534
v -0.316512 -0.117288 0.487312
v -0.308333 -0.157183 0.513721
v -0.307516 -0.157183 0.514863
v -0.308431 -0.153174 0.515183
v -0.310905 -0.141147 0.516142
v -0.315151 -0.117288 0.517482
v -0.321261 -0.077783 0.518945
v -0.337046 0.106092 0.519082
v -0.336969 0.116805 0.518757
v -0.335762 0.136016 0.517267
v -0.333629 0.154202 0.515054
v -0.333764 0.164754 0.512808
v -0.333146 0.161905 0.514565
v -0.328021 -0.021096 0.520150
v -0.334230 0.164988 0.496049
v -0.334851 0.164754 0.492181
v -0.334420 0.161905 0.490370
v -0.331485 0.125338 0.481179
v -0.330936 0.136016 0.482392
v -0.329484 0.154202 0.485148
v -0.331700 0.116804 0.480533
v -0.331691 0.106092 0.480127
v -0.329879 0.054309 0.480111
v -0.310249 -0.157182 0.492245
v -0.310067 -0.157182 0.492244
v -0.310468 -0.153174 0.490635
v -0.312129 -0.141147 0.488494
v -0.336603 0.125338 0.518240
v -0.332809 0.164988 0.510170
v -0.330010 0.165070 0.509825
v -0.332648 0.164754 0.514083
v -0.333443 0.054309 0.520712
v -0.331417 0.165070 0.495829
v -0.333274 0.161905 0.489033
v -0.332006 0.161905 0.487812
v -0.330628 0.161905 0.486717
v -0.329152 0.161905 0.485758
v -0.324735 -0.021096 0.480698
v -0.319947 -0.077783 0.483187
v -0.315309 -0.117288 0.485935
v -0.307374 -0.157183 0.514862
v -0.306459 -0.157183 0.515885
v -0.307336 -0.153174 0.516229
v -0.309722 -0.141147 0.517261
v -0.313832 -0.117289 0.518703
v -0.319760 -0.077783 0.520277
v -0.335329 0.106092 0.520716
v -0.334962 0.125338 0.519794
v -0.334215 0.136016 0.518730
v -0.332300 0.154202 0.516309
v -0.331865 0.161905 0.515773
v -0.330978 0.164988 0.512475
v -0.326331 -0.021096 0.521572
v -0.332894 0.164988 0.493425
v -0.333875 0.164754 0.490796
v -0.329485 0.125338 0.480131
v -0.329051 0.136016 0.481406
v -0.327865 0.154202 0.484303
v -0.327591 0.161905 0.484943
v -0.329640 0.116805 0.479452
v -0.329597 0.106092 0.479025
v -0.327826 0.054309 0.479009
v -0.309480 -0.157182 0.490888
v -0.309310 -0.157182 0.490887
v -0.309566 -0.153174 0.489345
v -0.311051 -0.141147 0.487232
v -0.335279 0.116804 0.520361
v -0.328294 0.165070 0.511606
v -0.331416 0.164754 0.515246
v -0.331615 0.054309 0.522175
v -0.330091 0.165070 0.493741
v -0.332772 0.164754 0.489510
v -0.330225 0.164754 0.487280
v -0.328804 0.164754 0.486357
v -0.327302 0.164754 0.485573
v -0.322837 -0.021096 0.479628
v -0.318353 -0.077783 0.482008
v -0.314003 -0.117288 0.484700
v -0.306334 -0.157183 0.515884
v -0.305330 -0.157183 0.516777
v -0.306164 -0.153174 0.517143
v -0.308456 -0.141147 0.518239
v -0.312421 -0.117289 0.519770
v -0.318155 -0.077783 0.521440
v -0.333465 0.106092 0.522178
v -0.333446 0.116805 0.521796
v -0.332536 0.136016 0.520039
v -0.330859 0.154201 0.517431
v -0.330476 0.161905 0.516854
v -0.330079 0.164754 0.516287
v -0.324523 -0.021096 0.522813
v -0.331086 0.164988 0.491102
v -0.328743 0.164988 0.514391
v -0.331551 0.164754 0.488335
v -0.327394 0.125337 0.479279
v -0.327080 0.136016 0.480604
v -0.326172 0.154202 0.483615
v -0.325960 0.161905 0.484281
v -0.325732 0.164754 0.484936
v -0.327488 0.116805 0.478574
v -0.327409 0.106092 0.478130
v -0.325681 0.054309 0.478113
v -0.308611 -0.157182 0.489628
v -0.308454 -0.157182 0.489628
v -0.308567 -0.153174 0.488166
v -0.309879 -0.141147 0.486101
v -0.333182 0.125338 0.521186
v -0.329661 0.054309 0.523453
v -0.328393 0.165070 0.491943
v -0.326272 0.165070 0.513031
v -0.328870 0.164988 0.489162
v -0.326385 0.165070 0.490498
v -0.326328 0.164988 0.487678
v -0.320854 -0.021096 0.478758
v -0.316669 -0.077783 0.481006
v -0.312603 -0.117288 0.483620
v -0.305222 -0.157183 0.516776
v -0.304138 -0.157183 0.517532
v -0.304927 -0.153174 0.517916
v -0.307120 -0.141147 0.519066
v -0.310932 -0.117289 0.520673
v -0.316460 -0.077783 0.522424
v -0.331472 0.106092 0.523455
v -0.331277 0.125338 0.522400
v -0.330741 0.136016 0.521182
v -0.329317 0.154202 0.518411
v -0.328649 0.164754 0.517196
v -0.322615 -0.021096 0.523864
v -0.324017 0.165070 0.514047
v -0.325232 0.125338 0.478630
v -0.325042 0.136016 0.479993
v -0.324421 0.154202 0.483091
v -0.324274 0.161905 0.483776
v -0.324109 0.164754 0.484450
v -0.324141 0.165070 0.489459
v -0.325262 0.116805 0.477904
v -0.325147 0.106092 0.477447
v -0.323463 0.054309 0.477431
v -0.307649 -0.157182 0.488477
v -0.307507 -0.157182 0.488476
v -0.307482 -0.153174 0.487109
v -0.308623 -0.141147 0.485111
v -0.331485 0.116804 0.523048
v -0.328990 0.161905 0.517798
v -0.327597 0.054309 0.524534
v -0.326186 0.164988 0.515851
v -0.323399 0.164988 0.516799
v -0.318802 -0.021096 0.478096
v -0.314908 -0.077783 0.480192
v -0.311123 -0.117288 0.482702
v -0.304048 -0.157183 0.517532
v -0.302893 -0.157183 0.518143
v -0.303635 -0.153174 0.518542
v -0.305725 -0.141147 0.519736
v -0.309377 -0.117288 0.521403
v -0.314691 -0.077783 0.523220
v -0.329368 0.106092 0.524535
v -0.329415 0.116805 0.524109
v -0.328846 0.136016 0.522150
v -0.327689 0.154202 0.519241
v -0.327422 0.161905 0.518597
v -0.320622 -0.021096 0.524714
v -0.327139 0.164754 0.517965
v -0.325563 0.164754 0.518586
v -0.321611 0.165070 0.514618
v -0.323019 0.125338 0.478190
v -0.322956 0.136016 0.479579
v -0.322629 0.154202 0.482736
v -0.322547 0.161905 0.483435
v -0.322447 0.164754 0.484121
v -0.323551 0.164988 0.486701
v -0.321740 0.165070 0.488864
v -0.322983 0.116804 0.477451
v -0.322831 0.106092 0.476985
v -0.321191 0.054309 0.476969
v -0.306603 -0.157182 0.487445
v -0.306477 -0.157182 0.487444
v -0.306320 -0.153174 0.486184
v -0.307295 -0.141147 0.484270
v -0.329266 0.125337 0.523428
v -0.325443 0.054309 0.525408
v -0.323934 0.164754 0.519056
v -0.319140 0.165070 0.514723
v -0.320639 0.164988 0.486267
v -0.316702 -0.021096 0.477648
v -0.313087 -0.077783 0.479573
v -0.309576 -0.117288 0.481956
v -0.302823 -0.157183 0.518143
v -0.301608 -0.157183 0.518605
v -0.302302 -0.153174 0.519014
v -0.304285 -0.141147 0.520241
v -0.307772 -0.117289 0.521955
v -0.312864 -0.077783 0.523822
v -0.327254 0.116805 0.524966
v -0.327167 0.125337 0.524259
v -0.326867 0.136016 0.522932
v -0.325989 0.154202 0.519911
v -0.325784 0.161905 0.519243
v -0.318564 -0.021096 0.525356
v -0.327171 0.106092 0.525409
v -0.322269 0.164754 0.519368
v -0.320483 0.164988 0.517204
v -0.317543 0.164988 0.517049
v -0.320774 0.125337 0.477964
v -0.320839 0.136016 0.479366
v -0.320811 0.154202 0.482553
v -0.320795 0.161905 0.483258
v -0.320761 0.164754 0.483951
v -0.319270 0.165070 0.488734
v -0.320671 0.116804 0.477217
v -0.320481 0.106092 0.476747
v -0.318887 0.054309 0.476731
v -0.305482 -0.157182 0.486541
v -0.305091 -0.153174 0.485398
v -0.305907 -0.141147 0.483587
v -0.323218 0.054309 0.526068
v -0.324093 0.161905 0.519731
v -0.320582 0.164754 0.519520
v -0.318887 0.164754 0.519512
v -0.316693 0.165070 0.514359
v -0.319066 0.164754 0.483943
v -0.316821 0.165070 0.489074
v -0.314571 -0.021096 0.477417
v -0.311222 -0.077783 0.479153
v -0.307976 -0.117289 0.481388
v -0.305374 -0.157182 0.486541
v -0.301557 -0.157183 0.518605
v -0.300293 -0.157183 0.518913
v -0.300938 -0.153174 0.519329
v -0.302812 -0.141147 0.520578
v -0.306130 -0.117288 0.522322
v -0.310995 -0.077783 0.524222
v -0.324902 0.106092 0.526068
v -0.324999 0.125338 0.524887
v -0.324233 0.154202 0.520417
v -0.316459 -0.021096 0.525783
v -0.322362 0.161905 0.520055
v -0.317201 0.164754 0.519342
v -0.314360 0.165070 0.513538
v -0.318517 0.125338 0.477952
v -0.318712 0.136016 0.479355
v -0.318984 0.154202 0.482544
v -0.319035 0.161905 0.483250
v -0.314833 0.164988 0.487072
v -0.317697 0.164988 0.486392
v -0.317379 0.164754 0.484095
v -0.318348 0.116804 0.477205
v -0.318120 0.106092 0.476735
v -0.316572 0.054309 0.476720
v -0.304298 -0.157182 0.485774
v -0.303806 -0.153174 0.484760
v -0.304472 -0.141147 0.483066
v -0.325022 0.116805 0.525613
v -0.324823 0.136016 0.523522
v -0.320942 0.054309 0.526507
v -0.322438 0.154202 0.520754
v -0.320609 0.161905 0.520214
v -0.318849 0.161905 0.520205
v -0.317097 0.161905 0.520029
v -0.315539 0.164754 0.519013
v -0.314685 0.164988 0.516340
v -0.312013 0.164988 0.515104
v -0.314085 0.164754 0.484877
v -0.314479 0.165070 0.489871
v -0.315714 0.164754 0.484408
v -0.312430 -0.021096 0.477406
v -0.309331 -0.077783 0.478938
v -0.306338 -0.117288 0.481004
v -0.304208 -0.157182 0.485773
v -0.300262 -0.157183 0.518912
v -0.298961 -0.157183 0.519064
v -0.301319 -0.141147 0.520744
v -0.304466 -0.117288 0.522503
v -0.309101 -0.077783 0.524419
v -0.322738 0.116804 0.526043
v -0.322781 0.125338 0.525304
v -0.322732 0.136016 0.523915
v -0.314326 -0.021096 0.525992
v -0.322581 0.106092 0.526507
v -0.315370 0.161905 0.519687
v -0.313916 0.164754 0.518528
v -0.312346 0.164754 0.517890
v -0.312225 0.165070 0.512291
v -0.316034 0.116804 0.477416
v -0.316270 0.125338 0.478156
v -0.316594 0.136016 0.479547
v -0.317165 0.154202 0.482709
v -0.312509 0.164754 0.485499
v -0.312331 0.165070 0.491097
v -0.317282 0.161905 0.483408
v -0.315768 0.106092 0.476950
v -0.314265 0.054309 0.476934
v -0.303059 -0.157182 0.485150
v -0.302477 -0.153174 0.484273
v -0.303002 -0.141147 0.482715
v -0.299556 -0.153174 0.519484
v -0.318635 0.054309 0.526722
v -0.320618 0.154202 0.520919
v -0.318791 0.154201 0.520909
v -0.316973 0.154202 0.520727
v -0.315181 0.154202 0.520372
v -0.313684 0.161905 0.519182
v -0.310844 0.164754 0.517106
v -0.310364 0.165070 0.510662
v -0.313860 0.161905 0.484220
v -0.312222 0.161905 0.484866
v -0.309742 0.164988 0.489977
v -0.312149 0.164988 0.488281
v -0.310999 0.164754 0.486267
v -0.315551 0.161905 0.483733
v -0.310297 -0.021096 0.477615
v -0.307429 -0.077783 0.478928
v -0.304676 -0.117288 0.480807
v -0.302989 -0.157182 0.485150
v -0.298951 -0.157183 0.519064
v -0.299820 -0.141147 0.520736
v -0.302796 -0.117289 0.522494
v -0.307200 -0.077783 0.524409
v -0.312185 -0.021096 0.525981
v -0.320424 0.116804 0.526254
v -0.320614 0.136016 0.524107
v -0.316320 0.054309 0.526710
v -0.320229 0.106092 0.526722
v -0.313430 0.154202 0.519848
v -0.312053 0.161905 0.518520
v -0.310492 0.161905 0.517705
v -0.309423 0.164754 0.516183
v -0.309624 0.164988 0.513384
v -0.307603 0.164988 0.511243
v -0.313751 0.116804 0.477846
v -0.314503 0.136016 0.479940
v -0.310654 0.161905 0.485665
v -0.310454 0.165070 0.492707
v -0.308232 0.164754 0.488217
v -0.309569 0.164754 0.487176
v -0.313447 0.106092 0.477389
v -0.311989 0.054309 0.477374
v -0.301779 -0.157182 0.484676
v -0.301116 -0.153174 0.483945
v -0.301511 -0.141147 0.482534
v -0.298169 -0.153174 0.519477
v -0.320534 0.125337 0.525508
v -0.317868 0.106092 0.526709
v -0.318487 0.136016 0.524096
v -0.316371 0.136016 0.523883
v -0.314284 0.136016 0.523469
v -0.312246 0.136016 0.522858
v -0.311738 0.154202 0.519160
v -0.309016 0.161905 0.516746
v -0.308097 0.164754 0.515129
v -0.306876 0.164754 0.513953
v -0.308845 0.165070 0.508710
v -0.314052 0.125338 0.478574
v -0.315369 0.154202 0.483046
v -0.313613 0.154202 0.483552
v -0.310285 0.154202 0.485052
v -0.308915 0.165070 0.494643
v -0.307000 0.164754 0.489380
v -0.309168 0.161905 0.486609
v -0.308192 -0.021096 0.478043
v -0.305536 -0.077783 0.479125
v -0.303006 -0.117288 0.480799
v -0.301728 -0.157182 0.484675
v -0.297624 -0.157183 0.519057
v -0.298329 -0.141147 0.520556
v -0.301134 -0.117288 0.522297
v -0.305309 -0.077783 0.524194
v -0.310054 -0.021096 0.525751
v -0.318101 0.116804 0.526242
v -0.318278 0.125338 0.525496
v -0.314016 0.054309 0.526472
v -0.310276 0.136016 0.522056
v -0.310118 0.154202 0.518315
v -0.308586 0.154202 0.517319
v -0.305773 0.164754 0.512667
v -0.307722 0.165070 0.506506
v -0.311518 0.116804 0.478493
v -0.311178 0.106092 0.478048
v -0.311884 0.125338 0.479201
v -0.312460 0.136016 0.480530
v -0.311914 0.154202 0.484222
v -0.308743 0.154202 0.486032
v -0.306095 0.164988 0.494566
v -0.307699 0.164988 0.492098
v -0.305884 0.164754 0.490655
v -0.306499 0.161905 0.488899
v -0.309764 0.054309 0.478033
v -0.300467 -0.157182 0.484355
v -0.299736 -0.153174 0.483776
v -0.300013 -0.141147 0.482527
v -0.296294 -0.157183 0.518893
v -0.296788 -0.153174 0.519308
v -0.315519 0.106092 0.526472
v -0.316033 0.125338 0.525270
v -0.313819 0.125338 0.524830
v -0.311657 0.125338 0.524181
v -0.309567 0.125338 0.523329
v -0.308390 0.136016 0.521070
v -0.307638 0.161905 0.515651
v -0.306370 0.161905 0.514430
v -0.304797 0.164754 0.511282
v -0.306024 0.164988 0.508758
v -0.304943 0.164988 0.506020
v -0.310481 0.136016 0.481312
v -0.308585 0.136016 0.482279
v -0.306790 0.136016 0.483423
v -0.307771 0.165070 0.496836
v -0.304040 0.164754 0.493493
v -0.304894 0.164754 0.492030
v -0.305339 0.161905 0.490223
v -0.307779 0.161905 0.487690
v -0.306134 -0.021096 0.478684
v -0.303667 -0.077783 0.479525
v -0.301343 -0.117288 0.480979
v -0.300437 -0.157182 0.484355
v -0.299137 -0.157182 0.484190
v -0.296325 -0.157183 0.518893
v -0.295427 -0.153174 0.518979
v -0.296860 -0.141147 0.520204
v -0.299496 -0.117288 0.521913
v -0.303444 -0.077783 0.523774
v -0.307954 -0.021096 0.525302
v -0.315790 0.116804 0.526008
v -0.311744 0.054309 0.526010
v -0.307566 0.125338 0.522281
v -0.306607 0.136016 0.519908
v -0.307155 0.154202 0.516182
v -0.305224 0.161905 0.513094
v -0.303957 0.164754 0.509811
v -0.303262 0.164754 0.508266
v -0.307038 0.165070 0.504129
v -0.309357 0.116804 0.479350
v -0.308981 0.106092 0.478922
v -0.309785 0.125338 0.480032
v -0.305112 0.136016 0.484731
v -0.307062 0.165070 0.499205
v -0.303328 0.164754 0.495031
v -0.304311 0.161905 0.491652
v -0.305973 0.154202 0.488409
v -0.307301 0.154202 0.487154
v -0.307610 0.054309 0.478907
v -0.298520 -0.141147 0.482692
v -0.298348 -0.153174 0.483769
v -0.295033 -0.157183 0.518572
v -0.297634 -0.157183 0.519057
v -0.294982 -0.157183 0.518571
v -0.313202 0.106092 0.526009
v -0.313511 0.116804 0.525554
v -0.311285 0.116804 0.524885
v -0.309132 0.116804 0.524006
v -0.307073 0.116804 0.522926
v -0.305674 0.125337 0.521047
v -0.305839 0.154202 0.514914
v -0.304210 0.161905 0.511654
v -0.302715 0.164754 0.506662
v -0.306815 0.165070 0.501666
v -0.307774 0.125338 0.481060
v -0.304089 0.125338 0.483666
v -0.304416 0.164988 0.500182
v -0.304987 0.164988 0.497294
v -0.302766 0.164754 0.496629
v -0.303423 0.161905 0.493172
v -0.303702 0.154202 0.491268
v -0.304769 0.154202 0.489784
v -0.304141 -0.021096 0.479534
v -0.301840 -0.077783 0.480126
v -0.299701 -0.117288 0.481347
v -0.299127 -0.157182 0.484190
v -0.296966 -0.153174 0.483924
v -0.297800 -0.157182 0.484183
v -0.293702 -0.157183 0.518097
v -0.294099 -0.153174 0.518494
v -0.295424 -0.141147 0.519684
v -0.297896 -0.117288 0.521345
v -0.301623 -0.077783 0.523155
v -0.305902 -0.021096 0.524640
v -0.309526 0.054309 0.525328
v -0.304941 0.136016 0.518583
v -0.304650 0.154202 0.513527
v -0.303337 0.161905 0.510125
v -0.302614 0.161905 0.508520
v -0.302324 0.164754 0.505013
v -0.304401 0.164988 0.503126
v -0.307287 0.116805 0.480410
v -0.306877 0.106092 0.480002
v -0.305870 0.125337 0.482275
v -0.302448 0.125338 0.485221
v -0.302108 0.164754 0.499950
v -0.302358 0.164754 0.498274
v -0.302099 0.161905 0.496430
v -0.302684 0.161905 0.494770
v -0.302781 0.154202 0.492846
v -0.302164 0.136016 0.487798
v -0.305546 0.054309 0.479988
v -0.297047 -0.141147 0.483029
v -0.293772 -0.157183 0.518097
v -0.310940 0.106092 0.525327
v -0.306659 0.106092 0.523330
v -0.305125 0.116805 0.521653
v -0.303409 0.136016 0.517104
v -0.303598 0.154202 0.512033
v -0.302047 0.161905 0.506854
v -0.302091 0.164754 0.503335
v -0.302020 0.164754 0.501642
v -0.303565 0.136016 0.486195
v -0.303493 0.116804 0.483098
v -0.301803 0.116804 0.484702
v -0.301676 0.161905 0.498139
v -0.302013 0.154202 0.494504
v -0.300921 0.136016 0.489528
v -0.299849 0.136016 0.491368
v -0.302233 -0.021096 0.480585
v -0.300071 -0.077783 0.480923
v -0.298095 -0.117288 0.481898
v -0.295602 -0.153174 0.484239
v -0.296468 -0.157182 0.484334
v -0.292553 -0.157183 0.517474
v -0.292464 -0.157183 0.517473
v -0.292814 -0.153174 0.517855
v -0.294036 -0.141147 0.519000
v -0.296350 -0.117289 0.520599
v -0.299862 -0.077783 0.522340
v -0.303919 -0.021096 0.523770
v -0.307381 0.054309 0.524432
v -0.308752 0.106092 0.524431
v -0.304679 0.106092 0.522033
v -0.303908 0.125338 0.519638
v -0.302024 0.136016 0.515487
v -0.302692 0.154202 0.510446
v -0.301942 0.154202 0.508779
v -0.301641 0.161905 0.505141
v -0.305326 0.116804 0.481664
v -0.300962 0.125338 0.486925
v -0.300273 0.116805 0.486459
v -0.301324 0.161905 0.501638
v -0.301416 0.161905 0.499880
v -0.301407 0.154202 0.496228
v -0.300967 0.154202 0.498002
v -0.298955 0.136016 0.493303
v -0.304884 0.106092 0.481279
v -0.303592 0.054309 0.481266
v -0.295606 -0.141147 0.483534
v -0.296499 -0.157182 0.484335
v -0.305328 0.054309 0.523330
v -0.303386 0.054309 0.522033
v -0.302830 0.106092 0.520552
v -0.303306 0.116804 0.520200
v -0.302283 0.125338 0.518067
v -0.300800 0.136016 0.513744
v -0.301352 0.154202 0.507049
v -0.303020 0.106092 0.482741
v -0.301303 0.106092 0.484375
v -0.298505 0.125337 0.490719
v -0.297558 0.125338 0.492774
v -0.299644 0.125337 0.488763
v -0.300425 -0.021096 0.481827
v -0.298376 -0.077783 0.481907
v -0.296541 -0.117288 0.482629
v -0.294269 -0.153174 0.484711
v -0.295153 -0.157182 0.484642
v -0.295204 -0.157182 0.484643
v -0.297810 -0.157182 0.484183
v -0.291387 -0.157183 0.516707
v -0.291279 -0.157183 0.516706
v -0.291585 -0.153174 0.517069
v -0.292709 -0.141147 0.518160
v -0.294869 -0.117289 0.519682
v -0.298178 -0.077783 0.521339
v -0.302020 -0.021096 0.522700
v -0.301574 0.054309 0.520552
v -0.300813 0.125338 0.516348
v -0.299745 0.136016 0.511893
v -0.298872 0.136016 0.509950
v -0.300931 0.154202 0.505271
v -0.301399 0.161905 0.503397
v -0.299748 0.106092 0.486166
v -0.300602 0.154202 0.501635
v -0.297738 0.136016 0.497382
v -0.300698 0.154202 0.499810
v -0.298249 0.136016 0.495313
v -0.301764 0.054309 0.482729
v -0.294212 -0.141147 0.484204
v -0.300225 -0.021096 0.521440
v -0.298549 -0.021096 0.520001
v -0.299906 0.054309 0.518900
v -0.301129 0.106092 0.518900
v -0.301633 0.116805 0.518579
v -0.299514 0.125338 0.514496
v -0.298186 0.136016 0.507932
v -0.298916 0.116804 0.488355
v -0.300080 0.054309 0.484364
v -0.297744 0.116804 0.490372
v -0.296768 0.116804 0.492492
v -0.296809 0.125337 0.494910
v -0.298734 -0.021096 0.483249
v -0.296771 -0.077783 0.483070
v -0.295052 -0.117288 0.483531
v -0.292978 -0.153174 0.485337
v -0.293868 -0.157182 0.485104
v -0.293939 -0.157182 0.485104
v -0.290284 -0.157183 0.515803
v -0.290159 -0.157183 0.515802
v -0.290422 -0.153174 0.516144
v -0.291453 -0.141147 0.517169
v -0.293470 -0.117289 0.518601
v -0.296584 -0.077783 0.520160
v -0.297007 -0.021096 0.518396
v -0.300120 0.116805 0.516806
v -0.298396 0.125338 0.512529
v -0.297469 0.125337 0.510464
v -0.297695 0.136016 0.505859
v -0.300680 0.154202 0.503461
v -0.298368 0.106092 0.488099
v -0.298554 0.054309 0.486156
v -0.297312 0.136016 0.501618
v -0.296266 0.125337 0.497109
v -0.297424 0.136016 0.499490
v -0.295997 0.116804 0.494696
v -0.292875 -0.141147 0.485031
v -0.289113 -0.157183 0.514770
v -0.295096 -0.077783 0.518813
v -0.293728 -0.077783 0.517311
v -0.295614 -0.021096 0.516641
v -0.298399 0.054309 0.517093
v -0.299592 0.106092 0.517094
v -0.298782 0.116805 0.514897
v -0.296741 0.125337 0.508321
v -0.297403 0.136016 0.503748
v -0.297176 -0.021096 0.484838
v -0.295933 0.125338 0.499349
v -0.296186 0.106092 0.492315
v -0.295402 0.106092 0.494561
v -0.295438 0.116805 0.496963
v -0.295270 -0.077783 0.484402
v -0.293641 -0.117288 0.484598
v -0.291741 -0.153174 0.486110
v -0.292624 -0.157182 0.485715
v -0.292713 -0.157182 0.485716
v -0.289254 -0.157183 0.514771
v -0.289337 -0.153174 0.515087
v -0.290280 -0.141147 0.516038
v -0.292163 -0.117288 0.517366
v -0.292491 -0.077783 0.515667
v -0.298232 0.106092 0.515148
v -0.297631 0.116804 0.512868
v -0.296677 0.116804 0.510738
v -0.296221 0.125337 0.506117
v -0.297177 0.106092 0.490154
v -0.297202 0.054309 0.488089
v -0.295765 -0.021096 0.486579
v -0.295815 0.125338 0.501611
v -0.295911 0.125338 0.503873
v -0.294834 0.106092 0.496871
v -0.291610 -0.141147 0.486009
v -0.288151 -0.157183 0.513619
v -0.290961 -0.117288 0.515989
v -0.289875 -0.117289 0.514483
v -0.291398 -0.077783 0.513897
v -0.294381 -0.021096 0.514750
v -0.297065 0.054309 0.515146
v -0.297062 0.106092 0.513080
v -0.295928 0.116804 0.508527
v -0.293887 -0.077783 0.485890
v -0.295096 0.116804 0.499274
v -0.294974 0.116804 0.501606
v -0.296033 0.054309 0.490145
v -0.295061 0.054309 0.492306
v -0.294292 0.054309 0.494553
v -0.294485 0.106092 0.499226
v -0.292322 -0.117288 0.485819
v -0.290569 -0.153174 0.487024
v -0.291431 -0.157182 0.486470
v -0.291539 -0.157182 0.486471
v -0.288307 -0.157183 0.513620
v -0.288339 -0.153174 0.513908
v -0.289202 -0.141147 0.514776
v -0.288914 -0.117289 0.512860
v -0.295918 0.054309 0.513078
v -0.296092 0.106092 0.510910
v -0.295392 0.116805 0.506254
v -0.294514 -0.021096 0.488458
v -0.292633 -0.077783 0.487521
v -0.293734 0.054309 0.496864
v -0.290426 -0.141147 0.487128
v -0.287281 -0.157183 0.512359
v -0.288228 -0.141147 0.513396
v -0.287366 -0.141147 0.511909
v -0.288088 -0.117288 0.511136
v -0.290456 -0.077783 0.512016
v -0.293320 -0.021096 0.512740
v -0.294967 0.054309 0.510907
v -0.295331 0.106092 0.508656
v -0.291106 -0.117288 0.487184
v -0.295072 0.116804 0.503940
v -0.294361 0.106092 0.501603
v -0.293433 -0.021096 0.490456
v -0.292533 -0.021096 0.492557
v -0.291821 -0.021096 0.494740
v -0.293393 0.054309 0.499220
v -0.289473 -0.153174 0.488070
v -0.290302 -0.157182 0.487363
v -0.290427 -0.157182 0.487363
v -0.287451 -0.157183 0.512360
v -0.287436 -0.153174 0.512618
v -0.286625 -0.141147 0.510329
v -0.292442 -0.021096 0.510631
v -0.294221 0.054309 0.508653
v -0.294786 0.106092 0.506340
v -0.291522 -0.077783 0.489281
v -0.290005 -0.117288 0.488679
v -0.294461 0.106092 0.503982
v -0.291305 -0.021096 0.496986
v -0.289335 -0.141147 0.488379
v -0.286513 -0.157183 0.511002
v -0.286639 -0.153174 0.511228
v -0.285952 -0.153174 0.509752
v -0.286010 -0.141147 0.508670
v -0.287403 -0.117288 0.509326
v -0.289677 -0.077783 0.510041
v -0.291752 -0.021096 0.508441
v -0.293687 0.054309 0.506336
v -0.293369 0.054309 0.503977
v -0.293271 0.054309 0.501598
v -0.290562 -0.077783 0.491152
v -0.289762 -0.077783 0.493119
v -0.289130 -0.077783 0.495163
v -0.290989 -0.021096 0.499275
v -0.288463 -0.153174 0.489239
v -0.289245 -0.157182 0.488384
v -0.289387 -0.157182 0.488385
v -0.286694 -0.157183 0.511003
v -0.285384 -0.153174 0.508201
v -0.289065 -0.077783 0.507991
v -0.291259 -0.021096 0.506190
v -0.289028 -0.117288 0.490292
v -0.288347 -0.141147 0.489749
v -0.288671 -0.077783 0.497266
v -0.285851 -0.157183 0.509560
v -0.285303 -0.157183 0.508046
v -0.284938 -0.153174 0.506592
v -0.285529 -0.141147 0.506948
v -0.286866 -0.117288 0.507446
v -0.288628 -0.077783 0.505883
v -0.290965 -0.021096 0.503898
v -0.290875 -0.021096 0.501586
v -0.288184 -0.117288 0.492008
v -0.287481 -0.117288 0.493811
v -0.286925 -0.117288 0.495686
v -0.288390 -0.077783 0.499409
v -0.287548 -0.153174 0.490520
v -0.288272 -0.157182 0.489526
v -0.288428 -0.157182 0.489527
v -0.286043 -0.157183 0.509561
v -0.284874 -0.157183 0.506474
v -0.286482 -0.117288 0.505514
v -0.288368 -0.077783 0.503737
v -0.287470 -0.141147 0.491228
v -0.286522 -0.117288 0.497614
v -0.285504 -0.157183 0.508047
v -0.284567 -0.157183 0.504858
v -0.284619 -0.153174 0.504937
v -0.285185 -0.141147 0.505177
v -0.286254 -0.117289 0.503547
v -0.288288 -0.077783 0.501573
v -0.286713 -0.141147 0.492800
v -0.286082 -0.141147 0.494453
v -0.285583 -0.141147 0.496170
v -0.286274 -0.117289 0.499579
v -0.286736 -0.153174 0.491901
v -0.287390 -0.157182 0.490777
v -0.287560 -0.157182 0.490778
v -0.285081 -0.157183 0.506475
v -0.284980 -0.141147 0.503374
v -0.286185 -0.117288 0.501562
v -0.285221 -0.141147 0.497938
v -0.284779 -0.157183 0.504859
v -0.284385 -0.157183 0.503213
v -0.286035 -0.153174 0.493371
v -0.285451 -0.153174 0.494915
v -0.284989 -0.153174 0.496520
v -0.284999 -0.141147 0.499738
v -0.286608 -0.157182 0.492126
v -0.286789 -0.157182 0.492127
v -0.284430 -0.153174 0.503252
v -0.284918 -0.141147 0.501556
v -0.284654 -0.153174 0.498172
v -0.284447 -0.153174 0.499854
v -0.284600 -0.157183 0.503214
v -0.284373 -0.153174 0.501553
v -0.285932 -0.157182 0.493562
v -0.285369 -0.157182 0.495070
v -0.284923 -0.157182 0.496638
v -0.286124 -0.157182 0.493563
v -0.284330 -0.157183 0.501553
v -0.284600 -0.157182 0.498250
v -0.284546 -0.157183 0.501554
v -0.285569 -0.157182 0.495071
v -0.285131 -0.157182 0.496639
v -0.284401 -0.157183 0.499894
v -0.284812 -0.157182 0.498251
v -0.284616 -0.157183 0.499895
vn -0.9943843618931 -0.05956100216033717 -0.0874770132326698
vn -0.9908231870362272 -0.1064200280640293 -0.08333180460199312
vn -0.9942707304881492 -0.10680799034899062 0.004215174038175266
vn -0.9821608201935216 -0.05873101856367394 -0.17863591670003634
vn -0.98814518088868 -0.1534629937882785 0.004267437640621259
vn -0.9978630662361064 -0.06385702025628016 0.013841315178295267
vn -0.9847849938589622 -0.016023998675095824 -0.173036838091386
vn -0.9797308685499633 -0.10521894850107176 -0.17045937371310352
vn -0.9851058418078167 -0.15299796609037603 -0.07847358032051949
vn -0.9843889839027069 -0.15299502682943972 0.08701063231844543
vn -0.9959536320769121 -0.010772999630216811 -0.08922054265567979
vn -0.9900824546738998 -0.10637799130976945 0.09176304218912922
vn -0.964139269528123 -0.015147994444671036 -0.2649641621391119
vn -0.9615560671241934 -0.057345995747278514 -0.26855421528698237
vn -0.9829059089931189 -0.18407900730121782 -0.0033004753307356964
vn -0.978935663277519 -0.18635302473929743 0.08341173379038974
vn -0.99992748903747 -0.010939000543963691 0.0050353683399938344
vn -0.992419266082781 -0.06348700728491227 0.10523022481074372
vn -0.9951124571779981 0.041879999176094765 -0.08942741882765849
vn -0.9821849174322395 0.042275022356855506 -0.1831000012379911
vn -0.9609674690147382 -0.10321195731463968 -0.2566881675548932
vn -0.9752371825215344 -0.15160003658465587 -0.1610275340896413
vn -0.9795342499529467 -0.1835390835582057 -0.08261996112158347
vn -0.9692248855963173 -0.1850450319642189 0.16236211776817638
vn -0.9737998304669154 -0.15159403212997946 0.16950852369477326
vn -0.9940059615057485 -0.016438007421498993 0.10808302550837116
vn -0.999115553685955 0.041746999490477874 0.005029753110207761
vn -0.978243483241358 -0.10513298901596865 0.17884837744967957
vn -0.9604371541653618 0.042924011185827005 -0.2751690428853874
vn -0.9349353518723046 -0.01392299912554526 -0.3545448320237657
vn -0.9326684320010915 -0.05542397811584662 -0.3564516497344897
vn -0.9738183987129646 -0.21284196447093237 -0.07985001245004288
vn -0.9762456081224986 -0.21661106264013763 0.0049152989169778515
vn -0.9637226976679827 -0.21510404378561557 0.15801522821115102
vn -0.9941608076964911 0.0418789929089239 0.09945068322135661
vn -0.9805090466923148 -0.058623013467525006 0.1875242694866838
vn -0.9919390733521345 0.08987703975617359 -0.0893252063080524
vn -0.9959497360927514 0.0897719788320392 0.0050114861427471655
vn -0.9789919626334745 0.09019500416425828 -0.18286497292501602
vn -0.9344756744674685 -0.10041396526736777 -0.34157319773052125
vn -0.9584427044036959 -0.1492690169525579 -0.24311796098467595
vn -0.970685845094205 -0.1849849712598122 -0.15345862811114833
vn -0.972935833251532 -0.21624992252480285 0.08143608158036537
vn -0.9484004521527912 -0.21313995505464953 0.23475080812573
vn -0.9531267238476485 -0.18284808572999064 0.24107265674963282
vn -0.9562661014300644 -0.14925499842379253 0.25155136394235533
vn -0.9802899564594927 0.042275005188306056 0.19298814782513127
vn -0.9587124027180002 -0.10308096312351354 0.26503743870670027
vn -0.9794214189166672 -0.015820999427778145 0.20120482137455986
vn -0.9572178025044553 0.09071497002641805 -0.2747815000716889
vn -0.9300504608363299 0.04381799678520506 -0.3648097085548326
vn -0.8930310955937966 -0.006661997485412967 -0.44994564126352815
vn -0.895613473275695 -0.0529930207327021 -0.4416653102074798
vn -0.9660990388651272 -0.24834699842212735 -0.07054371324645156
vn -0.9646952102328226 -0.21158901420936654 -0.1568223211783285
vn -0.968554410851826 -0.24875397081655898 0.004880084268389617
vn -0.9639641193748959 -0.2512769186046347 0.08736753821838768
vn -0.9419134265429551 -0.24429896002768517 0.23047150589064272
vn -0.9770984169940556 0.09019396864966431 0.19272709079663375
vn -0.9909890745137714 0.08987602767445096 0.09931240528655112
vn -0.9590729291111061 -0.05718597703508832 0.2773245042847556
vn -0.9863236169852765 0.13874108354636772 -0.08897547029075803
vn -0.9903259448365216 0.13867108427834773 0.004985315307796776
vn -0.9734051991911983 0.13895804917976345 -0.18213450731725092
vn -0.8912139108460554 0.04490799599481308 -0.45135466875862595
vn -0.9002106491092746 -0.09684604714050292 -0.42454873734769033
vn -0.9345443904212556 -0.14600395763688487 -0.3245144475775008
vn -0.9553274612357607 -0.18276200093098965 -0.23226599584213176
vn -0.9546140084561137 -0.249635985552817 0.16246220968712988
vn -0.9211194376177627 -0.2408510150605348 0.3058263726153235
vn -0.9267382870246255 -0.21036101357102036 0.31129470174102836
vn -0.9304011072258763 -0.17974106583386204 0.3194478500878834
vn -0.9316195983105697 -0.1459780670923378 0.33282927751572194
vn -0.9576168343313723 0.04292599819011122 0.2848286454774926
vn -0.9543996224410731 0.09071600192154643 0.28441513264892754
vn -0.9853777512115692 0.13874199633048237 0.09890068691097904
vn -0.9314408946232591 -0.10023599440998902 0.3498151015151627
vn -0.9561623495848103 -0.014849006015311214 0.29246037040394407
vn -0.9516864160553516 0.13931107756877775 -0.27365194894673417
vn -0.9268032268438338 0.0914320238368345 -0.36424711904002466
vn -0.8496581582478662 0.04135901951116329 -0.52570946883989
vn -0.8465601594770292 -0.0048369997259865094 -0.5322710773843322
vn -0.8505808716532456 -0.0500880058019446 -0.5234533144917408
vn -0.9611333155786748 -0.2636210091976053 -0.08201654219960468
vn -0.9579571234441092 -0.24699902377637417 -0.14597818979630475
vn -0.9506242704965766 -0.2130880632837548 -0.22562573795741922
vn -0.964395104029583 -0.2644209214408203 0.00486411637993661
vn -0.9545433440780323 -0.2626368961851707 0.14095696165336039
vn -0.9412688162492495 -0.2599720924366034 0.21547047758537746
vn -0.9221160860170156 -0.2561198792608913 0.2900078125776034
vn -0.9715192923037105 0.13895801229910473 0.1919399267989323
vn -0.9488783588738494 0.1393099673576585 0.28323593178775563
vn -0.929337752751298 -0.05521200478345778 0.3650794103191232
vn -0.9880269341616998 0.12583898475706176 -0.08925988621068257
vn -0.9870778725371344 0.12583900143689264 0.09920594369759397
vn -0.9750672714289244 0.12594402852324 -0.18270719161403975
vn -0.8880127525616506 0.09232998204034283 -0.4504536887453701
vn -0.8581358825126025 -0.09253904687002128 -0.5050141898488644
vn -0.9033389852833588 -0.14180398443694273 -0.4048089767594575
vn -0.9333484414886264 -0.17963201624358513 -0.3107941851306374
vn -0.9612887532590088 -0.26398904889909197 0.07895387842971015
vn -0.8966155947169572 -0.25103708457578866 0.36477507792891434
vn -0.8938089322708439 -0.2363759626349907 0.38109316037057833
vn -0.8983770442771705 -0.20671193582174177 0.3875420775924123
vn -0.9007238544945031 -0.175693026560483 0.3972763501173743
vn -0.8996337684108856 -0.14176005133522218 0.41299294253081903
vn -0.9243466934920388 -0.013533001450622716 0.3813135823729231
vn -0.9230851734239083 0.09143399492225901 0.373568718146353
vn -0.9731757545669474 0.12594502837327706 0.1925274020785276
vn -0.896364027451325 -0.09661801087740107 0.4326620970981102
vn -0.9920424230078458 0.12580499365200595 0.004993448201481572
vn -0.9532816345604772 0.12611496905927247 -0.27449797775008
vn -0.9213555131673263 0.13979696490998755 -0.3627131469331218
vn -0.8411876955917224 0.0933929952562429 -0.5326171319270114
vn -0.7958764009663828 0.04287501326488789 -0.6039391423167844
vn -0.7923718186281457 -0.002776001132120251 -0.6100321260897982
vn -0.7978060594222453 -0.046749990627913574 -0.6010989352223466
vn 1.109579174385802e-7 -1 -0.0000014098540140730114
vn -0.9524140737274275 -0.2615868625702769 -0.156460044409317
vn -0.9440188887248177 -0.24464787797248239 -0.22130466225166154
vn -0.9297102348671286 -0.21029708697489755 -0.30234750601448834
vn -0.9263249235753719 0.04381899859435236 0.3741684531401192
vn -0.9504675518983428 0.12611405264657455 0.2840892087239997
vn -0.9176555731375101 0.1397969859298535 0.3719745311370071
vn -0.8914393335353602 -0.05273101904207073 0.4500615005272253
vn -0.9827207248252439 0.1623800413970106 -0.08884086421716286
vn -0.9817745347279939 0.16238609728830058 0.09873964941757558
vn -0.9698226351624757 0.1624149782882047 -0.18183902538826424
vn -0.8826845017546756 0.1404030283491994 -0.44850313264510644
vn -0.808236876586709 -0.08752804229286013 -0.5823160594880928
vn -0.8645693768583848 -0.13667295346027053 -0.4835703634334416
vn -0.9044313512424297 -0.1755689482979371 -0.38881804907096224
vn -0.8643610821392638 -0.24472995603659217 0.43930304836339173
vn -0.8594982698207302 -0.23083402381826354 0.4560464643246785
vn -0.8628621434033616 -0.2021350397933184 0.4632605607745062
vn -0.8637177613391482 -0.17067703718276453 0.4741950840379975
vn -0.8600667913163175 -0.13660499281526048 0.49155283583028664
vn -0.8825002445380729 0.04032399465638564 0.46858008263816897
vn -0.8834279696007163 0.09233004612006991 0.459380218458111
vn -0.9191536667337334 0.12635098176433274 0.3730843957298696
vn -0.8781193302967113 0.14040294030700065 0.45737671137958447
vn -0.9453403599107953 0.16246899130124798 0.28272854611673504
vn -0.8534492627433272 -0.09225603978482592 0.5129455907268251
vn -0.8843293973711248 -0.011923000459387148 0.4667112158554458
vn -0.986716959968813 0.16237299527941113 0.004965008952260959
vn -0.9679392197059556 0.1624190657640615 0.19160823059397825
vn -0.9481390292173061 0.16246700446768012 -0.2731974628984743
vn -0.9228631614564403 0.12635200855428386 -0.36381142802408284
vn -0.8360254196542525 0.14112501755157825 -0.5302312958634163
vn -0.7867331151837722 0.09459802987079875 -0.6100018182086022
vn -0.7349013663943923 0.04455099488080124 -0.6767090885504538
vn -0.7309236416258652 -0.0004979999401450441 -0.6824590699144111
vn -0.7375878819266537 -0.04303101577160184 -0.6738786597872181
vn -0.9379979491531846 -0.2584109776048136 -0.23104894294877057
vn -0.9239456244392259 -0.24130695100347316 -0.2968087574129446
vn -0.9020957907200902 -0.20663590674688948 -0.3788466528926793
vn -0.8795074837930603 0.12664501134049144 0.45872391157924886
vn -0.8455541529282763 -0.049776985395583825 0.531564131775906
vn -0.9678231939720932 0.23592708621095804 -0.08750242969005811
vn -0.9717580191134754 0.23592890968666655 0.004888953130795623
vn -0.9532648279679649 0.23595012781822994 0.18871593716951163
vn -0.9551211709425328 0.23594206645910887 -0.17909464004366707
vn -0.8840876003816708 0.12664500370221335 -0.44983347795450446
vn -0.7251257010162868 0.09592898311376633 -0.6819020075673611
vn -0.7505709536122955 -0.08186296461023888 -0.655699396536822
vn -0.8179954408239672 -0.1306189563041786 -0.5601983104626528
vn -0.8682015973247231 -0.1705459996268454 -0.46598288425014006
vn -0.8246428248381129 -0.23711798839200757 0.5135555189304708
vn -0.8176172651721412 -0.22416105342800874 0.5303336966651033
vn -0.8197105870513508 -0.19656795857979367 0.5379921850135951
vn -0.8189684364422338 -0.16465993851977748 0.5497070171991859
vn -0.8126620965717072 -0.13051906385170353 0.5679305333990698
vn -0.8412451489236649 -0.004685001146977315 0.5406335636793685
vn -0.8357794137163415 0.09339396808028215 0.5410640796931432
vn -0.8306384289405969 0.1411239364691229 0.5386314462808087
vn -0.9141758891030503 0.16254690644014072 0.37129630618871984
vn -0.831903774419795 0.12699301638610055 0.5401933763896576
vn -0.9310095308354558 0.23596293173345614 0.278464985844355
vn -0.8026850034060117 -0.08718899883511125 0.5899956472629454
vn -0.9668894411569084 0.23593800245210364 0.09725259676837548
vn -0.9337667717273604 0.23595804518018887 -0.26907883033157304
vn -0.9178693546781457 0.16254405093920032 -0.362070820761628
vn -0.8373064307823564 0.1269940087236631 -0.5317804647773414
vn -0.7817871621028357 0.14194095784425131 -0.6071750963745557
vn -0.656922866010675 0.09735595703288256 -0.7476457488293052
vn -0.667157039901282 0.04635901191716485 -0.743473150910121
vn -0.6627428323732918 0.001958999748999088 -0.748844510200756
vn -0.6703292936076186 -0.03898298488532526 -0.7410391116674891
vn -0.9175270703491273 -0.25404200749817696 -0.30595217535236413
vn -0.8973624976765868 -0.2369290787796426 -0.37229713857652424
vn -0.8673386913646274 -0.2020560274209244 -0.45485927081325966
vn -0.8339800418793087 0.041724015505126985 0.5502148637369899
vn -0.900318551506871 0.23599195098813477 0.3656970124042354
vn -0.8273605227070282 0.16275693705368546 0.5375730135589541
vn -0.8747277402576502 0.16264103753446568 0.45650769252385803
vn -0.7919191941952891 -0.04639497905076935 0.6088608180725401
vn -0.0956718247243175 0.9949999268058181 0.028671372662225154
vn -0.07547197158796591 0.9968669151815821 -0.023671394571964415
vn -0.050253258234968484 0.9986345018797367 0.014273811410400019
vn -0.08850419950866471 0.9950043447287674 0.046188317139797846
vn -0.056990227536149025 0.9982548184344353 0.015473572238189142
vn -0.07861918626161114 0.9968650007426644 -0.008899092419442154
vn -0.05036818771760845 0.9985326650312899 0.01988875389645367
vn -0.07819699791050608 0.9949997290645956 0.062135084124555436
vn -0.053048113887475205 0.9982519683429348 0.026055811490672702
vn -0.07888333276643726 0.9968653509200917 0.006073874103250288
vn -0.04505910493841808 0.9987927355302059 0.01956395957460251
vn -0.06965517631388762 0.9968662217120442 -0.03749523199334631
vn -0.07564243800217822 0.9971211740151096 0.005252228461903507
vn -0.8792867818997319 0.16263799193250514 -0.44766464988490634
vn -0.720452474955073 0.1428439485409766 -0.6786338023531784
vn -0.6525824177537051 0.14381293098375933 -0.7439449098693998
vn -0.6852811470807453 -0.07560000647423377 -0.7243441091613804
vn -0.7633767298960914 -0.12365997648853104 -0.6340064498630956
vn -0.8242378717462073 -0.1645309369730639 -0.5418131611155717
vn -0.7769362467292843 -0.228209941397406 0.586762550922948
vn -0.7675922943837608 -0.21632297802223538 0.6033294612251795
vn -0.7683892755789411 -0.18994404489698405 0.6111457935578403
vn -0.7660350764738256 -0.15761204407172216 0.6231763034449189
vn -0.757178754181757 -0.12351606065578774 0.641423508281259
vn -0.7862392452454433 -0.002605999510973676 0.6179167079812817
vn -0.7779758045037732 0.04327898657462254 0.626801864170633
vn -0.7756332701173994 0.14194095627892764 0.6150169064486055
vn -0.7767668992429527 0.12738804899702005 0.6167701915731835
vn -0.06500012977729913 0.9950007365183674 0.0758189782102135
vn -0.06081339286375771 0.9971220640566192 0.0452694225704926
vn -0.7441245729533233 -0.08146298120408908 0.6630553541148555
vn -0.04849847968816774 0.9987923919616686 -0.007852084272654125
vn -0.9039574351649184 0.23598992255319381 -0.3566086256155336
vn -0.8327339040680711 0.1627529391169849 -0.5292123636351778
vn -0.7829400120930289 0.12738999895941464 -0.6089143828395648
vn -0.5827227948491279 0.09885996396530235 -0.8066355136540915
vn -0.5787886200335904 0.1448349348502192 -0.8025126634306433
vn -0.5933557640657591 0.048266989234773065 -0.8034919010171475
vn -0.5883845710611505 0.004553002058007298 -0.8085684057081662
vn -0.5964917441649229 -0.034672003793776364 -0.8018699715639767
vn -0.8906218486035012 -0.248463963495056 -0.3808653064200118
vn -0.8637847363918957 -0.2314670614644661 -0.4475476830834769
vn -0.8249438749898742 -0.19649097222433298 -0.5299612258939586
vn -0.7805501984626532 0.09459996951261067 0.6178933835607288
vn -0.8614708076512032 0.23603004288040794 0.4496196908751402
vn -0.8148213251078824 0.23608502354735753 0.5294620570032174
vn -0.7724973244021666 0.16288107157109885 0.6137732808744156
vn -0.03456372570669592 0.998634740149782 0.03916637117796128
vn -0.7308558410565499 -0.04263198234077062 0.6811991292384477
vn -0.00016175457561048637 0.9999999867470002 0.000018478543410220066
vn -0.09939014771777988 0.9949980170637187 0.010027191825521769
vn -0.865961515695187 0.2360269649607374 -0.4409103368558251
vn -0.7214775485741541 0.12783098669752452 -0.6805361017193475
vn -0.6534786991533007 0.12830203757139666 -0.7459920756334735
vn -0.579560236473941 0.12880095108842754 -0.8046864279313938
vn -0.6126176724209312 -0.06881402276970389 -0.7873780652950724
vn -0.7005852480889886 -0.11582400517866524 -0.7041058940134378
vn -0.7721144428322644 -0.15749695994049592 -0.6156573680053896
vn -0.720472966708976 -0.2179649540605121 0.6583388056638962
vn -0.7088434391430091 -0.20725793065969447 0.674229285156446
vn -0.7084231526550255 -0.1821909294963141 0.6818673639290735
vn -0.7045660354375773 -0.14951094569539153 0.6937097223082895
vn -0.6934996604036641 -0.1156290204673789 0.7111175364493251
vn -0.7240238828926306 -0.0003119999995602388 0.6897748325773265
vn -0.7148258819843549 0.04498798673916318 0.6978538811917908
vn -0.7135815769573081 0.14284397238162067 0.6858548917820445
vn -0.7145841083752055 0.12782994880309326 0.687771078373183
vn -0.07629645859454887 0.996865389678246 0.02093430838525704
vn -0.7607888201824882 0.23613303643462205 0.6045176260370769
vn -0.7106364632586711 0.16301894202802933 0.684412625268755
vn -0.6779390765697406 -0.07514201715939527 0.7312675883129134
vn -0.058713189523161916 0.9982520709537632 -0.006750126853635264
vn -0.06130878016458137 0.9968653839736794 -0.05000639668822126
vn -0.8201123950920275 0.23607692753442752 -0.5212325236421103
vn -0.7786421496022161 0.16287896611832803 -0.6059594419258312
vn -0.5032041953838626 0.10041002708234492 -0.8583142572562815
vn -0.49973673861309564 0.14588801279087774 -0.8538031856372259
vn -0.5003867469957908 0.12931604064546018 -0.8560902201653467
vn -0.5140226840226886 0.0502439774525929 -0.856303814682531
vn -0.5085155787850073 0.007241999775331252 -0.861022333956677
vn -0.5166669234298266 -0.030159986983480404 -0.8556551089187242
vn -0.8566736703818542 -0.24163098228832888 -0.4557682425014489
vn -0.8226716127700905 -0.22486504491511083 -0.5221562305647454
vn -0.7743874128165112 -0.18987496136624055 -0.603549197594959
vn -0.7182197302777886 0.09592998925027801 0.6891718626018781
vn -0.049492785820417856 0.9949975698044361 0.08677730253355638
vn -0.03956802150631319 0.998252425836108 0.043891525223004296
vn -0.07098117996644158 0.9968635375182283 0.034996566363224194
vn -0.03456209919426077 0.9987920263391449 0.03492777434408088
vn -0.6998673870312432 0.23617889038963868 0.6740958183406712
vn -0.6627736593838329 -0.03854899050287895 0.7478268862231231
vn -0.051959776681382346 0.9986344242649322 -0.005428469422266744
vn -0.09944958516754841 0.9950019826526382 -0.008990802373641107
vn -0.7175028168042252 0.16301802340775945 -0.6772110689602093
vn -0.6498672849669703 0.16316501334281933 -0.7423272124545187
vn -0.5763416494135936 0.16332898374068197 -0.8007208915854853
vn -0.49760078239464856 0.1634969711700909 -0.8518580878165329
vn -0.532995775630978 -0.06158497814023131 -0.8438736834544608
vn -0.629584211059669 -0.10715996483948197 -0.7695066361766967
vn -0.7114659000027508 -0.14942305172586162 -0.6866505841737894
vn -0.6548280773695525 -0.20640005636270292 0.7270482830059972
vn -0.6409003434517215 -0.1969409636102366 0.7419305942038896
vn -0.6394231036602808 -0.17325396816415295 0.7490802073348546
vn -0.6343116231233656 -0.14035304169426302 0.7602300891557566
vn -0.6216169151625484 -0.10690695483855607 0.7759918258531749
vn -0.6551237029954395 0.002157000044679188 0.755518551145073
vn -0.6493535704530602 0.09735600374032052 0.7542292417266632
vn -0.6450532706738817 0.14381198914241106 0.7504827711359074
vn -0.645928629780257 0.12830198785897606 0.7525389060650851
vn -0.6423514812981674 0.163169030637844 0.7488393966096847
vn -0.039654484758502105 0.9971200335730321 0.0646464267059913
vn -0.03219288051395483 0.9949993009390766 0.09455162386211667
vn -0.6043841065049128 -0.0682950315519702 0.793760442746786
vn -0.07215177582104719 0.9971214192467688 -0.023302285835923378
vn -0.7668418026729256 0.23612506486899495 -0.5968237624407651
vn -0.4190857863241074 0.10198700991380055 -0.9022005062678402
vn -0.4161391244469393 0.14696301586774443 -0.8973461433981827
vn -0.4166775725727638 0.12984401908311177 -0.899733477882875
vn -0.4143582606423432 0.16366991245225054 -0.8952761538180969
vn -0.4301161710639223 0.0522729867745699 -0.901258905222565
vn -0.4328341455167852 0.004869000881079672 -0.9014604235933903
vn -0.4315371930160821 -0.02551999931579627 -0.9017340964379259
vn -0.8151629282994964 -0.23354190262472407 -0.5300637509249373
vn -0.773407713092206 -0.2170759185834128 -0.595582534079578
vn -0.715179476485415 -0.18214101104912955 -0.6747910554446086
vn -0.6452068672287637 0.04681800466026457 0.7625720771969531
vn -0.01753530293156074 0.9986340784921425 0.049218801542176095
vn -0.6326222619708486 0.2362319290378291 0.7375524044852358
vn -0.5881547621431934 -0.034204981914547974 0.8080247489900969
vn -0.042102887413743344 0.9987917969331634 -0.025343505093970105
vn -0.05073326063416191 0.9968629688191236 -0.06074831407165993
vn -0.7066331189570435 0.2361739291127598 -0.6670018818567769
vn -0.5676136057047916 0.23629401686123258 -0.788657043469713
vn -0.4900677711340033 0.23636290735639456 -0.8390269100105089
vn -0.40808967436314325 0.23643398671985774 -0.881794640266053
vn -0.44699895565720754 -0.05401398855751602 -0.8929022469909427
vn -0.5505538654647194 -0.0977360213054289 -0.8290585693189837
vn -0.6420241909019526 -0.14030492484673956 -0.753737000790358
vn -0.5794466348002717 -0.1935269412580989 0.7917000192155643
vn -0.5634654678737351 -0.1853510525482354 0.805078663133668
vn -0.561191278480532 -0.1630889844940707 0.8114593841308871
vn -0.5552368925353197 -0.13015502833071774 0.8214448622810614
vn -0.5417112121862425 -0.09741798781062357 0.834900412170602
vn -0.5801198436921224 0.004761001020935064 0.8145172188627482
vn -0.5695973845616661 0.04874298018300943 0.8204772643915175
vn -0.5706717997695229 0.14483502427543848 0.8083047152472556
vn -0.5714213669587663 0.12880197504687396 0.8104860718155492
vn -0.5682462565891815 0.16333106753046894 0.8064856813680821
vn -0.5596434210967542 0.236298053602093 0.794331461725509
vn -0.06306203439929207 0.996864498886446 0.047794881287616206
vn -0.5238974210802574 -0.06100997597647235 0.849593594029996
vn -0.05198389904783005 0.9982524025982699 -0.028103646499461066
vn -0.020391949758552564 0.9982516734898995 0.05547760592941726
vn -0.09601443957690615 0.9949964008204508 -0.027629508629025117
vn -0.6400262280948394 0.2362250482903102 -0.731138942958815
vn -0.3311310564252628 0.10356302456706802 -0.9378842803956201
vn -0.32877274260016587 0.14803596334452335 -0.9327346017382566
vn -0.32919894780554027 0.13037204796075608 -0.935217184334336
vn -0.3273632193254341 0.16384005821008907 -0.9305857069387012
vn -0.3224106193197215 0.23649593405713817 -0.9165811833789277
vn -0.33290681734558014 0.058978000836307845 -0.9411135140790344
vn -0.34433215840938297 0.007719002113424262 -0.9388161596880981
vn -0.34186818485030684 -0.020818004096931766 -0.9395172988788321
vn -0.7653019776304587 -0.22415397940742326 -0.6033803746814486
vn -0.7154293744220644 -0.20803903933581733 -0.6669936793750625
vn -0.6469107594804306 -0.17323104725977487 -0.7426287588921763
vn -0.5745668830854194 0.09885999821715896 0.8124651362452479
vn -0.01366861783111272 0.9949963143288377 0.09897223529159885
vn -0.5075925945496979 -0.0296700059911312 0.8610862028291896
vn -0.046199834231356936 0.9986349231720225 -0.02436935654062386
vn -0.019064659489020117 0.9987919048406052 0.04529094372436052
vn -0.03832069886461226 0.9968651979106581 -0.06921922589188925
vn -0.08896693317029887 0.9950030061620536 -0.04532000144249612
vn -0.05831653615761216 0.9971216359998161 -0.048452292325835054
vn -0.02452225694715871 0.9968640688229993 -0.07523753852879637
vn -0.029683465122830755 0.9987914140305888 -0.03917401124570361
vn -0.07888273938721735 0.9949945755985868 -0.06134580634531319
vn -0.03783606695238068 0.9982512098174526 -0.04541975490430592
vn -0.00984549708692215 0.9968625987000825 -0.07853677800896698
vn -0.3553780375819318 -0.04620401883698978 -0.9335800121295047
vn -0.4639006323532558 -0.08764900922466447 -0.8815406142000403
vn -0.5637429610094946 -0.13015798747333573 -0.8156302913754113
vn -0.49440106185700894 -0.17942602103949623 0.8505138993623774
vn -0.47658290787298907 -0.17252291085519197 0.8620351368438396
vn -0.4738834333613197 -0.15170303657333079 0.867421858313542
vn -0.4675817026965381 -0.11897002070143953 0.8759072356578094
vn -0.45422397715550134 -0.08726096757465925 0.8866036894323037
vn -0.49958399350921784 0.007476000832075391 0.8662331919529178
vn -0.49453099869562767 0.10041100936177086 0.8633404430049918
vn -0.4911081984855283 0.14588793202900485 0.8587953473724687
vn -0.49173928362557573 0.12931605327719056 0.8610864273139
vn -0.4816004886518049 0.23636209657036347 0.8439158303025278
vn -0.43708880088186414 -0.05338497541763898 0.8978326261298997
vn 0.0020093369420504663 0.9986345720342472 0.05220109292945141
vn -0.24015211904121975 0.10511795723544808 -0.9650270331895673
vn -0.2384278090504431 0.1490979373826812 -0.9596468021827799
vn -0.238743246424397 0.1308990114836396 -0.9622198870732954
vn -0.23741398686597767 0.16401303736594622 -0.9574624391663613
vn -0.23382622037638415 0.23656391664186885 -0.9430603437784634
vn -0.03386497089548576 0.9986335612799009 -0.039801683779336454
vn -0.24147250962807515 0.06092299926666963 -0.9684933738824817
vn -0.25270239060474453 0.010558994533308799 -0.9674864388802009
vn -0.2485302385139127 -0.01612799901624875 -0.9684898596226754
vn -0.7066148256382938 -0.21346589355013565 -0.6746316035281816
vn -0.6482300404351483 -0.19772099170273777 -0.7353259305352504
vn -0.569404280090867 -0.1631060486919746 -0.8057140824723698
vn -0.4968836527981711 0.05507102810795721 0.8660680212576141
vn -0.48900001840244645 0.16349705806386516 0.8568241908389772
vn -0.05288507776320689 0.9968642928643178 0.05886212841975193
vn -0.42180027210246374 -0.025010989502964733 0.9063437432113548
vn -0.012762284285133645 0.9971214127520129 0.07473963025902182
vn 0.0016334983315941872 0.9982521210790054 0.05907651347589428
vn -0.06584497417143377 0.9949947877701218 -0.07516522923967786
vn -0.2591051769534312 -0.03827799062608509 -0.9650903080590751
vn -0.370332042221189 -0.07701899579380041 -0.9257009521390794
vn -0.47685175530879775 -0.11904100127338174 -0.8708855513066852
vn -0.3998914320260236 -0.16424192917158642 0.9017269161415621
vn -0.3807786297070546 -0.15856098668737847 0.9109698395990631
vn -0.3780006864534994 -0.13913199764526032 0.9152910839027782
vn -0.37199160742051124 -0.10689699127533497 0.9220603436136842
vn -0.359911108603688 -0.07656500929154704 0.929839659971465
vn -0.4059388782895987 0.005586999833594207 0.9138831503676177
vn -0.4121213379743635 0.05700800378459067 0.9093437690393643
vn -0.4070775533684577 0.1469620348771814 0.9014932200789469
vn -0.4075900784973835 0.12984403879733983 0.9038865268933328
vn -0.4053172006776762 0.16366896876779036 0.8994056012152138
vn -0.3447740330416869 -0.0455350072594189 0.9375806254685806
vn 0.005292943401073784 0.9950005654231503 0.09972893039516649
vn -0.040805023484945226 0.9968640291702354 0.06780160326184533
vn -0.0008908123746430836 0.9987917504698904 0.049134973762128484
vn -0.14698098773926174 0.10662700911842209 -0.9833754472070426
vn -0.14592090488640796 0.1501300443033824 -0.977838462791578
vn -0.14612493279138053 0.1314119816161876 -0.9804990541068468
vn -0.14531649435866378 0.16417907821509542 -0.9756681540071654
vn -0.14312208874176183 0.23662403711684912 -0.9610021502435461
vn -0.03617878839055426 0.9971191724732139 -0.06666671701024948
vn -0.012984779420880992 0.9987920357362802 -0.04739055658217224
vn -0.14780282521079308 0.0628130218580244 -0.9870201867969931
vn -0.15855157427256336 0.013334998322150389 -0.9872606424422277
vn -0.15248616691332517 -0.011513004436140131 -0.9882385438895483
vn -0.6383808220629557 -0.20147195907571036 -0.7428855737786406
vn -0.5715398724363909 -0.18610508506763035 -0.7991915111707356
vn -0.4827500296455254 -0.15176502762290714 -0.8625078464964029
vn -0.4099748644203846 0.1019880035870713 0.906376885003038
vn -0.39918562814460884 0.2364320537154774 0.885861568338234
vn -0.33156967478021404 -0.02030199822359532 0.9432122664778444
vn 0.024082054701743207 0.9949948428734118 0.09698101513521515
vn 0.021274956879377412 0.9986339396355761 0.04772453056562462
vn 0.0051816423679199915 0.9968628033493927 -0.07897912306908168
vn -0.018239501318752946 0.9982518354416924 -0.05621915713469504
vn -0.15932303331591738 -0.03035200287425914 -0.9867598122018023
vn -0.27086954271055763 -0.06600300210807013 -0.9603506102171724
vn -0.38195419924315127 -0.1070429541469831 -0.9179612168539637
vn -0.2970586497869729 -0.1482060586239553 0.9432874020010513
vn -0.2770050720309651 -0.14360004751869937 0.9500774791677505
vn -0.27460754790514147 -0.125496937816659 0.9533316386400732
vn -0.26955385457459685 -0.09408899338013364 0.9583777860576121
vn -0.25982087971636475 -0.06548397136789262 0.9634339416676699
vn -0.3234044074355807 0.05897900207125432 0.9444210218784417
vn -0.3216656405907307 0.10356401543927299 0.9411725189195915
vn -0.31935885782246454 0.14803591419389409 0.935999619678934
vn -0.31975902441171294 0.13037200497336632 0.938486710948266
vn -0.31796947518770213 0.1638389489291959 0.9338373582496224
vn -0.313156144723595 0.23649404097484295 0.919784647406796
vn -0.2479221400136988 -0.03757401514839914 0.9680510347479908
vn -0.31647213912330524 0.00844099510166685 0.9485642491473167
vn -0.22431126887666644 0.23656194018106305 0.9453691887896025
vn -0.02724967221785618 0.9968629678920412 0.07430799828747037
vn 0.015904771310871913 0.9971208904468323 0.07414154088002928
vn 0.02348143699112663 0.9982516806074293 0.05424208957326917
vn -0.0524855146803169 0.10807703522912016 -0.9927560753804662
vn -0.052108199840023996 0.15112498886851133 -0.9871403006913072
vn -0.05218785916466704 0.13191004079997956 -0.9898869473288132
vn -0.05190497796111055 0.16434501985986402 -0.9850363382688567
vn -0.051123935275063266 0.23669001389263886 -0.9702392388300389
vn -0.050409510321896896 0.9949975578172137 -0.08624813741111918
vn -0.016642123512427026 0.9986333947154197 -0.04954172669733837
vn -0.052774178429954195 0.06462596718187563 -0.996513106013589
vn -0.06295864530517423 0.016005004015871852 -0.9978877937061807
vn -0.06473845030826857 -0.00848099673409622 -0.9978662263781053
vn -0.5605031679329157 -0.18824406856132603 -0.8064740351608627
vn -0.4853528001260631 -0.17322500530111845 -0.8569864391857185
vn -0.3874724583634963 -0.13925098934166025 -0.9113036025261381
vn -0.23778801139430267 -0.015609998721720454 0.9711916338071755
vn -0.2277576066533844 0.16401298385964722 0.9598052999108606
vn -0.13343521764278143 0.23662890339130088 0.9623937888268262
vn 0.04198081356037587 0.9949977242657714 0.0906484417888416
vn -0.012667287120566702 0.9968627809957507 0.0781289683947201
vn 0.017428974506260984 0.9987916167212816 0.04595146586289392
vn 0.020055375902679234 0.9968624199358593 -0.0765708666336269
vn 0.0055673959693273226 0.9987919661279687 -0.048822254150617354
vn -0.06779747013500721 -0.025187983578750052 -0.9973811049576432
vn -0.16685310777180012 -0.054770013836495775 -0.9844593876901384
vn -0.28007944186616524 -0.09431297215702297 -0.9553327009617362
vn -0.18715146831790294 -0.13157195332452865 0.9734799171040053
vn -0.17802047351463565 -0.12943802934269827 0.9754765540849784
vn -0.1762407717821729 -0.10921298827063469 0.9782697550035073
vn -0.16175894120663237 -0.08073997536280562 0.9835217848721619
vn -0.15535270226920045 -0.05420298462277783 0.9863709111463295
vn -0.22389886725283567 0.01125999859213453 0.9745473357793362
vn -0.23041571073758904 0.10511802538789854 0.9673979537831578
vn -0.22903951030615877 0.13089897430283234 0.9645757415802978
vn -0.14774573036486935 -0.029634997010332526 0.9885812895817666
vn -0.13547997014028978 0.16418196665103413 0.9770821150330125
vn 0.05838079863673738 0.9949954783964285 0.08109056863285088
vn 0.03749051173220831 0.9986341486806577 0.036390913960977676
vn 0.04246729278575292 0.10944692322667653 -0.9930850416956561
vn 0.042146742596946576 0.15206696645874473 -0.9874711589714921
vn 0.042203384315378005 0.13238200746866188 -0.990299893189379
vn 0.04196829276148238 0.1645030419631684 -0.9854833390715191
vn 0.041334601543001365 0.23675392424727934 -0.9706899762894408
vn 0.003948272317743022 0.9982517880966232 -0.05897269459333887
vn -0.008788632818938434 0.9971193439010367 -0.0753377325882565
vn -0.03317476190037091 0.9949951086072045 -0.09425586995296886
vn 0.042724930726680314 0.06634102658381638 -0.9968818628534705
vn 0.042888872628874974 0.02314400992691907 -0.9988117437280797
vn 0.05326599212864117 -0.0014410003522196577 -0.998579319633917
vn -0.472767979110566 -0.17384496707115882 -0.8638682569418437
vn -0.3901414421472548 -0.15916189561418265 -0.9068942309353172
vn -0.2845645239524775 -0.12567699565798576 -0.9503832513623558
vn -0.23169966783487841 0.06092303652382847 0.9708777716818544
vn -0.22874748860119545 0.14909801892762217 0.9620001908578316
vn -0.14145185226161505 -0.011008000286818734 0.989883931287625
vn -0.13623749589896675 0.1314119892273057 0.9819217045154371
vn -0.041975267677480624 0.16434899377922652 0.9855087443281058
vn -0.04134409890777648 0.23669915110748457 0.9707029295054693
vn 0.05190629296956965 0.1645049159710751 0.9850095783146005
vn 0.051125279515683825 0.23675807292043244 0.9702225624574222
vn 0.14530186693575467 0.16465394157371194 0.9755903069368949
vn 0.14311577455851326 0.2368140440012377 0.9609562860173697
vn 0.0023286882545208625 0.9968624473730263 0.07911913945736196
vn 0.042336476124010106 0.9971200424035278 0.06292252241120029
vn 0.041952034902839816 0.9982532374101035 0.041599288067926815
vn -0.014757741219741573 0.9949968950731054 -0.09880985714477418
vn 0.002956914000666379 0.9986337737505565 -0.05217128122171253
vn 0.034164393768927555 0.996862871062774 -0.07139475117181122
vn 0.1334344553278901 0.23681704456589314 -0.9623476157472544
vn 0.0556209448145001 -0.012538000813992338 -0.9983732313286103
vn -0.07088737485959301 -0.046759990203549484 -0.9963877174080776
vn -0.17271363579996032 -0.08103998143240541 -0.9816325796438268
vn -0.07242633250119986 -0.11467798537580529 0.990758994927915
vn -0.06352600094248115 -0.09429601919376784 0.9935153285020139
vn -0.06170682501833104 -0.06592600726039839 0.9959146696945772
vn -0.05882316582717453 -0.04192000526410476 0.99738786252928
vn -0.13785000882709558 0.0628129974746037 0.9884593579984082
vn -0.13706391776173565 0.10662600807852 0.9848067713257478
vn -0.1360605993515052 0.15013004770225405 0.9792591496029169
vn -0.0556575591667759 -0.020737994163198815 0.9982345274061021
vn -0.12925883976388086 0.013997995838018727 0.9915120818504504
vn 0.2373775148217978 0.1647919412675036 0.9573377311849328
vn 0.23380271032702588 0.23686103957439067 0.9429915909357177
vn 0.07263681837466508 0.9949995963635707 0.06855432774622972
vn 0.017250065168099606 0.9968657137993961 0.07720870354381429
vn 0.03325643452997406 0.998792817873642 0.036151300479834315
vn 0.1377990539858306 0.06794503183629737 -0.9881269621710433
vn 0.13700129176831338 0.1107289957368228 -0.9843626036968939
vn 0.13599429093859958 0.15295300407818574 -0.9788314111099857
vn 0.13620511046253858 0.1328310384751134 -0.9817352408371163
vn 0.04705326589706057 0.9968636871902053 -0.06363001909452144
vn 0.023321465985784644 0.9987920708997571 -0.04324937377637423
vn 0.1354709654691116 0.164656001411431 -0.9770035919657949
vn 0.12918685828730356 0.020924997340537408 -0.9913994654689676
vn 0.14145584235672398 0.0012629998481802607 -0.9899437607735769
vn -0.37595828979755086 -0.1584760409805626 -0.9129845063130194
vn -0.28686855029643693 -0.14408199944355551 -0.9470727597640891
vn -0.1756569991311961 -0.11122001846830823 -0.9781486217074234
vn -0.05251294775047596 -0.11169196736338831 0.9923544199251856
vn -0.05331270056917643 -0.005986000781565013 0.9985599249682837
vn -0.042207617329383294 0.13191000842166306 0.9903626945304298
vn 0.052184268861611864 0.13238300713981313 0.9898239952153106
vn 0.14608795542602948 0.1328320843919695 0.9803131880350928
vn 0.23865916075331486 0.13324900275359086 0.961918140100132
vn 0.32730640573306696 0.1649230266721788 0.9304143765223047
vn 0.08430587144970542 0.9950003119435916 0.05354343350272704
vn 0.048348872852628205 0.9986338525786856 0.019819560482823333
vn 0.31790587781438645 0.1649260293798428 -0.9336676376977322
vn 0.22429921240786413 0.2368650596059152 -0.945296147697164
vn 0.313120063452783 0.23691795242344435 -0.9196878327360907
vn 0.4052188006531571 0.16504606507321984 -0.899198265123473
vn 0.3991246285991342 0.23696695651727814 -0.885746121845612
vn 0.025623842278860155 0.9982527006135783 -0.05324438397207383
vn 0.01983334602770662 0.9971200508521267 -0.07320001758194701
vn 0.004238580968128815 0.9949983252182408 -0.09980163948689731
vn 0.22772914082372817 0.16479395443208814 -0.9596782747370711
vn 0.14780242179449085 -0.007800999615773694 -0.9889861417212469
vn 0.058823725515133436 -0.029360995166975285 -0.9978365102958126
vn -0.07310162140438055 -0.0713729752725874 -0.9947673352843817
vn 0.06267896548381523 -0.08051399877051078 0.9947808016281079
vn 0.07318581289471408 -0.05454201729516712 0.9958257905579236
vn 0.07090094653312312 -0.03274000402536714 0.9969459102263905
vn 0.06777305591863789 -0.015276995186822793 0.9975837941293508
vn -0.042730958451256115 0.0646269817295996 0.9969941917696207
vn -0.04215807348036901 0.15112501390728025 0.9876152727717147
vn 0.0646981690203744 -0.002796999796746005 0.9979009588719454
vn -0.042893724013755116 0.020746001901682572 0.9988642209256108
vn 0.3290543294460436 0.13363596177337198 0.9348072945766525
vn 0.3223807323075553 0.236910004055781 0.9164847589649999
vn 0.41425684458956546 0.16504098288376579 0.8950713606631916
vn 0.40802584106461065 0.2369549044391869 0.8816843461725592
vn 0.4974586855239069 0.16515604516143143 0.8516210054616209
vn 0.4899856323508852 0.23700998688126068 0.838892332905867
vn 0.031578892744764414 0.9968644590631671 0.0725535925348554
vn 0.06271076545124714 0.9971205688117557 0.04263720381356349
vn 0.05436957049397041 0.9982545454463937 0.023061055915010925
vn 0.23156426603670857 0.06942199034072882 -0.9703394137888103
vn 0.2285722552634032 0.15377100086988232 -0.9613059884424294
vn 0.48885493055918694 0.16515895591197846 -0.8565882185449655
vn 0.02215806768034859 0.9986347896046488 -0.04730303402480571
vn 0.023062247685908824 0.994999140049124 -0.09718458742608242
vn 0.058244841570578604 0.9968636225426452 -0.05357664119346187
vn 0.48151169905800206 0.23701591288469856 -0.8437831123634255
vn 0.22389245136064914 0.02312699978813333 -0.9743394234580262
vn 0.23782318968789268 0.005009001047857868 -0.9712955473774082
vn -0.27086354918380284 -0.14233501749546576 -0.9520365962073721
vn -0.18850369542133646 -0.12989600686136724 -0.9734440837634032
vn -0.0625126030160803 -0.09600699309604156 -0.9934157396280827
vn 0.09215115333965536 -0.09140598963451542 0.9915407757611918
vn -0.042479062390824246 0.10807594473062465 0.9932346749026533
vn 0.0629130731307914 0.01911300484381921 0.9978359776411551
vn 0.05209405318761428 0.15206705876716278 0.9869963623339197
vn 0.14584814316302383 0.15295406909762832 0.9774115672951574
vn 0.23824542035490287 0.15377094765991522 0.958954438613059
vn 0.32843767774777904 0.1545219428976629 0.9318002259061637
vn 0.41644644718131085 0.1339849494312091 0.8992332233386285
vn 0.5761620025856965 0.1652540272793936 0.800455153799625
vn 0.567519130730341 0.23704808040091496 0.7884987278577686
vn 0.09295492602562998 0.9949973601995571 0.03660102353053179
vn 0.04471057772477814 0.9968676286369715 0.06523722262035461
vn 0.04428423921996336 0.9987931652153851 0.021239568633602615
vn 0.23023782540164167 0.11191006491563402 -0.9666781683295128
vn 0.22896033659847576 0.1332489734977143 -0.9642727183356988
vn 0.3196147147061105 0.13363501482667184 -0.9380768182593613
vn 0.49139935418474373 0.13430103419351752 -0.8605172322047762
vn 0.037709789016376005 0.9987918094879714 -0.03151020647479376
vn 0.06734311204586399 0.9968633493199193 -0.04157364601103572
vn 0.5680620372434613 0.16525793762935226 -0.8062228822684838
vn 0.24810208169560358 -0.001039000352989216 -0.9687333366497586
vn 0.1555583498632113 -0.021765996205839154 -0.9875868777970889
vn 0.061765103419749084 -0.05004003173847587 -0.9968355266658386
vn 0.06379083534814388 -0.09534905793381891 0.9933978490397085
vn 0.17647744743354057 -0.0649289927480485 0.9821608505983456
vn 0.17320187550369034 -0.04004199338978798 0.9840720243393654
vn 0.16710192512859068 -0.021148997299558506 0.9857127708067609
vn 0.1594171732912051 -0.007122000035164655 0.9871856167790031
vn 0.05276245277909374 0.06634197514962782 0.9964009563975641
vn 0.05246665094619094 0.10944596055579256 0.9926070885584639
vn 0.15250674479711596 0.0016920003379113325 0.9883009814455533
vn 0.41560805698438763 0.15519694461883393 0.8962052506823649
vn 0.5000493519320883 0.13430104445163873 0.8555196520779037
vn 0.5791093856572768 0.13458200500557604 0.804064676112768
vn 0.639886610388271 0.237079059562091 0.730984709390671
vn 0.09812332928416508 0.9950040124246152 0.018407267833861915
vn 0.05224202444242674 0.998634353845674 0.00044519814701413844
vn 0.3231516668990923 0.07076799400474788 -0.9436974574538611
vn 0.3163438203409908 0.025134994763438355 -0.9483115623940841
vn 0.32132614356239386 0.1129889704009045 -0.9402037024129736
vn 0.31903420139495575 0.1545220745920725 -0.9350615524146231
vn 0.4073618662144471 0.13398401009294866 -0.9033850756978973
vn 0.5709790241240974 0.1345819748672894 -0.8098584111133955
vn 0.0435668111821435 0.9982532163544378 -0.03990550089197549
vn 0.0456136158816265 0.9971223995839191 -0.060550130422737825
vn 0.04102199975370031 0.9950040959900398 -0.09101672648063697
vn 0.7103585068684002 0.16541894258557607 -0.6841252554566063
vn 0.6324932320775042 0.23708801346636232 -0.7373883544284698
vn 0.6997161383854217 0.2371100492728958 -0.6739259233898026
vn 0.5595377736842199 0.23705398186276327 -0.7941806403479724
vn 0.3316214485604335 0.008440998376753751 -0.9433747740962143
vn -0.1595742995833147 -0.1257749587065158 -0.979140798187303
vn -0.0919756363961945 -0.11596400975674852 -0.9889857586187234
vn 0.06365776527762113 -0.0761369587804897 -0.9950632404161642
vn 0.1603039142003348 -0.08206198477385124 0.9836505912909461
vn 0.18967820435141763 -0.07796404116736329 0.9787460278738687
vn 0.1585751356055097 0.021437994933302215 0.9871141467636526
vn 0.14690939734097488 0.1107289895862714 0.9829327137897665
vn 0.23996749695817546 0.11190996281876055 0.9643089549649176
vn 0.33078266145298907 0.11298796131462367 0.9369186472047839
vn 0.4185305958104679 0.11395398901181639 0.9010253208200253
vn 0.4989673841236577 0.15580296907482766 0.852500430737875
vn 0.6496250716082472 0.1653419449300637 0.7420574826687777
vn 0.7064628046001223 0.23710994005387265 0.666850194604589
vn 0.7172079673995703 0.16541792964073937 0.6769413859795753
vn 0.7666553356766378 0.23714007208940727 0.5966608605296418
vn 0.056279572218626096 0.9968633066466642 0.05564312726983592
vn 0.07406257769805906 0.9971205361127123 0.016290213228078
vn 0.05905948213250018 0.9982537700243195 0.0011782200448089818
vn 0.4065527084814142 0.15519702951459766 -0.900349252932589
vn 0.4903460202815493 0.15580204401680997 -0.8574884859135021
vn 0.5696593858656819 0.15633106527620602 -0.8068759397359303
vn 0.0381350404296488 0.9986344831489671 -0.035705570394895976
vn 0.05750992126351842 0.9949983334846924 -0.0816757327420382
vn 0.0739461998913356 0.9968664204275046 -0.028094471799345756
vn 0.7721594536118768 0.1654850358458828 -0.6135018183419629
vn 0.7605983557857714 0.23713388377881484 -0.6043655039294984
vn 0.6421208890421805 0.16534602010028995 -0.7485595884715351
vn 0.34512005669920204 0.005204999959705284 -0.9385441142745284
vn 0.26037309081887794 -0.011624002045051757 -0.9654381058120096
vn 0.16218668914283849 -0.04050599887229297 -0.9859283655115325
vn -0.0635732258667153 -0.11190702966459931 -0.9916830449617186
vn -6.49448048161015e-7 -1 -7.604059657438572e-7
vn 0.28939298988678647 -0.06418998214604016 0.9550556756527221
vn 0.2865759763848095 -0.04989700841490642 0.9567572828624488
vn 0.28129079417421377 -0.027167999844327148 0.959237920902473
vn 0.27148577511202676 -0.011029997893816373 0.9623792459619462
vn 0.2593145142615221 -0.0004069999752564263 0.9657928437529091
vn 0.14774948711393893 0.06794501558132282 0.986688179677461
vn 0.24856195238750112 0.005398000133676291 0.9686009588163077
vn 0.5024114651928774 0.11481394494391384 0.8569716901328551
vn 0.5777597227463708 0.15633195741854186 0.8010955135698388
vn 0.652903097663071 0.1348309873580451 0.7453443163464931
vn 0.7783060383640042 0.16548691332716212 0.6056845649045198
vn 0.8198916789462722 0.23715988791624765 0.521088113813984
vn 0.09988532377860168 0.9949988051802482 -0.0005475249060386419
vn 0.06575078369601328 0.996867570796766 0.04395316526843866
vn 0.04901885891038462 0.9987925678320378 0.0032492944784536727
vn 0.4117133460179977 0.07197402002295902 -0.9084667639228191
vn 0.4058296032963779 0.026944984317349856 -0.9135514768793505
vn 0.40942742793299713 0.11395600734492052 -0.9051978842475135
vn 0.6437663259006885 0.1567939183714608 -0.7489863715703058
vn 0.046705924412934516 0.9987931720251592 -0.015190659651705254
vn 0.07795059635329997 0.996865327632803 -0.013535992453793987
vn 0.8269674275922433 0.1655399324904288 -0.5373280231409225
vn 0.7138970652787597 0.1350449794795116 -0.6871054021791364
vn 0.6453669217121559 0.13483103424904194 -0.7518790651182607
vn 0.4219011620274689 0.011543002594157178 -0.9065683474349756
vn 0.17706732041114004 -0.060949013872942055 -0.982309717833604
vn 0.05271563714621343 -0.09544602565909277 -0.9940377848885585
vn 0.2732096132086413 -0.06697801377372832 0.9596199523359813
vn 0.2526008377259354 0.023578002051687308 0.9672832545844089
vn 0.2413331925365464 0.06942199307553855 0.9679560305393723
vn 0.33264638148399955 0.07076698159782746 0.9403926941449164
vn 0.42966866979125173 0.06787801297535874 0.900431790617331
vn 0.5134854954842414 0.06892897521335194 0.8553253429563163
vn 0.5816661433908761 0.11556400921339893 0.8051766622346367
vn 0.7207797301983084 0.13504294102446493 0.679882331447668
vn 0.8323435210217113 0.16554204061731737 0.528961336773714
vn 0.09796034948333575 0.9950009985985412 -0.019410891710807805
vn 0.04868062625733402 0.9986337692412279 -0.018994513898808397
vn 0.49375213322035677 0.1148139661808621 -0.8619898979165399
vn 0.648028435654983 0.11621296246304468 -0.7526976112212118
vn 0.05527035275976335 0.9982537694762783 -0.02084705811889373
vn 0.06484116765656399 0.9971196590783656 -0.03934473861112001
vn 0.07191484120570227 0.9949978360293452 -0.06933658421986927
vn 0.9000485176883589 0.2371969589665899 -0.36558209538213116
vn 0.8742950712188386 0.16558999229799554 -0.45627632295923
vn 0.8612232365608274 0.2371829734328993 -0.4494872344363316
vn 0.8145950823028338 0.23715490564390776 -0.5293320343764094
vn 0.8309739556028347 0.13537993583635605 -0.5395873961488744
vn 0.7759505026216661 0.1352289511941222 -0.6161281914018557
vn 0.43769061424342126 0.010888001588461354 -0.8990597186086284
vn 0.36096825647935715 -0.002178999482879021 -0.9325755571402816
vn 0.27066712546740007 -0.0276510013946891 -0.9622758072990745
vn 0.1791112286269123 -0.07769802694513674 -0.980755924982659
vn 0.07261301553479764 -0.09281699994737296 -0.9930319000393255
vn 0.3802271026139481 -0.05318800762266624 0.9233625432531544
vn 0.39477154983993984 -0.049816010085700385 0.917427811098025
vn 0.3911348301263574 -0.03552201054334258 0.9196476126370274
vn 0.38418461788447567 -0.01504500509873784 0.923133699527072
vn 0.3714805858241132 -0.0016190002253047375 0.9284393104527858
vn 0.35577746402805377 0.005787003023603015 0.9345527843229463
vn 0.3419303659918954 0.008788004506960231 0.939684200031816
vn 0.6512756704830515 0.1567950104479576 0.7424657067740412
vn 0.782120143480889 0.13522705168101698 0.6082776715079168
vn 0.8656992813427482 0.2371860413097477 0.4408032850268472
vn 0.8788415776576047 0.16559201267664866 0.4474558824264005
vn 0.9036842897766202 0.23719806286638995 0.3564993455581057
vn 0.9173924956846294 0.16562702275765143 0.3618821606462024
vn 0.9334773921693477 0.23720500553612775 0.2689865120360488
vn 0.07291256406478686 0.9968652913314318 0.030713986068205874
vn 0.07480524049958256 0.9971215520567045 -0.012360680314138558
vn 0.49630680730700305 0.07307402264739671 -0.8650663212926839
vn 0.4993277413138063 0.032562986021966576 -0.8658010502972293
vn 0.5735228345820709 0.11556298229078307 -0.8109973830642161
vn 0.7166127581356125 0.11676194492713977 -0.687628390261849
vn 0.08371683671862379 0.9950058364683168 -0.05435877706325494
vn 0.07911076423809958 0.9968648487342441 0.0014001213220876686
vn 0.944831093612449 0.1656560330128486 -0.2825814630678204
vn 0.9307188855517063 0.23720706355703178 -0.27837953422627854
vn 0.9137005032991797 0.16562602805829366 -0.3711056575969424
vn 0.8784743142085922 0.13550497301486472 -0.45817167259007224
vn 0.7737739982716372 0.15751993063256944 -0.613564398455643
vn 0.5077623406048045 0.014306000485431025 -0.8613783975777669
vn 0.27648351035758945 -0.050302988569502494 -0.9597012440553159
vn 0.34427050238917406 0.025526989292413232 0.9385234115366385
vn 0.5082656842036485 0.03263199141933759 0.8605818655985061
vn 0.5925616563900622 0.06986300182869919 0.8024897783472068
vn 0.7188671532175535 0.1571880088584878 0.6771424856675252
vn 0.8363691086760896 0.13537896812766564 0.5311866423782245
vn 0.9476312471744993 0.16565502348946987 0.2730447446320952
vn 0.9548174041396107 0.23720999987036473 0.17903949484288867
vn 0.0925215747656584 0.9950005161617141 -0.0375996149023507
vn 0.07740771429728331 0.9968654036533131 0.016352760206986772
vn 0.7120098687186233 0.15718699655563975 -0.6843494684451111
vn 0.6442666761608139 0.0705610155975846 -0.7615389635905273
vn 0.713763940208668 0.07126799385452534 -0.6967509674982505
vn 0.9674090748848571 0.16567403176261414 -0.19149881730691043
vn 0.9180168151804051 0.13560198167793597 -0.37263551845072757
vn 0.8285233935891294 0.15779394316294734 -0.5372616287961024
vn 0.8757675591451526 0.15801904974495762 -0.45613721868166196
vn 0.5248033599110494 0.015975994407755715 -0.8510735579424126
vn 0.45595566732519 0.006469996607700594 -0.8899789708627599
vn 0.3741084829303573 -0.015534002945899867 -0.9272548397026694
vn 0.27942238921940865 -0.0637979870191527 -0.9580464212423224
vn 0.18839229340280644 -0.0772340176002446 -0.9790522204212379
vn 0.4798175684884415 -0.0408500055870146 0.8764167832791546
vn 0.4925506777075656 -0.03662199485699032 0.8695128862659325
vn 0.48838535399390587 -0.022080001246680865 0.8723486800294901
vn 0.480333398598289 -0.003849998343166849 0.8770775357422939
vn 0.46573835615556763 0.0069830017421127055 0.8848949210455327
vn 0.4476519491023123 0.011408004163369184 0.8941351071878954
vn 0.4316528247697383 0.01184500497851606 0.901962047275474
vn 0.4326431521659257 0.027299985174337772 0.9011518261055749
vn 0.5880589693885654 0.03394300011652649 0.8081055136953019
vn 0.6555796842650196 0.11621196377505158 0.7461300537135087
vn 0.7799187066385485 0.15752093633587877 0.6057342368160495
vn 0.8830429087597771 0.1355049340534911 0.44930349891385324
vn 0.9217243823557567 0.13560203730541387 0.36336792710628685
vn 0.9692901548068041 0.16567299916285433 0.18173896979730747
vn 0.5689172570057559 0.06972796571727771 -0.8194334417620365
vn 0.7786520437763348 0.11722202919403266 -0.6164089475296172
vn 0.776660458706515 0.07185897104015769 -0.6258073346988156
vn 0.9861647080560813 0.16569404061948476 -0.004965227875171151
vn 0.9665776139655196 0.2372260197096874 -0.09721898864636569
vn 0.9714416779241326 0.2372280537245689 -0.004890492613101753
vn 0.9812277429339561 0.16568998408928862 -0.09868609663587578
vn 0.9529636808470444 0.2372130091590316 -0.188653680780868
vn 0.9492554518768624 0.13568000701323182 -0.28373407052897803
vn 0.9719102218688105 0.1357310697936126 -0.19226959541123725
vn 0.9150835859266353 0.15819104640266093 -0.37094153664112833
vn 0.5797847835728818 0.0338729962781368 -0.814065246070908
vn 0.588408730720051 0.01673400200957787 -0.8083904618370766
vn 0.3815049659773534 -0.035935002174445216 -0.9236680337401211
vn 0.5168626818510517 0.014565995287952455 0.855944390653394
vn 0.5967791600742968 0.01694999770645376 0.8022264840297707
vn 0.6623436810503947 0.035074015106276495 0.7483786886576459
vn 0.6662357880880967 0.07066798098377904 0.742385284831474
vn 0.7235011408754871 0.11676102244923543 0.6803770739733062
vn 0.8338944632581973 0.15779507423139652 0.5288863192555003
vn 0.9520667767271352 0.13568005868801508 0.27415283023674913
vn 0.9675100457588204 0.23722101612747126 0.08746714162024001
vn 0.6547219318786254 0.035016985387169755 -0.7550582776524707
vn 0.723557542468819 0.03598801555503119 -0.6893252827750439
vn 0.8810327958387061 0.11789897243439805 -0.4581277605161529
vn 0.9204772857777664 0.11813293357416536 -0.3725133237514574
vn 0.8336195061731293 0.1175960562099874 -0.5396755381630017
vn 0.6056664629596739 0.02046900612389752 -0.7954553132855533
vn 0.5442411391830063 0.014252004064500928 -0.8388077627209521
vn 0.470936810584553 -0.004325999408843764 -0.8821563388456513
vn 0.38525348975272283 -0.04926500364479773 -0.9214948225840591
vn 0.29977704123162835 -0.06272500581050001 -0.9519450084939167
vn 0.5704315128091232 -0.03010898831629949 0.8207931152348098
vn 0.5815917891199105 -0.02475399599165983 0.8131040711438767
vn 0.5771934118366127 -0.009751000571496226 0.8165492534564375
vn 0.5686369023136926 0.006304000432993619 0.8225644855606331
vn 0.553200613339696 0.01471399939409977 0.832918110994361
vn 0.5339715018792699 0.016436006434393895 0.845342707352045
vn 0.6707265146081881 0.019012008184966137 0.7414610483001294
vn 0.7848243773224203 0.11722201051780412 0.6085307691568597
vn 0.8803180086708197 0.15801794080767564 0.44729244794959866
vn 0.9187749267268922 0.15819002977975052 0.3617022926334244
vn 0.9737978047509371 0.1357320038636794 0.18246823994713607
vn 0.9821729885784094 0.1656889192526847 0.08878852709575241
vn 0.785702252690496 0.03679899726445449 -0.6175093553278448
vn 0.9907275240509354 0.1357720117287336 -0.004993387531094461
vn 0.9686513846667059 0.1584109539897826 -0.191364742414375
vn 0.9857745313954078 0.13576192423285244 -0.09908215369458533
vn 0.9461362436757567 0.1583229321886402 -0.2824182316110642
vn 0.6631507520864919 0.018833991471913922 -0.7482488628607169
vn 0.47931933090148976 -0.022486003098785252 -0.8773524711817878
vn 0.6139793538770814 0.020864004145824257 0.7890462891007629
vn 0.6870723342456659 0.02470799683626491 0.7261687974614106
vn 0.7381256573436208 0.020766003385554635 0.6743435971924392
vn 0.7304587963168963 0.036032006100867875 0.6820056021907869
vn 0.7337275711308204 0.0713469760601328 0.6756873984096062
vn 0.8390156096657098 0.11759696458244562 0.5312473629659468
vn 0.9489338136827 0.15832093622430257 0.27287194506337054
vn 0.8325364367981255 0.0723409868051136 -0.5492266044462368
vn 0.7313695352351895 0.020624992544942947 -0.681669430598427
vn 0.880857896724386 0.07270699597879415 -0.467763891845053
vn 0.9244551327214118 0.07714997819228869 -0.37340405521360676
vn 0.951620297399259 0.11830803509555135 -0.28358776138891423
vn 0.6796546534066468 0.024371988018441006 -0.7331272456420644
vn 0.6250594406462787 0.021147003615143843 -0.7802906509096865
vn 0.5599854510090286 0.005848001011443842 -0.8284818015758613
vn 0.4835895613401544 -0.03594098135740003 -0.8745566774211401
vn 0.40504174831714324 -0.04951399835395687 -0.9129564864149858
vn 0.6517154441005499 -0.020918003338210117 0.75817505700014
vn 0.6612874818041838 -0.01427199847839793 0.7499967843054487
vn 0.6569217830728149 0.0013530004940145626 0.753957518905473
vn 0.6484257750081489 0.01535700463275613 0.7611229708225806
vn 0.6331413013522594 0.021551999007864694 0.7737361332267819
vn 0.7528368704357129 0.027992007493559522 0.6576116589819877
vn 0.7945720746559809 0.07191698028633593 0.602895651106711
vn 0.8856044943122549 0.11789993351029238 0.4492263186103459
vn 0.9241844556922171 0.11813400857292629 0.36321818219270374
vn 0.9705289080796119 0.1584099376009914 0.18160377267845004
vn 0.9867226815996176 0.13576400591578092 0.08914305533556492
vn 0.8406487478510675 0.03746501000776708 -0.5402833106450265
vn 0.7925734817779677 0.022124998643527297 -0.6093748931629637
vn 0.987349465992747 0.1584809981119366 -0.004980486048726784
vn 0.9741941403742885 0.11842701641741994 -0.19214790824484457
vn 0.9824276816908041 0.15846507318156458 -0.09861374564021771
vn 0.9556272590713519 0.07736396751870629 -0.2842382068785611
vn 0.5687802750488843 -0.010143005285506396 -0.8224269682829555
vn 0.7051197945393408 0.027506992337969768 0.7085544726563489
vn 0.768921035307524 0.032610009100672306 0.638511572931971
vn 0.8109991165101305 0.030755006133148674 0.5842384467129303
vn 0.7984897650969234 0.022236000290268877 0.6015975858716117
vn 0.7918416349264679 0.036831990613129105 0.6096148207388439
vn 0.8481319090560421 0.07238098944272689 0.5248173560470777
vn 0.9544287211256375 0.11830901492474237 0.2739868487318635
vn 0.9833714050854544 0.1584649152647916 0.08871048579723556
vn 0.746320374694507 0.027713991228897148 -0.6650096488067037
vn 0.9880051554166093 0.11849804324823869 -0.09901528476220255
vn 0.9238918419697014 0.034764993245388356 -0.3810712001535676
vn 0.9556658721407926 0.035088980061990974 -0.29235509967091
vn 0.9782152441598281 0.07751102486697466 -0.19257979415660223
vn 0.6979292856956342 0.0271540054477863 -0.7156517114885728
vn 0.6405865828181707 0.014932993649193104 -0.7677407346324746
vn 0.5732717558904428 -0.023981012249912042 -0.8190142886114736
vn 0.502198383497206 -0.037818004741451736 -0.8639251021530563
vn 0.7232053351193118 -0.013258000371959679 0.6905058064065073
vn 0.7314724476483926 -0.005183000779577646 0.6818512996498493
vn 0.7273666469780161 0.011186004426744826 0.6861578784572273
vn 0.7194050236461753 0.02329600110696791 0.6942000491825612
vn 0.8245376741305245 0.036913993025969274 0.5646016126954506
vn 0.8459816675948888 0.037485980635103645 0.5318926765327722
vn 0.8894772077597801 0.07683304051987393 0.45047417324452277
vn 0.9281702077063403 0.07715200250801882 0.3640709189641099
vn 0.9760795757500011 0.11842695837328675 0.18232859713755747
vn 0.883848150881414 0.03430301118384675 -0.466514468808017
vn 0.8463643706767328 0.023359987837566976 -0.5320917806330098
vn 0.8053692368466548 0.030525011583725028 -0.5919870066216405
vn 0.9929391680381039 0.11851898581084859 -0.005005854389201583
vn 0.988952708047972 0.11849703606475617 0.08905612661939996
vn 0.978939045825213 0.03531300598465449 -0.20107544894180737
vn 0.6492362425464872 0.0009900003160490673 -0.7605861695189396
vn 0.7815713960353164 0.030147999782542612 0.623086872762152
vn 0.8351227418950964 0.035962984924931364 0.5488867548820111
vn 0.8720816872249971 0.04047700651414743 0.48768344522902984
vn 0.8613920523171505 0.03303399393182115 0.5068653543592813
vn 0.851427781450248 0.02344400022866117 0.5239476231723809
vn 0.8924099819980142 0.03799300118693946 0.44962312650831604
vn 0.9584420694832101 0.07736700201854385 0.27459633363066627
vn 0.7626245267918815 0.032311989601793246 -0.646033874083575
vn 0.9920333772435308 0.07759900005532806 -0.09923796463656409
vn 0.9969698278142827 0.07762698683671532 -0.005021288939301731
vn 0.8924167155735258 0.02435199387424443 -0.4505545318375008
vn 0.9304620732454137 0.02512699465283782 -0.3655256001863106
vn 0.9603257828759466 0.025704997561444048 -0.27769343500354254
vn 0.9935095837860295 0.03544001048425526 -0.1080865976066707
vn 0.712385724369192 0.02290601021154728 -0.7014142103002833
vn 0.6536709083137073 -0.013449003231755685 -0.7566594134327578
vn 0.5904938049883215 -0.027663998785647476 -0.8065678951220422
vn 0.7853398230245279 -0.006967001805509066 0.6190257048440279
vn 0.7923515271219269 0.002580999770205993 0.6100593380219148
vn 0.7886462172768869 0.019750000005678257 0.6145299679223406
vn 0.8804106794138763 0.04080899717711943 0.4724528138591141
vn 0.8966163130881866 0.024413989957783468 0.4421347579624208
vn 0.9344483410201853 0.03479099195489723 0.354395097092804
vn 0.9801062396777406 0.0775130002237413 0.1827115041289788
vn 0.8566364957110351 0.03285100314696188 -0.5148735046670747
vn 0.8191113888842608 0.036663010937695875 -0.5724616635453239
vn 0.981860270661296 0.02610599489306742 -0.18780012227783488
vn 0.7204294125407908 0.010850003056093512 -0.6934433927724843
vn 0.8410826862217194 0.02708000881156561 0.5402282740294347
vn 0.8851556496919122 0.03324198692305377 0.46410607206100657
vn 0.9178025595664266 0.044756008022134815 0.39450647827283974
vn 0.911730133065576 0.043363003080095976 0.4084945708624562
vn 0.903938298070959 0.03487301572156121 0.4262386961023855
vn 0.9338133748820381 0.025171009702155054 0.35687392894689346
vn 0.9636708902413957 0.035104005640757864 0.26477561082797846
vn 0.7753891884353648 0.02979898559551639 -0.6307801732101482
vn 0.9929830112195683 0.0775989763995941 0.08923641796404548
vn 0.9992227179688769 0.03909799948679966 -0.005030539833901715
vn 0.9000307524479351 0.03472901015389572 -0.43444049132388024
vn 0.9355362727864274 0.03620400685928412 -0.3513703917352916
vn 0.9631735427730344 0.03730997987229725 -0.2662793493757457
vn 0.9940462733348636 0.027393992720088467 -0.10545888123776809
vn 0.7245836418471322 -0.004337999681964055 -0.6891732204071095
vn 0.6691143461690151 -0.019058005293390454 -0.7429150585262413
vn 0.8383282324543072 -0.001925000791295679 0.5451624244589777
vn 0.844299598992962 0.009096998455743821 0.5357942065377522
vn 0.9213462075393283 0.03829899783972601 0.3868518484088835
vn 0.9386232140027484 0.03631200875829423 0.34302755014005587
vn 0.962826904527356 0.025734998104746193 0.2688904271089216
vn 0.9842909276930373 0.035319989685134084 0.17298516696474936
vn 0.8674976469174869 0.040273006136116396 -0.4958083476197065
vn 0.8297634122443266 0.035654982828528616 -0.5569752255712539
vn 0.9952516774997424 0.03904202142130891 0.08916175748204351
vn 0.9829747129416145 0.038081000228276506 -0.17975135921312127
vn 0.7824826117359724 0.01945000994342126 -0.6223685880923395
vn 0.8878420693545959 0.01447399486384604 0.4599206054927637
vn 0.9235276381767421 0.018818997000920268 0.38306989815902764
vn 0.9501443558679193 0.04232198429023053 0.30892483334635606
vn 0.9477127319325686 0.04787600931166934 0.3155130194861957
vn 0.943709207991859 0.04562898600794209 0.3276139899138395
vn 0.9654615269850891 0.03738800570911156 0.25784913600924725
vn 0.983527571246726 0.026123986535374292 0.17886043141236113
vn 0.9958087051443576 0.02634699954843879 0.08758343663908524
vn 0.9995263709101403 0.027494991387827666 -0.013822420330320608
vn 0.9079616786615131 0.043197994985274546 -0.41682073282337956
vn 0.9407278170968835 0.04550101148898401 -0.3360964624830376
vn 0.9660129985565891 0.04723497614998009 -0.2541411884126976
vn 0.9949902979652775 0.038537993312309886 -0.09224494580424811
vn 0.7862120358759275 0.0034170001341461646 -0.6179473753920416
vn 0.7382365954200686 -0.011864995653799644 -0.6744375071574249
vn 0.8828769336853672 0.0020520006657092416 0.46959994597486
vn 0.9518664488907068 0.022235002942202552 0.30570552517145594
vn 0.9682259788551807 0.04732799449329356 0.245557559051172
vn 0.9844928086006572 0.038130987394545915 0.17123065617437425
vn 0.8758557961911569 0.040544994810200324 -0.48086664229721215
vn 0.8357036538255093 0.026815997493227137 -0.5485255739353787
vn 0.9840215182752975 0.04844600181270404 -0.17133194821615133
vn 0.9194296468670421 0.005098998529270657 0.3932214702631899
vn 0.9486490682940109 0.007383002700152916 0.31624426713544523
vn 0.9733224900173806 0.024811993868659378 0.2280958030885871
vn 0.9719832002024178 0.04537501746028743 0.23062906650018195
vn 0.9704769991883117 0.05022698314096439 0.23590600715328774
vn 0.985489555828662 0.048505020326493856 0.16265791820797726
vn 0.9957448470519898 0.038562990529914055 0.08369644753989815
vn 0.9992418182633412 0.038697000775700735 -0.004281444234965145
vn 0.9140432614862408 0.044536010350058566 -0.40316430882916104
vn 0.9447222590455191 0.047698983456206615 -0.3243835079673061
vn 0.96824422698811 0.05009201354946564 -0.24493653684731787
vn 0.9949097408204355 0.049163007997494616 -0.08796366446011629
vn 0.8389300071102113 0.009894001371798317 -0.5441493838156172
vn 0.7979699185121789 -0.005988002029058916 -0.602667531049555
vn 0.9709245194193857 0.009011004905948392 0.23921617708846538
vn 0.9864107256730512 0.05186097369334629 0.15589842746077553
vn 0.9956389287564703 0.049191994814057206 0.07926708769017649
vn 0.8805528657221946 0.03301398484399273 -0.47279670839923493
vn 0.9849291483622454 0.05177200578042238 -0.1650279737617046
vn 0.9867371670140096 0.010115005165643457 0.16201064750091465
vn 0.9882498032849756 0.026608011815449945 0.150513587474473
vn 0.9859085703017438 0.04813402664794316 0.16021050678474982
vn 0.9950729624375165 0.05276800113691299 0.08393650863503688
vn 0.9987692282315825 0.049404997520313826 -0.004378921979946879
vn 0.917527176162267 0.038107983529390016 -0.39584297719552913
vn 0.9471004488980428 0.042170986960036946 -0.31815459694296744
vn 0.9696963768064104 0.04526100326372575 -0.24008410691272628
vn 0.9942829591557105 0.05270399419154579 -0.09286380419098196
vn 0.88323883087665 0.015205005167307741 -0.46867683476945043
vn 0.8488997788515298 -0.0012649996609770911 -0.5285523297098232
vn 0.9954351530370045 0.049464992948716306 0.08162150801583658
vn 0.9985820764940071 0.05312699650557191 0.0033702740561772668
vn 0.9857052698837393 0.04742401189157243 -0.16166658287825744
vn 0.9963171738151082 0.010692996273122556 0.08507496101543909
vn 0.9196974542570376 0.019460008180239862 -0.3921452546120496
vn 0.948803038127852 0.02276899748049665 -0.31504661177846466
vn 0.9710225994939425 0.025220992722206105 -0.23765313546876
vn 0.9959067808893838 0.049608989080591394 -0.07555548941636744
vn 0.8914476646612498 0.002447000289150929 -0.4531170636376309
vn 0.996961498191091 0.02772200912540772 0.07279602554141168
vn 0.9987781143881688 0.049174019573402755 -0.004918741526924741
vn 0.9855586371655283 0.023405002323672108 -0.16770920837764258
vn 0.9956179913384491 0.024350998276789475 -0.09028756396157704
vn 0.9995912061809998 0.028142990922845595 -0.005039105826472382
vn 0.9263058496900679 0.005320001273342373 -0.3767348808066662
vn 0.9538912180750823 0.007475996549843272 -0.3000594167074626
vn 0.974759876225516 0.00904400302791006 -0.22307261084689015
vn 0.9999272087890125 0.010960998510657984 -0.005043177080386162
vn 0.9892137976109762 0.010104998331088895 -0.14612991351807278
vn 0.9965897227733964 0.01059700007344249 -0.08183292767516331
vn 0.9942707304881492 0.10680799034899062 -0.004215174038175266
vn 0.9908231870362272 0.1064200280640293 0.08333180460199312
vn 0.9943843618931 0.05956100216033717 0.0874770132326698
vn 0.9821608201935216 0.05873101856367394 0.17863591670003634
vn 0.98814518088868 0.1534629937882785 -0.004267437640621259
vn 0.9978630662361064 0.06385702025628016 -0.013841315178295267
vn 0.9847849938589622 0.016023998675095824 0.173036838091386
vn 0.9797308685499633 0.10521894850107176 0.17045937371310352
vn 0.9851058418078167 0.15299796609037603 0.07847358032051949
vn 0.9843889839027069 0.15299502682943972 -0.08701063231844543
vn 0.9959536320769121 0.010772999630216811 0.08922054265567979
vn 0.9900824546738998 0.10637799130976945 -0.09176304218912922
vn 0.964139269528123 0.015147994444671036 0.2649641621391119
vn 0.9615560671241934 0.057345995747278514 0.26855421528698237
vn 0.9829059089931189 0.18407900730121782 0.0033004753307356964
vn 0.978935663277519 0.18635302473929743 -0.08341173379038974
vn 0.99992748903747 0.010939000543963691 -0.0050353683399938344
vn 0.992419266082781 0.06348700728491227 -0.10523022481074372
vn 0.9951124571779981 -0.041879999176094765 0.08942741882765849
vn 0.9821849174322395 -0.042275022356855506 0.1831000012379911
vn 0.9609674690147382 0.10321195731463968 0.2566881675548932
vn 0.9752371825215344 0.15160003658465587 0.1610275340896413
vn 0.9795342499529467 0.1835390835582057 0.08261996112158347
vn 0.9692248855963173 0.1850450319642189 -0.16236211776817638
vn 0.9737998304669154 0.15159403212997946 -0.16950852369477326
vn 0.9940059615057485 0.016438007421498993 -0.10808302550837116
vn 0.999115553685955 -0.041746999490477874 -0.005029753110207761
vn 0.978243483241358 0.10513298901596865 -0.17884837744967957
vn 0.9604371541653618 -0.042924011185827005 0.2751690428853874
vn 0.9349353518723046 0.01392299912554526 0.3545448320237657
vn 0.9326684320010915 0.05542397811584662 0.3564516497344897
vn 0.9738183987129646 0.21284196447093237 0.07985001245004288
vn 0.9762456081224986 0.21661106264013763 -0.0049152989169778515
vn 0.9637226976679827 0.21510404378561557 -0.15801522821115102
vn 0.9941608076964911 -0.0418789929089239 -0.09945068322135661
vn 0.9805090466923148 0.058623013467525006 -0.1875242694866838
vn 0.9919390733521345 -0.08987703975617359 0.0893252063080524
vn 0.9959497360927514 -0.0897719788320392 -0.0050114861427471655
vn 0.9789919626334745 -0.09019500416425828 0.18286497292501602
vn 0.9344756744674685 0.10041396526736777 0.34157319773052125
vn 0.9584427044036959 0.1492690169525579 0.24311796098467595
vn 0.970685845094205 0.1849849712598122 0.15345862811114833
vn 0.972935833251532 0.21624992252480285 -0.08143608158036537
vn 0.9484004521527912 0.21313995505464953 -0.23475080812573
vn 0.9531267238476485 0.18284808572999064 -0.24107265674963282
vn 0.9562661014300644 0.14925499842379253 -0.25155136394235533
vn 0.9802899564594927 -0.042275005188306056 -0.19298814782513127
vn 0.9587124027180002 0.10308096312351354 -0.26503743870670027
vn 0.9794214189166672 0.015820999427778145 -0.20120482137455986
vn 0.9572178025044553 -0.09071497002641805 0.2747815000716889
vn 0.9300504608363299 -0.04381799678520506 0.3648097085548326
vn 0.8930310955937966 0.006661997485412967 0.44994564126352815
vn 0.895613473275695 0.0529930207327021 0.4416653102074798
vn 0.9660990388651272 0.24834699842212735 0.07054371324645156
vn 0.9646952102328226 0.21158901420936654 0.1568223211783285
vn 0.968554410851826 0.24875397081655898 -0.004880084268389617
vn 0.9639641193748959 0.2512769186046347 -0.08736753821838768
vn 0.9419134265429551 0.24429896002768517 -0.23047150589064272
vn 0.9770984169940556 -0.09019396864966431 -0.19272709079663375
vn 0.9909890745137714 -0.08987602767445096 -0.09931240528655112
vn 0.9590729291111061 0.05718597703508832 -0.2773245042847556
vn 0.9863236169852765 -0.13874108354636772 0.08897547029075803
vn 0.9903259448365216 -0.13867108427834773 -0.004985315307796776
vn 0.9734051991911983 -0.13895804917976345 0.18213450731725092
vn 0.8912139108460554 -0.04490799599481308 0.45135466875862595
vn 0.9002106491092746 0.09684604714050292 0.42454873734769033
vn 0.9345443904212556 0.14600395763688487 0.3245144475775008
vn 0.9553274612357607 0.18276200093098965 0.23226599584213176
vn 0.9546140084561137 0.249635985552817 -0.16246220968712988
vn 0.9211194376177627 0.2408510150605348 -0.3058263726153235
vn 0.9267382870246255 0.21036101357102036 -0.31129470174102836
vn 0.9304011072258763 0.17974106583386204 -0.3194478500878834
vn 0.9316195983105697 0.1459780670923378 -0.33282927751572194
vn 0.9576168343313723 -0.04292599819011122 -0.2848286454774926
vn 0.9543996224410731 -0.09071600192154643 -0.28441513264892754
vn 0.9853777512115692 -0.13874199633048237 -0.09890068691097904
vn 0.9314408946232591 0.10023599440998902 -0.3498151015151627
vn 0.9561623495848103 0.014849006015311214 -0.29246037040394407
vn 0.9516864160553516 -0.13931107756877775 0.27365194894673417
vn 0.9268032268438338 -0.0914320238368345 0.36424711904002466
vn 0.8496581582478662 -0.04135901951116329 0.52570946883989
vn 0.8465601594770292 0.0048369997259865094 0.5322710773843322
vn 0.8505808716532456 0.0500880058019446 0.5234533144917408
vn 0.9611333155786748 0.2636210091976053 0.08201654219960468
vn 0.9579571234441092 0.24699902377637417 0.14597818979630475
vn 0.9506242704965766 0.2130880632837548 0.22562573795741922
vn 0.964395104029583 0.2644209214408203 -0.00486411637993661
vn 0.9545433440780323 0.2626368961851707 -0.14095696165336039
vn 0.9412688162492495 0.2599720924366034 -0.21547047758537746
vn 0.9221160860170156 0.2561198792608913 -0.2900078125776034
vn 0.9715192923037105 -0.13895801229910473 -0.1919399267989323
vn 0.9488783588738494 -0.1393099673576585 -0.28323593178775563
vn 0.929337752751298 0.05521200478345778 -0.3650794103191232
vn 0.9880269341616998 -0.12583898475706176 0.08925988621068257
vn 0.9870778725371344 -0.12583900143689264 -0.09920594369759397
vn 0.9750672714289244 -0.12594402852324 0.18270719161403975
vn 0.8880127525616506 -0.09232998204034283 0.4504536887453701
vn 0.8581358825126025 0.09253904687002128 0.5050141898488644
vn 0.9033389852833588 0.14180398443694273 0.4048089767594575
vn 0.9333484414886264 0.17963201624358513 0.3107941851306374
vn 0.9612887532590088 0.26398904889909197 -0.07895387842971015
vn 0.8966155947169572 0.25103708457578866 -0.36477507792891434
vn 0.8938089322708439 0.2363759626349907 -0.38109316037057833
vn 0.8983770442771705 0.20671193582174177 -0.3875420775924123
vn 0.9007238544945031 0.175693026560483 -0.3972763501173743
vn 0.8996337684108856 0.14176005133522218 -0.41299294253081903
vn 0.9243466934920388 0.013533001450622716 -0.3813135823729231
vn 0.9230851734239083 -0.09143399492225901 -0.373568718146353
vn 0.9731757545669474 -0.12594502837327706 -0.1925274020785276
vn 0.896364027451325 0.09661801087740107 -0.4326620970981102
vn 0.9920424230078458 -0.12580499365200595 -0.004993448201481572
vn 0.9532816345604772 -0.12611496905927247 0.27449797775008
vn 0.9213555131673263 -0.13979696490998755 0.3627131469331218
vn 0.8411876955917224 -0.0933929952562429 0.5326171319270114
vn 0.7958764009663828 -0.04287501326488789 0.6039391423167844
vn 0.7923718186281457 0.002776001132120251 0.6100321260897982
vn 0.7978060594222453 0.046749990627913574 0.6010989352223466
vn -1.109579174385802e-7 1 0.0000014098540140730114
vn 0.9524140737274275 0.2615868625702769 0.156460044409317
vn 0.9440188887248177 0.24464787797248239 0.22130466225166154
vn 0.9297102348671286 0.21029708697489755 0.30234750601448834
vn 0.9263249235753719 -0.04381899859435236 -0.3741684531401192
vn 0.9504675518983428 -0.12611405264657455 -0.2840892087239997
vn 0.9176555731375101 -0.1397969859298535 -0.3719745311370071
vn 0.8914393335353602 0.05273101904207073 -0.4500615005272253
vn 0.9827207248252439 -0.1623800413970106 0.08884086421716286
vn 0.9817745347279939 -0.16238609728830058 -0.09873964941757558
vn 0.9698226351624757 -0.1624149782882047 0.18183902538826424
vn 0.8826845017546756 -0.1404030283491994 0.44850313264510644
vn 0.808236876586709 0.08752804229286013 0.5823160594880928
vn 0.8645693768583848 0.13667295346027053 0.4835703634334416
vn 0.9044313512424297 0.1755689482979371 0.38881804907096224
vn 0.8643610821392638 0.24472995603659217 -0.43930304836339173
vn 0.8594982698207302 0.23083402381826354 -0.4560464643246785
vn 0.8628621434033616 0.2021350397933184 -0.4632605607745062
vn 0.8637177613391482 0.17067703718276453 -0.4741950840379975
vn 0.8600667913163175 0.13660499281526048 -0.49155283583028664
vn 0.8825002445380729 -0.04032399465638564 -0.46858008263816897
vn 0.8834279696007163 -0.09233004612006991 -0.459380218458111
vn 0.9191536667337334 -0.12635098176433274 -0.3730843957298696
vn 0.8781193302967113 -0.14040294030700065 -0.45737671137958447
vn 0.9453403599107953 -0.16246899130124798 -0.28272854611673504
vn 0.8534492627433272 0.09225603978482592 -0.5129455907268251
vn 0.8843293973711248 0.011923000459387148 -0.4667112158554458
vn 0.986716959968813 -0.16237299527941113 -0.004965008952260959
vn 0.9679392197059556 -0.1624190657640615 -0.19160823059397825
vn 0.9481390292173061 -0.16246700446768012 0.2731974628984743
vn 0.9228631614564403 -0.12635200855428386 0.36381142802408284
vn 0.8360254196542525 -0.14112501755157825 0.5302312958634163
vn 0.7867331151837722 -0.09459802987079875 0.6100018182086022
vn 0.7349013663943923 -0.04455099488080124 0.6767090885504538
vn 0.7309236416258652 0.0004979999401450441 0.6824590699144111
vn 0.7375878819266537 0.04303101577160184 0.6738786597872181
vn 0.9379979491531846 0.2584109776048136 0.23104894294877057
vn 0.9239456244392259 0.24130695100347316 0.2968087574129446
vn 0.9020957907200902 0.20663590674688948 0.3788466528926793
vn 0.8795074837930603 -0.12664501134049144 -0.45872391157924886
vn 0.8455541529282763 0.049776985395583825 -0.531564131775906
vn 0.9678231939720932 -0.23592708621095804 0.08750242969005811
vn 0.9717580191134754 -0.23592890968666655 -0.004888953130795623
vn 0.9532648279679649 -0.23595012781822994 -0.18871593716951163
vn 0.9551211709425328 -0.23594206645910887 0.17909464004366707
vn 0.8840876003816708 -0.12664500370221335 0.44983347795450446
vn 0.7251257010162868 -0.09592898311376633 0.6819020075673611
vn 0.7505709536122955 0.08186296461023888 0.655699396536822
vn 0.8179954408239672 0.1306189563041786 0.5601983104626528
vn 0.8682015973247231 0.1705459996268454 0.46598288425014006
vn 0.8246428248381129 0.23711798839200757 -0.5135555189304708
vn 0.8176172651721412 0.22416105342800874 -0.5303336966651033
vn 0.8197105870513508 0.19656795857979367 -0.5379921850135951
vn 0.8189684364422338 0.16465993851977748 -0.5497070171991859
vn 0.8126620965717072 0.13051906385170353 -0.5679305333990698
vn 0.8412451489236649 0.004685001146977315 -0.5406335636793685
vn 0.8357794137163415 -0.09339396808028215 -0.5410640796931432
vn 0.8306384289405969 -0.1411239364691229 -0.5386314462808087
vn 0.9141758891030503 -0.16254690644014072 -0.37129630618871984
vn 0.831903774419795 -0.12699301638610055 -0.5401933763896576
vn 0.9310095308354558 -0.23596293173345614 -0.278464985844355
vn 0.8026850034060117 0.08718899883511125 -0.5899956472629454
vn 0.9668894411569084 -0.23593800245210364 -0.09725259676837548
vn 0.9337667717273604 -0.23595804518018887 0.26907883033157304
vn 0.9178693546781457 -0.16254405093920032 0.362070820761628
vn 0.8373064307823564 -0.1269940087236631 0.5317804647773414
vn 0.7817871621028357 -0.14194095784425131 0.6071750963745557
vn 0.656922866010675 -0.09735595703288256 0.7476457488293052
vn 0.667157039901282 -0.04635901191716485 0.743473150910121
vn 0.6627428323732918 -0.001958999748999088 0.748844510200756
vn 0.6703292936076186 0.03898298488532526 0.7410391116674891
vn 0.9175270703491273 0.25404200749817696 0.30595217535236413
vn 0.8973624976765868 0.2369290787796426 0.37229713857652424
vn 0.8673386913646274 0.2020560274209244 0.45485927081325966
vn 0.8339800418793087 -0.041724015505126985 -0.5502148637369899
vn 0.900318551506871 -0.23599195098813477 -0.3656970124042354
vn 0.8273605227070282 -0.16275693705368546 -0.5375730135589541
vn 0.8747277402576502 -0.16264103753446568 -0.45650769252385803
vn 0.7919191941952891 0.04639497905076935 -0.6088608180725401
vn 0.050253258234968484 -0.9986345018797367 -0.014273811410400019
vn 0.07547197158796591 -0.9968669151815821 0.023671394571964415
vn 0.0956718247243175 -0.9949999268058181 -0.028671372662225154
vn 0.056990227536149025 -0.9982548184344353 -0.015473572238189142
vn 0.08850419950866471 -0.9950043447287674 -0.046188317139797846
vn 0.05036818771760845 -0.9985326650312899 -0.01988875389645367
vn 0.07861918626161114 -0.9968650007426644 0.008899092419442154
vn 0.053048113887475205 -0.9982519683429348 -0.026055811490672702
vn 0.07819699791050608 -0.9949997290645956 -0.062135084124555436
vn 0.04505910493841808 -0.9987927355302059 -0.01956395957460251
vn 0.07888333276643726 -0.9968653509200917 -0.006073874103250288
vn 0.07564243800217822 -0.9971211740151096 -0.005252228461903507
vn 0.06965517631388762 -0.9968662217120442 0.03749523199334631
vn 0.8792867818997319 -0.16263799193250514 0.44766464988490634
vn 0.720452474955073 -0.1428439485409766 0.6786338023531784
vn 0.6525824177537051 -0.14381293098375933 0.7439449098693998
vn 0.6852811470807453 0.07560000647423377 0.7243441091613804
vn 0.7633767298960914 0.12365997648853104 0.6340064498630956
vn 0.8242378717462073 0.1645309369730639 0.5418131611155717
vn 0.7769362467292843 0.228209941397406 -0.586762550922948
vn 0.7675922943837608 0.21632297802223538 -0.6033294612251795
vn 0.7683892755789411 0.18994404489698405 -0.6111457935578403
vn 0.7660350764738256 0.15761204407172216 -0.6231763034449189
vn 0.757178754181757 0.12351606065578774 -0.641423508281259
vn 0.7862392452454433 0.002605999510973676 -0.6179167079812817
vn 0.7779758045037732 -0.04327898657462254 -0.626801864170633
vn 0.7756332701173994 -0.14194095627892764 -0.6150169064486055
vn 0.7767668992429527 -0.12738804899702005 -0.6167701915731835
vn 0.06081339286375771 -0.9971220640566192 -0.0452694225704926
vn 0.06500012977729913 -0.9950007365183674 -0.0758189782102135
vn 0.7441245729533233 0.08146298120408908 -0.6630553541148555
vn 0.04849847968816774 -0.9987923919616686 0.007852084272654125
vn 0.9039574351649184 -0.23598992255319381 0.3566086256155336
vn 0.8327339040680711 -0.1627529391169849 0.5292123636351778
vn 0.7829400120930289 -0.12738999895941464 0.6089143828395648
vn 0.5827227948491279 -0.09885996396530235 0.8066355136540915
vn 0.5787886200335904 -0.1448349348502192 0.8025126634306433
vn 0.5933557640657591 -0.048266989234773065 0.8034919010171475
vn 0.5883845710611505 -0.004553002058007298 0.8085684057081662
vn 0.5964917441649229 0.034672003793776364 0.8018699715639767
vn 0.8906218486035012 0.248463963495056 0.3808653064200118
vn 0.8637847363918957 0.2314670614644661 0.4475476830834769
vn 0.8249438749898742 0.19649097222433298 0.5299612258939586
vn 0.7805501984626532 -0.09459996951261067 -0.6178933835607288
vn 0.8614708076512032 -0.23603004288040794 -0.4496196908751402
vn 0.8148213251078824 -0.23608502354735753 -0.5294620570032174
vn 0.7724973244021666 -0.16288107157109885 -0.6137732808744156
vn 0.03456372570669592 -0.998634740149782 -0.03916637117796128
vn 0.7308558410565499 0.04263198234077062 -0.6811991292384477
vn 0.00016175457561048637 -0.9999999867470002 -0.000018478543410220066
vn 0.09939014771777988 -0.9949980170637187 -0.010027191825521769
vn 0.865961515695187 -0.2360269649607374 0.4409103368558251
vn 0.7214775485741541 -0.12783098669752452 0.6805361017193475
vn 0.6534786991533007 -0.12830203757139666 0.7459920756334735
vn 0.579560236473941 -0.12880095108842754 0.8046864279313938
vn 0.6126176724209312 0.06881402276970389 0.7873780652950724
vn 0.7005852480889886 0.11582400517866524 0.7041058940134378
vn 0.7721144428322644 0.15749695994049592 0.6156573680053896
vn 0.720472966708976 0.2179649540605121 -0.6583388056638962
vn 0.7088434391430091 0.20725793065969447 -0.674229285156446
vn 0.7084231526550255 0.1821909294963141 -0.6818673639290735
vn 0.7045660354375773 0.14951094569539153 -0.6937097223082895
vn 0.6934996604036641 0.1156290204673789 -0.7111175364493251
vn 0.7240238828926306 0.0003119999995602388 -0.6897748325773265
vn 0.7148258819843549 -0.04498798673916318 -0.6978538811917908
vn 0.7135815769573081 -0.14284397238162067 -0.6858548917820445
vn 0.7145841083752055 -0.12782994880309326 -0.687771078373183
vn 0.07629645859454887 -0.996865389678246 -0.02093430838525704
vn 0.7607888201824882 -0.23613303643462205 -0.6045176260370769
vn 0.7106364632586711 -0.16301894202802933 -0.684412625268755
vn 0.6779390765697406 0.07514201715939527 -0.7312675883129134
vn 0.058713189523161916 -0.9982520709537632 0.006750126853635264
vn 0.06130878016458137 -0.9968653839736794 0.05000639668822126
vn 0.8201123950920275 -0.23607692753442752 0.5212325236421103
vn 0.7786421496022161 -0.16287896611832803 0.6059594419258312
vn 0.5032041953838626 -0.10041002708234492 0.8583142572562815
vn 0.49973673861309564 -0.14588801279087774 0.8538031856372259
vn 0.5003867469957908 -0.12931604064546018 0.8560902201653467
vn 0.5140226840226886 -0.0502439774525929 0.856303814682531
vn 0.5085155787850073 -0.007241999775331252 0.861022333956677
vn 0.5166669234298266 0.030159986983480404 0.8556551089187242
vn 0.8566736703818542 0.24163098228832888 0.4557682425014489
vn 0.8226716127700905 0.22486504491511083 0.5221562305647454
vn 0.7743874128165112 0.18987496136624055 0.603549197594959
vn 0.7182197302777886 -0.09592998925027801 -0.6891718626018781
vn 0.03956802150631319 -0.998252425836108 -0.043891525223004296
vn 0.049492785820417856 -0.9949975698044361 -0.08677730253355638
vn 0.03456209919426077 -0.9987920263391449 -0.03492777434408088
vn 0.07098117996644158 -0.9968635375182283 -0.034996566363224194
vn 0.6998673870312432 -0.23617889038963868 -0.6740958183406712
vn 0.6627736593838329 0.03854899050287895 -0.7478268862231231
vn 0.051959776681382346 -0.9986344242649322 0.005428469422266744
vn 0.09944958516754841 -0.9950019826526382 0.008990802373641107
vn 0.7175028168042252 -0.16301802340775945 0.6772110689602093
vn 0.6498672849669703 -0.16316501334281933 0.7423272124545187
vn 0.5763416494135936 -0.16332898374068197 0.8007208915854853
vn 0.49760078239464856 -0.1634969711700909 0.8518580878165329
vn 0.532995775630978 0.06158497814023131 0.8438736834544608
vn 0.629584211059669 0.10715996483948197 0.7695066361766967
vn 0.7114659000027508 0.14942305172586162 0.6866505841737894
vn 0.6548280773695525 0.20640005636270292 -0.7270482830059972
vn 0.6409003434517215 0.1969409636102366 -0.7419305942038896
vn 0.6394231036602808 0.17325396816415295 -0.7490802073348546
vn 0.6343116231233656 0.14035304169426302 -0.7602300891557566
vn 0.6216169151625484 0.10690695483855607 -0.7759918258531749
vn 0.6551237029954395 -0.002157000044679188 -0.755518551145073
vn 0.6493535704530602 -0.09735600374032052 -0.7542292417266632
vn 0.6450532706738817 -0.14381198914241106 -0.7504827711359074
vn 0.645928629780257 -0.12830198785897606 -0.7525389060650851
vn 0.6423514812981674 -0.163169030637844 -0.7488393966096847
vn 0.039654484758502105 -0.9971200335730321 -0.0646464267059913
vn 0.03219288051395483 -0.9949993009390766 -0.09455162386211667
vn 0.6043841065049128 0.0682950315519702 -0.793760442746786
vn 0.07215177582104719 -0.9971214192467688 0.023302285835923378
vn 0.7668418026729256 -0.23612506486899495 0.5968237624407651
vn 0.4190857863241074 -0.10198700991380055 0.9022005062678402
vn 0.4161391244469393 -0.14696301586774443 0.8973461433981827
vn 0.4166775725727638 -0.12984401908311177 0.899733477882875
vn 0.4143582606423432 -0.16366991245225054 0.8952761538180969
vn 0.4301161710639223 -0.0522729867745699 0.901258905222565
vn 0.4328341455167852 -0.004869000881079672 0.9014604235933903
vn 0.4315371930160821 0.02551999931579627 0.9017340964379259
vn 0.8151629282994964 0.23354190262472407 0.5300637509249373
vn 0.773407713092206 0.2170759185834128 0.595582534079578
vn 0.715179476485415 0.18214101104912955 0.6747910554446086
vn 0.6452068672287637 -0.04681800466026457 -0.7625720771969531
vn 0.01753530293156074 -0.9986340784921425 -0.049218801542176095
vn 0.6326222619708486 -0.2362319290378291 -0.7375524044852358
vn 0.5881547621431934 0.034204981914547974 -0.8080247489900969
vn 0.042102887413743344 -0.9987917969331634 0.025343505093970105
vn 0.05073326063416191 -0.9968629688191236 0.06074831407165993
vn 0.7066331189570435 -0.2361739291127598 0.6670018818567769
vn 0.5676136057047916 -0.23629401686123258 0.788657043469713
vn 0.4900677711340033 -0.23636290735639456 0.8390269100105089
vn 0.40808967436314325 -0.23643398671985774 0.881794640266053
vn 0.44699895565720754 0.05401398855751602 0.8929022469909427
vn 0.5505538654647194 0.0977360213054289 0.8290585693189837
vn 0.6420241909019526 0.14030492484673956 0.753737000790358
vn 0.5794466348002717 0.1935269412580989 -0.7917000192155643
vn 0.5634654678737351 0.1853510525482354 -0.805078663133668
vn 0.561191278480532 0.1630889844940707 -0.8114593841308871
vn 0.5552368925353197 0.13015502833071774 -0.8214448622810614
vn 0.5417112121862425 0.09741798781062357 -0.834900412170602
vn 0.5801198436921224 -0.004761001020935064 -0.8145172188627482
vn 0.5695973845616661 -0.04874298018300943 -0.8204772643915175
vn 0.5706717997695229 -0.14483502427543848 -0.8083047152472556
vn 0.5714213669587663 -0.12880197504687396 -0.8104860718155492
vn 0.5682462565891815 -0.16333106753046894 -0.8064856813680821
vn 0.5596434210967542 -0.236298053602093 -0.794331461725509
vn 0.06306203439929207 -0.996864498886446 -0.047794881287616206
vn 0.5238974210802574 0.06100997597647235 -0.849593594029996
vn 0.05198389904783005 -0.9982524025982699 0.028103646499461066
vn 0.020391949758552564 -0.9982516734898995 -0.05547760592941726
vn 0.09601443957690615 -0.9949964008204508 0.027629508629025117
vn 0.6400262280948394 -0.2362250482903102 0.731138942958815
vn 0.3311310564252628 -0.10356302456706802 0.9378842803956201
vn 0.32877274260016587 -0.14803596334452335 0.9327346017382566
vn 0.32919894780554027 -0.13037204796075608 0.935217184334336
vn 0.3273632193254341 -0.16384005821008907 0.9305857069387012
vn 0.3224106193197215 -0.23649593405713817 0.9165811833789277
vn 0.33290681734558014 -0.058978000836307845 0.9411135140790344
vn 0.34433215840938297 -0.007719002113424262 0.9388161596880981
vn 0.34186818485030684 0.020818004096931766 0.9395172988788321
vn 0.7653019776304587 0.22415397940742326 0.6033803746814486
vn 0.7154293744220644 0.20803903933581733 0.6669936793750625
vn 0.6469107594804306 0.17323104725977487 0.7426287588921763
vn 0.5745668830854194 -0.09885999821715896 -0.8124651362452479
vn 0.01366861783111272 -0.9949963143288377 -0.09897223529159885
vn 0.5075925945496979 0.0296700059911312 -0.8610862028291896
vn 0.046199834231356936 -0.9986349231720225 0.02436935654062386
vn 0.019064659489020117 -0.9987919048406052 -0.04529094372436052
vn 0.03832069886461226 -0.9968651979106581 0.06921922589188925
vn 0.08896693317029887 -0.9950030061620536 0.04532000144249612
vn 0.02452225694715871 -0.9968640688229993 0.07523753852879637
vn 0.05831653615761216 -0.9971216359998161 0.048452292325835054
vn 0.07888273938721735 -0.9949945755985868 0.06134580634531319
vn 0.029683465122830755 -0.9987914140305888 0.03917401124570361
vn 0.00984549708692215 -0.9968625987000825 0.07853677800896698
vn 0.03783606695238068 -0.9982512098174526 0.04541975490430592
vn 0.3553780375819318 0.04620401883698978 0.9335800121295047
vn 0.4639006323532558 0.08764900922466447 0.8815406142000403
vn 0.5637429610094946 0.13015798747333573 0.8156302913754113
vn 0.49440106185700894 0.17942602103949623 -0.8505138993623774
vn 0.47658290787298907 0.17252291085519197 -0.8620351368438396
vn 0.4738834333613197 0.15170303657333079 -0.867421858313542
vn 0.4675817026965381 0.11897002070143953 -0.8759072356578094
vn 0.45422397715550134 0.08726096757465925 -0.8866036894323037
vn 0.49958399350921784 -0.007476000832075391 -0.8662331919529178
vn 0.49453099869562767 -0.10041100936177086 -0.8633404430049918
vn 0.4911081984855283 -0.14588793202900485 -0.8587953473724687
vn 0.49173928362557573 -0.12931605327719056 -0.8610864273139
vn 0.4816004886518049 -0.23636209657036347 -0.8439158303025278
vn 0.43708880088186414 0.05338497541763898 -0.8978326261298997
vn -0.0020093369420504663 -0.9986345720342472 -0.05220109292945141
vn 0.24015211904121975 -0.10511795723544808 0.9650270331895673
vn 0.2384278090504431 -0.1490979373826812 0.9596468021827799
vn 0.238743246424397 -0.1308990114836396 0.9622198870732954
vn 0.23741398686597767 -0.16401303736594622 0.9574624391663613
vn 0.23382622037638415 -0.23656391664186885 0.9430603437784634
vn 0.03386497089548576 -0.9986335612799009 0.039801683779336454
vn 0.24147250962807515 -0.06092299926666963 0.9684933738824817
vn 0.25270239060474453 -0.010558994533308799 0.9674864388802009
vn 0.2485302385139127 0.01612799901624875 0.9684898596226754
vn 0.7066148256382938 0.21346589355013565 0.6746316035281816
vn 0.6482300404351483 0.19772099170273777 0.7353259305352504
vn 0.569404280090867 0.1631060486919746 0.8057140824723698
vn 0.4968836527981711 -0.05507102810795721 -0.8660680212576141
vn 0.48900001840244645 -0.16349705806386516 -0.8568241908389772
vn 0.05288507776320689 -0.9968642928643178 -0.05886212841975193
vn 0.42180027210246374 0.025010989502964733 -0.9063437432113548
vn 0.012762284285133645 -0.9971214127520129 -0.07473963025902182
vn -0.0016334983315941872 -0.9982521210790054 -0.05907651347589428
vn 0.06584497417143377 -0.9949947877701218 0.07516522923967786
vn 0.2591051769534312 0.03827799062608509 0.9650903080590751
vn 0.370332042221189 0.07701899579380041 0.9257009521390794
vn 0.47685175530879775 0.11904100127338174 0.8708855513066852
vn 0.3998914320260236 0.16424192917158642 -0.9017269161415621
vn 0.3807786297070546 0.15856098668737847 -0.9109698395990631
vn 0.3780006864534994 0.13913199764526032 -0.9152910839027782
vn 0.37199160742051124 0.10689699127533497 -0.9220603436136842
vn 0.359911108603688 0.07656500929154704 -0.929839659971465
vn 0.4059388782895987 -0.005586999833594207 -0.9138831503676177
vn 0.4121213379743635 -0.05700800378459067 -0.9093437690393643
vn 0.4070775533684577 -0.1469620348771814 -0.9014932200789469
vn 0.4075900784973835 -0.12984403879733983 -0.9038865268933328
vn 0.4053172006776762 -0.16366896876779036 -0.8994056012152138
vn 0.3447740330416869 0.0455350072594189 -0.9375806254685806
vn -0.005292943401073784 -0.9950005654231503 -0.09972893039516649
vn 0.040805023484945226 -0.9968640291702354 -0.06780160326184533
vn 0.0008908123746430836 -0.9987917504698904 -0.049134973762128484
vn 0.14698098773926174 -0.10662700911842209 0.9833754472070426
vn 0.14592090488640796 -0.1501300443033824 0.977838462791578
vn 0.14612493279138053 -0.1314119816161876 0.9804990541068468
vn 0.14531649435866378 -0.16417907821509542 0.9756681540071654
vn 0.14312208874176183 -0.23662403711684912 0.9610021502435461
vn 0.03617878839055426 -0.9971191724732139 0.06666671701024948
vn 0.012984779420880992 -0.9987920357362802 0.04739055658217224
vn 0.14780282521079308 -0.0628130218580244 0.9870201867969931
vn 0.15855157427256336 -0.013334998322150389 0.9872606424422277
vn 0.15248616691332517 0.011513004436140131 0.9882385438895483
vn 0.6383808220629557 0.20147195907571036 0.7428855737786406
vn 0.5715398724363909 0.18610508506763035 0.7991915111707356
vn 0.4827500296455254 0.15176502762290714 0.8625078464964029
vn 0.4099748644203846 -0.1019880035870713 -0.906376885003038
vn 0.39918562814460884 -0.2364320537154774 -0.885861568338234
vn 0.33156967478021404 0.02030199822359532 -0.9432122664778444
vn -0.024082054701743207 -0.9949948428734118 -0.09698101513521515
vn -0.021274956879377412 -0.9986339396355761 -0.04772453056562462
vn -0.0051816423679199915 -0.9968628033493927 0.07897912306908168
vn 0.018239501318752946 -0.9982518354416924 0.05621915713469504
vn 0.15932303331591738 0.03035200287425914 0.9867598122018023
vn 0.27086954271055763 0.06600300210807013 0.9603506102171724
vn 0.38195419924315127 0.1070429541469831 0.9179612168539637
vn 0.2970586497869729 0.1482060586239553 -0.9432874020010513
vn 0.2770050720309651 0.14360004751869937 -0.9500774791677505
vn 0.27460754790514147 0.125496937816659 -0.9533316386400732
vn 0.26955385457459685 0.09408899338013364 -0.9583777860576121
vn 0.25982087971636475 0.06548397136789262 -0.9634339416676699
vn 0.3234044074355807 -0.05897900207125432 -0.9444210218784417
vn 0.3216656405907307 -0.10356401543927299 -0.9411725189195915
vn 0.31935885782246454 -0.14803591419389409 -0.935999619678934
vn 0.31975902441171294 -0.13037200497336632 -0.938486710948266
vn 0.31796947518770213 -0.1638389489291959 -0.9338373582496224
vn 0.313156144723595 -0.23649404097484295 -0.919784647406796
vn 0.2479221400136988 0.03757401514839914 -0.9680510347479908
vn 0.31647213912330524 -0.00844099510166685 -0.9485642491473167
vn 0.22431126887666644 -0.23656194018106305 -0.9453691887896025
vn 0.02724967221785618 -0.9968629678920412 -0.07430799828747037
vn -0.015904771310871913 -0.9971208904468323 -0.07414154088002928
vn -0.02348143699112663 -0.9982516806074293 -0.05424208957326917
vn 0.0524855146803169 -0.10807703522912016 0.9927560753804662
vn 0.052108199840023996 -0.15112498886851133 0.9871403006913072
vn 0.05218785916466704 -0.13191004079997956 0.9898869473288132
vn 0.05190497796111055 -0.16434501985986402 0.9850363382688567
vn 0.051123935275063266 -0.23669001389263886 0.9702392388300389
vn 0.050409510321896896 -0.9949975578172137 0.08624813741111918
vn 0.016642123512427026 -0.9986333947154197 0.04954172669733837
vn 0.052774178429954195 -0.06462596718187563 0.996513106013589
vn 0.06295864530517423 -0.016005004015871852 0.9978877937061807
vn 0.06473845030826857 0.00848099673409622 0.9978662263781053
vn 0.5605031679329157 0.18824406856132603 0.8064740351608627
vn 0.4853528001260631 0.17322500530111845 0.8569864391857185
vn 0.3874724583634963 0.13925098934166025 0.9113036025261381
vn 0.23778801139430267 0.015609998721720454 -0.9711916338071755
vn 0.2277576066533844 -0.16401298385964722 -0.9598052999108606
vn 0.13343521764278143 -0.23662890339130088 -0.9623937888268262
vn -0.04198081356037587 -0.9949977242657714 -0.0906484417888416
vn 0.012667287120566702 -0.9968627809957507 -0.0781289683947201
vn -0.017428974506260984 -0.9987916167212816 -0.04595146586289392
vn -0.020055375902679234 -0.9968624199358593 0.0765708666336269
vn -0.0055673959693273226 -0.9987919661279687 0.048822254150617354
vn 0.06779747013500721 0.025187983578750052 0.9973811049576432
vn 0.16685310777180012 0.054770013836495775 0.9844593876901384
vn 0.28007944186616524 0.09431297215702297 0.9553327009617362
vn 0.18715146831790294 0.13157195332452865 -0.9734799171040053
vn 0.17802047351463565 0.12943802934269827 -0.9754765540849784
vn 0.1762407717821729 0.10921298827063469 -0.9782697550035073
vn 0.16175894120663237 0.08073997536280562 -0.9835217848721619
vn 0.15535270226920045 0.05420298462277783 -0.9863709111463295
vn 0.22389886725283567 -0.01125999859213453 -0.9745473357793362
vn 0.23041571073758904 -0.10511802538789854 -0.9673979537831578
vn 0.22903951030615877 -0.13089897430283234 -0.9645757415802978
vn 0.14774573036486935 0.029634997010332526 -0.9885812895817666
vn 0.13547997014028978 -0.16418196665103413 -0.9770821150330125
vn -0.05838079863673738 -0.9949954783964285 -0.08109056863285088
vn -0.03749051173220831 -0.9986341486806577 -0.036390913960977676
vn -0.04246729278575292 -0.10944692322667653 0.9930850416956561
vn -0.042146742596946576 -0.15206696645874473 0.9874711589714921
vn -0.042203384315378005 -0.13238200746866188 0.990299893189379
vn -0.04196829276148238 -0.1645030419631684 0.9854833390715191
vn -0.041334601543001365 -0.23675392424727934 0.9706899762894408
vn -0.003948272317743022 -0.9982517880966232 0.05897269459333887
vn 0.008788632818938434 -0.9971193439010367 0.0753377325882565
vn 0.03317476190037091 -0.9949951086072045 0.09425586995296886
vn -0.042724930726680314 -0.06634102658381638 0.9968818628534705
vn -0.042888872628874974 -0.02314400992691907 0.9988117437280797
vn -0.05326599212864117 0.0014410003522196577 0.998579319633917
vn 0.472767979110566 0.17384496707115882 0.8638682569418437
vn 0.3901414421472548 0.15916189561418265 0.9068942309353172
vn 0.2845645239524775 0.12567699565798576 0.9503832513623558
vn 0.23169966783487841 -0.06092303652382847 -0.9708777716818544
vn 0.22874748860119545 -0.14909801892762217 -0.9620001908578316
vn 0.14145185226161505 0.011008000286818734 -0.989883931287625
vn 0.13623749589896675 -0.1314119892273057 -0.9819217045154371
vn 0.041975267677480624 -0.16434899377922652 -0.9855087443281058
vn 0.04134409890777648 -0.23669915110748457 -0.9707029295054693
vn -0.051125279515683825 -0.23675807292043244 -0.9702225624574222
vn -0.05190629296956965 -0.1645049159710751 -0.9850095783146005
vn -0.14311577455851326 -0.2368140440012377 -0.9609562860173697
vn -0.14530186693575467 -0.16465394157371194 -0.9755903069368949
vn -0.0023286882545208625 -0.9968624473730263 -0.07911913945736196
vn -0.042336476124010106 -0.9971200424035278 -0.06292252241120029
vn -0.041952034902839816 -0.9982532374101035 -0.041599288067926815
vn 0.014757741219741573 -0.9949968950731054 0.09880985714477418
vn -0.002956914000666379 -0.9986337737505565 0.05217128122171253
vn -0.034164393768927555 -0.996862871062774 0.07139475117181122
vn -0.1334344553278901 -0.23681704456589314 0.9623476157472544
vn -0.0556209448145001 0.012538000813992338 0.9983732313286103
vn 0.07088737485959301 0.046759990203549484 0.9963877174080776
vn 0.17271363579996032 0.08103998143240541 0.9816325796438268
vn 0.07242633250119986 0.11467798537580529 -0.990758994927915
vn 0.06352600094248115 0.09429601919376784 -0.9935153285020139
vn 0.06170682501833104 0.06592600726039839 -0.9959146696945772
vn 0.05882316582717453 0.04192000526410476 -0.99738786252928
vn 0.13785000882709558 -0.0628129974746037 -0.9884593579984082
vn 0.13706391776173565 -0.10662600807852 -0.9848067713257478
vn 0.1360605993515052 -0.15013004770225405 -0.9792591496029169
vn 0.0556575591667759 0.020737994163198815 -0.9982345274061021
vn 0.12925883976388086 -0.013997995838018727 -0.9915120818504504
vn -0.2373775148217978 -0.1647919412675036 -0.9573377311849328
vn -0.23380271032702588 -0.23686103957439067 -0.9429915909357177
vn -0.07263681837466508 -0.9949995963635707 -0.06855432774622972
vn -0.017250065168099606 -0.9968657137993961 -0.07720870354381429
vn -0.03325643452997406 -0.998792817873642 -0.036151300479834315
vn -0.1377990539858306 -0.06794503183629737 0.9881269621710433
vn -0.13700129176831338 -0.1107289957368228 0.9843626036968939
vn -0.13599429093859958 -0.15295300407818574 0.9788314111099857
vn -0.13620511046253858 -0.1328310384751134 0.9817352408371163
vn -0.04705326589706057 -0.9968636871902053 0.06363001909452144
vn -0.023321465985784644 -0.9987920708997571 0.04324937377637423
vn -0.1354709654691116 -0.164656001411431 0.9770035919657949
vn -0.12918685828730356 -0.020924997340537408 0.9913994654689676
vn -0.14145584235672398 -0.0012629998481802607 0.9899437607735769
vn 0.37595828979755086 0.1584760409805626 0.9129845063130194
vn 0.28686855029643693 0.14408199944355551 0.9470727597640891
vn 0.1756569991311961 0.11122001846830823 0.9781486217074234
vn 0.05251294775047596 0.11169196736338831 -0.9923544199251856
vn 0.05331270056917643 0.005986000781565013 -0.9985599249682837
vn 0.042207617329383294 -0.13191000842166306 -0.9903626945304298
vn -0.052184268861611864 -0.13238300713981313 -0.9898239952153106
vn -0.14608795542602948 -0.1328320843919695 -0.9803131880350928
vn -0.23865916075331486 -0.13324900275359086 -0.961918140100132
vn -0.32730640573306696 -0.1649230266721788 -0.9304143765223047
vn -0.08430587144970542 -0.9950003119435916 -0.05354343350272704
vn -0.048348872852628205 -0.9986338525786856 -0.019819560482823333
vn -0.313120063452783 -0.23691795242344435 0.9196878327360907
vn -0.22429921240786413 -0.2368650596059152 0.945296147697164
vn -0.31790587781438645 -0.1649260293798428 0.9336676376977322
vn -0.3991246285991342 -0.23696695651727814 0.885746121845612
vn -0.4052188006531571 -0.16504606507321984 0.899198265123473
vn -0.025623842278860155 -0.9982527006135783 0.05324438397207383
vn -0.01983334602770662 -0.9971200508521267 0.07320001758194701
vn -0.004238580968128815 -0.9949983252182408 0.09980163948689731
vn -0.22772914082372817 -0.16479395443208814 0.9596782747370711
vn -0.14780242179449085 0.007800999615773694 0.9889861417212469
vn -0.058823725515133436 0.029360995166975285 0.9978365102958126
vn 0.07310162140438055 0.0713729752725874 0.9947673352843817
vn -0.06267896548381523 0.08051399877051078 -0.9947808016281079
vn -0.07318581289471408 0.05454201729516712 -0.9958257905579236
vn -0.07090094653312312 0.03274000402536714 -0.9969459102263905
vn -0.06777305591863789 0.015276995186822793 -0.9975837941293508
vn 0.042730958451256115 -0.0646269817295996 -0.9969941917696207
vn 0.04215807348036901 -0.15112501390728025 -0.9876152727717147
vn -0.0646981690203744 0.002796999796746005 -0.9979009588719454
vn 0.042893724013755116 -0.020746001901682572 -0.9988642209256108
vn -0.3290543294460436 -0.13363596177337198 -0.9348072945766525
vn -0.3223807323075553 -0.236910004055781 -0.9164847589649999
vn -0.40802584106461065 -0.2369549044391869 -0.8816843461725592
vn -0.41425684458956546 -0.16504098288376579 -0.8950713606631916
vn -0.4899856323508852 -0.23700998688126068 -0.838892332905867
vn -0.4974586855239069 -0.16515604516143143 -0.8516210054616209
vn -0.031578892744764414 -0.9968644590631671 -0.0725535925348554
vn -0.06271076545124714 -0.9971205688117557 -0.04263720381356349
vn -0.05436957049397041 -0.9982545454463937 -0.023061055915010925
vn -0.23156426603670857 -0.06942199034072882 0.9703394137888103
vn -0.2285722552634032 -0.15377100086988232 0.9613059884424294
vn -0.48885493055918694 -0.16515895591197846 0.8565882185449655
vn -0.02215806768034859 -0.9986347896046488 0.04730303402480571
vn -0.023062247685908824 -0.994999140049124 0.09718458742608242
vn -0.058244841570578604 -0.9968636225426452 0.05357664119346187
vn -0.48151169905800206 -0.23701591288469856 0.8437831123634255
vn -0.22389245136064914 -0.02312699978813333 0.9743394234580262
vn -0.23782318968789268 -0.005009001047857868 0.9712955473774082
vn 0.27086354918380284 0.14233501749546576 0.9520365962073721
vn 0.18850369542133646 0.12989600686136724 0.9734440837634032
vn 0.0625126030160803 0.09600699309604156 0.9934157396280827
vn -0.09215115333965536 0.09140598963451542 -0.9915407757611918
vn 0.042479062390824246 -0.10807594473062465 -0.9932346749026533
vn -0.0629130731307914 -0.01911300484381921 -0.9978359776411551
vn -0.05209405318761428 -0.15206705876716278 -0.9869963623339197
vn -0.14584814316302383 -0.15295406909762832 -0.9774115672951574
vn -0.23824542035490287 -0.15377094765991522 -0.958954438613059
vn -0.32843767774777904 -0.1545219428976629 -0.9318002259061637
vn -0.41644644718131085 -0.1339849494312091 -0.8992332233386285
vn -0.5761620025856965 -0.1652540272793936 -0.800455153799625
vn -0.567519130730341 -0.23704808040091496 -0.7884987278577686
vn -0.09295492602562998 -0.9949973601995571 -0.03660102353053179
vn -0.04471057772477814 -0.9968676286369715 -0.06523722262035461
vn -0.04428423921996336 -0.9987931652153851 -0.021239568633602615
vn -0.23023782540164167 -0.11191006491563402 0.9666781683295128
vn -0.22896033659847576 -0.1332489734977143 0.9642727183356988
vn -0.3196147147061105 -0.13363501482667184 0.9380768182593613
vn -0.49139935418474373 -0.13430103419351752 0.8605172322047762
vn -0.037709789016376005 -0.9987918094879714 0.03151020647479376
vn -0.06734311204586399 -0.9968633493199193 0.04157364601103572
vn -0.5680620372434613 -0.16525793762935226 0.8062228822684838
vn -0.24810208169560358 0.001039000352989216 0.9687333366497586
vn -0.1555583498632113 0.021765996205839154 0.9875868777970889
vn -0.061765103419749084 0.05004003173847587 0.9968355266658386
vn -0.06379083534814388 0.09534905793381891 -0.9933978490397085
vn -0.17647744743354057 0.0649289927480485 -0.9821608505983456
vn -0.17320187550369034 0.04004199338978798 -0.9840720243393654
vn -0.16710192512859068 0.021148997299558506 -0.9857127708067609
vn -0.1594171732912051 0.007122000035164655 -0.9871856167790031
vn -0.05276245277909374 -0.06634197514962782 -0.9964009563975641
vn -0.05246665094619094 -0.10944596055579256 -0.9926070885584639
vn -0.15250674479711596 -0.0016920003379113325 -0.9883009814455533
vn -0.41560805698438763 -0.15519694461883393 -0.8962052506823649
vn -0.5000493519320883 -0.13430104445163873 -0.8555196520779037
vn -0.5791093856572768 -0.13458200500557604 -0.804064676112768
vn -0.639886610388271 -0.237079059562091 -0.730984709390671
vn -0.09812332928416508 -0.9950040124246152 -0.018407267833861915
vn -0.05224202444242674 -0.998634353845674 -0.00044519814701413844
vn -0.3231516668990923 -0.07076799400474788 0.9436974574538611
vn -0.3163438203409908 -0.025134994763438355 0.9483115623940841
vn -0.32132614356239386 -0.1129889704009045 0.9402037024129736
vn -0.31903420139495575 -0.1545220745920725 0.9350615524146231
vn -0.4073618662144471 -0.13398401009294866 0.9033850756978973
vn -0.5709790241240974 -0.1345819748672894 0.8098584111133955
vn -0.0435668111821435 -0.9982532163544378 0.03990550089197549
vn -0.0456136158816265 -0.9971223995839191 0.060550130422737825
vn -0.04102199975370031 -0.9950040959900398 0.09101672648063697
vn -0.6997161383854217 -0.2371100492728958 0.6739259233898026
vn -0.6324932320775042 -0.23708801346636232 0.7373883544284698
vn -0.7103585068684002 -0.16541894258557607 0.6841252554566063
vn -0.5595377736842199 -0.23705398186276327 0.7941806403479724
vn -0.3316214485604335 -0.008440998376753751 0.9433747740962143
vn 0.1595742995833147 0.1257749587065158 0.979140798187303
vn 0.0919756363961945 0.11596400975674852 0.9889857586187234
vn -0.06365776527762113 0.0761369587804897 0.9950632404161642
vn -0.1603039142003348 0.08206198477385124 -0.9836505912909461
vn -0.18967820435141763 0.07796404116736329 -0.9787460278738687
vn -0.1585751356055097 -0.021437994933302215 -0.9871141467636526
vn -0.14690939734097488 -0.1107289895862714 -0.9829327137897665
vn -0.23996749695817546 -0.11190996281876055 -0.9643089549649176
vn -0.33078266145298907 -0.11298796131462367 -0.9369186472047839
vn -0.4185305958104679 -0.11395398901181639 -0.9010253208200253
vn -0.4989673841236577 -0.15580296907482766 -0.852500430737875
vn -0.6496250716082472 -0.1653419449300637 -0.7420574826687777
vn -0.7064628046001223 -0.23710994005387265 -0.666850194604589
vn -0.7666553356766378 -0.23714007208940727 -0.5966608605296418
vn -0.7172079673995703 -0.16541792964073937 -0.6769413859795753
vn -0.056279572218626096 -0.9968633066466642 -0.05564312726983592
vn -0.07406257769805906 -0.9971205361127123 -0.016290213228078
vn -0.05905948213250018 -0.9982537700243195 -0.0011782200448089818
vn -0.4065527084814142 -0.15519702951459766 0.900349252932589
vn -0.4903460202815493 -0.15580204401680997 0.8574884859135021
vn -0.5696593858656819 -0.15633106527620602 0.8068759397359303
vn -0.0381350404296488 -0.9986344831489671 0.035705570394895976
vn -0.05750992126351842 -0.9949983334846924 0.0816757327420382
vn -0.0739461998913356 -0.9968664204275046 0.028094471799345756
vn -0.7605983557857714 -0.23713388377881484 0.6043655039294984
vn -0.7721594536118768 -0.1654850358458828 0.6135018183419629
vn -0.6421208890421805 -0.16534602010028995 0.7485595884715351
vn -0.34512005669920204 -0.005204999959705284 0.9385441142745284
vn -0.26037309081887794 0.011624002045051757 0.9654381058120096
vn -0.16218668914283849 0.04050599887229297 0.9859283655115325
vn 0.0635732258667153 0.11190702966459931 0.9916830449617186
vn 6.49448048161015e-7 1 7.604059657438572e-7
vn -0.28939298988678647 0.06418998214604016 -0.9550556756527221
vn -0.2865759763848095 0.04989700841490642 -0.9567572828624488
vn -0.28129079417421377 0.027167999844327148 -0.959237920902473
vn -0.27148577511202676 0.011029997893816373 -0.9623792459619462
vn -0.2593145142615221 0.0004069999752564263 -0.9657928437529091
vn -0.14774948711393893 -0.06794501558132282 -0.986688179677461
vn -0.24856195238750112 -0.005398000133676291 -0.9686009588163077
vn -0.5024114651928774 -0.11481394494391384 -0.8569716901328551
vn -0.5777597227463708 -0.15633195741854186 -0.8010955135698388
vn -0.652903097663071 -0.1348309873580451 -0.7453443163464931
vn -0.7783060383640042 -0.16548691332716212 -0.6056845649045198
vn -0.8198916789462722 -0.23715988791624765 -0.521088113813984
vn -0.09988532377860168 -0.9949988051802482 0.0005475249060386419
vn -0.06575078369601328 -0.996867570796766 -0.04395316526843866
vn -0.04901885891038462 -0.9987925678320378 -0.0032492944784536727
vn -0.4117133460179977 -0.07197402002295902 0.9084667639228191
vn -0.4058296032963779 -0.026944984317349856 0.9135514768793505
vn -0.40942742793299713 -0.11395600734492052 0.9051978842475135
vn -0.6437663259006885 -0.1567939183714608 0.7489863715703058
vn -0.046705924412934516 -0.9987931720251592 0.015190659651705254
vn -0.07795059635329997 -0.996865327632803 0.013535992453793987
vn -0.8269674275922433 -0.1655399324904288 0.5373280231409225
vn -0.7138970652787597 -0.1350449794795116 0.6871054021791364
vn -0.6453669217121559 -0.13483103424904194 0.7518790651182607
vn -0.4219011620274689 -0.011543002594157178 0.9065683474349756
vn -0.17706732041114004 0.060949013872942055 0.982309717833604
vn -0.05271563714621343 0.09544602565909277 0.9940377848885585
vn -0.2732096132086413 0.06697801377372832 -0.9596199523359813
vn -0.2526008377259354 -0.023578002051687308 -0.9672832545844089
vn -0.2413331925365464 -0.06942199307553855 -0.9679560305393723
vn -0.33264638148399955 -0.07076698159782746 -0.9403926941449164
vn -0.42966866979125173 -0.06787801297535874 -0.900431790617331
vn -0.5134854954842414 -0.06892897521335194 -0.8553253429563163
vn -0.5816661433908761 -0.11556400921339893 -0.8051766622346367
vn -0.7207797301983084 -0.13504294102446493 -0.679882331447668
vn -0.8323435210217113 -0.16554204061731737 -0.528961336773714
vn -0.09796034948333575 -0.9950009985985412 0.019410891710807805
vn -0.04868062625733402 -0.9986337692412279 0.018994513898808397
vn -0.49375213322035677 -0.1148139661808621 0.8619898979165399
vn -0.648028435654983 -0.11621296246304468 0.7526976112212118
vn -0.05527035275976335 -0.9982537694762783 0.02084705811889373
vn -0.06484116765656399 -0.9971196590783656 0.03934473861112001
vn -0.07191484120570227 -0.9949978360293452 0.06933658421986927
vn -0.8612232365608274 -0.2371829734328993 0.4494872344363316
vn -0.8742950712188386 -0.16558999229799554 0.45627632295923
vn -0.9000485176883589 -0.2371969589665899 0.36558209538213116
vn -0.8145950823028338 -0.23715490564390776 0.5293320343764094
vn -0.8309739556028347 -0.13537993583635605 0.5395873961488744
vn -0.7759505026216661 -0.1352289511941222 0.6161281914018557
vn -0.43769061424342126 -0.010888001588461354 0.8990597186086284
vn -0.36096825647935715 0.002178999482879021 0.9325755571402816
vn -0.27066712546740007 0.0276510013946891 0.9622758072990745
vn -0.1791112286269123 0.07769802694513674 0.980755924982659
vn -0.07261301553479764 0.09281699994737296 0.9930319000393255
vn -0.3802271026139481 0.05318800762266624 -0.9233625432531544
vn -0.39477154983993984 0.049816010085700385 -0.917427811098025
vn -0.3911348301263574 0.03552201054334258 -0.9196476126370274
vn -0.38418461788447567 0.01504500509873784 -0.923133699527072
vn -0.3714805858241132 0.0016190002253047375 -0.9284393104527858
vn -0.35577746402805377 -0.005787003023603015 -0.9345527843229463
vn -0.3419303659918954 -0.008788004506960231 -0.939684200031816
vn -0.6512756704830515 -0.1567950104479576 -0.7424657067740412
vn -0.782120143480889 -0.13522705168101698 -0.6082776715079168
vn -0.8656992813427482 -0.2371860413097477 -0.4408032850268472
vn -0.9036842897766202 -0.23719806286638995 -0.3564993455581057
vn -0.8788415776576047 -0.16559201267664866 -0.4474558824264005
vn -0.9334773921693477 -0.23720500553612775 -0.2689865120360488
vn -0.9173924956846294 -0.16562702275765143 -0.3618821606462024
vn -0.07291256406478686 -0.9968652913314318 -0.030713986068205874
vn -0.07480524049958256 -0.9971215520567045 0.012360680314138558
vn -0.49630680730700305 -0.07307402264739671 0.8650663212926839
vn -0.4993277413138063 -0.032562986021966576 0.8658010502972293
vn -0.5735228345820709 -0.11556298229078307 0.8109973830642161
vn -0.7166127581356125 -0.11676194492713977 0.687628390261849
vn -0.08371683671862379 -0.9950058364683168 0.05435877706325494
vn -0.07911076423809958 -0.9968648487342441 -0.0014001213220876686
vn -0.9307188855517063 -0.23720706355703178 0.27837953422627854
vn -0.944831093612449 -0.1656560330128486 0.2825814630678204
vn -0.9137005032991797 -0.16562602805829366 0.3711056575969424
vn -0.8784743142085922 -0.13550497301486472 0.45817167259007224
vn -0.7737739982716372 -0.15751993063256944 0.613564398455643
vn -0.5077623406048045 -0.014306000485431025 0.8613783975777669
vn -0.27648351035758945 0.050302988569502494 0.9597012440553159
vn -0.34427050238917406 -0.025526989292413232 -0.9385234115366385
vn -0.5082656842036485 -0.03263199141933759 -0.8605818655985061
vn -0.5925616563900622 -0.06986300182869919 -0.8024897783472068
vn -0.7188671532175535 -0.1571880088584878 -0.6771424856675252
vn -0.8363691086760896 -0.13537896812766564 -0.5311866423782245
vn -0.9476312471744993 -0.16565502348946987 -0.2730447446320952
vn -0.9548174041396107 -0.23720999987036473 -0.17903949484288867
vn -0.0925215747656584 -0.9950005161617141 0.0375996149023507
vn -0.07740771429728331 -0.9968654036533131 -0.016352760206986772
vn -0.7120098687186233 -0.15718699655563975 0.6843494684451111
vn -0.6442666761608139 -0.0705610155975846 0.7615389635905273
vn -0.713763940208668 -0.07126799385452534 0.6967509674982505
vn -0.9674090748848571 -0.16567403176261414 0.19149881730691043
vn -0.9180168151804051 -0.13560198167793597 0.37263551845072757
vn -0.8285233935891294 -0.15779394316294734 0.5372616287961024
vn -0.8757675591451526 -0.15801904974495762 0.45613721868166196
vn -0.5248033599110494 -0.015975994407755715 0.8510735579424126
vn -0.45595566732519 -0.006469996607700594 0.8899789708627599
vn -0.3741084829303573 0.015534002945899867 0.9272548397026694
vn -0.27942238921940865 0.0637979870191527 0.9580464212423224
vn -0.18839229340280644 0.0772340176002446 0.9790522204212379
vn -0.4798175684884415 0.0408500055870146 -0.8764167832791546
vn -0.4925506777075656 0.03662199485699032 -0.8695128862659325
vn -0.48838535399390587 0.022080001246680865 -0.8723486800294901
vn -0.480333398598289 0.003849998343166849 -0.8770775357422939
vn -0.46573835615556763 -0.0069830017421127055 -0.8848949210455327
vn -0.4476519491023123 -0.011408004163369184 -0.8941351071878954
vn -0.4316528247697383 -0.01184500497851606 -0.901962047275474
vn -0.4326431521659257 -0.027299985174337772 -0.9011518261055749
vn -0.5880589693885654 -0.03394300011652649 -0.8081055136953019
vn -0.6555796842650196 -0.11621196377505158 -0.7461300537135087
vn -0.7799187066385485 -0.15752093633587877 -0.6057342368160495
vn -0.8830429087597771 -0.1355049340534911 -0.44930349891385324
vn -0.9217243823557567 -0.13560203730541387 -0.36336792710628685
vn -0.9692901548068041 -0.16567299916285433 -0.18173896979730747
vn -0.5689172570057559 -0.06972796571727771 0.8194334417620365
vn -0.7786520437763348 -0.11722202919403266 0.6164089475296172
vn -0.776660458706515 -0.07185897104015769 0.6258073346988156
vn -0.9714416779241326 -0.2372280537245689 0.004890492613101753
vn -0.9665776139655196 -0.2372260197096874 0.09721898864636569
vn -0.9861647080560813 -0.16569404061948476 0.004965227875171151
vn -0.9529636808470444 -0.2372130091590316 0.188653680780868
vn -0.9812277429339561 -0.16568998408928862 0.09868609663587578
vn -0.9492554518768624 -0.13568000701323182 0.28373407052897803
vn -0.9719102218688105 -0.1357310697936126 0.19226959541123725
vn -0.9150835859266353 -0.15819104640266093 0.37094153664112833
vn -0.5797847835728818 -0.0338729962781368 0.814065246070908
vn -0.588408730720051 -0.01673400200957787 0.8083904618370766
vn -0.3815049659773534 0.035935002174445216 0.9236680337401211
vn -0.5168626818510517 -0.014565995287952455 -0.855944390653394
vn -0.5967791600742968 -0.01694999770645376 -0.8022264840297707
vn -0.6623436810503947 -0.035074015106276495 -0.7483786886576459
vn -0.6662357880880967 -0.07066798098377904 -0.742385284831474
vn -0.7235011408754871 -0.11676102244923543 -0.6803770739733062
vn -0.8338944632581973 -0.15779507423139652 -0.5288863192555003
vn -0.9520667767271352 -0.13568005868801508 -0.27415283023674913
vn -0.9675100457588204 -0.23722101612747126 -0.08746714162024001
vn -0.6547219318786254 -0.035016985387169755 0.7550582776524707
vn -0.723557542468819 -0.03598801555503119 0.6893252827750439
vn -0.8810327958387061 -0.11789897243439805 0.4581277605161529
vn -0.9204772857777664 -0.11813293357416536 0.3725133237514574
vn -0.8336195061731293 -0.1175960562099874 0.5396755381630017
vn -0.6056664629596739 -0.02046900612389752 0.7954553132855533
vn -0.5442411391830063 -0.014252004064500928 0.8388077627209521
vn -0.470936810584553 0.004325999408843764 0.8821563388456513
vn -0.38525348975272283 0.04926500364479773 0.9214948225840591
vn -0.29977704123162835 0.06272500581050001 0.9519450084939167
vn -0.5704315128091232 0.03010898831629949 -0.8207931152348098
vn -0.5815917891199105 0.02475399599165983 -0.8131040711438767
vn -0.5771934118366127 0.009751000571496226 -0.8165492534564375
vn -0.5686369023136926 -0.006304000432993619 -0.8225644855606331
vn -0.553200613339696 -0.01471399939409977 -0.832918110994361
vn -0.5339715018792699 -0.016436006434393895 -0.845342707352045
vn -0.6707265146081881 -0.019012008184966137 -0.7414610483001294
vn -0.7848243773224203 -0.11722201051780412 -0.6085307691568597
vn -0.8803180086708197 -0.15801794080767564 -0.44729244794959866
vn -0.9187749267268922 -0.15819002977975052 -0.3617022926334244
vn -0.9737978047509371 -0.1357320038636794 -0.18246823994713607
vn -0.9821729885784094 -0.1656889192526847 -0.08878852709575241
vn -0.785702252690496 -0.03679899726445449 0.6175093553278448
vn -0.9907275240509354 -0.1357720117287336 0.004993387531094461
vn -0.9686513846667059 -0.1584109539897826 0.191364742414375
vn -0.9857745313954078 -0.13576192423285244 0.09908215369458533
vn -0.9461362436757567 -0.1583229321886402 0.2824182316110642
vn -0.6631507520864919 -0.018833991471913922 0.7482488628607169
vn -0.47931933090148976 0.022486003098785252 0.8773524711817878
vn -0.6139793538770814 -0.020864004145824257 -0.7890462891007629
vn -0.6870723342456659 -0.02470799683626491 -0.7261687974614106
vn -0.7381256573436208 -0.020766003385554635 -0.6743435971924392
vn -0.7304587963168963 -0.036032006100867875 -0.6820056021907869
vn -0.7337275711308204 -0.0713469760601328 -0.6756873984096062
vn -0.8390156096657098 -0.11759696458244562 -0.5312473629659468
vn -0.9489338136827 -0.15832093622430257 -0.27287194506337054
vn -0.8325364367981255 -0.0723409868051136 0.5492266044462368
vn -0.7313695352351895 -0.020624992544942947 0.681669430598427
vn -0.880857896724386 -0.07270699597879415 0.467763891845053
vn -0.9244551327214118 -0.07714997819228869 0.37340405521360676
vn -0.951620297399259 -0.11830803509555135 0.28358776138891423
vn -0.6796546534066468 -0.024371988018441006 0.7331272456420644
vn -0.6250594406462787 -0.021147003615143843 0.7802906509096865
vn -0.5599854510090286 -0.005848001011443842 0.8284818015758613
vn -0.4835895613401544 0.03594098135740003 0.8745566774211401
vn -0.40504174831714324 0.04951399835395687 0.9129564864149858
vn -0.6517154441005499 0.020918003338210117 -0.75817505700014
vn -0.6612874818041838 0.01427199847839793 -0.7499967843054487
vn -0.6569217830728149 -0.0013530004940145626 -0.753957518905473
vn -0.6484257750081489 -0.01535700463275613 -0.7611229708225806
vn -0.6331413013522594 -0.021551999007864694 -0.7737361332267819
vn -0.7528368704357129 -0.027992007493559522 -0.6576116589819877
vn -0.7945720746559809 -0.07191698028633593 -0.602895651106711
vn -0.8856044943122549 -0.11789993351029238 -0.4492263186103459
vn -0.9241844556922171 -0.11813400857292629 -0.36321818219270374
vn -0.9705289080796119 -0.1584099376009914 -0.18160377267845004
vn -0.9867226815996176 -0.13576400591578092 -0.08914305533556492
vn -0.8406487478510675 -0.03746501000776708 0.5402833106450265
vn -0.7925734817779677 -0.022124998643527297 0.6093748931629637
vn -0.987349465992747 -0.1584809981119366 0.004980486048726784
vn -0.9741941403742885 -0.11842701641741994 0.19214790824484457
vn -0.9824276816908041 -0.15846507318156458 0.09861374564021771
vn -0.9556272590713519 -0.07736396751870629 0.2842382068785611
vn -0.5687802750488843 0.010143005285506396 0.8224269682829555
vn -0.7051197945393408 -0.027506992337969768 -0.7085544726563489
vn -0.768921035307524 -0.032610009100672306 -0.638511572931971
vn -0.8109991165101305 -0.030755006133148674 -0.5842384467129303
vn -0.7984897650969234 -0.022236000290268877 -0.6015975858716117
vn -0.7918416349264679 -0.036831990613129105 -0.6096148207388439
vn -0.8481319090560421 -0.07238098944272689 -0.5248173560470777
vn -0.9544287211256375 -0.11830901492474237 -0.2739868487318635
vn -0.9833714050854544 -0.1584649152647916 -0.08871048579723556
vn -0.746320374694507 -0.027713991228897148 0.6650096488067037
vn -0.9880051554166093 -0.11849804324823869 0.09901528476220255
vn -0.9238918419697014 -0.034764993245388356 0.3810712001535676
vn -0.9556658721407926 -0.035088980061990974 0.29235509967091
vn -0.9782152441598281 -0.07751102486697466 0.19257979415660223
vn -0.6979292856956342 -0.0271540054477863 0.7156517114885728
vn -0.6405865828181707 -0.014932993649193104 0.7677407346324746
vn -0.5732717558904428 0.023981012249912042 0.8190142886114736
vn -0.502198383497206 0.037818004741451736 0.8639251021530563
vn -0.7232053351193118 0.013258000371959679 -0.6905058064065073
vn -0.7314724476483926 0.005183000779577646 -0.6818512996498493
vn -0.7273666469780161 -0.011186004426744826 -0.6861578784572273
vn -0.7194050236461753 -0.02329600110696791 -0.6942000491825612
vn -0.8245376741305245 -0.036913993025969274 -0.5646016126954506
vn -0.8459816675948888 -0.037485980635103645 -0.5318926765327722
vn -0.8894772077597801 -0.07683304051987393 -0.45047417324452277
vn -0.9281702077063403 -0.07715200250801882 -0.3640709189641099
vn -0.9760795757500011 -0.11842695837328675 -0.18232859713755747
vn -0.883848150881414 -0.03430301118384675 0.466514468808017
vn -0.8463643706767328 -0.023359987837566976 0.5320917806330098
vn -0.8053692368466548 -0.030525011583725028 0.5919870066216405
vn -0.9929391680381039 -0.11851898581084859 0.005005854389201583
vn -0.988952708047972 -0.11849703606475617 -0.08905612661939996
vn -0.978939045825213 -0.03531300598465449 0.20107544894180737
vn -0.6492362425464872 -0.0009900003160490673 0.7605861695189396
vn -0.7815713960353164 -0.030147999782542612 -0.623086872762152
vn -0.8351227418950964 -0.035962984924931364 -0.5488867548820111
vn -0.8720816872249971 -0.04047700651414743 -0.48768344522902984
vn -0.8613920523171505 -0.03303399393182115 -0.5068653543592813
vn -0.851427781450248 -0.02344400022866117 -0.5239476231723809
vn -0.8924099819980142 -0.03799300118693946 -0.44962312650831604
vn -0.9584420694832101 -0.07736700201854385 -0.27459633363066627
vn -0.7626245267918815 -0.032311989601793246 0.646033874083575
vn -0.9920333772435308 -0.07759900005532806 0.09923796463656409
vn -0.9969698278142827 -0.07762698683671532 0.005021288939301731
vn -0.8924167155735258 -0.02435199387424443 0.4505545318375008
vn -0.9304620732454137 -0.02512699465283782 0.3655256001863106
vn -0.9603257828759466 -0.025704997561444048 0.27769343500354254
vn -0.9935095837860295 -0.03544001048425526 0.1080865976066707
vn -0.712385724369192 -0.02290601021154728 0.7014142103002833
vn -0.6536709083137073 0.013449003231755685 0.7566594134327578
vn -0.5904938049883215 0.027663998785647476 0.8065678951220422
vn -0.7853398230245279 0.006967001805509066 -0.6190257048440279
vn -0.7923515271219269 -0.002580999770205993 -0.6100593380219148
vn -0.7886462172768869 -0.019750000005678257 -0.6145299679223406
vn -0.8804106794138763 -0.04080899717711943 -0.4724528138591141
vn -0.8966163130881866 -0.024413989957783468 -0.4421347579624208
vn -0.9344483410201853 -0.03479099195489723 -0.354395097092804
vn -0.9801062396777406 -0.0775130002237413 -0.1827115041289788
vn -0.8566364957110351 -0.03285100314696188 0.5148735046670747
vn -0.8191113888842608 -0.036663010937695875 0.5724616635453239
vn -0.981860270661296 -0.02610599489306742 0.18780012227783488
vn -0.7204294125407908 -0.010850003056093512 0.6934433927724843
vn -0.8410826862217194 -0.02708000881156561 -0.5402282740294347
vn -0.8851556496919122 -0.03324198692305377 -0.46410607206100657
vn -0.9178025595664266 -0.044756008022134815 -0.39450647827283974
vn -0.911730133065576 -0.043363003080095976 -0.4084945708624562
vn -0.903938298070959 -0.03487301572156121 -0.4262386961023855
vn -0.9338133748820381 -0.025171009702155054 -0.35687392894689346
vn -0.9636708902413957 -0.035104005640757864 -0.26477561082797846
vn -0.7753891884353648 -0.02979898559551639 0.6307801732101482
vn -0.9929830112195683 -0.0775989763995941 -0.08923641796404548
vn -0.9992227179688769 -0.03909799948679966 0.005030539833901715
vn -0.9000307524479351 -0.03472901015389572 0.43444049132388024
vn -0.9355362727864274 -0.03620400685928412 0.3513703917352916
vn -0.9631735427730344 -0.03730997987229725 0.2662793493757457
vn -0.9940462733348636 -0.027393992720088467 0.10545888123776809
vn -0.7245836418471322 0.004337999681964055 0.6891732204071095
vn -0.6691143461690151 0.019058005293390454 0.7429150585262413
vn -0.8383282324543072 0.001925000791295679 -0.5451624244589777
vn -0.844299598992962 -0.009096998455743821 -0.5357942065377522
vn -0.9213462075393283 -0.03829899783972601 -0.3868518484088835
vn -0.9386232140027484 -0.03631200875829423 -0.34302755014005587
vn -0.962826904527356 -0.025734998104746193 -0.2688904271089216
vn -0.9842909276930373 -0.035319989685134084 -0.17298516696474936
vn -0.8674976469174869 -0.040273006136116396 0.4958083476197065
vn -0.8297634122443266 -0.035654982828528616 0.5569752255712539
vn -0.9952516774997424 -0.03904202142130891 -0.08916175748204351
vn -0.9829747129416145 -0.038081000228276506 0.17975135921312127
vn -0.7824826117359724 -0.01945000994342126 0.6223685880923395
vn -0.8878420693545959 -0.01447399486384604 -0.4599206054927637
vn -0.9235276381767421 -0.018818997000920268 -0.38306989815902764
vn -0.9501443558679193 -0.04232198429023053 -0.30892483334635606
vn -0.9477127319325686 -0.04787600931166934 -0.3155130194861957
vn -0.943709207991859 -0.04562898600794209 -0.3276139899138395
vn -0.9654615269850891 -0.03738800570911156 -0.25784913600924725
vn -0.983527571246726 -0.026123986535374292 -0.17886043141236113
vn -0.9958087051443576 -0.02634699954843879 -0.08758343663908524
vn -0.9995263709101403 -0.027494991387827666 0.013822420330320608
vn -0.9079616786615131 -0.043197994985274546 0.41682073282337956
vn -0.9407278170968835 -0.04550101148898401 0.3360964624830376
vn -0.9660129985565891 -0.04723497614998009 0.2541411884126976
vn -0.9949902979652775 -0.038537993312309886 0.09224494580424811
vn -0.7862120358759275 -0.0034170001341461646 0.6179473753920416
vn -0.7382365954200686 0.011864995653799644 0.6744375071574249
vn -0.8828769336853672 -0.0020520006657092416 -0.46959994597486
vn -0.9518664488907068 -0.022235002942202552 -0.30570552517145594
vn -0.9682259788551807 -0.04732799449329356 -0.245557559051172
vn -0.9844928086006572 -0.038130987394545915 -0.17123065617437425
vn -0.8758557961911569 -0.040544994810200324 0.48086664229721215
vn -0.8357036538255093 -0.026815997493227137 0.5485255739353787
vn -0.9840215182752975 -0.04844600181270404 0.17133194821615133
vn -0.9194296468670421 -0.005098998529270657 -0.3932214702631899
vn -0.9486490682940109 -0.007383002700152916 -0.31624426713544523
vn -0.9733224900173806 -0.024811993868659378 -0.2280958030885871
vn -0.9719832002024178 -0.04537501746028743 -0.23062906650018195
vn -0.9704769991883117 -0.05022698314096439 -0.23590600715328774
vn -0.985489555828662 -0.048505020326493856 -0.16265791820797726
vn -0.9957448470519898 -0.038562990529914055 -0.08369644753989815
vn -0.9992418182633412 -0.038697000775700735 0.004281444234965145
vn -0.9140432614862408 -0.044536010350058566 0.40316430882916104
vn -0.9447222590455191 -0.047698983456206615 0.3243835079673061
vn -0.96824422698811 -0.05009201354946564 0.24493653684731787
vn -0.9949097408204355 -0.049163007997494616 0.08796366446011629
vn -0.8389300071102113 -0.009894001371798317 0.5441493838156172
vn -0.7979699185121789 0.005988002029058916 0.602667531049555
vn -0.9709245194193857 -0.009011004905948392 -0.23921617708846538
vn -0.9864107256730512 -0.05186097369334629 -0.15589842746077553
vn -0.9956389287564703 -0.049191994814057206 -0.07926708769017649
vn -0.8805528657221946 -0.03301398484399273 0.47279670839923493
vn -0.9849291483622454 -0.05177200578042238 0.1650279737617046
vn -0.9867371670140096 -0.010115005165643457 -0.16201064750091465
vn -0.9882498032849756 -0.026608011815449945 -0.150513587474473
vn -0.9859085703017438 -0.04813402664794316 -0.16021050678474982
vn -0.9950729624375165 -0.05276800113691299 -0.08393650863503688
vn -0.9987692282315825 -0.049404997520313826 0.004378921979946879
vn -0.917527176162267 -0.038107983529390016 0.39584297719552913
vn -0.9471004488980428 -0.042170986960036946 0.31815459694296744
vn -0.9696963768064104 -0.04526100326372575 0.24008410691272628
vn -0.9942829591557105 -0.05270399419154579 0.09286380419098196
vn -0.88323883087665 -0.015205005167307741 0.46867683476945043
vn -0.8488997788515298 0.0012649996609770911 0.5285523297098232
vn -0.9954351530370045 -0.049464992948716306 -0.08162150801583658
vn -0.9985820764940071 -0.05312699650557191 -0.0033702740561772668
vn -0.9857052698837393 -0.04742401189157243 0.16166658287825744
vn -0.9963171738151082 -0.010692996273122556 -0.08507496101543909
vn -0.9196974542570376 -0.019460008180239862 0.3921452546120496
vn -0.948803038127852 -0.02276899748049665 0.31504661177846466
vn -0.9710225994939425 -0.025220992722206105 0.23765313546876
vn -0.9959067808893838 -0.049608989080591394 0.07555548941636744
vn -0.8914476646612498 -0.002447000289150929 0.4531170636376309
vn -0.996961498191091 -0.02772200912540772 -0.07279602554141168
vn -0.9987781143881688 -0.049174019573402755 0.004918741526924741
vn -0.9855586371655283 -0.023405002323672108 0.16770920837764258
vn -0.9956179913384491 -0.024350998276789475 0.09028756396157704
vn -0.9995912061809998 -0.028142990922845595 0.005039105826472382
vn -0.9263058496900679 -0.005320001273342373 0.3767348808066662
vn -0.9538912180750823 -0.007475996549843272 0.3000594167074626
vn -0.974759876225516 -0.00904400302791006 0.22307261084689015
vn -0.9999272087890125 -0.010960998510657984 0.005043177080386162
vn -0.9892137976109762 -0.010104998331088895 0.14612991351807278
vn -0.9965897227733964 -0.01059700007344249 0.08183292767516331
usemtl material_0_0
f 1//1 2//2 3//3
f 1//1 4//4 2//2
f 2//2 5//5 3//3
f 6//6 1//1 3//3
f 1//1 7//7 4//4
f 4//4 8//8 2//2
f 2//2 9//9 5//5
f 3//3 5//5 10//10
f 6//6 11//11 1//1
f 6//6 3//3 12//12
f 11//11 7//7 1//1
f 7//7 13//13 4//4
f 4//4 14//14 8//8
f 2//2 8//8 9//9
f 9//9 15//15 5//5
f 5//5 16//16 10//10
f 3//3 10//10 12//12
f 11//11 6//6 17//17
f 6//6 12//12 18//18
f 19//19 7//7 11//11
f 20//20 13//13 7//7
f 4//4 13//13 14//14
f 14//14 21//21 8//8
f 8//8 22//22 9//9
f 9//9 23//23 15//15
f 5//5 15//15 16//16
f 10//10 16//16 24//24
f 12//12 10//10 25//25
f 6//6 26//26 17//17
f 27//27 11//11 17//17
f 18//18 12//12 28//28
f 26//26 6//6 18//18
f 7//7 19//19 20//20
f 11//11 27//27 19//19
f 13//13 20//20 29//29
f 13//13 30//30 14//14
f 14//14 31//31 21//21
f 8//8 21//21 22//22
f 9//9 22//22 23//23
f 32//32 15//15 23//23
f 33//33 16//16 15//15
f 16//16 34//34 24//24
f 10//10 24//24 25//25
f 28//28 12//12 25//25
f 35//35 17//17 26//26
f 17//17 35//35 27//27
f 18//18 28//28 36//36
f 26//26 18//18 36//36
f 37//37 20//20 19//19
f 38//38 19//19 27//27
f 39//39 29//29 20//20
f 29//29 30//30 13//13
f 14//14 30//30 31//31
f 31//31 40//40 21//21
f 21//21 41//41 22//22
f 22//22 42//42 23//23
f 15//15 32//32 33//33
f 23//23 42//42 32//32
f 16//16 33//33 43//43
f 16//16 43//43 34//34
f 24//24 34//34 44//44
f 25//25 24//24 45//45
f 28//28 25//25 46//46
f 26//26 47//47 35//35
f 35//35 38//38 27//27
f 36//36 28//28 48//48
f 26//26 36//36 49//49
f 20//20 37//37 39//39
f 19//19 38//38 37//37
f 29//29 39//39 50//50
f 30//30 29//29 51//51
f 30//30 52//52 31//31
f 31//31 53//53 40//40
f 21//21 40//40 41//41
f 22//22 41//41 42//42
f 54//54 33//33 32//32
f 42//42 55//55 32//32
f 56//56 43//43 33//33
f 57//57 34//34 43//43
f 34//34 58//58 44//44
f 24//24 44//44 45//45
f 25//25 45//45 46//46
f 28//28 46//46 48//48
f 47//47 26//26 49//49
f 59//59 35//35 47//47
f 38//38 35//35 60//60
f 61//61 36//36 48//48
f 49//49 36//36 61//61
f 62//62 39//39 37//37
f 63//63 37//37 38//38
f 64//64 50//50 39//39
f 50//50 51//51 29//29
f 65//65 30//30 51//51
f 30//30 65//65 52//52
f 31//31 52//52 53//53
f 53//53 66//66 40//40
f 40//40 67//67 41//41
f 41//41 68//68 42//42
f 33//33 54//54 56//56
f 55//55 54//54 32//32
f 42//42 68//68 55//55
f 43//43 56//56 57//57
f 34//34 57//57 69//69
f 34//34 69//69 58//58
f 44//44 58//58 70//70
f 45//45 44//44 71//71
f 46//46 45//45 72//72
f 48//48 46//46 73//73
f 49//49 74//74 47//47
f 35//35 59//59 60//60
f 47//47 75//75 59//59
f 76//76 38//38 60//60
f 61//61 48//48 77//77
f 49//49 61//61 78//78
f 39//39 62//62 64//64
f 37//37 63//63 62//62
f 38//38 76//76 63//63
f 50//50 64//64 79//79
f 51//51 50//50 80//80
f 80//80 65//65 51//51
f 65//65 81//81 52//52
f 52//52 82//82 53//53
f 53//53 83//83 66//66
f 40//40 66//66 67//67
f 41//41 67//67 68//68
f 84//84 56//56 54//54
f 54//54 55//55 85//85
f 68//68 86//86 55//55
f 87//87 57//57 56//56
f 57//57 88//88 69//69
f 69//69 89//89 58//58
f 58//58 90//90 70//70
f 71//71 44//44 70//70
f 45//45 71//71 72//72
f 46//46 72//72 73//73
f 48//48 73//73 77//77
f 74//74 49//49 78//78
f 75//75 47//47 74//74
f 91//91 60//60 59//59
f 92//92 59//59 75//75
f 60//60 91//91 76//76
f 61//61 77//77 93//93
f 78//78 61//61 93//93
f 94//94 64//64 62//62
f 63//63 94//94 62//62
f 95//95 63//63 76//76
f 96//96 79//79 64//64
f 79//79 80//80 50//50
f 65//65 80//80 97//97
f 97//97 81//81 65//65
f 52//52 81//81 82//82
f 53//53 82//82 83//83
f 83//83 98//98 66//66
f 66//66 99//99 67//67
f 67//67 100//100 68//68
f 56//56 84//84 87//87
f 54//54 85//85 84//84
f 55//55 86//86 85//85
f 68//68 100//100 86//86
f 57//57 87//87 101//101
f 57//57 101//101 88//88
f 69//69 88//88 89//89
f 58//58 89//89 90//90
f 70//70 90//90 102//102
f 71//71 70//70 103//103
f 72//72 71//71 104//104
f 73//73 72//72 105//105
f 77//77 73//73 106//106
f 107//107 74//74 78//78
f 74//74 108//108 75//75
f 59//59 92//92 91//91
f 108//108 92//92 75//75
f 109//109 76//76 91//91
f 93//93 77//77 110//110
f 107//107 78//78 93//93
f 64//64 94//94 96//96
f 94//94 63//63 111//111
f 63//63 95//95 111//111
f 76//76 109//109 95//95
f 79//79 96//96 112//112
f 80//80 79//79 113//113
f 113//113 97//97 80//80
f 81//81 97//97 114//114
f 81//81 115//115 82//82
f 82//82 116//116 83//83
f 83//83 117//117 98//98
f 66//66 98//98 99//99
f 67//67 99//99 100//100
f 118//118 87//118 84//118
f 84//84 85//85 119//119
f 86//86 120//120 85//85
f 100//100 121//121 86//86
f 122//118 101//118 87//118
f 123//118 88//118 101//118
f 124//118 89//118 88//118
f 125//118 90//118 89//118
f 126//118 102//118 90//118
f 70//70 102//102 103//103
f 71//71 103//103 104//104
f 72//72 104//104 105//105
f 73//73 105//105 106//106
f 77//77 106//106 110//110
f 74//74 107//107 127//122
f 108//108 74//74 127//122
f 128//123 91//91 92//92
f 92//92 108//108 129//124
f 91//91 128//123 109//109
f 93//93 110//110 130//125
f 107//107 93//93 130//125
f 131//126 96//96 94//94
f 111//111 131//126 94//94
f 132//127 111//111 95//95
f 109//109 132//127 95//95
f 133//128 112//112 96//96
f 112//112 113//113 79//79
f 97//97 113//113 134//129
f 134//129 114//114 97//97
f 114//114 115//115 81//81
f 82//82 115//115 116//116
f 83//83 116//116 117//117
f 117//117 135//130 98//98
f 98//98 136//131 99//99
f 99//99 137//132 100//100
f 122//118 87//118 118//118
f 118//118 84//118 138//118
f 85//85 120//120 119//119
f 138//118 84//118 119//118
f 86//86 121//121 120//120
f 100//100 137//132 121//121
f 123//118 101//118 122//118
f 124//118 88//118 123//118
f 125//118 89//118 124//118
f 126//118 90//118 125//118
f 139//118 102//118 126//118
f 103//103 102//102 140//133
f 104//104 103//103 141//134
f 105//105 104//104 142//135
f 106//106 105//105 143//136
f 110//110 106//106 144//137
f 107//107 145//138 127//122
f 127//122 146//139 108//108
f 92//92 147//140 128//123
f 108//108 148//141 129//124
f 147//140 92//92 129//124
f 149//142 109//109 128//123
f 130//125 110//110 150//143
f 107//107 130//125 151//144
f 96//96 131//126 133//128
f 131//126 111//111 152//145
f 111//111 132//127 152//145
f 132//127 109//109 153//146
f 112//112 133//128 154//147
f 113//113 112//112 155//148
f 155//148 134//129 113//113
f 114//114 134//129 156//149
f 115//115 114//114 157//150
f 115//115 158//151 116//116
f 116//116 159//152 117//117
f 117//117 160//153 135//130
f 98//98 135//130 136//131
f 99//99 136//131 137//132
f 119//119 120//120 161//154
f 138//118 119//118 162//118
f 121//121 163//155 120//120
f 137//132 164//156 121//121
f 139//118 140//118 102//118
f 103//103 140//133 141//134
f 142//135 104//104 141//134
f 105//105 142//135 143//136
f 106//106 143//136 144//137
f 110//110 144//137 150//143
f 145//138 107//107 151//144
f 146//139 127//122 145//138
f 148//141 108//108 146//139
f 147//140 149//142 128//123
f 165//157 129//124 148//141
f 129//124 165//157 147//140
f 109//109 149//142 153//146
f 166//158 130//125 150//143
f 151//144 130//125 166//158
f 167//159 133//128 131//126
f 168//160 131//126 152//145
f 132//127 168//160 152//145
f 169//161 132//127 153//146
f 170//162 154//147 133//128
f 154//147 155//148 112//112
f 134//129 155//148 171//163
f 171//163 156//149 134//129
f 156//149 157//150 114//114
f 172//164 115//115 157//150
f 115//115 172//164 158//151
f 116//116 158//151 159//152
f 117//117 159//152 160//153
f 160//153 173//165 135//130
f 135//130 174//166 136//131
f 136//131 175//167 137//132
f 120//120 163//155 161//154
f 162//118 119//118 161//118
f 121//121 164//156 163//155
f 137//132 175//167 164//156
f 176//118 140//118 139//118
f 141//134 140//133 177//168
f 142//135 141//134 178//169
f 143//136 142//135 179//170
f 144//137 143//136 180//171
f 150//143 144//137 181//172
f 145//138 151//144 182//173
f 145//138 183//174 146//139
f 146//139 184//175 148//141
f 149//142 147//140 185//176
f 148//141 186//177 165//157
f 165//157 185//176 147//140
f 187//178 153//146 149//142
f 166//158 150//143 188//179
f 182//173 151//144 166//158
f 133//128 167//159 170//162
f 131//126 168//160 167//159
f 168//160 132//127 189//180
f 132//127 169//161 189//180
f 153//146 187//178 169//161
f 154//147 170//162 190//181
f 155//148 154//147 191//182
f 191//182 171//163 155//148
f 156//149 171//163 192//183
f 157//150 156//149 193//184
f 193//184 172//164 157//150
f 194//185 158//151 172//164
f 158//151 195//186 159//152
f 159//152 196//187 160//153
f 160//153 197//188 173//165
f 135//130 173//165 174//166
f 136//131 174//166 175//167
f 161//154 163//155 198//189
f 162//118 161//118 199//118
f 164//156 200//190 163//155
f 175//167 201//191 164//156
f 176//118 177//118 140//118
f 141//134 177//168 178//169
f 142//135 178//169 179//170
f 180//171 143//136 179//170
f 144//137 180//171 181//172
f 188//179 150//143 181//172
f 145//138 182//173 202//192
f 183//174 145//138 202//192
f 184//175 146//139 183//174
f 186//177 148//141 184//175
f 203//193 149//142 185//176
f 204//194 165//157 186//177
f 185//176 165//157 205//195
f 149//142 203//193 187//178
f 166//158 188//179 206//196
f 182//173 166//158 206//196
f 170//197 167//198 207//199
f 167//198 168//200 208//201
f 168//200 189//202 209//203
f 189//202 169//204 210//205
f 169//204 187//206 211//207
f 190//208 170//197 212//209
f 190//181 191//182 154//147
f 171//163 191//182 213//210
f 213//210 192//183 171//163
f 192//183 193//184 156//149
f 172//164 193//184 214//211
f 158//151 194//185 195//186
f 172//164 215//212 194//185
f 159//152 195//186 196//187
f 160//153 196//187 197//188
f 197//188 216//213 173//165
f 173//165 217//214 174//166
f 174//166 218//215 175//167
f 163//155 200//190 198//189
f 199//118 161//118 198//118
f 164//156 201//191 200//190
f 175//167 218//215 201//191
f 219//118 177//118 176//118
f 178//169 177//168 220//216
f 179//170 178//169 221//217
f 180//171 179//170 222//218
f 181//172 180//171 223//219
f 188//179 181//172 224//220
f 202//192 182//173 225//221
f 226//222 183//174 202//192
f 183//174 227//223 184//175
f 227//223 186//177 184//175
f 205//195 203//193 185//176
f 165//157 204//194 205//195
f 228//224 204//194 186//177
f 187//206 203//225 229//226
f 206//196 188//179 230//227
f 182//173 206//196 225//221
f 167//198 208//201 207//199
f 170//197 207//199 212//209
f 168//200 209//203 208//201
f 189//202 210//205 209//203
f 169//204 211//207 210//205
f 187//206 229//226 211//207
f 190//208 212//209 231//228
f 191//182 190//181 232//229
f 232//229 213//210 191//182
f 192//183 213//210 233//230
f 193//184 192//183 234//231
f 234//231 214//211 193//184
f 215//212 172//164 214//211
f 235//232 195//186 194//185
f 236//233 194//185 215//212
f 195//186 237//234 196//187
f 196//187 238//235 197//188
f 197//188 239//236 216//213
f 173//165 216//213 217//214
f 174//166 217//214 218//215
f 198//189 200//190 240//237
f 199//118 198//118 241//118
f 201//191 242//238 200//190
f 218//215 243//239 201//191
f 219//118 220//118 177//118
f 178//169 220//216 221//217
f 222//218 179//170 221//217
f 180//171 222//218 223//219
f 181//172 223//219 224//220
f 188//179 224//220 230//227
f 226//222 202//192 225//221
f 183//174 226//222 244//240
f 227//223 183//174 244//240
f 186//177 227//223 228//224
f 203//193 205//195 245//241
f 246//242 205//195 204//194
f 204//194 228//224 247//243
f 203//225 248//244 229//226
f 206//196 230//227 249//245
f 225//221 206//196 249//245
f 208//201 250//246 207//199
f 212//209 207//199 231//228
f 208//201 209//203 250//246
f 210//205 250//246 209//203
f 210//205 211//207 250//246
f 211//207 229//226 248//244
f 232//247 190//208 231//228
f 213//210 232//229 251//248
f 251//248 233//230 213//210
f 233//230 234//231 192//183
f 214//211 234//231 252//249
f 214//211 253//250 215//212
f 195//186 235//232 237//234
f 194//185 236//233 235//232
f 215//212 254//251 236//233
f 196//187 237//234 238//235
f 197//188 238//235 239//236
f 239//236 255//252 216//213
f 216//213 256//253 217//214
f 217//214 257//254 218//215
f 200//190 242//238 240//237
f 241//118 198//118 240//118
f 201//191 243//239 242//238
f 218//215 257//254 243//239
f 258//118 220//118 219//118
f 221//217 220//216 259//255
f 222//218 221//217 260//256
f 223//219 222//218 261//257
f 224//220 223//219 262//258
f 230//227 224//220 263//259
f 226//222 225//221 264//260
f 265//261 244//240 226//222
f 244//240 266//262 227//223
f 227//223 267//263 228//224
f 205//195 246//242 245//241
f 203//225 245//264 248//244
f 204//194 268//265 246//242
f 228//224 269//266 247//243
f 268//265 204//194 247//243
f 249//245 230//227 270//267
f 225//221 249//245 264//260
f 231//228 207//199 250//246
f 211//207 248//244 250//246
f 232//247 231//228 271//268
f 251//269 232//247 271//268
f 233//230 251//248 272//270
f 234//231 233//230 273//271
f 273//271 252//249 234//231
f 253//250 214//211 252//249
f 254//251 215//212 253//250
f 274//272 237//234 235//232
f 275//273 235//232 236//233
f 276//274 236//233 254//251
f 237//234 277//275 238//235
f 238//235 278//276 239//236
f 239//236 279//277 255//252
f 216//213 255//252 256//253
f 217//214 256//253 257//254
f 240//237 242//238 280//278
f 241//118 240//118 281//118
f 243//239 282//279 242//238
f 257//254 283//280 243//239
f 258//118 259//118 220//118
f 221//217 259//255 260//256
f 222//218 260//256 261//257
f 223//219 261//257 262//258
f 224//220 262//258 263//259
f 270//267 230//227 263//259
f 265//261 226//222 264//260
f 244//240 265//261 284//281
f 266//262 244//240 284//281
f 267//263 227//223 266//262
f 269//266 228//224 267//263
f 245//264 246//282 285//283
f 245//264 285//283 248//244
f 246//282 268//284 286//285
f 287//286 247//243 269//266
f 247//243 287//286 268//265
f 249//245 270//267 288//287
f 264//260 249//245 288//287
f 271//268 231//228 250//246
f 248//244 285//283 250//246
f 251//269 271//268 289//288
f 272//289 251//269 289//288
f 272//270 273//271 233//230
f 252//249 273//271 290//290
f 252//249 291//291 253//250
f 253//250 292//292 254//251
f 237//234 274//272 277//275
f 235//232 275//273 274//272
f 236//233 276//274 275//273
f 254//251 293//293 276//274
f 238//235 277//275 278//276
f 239//236 278//276 279//277
f 279//277 294//294 255//252
f 255//252 295//295 256//253
f 256//253 296//296 257//254
f 242//238 282//279 280//278
f 281//118 240//118 280//118
f 243//239 283//280 282//279
f 257//254 296//296 283//280
f 297//118 259//118 258//118
f 260//256 259//255 298//297
f 261//257 260//256 299//298
f 262//258 261//257 300//299
f 263//259 262//258 301//300
f 270//267 263//259 302//301
f 265//261 264//260 303//302
f 265//261 304//303 284//281
f 284//281 305//304 266//262
f 266//262 306//305 267//263
f 267//263 307//306 269//266
f 246//282 286//285 285//283
f 268//284 308//307 286//285
f 307//306 287//286 269//266
f 268//284 287//308 308//307
f 288//287 270//267 309//309
f 303//302 264//260 288//287
f 271//268 250//246 289//288
f 285//283 286//285 250//246
f 272//289 289//288 310//310
f 273//271 272//270 311//311
f 311//311 290//290 273//271
f 291//291 252//249 290//290
f 292//292 253//250 291//291
f 293//293 254//251 292//292
f 312//312 277//275 274//272
f 313//313 274//272 275//273
f 314//314 275//273 276//274
f 315//315 276//274 293//293
f 277//275 316//316 278//276
f 278//276 317//317 279//277
f 279//277 318//318 294//294
f 255//252 294//294 295//295
f 256//253 295//295 296//296
f 280//278 282//279 319//319
f 281//118 280//118 320//118
f 282//279 283//280 321//320
f 296//296 322//321 283//280
f 297//118 298//118 259//118
f 260//256 298//297 299//298
f 300//299 261//257 299//298
f 262//258 300//299 301//300
f 302//301 263//259 301//300
f 270//267 302//301 309//309
f 265//261 303//302 323//322
f 304//303 265//261 323//322
f 305//304 284//281 304//303
f 306//305 266//262 305//304
f 307//306 267//263 306//305
f 286//285 308//307 324//323
f 287//286 307//306 325//324
f 308//307 287//308 324//323
f 288//287 309//309 326//325
f 303//302 288//287 326//325
f 327//326 289//288 250//246
f 286//285 324//323 250//246
f 310//310 289//288 327//326
f 311//327 272//289 310//310
f 290//290 311//311 328//328
f 328//328 291//291 290//290
f 291//291 329//329 292//292
f 292//292 330//330 293//293
f 277//275 312//312 316//316
f 274//272 313//313 312//312
f 275//273 314//314 313//313
f 276//274 315//315 314//314
f 293//293 331//331 315//315
f 278//276 316//316 317//317
f 279//277 317//317 318//318
f 318//318 332//332 294//294
f 294//294 333//333 295//295
f 295//295 334//334 296//296
f 282//279 321//320 319//319
f 320//118 280//118 319//118
f 283//280 322//321 321//320
f 296//296 334//334 322//321
f 335//118 298//118 297//118
f 299//298 298//297 336//335
f 300//299 299//298 337//336
f 301//300 300//299 338//337
f 302//301 301//300 339//338
f 309//309 302//301 340//339
f 323//322 303//302 341//340
f 342//341 304//303 323//322
f 304//303 343//342 305//304
f 305//304 344//343 306//305
f 306//305 345//344 307//306
f 307//306 346//345 325//324
f 287//308 325//346 324//323
f 326//325 309//309 347//347
f 303//302 326//325 341//340
f 348//348 327//326 250//246
f 250//246 324//323 349//349
f 311//327 310//310 327//326
f 328//350 311//327 327//326
f 291//291 328//328 350//351
f 329//329 291//291 350//351
f 330//330 292//292 329//329
f 331//331 293//293 330//330
f 351//352 316//316 312//312
f 352//353 312//312 313//313
f 353//354 313//313 314//314
f 354//355 314//314 315//315
f 355//356 315//315 331//331
f 356//357 317//317 316//316
f 317//317 357//358 318//318
f 318//318 358//359 332//332
f 294//294 332//332 333//333
f 295//295 333//333 334//334
f 319//319 321//320 359//360
f 320//118 319//118 360//118
f 321//320 322//321 361//361
f 334//334 362//362 322//321
f 335//118 336//118 298//118
f 299//298 336//335 337//336
f 300//299 337//336 338//337
f 301//300 338//337 339//338
f 302//301 339//338 340//339
f 347//347 309//309 340//339
f 342//341 323//322 341//340
f 304//303 342//341 363//363
f 343//342 304//303 363//363
f 344//343 305//304 343//342
f 345//344 306//305 344//343
f 346//345 307//306 345//344
f 325//346 346//364 349//349
f 324//323 325//346 349//349
f 326//325 347//347 364//365
f 341//340 326//325 364//365
f 328//350 327//326 348//348
f 348//348 250//246 365//366
f 250//246 349//349 366//367
f 350//368 328//350 348//348
f 350//368 365//366 329//369
f 329//369 367//370 330//371
f 330//371 368//372 331//373
f 316//316 351//352 356//357
f 312//312 352//353 351//352
f 313//313 353//354 352//353
f 314//314 354//355 353//354
f 315//315 355//356 354//355
f 331//373 369//374 355//375
f 317//317 356//357 357//358
f 318//318 357//358 358//359
f 358//359 370//376 332//332
f 332//332 371//377 333//333
f 333//333 372//378 334//334
f 321//320 361//361 359//360
f 360//118 319//118 359//118
f 322//321 362//362 361//361
f 334//334 372//378 362//362
f 373//118 336//118 335//118
f 337//336 336//335 374//379
f 338//337 337//336 375//380
f 339//338 338//337 376//381
f 340//339 339//338 377//382
f 347//347 340//339 378//383
f 342//341 341//340 379//384
f 342//341 380//385 363//363
f 363//363 381//386 343//342
f 343//342 382//387 344//343
f 382//387 345//344 344//343
f 345//344 383//388 346//345
f 349//349 346//364 366//367
f 364//365 347//347 384//389
f 341//340 364//365 379//384
f 365//366 250//246 368//372
f 350//368 348//348 365//366
f 250//246 366//367 385//390
f 329//369 365//366 367//370
f 330//371 367//370 368//372
f 331//373 368//372 369//374
f 386//391 356//357 351//352
f 387//392 351//352 352//353
f 388//393 352//353 353//354
f 389//394 353//354 354//355
f 390//395 354//355 355//356
f 355//375 369//374 391//396
f 392//397 357//358 356//357
f 357//358 393//398 358//359
f 358//359 394//399 370//376
f 332//332 370//376 371//377
f 333//333 371//377 372//378
f 359//360 361//361 395//400
f 360//118 359//118 396//118
f 361//361 362//362 397//401
f 372//378 398//402 362//362
f 373//118 374//118 336//118
f 337//336 374//379 375//380
f 338//337 375//380 376//381
f 339//338 376//381 377//382
f 340//339 377//382 378//383
f 347//347 378//383 384//389
f 342//341 379//384 399//403
f 380//385 342//341 399//403
f 381//386 363//363 380//385
f 382//387 343//342 381//386
f 345//344 382//387 400//404
f 383//388 345//344 400//404
f 366//367 346//364 383//405
f 401//406 364//365 384//389
f 379//384 364//365 401//406
f 369//374 368//372 250//246
f 367//370 365//366 368//372
f 366//367 402//407 385//390
f 250//246 385//390 403//408
f 356//357 386//391 392//397
f 351//352 387//392 386//391
f 352//353 388//393 387//392
f 353//354 389//394 388//393
f 354//355 390//395 389//394
f 355//375 391//396 390//409
f 369//374 250//246 391//396
f 357//358 392//397 393//398
f 358//359 393//398 394//399
f 394//399 404//410 370//376
f 370//376 405//411 371//377
f 371//377 406//412 372//378
f 361//361 397//401 395//400
f 396//118 359//118 395//118
f 362//362 398//402 397//401
f 372//378 406//412 398//402
f 407//118 374//118 373//118
f 375//380 374//379 408//413
f 376//381 375//380 409//414
f 377//382 376//381 410//415
f 378//383 377//382 411//416
f 384//389 378//383 412//417
f 413//418 399//403 379//384
f 414//419 380//385 399//403
f 380//385 415//420 381//386
f 381//386 416//421 382//387
f 382//387 417//422 400//404
f 417//422 383//388 400//404
f 366//367 383//405 402//407
f 401//406 384//389 418//423
f 413//418 379//384 401//406
f 402//407 419//424 385//390
f 385//390 420//425 403//408
f 250//246 403//408 421//426
f 422//427 392//397 386//391
f 423//428 386//391 387//392
f 424//429 387//392 388//393
f 425//430 388//393 389//394
f 426//431 389//394 390//395
f 390//409 391//396 427//432
f 391//396 250//246 428//433
f 429//434 393//398 392//397
f 393//398 430//435 394//399
f 394//399 431//436 404//410
f 370//376 404//410 405//411
f 371//377 405//411 406//412
f 395//400 397//401 432//437
f 396//118 395//118 433//118
f 397//401 398//402 434//438
f 406//412 435//439 398//402
f 407//118 408//118 374//118
f 375//380 408//413 409//414
f 376//381 409//414 410//415
f 411//416 377//382 410//415
f 412//417 378//383 411//416
f 384//389 412//417 418//423
f 399//403 413//418 414//419
f 380//385 414//419 436//440
f 415//420 380//385 436//440
f 416//421 381//386 415//420
f 417//422 382//387 416//421
f 383//388 417//422 419//441
f 383//405 419//424 402//407
f 401//406 418//423 437//442
f 413//418 401//406 437//442
f 385//390 419//424 420//425
f 420//425 438//443 403//408
f 421//426 403//408 438//443
f 250//246 421//426 439//444
f 392//397 422//427 429//434
f 386//391 423//428 422//427
f 387//392 424//429 423//428
f 388//393 425//430 424//429
f 389//394 426//431 425//430
f 390//409 427//432 426//445
f 427//432 391//396 428//433
f 440//446 428//433 250//246
f 393//398 429//434 430//435
f 394//399 430//435 431//436
f 431//436 441//447 404//410
f 404//410 442//448 405//411
f 405//411 443//449 406//412
f 397//401 434//438 432//437
f 433//118 395//118 432//118
f 398//402 435//439 434//438
f 406//412 443//449 435//439
f 444//118 408//118 407//118
f 409//414 408//413 445//450
f 410//415 409//414 446//451
f 411//416 410//415 447//452
f 412//417 411//416 448//453
f 418//423 412//417 449//454
f 413//418 450//455 414//419
f 414//419 451//456 436//440
f 436//440 452//457 415//420
f 415//420 453//458 416//421
f 416//421 454//459 417//422
f 417//422 420//460 419//441
f 437//442 418//423 455//461
f 413//418 437//442 456//462
f 454//459 438//463 420//460
f 421//426 438//443 457//464
f 421//426 458//465 439//444
f 250//246 439//444 459//466
f 460//467 429//434 422//427
f 461//468 422//427 423//428
f 462//469 423//428 424//429
f 463//470 424//429 425//430
f 464//471 425//430 426//431
f 426//445 427//432 428//433
f 464//472 428//433 440//446
f 440//446 250//246 465//473
f 466//474 430//435 429//434
f 430//435 467//475 431//436
f 431//436 468//476 441//447
f 404//410 441//447 442//448
f 405//411 442//448 443//449
f 432//437 434//438 469//477
f 433//118 432//118 469//118
f 434//438 435//439 470//478
f 443//449 471//479 435//439
f 444//118 445//118 408//118
f 409//414 445//450 446//451
f 447//452 410//415 446//451
f 411//416 447//452 448//453
f 412//417 448//453 449//454
f 418//423 449//454 455//461
f 450//455 413//418 456//462
f 451//456 414//419 450//455
f 452//457 436//440 451//456
f 453//458 415//420 452//457
f 454//459 416//421 453//458
f 420//460 417//422 454//459
f 472//480 437//442 455//461
f 456//462 437//442 472//480
f 438//463 454//459 473//481
f 473//481 457//482 438//463
f 421//426 457//464 458//465
f 439//444 458//465 474//483
f 439//444 475//484 459//466
f 250//246 459//466 476//485
f 429//434 460//467 466//474
f 422//427 461//468 460//467
f 423//428 462//469 461//468
f 424//429 463//470 462//469
f 425//430 464//471 463//470
f 426//445 428//433 464//472
f 464//472 440//446 477//486
f 465//473 250//246 478//487
f 477//486 440//446 465//473
f 430//435 466//474 467//475
f 431//436 467//475 468//476
f 468//476 479//488 441//447
f 441//447 480//489 442//448
f 442//448 481//490 443//449
f 434//438 470//478 469//477
f 469//118 482//118 433//118
f 435//439 471//479 470//478
f 443//449 481//490 471//479
f 483//118 445//118 444//118
f 446//451 445//450 484//491
f 447//452 446//451 485//492
f 448//453 447//452 486//493
f 449//454 448//453 487//494
f 455//461 449//454 488//495
f 489//496 450//455 456//462
f 450//455 490//497 451//456
f 490//497 452//457 451//456
f 452//457 491//498 453//458
f 453//458 473//481 454//459
f 472//480 455//461 492//499
f 489//496 456//462 472//480
f 457//482 473//481 493//500
f 458//465 457//464 474//483
f 439//444 474//483 475//484
f 459//466 475//484 494//501
f 476//485 459//466 494//501
f 250//246 476//485 495//502
f 496//503 466//474 460//467
f 497//504 460//467 461//468
f 498//505 461//468 462//469
f 499//506 462//469 463//470
f 477//507 463//470 464//471
f 500//508 478//487 250//246
f 501//509 465//473 478//487
f 477//486 465//473 502//510
f 503//511 467//475 466//474
f 504//512 468//476 467//475
f 505//513 479//488 468//476
f 441//447 479//488 480//489
f 442//448 480//489 481//490
f 469//477 470//478 506//514
f 506//118 482//118 469//118
f 470//478 471//479 507//515
f 481//490 508//516 471//479
f 483//118 484//118 445//118
f 446//451 484//491 485//492
f 447//452 485//492 486//493
f 487//494 448//453 486//493
f 488//495 449//454 487//494
f 492//499 455//461 488//495
f 450//455 489//496 509//517
f 490//497 450//455 509//517
f 452//457 490//497 510//518
f 491//498 452//457 510//518
f 473//481 453//458 491//498
f 472//480 492//499 511//519
f 489//496 472//480 511//519
f 473//481 512//520 493//500
f 513//521 457//482 493//500
f 457//482 513//521 474//522
f 474//522 514//523 475//524
f 475//524 515//525 494//526
f 476//485 494//501 516//527
f 476//485 517//528 495//502
f 250//246 495//502 518//529
f 466//474 496//503 503//511
f 460//467 497//504 496//503
f 461//468 498//505 497//504
f 462//469 499//506 498//505
f 463//470 477//507 499//506
f 519//530 478//487 500//508
f 500//508 250//246 520//531
f 502//510 465//473 501//509
f 521//532 501//509 478//487
f 502//533 499//506 477//507
f 467//475 503//511 504//512
f 468//476 504//512 505//513
f 479//488 505//513 522//534
f 479//488 523//535 480//489
f 480//489 524//536 481//490
f 470//478 507//515 506//514
f 506//118 525//118 482//118
f 471//479 508//516 507//515
f 481//490 524//536 508//516
f 526//118 484//118 483//118
f 485//492 484//491 527//537
f 485//492 528//538 486//493
f 487//494 486//493 528//538
f 488//495 487//494 529//539
f 492//499 488//495 530//540
f 489//496 531//541 509//517
f 509//517 532//542 490//497
f 490//497 533//543 510//518
f 533//543 491//498 510//518
f 512//520 473//481 491//498
f 511//519 492//499 534//544
f 489//496 511//519 535//545
f 512//520 513//521 493//500
f 514//523 474//522 513//521
f 515//525 475//524 514//523
f 536//546 494//526 515//525
f 494//526 536//546 516//547
f 476//485 516//527 517//528
f 495//502 517//528 537//548
f 495//502 538//549 518//529
f 250//246 518//529 539//550
f 496//503 540//551 503//511
f 497//504 541//552 496//503
f 498//505 542//553 497//504
f 499//506 543//554 498//505
f 521//532 478//487 519//530
f 519//530 500//508 544//555
f 520//531 250//246 545//556
f 500//508 520//531 544//555
f 502//510 501//509 521//532
f 499//506 502//533 546//557
f 540//551 504//512 503//511
f 504//512 547//558 505//513
f 548//559 522//534 505//513
f 522//534 523//535 479//488
f 480//489 523//535 524//536
f 506//514 507//515 549//560
f 549//118 525//118 506//118
f 507//515 508//516 550//561
f 524//536 551//562 508//516
f 526//118 527//118 484//118
f 552//563 485//492 527//537
f 485//492 552//563 528//538
f 487//494 528//538 529//539
f 488//495 529//539 530//540
f 492//499 530//540 534//544
f 531//541 489//496 535//545
f 532//542 509//517 531//541
f 533//543 490//497 532//542
f 491//498 533//543 512//520
f 511//519 534//544 553//564
f 535//545 511//519 553//564
f 513//521 512//520 554//565
f 513//521 555//566 514//523
f 514//523 556//567 515//525
f 515//525 557//568 536//546
f 558//569 516//547 536//546
f 517//528 516//527 537//548
f 495//502 537//548 538//549
f 518//529 538//549 559//570
f 539//550 518//529 559//570
f 250//246 539//550 560//571
f 540//551 496//503 541//552
f 541//552 497//504 542//553
f 542//553 498//505 543//554
f 543//554 499//506 546//557
f 561//572 521//573 519//574
f 562//575 519//574 544//576
f 545//556 250//246 563//577
f 520//531 545//556 564//578
f 544//555 520//531 565//579
f 566//580 502//533 521//573
f 502//533 566//580 546//557
f 504//512 540//551 547//558
f 547//558 548//559 505//513
f 548//559 567//581 522//534
f 523//535 522//534 568//582
f 523//535 569//583 524//536
f 507//515 550//561 549//560
f 549//118 570//118 525//118
f 508//516 551//562 550//561
f 524//536 569//583 551//562
f 527//118 526//118 571//118
f 527//537 572//584 552//563
f 552//563 572//584 528//538
f 528//538 573//585 529//539
f 529//539 574//586 530//540
f 530//540 575//587 534//544
f 535//545 576//588 531//541
f 576//588 532//542 531//541
f 532//542 577//589 533//543
f 533//543 554//565 512//520
f 534//544 578//590 553//564
f 535//545 553//564 579//591
f 555//566 513//521 554//565
f 556//567 514//523 555//566
f 557//568 515//525 556//567
f 580//592 536//546 557//568
f 516//547 558//569 537//593
f 536//546 580//592 558//569
f 537//593 581//594 538//595
f 538//595 582//596 559//597
f 539//550 559//570 583//598
f 560//571 539//550 584//599
f 250//246 560//571 585//600
f 541//552 586//601 540//551
f 587//602 541//552 542//553
f 543//554 587//602 542//553
f 566//580 543//554 546//557
f 521//573 561//572 566//580
f 519//574 562//575 561//572
f 544//576 588//603 562//575
f 563//577 250//246 589//604
f 545//556 563//577 590//605
f 564//578 545//556 591//606
f 565//579 520//531 564//578
f 588//603 544//576 565//607
f 540//551 592//608 547//558
f 592//608 548//559 547//558
f 593//609 567//581 548//559
f 522//534 567//581 568//582
f 568//582 569//583 523//535
f 549//560 550//561 594//610
f 594//118 570//118 549//118
f 550//561 551//562 595//611
f 569//583 596//612 551//562
f 527//537 597//613 572//584
f 573//585 528//538 572//584
f 574//586 529//539 573//585
f 575//587 530//540 574//586
f 578//590 534//544 575//587
f 576//588 535//545 579//591
f 532//542 576//588 598//614
f 577//589 532//542 598//614
f 554//565 533//543 577//589
f 599//615 553//564 578//590
f 553//564 599//615 579//591
f 554//565 600//616 555//566
f 555//566 601//617 556//567
f 556//567 602//618 557//568
f 557//568 603//619 580//592
f 581//594 537//593 558//569
f 604//620 558//569 580//592
f 582//596 538//595 581//594
f 605//621 559//597 582//596
f 559//597 605//621 583//622
f 539//550 583//598 584//599
f 560//571 584//599 606//623
f 560//571 607//624 585//600
f 250//246 585//600 608//625
f 586//601 541//552 609//626
f 592//608 540//551 586//601
f 541//552 587//602 609//626
f 587//602 543//554 610//627
f 543//554 566//580 610//627
f 611//628 566//580 561//572
f 562//575 611//628 561//572
f 612//629 562//575 588//603
f 589//604 250//246 613//630
f 563//577 589//604 614//631
f 590//605 563//577 614//631
f 591//606 545//556 590//605
f 565//579 564//578 591//606
f 565//607 615//632 588//603
f 592//608 593//609 548//559
f 593//609 616//633 567//581
f 567//581 617//634 568//582
f 569//583 568//582 618//635
f 550//561 595//611 594//610
f 594//118 619//118 570//118
f 596//612 595//611 551//562
f 618//635 596//612 569//583
f 597//613 527//537 620//636
f 597//613 621//637 572//584
f 573//585 572//584 621//637
f 574//586 573//585 622//638
f 575//587 574//586 623//639
f 578//590 575//587 624//640
f 599//615 576//588 579//591
f 625//641 598//614 576//588
f 626//642 577//589 598//614
f 600//616 554//565 577//589
f 599//615 578//590 627//643
f 601//617 555//566 600//616
f 602//618 556//567 601//617
f 603//619 557//568 602//618
f 628//644 580//592 603//619
f 558//569 604//620 581//594
f 580//592 628//644 604//620
f 581//594 629//645 582//596
f 582//596 630//646 605//621
f 605//621 606//647 583//622
f 584//599 583//598 606//623
f 560//571 606//623 607//624
f 585//600 607//624 631//648
f 608//625 585//600 631//648
f 250//246 608//625 632//649
f 609//626 633//650 586//601
f 586//601 634//651 592//608
f 587//602 635//652 609//626
f 610//627 636//653 587//602
f 566//580 611//628 610//627
f 611//628 562//575 637//654
f 562//575 612//629 637//654
f 588//603 638//655 612//629
f 250//246 639//656 613//630
f 589//604 613//630 640//657
f 614//631 589//604 641//658
f 642//659 590//660 614//661
f 590//660 615//632 591//662
f 615//632 565//607 591//662
f 638//655 588//603 615//632
f 634//651 593//609 592//608
f 593//609 643//663 616//633
f 616//633 617//634 567//581
f 568//582 617//634 618//635
f 594//610 595//611 644//664
f 644//118 619//118 594//118
f 595//611 596//612 645//665
f 596//612 618//635 646//666
f 597//613 620//636 647//667
f 621//637 597//613 648//668
f 573//585 621//637 622//638
f 574//586 622//638 623//639
f 575//587 623//639 624//640
f 578//590 624//640 627//643
f 576//588 599//615 625//641
f 598//614 625//641 626//642
f 577//589 626//642 600//616
f 599//615 627//643 649//669
f 600//616 650//670 601//617
f 601//617 651//671 602//618
f 602//618 652//672 603//619
f 603//619 653//673 628//644
f 629//645 581//594 604//620
f 654//674 604//620 628//644
f 630//646 582//596 629//645
f 630//646 655//675 605//621
f 606//647 605//621 655//675
f 655//675 607//676 606//647
f 656//677 631//678 607//676
f 608//625 631//648 657//679
f 632//649 608//625 658//680
f 250//246 632//649 659//681
f 633//650 609//626 635//652
f 634//651 586//601 633//650
f 635//652 587//602 636//653
f 636//653 610//627 611//628
f 660//682 611//628 637//654
f 661//683 637//654 612//629
f 662//684 612//629 638//655
f 250//246 663//685 639//656
f 613//630 639//656 664//686
f 640//657 613//630 665//687
f 589//604 640//657 641//658
f 666//688 614//661 641//689
f 590//660 642//659 667//690
f 614//661 666//688 642//659
f 615//632 590//660 667//690
f 667//690 638//655 615//632
f 634//651 643//663 593//609
f 643//663 668//691 616//633
f 616//633 669//692 617//634
f 617//634 670//693 618//635
f 595//611 645//665 644//664
f 644//118 671//118 619//118
f 596//612 672//694 645//665
f 670//693 646//666 618//635
f 646//666 672//694 596//612
f 673//695 647//695 620//695
f 597//613 647//667 648//668
f 621//637 648//668 674//696
f 622//638 621//637 675//697
f 623//639 622//638 676//698
f 624//640 623//639 677//699
f 627//643 624//640 678//700
f 649//669 625//641 599//615
f 679//701 626//642 625//641
f 650//670 600//616 626//642
f 649//669 627//643 680//702
f 651//671 601//617 650//670
f 652//672 602//618 651//671
f 653//673 603//619 652//672
f 681//703 628//644 653//673
f 604//620 654//674 629//645
f 628//644 681//703 654//674
f 629//645 682//704 630//646
f 655//675 630//646 683//705
f 607//676 655//675 656//677
f 631//678 656//677 684//706
f 684//706 657//707 631//678
f 608//625 657//679 658//680
f 632//649 658//680 685//708
f 632//649 686//709 659//681
f 250//246 659//681 687//710
f 635//652 688//711 633//650
f 633//650 689//712 634//651
f 636//653 690//713 635//652
f 611//628 660//682 636//653
f 637//654 661//683 660//682
f 612//629 662//684 661//683
f 638//655 691//714 662//684
f 250//246 692//715 663//685
f 639//656 663//685 693//716
f 639//656 693//716 664//686
f 613//630 664//686 665//687
f 640//657 665//687 641//658
f 641//689 694//717 666//688
f 695//718 667//690 642//659
f 666//688 695//718 642//659
f 638//655 667//690 696//719
f 689//712 643//663 634//651
f 697//720 668//691 643//663
f 668//691 669//692 616//633
f 669//692 670//693 617//634
f 644//664 645//665 672//694
f 672//118 671//118 644//118
f 670//693 698//721 646//666
f 699//722 672//694 646//666
f 700//695 647//695 673//695
f 673//695 620//695 701//695
f 648//668 647//667 702//723
f 648//668 702//723 674//696
f 621//637 674//696 675//697
f 622//638 675//697 676//698
f 623//639 676//698 677//699
f 624//640 677//699 678//700
f 627//643 678//700 680//702
f 625//641 649//669 679//701
f 626//642 679//701 650//670
f 649//669 680//702 703//724
f 650//670 704//725 651//671
f 651//671 705//726 652//672
f 652//672 706//727 653//673
f 653//673 707//728 681//703
f 682//704 629//645 654//674
f 708//729 654//674 681//703
f 682//704 683//705 630//646
f 683//705 656//677 655//675
f 709//730 684//706 656//677
f 657//707 684//706 710//731
f 658//680 657//679 685//708
f 632//649 685//708 686//709
f 659//681 686//709 711//732
f 687//710 659//681 711//732
f 250//246 687//710 712//733
f 688//711 635//652 690//713
f 689//712 633//650 688//711
f 690//713 636//653 660//682
f 713//734 660//682 661//683
f 662//684 713//734 661//683
f 691//714 638//655 696//719
f 714//735 662//684 691//714
f 250//246 715//736 692//715
f 663//685 692//715 716//737
f 663//685 717//738 693//716
f 693//739 718//740 664//741
f 718//740 665//742 664//741
f 694//717 641//689 665//742
f 719//743 666//688 694//717
f 667//690 695//718 696//719
f 695//718 666//688 720//744
f 689//712 697//720 643//663
f 697//720 721//745 668//691
f 668//691 722//746 669//692
f 669//692 723//747 670//693
f 671//118 672//118 724//118
f 723//747 698//721 670//693
f 725//748 646//666 698//721
f 672//694 699//722 726//749
f 725//748 699//722 646//666
f 700//695 702//695 647//695
f 674//696 702//723 727//750
f 675//697 674//696 728//751
f 676//698 675//697 729//752
f 677//699 676//698 730//753
f 678//700 677//699 731//754
f 680//702 678//700 732//755
f 703//724 679//701 649//669
f 704//725 650//670 679//701
f 703//724 680//702 733//756
f 705//726 651//671 704//725
f 706//727 652//672 705//726
f 707//728 653//673 706//727
f 707//728 708//729 681//703
f 654//674 708//729 682//704
f 683//705 682//704 734//757
f 656//677 683//705 709//730
f 684//706 709//730 735//758
f 735//758 710//731 684//706
f 710//731 685//759 657//707
f 736//760 686//761 685//759
f 737//762 711//763 686//761
f 687//710 711//732 738//764
f 712//733 687//710 739//765
f 250//246 712//733 715//736
f 690//713 740//766 688//711
f 688//711 741//767 689//712
f 660//682 713//734 690//713
f 713//734 662//684 742//768
f 695//718 691//714 696//719
f 662//684 714//735 742//768
f 691//714 743//769 714//735
f 692//715 715//736 744//770
f 716//737 692//715 745//771
f 663//685 716//737 717//738
f 746//772 693//739 717//773
f 718//740 693//739 747//774
f 665//742 718//740 694//717
f 666//688 719//743 720//744
f 694//717 748//775 719//743
f 749//776 695//718 720//744
f 741//767 697//720 689//712
f 697//720 750//777 721//745
f 721//745 722//746 668//691
f 722//746 723//747 669//692
f 723//747 751//778 698//721
f 751//778 725//748 698//721
f 699//722 725//748 726//749
f 752//695 702//695 700//695
f 752//695 727//695 702//695
f 674//696 727//750 728//751
f 675//697 728//751 729//752
f 676//698 729//752 730//753
f 677//699 730//753 731//754
f 678//700 731//754 732//755
f 680//702 732//755 733//756
f 679//701 703//724 704//725
f 703//724 733//756 753//779
f 704//725 753//779 705//726
f 753//779 706//727 705//726
f 706//727 754//780 707//728
f 708//729 707//728 755//781
f 708//729 734//757 682//704
f 734//757 709//730 683//705
f 756//782 735//758 709//730
f 710//731 735//758 757//783
f 685//759 710//731 736//760
f 686//761 736//760 737//762
f 711//763 737//762 758//784
f 758//784 738//785 711//763
f 687//710 738//764 739//765
f 712//733 739//765 759//786
f 712//733 760//787 715//736
f 740//766 690//713 713//734
f 741//767 688//711 740//766
f 742//768 740//766 713//734
f 691//714 695//718 761//788
f 762//789 742//768 714//735
f 743//769 691//714 761//788
f 763//790 714//735 743//769
f 715//736 760//787 744//770
f 692//715 744//770 745//771
f 716//737 745//771 717//738
f 693//739 746//772 747//774
f 717//773 764//791 746//772
f 765//792 718//740 747//774
f 748//775 694//717 718//740
f 766//793 720//744 719//743
f 767//794 719//743 748//775
f 695//718 749//776 761//788
f 720//744 766//793 749//776
f 741//767 750//777 697//720
f 750//777 768//795 721//745
f 721//745 769//796 722//746
f 722//746 770//797 723//747
f 770//797 751//778 723//747
f 751//778 771//798 725//748
f 725//748 772//799 726//749
f 773//695 727//695 752//695
f 728//751 727//750 774//800
f 729//752 728//751 775//801
f 730//753 729//752 776//802
f 731//754 730//753 777//803
f 732//755 731//754 778//804
f 733//756 732//755 779//805
f 753//779 704//725 703//724
f 753//779 733//756 780//806
f 706//727 753//779 781//807
f 706//727 781//807 754//780
f 707//728 754//780 782//808
f 707//728 782//808 755//781
f 755//781 783//809 708//729
f 734//757 708//729 783//809
f 709//730 734//757 756//782
f 735//758 756//782 784//810
f 784//810 757//783 735//758
f 757//783 736//760 710//731
f 785//811 737//762 736//760
f 786//812 758//784 737//762
f 738//785 758//784 787//813
f 739//765 738//764 759//786
f 712//733 759//786 760//787
f 740//766 788//814 741//767
f 740//766 742//768 788//814
f 742//768 762//789 788//814
f 714//735 763//790 762//789
f 761//788 789//815 743//769
f 743//769 790//816 763//790
f 791//817 744//818 760//819
f 792//820 745//821 744//818
f 764//791 717//773 745//821
f 793//822 747//774 746//772
f 794//823 746//772 764//791
f 718//740 765//792 748//775
f 747//774 793//822 765//792
f 719//743 767//794 766//793
f 748//775 795//824 767//794
f 789//815 761//788 749//776
f 766//793 789//815 749//776
f 741//767 796//825 750//777
f 797//826 768//795 750//777
f 721//745 768//795 769//796
f 769//796 770//797 722//746
f 770//797 798//827 751//778
f 798//827 771//798 751//778
f 771//798 772//799 725//748
f 772//695 799//695 726//695
f 773//695 774//695 727//695
f 728//751 774//800 775//801
f 729//752 775//801 776//802
f 730//753 776//802 777//803
f 731//754 777//803 778//804
f 732//755 778//804 779//805
f 733//756 779//805 780//806
f 753//779 780//806 781//807
f 781//807 800//828 754//780
f 754//780 801//829 782//808
f 755//781 782//808 802//830
f 783//809 755//781 803//831
f 783//809 756//782 734//757
f 804//832 784//810 756//782
f 757//783 784//810 805//833
f 736//760 757//783 785//811
f 737//762 785//811 786//812
f 758//784 786//812 806//834
f 806//834 787//813 758//784
f 787//813 759//835 738//785
f 759//835 791//817 760//819
f 788//814 796//825 741//767
f 762//789 796//825 788//814
f 763//790 807//836 762//789
f 790//816 743//769 789//815
f 790//816 808//837 763//790
f 744//818 791//817 792//820
f 745//821 792//820 764//791
f 746//772 794//823 793//822
f 792//820 794//823 764//791
f 795//824 748//775 765//792
f 793//822 795//824 765//792
f 809//838 766//793 767//794
f 810//839 767//794 795//824
f 789//815 766//793 811//840
f 796//825 797//826 750//777
f 797//826 812//841 768//795
f 768//795 813//842 769//796
f 769//796 814//843 770//797
f 814//843 798//827 770//797
f 798//827 815//844 771//798
f 771//798 816//845 772//799
f 772//695 817//695 799//695
f 726//695 799//695 818//695
f 819//695 774//695 773//695
f 775//801 774//800 820//846
f 776//802 775//801 821//847
f 777//803 776//802 822//848
f 778//804 777//803 823//849
f 779//805 778//804 824//850
f 780//806 779//805 825//851
f 781//807 780//806 800//828
f 754//780 800//828 801//829
f 782//808 801//829 826//852
f 782//808 826//852 802//830
f 755//781 802//830 803//831
f 803//831 804//832 783//809
f 756//782 783//809 804//832
f 784//810 804//832 827//853
f 827//853 805//833 784//810
f 805//833 785//811 757//783
f 828//854 786//812 785//811
f 829//855 806//834 786//812
f 787//813 806//834 830//856
f 759//835 787//813 831//857
f 791//817 759//835 831//857
f 762//789 807//836 796//825
f 763//790 808//837 807//836
f 811//840 790//816 789//815
f 790//816 832//858 808//837
f 833//859 792//820 791//817
f 834//860 793//822 794//823
f 794//823 792//820 835//861
f 795//824 793//822 836//862
f 766//793 809//838 811//840
f 767//794 810//839 809//838
f 836//862 810//839 795//824
f 807//836 797//826 796//825
f 837//863 812//841 797//826
f 812//841 813//842 768//795
f 769//796 813//842 814//843
f 814//843 838//864 798//827
f 838//864 815//844 798//827
f 815//844 816//845 771//798
f 816//695 817//695 772//695
f 819//695 820//695 774//695
f 775//801 820//846 821//847
f 776//802 821//847 822//848
f 777//803 822//848 823//849
f 778//804 823//849 824//850
f 779//805 824//850 825//851
f 780//806 825//851 800//828
f 800//828 839//865 801//829
f 801//829 840//866 826//852
f 802//830 826//852 841//867
f 803//831 802//830 842//868
f 804//832 803//831 843//869
f 843//869 827//853 804//832
f 805//833 827//853 844//870
f 785//811 805//833 828//854
f 786//812 828//854 829//855
f 806//834 829//855 845//871
f 845//871 830//856 806//834
f 830//856 831//857 787//813
f 831//857 833//859 791//817
f 808//837 837//863 807//836
f 790//816 811//840 846//872
f 790//816 846//872 832//858
f 832//858 847//873 808//837
f 792//820 833//859 835//861
f 793//822 834//860 836//862
f 835//861 834//860 794//823
f 848//874 811//840 809//838
f 849//875 809//838 810//839
f 810//839 836//862 850//876
f 807//836 837//863 797//826
f 837//863 851//877 812//841
f 812//841 852//878 813//842
f 813//842 853//879 814//843
f 853//879 838//864 814//843
f 838//864 854//880 815//844
f 815//844 855//881 816//845
f 816//695 856//695 817//695
f 820//695 819//695 857//695
f 821//847 820//846 858//882
f 822//848 821//847 859//883
f 823//849 822//848 860//884
f 824//850 823//849 861//885
f 825//851 824//850 862//886
f 800//828 825//851 839//865
f 801//829 839//865 840//866
f 826//852 840//866 863//887
f 826//852 863//887 841//867
f 802//830 841//867 842//868
f 803//831 842//868 843//869
f 827//853 843//869 864//888
f 864//888 844//870 827//853
f 844//870 828//854 805//833
f 865//889 829//855 828//854
f 866//890 845//871 829//855
f 830//856 845//871 867//891
f 831//857 830//856 868//892
f 833//859 831//857 868//892
f 808//837 847//873 837//863
f 811//840 848//874 846//872
f 846//872 869//893 832//858
f 832//858 870//894 847//873
f 871//895 835//861 833//859
f 872//896 836//862 834//860
f 834//860 835//861 873//897
f 809//838 849//875 848//874
f 810//839 874//898 849//875
f 836//862 872//896 850//876
f 874//898 810//839 850//876
f 837//863 847//873 851//877
f 851//877 852//878 812//841
f 852//878 853//879 813//842
f 853//879 875//899 838//864
f 875//899 854//880 838//864
f 854//880 855//881 815//844
f 855//695 856//695 816//695
f 876//695 820//695 857//695
f 820//695 876//695 858//695
f 821//847 858//882 859//883
f 822//848 859//883 860//884
f 823//849 860//884 861//885
f 824//850 861//885 862//886
f 825//851 862//886 839//865
f 839//865 877//900 840//866
f 840//866 878//901 863//887
f 841//867 863//887 879//902
f 842//868 841//867 880//903
f 843//869 842//868 881//904
f 843//869 881//904 864//888
f 844//870 864//888 882//905
f 828//854 844//870 865//889
f 829//855 865//889 866//890
f 845//871 866//890 883//906
f 883//906 867//891 845//871
f 867//891 868//892 830//856
f 884//907 833//859 868//892
f 848//874 869//893 846//872
f 869//893 870//894 832//858
f 870//894 885//908 847//873
f 835//861 871//895 873//897
f 833//859 884//907 871//895
f 834//860 886//909 872//896
f 886//909 834//860 873//897
f 887//910 848//874 849//875
f 888//911 849//875 874//898
f 889//912 850//876 872//896
f 850//876 889//912 874//898
f 847//873 885//908 851//877
f 851//877 890//913 852//878
f 852//878 891//914 853//879
f 891//914 875//899 853//879
f 875//899 892//915 854//880
f 854//880 893//916 855//881
f 855//695 894//695 856//695
f 876//695 857//695 895//695
f 859//883 858//882 876//917
f 860//884 859//883 896//918
f 861//885 860//884 897//919
f 862//886 861//885 898//920
f 839//865 862//886 877//900
f 840//866 877//900 878//901
f 863//887 878//901 899//921
f 863//887 899//921 879//902
f 841//867 879//902 880//903
f 842//868 880//903 881//904
f 864//888 881//904 900//922
f 864//888 900//922 882//905
f 882//905 865//889 844//870
f 901//923 866//890 865//889
f 902//924 883//906 866//890
f 867//891 883//906 903//925
f 868//892 867//891 884//907
f 848//874 904//926 869//893
f 869//893 905//927 870//894
f 870//894 906//928 885//908
f 907//929 873//897 871//895
f 908//930 871//895 884//907
f 886//909 889//912 872//896
f 873//897 907//929 886//909
f 848//874 887//910 904//926
f 849//875 888//911 887//910
f 874//898 909//931 888//911
f 909//931 874//898 889//912
f 885//908 890//913 851//877
f 890//913 891//914 852//878
f 891//914 910//932 875//899
f 910//932 892//915 875//899
f 892//915 893//916 854//880
f 893//695 894//695 855//695
f 876//695 895//695 911//695
f 859//883 876//917 896//918
f 860//884 896//918 897//919
f 861//885 897//919 898//920
f 862//886 898//920 877//900
f 877//900 912//933 878//901
f 878//901 913//934 899//921
f 879//902 899//921 914//935
f 880//903 879//902 915//936
f 881//904 880//903 916//937
f 881//904 916//937 900//922
f 882//905 900//922 917//938
f 865//889 882//905 901//923
f 866//890 901//923 902//924
f 883//906 902//924 918//939
f 918//939 903//925 883//906
f 903//925 884//907 867//891
f 869//893 904//926 905//927
f 905//927 906//928 870//894
f 885//908 906//928 919//940
f 871//895 908//930 907//929
f 884//907 903//925 908//930
f 889//912 886//909 920//941
f 921//942 886//909 907//929
f 887//910 922//943 904//926
f 888//911 923//944 887//910
f 909//931 924//945 888//911
f 889//912 925//946 909//931
f 885//908 919//940 890//913
f 890//913 926//947 891//914
f 926//947 910//932 891//914
f 910//932 927//948 892//915
f 892//915 928//949 893//916
f 893//695 929//695 894//695
f 911//695 895//695 930//695
f 896//918 876//917 911//950
f 897//919 896//918 931//951
f 898//920 897//919 932//952
f 877//900 898//920 912//933
f 878//901 912//933 913//934
f 899//921 913//934 933//953
f 899//921 933//953 914//935
f 879//902 914//935 915//936
f 880//903 915//936 916//937
f 900//922 916//937 934//954
f 900//922 934//954 917//938
f 882//905 917//938 901//923
f 917//938 902//924 901//923
f 935//955 918//939 902//924
f 903//925 918//939 936//956
f 904//926 922//943 905//927
f 905//927 937//957 906//928
f 906//928 938//958 919//940
f 908//930 921//942 907//929
f 936//956 908//930 903//925
f 886//909 921//942 920//941
f 925//946 889//912 920//941
f 887//910 923//944 922//943
f 888//911 924//945 923//944
f 909//931 939//959 924//945
f 925//946 939//959 909//931
f 919//940 926//947 890//913
f 926//947 940//960 910//932
f 940//960 927//948 910//932
f 927//948 928//949 892//915
f 928//695 929//695 893//695
f 911//695 930//695 941//695
f 896//918 911//950 931//951
f 897//919 931//951 932//952
f 898//920 932//952 912//933
f 912//933 942//961 913//934
f 913//934 943//962 933//953
f 914//935 933//953 944//963
f 915//936 914//935 945//964
f 916//937 915//936 946//965
f 916//937 946//965 934//954
f 917//938 934//954 947//966
f 902//924 917//938 935//955
f 918//939 935//955 948//967
f 948//967 936//956 918//939
f 905//927 922//943 937//957
f 937//957 938//958 906//928
f 938//958 949//968 919//940
f 921//942 908//930 950//969
f 908//930 936//956 950//969
f 951//970 920//941 921//942
f 920//941 951//970 925//946
f 923//944 952//971 922//943
f 924//945 953//972 923//944
f 939//959 954//973 924//945
f 925//946 955//974 939//959
f 919//940 949//968 926//947
f 949//968 940//960 926//947
f 940//960 956//975 927//948
f 927//948 957//976 928//949
f 928//695 958//695 929//695
f 941//695 930//695 959//695
f 931//951 911//950 941//977
f 932//952 931//951 960//978
f 912//933 932//952 942//961
f 913//934 942//961 943//962
f 933//953 943//962 961//979
f 933//953 961//979 944//963
f 914//935 944//963 945//964
f 915//936 945//964 946//965
f 934//954 946//965 962//980
f 934//954 962//980 947//966
f 917//938 947//966 935//955
f 935//955 963//981 948//967
f 936//956 948//967 964//982
f 922//943 952//971 937//957
f 937//957 965//983 938//958
f 938//958 966//984 949//968
f 967//985 921//942 950//969
f 964//982 950//969 936//956
f 921//942 967//985 951//970
f 951//970 955//974 925//946
f 923//944 953//972 952//971
f 924//945 954//973 953//972
f 939//959 968//986 954//973
f 955//974 968//986 939//959
f 949//968 969//987 940//960
f 969//987 956//975 940//960
f 956//975 957//976 927//948
f 957//695 958//695 928//695
f 941//695 959//695 970//695
f 931//951 941//977 960//978
f 932//952 960//978 942//961
f 942//961 971//988 943//962
f 943//962 972//989 961//979
f 944//963 961//979 973//990
f 945//964 944//963 974//991
f 946//965 945//964 975//992
f 946//965 975//992 962//980
f 947//966 962//980 976//993
f 935//955 947//966 963//981
f 948//967 963//981 977//994
f 948//967 977//994 964//982
f 952//971 965//983 937//957
f 938//958 965//983 966//984
f 966//984 969//987 949//968
f 950//969 964//982 967//985
f 978//995 951//970 967//985
f 955//974 951//970 979//996
f 952//971 953//972 980//997
f 954//973 981//998 953//972
f 968//986 982//999 954//973
f 955//974 983//1000 968//986
f 969//987 984//1001 956//975
f 956//975 985//1002 957//976
f 957//695 986//695 958//695
f 970//695 959//695 987//695
f 960//978 941//977 970//1003
f 942//961 960//978 971//988
f 943//962 971//988 972//989
f 961//979 972//989 988//1004
f 961//979 988//1004 973//990
f 944//963 973//990 974//991
f 945//964 974//991 975//992
f 962//980 975//992 989//1005
f 962//980 989//1005 976//993
f 947//966 976//993 963//981
f 963//981 990//1006 977//994
f 964//982 977//994 978//995
f 952//971 980//997 965//983
f 965//983 991//1007 966//984
f 966//984 992//1008 969//987
f 964//982 978//995 967//985
f 951//970 978//995 979//996
f 955//974 979//996 983//1000
f 953//972 981//998 980//997
f 954//973 982//999 981//998
f 968//986 993//1009 982//999
f 983//1000 993//1009 968//986
f 992//1008 984//1001 969//987
f 984//1001 985//1002 956//975
f 985//695 986//695 957//695
f 970//695 987//695 994//695
f 960//978 970//1003 971//988
f 971//988 994//1010 972//989
f 972//989 995//1011 988//1004
f 973//990 988//1004 996//1012
f 974//991 973//990 997//1013
f 975//992 974//991 998//1014
f 975//992 998//1014 989//1005
f 976//993 989//1005 999//1015
f 963//981 976//993 990//1006
f 977//994 990//1006 1000//1016
f 977//994 1000//1016 978//995
f 980//997 991//1007 965//983
f 991//1007 992//1008 966//984
f 978//995 1001//1017 979//996
f 979//996 1001//1017 983//1000
f 981//998 1002//1018 980//997
f 982//999 1003//1019 981//998
f 993//1009 1004//1020 982//999
f 983//1000 1005//1021 993//1009
f 992//1008 1006//1022 984//1001
f 984//1001 1007//1023 985//1002
f 985//695 1008//695 986//695
f 994//695 987//695 1009//695
f 971//988 970//1003 994//1010
f 972//989 994//1010 995//1011
f 988//1004 995//1011 1010//1024
f 988//1004 1010//1024 996//1012
f 973//990 996//1012 997//1013
f 974//991 997//1013 998//1014
f 989//1005 998//1014 1011//1025
f 989//1005 1011//1025 999//1015
f 976//993 999//1015 990//1006
f 990//1006 1012//1026 1000//1016
f 978//995 1000//1016 1001//1017
f 980//997 1002//1018 991//1007
f 991//1007 1013//1027 992//1008
f 983//1000 1001//1017 1005//1021
f 981//998 1003//1019 1002//1018
f 982//999 1004//1020 1003//1019
f 993//1009 1014//1028 1004//1020
f 1005//1021 1014//1028 993//1009
f 1013//1027 1006//1022 992//1008
f 1006//1022 1007//1023 984//1001
f 1007//695 1008//695 985//695
f 994//695 1009//695 995//695
f 995//695 1015//695 1010//695
f 996//1012 1010//1024 1016//1029
f 997//1013 996//1012 1017//1030
f 998//1014 997//1013 1018//1031
f 998//1014 1018//1031 1011//1025
f 999//1015 1011//1025 1019//1032
f 990//1006 999//1015 1012//1026
f 1000//1016 1012//1026 1020//1033
f 1000//1016 1020//1033 1001//1017
f 1002//1018 1013//1027 991//1007
f 1001//1017 1020//1033 1005//1021
f 1003//1019 1021//1034 1002//1018
f 1004//1020 1022//1035 1003//1019
f 1014//1028 1023//1036 1004//1020
f 1005//1021 1024//1037 1014//1028
f 1013//1027 1025//1038 1006//1022
f 1006//1022 1026//1039 1007//1023
f 1007//695 1027//695 1008//695
f 995//695 1009//695 1015//695
f 1010//695 1015//695 1028//695
f 1010//695 1028//695 1016//695
f 996//1012 1016//1029 1017//1030
f 997//1013 1017//1030 1018//1031
f 1011//1025 1018//1031 1029//1040
f 1011//1025 1029//1040 1019//1032
f 999//1015 1019//1032 1012//1026
f 1012//1026 1030//1041 1020//1033
f 1002//1018 1021//1034 1013//1027
f 1005//1021 1020//1033 1024//1037
f 1003//1019 1022//1035 1021//1034
f 1004//1020 1023//1036 1022//1035
f 1014//1028 1031//1042 1023//1036
f 1014//1028 1024//1037 1031//1042
f 1021//1034 1025//1038 1013//1027
f 1025//1038 1026//1039 1006//1022
f 1026//695 1027//695 1007//695
f 1016//695 1028//695 1032//695
f 1017//1030 1016//1029 1033//1043
f 1017//1030 1029//1040 1018//1031
f 1029//1040 1030//1041 1019//1032
f 1012//1026 1019//1032 1030//1041
f 1030//1041 1024//1037 1020//1033
f 1022//1035 1034//1044 1021//1034
f 1023//1036 1035//1045 1022//1035
f 1031//1042 1036//1046 1023//1036
f 1024//1037 1037//1047 1031//1042
f 1021//1034 1034//1044 1025//1038
f 1025//1038 1038//1048 1026//1039
f 1026//695 1039//695 1027//695
f 1016//695 1032//695 1033//695
f 1017//1030 1033//1043 1040//1049
f 1029//1040 1017//1030 1040//1049
f 1030//1041 1029//1040 1041//1050
f 1024//1037 1030//1041 1037//1047
f 1022//1035 1035//1045 1034//1044
f 1023//1036 1036//1046 1035//1045
f 1031//1042 1042//1051 1036//1046
f 1043//1052 1031//1042 1037//1047
f 1034//1044 1038//1048 1025//1038
f 1038//695 1039//695 1026//695
f 1033//695 1032//695 1044//695
f 1033//1043 1045//1053 1040//1049
f 1045//1053 1029//1040 1040//1049
f 1029//1040 1045//1053 1041//1050
f 1030//1041 1041//1050 1037//1047
f 1035//1045 1046//1054 1034//1044
f 1036//1046 1047//1055 1035//1045
f 1031//1042 1043//1052 1042//1051
f 1042//1051 1048//1056 1036//1046
f 1037//1047 1045//1053 1043//1052
f 1034//1044 1046//1054 1038//1048
f 1038//695 1049//695 1039//695
f 1033//695 1044//695 1050//695
f 1045//1053 1033//1043 1050//1057
f 1045//1053 1037//1047 1041//1050
f 1035//1045 1047//1055 1046//1054
f 1036//1046 1048//1056 1047//1055
f 1043//1052 1051//1058 1042//1051
f 1042//1051 1051//1058 1048//1056
f 1050//1057 1043//1052 1045//1053
f 1046//695 1049//695 1038//695
f 1050//695 1044//695 1052//695
f 1047//695 1053//695 1046//695
f 1048//695 1054//695 1047//695
f 1043//1052 1055//1059 1051//1058
f 1051//695 1056//695 1048//695
f 1043//1052 1050//1057 1055//1059
f 1046//695 1053//695 1049//695
f 1050//695 1052//695 1055//695
f 1047//695 1054//695 1053//695
f 1048//695 1056//695 1054//695
f 1055//695 1057//695 1051//695
f 1051//695 1057//695 1056//695
f 1055//695 1052//695 1057//695
usemtl material_1_0
f 3//1060 2//1061 1//1062
f 2//1061 4//1063 1//1062
f 3//1060 5//1064 2//1061
f 3//1060 1//1062 6//1065
f 4//1063 7//1066 1//1062
f 2//1061 8//1067 4//1063
f 5//1064 9//1068 2//1061
f 10//1069 5//1064 3//1060
f 1//1062 11//1070 6//1065
f 12//1071 3//1060 6//1065
f 1//1062 7//1066 11//1070
f 4//1063 13//1072 7//1066
f 8//1067 14//1073 4//1063
f 9//1068 8//1067 2//1061
f 5//1064 15//1074 9//1068
f 10//1069 16//1075 5//1064
f 12//1071 10//1069 3//1060
f 17//1076 6//1065 11//1070
f 18//1077 12//1071 6//1065
f 11//1070 7//1066 19//1078
f 7//1066 13//1072 20//1079
f 14//1073 13//1072 4//1063
f 8//1067 21//1080 14//1073
f 9//1068 22//1081 8//1067
f 15//1074 23//1082 9//1068
f 16//1075 15//1074 5//1064
f 24//1083 16//1075 10//1069
f 25//1084 10//1069 12//1071
f 17//1076 26//1085 6//1065
f 17//1076 11//1070 27//1086
f 28//1087 12//1071 18//1077
f 18//1077 6//1065 26//1085
f 20//1079 19//1078 7//1066
f 19//1078 27//1086 11//1070
f 29//1088 20//1079 13//1072
f 14//1073 30//1089 13//1072
f 21//1080 31//1090 14//1073
f 22//1081 21//1080 8//1067
f 23//1082 22//1081 9//1068
f 23//1082 15//1074 32//1091
f 15//1074 16//1075 33//1092
f 24//1083 34//1093 16//1075
f 25//1084 24//1083 10//1069
f 25//1084 12//1071 28//1087
f 26//1085 17//1076 35//1094
f 27//1086 35//1094 17//1076
f 36//1095 28//1087 18//1077
f 36//1095 18//1077 26//1085
f 19//1078 20//1079 37//1096
f 27//1086 19//1078 38//1097
f 20//1079 29//1088 39//1098
f 13//1072 30//1089 29//1088
f 31//1090 30//1089 14//1073
f 21//1080 40//1099 31//1090
f 22//1081 41//1100 21//1080
f 23//1082 42//1101 22//1081
f 33//1092 32//1091 15//1074
f 32//1091 42//1101 23//1082
f 43//1102 33//1092 16//1075
f 34//1093 43//1102 16//1075
f 44//1103 34//1093 24//1083
f 45//1104 24//1083 25//1084
f 46//1105 25//1084 28//1087
f 35//1094 47//1106 26//1085
f 27//1086 38//1097 35//1094
f 48//1107 28//1087 36//1095
f 49//1108 36//1095 26//1085
f 39//1098 37//1096 20//1079
f 37//1096 38//1097 19//1078
f 50//1109 39//1098 29//1088
f 51//1110 29//1088 30//1089
f 31//1090 52//1111 30//1089
f 40//1099 53//1112 31//1090
f 41//1100 40//1099 21//1080
f 42//1101 41//1100 22//1081
f 32//1091 33//1092 54//1113
f 32//1091 55//1114 42//1101
f 33//1092 43//1102 56//1115
f 43//1102 34//1093 57//1116
f 44//1103 58//1117 34//1093
f 45//1104 44//1103 24//1083
f 46//1105 45//1104 25//1084
f 48//1107 46//1105 28//1087
f 49//1108 26//1085 47//1106
f 47//1106 35//1094 59//1118
f 60//1119 35//1094 38//1097
f 48//1107 36//1095 61//1120
f 61//1120 36//1095 49//1108
f 37//1096 39//1098 62//1121
f 38//1097 37//1096 63//1122
f 39//1098 50//1109 64//1123
f 29//1088 51//1110 50//1109
f 51//1110 30//1089 65//1124
f 52//1111 65//1124 30//1089
f 53//1112 52//1111 31//1090
f 40//1099 66//1125 53//1112
f 41//1100 67//1126 40//1099
f 42//1101 68//1127 41//1100
f 56//1115 54//1113 33//1092
f 32//1091 54//1113 55//1114
f 55//1114 68//1127 42//1101
f 57//1116 56//1115 43//1102
f 69//1128 57//1116 34//1093
f 58//1117 69//1128 34//1093
f 70//1129 58//1117 44//1103
f 71//1130 44//1103 45//1104
f 72//1131 45//1104 46//1105
f 73//1132 46//1105 48//1107
f 47//1106 74//1133 49//1108
f 60//1119 59//1118 35//1094
f 59//1118 75//1134 47//1106
f 60//1119 38//1097 76//1135
f 77//1136 48//1107 61//1120
f 78//1137 61//1120 49//1108
f 64//1123 62//1121 39//1098
f 62//1121 63//1122 37//1096
f 63//1122 76//1135 38//1097
f 79//1138 64//1123 50//1109
f 80//1139 50//1109 51//1110
f 51//1110 65//1124 80//1139
f 52//1111 81//1140 65//1124
f 53//1112 82//1141 52//1111
f 66//1125 83//1142 53//1112
f 67//1126 66//1125 40//1099
f 68//1127 67//1126 41//1100
f 54//1113 56//1115 84//1143
f 85//1144 55//1114 54//1113
f 55//1114 86//1145 68//1127
f 56//1115 57//1116 87//1146
f 69//1128 88//1147 57//1116
f 58//1117 89//1148 69//1128
f 70//1129 90//1149 58//1117
f 70//1129 44//1103 71//1130
f 72//1131 71//1130 45//1104
f 73//1132 72//1131 46//1105
f 77//1136 73//1132 48//1107
f 78//1137 49//1108 74//1133
f 74//1133 47//1106 75//1134
f 59//1118 60//1119 91//1150
f 75//1134 59//1118 92//1151
f 76//1135 91//1150 60//1119
f 93//1152 77//1136 61//1120
f 93//1152 61//1120 78//1137
f 62//1121 64//1123 94//1153
f 62//1121 94//1153 63//1122
f 76//1135 63//1122 95//1154
f 64//1123 79//1138 96//1155
f 50//1109 80//1139 79//1138
f 97//1156 80//1139 65//1124
f 65//1124 81//1140 97//1156
f 82//1141 81//1140 52//1111
f 83//1142 82//1141 53//1112
f 66//1125 98//1157 83//1142
f 67//1126 99//1158 66//1125
f 68//1127 100//1159 67//1126
f 87//1146 84//1143 56//1115
f 84//1143 85//1144 54//1113
f 85//1144 86//1145 55//1114
f 86//1145 100//1159 68//1127
f 101//1160 87//1146 57//1116
f 88//1147 101//1160 57//1116
f 89//1148 88//1147 69//1128
f 90//1149 89//1148 58//1117
f 102//1161 90//1149 70//1129
f 103//1162 70//1129 71//1130
f 104//1163 71//1130 72//1131
f 105//1164 72//1131 73//1132
f 106//1165 73//1132 77//1136
f 78//1137 74//1133 107//1166
f 75//1134 108//1167 74//1133
f 91//1150 92//1151 59//1118
f 75//1134 92//1151 108//1167
f 91//1150 76//1135 109//1168
f 110//1169 77//1136 93//1152
f 93//1152 78//1137 107//1166
f 96//1155 94//1153 64//1123
f 111//1170 63//1122 94//1153
f 111//1170 95//1154 63//1122
f 95//1154 109//1168 76//1135
f 112//1171 96//1155 79//1138
f 113//1172 79//1138 80//1139
f 80//1139 97//1156 113//1172
f 114//1173 97//1156 81//1140
f 82//1141 115//1174 81//1140
f 83//1142 116//1175 82//1141
f 98//1157 117//1176 83//1142
f 99//1158 98//1157 66//1125
f 100//1159 99//1158 67//1126
f 84//1177 87//1177 118//1177
f 119//1178 85//1144 84//1143
f 85//1144 120//1179 86//1145
f 86//1145 121//1180 100//1159
f 87//1177 101//1177 122//1177
f 101//1177 88//1177 123//1177
f 88//1177 89//1177 124//1177
f 89//1177 90//1177 125//1177
f 90//1177 102//1177 126//1177
f 103//1162 102//1161 70//1129
f 104//1163 103//1162 71//1130
f 105//1164 104//1163 72//1131
f 106//1165 105//1164 73//1132
f 110//1169 106//1165 77//1136
f 127//1181 107//1166 74//1133
f 127//1181 74//1133 108//1167
f 92//1151 91//1150 128//1182
f 129//1183 108//1167 92//1151
f 109//1168 128//1182 91//1150
f 130//1184 110//1169 93//1152
f 130//1184 93//1152 107//1166
f 94//1153 96//1155 131//1185
f 94//1153 131//1185 111//1170
f 95//1154 111//1170 132//1186
f 95//1154 132//1186 109//1168
f 96//1155 112//1171 133//1187
f 79//1138 113//1172 112//1171
f 134//1188 113//1172 97//1156
f 97//1156 114//1173 134//1188
f 81//1140 115//1174 114//1173
f 116//1175 115//1174 82//1141
f 117//1176 116//1175 83//1142
f 98//1157 135//1189 117//1176
f 99//1158 136//1190 98//1157
f 100//1159 137//1191 99//1158
f 118//1177 87//1177 122//1177
f 138//1177 84//1177 118//1177
f 119//1178 120//1179 85//1144
f 119//1177 84//1177 138//1177
f 120//1179 121//1180 86//1145
f 121//1180 137//1191 100//1159
f 122//1177 101//1177 123//1177
f 123//1177 88//1177 124//1177
f 124//1177 89//1177 125//1177
f 125//1177 90//1177 126//1177
f 126//1177 102//1177 139//1177
f 140//1192 102//1161 103//1162
f 141//1193 103//1162 104//1163
f 142//1194 104//1163 105//1164
f 143//1195 105//1164 106//1165
f 144//1196 106//1165 110//1169
f 127//1181 145//1197 107//1166
f 108//1167 146//1198 127//1181
f 128//1182 147//1199 92//1151
f 129//1183 148//1200 108//1167
f 129//1183 92//1151 147//1199
f 128//1182 109//1168 149//1201
f 150//1202 110//1169 130//1184
f 151//1203 130//1184 107//1166
f 133//1187 131//1185 96//1155
f 152//1204 111//1170 131//1185
f 152//1204 132//1186 111//1170
f 153//1205 109//1168 132//1186
f 154//1206 133//1187 112//1171
f 155//1207 112//1171 113//1172
f 113//1172 134//1188 155//1207
f 156//1208 134//1188 114//1173
f 157//1209 114//1173 115//1174
f 116//1175 158//1210 115//1174
f 117//1176 159//1211 116//1175
f 135//1189 160//1212 117//1176
f 136//1190 135//1189 98//1157
f 137//1191 136//1190 99//1158
f 161//1213 120//1179 119//1178
f 162//1177 119//1177 138//1177
f 120//1179 163//1214 121//1180
f 121//1180 164//1215 137//1191
f 102//1177 140//1177 139//1177
f 141//1193 140//1192 103//1162
f 141//1193 104//1163 142//1194
f 143//1195 142//1194 105//1164
f 144//1196 143//1195 106//1165
f 150//1202 144//1196 110//1169
f 151//1203 107//1166 145//1197
f 145//1197 127//1181 146//1198
f 146//1198 108//1167 148//1200
f 128//1182 149//1201 147//1199
f 148//1200 129//1183 165//1216
f 147//1199 165//1216 129//1183
f 153//1205 149//1201 109//1168
f 150//1202 130//1184 166//1217
f 166//1217 130//1184 151//1203
f 131//1185 133//1187 167//1218
f 152//1204 131//1185 168//1219
f 152//1204 168//1219 132//1186
f 153//1205 132//1186 169//1220
f 133//1187 154//1206 170//1221
f 112//1171 155//1207 154//1206
f 171//1222 155//1207 134//1188
f 134//1188 156//1208 171//1222
f 114//1173 157//1209 156//1208
f 157//1209 115//1174 172//1223
f 158//1210 172//1223 115//1174
f 159//1211 158//1210 116//1175
f 160//1212 159//1211 117//1176
f 135//1189 173//1224 160//1212
f 136//1190 174//1225 135//1189
f 137//1191 175//1226 136//1190
f 161//1213 163//1214 120//1179
f 161//1177 119//1177 162//1177
f 163//1214 164//1215 121//1180
f 164//1215 175//1226 137//1191
f 139//1177 140//1177 176//1177
f 177//1227 140//1192 141//1193
f 178//1228 141//1193 142//1194
f 179//1229 142//1194 143//1195
f 180//1230 143//1195 144//1196
f 181//1231 144//1196 150//1202
f 182//1232 151//1203 145//1197
f 146//1198 183//1233 145//1197
f 148//1200 184//1234 146//1198
f 185//1235 147//1199 149//1201
f 165//1216 186//1236 148//1200
f 147//1199 185//1235 165//1216
f 149//1201 153//1205 187//1237
f 188//1238 150//1202 166//1217
f 166//1217 151//1203 182//1232
f 170//1221 167//1218 133//1187
f 167//1218 168//1219 131//1185
f 189//1239 132//1186 168//1219
f 189//1239 169//1220 132//1186
f 169//1220 187//1237 153//1205
f 190//1240 170//1221 154//1206
f 191//1241 154//1206 155//1207
f 155//1207 171//1222 191//1241
f 192//1242 171//1222 156//1208
f 193//1243 156//1208 157//1209
f 157//1209 172//1223 193//1243
f 172//1223 158//1210 194//1244
f 159//1211 195//1245 158//1210
f 160//1212 196//1246 159//1211
f 173//1224 197//1247 160//1212
f 174//1225 173//1224 135//1189
f 175//1226 174//1225 136//1190
f 198//1248 163//1214 161//1213
f 199//1177 161//1177 162//1177
f 163//1214 200//1249 164//1215
f 164//1215 201//1250 175//1226
f 140//1177 177//1177 176//1177
f 178//1228 177//1227 141//1193
f 179//1229 178//1228 142//1194
f 179//1229 143//1195 180//1230
f 181//1231 180//1230 144//1196
f 181//1231 150//1202 188//1238
f 202//1251 182//1232 145//1197
f 202//1251 145//1197 183//1233
f 183//1233 146//1198 184//1234
f 184//1234 148//1200 186//1236
f 185//1235 149//1201 203//1252
f 186//1236 165//1216 204//1253
f 205//1254 165//1216 185//1235
f 187//1237 203//1252 149//1201
f 206//1255 188//1238 166//1217
f 206//1255 166//1217 182//1232
f 207//1256 167//1257 170//1258
f 208//1259 168//1260 167//1257
f 209//1261 189//1262 168//1260
f 210//1263 169//1264 189//1262
f 211//1265 187//1266 169//1264
f 212//1267 170//1258 190//1268
f 154//1206 191//1241 190//1240
f 213//1269 191//1241 171//1222
f 171//1222 192//1242 213//1269
f 156//1208 193//1243 192//1242
f 214//1270 193//1243 172//1223
f 195//1245 194//1244 158//1210
f 194//1244 215//1271 172//1223
f 196//1246 195//1245 159//1211
f 197//1247 196//1246 160//1212
f 173//1224 216//1272 197//1247
f 174//1225 217//1273 173//1224
f 175//1226 218//1274 174//1225
f 198//1248 200//1249 163//1214
f 198//1177 161//1177 199//1177
f 200//1249 201//1250 164//1215
f 201//1250 218//1274 175//1226
f 176//1177 177//1177 219//1177
f 220//1275 177//1227 178//1228
f 221//1276 178//1228 179//1229
f 222//1277 179//1229 180//1230
f 223//1278 180//1230 181//1231
f 224//1279 181//1231 188//1238
f 225//1280 182//1232 202//1251
f 202//1251 183//1233 226//1281
f 184//1234 227//1282 183//1233
f 184//1234 186//1236 227//1282
f 185//1235 203//1252 205//1254
f 205//1254 204//1253 165//1216
f 186//1236 204//1253 228//1283
f 229//1284 203//1285 187//1266
f 230//1286 188//1238 206//1255
f 225//1280 206//1255 182//1232
f 207//1256 208//1259 167//1257
f 212//1267 207//1256 170//1258
f 208//1259 209//1261 168//1260
f 209//1261 210//1263 189//1262
f 210//1263 211//1265 169//1264
f 211//1265 229//1284 187//1266
f 231//1287 212//1267 190//1268
f 232//1288 190//1240 191//1241
f 191//1241 213//1269 232//1288
f 233//1289 213//1269 192//1242
f 234//1290 192//1242 193//1243
f 193//1243 214//1270 234//1290
f 214//1270 172//1223 215//1271
f 194//1244 195//1245 235//1291
f 215//1271 194//1244 236//1292
f 196//1246 237//1293 195//1245
f 197//1247 238//1294 196//1246
f 216//1272 239//1295 197//1247
f 217//1273 216//1272 173//1224
f 218//1274 217//1273 174//1225
f 240//1296 200//1249 198//1248
f 241//1177 198//1177 199//1177
f 200//1249 242//1297 201//1250
f 201//1250 243//1298 218//1274
f 177//1177 220//1177 219//1177
f 221//1276 220//1275 178//1228
f 221//1276 179//1229 222//1277
f 223//1278 222//1277 180//1230
f 224//1279 223//1278 181//1231
f 230//1286 224//1279 188//1238
f 225//1280 202//1251 226//1281
f 244//1299 226//1281 183//1233
f 244//1299 183//1233 227//1282
f 228//1283 227//1282 186//1236
f 245//1300 205//1254 203//1252
f 204//1253 205//1254 246//1301
f 247//1302 228//1283 204//1253
f 229//1284 248//1303 203//1285
f 249//1304 230//1286 206//1255
f 249//1304 206//1255 225//1280
f 207//1256 250//1305 208//1259
f 231//1287 207//1256 212//1267
f 250//1305 209//1261 208//1259
f 209//1261 250//1305 210//1263
f 250//1305 211//1265 210//1263
f 248//1303 229//1284 211//1265
f 231//1287 190//1268 232//1306
f 251//1307 232//1288 213//1269
f 213//1269 233//1289 251//1307
f 192//1242 234//1290 233//1289
f 252//1308 234//1290 214//1270
f 215//1271 253//1309 214//1270
f 237//1293 235//1291 195//1245
f 235//1291 236//1292 194//1244
f 236//1292 254//1310 215//1271
f 238//1294 237//1293 196//1246
f 239//1295 238//1294 197//1247
f 216//1272 255//1311 239//1295
f 217//1273 256//1312 216//1272
f 218//1274 257//1313 217//1273
f 240//1296 242//1297 200//1249
f 240//1177 198//1177 241//1177
f 242//1297 243//1298 201//1250
f 243//1298 257//1313 218//1274
f 219//1177 220//1177 258//1177
f 259//1314 220//1275 221//1276
f 260//1315 221//1276 222//1277
f 261//1316 222//1277 223//1278
f 262//1317 223//1278 224//1279
f 263//1318 224//1279 230//1286
f 264//1319 225//1280 226//1281
f 226//1281 244//1299 265//1320
f 227//1282 266//1321 244//1299
f 228//1283 267//1322 227//1282
f 245//1300 246//1301 205//1254
f 248//1303 245//1323 203//1285
f 246//1301 268//1324 204//1253
f 247//1302 269//1325 228//1283
f 247//1302 204//1253 268//1324
f 270//1326 230//1286 249//1304
f 264//1319 249//1304 225//1280
f 250//1305 207//1256 231//1287
f 250//1305 248//1303 211//1265
f 271//1327 231//1287 232//1306
f 271//1327 232//1306 251//1328
f 272//1329 251//1307 233//1289
f 273//1330 233//1289 234//1290
f 234//1290 252//1308 273//1330
f 252//1308 214//1270 253//1309
f 253//1309 215//1271 254//1310
f 235//1291 237//1293 274//1331
f 236//1292 235//1291 275//1332
f 254//1310 236//1292 276//1333
f 238//1294 277//1334 237//1293
f 239//1295 278//1335 238//1294
f 255//1311 279//1336 239//1295
f 256//1312 255//1311 216//1272
f 257//1313 256//1312 217//1273
f 280//1337 242//1297 240//1296
f 281//1177 240//1177 241//1177
f 242//1297 282//1338 243//1298
f 243//1298 283//1339 257//1313
f 220//1177 259//1177 258//1177
f 260//1315 259//1314 221//1276
f 261//1316 260//1315 222//1277
f 262//1317 261//1316 223//1278
f 263//1318 262//1317 224//1279
f 263//1318 230//1286 270//1326
f 264//1319 226//1281 265//1320
f 284//1340 265//1320 244//1299
f 284//1340 244//1299 266//1321
f 266//1321 227//1282 267//1322
f 267//1322 228//1283 269//1325
f 285//1341 246//1342 245//1323
f 248//1303 285//1341 245//1323
f 286//1343 268//1344 246//1342
f 269//1325 247//1302 287//1345
f 268//1324 287//1345 247//1302
f 288//1346 270//1326 249//1304
f 288//1346 249//1304 264//1319
f 250//1305 231//1287 271//1327
f 250//1305 285//1341 248//1303
f 289//1347 271//1327 251//1328
f 289//1347 251//1328 272//1348
f 233//1289 273//1330 272//1329
f 290//1349 273//1330 252//1308
f 253//1309 291//1350 252//1308
f 254//1310 292//1351 253//1309
f 277//1334 274//1331 237//1293
f 274//1331 275//1332 235//1291
f 275//1332 276//1333 236//1292
f 276//1333 293//1352 254//1310
f 278//1335 277//1334 238//1294
f 279//1336 278//1335 239//1295
f 255//1311 294//1353 279//1336
f 256//1312 295//1354 255//1311
f 257//1313 296//1355 256//1312
f 280//1337 282//1338 242//1297
f 280//1177 240//1177 281//1177
f 282//1338 283//1339 243//1298
f 283//1339 296//1355 257//1313
f 258//1177 259//1177 297//1177
f 298//1356 259//1314 260//1315
f 299//1357 260//1315 261//1316
f 300//1358 261//1316 262//1317
f 301//1359 262//1317 263//1318
f 302//1360 263//1318 270//1326
f 303//1361 264//1319 265//1320
f 284//1340 304//1362 265//1320
f 266//1321 305//1363 284//1340
f 267//1322 306//1364 266//1321
f 269//1325 307//1365 267//1322
f 285//1341 286//1343 246//1342
f 286//1343 308//1366 268//1344
f 269//1325 287//1345 307//1365
f 308//1366 287//1367 268//1344
f 309//1368 270//1326 288//1346
f 288//1346 264//1319 303//1361
f 289//1347 250//1305 271//1327
f 250//1305 286//1343 285//1341
f 310//1369 289//1347 272//1348
f 311//1370 272//1329 273//1330
f 273//1330 290//1349 311//1370
f 290//1349 252//1308 291//1350
f 291//1350 253//1309 292//1351
f 292//1351 254//1310 293//1352
f 274//1331 277//1334 312//1371
f 275//1332 274//1331 313//1372
f 276//1333 275//1332 314//1373
f 293//1352 276//1333 315//1374
f 278//1335 316//1375 277//1334
f 279//1336 317//1376 278//1335
f 294//1353 318//1377 279//1336
f 295//1354 294//1353 255//1311
f 296//1355 295//1354 256//1312
f 319//1378 282//1338 280//1337
f 320//1177 280//1177 281//1177
f 321//1379 283//1339 282//1338
f 283//1339 322//1380 296//1355
f 259//1177 298//1177 297//1177
f 299//1357 298//1356 260//1315
f 299//1357 261//1316 300//1358
f 301//1359 300//1358 262//1317
f 301//1359 263//1318 302//1360
f 309//1368 302//1360 270//1326
f 323//1381 303//1361 265//1320
f 323//1381 265//1320 304//1362
f 304//1362 284//1340 305//1363
f 305//1363 266//1321 306//1364
f 306//1364 267//1322 307//1365
f 324//1382 308//1366 286//1343
f 325//1383 307//1365 287//1345
f 324//1382 287//1367 308//1366
f 326//1384 309//1368 288//1346
f 326//1384 288//1346 303//1361
f 250//1305 289//1347 327//1385
f 250//1305 324//1382 286//1343
f 327//1385 289//1347 310//1369
f 310//1369 272//1348 311//1386
f 328//1387 311//1370 290//1349
f 290//1349 291//1350 328//1387
f 292//1351 329//1388 291//1350
f 293//1352 330//1389 292//1351
f 316//1375 312//1371 277//1334
f 312//1371 313//1372 274//1331
f 313//1372 314//1373 275//1332
f 314//1373 315//1374 276//1333
f 315//1374 331//1390 293//1352
f 317//1376 316//1375 278//1335
f 318//1377 317//1376 279//1336
f 294//1353 332//1391 318//1377
f 295//1354 333//1392 294//1353
f 296//1355 334//1393 295//1354
f 319//1378 321//1379 282//1338
f 319//1177 280//1177 320//1177
f 321//1379 322//1380 283//1339
f 322//1380 334//1393 296//1355
f 297//1177 298//1177 335//1177
f 336//1394 298//1356 299//1357
f 337//1395 299//1357 300//1358
f 338//1396 300//1358 301//1359
f 339//1397 301//1359 302//1360
f 340//1398 302//1360 309//1368
f 341//1399 303//1361 323//1381
f 323//1381 304//1362 342//1400
f 305//1363 343//1401 304//1362
f 306//1364 344//1402 305//1363
f 307//1365 345//1403 306//1364
f 325//1383 346//1404 307//1365
f 324//1382 325//1405 287//1367
f 347//1406 309//1368 326//1384
f 341//1399 326//1384 303//1361
f 250//1305 327//1385 348//1407
f 349//1408 324//1382 250//1305
f 327//1385 310//1369 311//1386
f 327//1385 311//1386 328//1409
f 350//1410 328//1387 291//1350
f 350//1410 291//1350 329//1388
f 329//1388 292//1351 330//1389
f 330//1389 293//1352 331//1390
f 312//1371 316//1375 351//1411
f 313//1372 312//1371 352//1412
f 314//1373 313//1372 353//1413
f 315//1374 314//1373 354//1414
f 331//1390 315//1374 355//1415
f 316//1375 317//1376 356//1416
f 318//1377 357//1417 317//1376
f 332//1391 358//1418 318//1377
f 333//1392 332//1391 294//1353
f 334//1393 333//1392 295//1354
f 359//1419 321//1379 319//1378
f 360//1177 319//1177 320//1177
f 361//1420 322//1380 321//1379
f 322//1380 362//1421 334//1393
f 298//1177 336//1177 335//1177
f 337//1395 336//1394 299//1357
f 338//1396 337//1395 300//1358
f 339//1397 338//1396 301//1359
f 340//1398 339//1397 302//1360
f 340//1398 309//1368 347//1406
f 341//1399 323//1381 342//1400
f 363//1422 342//1400 304//1362
f 363//1422 304//1362 343//1401
f 343//1401 305//1363 344//1402
f 344//1402 306//1364 345//1403
f 345//1403 307//1365 346//1404
f 349//1408 346//1423 325//1405
f 349//1408 325//1405 324//1382
f 364//1424 347//1406 326//1384
f 364//1424 326//1384 341//1399
f 348//1407 327//1385 328//1409
f 365//1425 250//1305 348//1407
f 366//1426 349//1408 250//1305
f 348//1407 328//1409 350//1427
f 329//1428 365//1425 350//1427
f 330//1429 367//1430 329//1428
f 331//1431 368//1432 330//1429
f 356//1416 351//1411 316//1375
f 351//1411 352//1412 312//1371
f 352//1412 353//1413 313//1372
f 353//1413 354//1414 314//1373
f 354//1414 355//1415 315//1374
f 355//1433 369//1434 331//1431
f 357//1417 356//1416 317//1376
f 358//1418 357//1417 318//1377
f 332//1391 370//1435 358//1418
f 333//1392 371//1436 332//1391
f 334//1393 372//1437 333//1392
f 359//1419 361//1420 321//1379
f 359//1177 319//1177 360//1177
f 361//1420 362//1421 322//1380
f 362//1421 372//1437 334//1393
f 335//1177 336//1177 373//1177
f 374//1438 336//1394 337//1395
f 375//1439 337//1395 338//1396
f 376//1440 338//1396 339//1397
f 377//1441 339//1397 340//1398
f 378//1442 340//1398 347//1406
f 379//1443 341//1399 342//1400
f 363//1422 380//1444 342//1400
f 343//1401 381//1445 363//1422
f 344//1402 382//1446 343//1401
f 344//1402 345//1403 382//1446
f 346//1404 383//1447 345//1403
f 366//1426 346//1423 349//1408
f 384//1448 347//1406 364//1424
f 379//1443 364//1424 341//1399
f 368//1432 250//1305 365//1425
f 365//1425 348//1407 350//1427
f 385//1449 366//1426 250//1305
f 367//1430 365//1425 329//1428
f 368//1432 367//1430 330//1429
f 369//1434 368//1432 331//1431
f 351//1411 356//1416 386//1450
f 352//1412 351//1411 387//1451
f 353//1413 352//1412 388//1452
f 354//1414 353//1413 389//1453
f 355//1415 354//1414 390//1454
f 391//1455 369//1434 355//1433
f 356//1416 357//1417 392//1456
f 358//1418 393//1457 357//1417
f 370//1435 394//1458 358//1418
f 371//1436 370//1435 332//1391
f 372//1437 371//1436 333//1392
f 395//1459 361//1420 359//1419
f 396//1177 359//1177 360//1177
f 397//1460 362//1421 361//1420
f 362//1421 398//1461 372//1437
f 336//1177 374//1177 373//1177
f 375//1439 374//1438 337//1395
f 376//1440 375//1439 338//1396
f 377//1441 376//1440 339//1397
f 378//1442 377//1441 340//1398
f 384//1448 378//1442 347//1406
f 399//1462 379//1443 342//1400
f 399//1462 342//1400 380//1444
f 380//1444 363//1422 381//1445
f 381//1445 343//1401 382//1446
f 400//1463 382//1446 345//1403
f 400//1463 345//1403 383//1447
f 383//1464 346//1423 366//1426
f 384//1448 364//1424 401//1465
f 401//1465 364//1424 379//1443
f 250//1305 368//1432 369//1434
f 368//1432 365//1425 367//1430
f 385//1449 402//1466 366//1426
f 403//1467 385//1449 250//1305
f 392//1456 386//1450 356//1416
f 386//1450 387//1451 351//1411
f 387//1451 388//1452 352//1412
f 388//1452 389//1453 353//1413
f 389//1453 390//1454 354//1414
f 390//1468 391//1455 355//1433
f 391//1455 250//1305 369//1434
f 393//1457 392//1456 357//1417
f 394//1458 393//1457 358//1418
f 370//1435 404//1469 394//1458
f 371//1436 405//1470 370//1435
f 372//1437 406//1471 371//1436
f 395//1459 397//1460 361//1420
f 395//1177 359//1177 396//1177
f 397//1460 398//1461 362//1421
f 398//1461 406//1471 372//1437
f 373//1177 374//1177 407//1177
f 408//1472 374//1438 375//1439
f 409//1473 375//1439 376//1440
f 410//1474 376//1440 377//1441
f 411//1475 377//1441 378//1442
f 412//1476 378//1442 384//1448
f 379//1443 399//1462 413//1477
f 399//1462 380//1444 414//1478
f 381//1445 415//1479 380//1444
f 382//1446 416//1480 381//1445
f 400//1463 417//1481 382//1446
f 400//1463 383//1447 417//1481
f 402//1466 383//1464 366//1426
f 418//1482 384//1448 401//1465
f 401//1465 379//1443 413//1477
f 385//1449 419//1483 402//1466
f 403//1467 420//1484 385//1449
f 421//1485 403//1467 250//1305
f 386//1450 392//1456 422//1486
f 387//1451 386//1450 423//1487
f 388//1452 387//1451 424//1488
f 389//1453 388//1452 425//1489
f 390//1454 389//1453 426//1490
f 427//1491 391//1455 390//1468
f 428//1492 250//1305 391//1455
f 392//1456 393//1457 429//1493
f 394//1458 430//1494 393//1457
f 404//1469 431//1495 394//1458
f 405//1470 404//1469 370//1435
f 406//1471 405//1470 371//1436
f 432//1496 397//1460 395//1459
f 433//1177 395//1177 396//1177
f 434//1497 398//1461 397//1460
f 398//1461 435//1498 406//1471
f 374//1177 408//1177 407//1177
f 409//1473 408//1472 375//1439
f 410//1474 409//1473 376//1440
f 410//1474 377//1441 411//1475
f 411//1475 378//1442 412//1476
f 418//1482 412//1476 384//1448
f 414//1478 413//1477 399//1462
f 436//1499 414//1478 380//1444
f 436//1499 380//1444 415//1479
f 415//1479 381//1445 416//1480
f 416//1480 382//1446 417//1481
f 419//1500 417//1481 383//1447
f 402//1466 419//1483 383//1464
f 437//1501 418//1482 401//1465
f 437//1501 401//1465 413//1477
f 420//1484 419//1483 385//1449
f 403//1467 438//1502 420//1484
f 438//1502 403//1467 421//1485
f 439//1503 421//1485 250//1305
f 429//1493 422//1486 392//1456
f 422//1486 423//1487 386//1450
f 423//1487 424//1488 387//1451
f 424//1488 425//1489 388//1452
f 425//1489 426//1490 389//1453
f 426//1504 427//1491 390//1468
f 428//1492 391//1455 427//1491
f 250//1305 428//1492 440//1505
f 430//1494 429//1493 393//1457
f 431//1495 430//1494 394//1458
f 404//1469 441//1506 431//1495
f 405//1470 442//1507 404//1469
f 406//1471 443//1508 405//1470
f 432//1496 434//1497 397//1460
f 432//1177 395//1177 433//1177
f 434//1497 435//1498 398//1461
f 435//1498 443//1508 406//1471
f 407//1177 408//1177 444//1177
f 445//1509 408//1472 409//1473
f 446//1510 409//1473 410//1474
f 447//1511 410//1474 411//1475
f 448//1512 411//1475 412//1476
f 449//1513 412//1476 418//1482
f 414//1478 450//1514 413//1477
f 436//1499 451//1515 414//1478
f 415//1479 452//1516 436//1499
f 416//1480 453//1517 415//1479
f 417//1481 454//1518 416//1480
f 419//1500 420//1519 417//1481
f 455//1520 418//1482 437//1501
f 456//1521 437//1501 413//1477
f 420//1519 438//1522 454//1518
f 457//1523 438//1502 421//1485
f 439//1503 458//1524 421//1485
f 459//1525 439//1503 250//1305
f 422//1486 429//1493 460//1526
f 423//1487 422//1486 461//1527
f 424//1488 423//1487 462//1528
f 425//1489 424//1488 463//1529
f 426//1490 425//1489 464//1530
f 428//1492 427//1491 426//1504
f 440//1505 428//1492 464//1531
f 465//1532 250//1305 440//1505
f 429//1493 430//1494 466//1533
f 431//1495 467//1534 430//1494
f 441//1506 468//1535 431//1495
f 442//1507 441//1506 404//1469
f 443//1508 442//1507 405//1470
f 469//1536 434//1497 432//1496
f 469//1177 432//1177 433//1177
f 470//1537 435//1498 434//1497
f 435//1498 471//1538 443//1508
f 408//1177 445//1177 444//1177
f 446//1510 445//1509 409//1473
f 446//1510 410//1474 447//1511
f 448//1512 447//1511 411//1475
f 449//1513 448//1512 412//1476
f 455//1520 449//1513 418//1482
f 456//1521 413//1477 450//1514
f 450//1514 414//1478 451//1515
f 451//1515 436//1499 452//1516
f 452//1516 415//1479 453//1517
f 453//1517 416//1480 454//1518
f 454//1518 417//1481 420//1519
f 455//1520 437//1501 472//1539
f 472//1539 437//1501 456//1521
f 473//1540 454//1518 438//1522
f 438//1522 457//1541 473//1540
f 458//1524 457//1523 421//1485
f 474//1542 458//1524 439//1503
f 459//1525 475//1543 439//1503
f 476//1544 459//1525 250//1305
f 466//1533 460//1526 429//1493
f 460//1526 461//1527 422//1486
f 461//1527 462//1528 423//1487
f 462//1528 463//1529 424//1488
f 463//1529 464//1530 425//1489
f 464//1531 428//1492 426//1504
f 477//1545 440//1505 464//1531
f 478//1546 250//1305 465//1532
f 465//1532 440//1505 477//1545
f 467//1534 466//1533 430//1494
f 468//1535 467//1534 431//1495
f 441//1506 479//1547 468//1535
f 442//1507 480//1548 441//1506
f 443//1508 481//1549 442//1507
f 469//1536 470//1537 434//1497
f 433//1177 482//1177 469//1177
f 470//1537 471//1538 435//1498
f 471//1538 481//1549 443//1508
f 444//1177 445//1177 483//1177
f 484//1550 445//1509 446//1510
f 485//1551 446//1510 447//1511
f 486//1552 447//1511 448//1512
f 487//1553 448//1512 449//1513
f 488//1554 449//1513 455//1520
f 456//1521 450//1514 489//1555
f 451//1515 490//1556 450//1514
f 451//1515 452//1516 490//1556
f 453//1517 491//1557 452//1516
f 454//1518 473//1540 453//1517
f 492//1558 455//1520 472//1539
f 472//1539 456//1521 489//1555
f 493//1559 473//1540 457//1541
f 474//1542 457//1523 458//1524
f 475//1543 474//1542 439//1503
f 494//1560 475//1543 459//1525
f 494//1560 459//1525 476//1544
f 495//1561 476//1544 250//1305
f 460//1526 466//1533 496//1562
f 461//1527 460//1526 497//1563
f 462//1528 461//1527 498//1564
f 463//1529 462//1528 499//1565
f 464//1530 463//1529 477//1566
f 250//1305 478//1546 500//1567
f 478//1546 465//1532 501//1568
f 502//1569 465//1532 477//1545
f 466//1533 467//1534 503//1570
f 467//1534 468//1535 504//1571
f 468//1535 479//1547 505//1572
f 480//1548 479//1547 441//1506
f 481//1549 480//1548 442//1507
f 506//1573 470//1537 469//1536
f 469//1177 482//1177 506//1177
f 507//1574 471//1538 470//1537
f 471//1538 508//1575 481//1549
f 445//1177 484//1177 483//1177
f 485//1551 484//1550 446//1510
f 486//1552 485//1551 447//1511
f 486//1552 448//1512 487//1553
f 487//1553 449//1513 488//1554
f 488//1554 455//1520 492//1558
f 509//1576 489//1555 450//1514
f 509//1576 450//1514 490//1556
f 510//1577 490//1556 452//1516
f 510//1577 452//1516 491//1557
f 491//1557 453//1517 473//1540
f 511//1578 492//1558 472//1539
f 511//1578 472//1539 489//1555
f 493//1559 512//1579 473//1540
f 493//1559 457//1541 513//1580
f 474//1581 513//1580 457//1541
f 475//1582 514//1583 474//1581
f 494//1584 515//1585 475//1582
f 516//1586 494//1560 476//1544
f 495//1561 517//1587 476//1544
f 518//1588 495//1561 250//1305
f 503//1570 496//1562 466//1533
f 496//1562 497//1563 460//1526
f 497//1563 498//1564 461//1527
f 498//1564 499//1565 462//1528
f 499//1565 477//1566 463//1529
f 500//1567 478//1546 519//1589
f 520//1590 250//1305 500//1567
f 501//1568 465//1532 502//1569
f 478//1546 501//1568 521//1591
f 477//1566 499//1565 502//1592
f 504//1571 503//1570 467//1534
f 505//1572 504//1571 468//1535
f 522//1593 505//1572 479//1547
f 480//1548 523//1594 479//1547
f 481//1549 524//1595 480//1548
f 506//1573 507//1574 470//1537
f 482//1177 525//1177 506//1177
f 507//1574 508//1575 471//1538
f 508//1575 524//1595 481//1549
f 483//1177 484//1177 526//1177
f 527//1596 484//1550 485//1551
f 486//1552 528//1597 485//1551
f 528//1597 486//1552 487//1553
f 529//1598 487//1553 488//1554
f 530//1599 488//1554 492//1558
f 509//1576 531//1600 489//1555
f 490//1556 532//1601 509//1576
f 510//1577 533//1602 490//1556
f 510//1577 491//1557 533//1602
f 491//1557 473//1540 512//1579
f 534//1603 492//1558 511//1578
f 535//1604 511//1578 489//1555
f 493//1559 513//1580 512//1579
f 513//1580 474//1581 514//1583
f 514//1583 475//1582 515//1585
f 515//1585 494//1584 536//1605
f 516//1606 536//1605 494//1584
f 517//1587 516//1586 476//1544
f 537//1607 517//1587 495//1561
f 518//1588 538//1608 495//1561
f 539//1609 518//1588 250//1305
f 503//1570 540//1610 496//1562
f 496//1562 541//1611 497//1563
f 497//1563 542//1612 498//1564
f 498//1564 543//1613 499//1565
f 519//1589 478//1546 521//1591
f 544//1614 500//1567 519//1589
f 545//1615 250//1305 520//1590
f 544//1614 520//1590 500//1567
f 521//1591 501//1568 502//1569
f 546//1616 502//1592 499//1565
f 503//1570 504//1571 540//1610
f 505//1572 547//1617 504//1571
f 505//1572 522//1593 548//1618
f 479//1547 523//1594 522//1593
f 524//1595 523//1594 480//1548
f 549//1619 507//1574 506//1573
f 506//1177 525//1177 549//1177
f 550//1620 508//1575 507//1574
f 508//1575 551//1621 524//1595
f 484//1177 527//1177 526//1177
f 527//1596 485//1551 552//1622
f 528//1597 552//1622 485//1551
f 529//1598 528//1597 487//1553
f 530//1599 529//1598 488//1554
f 534//1603 530//1599 492//1558
f 535//1604 489//1555 531//1600
f 531//1600 509//1576 532//1601
f 532//1601 490//1556 533//1602
f 512//1579 533//1602 491//1557
f 553//1623 534//1603 511//1578
f 553//1623 511//1578 535//1604
f 554//1624 512//1579 513//1580
f 514//1583 555//1625 513//1580
f 515//1585 556//1626 514//1583
f 536//1605 557//1627 515//1585
f 536//1605 516//1606 558//1628
f 537//1607 516//1586 517//1587
f 538//1608 537//1607 495//1561
f 559//1629 538//1608 518//1588
f 559//1629 518//1588 539//1609
f 560//1630 539//1609 250//1305
f 541//1611 496//1562 540//1610
f 542//1612 497//1563 541//1611
f 543//1613 498//1564 542//1612
f 546//1616 499//1565 543//1613
f 519//1631 521//1632 561//1633
f 544//1634 519//1631 562//1635
f 563//1636 250//1305 545//1615
f 564//1637 545//1615 520//1590
f 565//1638 520//1590 544//1614
f 521//1632 502//1592 566//1639
f 546//1616 566//1639 502//1592
f 547//1617 540//1610 504//1571
f 505//1572 548//1618 547//1617
f 522//1593 567//1640 548//1618
f 568//1641 522//1593 523//1594
f 524//1595 569//1642 523//1594
f 549//1619 550//1620 507//1574
f 525//1177 570//1177 549//1177
f 550//1620 551//1621 508//1575
f 551//1621 569//1642 524//1595
f 571//1177 526//1177 527//1177
f 552//1622 572//1643 527//1596
f 528//1597 572//1643 552//1622
f 529//1598 573//1644 528//1597
f 530//1599 574//1645 529//1598
f 534//1603 575//1646 530//1599
f 531//1600 576//1647 535//1604
f 531//1600 532//1601 576//1647
f 533//1602 577//1648 532//1601
f 512//1579 554//1624 533//1602
f 553//1623 578//1649 534//1603
f 579//1650 553//1623 535//1604
f 554//1624 513//1580 555//1625
f 555//1625 514//1583 556//1626
f 556//1626 515//1585 557//1627
f 557//1627 536//1605 580//1651
f 537//1652 558//1628 516//1606
f 558//1628 580//1651 536//1605
f 538//1653 581//1654 537//1652
f 559//1655 582//1656 538//1653
f 583//1657 559//1629 539//1609
f 584//1658 539//1609 560//1630
f 585//1659 560//1630 250//1305
f 540//1610 586//1660 541//1611
f 542//1612 541//1611 587//1661
f 542//1612 587//1661 543//1613
f 546//1616 543//1613 566//1639
f 566//1639 561//1633 521//1632
f 561//1633 562//1635 519//1631
f 562//1635 588//1662 544//1634
f 589//1663 250//1305 563//1636
f 590//1664 563//1636 545//1615
f 591//1665 545//1615 564//1637
f 564//1637 520//1590 565//1638
f 565//1666 544//1634 588//1662
f 547//1617 592//1667 540//1610
f 547//1617 548//1618 592//1667
f 548//1618 567//1640 593//1668
f 568//1641 567//1640 522//1593
f 523//1594 569//1642 568//1641
f 594//1669 550//1620 549//1619
f 549//1177 570//1177 594//1177
f 595//1670 551//1621 550//1620
f 551//1621 596//1671 569//1642
f 572//1643 597//1672 527//1596
f 572//1643 528//1597 573//1644
f 573//1644 529//1598 574//1645
f 574//1645 530//1599 575//1646
f 575//1646 534//1603 578//1649
f 579//1650 535//1604 576//1647
f 598//1673 576//1647 532//1601
f 598//1673 532//1601 577//1648
f 577//1648 533//1602 554//1624
f 578//1649 553//1623 599//1674
f 579//1650 599//1674 553//1623
f 555//1625 600//1675 554//1624
f 556//1626 601//1676 555//1625
f 557//1627 602//1677 556//1626
f 580//1651 603//1678 557//1627
f 558//1628 537//1652 581//1654
f 580//1651 558//1628 604//1679
f 581//1654 538//1653 582//1656
f 582//1656 559//1655 605//1680
f 583//1681 605//1680 559//1655
f 584//1658 583//1657 539//1609
f 606//1682 584//1658 560//1630
f 585//1659 607//1683 560//1630
f 608//1684 585//1659 250//1305
f 609//1685 541//1611 586//1660
f 586//1660 540//1610 592//1667
f 609//1685 587//1661 541//1611
f 610//1686 543//1613 587//1661
f 610//1686 566//1639 543//1613
f 561//1633 566//1639 611//1687
f 561//1633 611//1687 562//1635
f 588//1662 562//1635 612//1688
f 613//1689 250//1305 589//1663
f 614//1690 589//1663 563//1636
f 614//1690 563//1636 590//1664
f 590//1664 545//1615 591//1665
f 591//1665 564//1637 565//1638
f 588//1662 615//1691 565//1666
f 548//1618 593//1668 592//1667
f 567//1640 616//1692 593//1668
f 568//1641 617//1693 567//1640
f 618//1694 568//1641 569//1642
f 594//1669 595//1670 550//1620
f 570//1177 619//1177 594//1177
f 551//1621 595//1670 596//1671
f 569//1642 596//1671 618//1694
f 620//1695 527//1596 597//1672
f 572//1643 621//1696 597//1672
f 621//1696 572//1643 573//1644
f 622//1697 573//1644 574//1645
f 623//1698 574//1645 575//1646
f 624//1699 575//1646 578//1649
f 579//1650 576//1647 599//1674
f 576//1647 598//1673 625//1700
f 598//1673 577//1648 626//1701
f 577//1648 554//1624 600//1675
f 627//1702 578//1649 599//1674
f 600//1675 555//1625 601//1676
f 601//1676 556//1626 602//1677
f 602//1677 557//1627 603//1678
f 603//1678 580//1651 628//1703
f 581//1654 604//1679 558//1628
f 604//1679 628//1703 580//1651
f 582//1656 629//1704 581//1654
f 605//1680 630//1705 582//1656
f 583//1681 606//1706 605//1680
f 606//1682 583//1657 584//1658
f 607//1683 606//1682 560//1630
f 631//1707 607//1683 585//1659
f 631//1707 585//1659 608//1684
f 632//1708 608//1684 250//1305
f 586//1660 633//1709 609//1685
f 592//1667 634//1710 586//1660
f 609//1685 635//1711 587//1661
f 587//1661 636//1712 610//1686
f 610//1686 611//1687 566//1639
f 637//1713 562//1635 611//1687
f 637//1713 612//1688 562//1635
f 612//1688 638//1714 588//1662
f 613//1689 639//1715 250//1305
f 640//1716 613//1689 589//1663
f 641//1717 589//1663 614//1690
f 614//1718 590//1719 642//1720
f 591//1721 615//1691 590//1719
f 591//1721 565//1666 615//1691
f 615//1691 588//1662 638//1714
f 592//1667 593//1668 634//1710
f 616//1692 643//1722 593//1668
f 567//1640 617//1693 616//1692
f 618//1694 617//1693 568//1641
f 644//1723 595//1670 594//1669
f 594//1177 619//1177 644//1177
f 645//1724 596//1671 595//1670
f 646//1725 618//1694 596//1671
f 647//1726 620//1695 597//1672
f 648//1727 597//1672 621//1696
f 622//1697 621//1696 573//1644
f 623//1698 622//1697 574//1645
f 624//1699 623//1698 575//1646
f 627//1702 624//1699 578//1649
f 625//1700 599//1674 576//1647
f 626//1701 625//1700 598//1673
f 600//1675 626//1701 577//1648
f 649//1728 627//1702 599//1674
f 601//1676 650//1729 600//1675
f 602//1677 651//1730 601//1676
f 603//1678 652//1731 602//1677
f 628//1703 653//1732 603//1678
f 604//1679 581//1654 629//1704
f 628//1703 604//1679 654//1733
f 629//1704 582//1656 630//1705
f 605//1680 655//1734 630//1705
f 655//1734 605//1680 606//1706
f 606//1706 607//1735 655//1734
f 607//1735 631//1736 656//1737
f 657//1738 631//1707 608//1684
f 658//1739 608//1684 632//1708
f 659//1740 632//1708 250//1305
f 635//1711 609//1685 633//1709
f 633//1709 586//1660 634//1710
f 636//1712 587//1661 635//1711
f 611//1687 610//1686 636//1712
f 637//1713 611//1687 660//1741
f 612//1688 637//1713 661//1742
f 638//1714 612//1688 662//1743
f 639//1715 663//1744 250//1305
f 664//1745 639//1715 613//1689
f 665//1746 613//1689 640//1716
f 641//1717 640//1716 589//1663
f 641//1747 614//1718 666//1748
f 667//1749 642//1720 590//1719
f 642//1720 666//1748 614//1718
f 667//1749 590//1719 615//1691
f 615//1691 638//1714 667//1749
f 593//1668 643//1722 634//1710
f 616//1692 668//1750 643//1722
f 617//1693 669//1751 616//1692
f 618//1694 670//1752 617//1693
f 644//1723 645//1724 595//1670
f 619//1177 671//1177 644//1177
f 645//1724 672//1753 596//1671
f 618//1694 646//1725 670//1752
f 596//1671 672//1753 646//1725
f 620//1754 647//1754 673//1754
f 648//1727 647//1726 597//1672
f 674//1755 648//1727 621//1696
f 675//1756 621//1696 622//1697
f 676//1757 622//1697 623//1698
f 677//1758 623//1698 624//1699
f 678//1759 624//1699 627//1702
f 599//1674 625//1700 649//1728
f 625//1700 626//1701 679//1760
f 626//1701 600//1675 650//1729
f 680//1761 627//1702 649//1728
f 650//1729 601//1676 651//1730
f 651//1730 602//1677 652//1731
f 652//1731 603//1678 653//1732
f 653//1732 628//1703 681//1762
f 629//1704 654//1733 604//1679
f 654//1733 681//1762 628//1703
f 630//1705 682//1763 629//1704
f 683//1764 630//1705 655//1734
f 656//1737 655//1734 607//1735
f 684//1765 656//1737 631//1736
f 631//1736 657//1766 684//1765
f 658//1739 657//1738 608//1684
f 685//1767 658//1739 632//1708
f 659//1740 686//1768 632//1708
f 687//1769 659//1740 250//1305
f 633//1709 688//1770 635//1711
f 634//1710 689//1771 633//1709
f 635//1711 690//1772 636//1712
f 636//1712 660//1741 611//1687
f 660//1741 661//1742 637//1713
f 661//1742 662//1743 612//1688
f 662//1743 691//1773 638//1714
f 663//1744 692//1774 250//1305
f 693//1775 663//1744 639//1715
f 664//1745 693//1775 639//1715
f 665//1746 664//1745 613//1689
f 641//1717 665//1746 640//1716
f 666//1748 694//1776 641//1747
f 642//1720 667//1749 695//1777
f 642//1720 695//1777 666//1748
f 696//1778 667//1749 638//1714
f 634//1710 643//1722 689//1771
f 643//1722 668//1750 697//1779
f 616//1692 669//1751 668//1750
f 617//1693 670//1752 669//1751
f 672//1753 645//1724 644//1723
f 644//1177 671//1177 672//1177
f 646//1725 698//1780 670//1752
f 646//1725 672//1753 699//1781
f 673//1754 647//1754 700//1754
f 701//1754 620//1754 673//1754
f 702//1782 647//1726 648//1727
f 674//1755 702//1782 648//1727
f 675//1756 674//1755 621//1696
f 676//1757 675//1756 622//1697
f 677//1758 676//1757 623//1698
f 678//1759 677//1758 624//1699
f 680//1761 678//1759 627//1702
f 679//1760 649//1728 625//1700
f 650//1729 679//1760 626//1701
f 703//1783 680//1761 649//1728
f 651//1730 704//1784 650//1729
f 652//1731 705//1785 651//1730
f 653//1732 706//1786 652//1731
f 681//1762 707//1787 653//1732
f 654//1733 629//1704 682//1763
f 681//1762 654//1733 708//1788
f 630//1705 683//1764 682//1763
f 655//1734 656//1737 683//1764
f 656//1737 684//1765 709//1789
f 710//1790 684//1765 657//1766
f 685//1767 657//1738 658//1739
f 686//1768 685//1767 632//1708
f 711//1791 686//1768 659//1740
f 711//1791 659//1740 687//1769
f 712//1792 687//1769 250//1305
f 690//1772 635//1711 688//1770
f 688//1770 633//1709 689//1771
f 660//1741 636//1712 690//1772
f 661//1742 660//1741 713//1793
f 661//1742 713//1793 662//1743
f 696//1778 638//1714 691//1773
f 691//1773 662//1743 714//1794
f 692//1774 715//1795 250//1305
f 716//1796 692//1774 663//1744
f 693//1775 717//1797 663//1744
f 664//1798 718//1799 693//1800
f 664//1798 665//1801 718//1799
f 665//1801 641//1747 694//1776
f 694//1776 666//1748 719//1802
f 696//1778 695//1777 667//1749
f 720//1803 666//1748 695//1777
f 643//1722 697//1779 689//1771
f 668//1750 721//1804 697//1779
f 669//1751 722//1805 668//1750
f 670//1752 723//1806 669//1751
f 724//1177 672//1177 671//1177
f 670//1752 698//1780 723//1806
f 698//1780 646//1725 725//1807
f 726//1808 699//1781 672//1753
f 646//1725 699//1781 725//1807
f 647//1754 702//1754 700//1754
f 727//1809 702//1782 674//1755
f 728//1810 674//1755 675//1756
f 729//1811 675//1756 676//1757
f 730//1812 676//1757 677//1758
f 731//1813 677//1758 678//1759
f 732//1814 678//1759 680//1761
f 649//1728 679//1760 703//1783
f 679//1760 650//1729 704//1784
f 733//1815 680//1761 703//1783
f 704//1784 651//1730 705//1785
f 705//1785 652//1731 706//1786
f 706//1786 653//1732 707//1787
f 681//1762 708//1788 707//1787
f 682//1763 708//1788 654//1733
f 734//1816 682//1763 683//1764
f 709//1789 683//1764 656//1737
f 735//1817 709//1789 684//1765
f 684//1765 710//1790 735//1817
f 657//1766 685//1818 710//1790
f 685//1818 686//1819 736//1820
f 686//1819 711//1821 737//1822
f 738//1823 711//1791 687//1769
f 739//1824 687//1769 712//1792
f 715//1795 712//1792 250//1305
f 688//1770 740//1825 690//1772
f 689//1771 741//1826 688//1770
f 690//1772 713//1793 660//1741
f 742//1827 662//1743 713//1793
f 696//1778 691//1773 695//1777
f 742//1827 714//1794 662//1743
f 714//1794 743//1828 691//1773
f 744//1829 715//1795 692//1774
f 745//1830 692//1774 716//1796
f 717//1797 716//1796 663//1744
f 717//1831 693//1800 746//1832
f 747//1833 693//1800 718//1799
f 694//1776 718//1799 665//1801
f 720//1803 719//1802 666//1748
f 719//1802 748//1834 694//1776
f 720//1803 695//1777 749//1835
f 689//1771 697//1779 741//1826
f 721//1804 750//1836 697//1779
f 668//1750 722//1805 721//1804
f 669//1751 723//1806 722//1805
f 698//1780 751//1837 723//1806
f 698//1780 725//1807 751//1837
f 726//1808 725//1807 699//1781
f 700//1754 702//1754 752//1754
f 702//1754 727//1754 752//1754
f 728//1810 727//1809 674//1755
f 729//1811 728//1810 675//1756
f 730//1812 729//1811 676//1757
f 731//1813 730//1812 677//1758
f 732//1814 731//1813 678//1759
f 733//1815 732//1814 680//1761
f 704//1784 703//1783 679//1760
f 753//1838 733//1815 703//1783
f 705//1785 753//1838 704//1784
f 705//1785 706//1786 753//1838
f 707//1787 754//1839 706//1786
f 755//1840 707//1787 708//1788
f 682//1763 734//1816 708//1788
f 683//1764 709//1789 734//1816
f 709//1789 735//1817 756//1841
f 757//1842 735//1817 710//1790
f 736//1820 710//1790 685//1818
f 737//1822 736//1820 686//1819
f 758//1843 737//1822 711//1821
f 711//1821 738//1844 758//1843
f 739//1824 738//1823 687//1769
f 759//1845 739//1824 712//1792
f 715//1795 760//1846 712//1792
f 713//1793 690//1772 740//1825
f 740//1825 688//1770 741//1826
f 713//1793 740//1825 742//1827
f 761//1847 695//1777 691//1773
f 714//1794 742//1827 762//1848
f 761//1847 691//1773 743//1828
f 743//1828 714//1794 763//1849
f 744//1829 760//1846 715//1795
f 745//1830 744//1829 692//1774
f 717//1797 745//1830 716//1796
f 747//1833 746//1832 693//1800
f 746//1832 764//1850 717//1831
f 747//1833 718//1799 765//1851
f 718//1799 694//1776 748//1834
f 719//1802 720//1803 766//1852
f 748//1834 719//1802 767//1853
f 761//1847 749//1835 695//1777
f 749//1835 766//1852 720//1803
f 697//1779 750//1836 741//1826
f 721//1804 768//1854 750//1836
f 722//1805 769//1855 721//1804
f 723//1806 770//1856 722//1805
f 723//1806 751//1837 770//1856
f 725//1807 771//1857 751//1837
f 726//1808 772//1858 725//1807
f 752//1754 727//1754 773//1754
f 774//1859 727//1809 728//1810
f 775//1860 728//1810 729//1811
f 776//1861 729//1811 730//1812
f 777//1862 730//1812 731//1813
f 778//1863 731//1813 732//1814
f 779//1864 732//1814 733//1815
f 703//1783 704//1784 753//1838
f 780//1865 733//1815 753//1838
f 781//1866 753//1838 706//1786
f 754//1839 781//1866 706//1786
f 782//1867 754//1839 707//1787
f 755//1840 782//1867 707//1787
f 708//1788 783//1868 755//1840
f 783//1868 708//1788 734//1816
f 756//1841 734//1816 709//1789
f 784//1869 756//1841 735//1817
f 735//1817 757//1842 784//1869
f 710//1790 736//1820 757//1842
f 736//1820 737//1822 785//1870
f 737//1822 758//1843 786//1871
f 787//1872 758//1843 738//1844
f 759//1845 738//1823 739//1824
f 760//1846 759//1845 712//1792
f 741//1826 788//1873 740//1825
f 788//1873 742//1827 740//1825
f 788//1873 762//1848 742//1827
f 762//1848 763//1849 714//1794
f 743//1828 789//1874 761//1847
f 763//1849 790//1875 743//1828
f 760//1876 744//1877 791//1878
f 744//1877 745//1879 792//1880
f 745//1879 717//1831 764//1850
f 746//1832 747//1833 793//1881
f 764//1850 746//1832 794//1882
f 748//1834 765//1851 718//1799
f 765//1851 793//1881 747//1833
f 766//1852 767//1853 719//1802
f 767//1853 795//1883 748//1834
f 749//1835 761//1847 789//1874
f 749//1835 789//1874 766//1852
f 750//1836 796//1884 741//1826
f 750//1836 768//1854 797//1885
f 769//1855 768//1854 721//1804
f 722//1805 770//1856 769//1855
f 751//1837 798//1886 770//1856
f 751//1837 771//1857 798//1886
f 725//1807 772//1858 771//1857
f 726//1754 799//1754 772//1754
f 727//1754 774//1754 773//1754
f 775//1860 774//1859 728//1810
f 776//1861 775//1860 729//1811
f 777//1862 776//1861 730//1812
f 778//1863 777//1862 731//1813
f 779//1864 778//1863 732//1814
f 780//1865 779//1864 733//1815
f 781//1866 780//1865 753//1838
f 754//1839 800//1887 781//1866
f 782//1867 801//1888 754//1839
f 802//1889 782//1867 755//1840
f 803//1890 755//1840 783//1868
f 734//1816 756//1841 783//1868
f 756//1841 784//1869 804//1891
f 805//1892 784//1869 757//1842
f 785//1870 757//1842 736//1820
f 786//1871 785//1870 737//1822
f 806//1893 786//1871 758//1843
f 758//1843 787//1872 806//1893
f 738//1844 759//1894 787//1872
f 760//1876 791//1878 759//1894
f 741//1826 796//1884 788//1873
f 788//1873 796//1884 762//1848
f 762//1848 807//1895 763//1849
f 789//1874 743//1828 790//1875
f 763//1849 808//1896 790//1875
f 792//1880 791//1878 744//1877
f 764//1850 792//1880 745//1879
f 793//1881 794//1882 746//1832
f 764//1850 794//1882 792//1880
f 765//1851 748//1834 795//1883
f 765//1851 795//1883 793//1881
f 767//1853 766//1852 809//1897
f 795//1883 767//1853 810//1898
f 811//1899 766//1852 789//1874
f 750//1836 797//1885 796//1884
f 768//1854 812//1900 797//1885
f 769//1855 813//1901 768//1854
f 770//1856 814//1902 769//1855
f 770//1856 798//1886 814//1902
f 771//1857 815//1903 798//1886
f 772//1858 816//1904 771//1857
f 799//1754 817//1754 772//1754
f 818//1754 799//1754 726//1754
f 773//1754 774//1754 819//1754
f 820//1905 774//1859 775//1860
f 821//1906 775//1860 776//1861
f 822//1907 776//1861 777//1862
f 823//1908 777//1862 778//1863
f 824//1909 778//1863 779//1864
f 825//1910 779//1864 780//1865
f 800//1887 780//1865 781//1866
f 801//1888 800//1887 754//1839
f 826//1911 801//1888 782//1867
f 802//1889 826//1911 782//1867
f 803//1890 802//1889 755//1840
f 783//1868 804//1891 803//1890
f 804//1891 783//1868 756//1841
f 827//1912 804//1891 784//1869
f 784//1869 805//1892 827//1912
f 757//1842 785//1870 805//1892
f 785//1870 786//1871 828//1913
f 786//1871 806//1893 829//1914
f 830//1915 806//1893 787//1872
f 831//1916 787//1872 759//1894
f 831//1916 759//1894 791//1878
f 796//1884 807//1895 762//1848
f 807//1895 808//1896 763//1849
f 789//1874 790//1875 811//1899
f 808//1896 832//1917 790//1875
f 791//1878 792//1880 833//1918
f 794//1882 793//1881 834//1919
f 835//1920 792//1880 794//1882
f 836//1921 793//1881 795//1883
f 811//1899 809//1897 766//1852
f 809//1897 810//1898 767//1853
f 795//1883 810//1898 836//1921
f 796//1884 797//1885 807//1895
f 797//1885 812//1900 837//1922
f 768//1854 813//1901 812//1900
f 814//1902 813//1901 769//1855
f 798//1886 838//1923 814//1902
f 798//1886 815//1903 838//1923
f 771//1857 816//1904 815//1903
f 772//1754 817//1754 816//1754
f 774//1754 820//1754 819//1754
f 821//1906 820//1905 775//1860
f 822//1907 821//1906 776//1861
f 823//1908 822//1907 777//1862
f 824//1909 823//1908 778//1863
f 825//1910 824//1909 779//1864
f 800//1887 825//1910 780//1865
f 801//1888 839//1924 800//1887
f 826//1911 840//1925 801//1888
f 841//1926 826//1911 802//1889
f 842//1927 802//1889 803//1890
f 843//1928 803//1890 804//1891
f 804//1891 827//1912 843//1928
f 844//1929 827//1912 805//1892
f 828//1913 805//1892 785//1870
f 829//1914 828//1913 786//1871
f 845//1930 829//1914 806//1893
f 806//1893 830//1915 845//1930
f 787//1872 831//1916 830//1915
f 791//1878 833//1918 831//1916
f 807//1895 837//1922 808//1896
f 846//1931 811//1899 790//1875
f 832//1917 846//1931 790//1875
f 808//1896 847//1932 832//1917
f 835//1920 833//1918 792//1880
f 836//1921 834//1919 793//1881
f 794//1882 834//1919 835//1920
f 809//1897 811//1899 848//1933
f 810//1898 809//1897 849//1934
f 850//1935 836//1921 810//1898
f 797//1885 837//1922 807//1895
f 812//1900 851//1936 837//1922
f 813//1901 852//1937 812//1900
f 814//1902 853//1938 813//1901
f 814//1902 838//1923 853//1938
f 815//1903 854//1939 838//1923
f 816//1904 855//1940 815//1903
f 817//1754 856//1754 816//1754
f 857//1754 819//1754 820//1754
f 858//1941 820//1905 821//1906
f 859//1942 821//1906 822//1907
f 860//1943 822//1907 823//1908
f 861//1944 823//1908 824//1909
f 862//1945 824//1909 825//1910
f 839//1924 825//1910 800//1887
f 840//1925 839//1924 801//1888
f 863//1946 840//1925 826//1911
f 841//1926 863//1946 826//1911
f 842//1927 841//1926 802//1889
f 843//1928 842//1927 803//1890
f 864//1947 843//1928 827//1912
f 827//1912 844//1929 864//1947
f 805//1892 828//1913 844//1929
f 828//1913 829//1914 865//1948
f 829//1914 845//1930 866//1949
f 867//1950 845//1930 830//1915
f 868//1951 830//1915 831//1916
f 868//1951 831//1916 833//1918
f 837//1922 847//1932 808//1896
f 846//1931 848//1933 811//1899
f 832//1917 869//1952 846//1931
f 847//1932 870//1953 832//1917
f 833//1918 835//1920 871//1954
f 834//1919 836//1921 872//1955
f 873//1956 835//1920 834//1919
f 848//1933 849//1934 809//1897
f 849//1934 874//1957 810//1898
f 850//1935 872//1955 836//1921
f 850//1935 810//1898 874//1957
f 851//1936 847//1932 837//1922
f 812//1900 852//1937 851//1936
f 813//1901 853//1938 852//1937
f 838//1923 875//1958 853//1938
f 838//1923 854//1939 875//1958
f 815//1903 855//1940 854//1939
f 816//1754 856//1754 855//1754
f 857//1754 820//1754 876//1754
f 858//1754 876//1754 820//1754
f 859//1942 858//1941 821//1906
f 860//1943 859//1942 822//1907
f 861//1944 860//1943 823//1908
f 862//1945 861//1944 824//1909
f 839//1924 862//1945 825//1910
f 840//1925 877//1959 839//1924
f 863//1946 878//1960 840//1925
f 879//1961 863//1946 841//1926
f 880//1962 841//1926 842//1927
f 881//1963 842//1927 843//1928
f 864//1947 881//1963 843//1928
f 882//1964 864//1947 844//1929
f 865//1948 844//1929 828//1913
f 866//1949 865//1948 829//1914
f 883//1965 866//1949 845//1930
f 845//1930 867//1950 883//1965
f 830//1915 868//1951 867//1950
f 868//1951 833//1918 884//1966
f 846//1931 869//1952 848//1933
f 832//1917 870//1953 869//1952
f 847//1932 885//1967 870//1953
f 873//1956 871//1954 835//1920
f 871//1954 884//1966 833//1918
f 872//1955 886//1968 834//1919
f 873//1956 834//1919 886//1968
f 849//1934 848//1933 887//1969
f 874//1957 849//1934 888//1970
f 872//1955 850//1935 889//1971
f 874//1957 889//1971 850//1935
f 851//1936 885//1967 847//1932
f 852//1937 890//1972 851//1936
f 853//1938 891//1973 852//1937
f 853//1938 875//1958 891//1973
f 854//1939 892//1974 875//1958
f 855//1940 893//1975 854//1939
f 856//1754 894//1754 855//1754
f 895//1754 857//1754 876//1754
f 876//1976 858//1941 859//1942
f 896//1977 859//1942 860//1943
f 897//1978 860//1943 861//1944
f 898//1979 861//1944 862//1945
f 877//1959 862//1945 839//1924
f 878//1960 877//1959 840//1925
f 899//1980 878//1960 863//1946
f 879//1961 899//1980 863//1946
f 880//1962 879//1961 841//1926
f 881//1963 880//1962 842//1927
f 900//1981 881//1963 864//1947
f 882//1964 900//1981 864//1947
f 844//1929 865//1948 882//1964
f 865//1948 866//1949 901//1982
f 866//1949 883//1965 902//1983
f 903//1984 883//1965 867//1950
f 884//1966 867//1950 868//1951
f 869//1952 904//1985 848//1933
f 870//1953 905//1986 869//1952
f 885//1967 906//1987 870//1953
f 871//1954 873//1956 907//1988
f 884//1966 871//1954 908//1989
f 872//1955 889//1971 886//1968
f 886//1968 907//1988 873//1956
f 904//1985 887//1969 848//1933
f 887//1969 888//1970 849//1934
f 888//1970 909//1990 874//1957
f 889//1971 874//1957 909//1990
f 851//1936 890//1972 885//1967
f 852//1937 891//1973 890//1972
f 875//1958 910//1991 891//1973
f 875//1958 892//1974 910//1991
f 854//1939 893//1975 892//1974
f 855//1754 894//1754 893//1754
f 911//1754 895//1754 876//1754
f 896//1977 876//1976 859//1942
f 897//1978 896//1977 860//1943
f 898//1979 897//1978 861//1944
f 877//1959 898//1979 862//1945
f 878//1960 912//1992 877//1959
f 899//1980 913//1993 878//1960
f 914//1994 899//1980 879//1961
f 915//1995 879//1961 880//1962
f 916//1996 880//1962 881//1963
f 900//1981 916//1996 881//1963
f 917//1997 900//1981 882//1964
f 901//1982 882//1964 865//1948
f 902//1983 901//1982 866//1949
f 918//1998 902//1983 883//1965
f 883//1965 903//1984 918//1998
f 867//1950 884//1966 903//1984
f 905//1986 904//1985 869//1952
f 870//1953 906//1987 905//1986
f 919//1999 906//1987 885//1967
f 907//1988 908//1989 871//1954
f 908//1989 903//1984 884//1966
f 920//2000 886//1968 889//1971
f 907//1988 886//1968 921//2001
f 904//1985 922//2002 887//1969
f 887//1969 923//2003 888//1970
f 888//1970 924//2004 909//1990
f 909//1990 925//2005 889//1971
f 890//1972 919//1999 885//1967
f 891//1973 926//2006 890//1972
f 891//1973 910//1991 926//2006
f 892//1974 927//2007 910//1991
f 893//1975 928//2008 892//1974
f 894//1754 929//1754 893//1754
f 930//1754 895//1754 911//1754
f 911//2009 876//1976 896//1977
f 931//2010 896//1977 897//1978
f 932//2011 897//1978 898//1979
f 912//1992 898//1979 877//1959
f 913//1993 912//1992 878//1960
f 933//2012 913//1993 899//1980
f 914//1994 933//2012 899//1980
f 915//1995 914//1994 879//1961
f 916//1996 915//1995 880//1962
f 934//2013 916//1996 900//1981
f 917//1997 934//2013 900//1981
f 901//1982 917//1997 882//1964
f 901//1982 902//1983 917//1997
f 902//1983 918//1998 935//2014
f 936//2015 918//1998 903//1984
f 905//1986 922//2002 904//1985
f 906//1987 937//2016 905//1986
f 919//1999 938//2017 906//1987
f 907//1988 921//2001 908//1989
f 903//1984 908//1989 936//2015
f 920//2000 921//2001 886//1968
f 920//2000 889//1971 925//2005
f 922//2002 923//2003 887//1969
f 923//2003 924//2004 888//1970
f 924//2004 939//2018 909//1990
f 909//1990 939//2018 925//2005
f 890//1972 926//2006 919//1999
f 910//1991 940//2019 926//2006
f 910//1991 927//2007 940//2019
f 892//1974 928//2008 927//2007
f 893//1754 929//1754 928//1754
f 941//1754 930//1754 911//1754
f 931//2010 911//2009 896//1977
f 932//2011 931//2010 897//1978
f 912//1992 932//2011 898//1979
f 913//1993 942//2020 912//1992
f 933//2012 943//2021 913//1993
f 944//2022 933//2012 914//1994
f 945//2023 914//1994 915//1995
f 946//2024 915//1995 916//1996
f 934//2013 946//2024 916//1996
f 947//2025 934//2013 917//1997
f 935//2014 917//1997 902//1983
f 948//2026 935//2014 918//1998
f 918//1998 936//2015 948//2026
f 937//2016 922//2002 905//1986
f 906//1987 938//2017 937//2016
f 919//1999 949//2027 938//2017
f 950//2028 908//1989 921//2001
f 950//2028 936//2015 908//1989
f 921//2001 920//2000 951//2029
f 925//2005 951//2029 920//2000
f 922//2002 952//2030 923//2003
f 923//2003 953//2031 924//2004
f 924//2004 954//2032 939//2018
f 939//2018 955//2033 925//2005
f 926//2006 949//2027 919//1999
f 926//2006 940//2019 949//2027
f 927//2007 956//2034 940//2019
f 928//2008 957//2035 927//2007
f 929//1754 958//1754 928//1754
f 959//1754 930//1754 941//1754
f 941//2036 911//2009 931//2010
f 960//2037 931//2010 932//2011
f 942//2020 932//2011 912//1992
f 943//2021 942//2020 913//1993
f 961//2038 943//2021 933//2012
f 944//2022 961//2038 933//2012
f 945//2023 944//2022 914//1994
f 946//2024 945//2023 915//1995
f 962//2039 946//2024 934//2013
f 947//2025 962//2039 934//2013
f 935//2014 947//2025 917//1997
f 948//2026 963//2040 935//2014
f 964//2041 948//2026 936//2015
f 937//2016 952//2030 922//2002
f 938//2017 965//2042 937//2016
f 949//2027 966//2043 938//2017
f 950//2028 921//2001 967//2044
f 936//2015 950//2028 964//2041
f 951//2029 967//2044 921//2001
f 925//2005 955//2033 951//2029
f 952//2030 953//2031 923//2003
f 953//2031 954//2032 924//2004
f 954//2032 968//2045 939//2018
f 939//2018 968//2045 955//2033
f 940//2019 969//2046 949//2027
f 940//2019 956//2034 969//2046
f 927//2007 957//2035 956//2034
f 928//1754 958//1754 957//1754
f 970//1754 959//1754 941//1754
f 960//2037 941//2036 931//2010
f 942//2020 960//2037 932//2011
f 943//2021 971//2047 942//2020
f 961//2038 972//2048 943//2021
f 973//2049 961//2038 944//2022
f 974//2050 944//2022 945//2023
f 975//2051 945//2023 946//2024
f 962//2039 975//2051 946//2024
f 976//2052 962//2039 947//2025
f 963//2040 947//2025 935//2014
f 977//2053 963//2040 948//2026
f 964//2041 977//2053 948//2026
f 937//2016 965//2042 952//2030
f 966//2043 965//2042 938//2017
f 949//2027 969//2046 966//2043
f 967//2044 964//2041 950//2028
f 967//2044 951//2029 978//2054
f 979//2055 951//2029 955//2033
f 980//2056 953//2031 952//2030
f 953//2031 981//2057 954//2032
f 954//2032 982//2058 968//2045
f 968//2045 983//2059 955//2033
f 956//2034 984//2060 969//2046
f 957//2035 985//2061 956//2034
f 958//1754 986//1754 957//1754
f 987//1754 959//1754 970//1754
f 970//2062 941//2036 960//2037
f 971//2047 960//2037 942//2020
f 972//2048 971//2047 943//2021
f 988//2063 972//2048 961//2038
f 973//2049 988//2063 961//2038
f 974//2050 973//2049 944//2022
f 975//2051 974//2050 945//2023
f 989//2064 975//2051 962//2039
f 976//2052 989//2064 962//2039
f 963//2040 976//2052 947//2025
f 977//2053 990//2065 963//2040
f 978//2054 977//2053 964//2041
f 965//2042 980//2056 952//2030
f 966//2043 991//2066 965//2042
f 969//2046 992//2067 966//2043
f 967//2044 978//2054 964//2041
f 979//2055 978//2054 951//2029
f 983//2059 979//2055 955//2033
f 980//2056 981//2057 953//2031
f 981//2057 982//2058 954//2032
f 982//2058 993//2068 968//2045
f 968//2045 993//2068 983//2059
f 969//2046 984//2060 992//2067
f 956//2034 985//2061 984//2060
f 957//1754 986//1754 985//1754
f 994//1754 987//1754 970//1754
f 971//2047 970//2062 960//2037
f 972//2048 994//2069 971//2047
f 988//2063 995//2070 972//2048
f 996//2071 988//2063 973//2049
f 997//2072 973//2049 974//2050
f 998//2073 974//2050 975//2051
f 989//2064 998//2073 975//2051
f 999//2074 989//2064 976//2052
f 990//2065 976//2052 963//2040
f 1000//2075 990//2065 977//2053
f 978//2054 1000//2075 977//2053
f 965//2042 991//2066 980//2056
f 966//2043 992//2067 991//2066
f 979//2055 1001//2076 978//2054
f 983//2059 1001//2076 979//2055
f 980//2056 1002//2077 981//2057
f 981//2057 1003//2078 982//2058
f 982//2058 1004//2079 993//2068
f 993//2068 1005//2080 983//2059
f 984//2060 1006//2081 992//2067
f 985//2061 1007//2082 984//2060
f 986//1754 1008//1754 985//1754
f 1009//1754 987//1754 994//1754
f 994//2069 970//2062 971//2047
f 995//2070 994//2069 972//2048
f 1010//2083 995//2070 988//2063
f 996//2071 1010//2083 988//2063
f 997//2072 996//2071 973//2049
f 998//2073 997//2072 974//2050
f 1011//2084 998//2073 989//2064
f 999//2074 1011//2084 989//2064
f 990//2065 999//2074 976//2052
f 1000//2075 1012//2085 990//2065
f 1001//2076 1000//2075 978//2054
f 991//2066 1002//2077 980//2056
f 992//2067 1013//2086 991//2066
f 1005//2080 1001//2076 983//2059
f 1002//2077 1003//2078 981//2057
f 1003//2078 1004//2079 982//2058
f 1004//2079 1014//2087 993//2068
f 993//2068 1014//2087 1005//2080
f 992//2067 1006//2081 1013//2086
f 984//2060 1007//2082 1006//2081
f 985//1754 1008//1754 1007//1754
f 995//1754 1009//1754 994//1754
f 1010//1754 1015//1754 995//1754
f 1016//2088 1010//2083 996//2071
f 1017//2089 996//2071 997//2072
f 1018//2090 997//2072 998//2073
f 1011//2084 1018//2090 998//2073
f 1019//2091 1011//2084 999//2074
f 1012//2085 999//2074 990//2065
f 1020//2092 1012//2085 1000//2075
f 1001//2076 1020//2092 1000//2075
f 991//2066 1013//2086 1002//2077
f 1005//2080 1020//2092 1001//2076
f 1002//2077 1021//2093 1003//2078
f 1003//2078 1022//2094 1004//2079
f 1004//2079 1023//2095 1014//2087
f 1014//2087 1024//2096 1005//2080
f 1006//2081 1025//2097 1013//2086
f 1007//2082 1026//2098 1006//2081
f 1008//1754 1027//1754 1007//1754
f 1015//1754 1009//1754 995//1754
f 1028//1754 1015//1754 1010//1754
f 1016//1754 1028//1754 1010//1754
f 1017//2089 1016//2088 996//2071
f 1018//2090 1017//2089 997//2072
f 1029//2099 1018//2090 1011//2084
f 1019//2091 1029//2099 1011//2084
f 1012//2085 1019//2091 999//2074
f 1020//2092 1030//2100 1012//2085
f 1013//2086 1021//2093 1002//2077
f 1024//2096 1020//2092 1005//2080
f 1021//2093 1022//2094 1003//2078
f 1022//2094 1023//2095 1004//2079
f 1023//2095 1031//2101 1014//2087
f 1031//2101 1024//2096 1014//2087
f 1013//2086 1025//2097 1021//2093
f 1006//2081 1026//2098 1025//2097
f 1007//1754 1027//1754 1026//1754
f 1032//1754 1028//1754 1016//1754
f 1033//2102 1016//2088 1017//2089
f 1018//2090 1029//2099 1017//2089
f 1019//2091 1030//2100 1029//2099
f 1030//2100 1019//2091 1012//2085
f 1020//2092 1024//2096 1030//2100
f 1021//2093 1034//2103 1022//2094
f 1022//2094 1035//2104 1023//2095
f 1023//2095 1036//2105 1031//2101
f 1031//2101 1037//2106 1024//2096
f 1025//2097 1034//2103 1021//2093
f 1026//2098 1038//2107 1025//2097
f 1027//1754 1039//1754 1026//1754
f 1033//1754 1032//1754 1016//1754
f 1040//2108 1033//2102 1017//2089
f 1040//2108 1017//2089 1029//2099
f 1041//2109 1029//2099 1030//2100
f 1037//2106 1030//2100 1024//2096
f 1034//2103 1035//2104 1022//2094
f 1035//2104 1036//2105 1023//2095
f 1036//2105 1042//2110 1031//2101
f 1037//2106 1031//2101 1043//2111
f 1025//2097 1038//2107 1034//2103
f 1026//1754 1039//1754 1038//1754
f 1044//1754 1032//1754 1033//1754
f 1040//2108 1045//2112 1033//2102
f 1040//2108 1029//2099 1045//2112
f 1041//2109 1045//2112 1029//2099
f 1037//2106 1041//2109 1030//2100
f 1034//2103 1046//2113 1035//2104
f 1035//2104 1047//2114 1036//2105
f 1042//2110 1043//2111 1031//2101
f 1036//2105 1048//2115 1042//2110
f 1043//2111 1045//2112 1037//2106
f 1038//2107 1046//2113 1034//2103
f 1039//1754 1049//1754 1038//1754
f 1050//1754 1044//1754 1033//1754
f 1050//2116 1033//2102 1045//2112
f 1041//2109 1037//2106 1045//2112
f 1046//2113 1047//2114 1035//2104
f 1047//2114 1048//2115 1036//2105
f 1042//2110 1051//2117 1043//2111
f 1048//2115 1051//2117 1042//2110
f 1045//2112 1043//2111 1050//2116
f 1038//1754 1049//1754 1046//1754
f 1052//1754 1044//1754 1050//1754
f 1046//1754 1053//1754 1047//1754
f 1047//1754 1054//1754 1048//1754
f 1051//2117 1055//2118 1043//2111
f 1048//1754 1056//1754 1051//1754
f 1055//2118 1050//2116 1043//2111
f 1049//1754 1053//1754 1046//1754
f 1055//1754 1052//1754 1050//1754
f 1053//1754 1054//1754 1047//1754
f 1054//1754 1056//1754 1048//1754
f 1051//1754 1057//1754 1055//1754
f 1056//1754 1057//1754 1051//1754
f 1057//1754 1052//1754 1055//1754
