# SSTK version 0.8.0
# 48
mtllib original-48.mtl
o mesh38/mesh38-geometry#mesh38-geometry
v -0.493208 -0.491474 0.243123
v -0.477351 -0.459291 0.241792
v -0.477351 -0.491474 0.241792
v -0.493208 -0.459291 0.243123
v 0.457605 -0.459291 0.237082
v -0.477345 -0.507337 0.243044
v -0.508570 -0.491474 0.246916
v 0.457605 -0.491474 0.237082
v -0.492960 -0.507337 0.244354
v 0.457612 -0.507337 0.238333
v -0.508570 -0.459291 0.246916
v 0.473475 -0.459291 0.238253
v -0.477326 -0.522718 0.246759
v 0.457630 -0.522718 0.242049
v -0.522971 -0.491474 0.253056
v -0.508089 -0.507337 0.248090
v 0.473475 -0.491474 0.238253
v 0.473240 -0.507337 0.239487
v -0.492226 -0.522718 0.248010
v 0.472543 -0.522718 0.243149
v -0.522971 -0.459291 0.253056
v 0.488874 -0.491474 0.241891
v -0.477295 -0.537150 0.252826
v 0.457661 -0.537150 0.248115
v 0.471404 -0.537150 0.249130
v -0.535973 -0.491474 0.261355
v -0.522272 -0.507337 0.254136
v -0.506662 -0.522718 0.251574
v 0.488874 -0.459291 0.241891
v 0.488406 -0.507337 0.243069
v 0.487014 -0.522718 0.246568
v -0.491028 -0.537150 0.253978
v 0.484741 -0.537150 0.252280
v -0.535973 -0.459291 0.261355
v 0.503337 -0.491474 0.247885
v 0.502648 -0.507337 0.248972
v -0.477254 -0.550194 0.261059
v 0.457702 -0.550194 0.256349
v 0.469859 -0.550194 0.257246
v 0.481656 -0.550194 0.260033
v -0.547182 -0.491474 0.271562
v -0.535076 -0.507337 0.262309
v -0.520195 -0.522718 0.257343
v -0.504332 -0.537150 0.257263
v 0.503337 -0.459291 0.247885
v 0.500604 -0.522718 0.252200
v 0.497265 -0.537150 0.257471
v -0.489401 -0.550194 0.262079
v 0.492734 -0.550194 0.264625
v -0.547182 -0.459291 0.271562
v -0.546115 -0.507337 0.272361
v 0.516422 -0.491474 0.256053
v 0.515535 -0.507337 0.257016
v 0.512900 -0.522718 0.259875
v -0.487395 -0.561454 0.272065
v -0.477203 -0.561454 0.271210
v 0.457753 -0.561454 0.266499
v 0.467954 -0.561454 0.267252
v 0.477853 -0.561454 0.269591
v -0.556256 -0.491474 0.283367
v -0.555051 -0.507337 0.283986
v -0.532413 -0.522718 0.265142
v -0.542946 -0.522718 0.274733
v -0.516804 -0.537150 0.262580
v -0.501169 -0.550194 0.264984
v 0.516422 -0.459291 0.256053
v 0.508597 -0.537150 0.264545
v 0.502758 -0.550194 0.270881
v -0.497270 -0.561454 0.274503
v 0.487149 -0.561454 0.273443
v -0.556256 -0.459291 0.283367
v -0.551473 -0.522718 0.285826
v 0.527733 -0.491474 0.266147
v 0.526674 -0.507337 0.266956
v 0.523528 -0.522718 0.269360
v 0.518393 -0.537150 0.273286
v 0.495560 -0.561454 0.278694
v -0.485072 -0.570587 0.283634
v -0.492753 -0.570587 0.285530
v -0.477144 -0.570587 0.282968
v 0.457813 -0.570587 0.278258
v 0.465747 -0.570587 0.278844
v 0.473447 -0.570587 0.280663
v -0.562920 -0.491474 0.296411
v -0.561614 -0.507337 0.296832
v -0.557735 -0.522718 0.298083
v -0.528064 -0.537150 0.269767
v -0.537771 -0.537150 0.278607
v -0.545629 -0.537150 0.288830
v -0.512201 -0.550194 0.269687
v 0.527733 -0.459291 0.266147
v 0.511423 -0.550194 0.278614
v 0.502830 -0.561454 0.285182
v -0.499954 -0.570587 0.288600
v 0.480678 -0.570587 0.283660
v -0.562920 -0.459291 0.296411
v -0.551400 -0.537150 0.300126
v -0.506527 -0.561454 0.278449
v 0.536925 -0.491474 0.277860
v 0.535726 -0.507337 0.278491
v 0.532167 -0.522718 0.280367
v 0.526354 -0.537150 0.283430
v 0.518465 -0.550194 0.287586
v 0.492876 -0.570587 0.292791
v -0.482501 -0.577317 0.296434
v -0.487756 -0.577317 0.297731
v -0.492681 -0.577317 0.299831
v -0.477078 -0.577317 0.295978
v 0.457878 -0.577317 0.291268
v 0.463306 -0.577317 0.291669
v 0.487221 -0.570587 0.287744
v 0.468573 -0.577317 0.292913
v -0.566972 -0.459291 0.310297
v -0.565604 -0.507337 0.310508
v -0.561542 -0.522718 0.311132
v -0.554909 -0.537150 0.312153
v -0.522161 -0.550194 0.276045
v -0.530748 -0.550194 0.283864
v -0.537699 -0.550194 0.292907
v -0.542804 -0.550194 0.302899
v 0.536925 -0.459291 0.277860
v 0.508739 -0.561454 0.292711
v 0.497473 -0.570587 0.298647
v -0.506455 -0.570587 0.292750
v -0.497128 -0.577317 0.302669
v 0.473519 -0.577317 0.294963
v -0.566972 -0.491474 0.310297
v -0.545907 -0.550194 0.313537
v -0.514885 -0.561454 0.283784
v 0.543720 -0.491474 0.290836
v 0.542418 -0.507337 0.291270
v 0.538552 -0.522718 0.292560
v 0.532239 -0.537150 0.294667
v 0.523670 -0.550194 0.297527
v 0.513107 -0.561454 0.301052
v 0.481863 -0.577317 0.301209
v 0.485007 -0.577317 0.305215
v -0.479762 -0.581438 0.310075
v -0.482429 -0.581438 0.310734
v -0.484930 -0.581438 0.311800
v -0.487188 -0.581438 0.313241
v -0.477008 -0.581438 0.309844
v 0.457948 -0.581438 0.305134
v 0.460704 -0.581438 0.305337
v 0.477995 -0.577317 0.297757
v 0.463378 -0.581438 0.305969
v -0.568287 -0.491474 0.324605
v -0.566900 -0.507337 0.324598
v -0.562778 -0.522718 0.324577
v -0.556049 -0.537150 0.324543
v -0.546915 -0.550194 0.324497
v -0.522089 -0.561454 0.290345
v -0.527922 -0.561454 0.297933
v -0.532206 -0.561454 0.306318
v 0.543720 -0.459291 0.290836
v 0.500870 -0.570587 0.305135
v 0.487331 -0.577317 0.309653
v -0.512059 -0.570587 0.297853
v -0.500962 -0.577317 0.306160
v 0.465889 -0.581438 0.307010
v -0.568287 -0.459291 0.324605
v -0.534810 -0.561454 0.315244
v 0.547912 -0.491474 0.304681
v 0.546546 -0.507337 0.304905
v 0.542490 -0.522718 0.305571
v 0.535868 -0.537150 0.306657
v 0.526881 -0.550194 0.308132
v 0.515801 -0.561454 0.309951
v 0.502966 -0.570587 0.312058
v 0.470126 -0.581438 0.310181
v 0.471722 -0.581438 0.312215
v 0.472902 -0.581438 0.314468
v -0.476936 -0.582826 0.324144
v -0.489134 -0.581438 0.315014
v 0.458020 -0.582826 0.319434
v 0.468161 -0.581438 0.308428
v -0.566757 -0.459291 0.628403
v -0.566757 -0.491474 0.628403
v -0.565369 -0.507337 0.628396
v -0.561248 -0.522718 0.628375
v -0.554518 -0.537150 0.628341
v -0.535656 -0.561454 0.324440
v -0.516596 -0.570587 0.303756
v -0.519928 -0.570587 0.310278
v 0.547912 -0.459291 0.304681
v 0.488765 -0.577317 0.314388
v 0.473630 -0.581438 0.316872
v -0.504065 -0.577317 0.310198
v -0.545385 -0.550194 0.628295
v -0.521954 -0.570587 0.317221
v 0.549371 -0.491474 0.318974
v 0.547984 -0.507337 0.318981
v 0.543862 -0.522718 0.319002
v 0.537133 -0.537150 0.319036
v 0.527999 -0.550194 0.319082
v 0.516740 -0.561454 0.319138
v 0.503696 -0.570587 0.319204
v 0.489264 -0.577317 0.319277
v -0.490710 -0.581438 0.317063
v -0.475406 -0.582826 0.627942
v -0.565297 -0.459291 0.642696
v -0.565297 -0.491474 0.642696
v -0.563931 -0.507337 0.642472
v -0.559876 -0.522718 0.641806
v -0.553254 -0.537150 0.640719
v -0.522612 -0.570587 0.324375
v -0.534125 -0.561454 0.628238
v -0.506344 -0.577317 0.314659
v 0.549371 -0.459291 0.318974
v 0.473883 -0.581438 0.319354
v -0.491867 -0.581438 0.319329
v 0.459551 -0.582826 0.623232
v -0.491269 -0.581438 0.628022
v -0.544266 -0.550194 0.639244
v -0.507730 -0.577317 0.319408
v 0.550902 -0.491474 0.622772
v 0.549514 -0.507337 0.622779
v 0.545393 -0.522718 0.622800
v 0.538663 -0.537150 0.622834
v 0.529530 -0.550194 0.622880
v 0.518270 -0.561454 0.622936
v 0.505226 -0.570587 0.623002
v 0.490795 -0.577317 0.623075
v 0.475414 -0.581438 0.623152
v -0.492571 -0.581438 0.321740
v -0.475334 -0.581438 0.642243
v -0.492799 -0.581438 0.324224
v -0.491015 -0.581438 0.630504
v -0.561106 -0.459291 0.656541
v -0.561106 -0.491474 0.656541
v -0.559804 -0.507337 0.656106
v -0.555937 -0.522718 0.654816
v -0.549624 -0.537150 0.652709
v -0.508180 -0.577317 0.324302
v -0.521081 -0.570587 0.628172
v -0.533187 -0.561454 0.637426
v 0.550902 -0.459291 0.622772
v 0.459623 -0.581438 0.637532
v -0.478089 -0.581438 0.642039
v -0.506650 -0.577317 0.628100
v -0.490287 -0.581438 0.632908
v -0.506150 -0.577317 0.632988
v -0.541056 -0.550194 0.649850
v 0.549586 -0.459291 0.637079
v 0.549586 -0.491474 0.637079
v 0.548218 -0.507337 0.636869
v 0.544156 -0.522718 0.636244
v 0.537524 -0.537150 0.635224
v 0.517424 -0.561454 0.632133
v 0.504568 -0.570587 0.630156
v 0.490345 -0.577317 0.627968
v 0.475185 -0.581438 0.625637
v 0.462376 -0.581438 0.637301
v -0.475264 -0.577317 0.656108
v -0.480691 -0.577317 0.655708
v -0.480763 -0.581438 0.641408
v -0.489107 -0.581438 0.635162
v -0.504717 -0.577317 0.637724
v -0.554311 -0.459291 0.669517
v -0.554311 -0.491474 0.669517
v -0.553112 -0.507337 0.668885
v -0.549552 -0.522718 0.667010
v -0.543739 -0.537150 0.663947
v -0.520351 -0.570587 0.635319
v -0.530493 -0.561454 0.646325
v 0.528522 -0.550194 0.633840
v 0.474482 -0.581438 0.628048
v 0.465044 -0.581438 0.636643
v 0.459693 -0.577317 0.651398
v -0.485958 -0.577317 0.654464
v -0.483275 -0.581438 0.640367
v -0.487511 -0.581438 0.637196
v -0.502393 -0.577317 0.642162
v -0.518256 -0.570587 0.642242
v -0.535850 -0.550194 0.659790
v 0.545535 -0.459291 0.650966
v 0.545535 -0.491474 0.650966
v 0.544228 -0.507337 0.650544
v 0.540349 -0.522718 0.649293
v 0.534015 -0.537150 0.647250
v 0.514820 -0.561454 0.641059
v 0.502543 -0.570587 0.637099
v 0.488959 -0.577317 0.632718
v 0.473324 -0.581438 0.630313
v 0.467545 -0.581438 0.635577
v 0.465116 -0.577317 0.650943
v -0.475198 -0.570587 0.669118
v -0.483133 -0.570587 0.668533
v -0.490833 -0.570587 0.666714
v -0.490905 -0.577317 0.652414
v -0.485547 -0.581438 0.638948
v -0.499249 -0.577317 0.646168
v -0.514858 -0.570587 0.648730
v -0.545118 -0.459291 0.681230
v -0.545118 -0.491474 0.681230
v -0.544059 -0.507337 0.680420
v -0.540914 -0.522718 0.678016
v -0.535778 -0.537150 0.674091
v -0.526125 -0.561454 0.654666
v 0.525418 -0.550194 0.644477
v 0.471749 -0.581438 0.632363
v 0.469802 -0.581438 0.634135
v 0.470370 -0.577317 0.649646
v 0.459758 -0.570587 0.664408
v -0.498064 -0.570587 0.663717
v -0.495380 -0.577317 0.649620
v -0.510262 -0.570587 0.654586
v -0.528808 -0.550194 0.668763
v 0.538871 -0.459291 0.664010
v 0.538871 -0.491474 0.664010
v 0.537666 -0.507337 0.663390
v 0.534087 -0.522718 0.661550
v 0.528244 -0.537150 0.658546
v 0.510537 -0.561454 0.649443
v 0.499211 -0.570587 0.643621
v 0.486680 -0.577317 0.637179
v 0.475296 -0.577317 0.647546
v 0.467686 -0.570587 0.663743
v -0.475139 -0.561454 0.680877
v -0.485339 -0.561454 0.680124
v -0.495238 -0.561454 0.677786
v -0.504534 -0.561454 0.673933
v -0.504606 -0.570587 0.659633
v -0.520216 -0.561454 0.662195
v -0.533807 -0.459291 0.691323
v -0.533807 -0.491474 0.691323
v -0.532920 -0.507337 0.690361
v -0.530285 -0.522718 0.687501
v -0.525983 -0.537150 0.682832
v 0.520313 -0.550194 0.654469
v 0.483576 -0.577317 0.641216
v 0.479743 -0.577317 0.644707
v 0.475368 -0.570587 0.661846
v 0.459817 -0.561454 0.676167
v -0.512945 -0.561454 0.668683
v -0.520144 -0.550194 0.676495
v 0.529797 -0.459291 0.675814
v 0.529797 -0.491474 0.675814
v 0.528729 -0.507337 0.675016
v 0.525560 -0.522718 0.672643
v 0.520385 -0.537150 0.668770
v 0.513362 -0.550194 0.663513
v 0.494674 -0.570587 0.649523
v 0.482568 -0.570587 0.658777
v 0.470010 -0.561454 0.675311
v -0.475088 -0.550194 0.691028
v -0.487244 -0.550194 0.690130
v -0.499041 -0.550194 0.687344
v -0.510120 -0.550194 0.682752
v -0.520722 -0.459291 0.699491
v -0.520722 -0.491474 0.699491
v -0.520034 -0.507337 0.698404
v -0.517989 -0.522718 0.695176
v -0.514651 -0.537150 0.689906
v 0.504704 -0.561454 0.657031
v 0.489069 -0.570587 0.654627
v 0.479884 -0.561454 0.672873
v 0.459868 -0.550194 0.686317
v 0.518588 -0.459291 0.686022
v 0.518588 -0.491474 0.686022
v 0.517691 -0.507337 0.685068
v 0.515028 -0.522718 0.682235
v 0.510678 -0.537150 0.677609
v 0.504776 -0.550194 0.671332
v 0.489141 -0.561454 0.668927
v 0.472015 -0.550194 0.685298
v 0.459910 -0.537150 0.694551
v -0.475046 -0.537150 0.699261
v -0.488789 -0.537150 0.698247
v -0.502126 -0.537150 0.695096
v -0.506260 -0.459291 0.705485
v -0.506260 -0.491474 0.705485
v -0.505791 -0.507337 0.704307
v -0.504399 -0.522718 0.700809
v 0.497499 -0.561454 0.663592
v 0.494815 -0.550194 0.677689
v 0.483784 -0.550194 0.682392
v 0.473642 -0.537150 0.693398
v 0.505586 -0.459291 0.694321
v 0.505586 -0.491474 0.694321
v 0.504886 -0.507337 0.693241
v 0.502809 -0.522718 0.690034
v 0.499418 -0.537150 0.684797
v 0.486946 -0.537150 0.690114
v 0.459941 -0.522718 0.700618
v 0.474841 -0.522718 0.699367
v -0.475016 -0.522718 0.705328
v -0.489928 -0.522718 0.704227
v -0.490860 -0.459291 0.709123
v -0.490860 -0.491474 0.709123
v -0.490625 -0.507337 0.707890
v 0.489277 -0.522718 0.695803
v 0.491185 -0.459291 0.700460
v 0.490704 -0.507337 0.699287
v 0.459959 -0.507337 0.704333
v 0.475575 -0.507337 0.703022
v -0.474997 -0.507337 0.709043
v -0.474991 -0.491474 0.710294
v 0.491185 -0.491474 0.700460
v -0.474991 -0.459291 0.710294
v 0.475822 -0.459291 0.704253
v 0.459966 -0.491474 0.705584
v 0.475822 -0.491474 0.704253
v 0.459966 -0.459291 0.705584
vn -0.16205095007967724 -0.039454993664416474 -0.9859933027425769
vn -0.0443757328534511 0 -0.9990149119676438
vn -0.04434155324390536 -0.03931300863748195 -0.9982426127990065
vn -0.1621784285795279 0 -0.9867614490359233
vn 0.03431106054468931 0 -0.9994112022207369
vn -0.04382769346992817 -0.1570899864669341 -0.9866113061570522
vn -0.3167008211348383 -0.03978098079161903 -0.9476909113523122
vn 0.034283571650569146 -0.039313020095189735 -0.9986386349255048
vn -0.16014349142109593 -0.1576410340231953 -0.974424633590284
vn 0.03388421957307423 -0.15708898376179134 -0.9870029943442985
vn -0.31695335953878445 0 -0.9484411251506749
vn 0.1522290199943238 0 -0.9883452460914496
vn -0.04216691928171894 -0.3119579736170915 -0.949159719760066
vn 0.032601655533730206 -0.3119580187815892 -0.9495363745398728
vn -0.46630662091329433 -0.04029601693005289 -0.8837049090686313
vn -0.31291301633858987 -0.15890103769744848 -0.9363951646738462
vn 0.15210964178765077 -0.03945501325290193 -0.9875757990171923
vn 0.15031888070514643 -0.15764104106084637 -0.9759884918772376
vn -0.15400955233696917 -0.3129728727363362 -0.9371921034239091
vn 0.14455946197906924 -0.31297401738946296 -0.9386958114274412
vn -0.46668690235574256 0 -0.8844225998749701
vn 0.30713575686554667 -0.03978100374365141 -0.9508338964276438
vn -0.03936928750246833 -0.46195217806850947 -0.886030611423391
vn 0.03044012071557201 -0.46195210116267077 -0.8863823414769808
vn 0.13486715519724055 -0.4632610392275567 -0.8758995718590161
vn -0.6073684570505254 -0.04095599371675736 -0.7933638282394383
vn -0.46059093756942726 -0.16089003523057774 -0.8729091503658439
vn -0.3007479135400375 -0.3152829174669829 -0.9000818709733143
vn 0.3073800768859226 0 -0.951586826481748
vn 0.30346412488480345 -0.15890007307553872 -0.9395000221844003
vn 0.291664468531053 -0.315282981784684 -0.9030661543837512
vn -0.1436841544226896 -0.46326007049243734 -0.8744969816158195
vn 0.2718507292054915 -0.4662298354616922 -0.8418592053044297
vn -0.6078807584958665 0 -0.7940283266045929
vn 0.4573781731362634 -0.04029600043898482 -0.8883588458990856
vn 0.45177116297675296 -0.16089003638070062 -0.8775062464142627
vn -0.035399759831945335 -0.6035837913628483 -0.7965133167800084
vn 0.027371345362586764 -0.6035831113906698 -0.7968301180910524
vn 0.12114885679918377 -0.6049610559561779 -0.7869847998993609
vn 0.2439041519706094 -0.6080819394006852 -0.7554780735575317
vn -0.7353026717569675 -0.04169401798027826 -0.676455164642658
vn -0.5996871983714303 -0.16343204763440197 -0.7833678764893613
vn -0.442263882970465 -0.3189209578445524 -0.8382673084806541
vn -0.28031818380581813 -0.4662290782264856 -0.8390781622971063
vn 0.4577525829873312 0 -0.889079621163609
vn 0.433794020713188 -0.31892206128693956 -0.8426811178719835
vn 0.40371818646909735 -0.47089209828060646 -0.7843929230245458
vn -0.12907216303297264 -0.6049622748946177 -0.7857232481505934
vn 0.361517605573294 -0.6129586543925545 -0.7025572637627633
vn -0.7359444867974342 0 -0.6770418837505263
vn -0.7256824501265935 -0.16627198183212677 -0.6676365850040583
vn 0.599343559705362 -0.04095601831352881 -0.799443495191253
vn 0.5917645985933552 -0.1634329761203194 -0.7893695726135509
vn 0.5675214376837807 -0.3235590200313778 -0.7571188667083056
vn -0.11015356748568718 -0.7334876121252518 -0.6707176115392918
vn -0.030243156961529294 -0.7322688187623912 -0.6803438311069869
vn 0.023385089997387563 -0.7322686350619343 -0.680614269370211
vn 0.10339067044319812 -0.733487632427068 -0.6717933181729632
vn 0.20786626865163169 -0.7362351121499668 -0.6440104610907911
vn -0.8444477093531163 -0.04242498481741593 -0.5339552292388537
vn -0.8330282414266321 -0.16907806183354937 -0.5267604370036373
vn -0.5751205523931461 -0.3235588793609327 -0.7513627631189211
vn -0.6949894343744912 -0.3287199552801186 -0.639478597850203
vn -0.4116022738730417 -0.4708909701725898 -0.7802853723814503
vn -0.25150182077445205 -0.6080832055288138 -0.75298183862623
vn 0.5998483514038707 0 -0.8001137139919916
vn 0.5271544579422065 -0.47680223327340415 -0.7033973328191917
vn 0.470889634556923 -0.6191029166808255 -0.6284699918247031
vn -0.21434265612922968 -0.7362349708734407 -0.6418841744633144
vn 0.30743627845536076 -0.7405048216087075 -0.5976081859076015
vn -0.8452098061890214 0 -0.5344346391486212
vn -0.796691312681439 -0.33379513439078823 -0.5038489461683544
vn 0.7284494709023497 -0.04169500458082208 -0.6838295803305762
vn 0.7189195787299554 -0.1662739483396069 -0.6749130413781476
vn 0.6885121029113955 -0.3287190141760079 -0.6464479049882377
vn 0.6381545836291765 -0.4833397000583254 -0.5992841243855875
vn 0.3993541929968233 -0.7458470490584641 -0.533130760645676
vn -0.08710427164287246 -0.8432002578215877 -0.5304961555668171
vn -0.16925814299808403 -0.8451691228466086 -0.5069919474858889
vn -0.023940667369669714 -0.8423239100427593 -0.5384396670158806
vn 0.018514583314840908 -0.8423240009042346 -0.5386534022034583
vn 0.08175597367048475 -0.8432010161194738 -0.5313454687717565
vn 0.16414179085681954 -0.8451700739113939 -0.5086698523196801
vn -0.9285041469640821 -0.04304898702861041 -0.36881815815698765
vn -0.9155942129089147 -0.17147195180292785 -0.36370950913139405
vn -0.8746099833581897 -0.3381089034815866 -0.3474762529967571
vn -0.5342157894894463 -0.4768022270542282 -0.6980495158198277
vn -0.6441584807400536 -0.4833410155937899 -0.5928248597481637
vn -0.7368333316575503 -0.4897309324536209 -0.4660903937612761
vn -0.36857850071508497 -0.6129589823611862 -0.6988785121559823
vn 0.7290847471409568 0 -0.6844234299659874
vn 0.568483728859982 -0.6258470154114829 -0.5339866696107586
vn 0.4806687257268665 -0.751662932785176 -0.4516197643869214
vn -0.24698112615678616 -0.8482139719487163 -0.46854389454277207
vn 0.24224717740995294 -0.8482139784719053 -0.47100886590569924
vn -0.9293667018205712 0 -0.3691578707641939
vn -0.8074056270598376 -0.4951302032336606 -0.3208461239253238
vn -0.31344157082853086 -0.7405051739424643 -0.5944799988569707
vn 0.8390258158867553 -0.04242697983713429 -0.5424349100652208
vn 0.8276785835669261 -0.16908007333807512 -0.53512623847522
vn 0.7915742175017038 -0.3337950639796744 -0.51185067495254
vn 0.7321000451725361 -0.48973083500530185 -0.47349047836612324
vn 0.6504153406435026 -0.6323881583787883 -0.42076727747994036
vn 0.3766251373223196 -0.85607736454821 -0.3539562852177298
vn -0.06041042665488364 -0.9278628043448385 -0.36799619110081394
vn -0.11724776912030214 -0.9289019337651144 -0.3512750462013256
vn -0.17077382585905448 -0.9305020600988038 -0.32404045511840585
vn -0.016619056064746465 -0.9273984886695773 -0.3737055661732919
vn 0.012853860906914554 -0.9273985149618932 -0.3738539456876988
vn 0.05670057340103713 -0.927862799943987 -0.36858604077758844
vn 0.31383072804563417 -0.8519950922753332 -0.4190640009271775
vn 0.1137031340641287 -0.928901917369998 -0.3524383991711689
vn -0.9824186773545013 0 -0.18669103455986472
vn -0.9675880316012169 -0.17308904176275594 -0.18388470497497478
vn -0.9235229917426041 -0.34101596549668833 -0.17553744614512123
vn -0.8514942775357857 -0.49874991608209185 -0.16188272462470124
vn -0.4772002164976853 -0.6191022224187044 -0.6236925457072444
vn -0.5738346436938545 -0.6258458419148024 -0.5282336451369782
vn -0.654622094067837 -0.6323868123294393 -0.4141941978710595
vn -0.7156776569933635 -0.6378717513161782 -0.2844734085170727
vn 0.8397834392604357 0 -0.5429215184019826
vn 0.5483311630133341 -0.7572533284780123 -0.35482436807160833
vn 0.42842997317132847 -0.8599687801760985 -0.2773111162770945
vn -0.3180364621933306 -0.8519953904878947 -0.4158805877928541
vn -0.2194029689246626 -0.9324772873811519 -0.2869641889597588
vn 0.16750031023683243 -0.9305018013430043 -0.3257453664566682
vn -0.9814898846673741 -0.04347099317596753 -0.18651509067075386
vn -0.7535933996209475 -0.6415289866834623 -0.14330927148176062
vn -0.4047059797043881 -0.7458469308708076 -0.5290797914323588
vn 0.9247420602797278 -0.04305101286168581 -0.37815173177071
vn 0.9118838113213599 -0.17147303885116524 -0.37291408071723064
vn 0.8710645280113637 -0.3381078969256257 -0.35627185978809867
vn 0.804131634284134 -0.4951299196639391 -0.3289660733223247
vn 0.7127738911750283 -0.6378730238893019 -0.29166999409182803
vn 0.5994179472356465 -0.761904670676301 -0.24535565478187185
vn 0.25918015861812804 -0.9345950597701597 -0.2436343974727166
vn 0.2941367162180608 -0.936600131345065 -0.19043052837416227
vn -0.030955270373266897 -0.9815678757403858 -0.18859023450493032
vn -0.06003062302481804 -0.9818560031689402 -0.1798752716199929
vn -0.08732657810164393 -0.9822982555007209 -0.16572328139793094
vn -0.11202051540879096 -0.9828419797662324 -0.1465368449801678
vn -0.008520742011461253 -0.9814388278919579 -0.19158607481138604
vn 0.006591114897762127 -0.9814387014409944 -0.19166280942900474
vn 0.0290527615809315 -0.9815678445505851 -0.18889283625601053
vn 0.21650090681725517 -0.9324772168070392 -0.289160158879304
vn 0.05821365838354198 -0.981855968045498 -0.18047168196435226
vn -0.9981124797889033 -0.04356900687314209 -0.043280703896012476
vn -0.9839166290340468 -0.17345704633506662 -0.0426698979023009
vn -0.9389344999227626 -0.3416769486922556 -0.04072919821382862
vn -0.8654569292488419 -0.49957389104269645 -0.037553042534861095
vn -0.7656829326930524 -0.6423589573338772 -0.03323577162487367
vn -0.4851942381649395 -0.7516621228140843 -0.44675564280506663
vn -0.5518781970275923 -0.7572525175148191 -0.3492836674725041
vn -0.6018602837463104 -0.7619046522298436 -0.23930210980961206
vn 0.9256011651810652 0 -0.3785003078142137
vn 0.46724468150626763 -0.8631830443430086 -0.1913045727703388
vn 0.3201644492697068 -0.9382452192576125 -0.1311130579464145
vn -0.3801713340673898 -0.856077536249705 -0.3501442683838426
vn -0.26162150847086213 -0.9345952678199947 -0.241010106995335
vn 0.08565290112824249 -0.9822981022135254 -0.1665953748338225
vn -0.9990611908607089 0 -0.043321321724784256
vn -0.6326988548921922 -0.7649882378314378 -0.1203542894859197
vn 0.979561147626361 -0.04347299683633975 -0.19639260833084862
vn 0.9656865923672254 -0.17308801173978133 -0.19362320499915722
vn 0.921708639049142 -0.341014033906686 -0.18483131060745064
vn 0.8498197425026508 -0.49875089649274074 -0.1704521883121939
vn 0.7521112284967937 -0.6415290529386588 -0.15089457977234144
vn 0.631454063294076 -0.764987889356367 -0.1267252740675349
vn 0.49144688003686143 -0.8653018601637693 -0.09865421886141079
vn 0.13211128912097658 -0.9834224219758342 -0.12420526253737482
vn 0.14969657960602958 -0.9839691330060686 -0.09693131251325035
vn 0.16273363727799528 -0.9844161693033529 -0.06665259869192316
vn -0.04940945698475732 -0.997304967573128 -0.0542356636765257
vn -0.13335697621503748 -0.9834222653229375 -0.12286807950759097
vn 0.048859549598051194 -0.9973050023810657 -0.0547309477240999
vn 0.11053825697619694 -0.9828420390458578 -0.14765778011620212
vn -0.9985741814389159 0 0.053381683783850185
vn -0.9976258936490812 -0.043569007671762236 0.053332146885065254
vn -0.9834369089830673 -0.17345705995431565 0.05257845948518528
vn -0.9384768255770345 -0.3416762090150179 0.05018581520686958
vn -0.8650344822654785 -0.49957401159061676 0.04627257756980535
vn -0.6426106174257208 -0.7656845790447278 -0.0279055511472541
vn -0.4312018816574697 -0.8599690290127756 -0.2729802307748335
vn -0.469147848040087 -0.8631839811389986 -0.18658432781020023
vn 0.9804883769964402 0 -0.19657706523113652
vn 0.3363174022570763 -0.9393246202297237 -0.06752675595152774
vn 0.17080255360454485 -0.984708148499416 -0.03429795855468629
vn -0.2960415418982141 -0.9366001087406838 -0.18745570617473123
vn -0.7653082028694747 -0.6423599528427517 0.040951747271061024
vn -0.492416096238276 -0.8653020334763731 -0.09369513875922594
vn 0.9976257756962423 -0.04356999767456035 -0.053333544501649455
vn 0.9834368397270973 -0.1734570281684696 -0.052579859704473965
vn 0.9384766181891012 -0.34167689706199167 -0.05018500898113928
vn 0.8650345392679737 -0.49957417267134807 -0.04626977278075559
vn 0.7653108492705731 -0.6423569936425927 -0.04094870824829951
vn 0.6422974637491139 -0.7656840533601406 -0.034378750579990916
vn 0.4997105656485638 -0.8657790854779404 -0.026756788450293008
vn 0.34187430261278706 -0.9395672838668084 -0.01831066083375145
vn -0.15066657731997343 -0.9839691884370054 -0.09541602949874504
vn -0.04885954959805086 -0.9973050023810657 0.05473094772409961
vn -0.9804886444448055 0.0000010000001597301867 0.19657573124317154
vn -0.9795614995289345 -0.04347101737732526 0.19639129127536584
vn -0.9656865141962941 -0.17309001761667012 0.19362180171889598
vn -0.9217076467290658 -0.34101510628197806 0.18483428050191017
vn -0.8498195289813656 -0.498750022093629 0.17045581135148918
vn -0.49995512264566117 -0.865778872891117 -0.021721385677459987
vn -0.6422970994868985 -0.7656842610577962 0.03438093016620926
vn -0.3214685234281896 -0.938245704630447 -0.12787879490914542
vn 0.9985740741477204 0 -0.053383690768090845
vn 0.17359163277531664 -0.9847738091680878 -0.00929998962226518
vn -0.1633982802855965 -0.9844159790314476 -0.06500909341981331
vn 0.04940881115985376 -0.997305040705006 0.05423490724760305
vn -0.17359163277531633 -0.9847738091680878 0.009299989622264897
vn -0.7521107483113832 -0.6415291026709674 0.1508967617302456
vn -0.33698067006081517 -0.939324629847461 -0.0641347625496064
vn 0.9981124619514014 -0.04356801093772871 0.0432821177883204
vn 0.9839167997009169 -0.17345607642190206 0.042669905303677876
vn 0.9389341983445482 -0.34167803490429216 0.040727038230419406
vn 0.865456929248842 -0.4995738910426964 0.03755304253486094
vn 0.765683841437262 -0.6423577231088724 0.033238690170687736
vn 0.6426109286199911 -0.7656842142568494 0.027908394006533336
vn 0.49995512264566144 -0.8657788728911169 0.02172138567745973
vn 0.34204156436332395 -0.9395672325668778 0.014865521669580524
vn 0.17367628159028003 -0.9847738536517836 0.007550256736633908
vn -0.17113922233297799 -0.9847081218714235 -0.03257731265339717
vn -0.006590355345389089 -0.9814388285240044 0.1916621847988057
vn -0.1736769104513595 -0.9847737369211781 -0.0075510162474236135
vn -0.17080201810977355 -0.9847081657687407 0.034300129416531516
vn -0.9255996088111753 0.000002000000468236209 0.3785041138014215
vn -0.9247404262302601 -0.043049986927830304 0.37815584448873785
vn -0.911881933878917 -0.17147503131931705 0.37291775540899885
vn -0.871063153664222 -0.33810986763795825 0.3562733497391887
vn -0.8041321293393695 -0.4951287562796139 0.32896661421660156
vn -0.34204213396433175 -0.9395670132319224 -0.014866278605312073
vn -0.4997106300479456 -0.8657790048124326 0.026758195811357688
vn -0.6314541093964665 -0.7649880796302908 0.1267238957335006
vn 0.9990611296320573 0 0.043322733735504486
vn 0.008522151581679335 -0.9814387952375384 0.1915861793948305
vn -0.029052761580931168 -0.9815678445505851 0.1888928362560102
vn -0.34187439177623263 -0.9395672239693638 0.018312069520795962
vn -0.16273501099921206 -0.9844159507275219 0.06665247293473461
vn -0.33631746864586015 -0.9393244957496112 0.06752815685608037
vn -0.712775517141968 -0.6378712172911861 0.2916699715679703
vn 0.9824189398003786 0 0.18668965349343783
vn 0.9814899273332195 -0.0434699950657863 0.1865150987786561
vn 0.9675881990797022 -0.17308807172208632 0.18388473680332607
vn 0.9235226768062507 -0.3410168492042581 0.1755373862839984
vn 0.8514933294039947 -0.4987508711160583 0.1618847693313773
vn 0.6326991487621647 -0.7649872103795441 0.12035927513638296
vn 0.4924166810149475 -0.8653013097947977 0.09369874879437365
vn 0.3369805412325414 -0.9393245800341797 0.06413616900186205
vn 0.17113859614558707 -0.9847082557105502 0.03257655667506269
vn 0.030955270373267233 -0.9815678757403858 0.18859023450493
vn -0.012852462672739047 -0.927398353364807 0.3738543946237495
vn -0.05670057340103684 -0.9278627999439872 0.36858604077758833
vn -0.058215064625323484 -0.9818559071223266 0.18047155980835952
vn -0.14969787146230826 -0.9839690867319589 0.09692978714269815
vn -0.3201644492697065 -0.9382452192576127 0.13111305794641426
vn -0.8397829011291248 9.999997871741209e-7 0.5429223507741696
vn -0.8390247748154129 -0.04242599287470345 0.5424365975619097
vn -0.8276785835669261 -0.16908007333807487 0.53512623847522
vn -0.7915753187052287 -0.3337949806156914 0.5118490263080372
vn -0.7321004823996198 -0.4897312017080802 0.4734894230537823
vn -0.49144740949674437 -0.8653016488983027 0.09865343436909593
vn -0.5994191393566548 -0.7619046759936293 0.24535272582950848
vn 0.7535926004994278 -0.641529142640813 0.1433127754774613
vn 0.16339765625431377 -0.984416132158859 0.0650083431260093
vn 0.060030623024818375 -0.9818560031689402 0.1798752716199926
vn 0.01661970061096109 -0.9273982151225608 0.37370621635061196
vn -0.1137031340641284 -0.9289019173699982 0.35243839917116876
vn -0.08565290112824216 -0.9822981022135254 0.16659537483382222
vn -0.1321120255986573 -0.9834222438548186 0.12420588948907886
vn -0.2941373520704328 -0.9366000880530566 0.19042975916594804
vn -0.46724435676138676 -0.8631838543774433 0.19130171096134646
vn -0.6504151083129894 -0.632386716723066 0.42076980332531333
vn 0.9293683523293979 0 0.36915371552855875
vn 0.9285057976541742 -0.04304898276142566 0.36881400299580863
vn 0.9155945433452448 -0.17147299290667667 0.36370818646277264
vn 0.874609094252813 -0.3381111047946791 0.34747634892866536
vn 0.8074056270598379 -0.49513020323366036 0.32084612392532363
vn 0.6018618992992586 -0.7619037721649012 0.2393008485835
vn 0.46915043266317447 -0.8631825486100255 0.18658445623110512
vn 0.32146953356714164 -0.9382454335056128 0.1278782448033639
vn 0.15066582483881283 -0.9839692401933166 0.0954166839657894
vn 0.08732581409542872 -0.9822982150049656 0.1657239240140929
vn 0.06041182889653261 -0.927862687431413 0.3679962556900979
vn -0.01851458331484063 -0.8423240009042348 0.5386534022034581
vn -0.08175670078109462 -0.8432006727264785 0.5313459018295001
vn -0.164141919838436 -0.8451691667155506 0.5086713180287386
vn -0.1674996066003997 -0.9305021167110268 0.3257448274109811
vn -0.1105389974906448 -0.9828418621829754 0.14765840299307287
vn -0.2591801586181278 -0.9345950597701598 0.2436343974727164
vn -0.42842844048025214 -0.8599695336085494 0.27731114772535354
vn -0.7290861144776158 0 0.684421973402325
vn -0.7284508381229253 -0.04169500849156444 0.68382812365747
vn -0.7189196982671855 -0.1662729759866921 0.6749131535982595
vn -0.6885123292381923 -0.32871812223171964 0.6464481174877463
vn -0.638154748590333 -0.4833409090398411 0.599282973644462
vn -0.5483299805681056 -0.7572521828294746 0.3548286403465437
vn 0.7156779981525017 -0.6378719564907551 0.2844720901654218
vn 0.1333569762150378 -0.9834222653229375 0.1228680795075907
vn 0.11202051540879127 -0.9828419797662324 0.14653684498016753
vn 0.11724776912030246 -0.9289019337651144 0.3512750462013254
vn 0.023940667369670012 -0.8423239100427593 0.5384396670158806
vn -0.24224732646840663 -0.8482131118784687 0.47101034983995177
vn -0.21650157342808382 -0.9324772907268826 0.2891594213955633
vn -0.37662447862691417 -0.8560773435293534 0.3539570369334816
vn -0.5684827026819479 -0.6258476006661746 0.5339870761468114
vn 0.8452109852729558 0 0.5344327744196826
vn 0.8444483410605403 -0.04242601098008628 0.5339541486611178
vn 0.833027959731405 -0.16908000465849218 0.5267602588753415
vn 0.7966910467493831 -0.3337960229715091 0.5038487779857921
vn 0.7368340763131608 -0.48973184823775545 0.4660882543095922
vn 0.551880271862881 -0.7572521254607851 0.34928123913785547
vn 0.43120213793744505 -0.8599693188362639 0.2729789129190548
vn 0.29604026176124093 -0.9366005191348648 0.1874556773550419
vn 0.17077305169035326 -0.9305019851091767 0.32404107845186103
vn 0.08710576748965548 -0.8432010161498292 0.5304947046238384
vn -0.02338650084576992 -0.7322686662192032 0.6806141873717738
vn -0.10339136576444498 -0.733487957866986 0.6717928558339108
vn -0.20786562804138875 -0.7362355364526972 0.6440101827946265
vn -0.3074364370122258 -0.7405054707742812 0.5976072999475391
vn -0.31383072804563406 -0.8519950922753334 0.41906400092717744
vn -0.4806690068687866 -0.7516610254020091 0.4516226397418258
vn -0.5998483514038707 0 0.8001137139919916
vn -0.5993435351583271 -0.04095701663651809 0.7994434624488183
vn -0.5917639180843154 -0.1634319675420874 0.7893702915861615
vn -0.5675210379299953 -0.3235571623878799 0.7571199602271517
vn -0.5271549575229285 -0.47680309772104307 0.7033963724406151
vn 0.6546235960612035 -0.6323873143490614 0.41419105752089785
vn 0.26162131621117757 -0.9345949773842037 0.24101144195276472
vn 0.219403733616369 -0.9324773055947764 0.286963545116629
vn 0.16925734864566327 -0.8451689533390684 0.5069924952513437
vn 0.030243156961529558 -0.7322688187623912 0.680343831106987
vn -0.3993549007649187 -0.745847157978649 0.5331300780955938
vn -0.47089153445267495 -0.6191038529835922 0.6284676459466118
vn 0.735943061296911 0 0.6770434332662353
vn 0.7353011859001317 -0.04169598313572931 0.6764566586295127
vn 0.7256816548480876 -0.16627297384177134 0.6676372023687377
vn 0.6949896628311213 -0.3287190633366089 0.6394788080593343
vn 0.6441601778667622 -0.4833401478900241 0.5928237231153209
vn 0.5738351454678438 -0.6258462681535916 0.5282325950413523
vn 0.3801703145171681 -0.8560772025611592 0.3501461912044417
vn 0.2469803369802337 -0.8482138731407185 0.46854448941029225
vn 0.11015575119567979 -0.7334877016917125 0.670717154950971
vn -0.027372107555243243 -0.6035821507857044 0.7968308195475922
vn -0.12114885679918364 -0.6049610559561779 0.7869847998993609
vn -0.2439034081567339 -0.6080829807666397 0.7554774755024058
vn -0.3615176456054952 -0.6129599103984462 0.7025561473364165
vn -0.45775142339221686 0 0.8890802181931614
vn -0.4573789772575692 -0.04029701406636006 0.8883583859119897
vn -0.45177322010218485 -0.1608890356051495 0.8775053708214827
vn -0.4337953441712491 -0.3189209977693068 0.8426808390827318
vn -0.4037188073818614 -0.4708909355776507 0.7843933014483054
vn 0.4851942381649399 -0.7516621228140842 0.4467556428050666
vn 0.3180377147683767 -0.8519949691496885 0.4158804930848882
vn 0.21434398594394993 -0.7362346959524347 0.6418840457321601
vn 0.03539902479988363 -0.6035822240047962 0.7965145371608991
vn 0.6078791727079843 0 0.7940295406267054
vn 0.6073676393340937 -0.04095698985194435 0.7933644028263418
vn 0.5996879904114782 -0.1634320562555296 0.7833672683641641
vn 0.575120738478241 -0.3235579840511801 0.7513630062286664
vn 0.5342159700313653 -0.4768018085428945 0.6980496635151918
vn 0.4772007016005177 -0.6191028652504186 0.6236915364430528
vn 0.3134407641141599 -0.7405050645390918 0.594480560475687
vn 0.1290728026287935 -0.6049612287156174 0.785723948580186
vn 0.03936990941892518 -0.4619518550201284 0.8860307522178944
vn -0.03044012071557185 -0.46195210116267044 0.8863823414769808
vn -0.13486655269208675 -0.4632592004738407 0.8759006371394478
vn -0.2718495248939353 -0.4662291879719906 0.8418599527818864
vn -0.3073800768859226 0 0.951586826481748
vn -0.30713576908356366 -0.039780005326025714 0.9508339342523011
vn -0.3034633184494675 -0.158899990873738 0.93950029657045
vn -0.2916638519136791 -0.31528413721783416 0.9030659501418938
vn 0.4047052975979043 -0.7458478706830426 0.5290789883313862
vn 0.3685762606505206 -0.6129598662727057 0.6988789182854395
vn 0.25150098547635263 -0.6080830244540594 0.7529822638516976
vn 0.14368476147965878 -0.4632589338174435 0.874497484019742
vn 0.4666905478989314 0 0.8844206762066313
vn 0.4663093850596471 -0.040297002540262465 0.8837034055561651
vn 0.4605917236682988 -0.16089104420562472 0.8729085496102609
vn 0.4422630305246114 -0.31892089147347136 0.8382677834755151
vn 0.41160078736751227 -0.4708900094206254 0.7802867363131883
vn 0.2803164769851479 -0.46622876885292497 0.8390789044091866
vn 0.042169080925509805 -0.3119599098771345 0.9491589873373943
vn 0.15401034024484825 -0.3129739286248951 0.9371916213340605
vn -0.032602297319658226 -0.3119609454650198 0.949535390975003
vn -0.14455941673566 -0.31297491943635364 0.9386955176396942
vn -0.1522290199943238 0 0.9883452460914496
vn -0.15211029304101237 -0.03945398494077169 0.9875757397907619
vn -0.15031888070514637 -0.15764104106084592 0.9759884918772376
vn 0.30074704610854747 -0.31528280526847274 0.9000822001123151
vn 0.3169554736509665 0 0.948440418646681
vn 0.312913743416592 -0.1589040207734443 0.9363944154911691
vn 0.04382768658501675 -0.15709096178935597 0.9866111511698521
vn 0.160143415684856 -0.15764395946966417 0.9744241727582061
vn -0.033885631519142506 -0.1570889934609349 0.9870029443269049
vn -0.034284310275365715 -0.03931199511892447 0.9986386499173321
vn 0.31670255405553666 -0.039783007435066624 0.9476902471662992
vn -0.03431106054468931 0 0.9994112022207369
vn 0.16217571854685056 0 0.986761894437464
vn 0.04434155324390537 -0.03931300863748151 0.9982426127990065
vn 0.16204958858399043 -0.03945600543853703 0.985993486020366
vn 0.044375118394425116 0 0.9990149392614109
vn 0.04434155324390536 0.03931300863748195 0.9982426127990065
vn 0.0443757328534511 0 0.9990149119676438
vn 0.16205095007967724 0.039454993664416474 0.9859933027425769
vn 0.1621784285795279 0 0.9867614490359233
vn 0.04382769346992817 0.1570899864669341 0.9866113061570522
vn 0.3167008211348383 0.03978098079161903 0.9476909113523122
vn -0.034283571650569146 0.039313020095189735 0.9986386349255048
vn 0.16014349142109593 0.1576410340231953 0.974424633590284
vn -0.03388421957307423 0.15708898376179134 0.9870029943442985
vn 0.31695335953878445 0 0.9484411251506749
vn 0.04216691928171894 0.3119579736170915 0.949159719760066
vn -0.032601655533730206 0.3119580187815892 0.9495363745398728
vn 0.46630662091329433 0.04029601693005289 0.8837049090686313
vn 0.31291301633858987 0.15890103769744848 0.9363951646738462
vn -0.15210964178765077 0.03945501325290193 0.9875757990171923
vn -0.15031888070514643 0.15764104106084637 0.9759884918772376
vn 0.15400955233696917 0.3129728727363362 0.9371921034239091
vn -0.14455946197906924 0.31297401738946296 0.9386958114274412
vn 0.46668690235574256 0 0.8844225998749701
vn -0.30713575686554667 0.03978100374365141 0.9508338964276438
vn 0.03936928750246833 0.46195217806850947 0.886030611423391
vn -0.03044012071557201 0.46195210116267077 0.8863823414769808
vn -0.13486715519724055 0.4632610392275567 0.8758995718590161
vn 0.6073684570505254 0.04095599371675736 0.7933638282394383
vn 0.46059093756942726 0.16089003523057774 0.8729091503658439
vn 0.3007479135400375 0.3152829174669829 0.9000818709733143
vn -0.30346412488480345 0.15890007307553872 0.9395000221844003
vn -0.291664468531053 0.315282981784684 0.9030661543837512
vn 0.1436841544226896 0.46326007049243734 0.8744969816158195
vn -0.2718507292054915 0.4662298354616922 0.8418592053044297
vn 0.6078807584958665 0 0.7940283266045929
vn -0.4573781731362634 0.04029600043898482 0.8883588458990856
vn -0.45177116297675296 0.16089003638070062 0.8775062464142627
vn 0.035399759831945335 0.6035837913628483 0.7965133167800084
vn -0.027371345362586764 0.6035831113906698 0.7968301180910524
vn -0.12114885679918377 0.6049610559561779 0.7869847998993609
vn -0.2439041519706094 0.6080819394006852 0.7554780735575317
vn 0.7353026717569675 0.04169401798027826 0.676455164642658
vn 0.5996871983714303 0.16343204763440197 0.7833678764893613
vn 0.442263882970465 0.3189209578445524 0.8382673084806541
vn 0.28031818380581813 0.4662290782264856 0.8390781622971063
vn -0.4577525829873312 0 0.889079621163609
vn -0.433794020713188 0.31892206128693956 0.8426811178719835
vn -0.40371818646909735 0.47089209828060646 0.7843929230245458
vn 0.12907216303297264 0.6049622748946177 0.7857232481505934
vn -0.361517605573294 0.6129586543925545 0.7025572637627633
vn 0.7359444867974342 0 0.6770418837505263
vn 0.7256824501265935 0.16627198183212677 0.6676365850040583
vn -0.599343559705362 0.04095601831352881 0.799443495191253
vn -0.5917645985933552 0.1634329761203194 0.7893695726135509
vn -0.5675214376837807 0.3235590200313778 0.7571188667083056
vn 0.11015356748568718 0.7334876121252518 0.6707176115392918
vn 0.030243156961529294 0.7322688187623912 0.6803438311069869
vn -0.023385089997387563 0.7322686350619343 0.680614269370211
vn -0.10339067044319812 0.733487632427068 0.6717933181729632
vn -0.20786626865163169 0.7362351121499668 0.6440104610907911
vn 0.8444477093531163 0.04242498481741593 0.5339552292388537
vn 0.8330282414266321 0.16907806183354937 0.5267604370036373
vn 0.5751205523931461 0.3235588793609327 0.7513627631189211
vn 0.6949894343744912 0.3287199552801186 0.639478597850203
vn 0.4116022738730417 0.4708909701725898 0.7802853723814503
vn 0.25150182077445205 0.6080832055288138 0.75298183862623
vn -0.5271544579422065 0.47680223327340415 0.7033973328191917
vn -0.470889634556923 0.6191029166808255 0.6284699918247031
vn 0.21434265612922968 0.7362349708734407 0.6418841744633144
vn -0.30743627845536076 0.7405048216087075 0.5976081859076015
vn 0.8452098061890214 0 0.5344346391486212
vn 0.796691312681439 0.33379513439078823 0.5038489461683544
vn -0.7284494709023497 0.04169500458082208 0.6838295803305762
vn -0.7189195787299554 0.1662739483396069 0.6749130413781476
vn -0.6885121029113955 0.3287190141760079 0.6464479049882377
vn -0.6381545836291765 0.4833397000583254 0.5992841243855875
vn -0.3993541929968233 0.7458470490584641 0.533130760645676
vn 0.08710427164287246 0.8432002578215877 0.5304961555668171
vn 0.16925814299808403 0.8451691228466086 0.5069919474858889
vn 0.023940667369669714 0.8423239100427593 0.5384396670158806
vn -0.018514583314840908 0.8423240009042346 0.5386534022034583
vn -0.08175597367048475 0.8432010161194738 0.5313454687717565
vn -0.16414179085681954 0.8451700739113939 0.5086698523196801
vn 0.9285041469640821 0.04304898702861041 0.36881815815698765
vn 0.9155942129089147 0.17147195180292785 0.36370950913139405
vn 0.8746099833581897 0.3381089034815866 0.3474762529967571
vn 0.5342157894894463 0.4768022270542282 0.6980495158198277
vn 0.6441584807400536 0.4833410155937899 0.5928248597481637
vn 0.7368333316575503 0.4897309324536209 0.4660903937612761
vn 0.36857850071508497 0.6129589823611862 0.6988785121559823
vn -0.7290847471409568 0 0.6844234299659874
vn -0.568483728859982 0.6258470154114829 0.5339866696107586
vn -0.4806687257268665 0.751662932785176 0.4516197643869214
vn 0.24698112615678616 0.8482139719487163 0.46854389454277207
vn -0.24224717740995294 0.8482139784719053 0.47100886590569924
vn 0.9293667018205712 0 0.3691578707641939
vn 0.8074056270598376 0.4951302032336606 0.3208461239253238
vn 0.31344157082853086 0.7405051739424643 0.5944799988569707
vn -0.8390258158867553 0.04242697983713429 0.5424349100652208
vn -0.8276785835669261 0.16908007333807512 0.53512623847522
vn -0.7915742175017038 0.3337950639796744 0.51185067495254
vn -0.7321000451725361 0.48973083500530185 0.47349047836612324
vn -0.6504153406435026 0.6323881583787883 0.42076727747994036
vn -0.3766251373223196 0.85607736454821 0.3539562852177298
vn 0.06041042665488364 0.9278628043448385 0.36799619110081394
vn 0.11724776912030214 0.9289019337651144 0.3512750462013256
vn 0.17077382585905448 0.9305020600988038 0.32404045511840585
vn 0.016619056064746465 0.9273984886695773 0.3737055661732919
vn -0.012853860906914554 0.9273985149618932 0.3738539456876988
vn -0.05670057340103713 0.927862799943987 0.36858604077758844
vn -0.31383072804563417 0.8519950922753332 0.4190640009271775
vn -0.1137031340641287 0.928901917369998 0.3524383991711689
vn 0.9824186773545013 0 0.18669103455986472
vn 0.9675880316012169 0.17308904176275594 0.18388470497497478
vn 0.9235229917426041 0.34101596549668833 0.17553744614512123
vn 0.8514942775357857 0.49874991608209185 0.16188272462470124
vn 0.4772002164976853 0.6191022224187044 0.6236925457072444
vn 0.5738346436938545 0.6258458419148024 0.5282336451369782
vn 0.654622094067837 0.6323868123294393 0.4141941978710595
vn 0.7156776569933635 0.6378717513161782 0.2844734085170727
vn -0.8397834392604357 0 0.5429215184019826
vn -0.5483311630133341 0.7572533284780123 0.35482436807160833
vn -0.42842997317132847 0.8599687801760985 0.2773111162770945
vn 0.3180364621933306 0.8519953904878947 0.4158805877928541
vn 0.2194029689246626 0.9324772873811519 0.2869641889597588
vn -0.16750031023683243 0.9305018013430043 0.3257453664566682
vn 0.9814898846673741 0.04347099317596753 0.18651509067075386
vn 0.7535933996209475 0.6415289866834623 0.14330927148176062
vn 0.4047059797043881 0.7458469308708076 0.5290797914323588
vn -0.9247420602797278 0.04305101286168581 0.37815173177071
vn -0.9118838113213599 0.17147303885116524 0.37291408071723064
vn -0.8710645280113637 0.3381078969256257 0.35627185978809867
vn -0.804131634284134 0.4951299196639391 0.3289660733223247
vn -0.7127738911750283 0.6378730238893019 0.29166999409182803
vn -0.5994179472356465 0.761904670676301 0.24535565478187185
vn -0.25918015861812804 0.9345950597701597 0.2436343974727166
vn -0.2941367162180608 0.936600131345065 0.19043052837416227
vn 0.030955270373266897 0.9815678757403858 0.18859023450493032
vn 0.06003062302481804 0.9818560031689402 0.1798752716199929
vn 0.08732657810164393 0.9822982555007209 0.16572328139793094
vn 0.11202051540879096 0.9828419797662324 0.1465368449801678
vn 0.008520742011461253 0.9814388278919579 0.19158607481138604
vn -0.006591114897762127 0.9814387014409944 0.19166280942900474
vn -0.0290527615809315 0.9815678445505851 0.18889283625601053
vn -0.21650090681725517 0.9324772168070392 0.289160158879304
vn -0.05821365838354198 0.981855968045498 0.18047168196435226
vn 0.9981124797889033 0.04356900687314209 0.043280703896012476
vn 0.9839166290340468 0.17345704633506662 0.0426698979023009
vn 0.9389344999227626 0.3416769486922556 0.04072919821382862
vn 0.8654569292488419 0.49957389104269645 0.037553042534861095
vn 0.7656829326930524 0.6423589573338772 0.03323577162487367
vn 0.4851942381649395 0.7516621228140843 0.44675564280506663
vn 0.5518781970275923 0.7572525175148191 0.3492836674725041
vn 0.6018602837463104 0.7619046522298436 0.23930210980961206
vn -0.9256011651810652 0 0.3785003078142137
vn -0.46724468150626763 0.8631830443430086 0.1913045727703388
vn -0.3201644492697068 0.9382452192576125 0.1311130579464145
vn 0.3801713340673898 0.856077536249705 0.3501442683838426
vn 0.26162150847086213 0.9345952678199947 0.241010106995335
vn -0.08565290112824249 0.9822981022135254 0.1665953748338225
vn 0.9990611908607089 0 0.043321321724784256
vn 0.6326988548921922 0.7649882378314378 0.1203542894859197
vn -0.979561147626361 0.04347299683633975 0.19639260833084862
vn -0.9656865923672254 0.17308801173978133 0.19362320499915722
vn -0.921708639049142 0.341014033906686 0.18483131060745064
vn -0.8498197425026508 0.49875089649274074 0.1704521883121939
vn -0.7521112284967937 0.6415290529386588 0.15089457977234144
vn -0.631454063294076 0.764987889356367 0.1267252740675349
vn -0.49144688003686143 0.8653018601637693 0.09865421886141079
vn -0.13211128912097658 0.9834224219758342 0.12420526253737482
vn -0.14969657960602958 0.9839691330060686 0.09693131251325035
vn -0.16273363727799528 0.9844161693033529 0.06665259869192316
vn 0.04940945698475732 0.997304967573128 0.0542356636765257
vn 0.13335697621503748 0.9834222653229375 0.12286807950759097
vn -0.048859549598051194 0.9973050023810657 0.0547309477240999
vn -0.11053825697619694 0.9828420390458578 0.14765778011620212
vn 0.9985741814389159 0 -0.053381683783850185
vn 0.9976258936490812 0.043569007671762236 -0.053332146885065254
vn 0.9834369089830673 0.17345705995431565 -0.05257845948518528
vn 0.9384768255770345 0.3416762090150179 -0.05018581520686958
vn 0.8650344822654785 0.49957401159061676 -0.04627257756980535
vn 0.6426106174257208 0.7656845790447278 0.0279055511472541
vn 0.4312018816574697 0.8599690290127756 0.2729802307748335
vn 0.469147848040087 0.8631839811389986 0.18658432781020023
vn -0.9804883769964402 0 0.19657706523113652
vn -0.3363174022570763 0.9393246202297237 0.06752675595152774
vn -0.17080255360454485 0.984708148499416 0.03429795855468629
vn 0.2960415418982141 0.9366001087406838 0.18745570617473123
vn 0.7653082028694747 0.6423599528427517 -0.040951747271061024
vn 0.492416096238276 0.8653020334763731 0.09369513875922594
vn -0.9976257756962423 0.04356999767456035 0.053333544501649455
vn -0.9834368397270973 0.1734570281684696 0.052579859704473965
vn -0.9384766181891012 0.34167689706199167 0.05018500898113928
vn -0.8650345392679737 0.49957417267134807 0.04626977278075559
vn -0.7653108492705731 0.6423569936425927 0.04094870824829951
vn -0.6422974637491139 0.7656840533601406 0.034378750579990916
vn -0.4997105656485638 0.8657790854779404 0.026756788450293008
vn -0.34187430261278706 0.9395672838668084 0.01831066083375145
vn 0.15066657731997343 0.9839691884370054 0.09541602949874504
vn 0.04885954959805086 0.9973050023810657 -0.05473094772409961
vn 0.9804886444448055 -0.0000010000001597301867 -0.19657573124317154
vn 0.9795614995289345 0.04347101737732526 -0.19639129127536584
vn 0.9656865141962941 0.17309001761667012 -0.19362180171889598
vn 0.9217076467290658 0.34101510628197806 -0.18483428050191017
vn 0.8498195289813656 0.498750022093629 -0.17045581135148918
vn 0.49995512264566117 0.865778872891117 0.021721385677459987
vn 0.6422970994868985 0.7656842610577962 -0.03438093016620926
vn 0.3214685234281896 0.938245704630447 0.12787879490914542
vn -0.9985740741477204 0 0.053383690768090845
vn -0.17359163277531664 0.9847738091680878 0.00929998962226518
vn 0.1633982802855965 0.9844159790314476 0.06500909341981331
vn -0.04940881115985376 0.997305040705006 -0.05423490724760305
vn 0.17359163277531633 0.9847738091680878 -0.009299989622264897
vn 0.7521107483113832 0.6415291026709674 -0.1508967617302456
vn 0.33698067006081517 0.939324629847461 0.0641347625496064
vn -0.9981124619514014 0.04356801093772871 -0.0432821177883204
vn -0.9839167997009169 0.17345607642190206 -0.042669905303677876
vn -0.9389341983445482 0.34167803490429216 -0.040727038230419406
vn -0.865456929248842 0.4995738910426964 -0.03755304253486094
vn -0.765683841437262 0.6423577231088724 -0.033238690170687736
vn -0.6426109286199911 0.7656842142568494 -0.027908394006533336
vn -0.49995512264566144 0.8657788728911169 -0.02172138567745973
vn -0.34204156436332395 0.9395672325668778 -0.014865521669580524
vn -0.17367628159028003 0.9847738536517836 -0.007550256736633908
vn 0.17113922233297799 0.9847081218714235 0.03257731265339717
vn 0.006590355345389089 0.9814388285240044 -0.1916621847988057
vn 0.1736769104513595 0.9847737369211781 0.0075510162474236135
vn 0.17080201810977355 0.9847081657687407 -0.034300129416531516
vn 0.9255996088111753 -0.000002000000468236209 -0.3785041138014215
vn 0.9247404262302601 0.043049986927830304 -0.37815584448873785
vn 0.911881933878917 0.17147503131931705 -0.37291775540899885
vn 0.871063153664222 0.33810986763795825 -0.3562733497391887
vn 0.8041321293393695 0.4951287562796139 -0.32896661421660156
vn 0.34204213396433175 0.9395670132319224 0.014866278605312073
vn 0.4997106300479456 0.8657790048124326 -0.026758195811357688
vn 0.6314541093964665 0.7649880796302908 -0.1267238957335006
vn -0.9990611296320573 0 -0.043322733735504486
vn -0.008522151581679335 0.9814387952375384 -0.1915861793948305
vn 0.029052761580931168 0.9815678445505851 -0.1888928362560102
vn 0.34187439177623263 0.9395672239693638 -0.018312069520795962
vn 0.16273501099921206 0.9844159507275219 -0.06665247293473461
vn 0.33631746864586015 0.9393244957496112 -0.06752815685608037
vn 0.712775517141968 0.6378712172911861 -0.2916699715679703
vn -0.9824189398003786 0 -0.18668965349343783
vn -0.9814899273332195 0.0434699950657863 -0.1865150987786561
vn -0.9675881990797022 0.17308807172208632 -0.18388473680332607
vn -0.9235226768062507 0.3410168492042581 -0.1755373862839984
vn -0.8514933294039947 0.4987508711160583 -0.1618847693313773
vn -0.6326991487621647 0.7649872103795441 -0.12035927513638296
vn -0.4924166810149475 0.8653013097947977 -0.09369874879437365
vn -0.3369805412325414 0.9393245800341797 -0.06413616900186205
vn -0.17113859614558707 0.9847082557105502 -0.03257655667506269
vn -0.030955270373267233 0.9815678757403858 -0.18859023450493
vn 0.012852462672739047 0.927398353364807 -0.3738543946237495
vn 0.05670057340103684 0.9278627999439872 -0.36858604077758833
vn 0.058215064625323484 0.9818559071223266 -0.18047155980835952
vn 0.14969787146230826 0.9839690867319589 -0.09692978714269815
vn 0.3201644492697065 0.9382452192576127 -0.13111305794641426
vn 0.8397829011291248 -9.999997871741209e-7 -0.5429223507741696
vn 0.8390247748154129 0.04242599287470345 -0.5424365975619097
vn 0.8276785835669261 0.16908007333807487 -0.53512623847522
vn 0.7915753187052287 0.3337949806156914 -0.5118490263080372
vn 0.7321004823996198 0.4897312017080802 -0.4734894230537823
vn 0.49144740949674437 0.8653016488983027 -0.09865343436909593
vn 0.5994191393566548 0.7619046759936293 -0.24535272582950848
vn -0.7535926004994278 0.641529142640813 -0.1433127754774613
vn -0.16339765625431377 0.984416132158859 -0.0650083431260093
vn -0.060030623024818375 0.9818560031689402 -0.1798752716199926
vn -0.01661970061096109 0.9273982151225608 -0.37370621635061196
vn 0.1137031340641284 0.9289019173699982 -0.35243839917116876
vn 0.08565290112824216 0.9822981022135254 -0.16659537483382222
vn 0.1321120255986573 0.9834222438548186 -0.12420588948907886
vn 0.2941373520704328 0.9366000880530566 -0.19042975916594804
vn 0.46724435676138676 0.8631838543774433 -0.19130171096134646
vn 0.6504151083129894 0.632386716723066 -0.42076980332531333
vn -0.9293683523293979 0 -0.36915371552855875
vn -0.9285057976541742 0.04304898276142566 -0.36881400299580863
vn -0.9155945433452448 0.17147299290667667 -0.36370818646277264
vn -0.874609094252813 0.3381111047946791 -0.34747634892866536
vn -0.8074056270598379 0.49513020323366036 -0.32084612392532363
vn -0.6018618992992586 0.7619037721649012 -0.2393008485835
vn -0.46915043266317447 0.8631825486100255 -0.18658445623110512
vn -0.32146953356714164 0.9382454335056128 -0.1278782448033639
vn -0.15066582483881283 0.9839692401933166 -0.0954166839657894
vn -0.08732581409542872 0.9822982150049656 -0.1657239240140929
vn -0.06041182889653261 0.927862687431413 -0.3679962556900979
vn 0.01851458331484063 0.8423240009042348 -0.5386534022034581
vn 0.08175670078109462 0.8432006727264785 -0.5313459018295001
vn 0.164141919838436 0.8451691667155506 -0.5086713180287386
vn 0.1674996066003997 0.9305021167110268 -0.3257448274109811
vn 0.1105389974906448 0.9828418621829754 -0.14765840299307287
vn 0.2591801586181278 0.9345950597701598 -0.2436343974727164
vn 0.42842844048025214 0.8599695336085494 -0.27731114772535354
vn 0.7290861144776158 0 -0.684421973402325
vn 0.7284508381229253 0.04169500849156444 -0.68382812365747
vn 0.7189196982671855 0.1662729759866921 -0.6749131535982595
vn 0.6885123292381923 0.32871812223171964 -0.6464481174877463
vn 0.638154748590333 0.4833409090398411 -0.599282973644462
vn 0.5483299805681056 0.7572521828294746 -0.3548286403465437
vn -0.7156779981525017 0.6378719564907551 -0.2844720901654218
vn -0.1333569762150378 0.9834222653229375 -0.1228680795075907
vn -0.11202051540879127 0.9828419797662324 -0.14653684498016753
vn -0.11724776912030246 0.9289019337651144 -0.3512750462013254
vn -0.023940667369670012 0.8423239100427593 -0.5384396670158806
vn 0.24224732646840663 0.8482131118784687 -0.47101034983995177
vn 0.21650157342808382 0.9324772907268826 -0.2891594213955633
vn 0.37662447862691417 0.8560773435293534 -0.3539570369334816
vn 0.5684827026819479 0.6258476006661746 -0.5339870761468114
vn -0.8452109852729558 0 -0.5344327744196826
vn -0.8444483410605403 0.04242601098008628 -0.5339541486611178
vn -0.833027959731405 0.16908000465849218 -0.5267602588753415
vn -0.7966910467493831 0.3337960229715091 -0.5038487779857921
vn -0.7368340763131608 0.48973184823775545 -0.4660882543095922
vn -0.551880271862881 0.7572521254607851 -0.34928123913785547
vn -0.43120213793744505 0.8599693188362639 -0.2729789129190548
vn -0.29604026176124093 0.9366005191348648 -0.1874556773550419
vn -0.17077305169035326 0.9305019851091767 -0.32404107845186103
vn -0.08710576748965548 0.8432010161498292 -0.5304947046238384
vn 0.02338650084576992 0.7322686662192032 -0.6806141873717738
vn 0.10339136576444498 0.733487957866986 -0.6717928558339108
vn 0.20786562804138875 0.7362355364526972 -0.6440101827946265
vn 0.3074364370122258 0.7405054707742812 -0.5976072999475391
vn 0.31383072804563406 0.8519950922753334 -0.41906400092717744
vn 0.4806690068687866 0.7516610254020091 -0.4516226397418258
vn 0.5993435351583271 0.04095701663651809 -0.7994434624488183
vn 0.5917639180843154 0.1634319675420874 -0.7893702915861615
vn 0.5675210379299953 0.3235571623878799 -0.7571199602271517
vn 0.5271549575229285 0.47680309772104307 -0.7033963724406151
vn -0.6546235960612035 0.6323873143490614 -0.41419105752089785
vn -0.26162131621117757 0.9345949773842037 -0.24101144195276472
vn -0.219403733616369 0.9324773055947764 -0.286963545116629
vn -0.16925734864566327 0.8451689533390684 -0.5069924952513437
vn -0.030243156961529558 0.7322688187623912 -0.680343831106987
vn 0.3993549007649187 0.745847157978649 -0.5331300780955938
vn 0.47089153445267495 0.6191038529835922 -0.6284676459466118
vn -0.735943061296911 0 -0.6770434332662353
vn -0.7353011859001317 0.04169598313572931 -0.6764566586295127
vn -0.7256816548480876 0.16627297384177134 -0.6676372023687377
vn -0.6949896628311213 0.3287190633366089 -0.6394788080593343
vn -0.6441601778667622 0.4833401478900241 -0.5928237231153209
vn -0.5738351454678438 0.6258462681535916 -0.5282325950413523
vn -0.3801703145171681 0.8560772025611592 -0.3501461912044417
vn -0.2469803369802337 0.8482138731407185 -0.46854448941029225
vn -0.11015575119567979 0.7334877016917125 -0.670717154950971
vn 0.027372107555243243 0.6035821507857044 -0.7968308195475922
vn 0.12114885679918364 0.6049610559561779 -0.7869847998993609
vn 0.2439034081567339 0.6080829807666397 -0.7554774755024058
vn 0.3615176456054952 0.6129599103984462 -0.7025561473364165
vn 0.45775142339221686 0 -0.8890802181931614
vn 0.4573789772575692 0.04029701406636006 -0.8883583859119897
vn 0.45177322010218485 0.1608890356051495 -0.8775053708214827
vn 0.4337953441712491 0.3189209977693068 -0.8426808390827318
vn 0.4037188073818614 0.4708909355776507 -0.7843933014483054
vn -0.4851942381649399 0.7516621228140842 -0.4467556428050666
vn -0.3180377147683767 0.8519949691496885 -0.4158804930848882
vn -0.21434398594394993 0.7362346959524347 -0.6418840457321601
vn -0.03539902479988363 0.6035822240047962 -0.7965145371608991
vn -0.6078791727079843 0 -0.7940295406267054
vn -0.6073676393340937 0.04095698985194435 -0.7933644028263418
vn -0.5996879904114782 0.1634320562555296 -0.7833672683641641
vn -0.575120738478241 0.3235579840511801 -0.7513630062286664
vn -0.5342159700313653 0.4768018085428945 -0.6980496635151918
vn -0.4772007016005177 0.6191028652504186 -0.6236915364430528
vn -0.3134407641141599 0.7405050645390918 -0.594480560475687
vn -0.1290728026287935 0.6049612287156174 -0.785723948580186
vn -0.03936990941892518 0.4619518550201284 -0.8860307522178944
vn 0.03044012071557185 0.46195210116267044 -0.8863823414769808
vn 0.13486655269208675 0.4632592004738407 -0.8759006371394478
vn 0.2718495248939353 0.4662291879719906 -0.8418599527818864
vn 0.30713576908356366 0.039780005326025714 -0.9508339342523011
vn 0.3034633184494675 0.158899990873738 -0.93950029657045
vn 0.2916638519136791 0.31528413721783416 -0.9030659501418938
vn -0.4047052975979043 0.7458478706830426 -0.5290789883313862
vn -0.3685762606505206 0.6129598662727057 -0.6988789182854395
vn -0.25150098547635263 0.6080830244540594 -0.7529822638516976
vn -0.14368476147965878 0.4632589338174435 -0.874497484019742
vn -0.4666905478989314 0 -0.8844206762066313
vn -0.4663093850596471 0.040297002540262465 -0.8837034055561651
vn -0.4605917236682988 0.16089104420562472 -0.8729085496102609
vn -0.4422630305246114 0.31892089147347136 -0.8382677834755151
vn -0.41160078736751227 0.4708900094206254 -0.7802867363131883
vn -0.2803164769851479 0.46622876885292497 -0.8390789044091866
vn -0.042169080925509805 0.3119599098771345 -0.9491589873373943
vn -0.15401034024484825 0.3129739286248951 -0.9371916213340605
vn 0.032602297319658226 0.3119609454650198 -0.949535390975003
vn 0.14455941673566 0.31297491943635364 -0.9386955176396942
vn 0.15211029304101237 0.03945398494077169 -0.9875757397907619
vn 0.15031888070514637 0.15764104106084592 -0.9759884918772376
vn -0.30074704610854747 0.31528280526847274 -0.9000822001123151
vn -0.3169554736509665 0 -0.948440418646681
vn -0.312913743416592 0.1589040207734443 -0.9363944154911691
vn -0.04382768658501675 0.15709096178935597 -0.9866111511698521
vn -0.160143415684856 0.15764395946966417 -0.9744241727582061
vn 0.033885631519142506 0.1570889934609349 -0.9870029443269049
vn 0.034284310275365715 0.03931199511892447 -0.9986386499173321
vn -0.31670255405553666 0.039783007435066624 -0.9476902471662992
vn -0.16217571854685056 0 -0.986761894437464
vn -0.04434155324390537 0.03931300863748151 -0.9982426127990065
vn -0.16204958858399043 0.03945600543853703 -0.985993486020366
vn -0.044375118394425116 0 -0.9990149392614109
usemtl material_0_0
f 1//1 2//2 3//3
f 2//2 1//1 4//4
f 5//5 3//3 2//2
f 6//6 1//1 3//3
f 7//7 4//4 1//1
f 3//3 5//5 8//8
f 1//1 6//6 9//9
f 3//3 10//10 6//6
f 4//4 7//7 11//11
f 9//9 7//7 1//1
f 12//12 8//8 5//5
f 10//10 3//3 8//8
f 13//13 9//9 6//6
f 14//14 6//6 10//10
f 15//15 11//11 7//7
f 7//7 9//9 16//16
f 8//8 12//12 17//17
f 8//8 18//18 10//10
f 9//9 13//13 19//19
f 6//6 14//14 13//13
f 10//10 20//20 14//14
f 11//11 15//15 21//21
f 16//16 15//15 7//7
f 19//19 16//16 9//9
f 12//12 22//22 17//17
f 18//18 8//8 17//17
f 20//20 10//10 18//18
f 23//23 19//19 13//13
f 24//24 13//13 14//14
f 25//25 14//14 20//20
f 26//26 21//21 15//15
f 15//15 16//16 27//27
f 16//16 19//19 28//28
f 22//22 12//12 29//29
f 30//30 17//17 22//22
f 17//17 30//30 18//18
f 18//18 31//31 20//20
f 19//19 23//23 32//32
f 13//13 24//24 23//23
f 14//14 25//25 24//24
f 20//20 33//33 25//25
f 21//21 26//26 34//34
f 27//27 26//26 15//15
f 28//28 27//27 16//16
f 32//32 28//28 19//19
f 29//29 35//35 22//22
f 22//22 36//36 30//30
f 31//31 18//18 30//30
f 33//33 20//20 31//31
f 37//37 32//32 23//23
f 38//38 23//23 24//24
f 39//39 24//24 25//25
f 40//40 25//25 33//33
f 41//41 34//34 26//26
f 26//26 27//27 42//42
f 27//27 28//28 43//43
f 28//28 32//32 44//44
f 35//35 29//29 45//45
f 36//36 22//22 35//35
f 46//46 30//30 36//36
f 30//30 46//46 31//31
f 31//31 47//47 33//33
f 32//32 37//37 48//48
f 23//23 38//38 37//37
f 24//24 39//39 38//38
f 25//25 40//40 39//39
f 33//33 49//49 40//40
f 34//34 41//41 50//50
f 26//26 51//51 41//41
f 43//43 42//42 27//27
f 51//51 26//26 42//42
f 44//44 43//43 28//28
f 48//48 44//44 32//32
f 45//45 52//52 35//35
f 35//35 53//53 36//36
f 36//36 54//54 46//46
f 47//47 31//31 46//46
f 49//49 33//33 47//47
f 37//37 55//55 48//48
f 38//38 56//56 37//37
f 39//39 57//57 38//38
f 40//40 58//58 39//39
f 49//49 59//59 40//40
f 60//60 50//50 41//41
f 61//61 41//41 51//51
f 42//42 43//43 62//62
f 42//42 63//63 51//51
f 43//43 44//44 64//64
f 44//44 48//48 65//65
f 52//52 45//45 66//66
f 53//53 35//35 52//52
f 54//54 36//36 53//53
f 67//67 46//46 54//54
f 46//46 67//67 47//47
f 47//47 68//68 49//49
f 55//55 37//37 56//56
f 69//69 48//48 55//55
f 56//56 38//38 57//57
f 57//57 39//39 58//58
f 58//58 40//40 59//59
f 59//59 49//49 70//70
f 50//50 60//60 71//71
f 41//41 61//61 60//60
f 51//51 72//72 61//61
f 64//64 62//62 43//43
f 63//63 42//42 62//62
f 72//72 51//51 63//63
f 65//65 64//64 44//44
f 48//48 69//69 65//65
f 66//66 73//73 52//52
f 52//52 74//74 53//53
f 53//53 75//75 54//54
f 54//54 76//76 67//67
f 68//68 47//47 67//67
f 77//77 49//49 68//68
f 56//56 78//78 55//55
f 55//55 79//79 69//69
f 57//57 80//80 56//56
f 58//58 81//81 57//57
f 59//59 82//82 58//58
f 49//49 77//77 70//70
f 70//70 83//83 59//59
f 84//84 71//71 60//60
f 85//85 60//60 61//61
f 86//86 61//61 72//72
f 62//62 64//64 87//87
f 62//62 88//88 63//63
f 63//63 89//89 72//72
f 64//64 65//65 90//90
f 69//69 90//90 65//65
f 73//73 66//66 91//91
f 74//74 52//52 73//73
f 75//75 53//53 74//74
f 76//76 54//54 75//75
f 92//92 67//67 76//76
f 67//67 92//92 68//68
f 68//68 93//93 77//77
f 78//78 56//56 80//80
f 79//79 55//55 78//78
f 94//94 69//69 79//79
f 80//80 57//57 81//81
f 81//81 58//58 82//82
f 82//82 59//59 83//83
f 77//77 95//95 70//70
f 83//83 70//70 95//95
f 71//71 84//84 96//96
f 60//60 85//85 84//84
f 61//61 86//86 85//85
f 72//72 97//97 86//86
f 90//90 87//87 64//64
f 88//88 62//62 87//87
f 89//89 63//63 88//88
f 97//97 72//72 89//89
f 90//90 69//69 98//98
f 91//91 99//99 73//73
f 73//73 100//100 74//74
f 74//74 101//101 75//75
f 75//75 102//102 76//76
f 76//76 103//103 92//92
f 93//93 68//68 92//92
f 104//104 77//77 93//93
f 80//80 105//105 78//78
f 78//78 106//106 79//79
f 69//69 94//94 98//98
f 79//79 107//107 94//94
f 81//81 108//108 80//80
f 82//82 109//109 81//81
f 83//83 110//110 82//82
f 95//95 77//77 111//111
f 95//95 112//112 83//83
f 84//84 113//113 96//96
f 114//114 84//84 85//85
f 115//115 85//85 86//86
f 116//116 86//86 97//97
f 87//87 90//90 117//117
f 87//87 118//118 88//88
f 88//88 119//119 89//89
f 89//89 120//120 97//97
f 98//98 117//117 90//90
f 99//99 91//91 121//121
f 100//100 73//73 99//99
f 101//101 74//74 100//100
f 102//102 75//75 101//101
f 103//103 76//76 102//102
f 122//122 92//92 103//103
f 92//92 122//122 93//93
f 77//77 104//104 111//111
f 93//93 123//123 104//104
f 105//105 80//80 108//108
f 106//106 78//78 105//105
f 107//107 79//79 106//106
f 124//124 98//98 94//94
f 125//125 94//94 107//107
f 108//108 81//81 109//109
f 109//109 82//82 110//110
f 110//110 83//83 112//112
f 111//111 126//126 95//95
f 112//112 95//95 126//126
f 113//113 84//84 127//127
f 84//84 114//114 127//127
f 85//85 115//115 114//114
f 86//86 116//116 115//115
f 97//97 128//128 116//116
f 118//118 87//87 117//117
f 119//119 88//88 118//118
f 120//120 89//89 119//119
f 128//128 97//97 120//120
f 117//117 98//98 129//129
f 121//121 130//130 99//99
f 99//99 131//131 100//100
f 100//100 132//132 101//101
f 101//101 133//133 102//102
f 102//102 134//134 103//103
f 103//103 135//135 122//122
f 123//123 93//93 122//122
f 136//136 111//111 104//104
f 137//137 104//104 123//123
f 108//108 138//138 105//105
f 105//105 139//139 106//106
f 106//106 140//140 107//107
f 98//98 124//124 129//129
f 94//94 125//125 124//124
f 107//107 141//141 125//125
f 109//109 142//142 108//108
f 110//110 143//143 109//109
f 112//112 144//144 110//110
f 126//126 111//111 145//145
f 126//126 146//146 112//112
f 147//147 113//113 127//127
f 148//148 127//127 114//114
f 149//149 114//114 115//115
f 150//150 115//115 116//116
f 151//151 116//116 128//128
f 117//117 152//152 118//118
f 118//118 153//153 119//119
f 153//153 120//120 119//119
f 154//154 128//128 120//120
f 152//152 117//117 129//129
f 130//130 121//121 155//155
f 131//131 99//99 130//130
f 132//132 100//100 131//131
f 133//133 101//101 132//132
f 134//134 102//102 133//133
f 135//135 103//103 134//134
f 156//156 122//122 135//135
f 122//122 156//156 123//123
f 111//111 136//136 145//145
f 104//104 137//137 136//136
f 123//123 157//157 137//137
f 138//138 108//108 142//142
f 139//139 105//105 138//138
f 140//140 106//106 139//139
f 141//141 107//107 140//140
f 124//124 152//152 129//129
f 125//125 158//158 124//124
f 141//141 159//159 125//125
f 142//142 109//109 143//143
f 143//143 110//110 144//144
f 144//144 112//112 146//146
f 145//145 160//160 126//126
f 146//146 126//126 160//160
f 113//113 147//147 161//161
f 127//127 148//148 147//147
f 114//114 149//149 148//148
f 115//115 150//150 149//149
f 116//116 151//151 150//150
f 162//162 151//151 128//128
f 153//153 118//118 152//152
f 120//120 153//153 154//154
f 128//128 154//154 162//162
f 155//155 163//163 130//130
f 130//130 164//164 131//131
f 131//131 165//165 132//132
f 132//132 166//166 133//133
f 133//133 167//167 134//134
f 134//134 168//168 135//135
f 135//135 169//169 156//156
f 157//157 123//123 156//156
f 170//170 145//145 136//136
f 171//171 136//136 137//137
f 172//172 137//137 157//157
f 138//138 142//142 173//173
f 139//139 138//138 173//173
f 140//140 139//139 173//173
f 141//141 140//140 173//173
f 152//152 124//124 158//158
f 158//158 125//125 159//159
f 159//159 141//141 174//174
f 143//143 173//173 142//142
f 143//143 144//144 175//175
f 144//144 146//146 175//175
f 160//160 145//145 176//176
f 146//146 160//160 175//175
f 147//147 177//177 161//161
f 148//148 178//178 147//147
f 149//149 179//179 148//148
f 150//150 180//180 149//149
f 151//151 181//181 150//150
f 151//151 162//162 182//182
f 158//158 153//153 152//152
f 183//183 154//154 153//153
f 184//184 162//162 154//154
f 163//163 155//155 185//185
f 164//164 130//130 163//163
f 165//165 131//131 164//164
f 166//166 132//132 165//165
f 167//167 133//133 166//166
f 168//168 134//134 167//167
f 169//169 135//135 168//168
f 186//186 156//156 169//169
f 156//156 186//186 157//157
f 145//145 170//170 176//176
f 136//136 171//171 170//170
f 137//137 172//172 171//171
f 157//157 187//187 172//172
f 141//141 173//173 174//174
f 159//159 183//183 158//158
f 174//174 188//188 159//159
f 173//173 143//143 175//175
f 160//160 176//176 175//175
f 177//177 147//147 178//178
f 178//178 148//148 179//179
f 179//179 149//149 180//180
f 180//180 150//150 181//181
f 181//181 151//151 189//189
f 190//190 182//182 162//162
f 182//182 189//189 151//151
f 153//153 158//158 183//183
f 154//154 183//183 184//184
f 162//162 184//184 190//190
f 185//185 191//191 163//163
f 163//163 192//192 164//164
f 164//164 193//193 165//165
f 165//165 194//194 166//166
f 166//166 195//195 167//167
f 167//167 196//196 168//168
f 168//168 197//197 169//169
f 169//169 198//198 186//186
f 187//187 157//157 186//186
f 176//176 170//170 175//175
f 175//175 170//170 171//171
f 175//175 171//171 172//172
f 175//175 172//172 187//187
f 174//174 173//173 199//199
f 183//183 159//159 188//188
f 188//188 174//174 199//199
f 175//175 200//200 173//173
f 178//178 201//201 177//177
f 179//179 202//202 178//178
f 180//180 203//203 179//179
f 181//181 204//204 180//180
f 189//189 205//205 181//181
f 182//182 190//190 206//206
f 189//189 182//182 207//207
f 188//188 184//184 183//183
f 208//208 190//190 184//184
f 191//191 185//185 209//209
f 192//192 163//163 191//191
f 193//193 164//164 192//192
f 194//194 165//165 193//193
f 195//195 166//166 194//194
f 196//196 167//167 195//195
f 197//197 168//168 196//196
f 198//198 169//169 197//197
f 210//210 186//186 198//198
f 186//186 210//210 187//187
f 175//175 187//187 210//210
f 199//199 173//173 211//211
f 199//199 208//208 188//188
f 200//200 175//175 212//212
f 213//213 173//173 200//200
f 201//201 178//178 202//202
f 202//202 179//179 203//203
f 203//203 180//180 204//204
f 204//204 181//181 205//205
f 205//205 189//189 214//214
f 215//215 206//206 190//190
f 206//206 207//207 182//182
f 207//207 214//214 189//189
f 184//184 188//188 208//208
f 190//190 208//208 215//215
f 209//209 216//216 191//191
f 191//191 217//217 192//192
f 192//192 218//218 193//193
f 193//193 219//219 194//194
f 194//194 220//220 195//195
f 195//195 221//221 196//196
f 196//196 222//222 197//197
f 197//197 223//223 198//198
f 198//198 224//224 210//210
f 210//210 212//212 175//175
f 211//211 173//173 225//225
f 208//208 199//199 211//211
f 212//212 226//226 200//200
f 173//173 213//213 227//227
f 213//213 200//200 228//228
f 202//202 229//229 201//201
f 203//203 230//230 202//202
f 204//204 231//231 203//203
f 205//205 232//232 204//204
f 214//214 233//233 205//205
f 206//206 215//215 234//234
f 207//207 206//206 235//235
f 214//214 207//207 236//236
f 211//211 215//215 208//208
f 216//216 209//209 237//237
f 217//217 191//191 216//216
f 218//218 192//192 217//217
f 219//219 193//193 218//218
f 220//220 194//194 219//219
f 221//221 195//195 220//220
f 222//222 196//196 221//221
f 223//223 197//197 222//222
f 224//224 198//198 223//223
f 212//212 210//210 224//224
f 225//225 173//173 227//227
f 215//215 211//211 225//225
f 226//226 212//212 238//238
f 200//200 226//226 239//239
f 240//240 227//227 213//213
f 228//228 200//200 241//241
f 242//242 213//213 228//228
f 229//229 202//202 230//230
f 230//230 203//203 231//231
f 231//231 204//204 232//232
f 232//232 205//205 233//233
f 233//233 214//214 243//243
f 225//225 234//234 215//215
f 234//234 235//235 206//206
f 235//235 236//236 207//207
f 236//236 243//243 214//214
f 244//244 216//216 237//237
f 245//245 217//217 216//216
f 246//246 218//218 217//217
f 247//247 219//219 218//218
f 248//248 220//220 219//219
f 220//220 249//249 221//221
f 221//221 250//250 222//222
f 222//222 251//251 223//223
f 223//223 252//252 224//224
f 212//212 224//224 252//252
f 234//234 225//225 227//227
f 212//212 253//253 238//238
f 238//238 254//254 226//226
f 226//226 255//255 239//239
f 200//200 239//239 256//256
f 227//227 240//240 234//234
f 213//213 242//242 240//240
f 241//241 200//200 257//257
f 258//258 228//228 241//241
f 228//228 258//258 242//242
f 230//230 259//259 229//229
f 231//231 260//260 230//230
f 232//232 261//261 231//231
f 233//233 262//262 232//232
f 243//243 263//263 233//233
f 235//235 234//234 240//240
f 236//236 235//235 264//264
f 243//243 236//236 265//265
f 216//216 244//244 245//245
f 217//217 245//245 246//246
f 218//218 246//246 247//247
f 219//219 247//247 248//248
f 220//220 248//248 266//266
f 249//249 220//220 266//266
f 250//250 221//221 249//249
f 251//251 222//222 250//250
f 252//252 223//223 251//251
f 212//212 252//252 267//267
f 212//212 268//268 253//253
f 253//253 269//269 238//238
f 254//254 238//238 269//269
f 255//255 226//226 254//254
f 270//270 239//239 255//255
f 239//239 270//270 256//256
f 200//200 256//256 271//271
f 264//264 240//240 242//242
f 257//257 200//200 272//272
f 273//273 241//241 257//257
f 241//241 273//273 258//258
f 274//274 242//242 258//258
f 259//259 230//230 260//260
f 260//260 231//231 261//261
f 261//261 232//232 262//262
f 262//262 233//233 263//263
f 263//263 243//243 275//275
f 240//240 264//264 235//235
f 264//264 265//265 236//236
f 265//265 275//275 243//243
f 276//276 245//245 244//244
f 277//277 246//246 245//245
f 278//278 247//247 246//246
f 279//279 248//248 247//247
f 280//280 266//266 248//248
f 266//266 281//281 249//249
f 249//249 282//282 250//250
f 250//250 283//283 251//251
f 251//251 267//267 252//252
f 212//212 267//267 284//284
f 212//212 285//285 268//268
f 268//268 286//286 253//253
f 269//269 253//253 286//286
f 269//269 287//287 254//254
f 254//254 288//288 255//255
f 255//255 289//289 270//270
f 290//290 256//256 270//270
f 256//256 290//290 271//271
f 200//200 271//271 291//291
f 242//242 274//274 264//264
f 272//272 200//200 291//291
f 292//292 257//257 272//272
f 257//257 292//292 273//273
f 293//293 258//258 273//273
f 258//258 293//293 274//274
f 260//260 294//294 259//259
f 261//261 295//295 260//260
f 262//262 296//296 261//261
f 263//263 297//297 262//262
f 275//275 298//298 263//263
f 265//265 264//264 274//274
f 275//275 265//265 299//299
f 245//245 276//276 277//277
f 246//246 277//277 278//278
f 247//247 278//278 279//279
f 248//248 279//279 280//280
f 266//266 280//280 300//300
f 281//281 266//266 300//300
f 282//282 249//249 281//281
f 283//283 250//250 282//282
f 267//267 251//251 283//283
f 283//283 284//284 267//267
f 212//212 284//284 301//301
f 212//212 302//302 285//285
f 285//285 303//303 268//268
f 286//286 268//268 303//303
f 286//286 304//304 269//269
f 287//287 269//269 304//304
f 288//288 254//254 287//287
f 289//289 255//255 288//288
f 305//305 270//270 289//289
f 270//270 305//305 290//290
f 306//306 271//271 290//290
f 271//271 306//306 291//291
f 291//291 292//292 272//272
f 307//307 273//273 292//292
f 273//273 307//307 293//293
f 299//299 274//274 293//293
f 294//294 260//260 295//295
f 295//295 261//261 296//296
f 296//296 262//262 297//297
f 297//297 263//263 298//298
f 298//298 275//275 308//308
f 274//274 299//299 265//265
f 299//299 308//308 275//275
f 309//309 277//277 276//276
f 310//310 278//278 277//277
f 311//311 279//279 278//278
f 312//312 280//280 279//279
f 313//313 300//300 280//280
f 300//300 314//314 281//281
f 281//281 315//315 282//282
f 282//282 316//316 283//283
f 284//284 283//283 316//316
f 316//316 301//301 284//284
f 212//212 301//301 302//302
f 302//302 317//317 285//285
f 303//303 285//285 317//317
f 303//303 318//318 286//286
f 304//304 286//286 318//318
f 304//304 319//319 287//287
f 287//287 320//320 288//288
f 288//288 321//321 289//289
f 289//289 322//322 305//305
f 323//323 290//290 305//305
f 290//290 323//323 306//306
f 292//292 291//291 306//306
f 306//306 307//307 292//292
f 324//324 293//293 307//307
f 293//293 324//324 299//299
f 295//295 325//325 294//294
f 296//296 326//326 295//295
f 297//297 327//327 296//296
f 298//298 328//328 297//297
f 308//308 329//329 298//298
f 308//308 299//299 324//324
f 277//277 309//309 310//310
f 278//278 310//310 311//311
f 279//279 311//311 312//312
f 280//280 312//312 313//313
f 300//300 313//313 330//330
f 314//314 300//300 330//330
f 315//315 281//281 314//314
f 316//316 282//282 315//315
f 301//301 316//316 331//331
f 331//331 302//302 301//301
f 317//317 302//302 332//332
f 317//317 333//333 303//303
f 318//318 303//303 333//333
f 318//318 334//334 304//304
f 319//319 304//304 334//334
f 320//320 287//287 319//319
f 321//321 288//288 320//320
f 322//322 289//289 321//321
f 335//335 305//305 322//322
f 305//305 335//335 323//323
f 307//307 306//306 323//323
f 323//323 324//324 307//307
f 325//325 295//295 326//326
f 326//326 296//296 327//327
f 327//327 297//297 328//328
f 328//328 298//298 329//329
f 329//329 308//308 336//336
f 324//324 336//336 308//308
f 337//337 310//310 309//309
f 338//338 311//311 310//310
f 339//339 312//312 311//311
f 340//340 313//313 312//312
f 341//341 330//330 313//313
f 342//342 314//314 330//330
f 314//314 343//343 315//315
f 315//315 331//331 316//316
f 302//302 331//331 332//332
f 332//332 344//344 317//317
f 333//333 317//317 344//344
f 333//333 345//345 318//318
f 334//334 318//318 345//345
f 334//334 346//346 319//319
f 319//319 347//347 320//320
f 320//320 348//348 321//321
f 321//321 349//349 322//322
f 349//349 335//335 322//322
f 324//324 323//323 335//335
f 326//326 350//350 325//325
f 327//327 351//351 326//326
f 328//328 352//352 327//327
f 329//329 353//353 328//328
f 336//336 354//354 329//329
f 336//336 324//324 335//335
f 310//310 337//337 338//338
f 311//311 338//338 339//339
f 312//312 339//339 340//340
f 313//313 340//340 341//341
f 330//330 341//341 342//342
f 314//314 342//342 355//355
f 343//343 314//314 355//355
f 331//331 315//315 343//343
f 343//343 332//332 331//331
f 344//344 332//332 356//356
f 344//344 357//357 333//333
f 345//345 333//333 357//357
f 345//345 358//358 334//334
f 346//346 334//334 358//358
f 347//347 319//319 346//346
f 348//348 320//320 347//347
f 349//349 321//321 348//348
f 335//335 349//349 336//336
f 350//350 326//326 351//351
f 351//351 327//327 352//352
f 352//352 328//328 353//353
f 353//353 329//329 354//354
f 354//354 336//336 349//349
f 359//359 338//338 337//337
f 360//360 339//339 338//338
f 361//361 340//340 339//339
f 362//362 341//341 340//340
f 363//363 342//342 341//341
f 364//364 355//355 342//342
f 355//355 356//356 343//343
f 332//332 343//343 356//356
f 356//356 365//365 344//344
f 357//357 344//344 365//365
f 357//357 366//366 345//345
f 358//358 345//345 366//366
f 367//367 346//346 358//358
f 368//368 347//347 346//346
f 369//369 348//348 347//347
f 370//370 349//349 348//348
f 351//351 371//371 350//350
f 352//352 372//372 351//351
f 353//353 373//373 352//352
f 354//354 374//374 353//353
f 349//349 370//370 354//354
f 338//338 359//359 360//360
f 339//339 360//360 361//361
f 340//340 361//361 362//362
f 341//341 362//362 363//363
f 342//342 363//363 364//364
f 355//355 364//364 375//375
f 356//356 355//355 375//375
f 365//365 356//356 375//375
f 376//376 357//357 365//365
f 366//366 357//357 377//377
f 378//378 358//358 366//366
f 346//346 367//367 368//368
f 358//358 378//378 367//367
f 347//347 368//368 369//369
f 348//348 369//369 370//370
f 371//371 351//351 372//372
f 372//372 352//352 373//373
f 373//373 353//353 374//374
f 374//374 354//354 370//370
f 379//379 360//360 359//359
f 380//380 361//361 360//360
f 381//381 362//362 361//361
f 382//382 363//363 362//362
f 383//383 364//364 363//363
f 376//376 375//375 364//364
f 375//375 376//376 365//365
f 357//357 376//376 377//377
f 384//384 366//366 377//377
f 366//366 384//384 378//378
f 385//385 368//368 367//367
f 386//386 367//367 378//378
f 387//387 369//369 368//368
f 388//388 370//370 369//369
f 372//372 389//389 371//371
f 373//373 390//390 372//372
f 374//374 391//391 373//373
f 370//370 388//388 374//374
f 360//360 379//379 380//380
f 361//361 380//380 381//381
f 362//362 381//381 382//382
f 363//363 382//382 383//383
f 364//364 383//383 376//376
f 383//383 377//377 376//376
f 377//377 383//383 384//384
f 392//392 378//378 384//384
f 368//368 385//385 387//387
f 367//367 386//386 385//385
f 378//378 392//392 386//386
f 369//369 387//387 388//388
f 389//389 372//372 390//390
f 390//390 373//373 391//391
f 391//391 374//374 388//388
f 393//393 380//380 379//379
f 380//380 394//394 381//381
f 381//381 392//392 382//382
f 382//382 384//384 383//383
f 384//384 382//382 392//392
f 395//395 387//387 385//385
f 396//396 385//385 386//386
f 394//394 386//386 392//392
f 397//397 388//388 387//387
f 398//398 389//389 390//390
f 391//391 398//398 390//390
f 388//388 397//397 391//391
f 380//380 393//393 399//399
f 394//394 380//380 399//399
f 392//392 381//381 394//394
f 387//387 395//395 397//397
f 385//385 396//396 395//395
f 386//386 394//394 396//396
f 389//389 398//398 400//400
f 398//398 391//391 397//397
f 401//401 399//399 393//393
f 399//399 396//396 394//394
f 402//402 397//397 395//395
f 403//403 395//395 396//396
f 402//402 400//400 398//398
f 397//397 402//402 398//398
f 399//399 401//401 403//403
f 396//396 399//399 403//403
f 395//395 403//403 402//402
f 400//400 402//402 404//404
f 404//404 403//403 401//401
f 403//403 404//404 402//402
usemtl material_1_0
f 3//405 2//406 1//407
f 4//408 1//407 2//406
f 2//406 3//405 5//400
f 3//405 1//407 6//409
f 1//407 4//408 7//410
f 8//411 5//400 3//405
f 9//412 6//409 1//407
f 6//409 10//413 3//405
f 11//414 7//410 4//408
f 1//407 7//410 9//412
f 5//400 8//411 12//389
f 8//411 3//405 10//413
f 6//409 9//412 13//415
f 10//413 6//409 14//416
f 7//410 11//414 15//417
f 16//418 9//412 7//410
f 17//419 12//389 8//411
f 10//413 18//420 8//411
f 19//421 13//415 9//412
f 13//415 14//416 6//409
f 14//416 20//422 10//413
f 21//423 15//417 11//414
f 7//410 15//417 16//418
f 9//412 16//418 19//421
f 17//419 22//424 12//389
f 17//419 8//411 18//420
f 18//420 10//413 20//422
f 13//415 19//421 23//425
f 14//416 13//415 24//426
f 20//422 14//416 25//427
f 15//417 21//423 26//428
f 27//429 16//418 15//417
f 28//430 19//421 16//418
f 29//371 12//389 22//424
f 22//424 17//419 30//431
f 18//420 30//431 17//419
f 20//422 31//432 18//420
f 32//433 23//425 19//421
f 23//425 24//426 13//415
f 24//426 25//427 14//416
f 25//427 33//434 20//422
f 34//435 26//428 21//423
f 15//417 26//428 27//429
f 16//418 27//429 28//430
f 19//421 28//430 32//433
f 22//424 35//436 29//371
f 30//431 36//437 22//424
f 30//431 18//420 31//432
f 31//432 20//422 33//434
f 23//425 32//433 37//438
f 24//426 23//425 38//439
f 25//427 24//426 39//440
f 33//434 25//427 40//441
f 26//428 34//435 41//442
f 42//443 27//429 26//428
f 43//444 28//430 27//429
f 44//445 32//433 28//430
f 45//446 29//371 35//436
f 35//436 22//424 36//437
f 36//437 30//431 46//447
f 31//432 46//447 30//431
f 33//434 47//448 31//432
f 48//449 37//438 32//433
f 37//438 38//439 23//425
f 38//439 39//440 24//426
f 39//440 40//441 25//427
f 40//441 49//450 33//434
f 50//451 41//442 34//435
f 41//442 51//452 26//428
f 27//429 42//443 43//444
f 42//443 26//428 51//452
f 28//430 43//444 44//445
f 32//433 44//445 48//449
f 35//436 52//453 45//446
f 36//437 53//454 35//436
f 46//447 54//455 36//437
f 46//447 31//432 47//448
f 47//448 33//434 49//450
f 48//449 55//456 37//438
f 37//438 56//457 38//439
f 38//439 57//458 39//440
f 39//440 58//459 40//441
f 40//441 59//460 49//450
f 41//442 50//451 60//461
f 51//452 41//442 61//462
f 62//463 43//444 42//443
f 51//452 63//464 42//443
f 64//465 44//445 43//444
f 65//466 48//449 44//445
f 66//325 45//446 52//453
f 52//453 35//436 53//454
f 53//454 36//437 54//455
f 54//455 46//447 67//467
f 47//448 67//467 46//447
f 49//450 68//468 47//448
f 56//457 37//438 55//456
f 55//456 48//449 69//469
f 57//458 38//439 56//457
f 58//459 39//440 57//458
f 59//460 40//441 58//459
f 70//470 49//450 59//460
f 71//471 60//461 50//451
f 60//461 61//462 41//442
f 61//462 72//472 51//452
f 43//444 62//463 64//465
f 62//463 42//443 63//464
f 63//464 51//452 72//472
f 44//445 64//465 65//466
f 65//466 69//469 48//449
f 52//453 73//473 66//325
f 53//454 74//474 52//453
f 54//455 75//475 53//454
f 67//467 76//476 54//455
f 67//467 47//448 68//468
f 68//468 49//450 77//477
f 55//456 78//478 56//457
f 69//469 79//479 55//456
f 56//457 80//480 57//458
f 57//458 81//481 58//459
f 58//459 82//482 59//460
f 70//470 77//477 49//450
f 59//460 83//483 70//470
f 60//461 71//471 84//484
f 61//462 60//461 85//485
f 72//472 61//462 86//486
f 87//487 64//465 62//463
f 63//464 88//488 62//463
f 72//472 89//489 63//464
f 90//490 65//466 64//465
f 65//466 90//490 69//469
f 91//491 66//325 73//473
f 73//473 52//453 74//474
f 74//474 53//454 75//475
f 75//475 54//455 76//476
f 76//476 67//467 92//492
f 68//468 92//492 67//467
f 77//477 93//493 68//468
f 80//480 56//457 78//478
f 78//478 55//456 79//479
f 79//479 69//469 94//494
f 81//481 57//458 80//480
f 82//482 58//459 81//481
f 83//483 59//460 82//482
f 70//470 95//495 77//477
f 95//495 70//470 83//483
f 96//496 84//484 71//471
f 84//484 85//485 60//461
f 85//485 86//486 61//462
f 86//486 97//497 72//472
f 64//465 87//487 90//490
f 87//487 62//463 88//488
f 88//488 63//464 89//489
f 89//489 72//472 97//497
f 98//498 69//469 90//490
f 73//473 99//499 91//491
f 74//474 100//500 73//473
f 75//475 101//501 74//474
f 76//476 102//502 75//475
f 92//492 103//503 76//476
f 92//492 68//468 93//493
f 93//493 77//477 104//504
f 78//478 105//505 80//480
f 79//479 106//506 78//478
f 98//498 94//494 69//469
f 94//494 107//507 79//479
f 80//480 108//508 81//481
f 81//481 109//509 82//482
f 82//482 110//510 83//483
f 111//511 77//477 95//495
f 83//483 112//512 95//495
f 96//496 113//513 84//484
f 85//485 84//484 114//514
f 86//486 85//485 115//515
f 97//497 86//486 116//516
f 117//517 90//490 87//487
f 88//488 118//518 87//487
f 89//489 119//519 88//488
f 97//497 120//520 89//489
f 90//490 117//517 98//498
f 121//521 91//491 99//499
f 99//499 73//473 100//500
f 100//500 74//474 101//501
f 101//501 75//475 102//502
f 102//502 76//476 103//503
f 103//503 92//492 122//522
f 93//493 122//522 92//492
f 111//511 104//504 77//477
f 104//504 123//523 93//493
f 108//508 80//480 105//505
f 105//505 78//478 106//506
f 106//506 79//479 107//507
f 94//494 98//498 124//524
f 107//507 94//494 125//525
f 109//509 81//481 108//508
f 110//510 82//482 109//509
f 112//512 83//483 110//510
f 95//495 126//526 111//511
f 126//526 95//495 112//512
f 127//527 84//484 113//513
f 127//527 114//514 84//484
f 114//514 115//515 85//485
f 115//515 116//516 86//486
f 116//516 128//528 97//497
f 117//517 87//487 118//518
f 118//518 88//488 119//519
f 119//519 89//489 120//520
f 120//520 97//497 128//528
f 129//529 98//498 117//517
f 99//499 130//530 121//521
f 100//500 131//531 99//499
f 101//501 132//532 100//500
f 102//502 133//533 101//501
f 103//503 134//534 102//502
f 122//522 135//535 103//503
f 122//522 93//493 123//523
f 104//504 111//511 136//536
f 123//523 104//504 137//537
f 105//505 138//538 108//508
f 106//506 139//539 105//505
f 107//507 140//540 106//506
f 129//529 124//524 98//498
f 124//524 125//525 94//494
f 125//525 141//541 107//507
f 108//508 142//542 109//509
f 109//509 143//543 110//510
f 110//510 144//544 112//512
f 145//545 111//511 126//526
f 112//512 146//546 126//526
f 127//527 113//513 147//547
f 114//514 127//527 148//548
f 115//515 114//514 149//549
f 116//516 115//515 150//550
f 128//528 116//516 151//551
f 118//518 152//552 117//517
f 119//519 153//553 118//518
f 119//519 120//520 153//553
f 120//520 128//528 154//554
f 129//529 117//517 152//552
f 155//555 121//521 130//530
f 130//530 99//499 131//531
f 131//531 100//500 132//532
f 132//532 101//501 133//533
f 133//533 102//502 134//534
f 134//534 103//503 135//535
f 135//535 122//522 156//556
f 123//523 156//556 122//522
f 145//545 136//536 111//511
f 136//536 137//537 104//504
f 137//537 157//557 123//523
f 142//542 108//508 138//538
f 138//538 105//505 139//539
f 139//539 106//506 140//540
f 140//540 107//507 141//541
f 129//529 152//552 124//524
f 124//524 158//558 125//525
f 125//525 159//559 141//541
f 143//543 109//509 142//542
f 144//544 110//510 143//543
f 146//546 112//512 144//544
f 126//526 160//560 145//545
f 160//560 126//526 146//546
f 161//561 147//547 113//513
f 147//547 148//548 127//527
f 148//548 149//549 114//514
f 149//549 150//550 115//515
f 150//550 151//551 116//516
f 128//528 151//551 162//562
f 152//552 118//518 153//553
f 154//554 153//553 120//520
f 162//562 154//554 128//528
f 130//530 163//563 155//555
f 131//531 164//564 130//530
f 132//532 165//565 131//531
f 133//533 166//566 132//532
f 134//534 167//567 133//533
f 135//535 168//568 134//534
f 156//556 169//569 135//535
f 156//556 123//523 157//557
f 136//536 145//545 170//570
f 137//537 136//536 171//571
f 157//557 137//537 172//572
f 173//573 142//542 138//538
f 173//573 138//538 139//539
f 173//573 139//539 140//540
f 173//573 140//540 141//541
f 158//558 124//524 152//552
f 159//559 125//525 158//558
f 174//574 141//541 159//559
f 142//542 173//573 143//543
f 175//575 144//544 143//543
f 175//575 146//546 144//544
f 176//576 145//545 160//560
f 175//575 160//560 146//546
f 161//561 177//577 147//547
f 147//547 178//578 148//548
f 148//548 179//579 149//549
f 149//549 180//580 150//550
f 150//550 181//581 151//551
f 182//582 162//562 151//551
f 152//552 153//553 158//558
f 153//553 154//554 183//583
f 154//554 162//562 184//584
f 185//585 155//555 163//563
f 163//563 130//530 164//564
f 164//564 131//531 165//565
f 165//565 132//532 166//566
f 166//566 133//533 167//567
f 167//567 134//534 168//568
f 168//568 135//535 169//569
f 169//569 156//556 186//586
f 157//557 186//586 156//556
f 176//576 170//570 145//545
f 170//570 171//571 136//536
f 171//571 172//572 137//537
f 172//572 187//587 157//557
f 174//574 173//573 141//541
f 158//558 183//583 159//559
f 159//559 188//588 174//574
f 175//575 143//543 173//573
f 175//575 176//576 160//560
f 178//578 147//547 177//577
f 179//579 148//548 178//578
f 180//580 149//549 179//579
f 181//581 150//550 180//580
f 189//589 151//551 181//581
f 162//562 182//582 190//590
f 151//551 189//589 182//582
f 183//583 158//558 153//553
f 184//584 183//583 154//554
f 190//590 184//584 162//562
f 163//563 191//591 185//585
f 164//564 192//592 163//563
f 165//565 193//593 164//564
f 166//566 194//594 165//565
f 167//567 195//595 166//566
f 168//568 196//596 167//567
f 169//569 197//597 168//568
f 186//586 198//598 169//569
f 186//586 157//557 187//587
f 175//575 170//570 176//576
f 171//571 170//570 175//575
f 172//572 171//571 175//575
f 187//587 172//572 175//575
f 199//599 173//573 174//574
f 188//588 159//559 183//583
f 199//599 174//574 188//588
f 173//573 200//600 175//575
f 177//577 201//601 178//578
f 178//578 202//602 179//579
f 179//579 203//603 180//580
f 180//580 204//604 181//581
f 181//581 205//605 189//589
f 206//606 190//590 182//582
f 207//607 182//582 189//589
f 183//583 184//584 188//588
f 184//584 190//590 208//608
f 209//609 185//585 191//591
f 191//591 163//563 192//592
f 192//592 164//564 193//593
f 193//593 165//565 194//594
f 194//594 166//566 195//595
f 195//595 167//567 196//596
f 196//596 168//568 197//597
f 197//597 169//569 198//598
f 198//598 186//586 210//610
f 187//587 210//610 186//586
f 210//610 187//587 175//575
f 211//611 173//573 199//599
f 188//588 208//608 199//599
f 212//612 175//575 200//600
f 200//600 173//573 213//613
f 202//602 178//578 201//601
f 203//603 179//579 202//602
f 204//604 180//580 203//603
f 205//605 181//581 204//604
f 214//614 189//589 205//605
f 190//590 206//606 215//615
f 182//582 207//607 206//606
f 189//589 214//614 207//607
f 208//608 188//588 184//584
f 215//615 208//608 190//590
f 191//591 216//616 209//609
f 192//592 217//617 191//591
f 193//593 218//618 192//592
f 194//594 219//619 193//593
f 195//595 220//620 194//594
f 196//596 221//621 195//595
f 197//597 222//622 196//596
f 198//598 223//623 197//597
f 210//610 224//624 198//598
f 175//575 212//612 210//610
f 225//625 173//573 211//611
f 211//611 199//599 208//608
f 200//600 226//626 212//612
f 227//627 213//613 173//573
f 228//628 200//600 213//613
f 201//601 229//629 202//602
f 202//602 230//630 203//603
f 203//603 231//631 204//604
f 204//604 232//632 205//605
f 205//605 233//633 214//614
f 234//634 215//615 206//606
f 235//635 206//606 207//607
f 236//636 207//607 214//614
f 208//608 215//615 211//611
f 237//637 209//609 216//616
f 216//616 191//591 217//617
f 217//617 192//592 218//618
f 218//618 193//593 219//619
f 219//619 194//594 220//620
f 220//620 195//595 221//621
f 221//621 196//596 222//622
f 222//622 197//597 223//623
f 223//623 198//598 224//624
f 224//624 210//610 212//612
f 227//627 173//573 225//625
f 225//625 211//611 215//615
f 238//638 212//612 226//626
f 239//639 226//626 200//600
f 213//613 227//627 240//640
f 241//641 200//600 228//628
f 228//628 213//613 242//642
f 230//630 202//602 229//629
f 231//631 203//603 230//630
f 232//632 204//604 231//631
f 233//633 205//605 232//632
f 243//643 214//614 233//633
f 215//615 234//634 225//625
f 206//606 235//635 234//634
f 207//607 236//636 235//635
f 214//614 243//643 236//636
f 237//637 216//616 244//644
f 216//616 217//617 245//645
f 217//617 218//618 246//646
f 218//618 219//619 247//647
f 219//619 220//620 248//648
f 221//621 249//649 220//620
f 222//622 250//650 221//621
f 223//623 251//651 222//622
f 224//624 252//652 223//623
f 252//652 224//624 212//612
f 227//627 225//625 234//634
f 238//638 253//653 212//612
f 226//626 254//654 238//638
f 239//639 255//655 226//626
f 256//656 239//639 200//600
f 234//634 240//640 227//627
f 240//640 242//642 213//613
f 257//657 200//600 241//641
f 241//641 228//628 258//658
f 242//642 258//658 228//628
f 229//629 259//659 230//630
f 230//630 260//660 231//631
f 231//631 261//661 232//632
f 232//632 262//662 233//633
f 233//633 263//663 243//643
f 240//640 234//634 235//635
f 264//664 235//635 236//636
f 265//665 236//636 243//643
f 245//645 244//644 216//616
f 246//646 245//645 217//617
f 247//647 246//646 218//618
f 248//648 247//647 219//619
f 266//666 248//648 220//620
f 266//666 220//620 249//649
f 249//649 221//621 250//650
f 250//650 222//622 251//651
f 251//651 223//623 252//652
f 267//667 252//652 212//612
f 253//653 268//668 212//612
f 238//638 269//669 253//653
f 269//669 238//638 254//654
f 254//654 226//626 255//655
f 255//655 239//639 270//670
f 256//656 270//670 239//639
f 271//671 256//656 200//600
f 242//642 240//640 264//664
f 272//672 200//600 257//657
f 257//657 241//641 273//673
f 258//658 273//673 241//641
f 258//658 242//642 274//674
f 260//660 230//630 259//659
f 261//661 231//631 260//660
f 262//662 232//632 261//661
f 263//663 233//633 262//662
f 275//675 243//643 263//663
f 235//635 264//664 240//640
f 236//636 265//665 264//664
f 243//643 275//675 265//665
f 244//644 245//645 276//676
f 245//645 246//646 277//677
f 246//646 247//647 278//678
f 247//647 248//648 279//679
f 248//648 266//666 280//680
f 249//649 281//681 266//666
f 250//650 282//682 249//649
f 251//651 283//683 250//650
f 252//652 267//667 251//651
f 284//684 267//667 212//612
f 268//668 285//685 212//612
f 253//653 286//686 268//668
f 286//686 253//653 269//669
f 254//654 287//687 269//669
f 255//655 288//688 254//654
f 270//670 289//689 255//655
f 270//670 256//656 290//690
f 271//671 290//690 256//656
f 291//691 271//671 200//600
f 264//664 274//674 242//642
f 291//691 200//600 272//672
f 272//672 257//657 292//692
f 273//673 292//692 257//657
f 273//673 258//658 293//693
f 274//674 293//693 258//658
f 259//659 294//694 260//660
f 260//660 295//695 261//661
f 261//661 296//696 262//662
f 262//662 297//697 263//663
f 263//663 298//698 275//675
f 274//674 264//664 265//665
f 299//699 265//665 275//675
f 277//677 276//676 245//645
f 278//678 277//677 246//646
f 279//679 278//678 247//647
f 280//680 279//679 248//648
f 300//700 280//680 266//666
f 300//700 266//666 281//681
f 281//681 249//649 282//682
f 282//682 250//650 283//683
f 283//683 251//651 267//667
f 267//667 284//684 283//683
f 301//701 284//684 212//612
f 285//685 302//702 212//612
f 268//668 303//703 285//685
f 303//703 268//668 286//686
f 269//669 304//704 286//686
f 304//704 269//669 287//687
f 287//687 254//654 288//688
f 288//688 255//655 289//689
f 289//689 270//670 305//705
f 290//690 305//705 270//670
f 290//690 271//671 306//706
f 291//691 306//706 271//671
f 272//672 292//692 291//691
f 292//692 273//673 307//707
f 293//693 307//707 273//673
f 293//693 274//674 299//699
f 295//695 260//660 294//694
f 296//696 261//661 295//695
f 297//697 262//662 296//696
f 298//698 263//663 297//697
f 308//708 275//675 298//698
f 265//665 299//699 274//674
f 275//675 308//708 299//699
f 276//676 277//677 309//709
f 277//677 278//678 310//710
f 278//678 279//679 311//711
f 279//679 280//680 312//712
f 280//680 300//700 313//713
f 281//681 314//714 300//700
f 282//682 315//715 281//681
f 283//683 316//716 282//682
f 316//716 283//683 284//684
f 284//684 301//701 316//716
f 302//702 301//701 212//612
f 285//685 317//717 302//702
f 317//717 285//685 303//703
f 286//686 318//718 303//703
f 318//718 286//686 304//704
f 287//687 319//719 304//704
f 288//688 320//720 287//687
f 289//689 321//721 288//688
f 305//705 322//722 289//689
f 305//705 290//690 323//723
f 306//706 323//723 290//690
f 306//706 291//691 292//692
f 292//692 307//707 306//706
f 307//707 293//693 324//724
f 299//699 324//724 293//693
f 294//694 325//66 295//695
f 295//695 326//725 296//696
f 296//696 327//726 297//697
f 297//697 328//727 298//698
f 298//698 329//728 308//708
f 324//724 299//699 308//708
f 310//710 309//709 277//677
f 311//711 310//710 278//678
f 312//712 311//711 279//679
f 313//713 312//712 280//680
f 330//729 313//713 300//700
f 330//729 300//700 314//714
f 314//714 281//681 315//715
f 315//715 282//682 316//716
f 331//730 316//716 301//701
f 301//701 302//702 331//730
f 332//731 302//702 317//717
f 303//703 333//732 317//717
f 333//732 303//703 318//718
f 304//704 334//733 318//718
f 334//733 304//704 319//719
f 319//719 287//687 320//720
f 320//720 288//688 321//721
f 321//721 289//689 322//722
f 322//722 305//705 335//734
f 323//723 335//734 305//705
f 323//723 306//706 307//707
f 307//707 324//724 323//723
f 326//725 295//695 325//66
f 327//726 296//696 326//725
f 328//727 297//697 327//726
f 329//728 298//698 328//727
f 336//735 308//708 329//728
f 308//708 336//735 324//724
f 309//709 310//710 337//736
f 310//710 311//711 338//737
f 311//711 312//712 339//738
f 312//712 313//713 340//739
f 313//713 330//729 341//740
f 330//729 314//714 342//741
f 315//715 343//742 314//714
f 316//716 331//730 315//715
f 332//731 331//730 302//702
f 317//717 344//743 332//731
f 344//743 317//717 333//732
f 318//718 345//744 333//732
f 345//744 318//718 334//733
f 319//719 346//745 334//733
f 320//720 347//746 319//719
f 321//721 348//747 320//720
f 322//722 349//748 321//721
f 322//722 335//734 349//748
f 335//734 323//723 324//724
f 325//66 350//749 326//725
f 326//725 351//750 327//726
f 327//726 352//751 328//727
f 328//727 353//752 329//728
f 329//728 354//753 336//735
f 335//734 324//724 336//735
f 338//737 337//736 310//710
f 339//738 338//737 311//711
f 340//739 339//738 312//712
f 341//740 340//739 313//713
f 342//741 341//740 330//729
f 355//754 342//741 314//714
f 355//754 314//714 343//742
f 343//742 315//715 331//730
f 331//730 332//731 343//742
f 356//755 332//731 344//743
f 333//732 357//756 344//743
f 357//756 333//732 345//744
f 334//733 358//757 345//744
f 358//757 334//733 346//745
f 346//745 319//719 347//746
f 347//746 320//720 348//747
f 348//747 321//721 349//748
f 336//735 349//748 335//734
f 351//750 326//725 350//749
f 352//751 327//726 351//750
f 353//752 328//727 352//751
f 354//753 329//728 353//752
f 349//748 336//735 354//753
f 337//736 338//737 359//758
f 338//737 339//738 360//759
f 339//738 340//739 361//760
f 340//739 341//740 362//761
f 341//740 342//741 363//762
f 342//741 355//754 364//763
f 343//742 356//755 355//754
f 356//755 343//742 332//731
f 344//743 365//764 356//755
f 365//764 344//743 357//756
f 345//744 366//765 357//756
f 366//765 345//744 358//757
f 358//757 346//745 367//766
f 346//745 347//746 368//767
f 347//746 348//747 369//768
f 348//747 349//748 370//769
f 350//749 371//29 351//750
f 351//750 372//770 352//751
f 352//751 373//771 353//752
f 353//752 374//772 354//753
f 354//753 370//769 349//748
f 360//759 359//758 338//737
f 361//760 360//759 339//738
f 362//761 361//760 340//739
f 363//762 362//761 341//740
f 364//763 363//762 342//741
f 375//773 364//763 355//754
f 375//773 355//754 356//755
f 375//773 356//755 365//764
f 365//764 357//756 376//774
f 377//775 357//756 366//765
f 366//765 358//757 378//776
f 368//767 367//766 346//745
f 367//766 378//776 358//757
f 369//768 368//767 347//746
f 370//769 369//768 348//747
f 372//770 351//750 371//29
f 373//771 352//751 372//770
f 374//772 353//752 373//771
f 370//769 354//753 374//772
f 359//758 360//759 379//777
f 360//759 361//760 380//778
f 361//760 362//761 381//779
f 362//761 363//762 382//780
f 363//762 364//763 383//781
f 364//763 375//773 376//774
f 365//764 376//774 375//773
f 377//775 376//774 357//756
f 377//775 366//765 384//782
f 378//776 384//782 366//765
f 367//766 368//767 385//783
f 378//776 367//766 386//784
f 368//767 369//768 387//785
f 369//768 370//769 388//786
f 371//29 389//12 372//770
f 372//770 390//787 373//771
f 373//771 391//788 374//772
f 374//772 388//786 370//769
f 380//778 379//777 360//759
f 381//779 380//778 361//760
f 382//780 381//779 362//761
f 383//781 382//780 363//762
f 376//774 383//781 364//763
f 376//774 377//775 383//781
f 384//782 383//781 377//775
f 384//782 378//776 392//789
f 387//785 385//783 368//767
f 385//783 386//784 367//766
f 386//784 392//789 378//776
f 388//786 387//785 369//768
f 390//787 372//770 389//12
f 391//788 373//771 390//787
f 388//786 374//772 391//788
f 379//777 380//778 393//790
f 381//779 394//791 380//778
f 382//780 392//789 381//779
f 383//781 384//782 382//780
f 392//789 382//780 384//782
f 385//783 387//785 395//792
f 386//784 385//783 396//793
f 392//789 386//784 394//791
f 387//785 388//786 397//794
f 390//787 389//12 398//795
f 390//787 398//795 391//788
f 391//788 397//794 388//786
f 399//796 393//790 380//778
f 399//796 380//778 394//791
f 394//791 381//779 392//789
f 397//794 395//792 387//785
f 395//792 396//793 385//783
f 396//793 394//791 386//784
f 400//5 398//795 389//12
f 397//794 391//788 398//795
f 393//790 399//796 401//797
f 394//791 396//793 399//796
f 395//792 397//794 402//798
f 396//793 395//792 403//799
f 398//795 400//5 402//798
f 398//795 402//798 397//794
f 403//799 401//797 399//796
f 403//799 399//796 396//793
f 402//798 403//799 395//792
f 404//800 402//798 400//5
f 401//797 403//799 404//800
f 402//798 404//800 403//799
