# SSTK version 0.8.0
# 68
mtllib original-68.mtl
o coffe8_1/coffe8/mesh55/mesh55-geometry#mesh55-geometry
v -0.546349 0.667244 -0.482554
v -0.546202 0.667318 -0.482130
v -0.546204 0.667244 -0.482557
v -0.546492 0.667244 -0.482547
v 0.515620 0.667244 -0.487906
v -0.546206 0.667023 -0.483016
v -0.546633 0.667244 -0.482535
v -0.546495 0.667023 -0.483010
v 0.515622 0.667318 -0.487479
v 0.515618 0.667023 -0.488365
v -0.546769 0.667244 -0.482519
v -0.547060 0.667023 -0.482971
v -0.546780 0.667023 -0.482995
v 0.003269 0.667318 -0.441132
v 0.515765 0.667244 -0.487905
v 0.515906 0.667023 -0.488362
v -0.546208 0.666657 -0.483501
v 0.515615 0.666657 -0.488850
v -0.546898 0.667244 -0.482499
v -0.546638 0.666657 -0.483492
v 0.012180 0.667318 -0.440172
v -0.030842 0.667318 -0.439950
v 0.515909 0.667244 -0.487899
v 0.516044 0.666657 -0.488845
v -0.547020 0.667244 -0.482475
v -0.547329 0.667023 -0.482939
v -0.547062 0.666657 -0.483470
v 0.024718 0.667318 -0.438491
v 0.005479 0.666245 -0.439543
v -0.043321 0.667318 -0.438142
v -0.009289 0.666245 -0.439996
v 0.516049 0.667244 -0.487889
v 0.516192 0.667023 -0.488350
v 0.516469 0.666657 -0.488828
v -0.546211 0.666152 -0.484007
v 0.515613 0.666152 -0.489356
v 0.516178 0.666152 -0.489350
v -0.547133 0.667244 -0.482447
v -0.547587 0.667023 -0.482900
v -0.547477 0.666657 -0.483435
v -0.546776 0.666152 -0.483995
v 0.038152 0.667318 -0.435857
v 0.020176 0.666245 -0.438037
v -0.056712 0.667318 -0.435374
v -0.024051 0.666245 -0.439394
v 0.516185 0.667244 -0.487874
v 0.516471 0.667023 -0.488329
v 0.516737 0.666152 -0.489327
v -0.547235 0.667244 -0.482417
v -0.547829 0.667023 -0.482852
v -0.547878 0.666657 -0.483388
v -0.547335 0.666152 -0.483966
v 0.051804 0.667318 -0.432232
v 0.034729 0.666245 -0.435487
v 0.005479 0.644228 -0.439543
v -0.070319 0.667318 -0.431612
v -0.038733 0.666245 -0.437741
v -0.009289 0.644228 -0.439996
v 0.516315 0.667244 -0.487855
v 0.516884 0.666657 -0.488797
v 0.517283 0.666152 -0.489287
v -0.546214 0.665511 -0.484529
v 0.515610 0.665511 -0.489878
v 0.516305 0.665511 -0.489871
v 0.516992 0.665511 -0.489843
v -0.547327 0.667243 -0.482383
v -0.548054 0.667023 -0.482797
v -0.548261 0.666657 -0.483328
v -0.547881 0.666152 -0.483921
v -0.546908 0.665511 -0.484515
v 0.065389 0.667318 -0.427614
v 0.049063 0.666245 -0.431906
v 0.020176 0.644228 -0.438037
v -0.083853 0.667318 -0.426857
v -0.053259 0.666245 -0.435044
v -0.024051 0.644228 -0.439394
v 0.516437 0.667244 -0.487832
v 0.516742 0.667023 -0.488300
v 0.517664 0.665511 -0.489793
v -0.547406 0.667244 -0.482347
v -0.548440 0.667023 -0.482669
v -0.548258 0.667023 -0.482736
v -0.548621 0.666657 -0.483258
v -0.548409 0.666151 -0.483858
v -0.547595 0.665511 -0.484479
v 0.078742 0.667318 -0.422019
v 0.063105 0.666245 -0.427311
v 0.034729 0.644228 -0.435487
v -0.213256 0.644228 -0.261450
v -0.214761 0.644228 -0.246753
v -0.097515 0.667318 -0.420971
v -0.067556 0.666245 -0.431318
v -0.038733 0.644228 -0.437741
v -0.210706 0.644228 -0.276003
v 0.516550 0.667244 -0.487806
v 0.517000 0.667023 -0.488263
v 0.517286 0.666657 -0.488754
v 0.517812 0.666152 -0.489230
v 0.518313 0.665511 -0.489723
v -0.547033 0.664742 -0.485044
v -0.546216 0.664742 -0.485061
v 0.515607 0.664742 -0.490411
v 0.516424 0.664742 -0.490402
v 0.517232 0.664742 -0.490369
v -0.547472 0.667244 -0.482308
v -0.548597 0.667023 -0.482597
v -0.549258 0.666658 -0.483085
v -0.548955 0.666657 -0.483176
v -0.548913 0.666151 -0.483780
v -0.548267 0.665511 -0.484423
v -0.547840 0.664742 -0.485003
v 0.091746 0.667318 -0.415471
v 0.076783 0.666245 -0.421725
v 0.049063 0.644228 -0.431906
v -0.215214 0.644228 -0.231985
v -0.110080 0.667318 -0.414448
v -0.081551 0.666245 -0.426582
v -0.053259 0.644228 -0.435044
v -0.207124 0.644228 -0.290337
v 0.516653 0.667244 -0.487776
v 0.517242 0.667023 -0.488218
v 0.518786 0.664742 -0.490228
v 0.518022 0.664742 -0.490310
v -0.547523 0.667244 -0.482268
v -0.549762 0.666658 -0.482879
v -0.549528 0.666657 -0.482986
v -0.549387 0.666151 -0.483687
v -0.548916 0.665511 -0.484346
v -0.548630 0.664742 -0.484937
v 0.104305 0.667318 -0.408000
v 0.090028 0.666245 -0.415179
v 0.063105 0.644228 -0.427311
v -0.214612 0.644228 -0.217223
v -0.214761 0.666245 -0.246753
v -0.210706 0.666245 -0.276003
v -0.122299 0.667318 -0.407011
v -0.095528 0.666245 -0.420710
v -0.067556 0.644228 -0.431318
v -0.202529 0.644228 -0.304379
v 0.516745 0.667244 -0.487744
v 0.517467 0.667023 -0.488165
v 0.517669 0.666657 -0.488698
v 0.518316 0.666152 -0.489157
v 0.519515 0.664742 -0.490122
v -0.547148 0.663854 -0.485579
v -0.548068 0.663854 -0.485531
v -0.546219 0.663854 -0.485598
v 0.515604 0.663854 -0.490947
v 0.516534 0.663854 -0.490937
v 0.517454 0.663854 -0.490899
v -0.547561 0.667244 -0.482226
v -0.548831 0.667023 -0.482441
v -0.548728 0.667023 -0.482520
v -0.550225 0.666152 -0.483461
v -0.549826 0.666152 -0.483580
v -0.549535 0.665511 -0.484250
v -0.549393 0.664742 -0.484847
v -0.548966 0.663854 -0.485456
v 0.116340 0.667318 -0.399645
v 0.102772 0.666245 -0.407704
v 0.076783 0.644228 -0.421725
v -0.212959 0.644228 -0.202541
v -0.215214 0.666245 -0.231985
v -0.213256 0.666245 -0.261450
v -0.134514 0.667318 -0.398374
v -0.108350 0.666245 -0.414179
v -0.081551 0.644228 -0.426582
v -0.196944 0.644228 -0.318057
v -0.207124 0.666245 -0.290337
v 0.516824 0.667244 -0.487708
v 0.517672 0.667023 -0.488106
v 0.518030 0.666657 -0.488631
v 0.518934 0.665511 -0.489633
v 0.519223 0.663854 -0.490739
v 0.520053 0.663854 -0.490619
v 0.518353 0.663854 -0.490833
v -0.548906 0.667023 -0.482358
v -0.547583 0.667244 -0.482184
v -0.549957 0.666658 -0.482765
v -0.550581 0.666152 -0.483329
v -0.550118 0.665511 -0.484136
v -0.549835 0.663854 -0.485353
v 0.127776 0.667318 -0.390446
v 0.114950 0.666245 -0.399339
v 0.090028 0.644228 -0.415179
v -0.210262 0.644228 -0.188015
v -0.214612 0.666245 -0.217223
v -0.215788 0.667318 -0.247482
v -0.214248 0.667318 -0.262108
v -0.216291 0.667318 -0.232799
v -0.145856 0.667318 -0.389060
v -0.120763 0.666245 -0.406730
v -0.108350 0.644228 -0.414179
v -0.095172 0.644228 -0.420859
v -0.190397 0.644228 -0.331302
v -0.202529 0.666245 -0.304379
v -0.211676 0.667318 -0.276599
v 0.516890 0.667244 -0.487670
v 0.517855 0.667023 -0.488041
v 0.518365 0.666657 -0.488553
v 0.518791 0.666152 -0.489068
v 0.520201 0.664742 -0.489995
v 0.520834 0.663854 -0.490474
v -0.547254 0.662856 -0.486111
v -0.548275 0.662856 -0.486059
v -0.549273 0.662856 -0.485975
v -0.546222 0.662856 -0.486133
v 0.515602 0.662856 -0.491482
v 0.516634 0.662856 -0.491471
v 0.517656 0.662856 -0.491429
v -0.548950 0.667023 -0.482274
v -0.547591 0.667243 -0.482141
v -0.550221 0.666657 -0.482523
v -0.550110 0.666657 -0.482646
v -0.550888 0.666152 -0.483188
v -0.551149 0.665511 -0.483857
v -0.550657 0.665511 -0.484004
v -0.550121 0.664742 -0.484734
v -0.550237 0.662856 -0.485861
v 0.138550 0.667318 -0.380450
v 0.126501 0.666245 -0.390126
v 0.102772 0.644228 -0.407704
v -0.206536 0.644228 -0.173718
v -0.212959 0.666245 -0.202541
v -0.215587 0.667318 -0.215909
v -0.156528 0.667318 -0.378956
v -0.133112 0.666245 -0.398089
v -0.182922 0.644228 -0.344046
v -0.196944 0.666245 -0.318057
v -0.208084 0.667318 -0.290880
v 0.516942 0.667244 -0.487631
v 0.518012 0.667023 -0.487970
v 0.518669 0.666657 -0.488465
v 0.519518 0.665511 -0.489525
v 0.519620 0.662856 -0.491251
v 0.520542 0.662856 -0.491118
v 0.521410 0.662856 -0.490956
v 0.518655 0.662856 -0.491355
v -0.550287 0.666657 -0.482398
v -0.548965 0.667023 -0.482189
v -0.531837 0.667244 0.208260
v -0.551144 0.666152 -0.483039
v -0.551346 0.666152 -0.482882
v -0.551585 0.665511 -0.483696
v -0.550806 0.664742 -0.484599
v -0.550664 0.663854 -0.485225
v -0.551158 0.662856 -0.485718
v 0.148600 0.667318 -0.369708
v 0.137365 0.666245 -0.380113
v 0.114950 0.644228 -0.399339
v -0.201800 0.644228 -0.159723
v -0.210262 0.666245 -0.188015
v -0.213868 0.667318 -0.201365
v -0.166469 0.667318 -0.368112
v -0.144569 0.666245 -0.388761
v -0.133112 0.644228 -0.398089
v -0.121019 0.644228 -0.406576
v -0.174557 0.644228 -0.356224
v -0.190397 0.666245 -0.331302
v -0.203489 0.667318 -0.304875
v 0.516980 0.667244 -0.487590
v 0.518144 0.667023 -0.487895
v 0.518940 0.666657 -0.488369
v 0.519232 0.666152 -0.488966
v 0.520837 0.664742 -0.489847
v 0.521558 0.663854 -0.490305
v 0.522214 0.662856 -0.490769
v -0.547348 0.661759 -0.486637
v -0.548459 0.661759 -0.486580
v -0.549546 0.661759 -0.486489
v -0.550596 0.661759 -0.486365
v -0.546224 0.661759 -0.486660
v 0.515599 0.661759 -0.492009
v 0.516723 0.661759 -0.491998
v 0.517835 0.661759 -0.491952
v -0.550309 0.666657 -0.482272
v -0.533179 0.667023 0.208293
v -0.530480 0.667318 0.208245
v -0.551492 0.666151 -0.482721
v -0.551580 0.666152 -0.482556
v -0.551963 0.665511 -0.483523
v -0.552018 0.664742 -0.484272
v -0.551440 0.664742 -0.484445
v -0.551598 0.661759 -0.486209
v 0.157872 0.667318 -0.358275
v 0.147487 0.666245 -0.369351
v 0.126501 0.644228 -0.390126
v -0.196077 0.644228 -0.146102
v -0.206537 0.666245 -0.173718
v -0.211124 0.667318 -0.186949
v -0.175624 0.667318 -0.356586
v -0.155332 0.666245 -0.378639
v -0.165345 0.644228 -0.367775
v -0.182922 0.666245 -0.344046
v -0.197915 0.667318 -0.318513
v 0.517003 0.667244 -0.487547
v 0.518248 0.667023 -0.487816
v 0.519175 0.666657 -0.488264
v 0.519632 0.666152 -0.488850
v 0.520059 0.665511 -0.489399
v 0.519974 0.661759 -0.491758
v 0.520977 0.661759 -0.491613
v 0.521922 0.661759 -0.491437
v 0.522798 0.661759 -0.491233
v 0.518922 0.661759 -0.491871
v -0.551608 0.666151 -0.482389
v -0.534492 0.666657 0.208343
v -0.531829 0.667243 0.208408
v -0.174113 0.667318 -0.107449
v -0.533163 0.667023 0.208586
v -0.552278 0.665511 -0.483339
v -0.552705 0.665511 -0.482948
v -0.552531 0.664742 -0.484082
v -0.551444 0.663854 -0.485072
v -0.552024 0.662856 -0.485548
v 0.166315 0.667318 -0.346210
v 0.156815 0.666245 -0.357894
v 0.137365 0.644228 -0.380113
v -0.189398 0.644228 -0.132924
v -0.201800 0.666245 -0.159723
v -0.207364 0.667318 -0.172742
v -0.183946 0.667318 -0.344435
v -0.165345 0.666245 -0.367775
v -0.144569 0.644228 -0.388761
v -0.155332 0.644228 -0.378639
v -0.174557 0.666245 -0.356224
v -0.191389 0.667318 -0.331722
v 0.517011 0.667244 -0.487505
v 0.518323 0.667023 -0.487735
v 0.519371 0.666657 -0.488152
v 0.519989 0.666152 -0.488723
v 0.520551 0.665511 -0.489256
v 0.522217 0.663854 -0.490115
v 0.522946 0.662856 -0.490558
v 0.523595 0.661759 -0.491003
v -0.547430 0.660575 -0.487150
v -0.548619 0.660575 -0.487088
v -0.549783 0.660575 -0.486991
v -0.550907 0.660575 -0.486858
v -0.551979 0.660575 -0.486692
v -0.546227 0.660575 -0.487174
v 0.515597 0.660575 -0.492524
v 0.516800 0.660575 -0.492511
v 0.517990 0.660575 -0.492462
v -0.535760 0.666152 0.208409
v -0.534468 0.666657 0.208779
v -0.531806 0.667244 0.208553
v -0.164804 0.667318 -0.096019
v -0.182588 0.667318 -0.119508
v -0.552813 0.665511 -0.482745
v -0.552849 0.665511 -0.482541
v -0.552976 0.664742 -0.483878
v -0.552526 0.665511 -0.483146
v -0.553408 0.663854 -0.484483
v -0.552166 0.663854 -0.484896
v -0.552541 0.661759 -0.486024
v 0.173887 0.667318 -0.333574
v 0.165302 0.666245 -0.345800
v 0.147487 0.644228 -0.369351
v -0.181795 0.644228 -0.120256
v -0.196077 0.666245 -0.146102
v -0.202606 0.667318 -0.158821
v 0.506857 0.667318 0.203019
v 0.518369 0.667023 -0.487651
v 0.519525 0.666657 -0.488035
v 0.520298 0.666152 -0.488585
v 0.520279 0.660575 -0.492255
v 0.521353 0.660575 -0.492099
v 0.522365 0.660575 -0.491911
v 0.521416 0.664742 -0.489679
v 0.524155 0.660575 -0.491447
v -0.552989 0.660575 -0.486494
v 0.519154 0.660575 -0.492376
v -0.536971 0.665511 0.208491
v -0.535728 0.666152 0.208982
v -0.533117 0.667023 0.208876
v -0.531769 0.667244 0.208696
v -0.154709 0.667318 -0.085277
v -0.173308 0.666245 -0.108162
v -0.181795 0.666245 -0.120256
v -0.190187 0.667318 -0.132134
v -0.534400 0.666657 0.209209
v -0.553346 0.664742 -0.483662
v -0.553975 0.664742 -0.482964
v -0.553848 0.664742 -0.483202
v -0.552823 0.663854 -0.484699
v -0.552827 0.662856 -0.485353
v 0.180545 0.667318 -0.320433
v 0.172905 0.666245 -0.333132
v 0.156815 0.644228 -0.357894
v -0.173308 0.644228 -0.108162
v -0.189398 0.666245 -0.132924
v -0.196871 0.667318 -0.145262
v 0.508214 0.667244 0.203021
v 0.139687 0.667318 -0.086748
v 0.518385 0.667023 -0.487566
v 0.519637 0.666657 -0.487913
v 0.520556 0.666152 -0.488438
v 0.520990 0.665511 -0.489100
v 0.523302 0.660575 -0.491693
v 0.522804 0.663854 -0.489905
v 0.523598 0.662856 -0.490324
v 0.524304 0.661759 -0.490749
v 0.524915 0.660575 -0.491175
v -0.547498 0.659318 -0.487644
v -0.548753 0.659317 -0.487579
v -0.549980 0.659318 -0.487476
v -0.551166 0.659318 -0.487336
v -0.552297 0.659318 -0.487161
v -0.553362 0.659317 -0.486952
v -0.546230 0.659317 -0.487670
v 0.515594 0.659317 -0.493019
v 0.516863 0.659317 -0.493006
v 0.518119 0.659317 -0.492954
v -0.536932 0.665511 0.209195
v -0.535639 0.666151 0.209549
v -0.533043 0.667023 0.209159
v -0.531717 0.667244 0.208833
v -0.143881 0.667318 -0.075278
v -0.163979 0.666245 -0.096705
v -0.554016 0.664742 -0.482724
v -0.538110 0.664742 0.208587
v -0.553914 0.663854 -0.484251
v -0.553638 0.664742 -0.483436
v -0.553556 0.662856 -0.485134
v -0.553415 0.661759 -0.485811
v 0.186258 0.667318 -0.306854
v 0.179585 0.666245 -0.319954
v 0.165302 0.644228 -0.345800
v -0.163979 0.644228 -0.096705
v 0.508208 0.667244 0.203168
v 0.128959 0.667318 -0.076642
v 0.149673 0.667318 -0.097590
v 0.519705 0.666657 -0.487789
v 0.520759 0.666152 -0.488283
v 0.521369 0.665511 -0.488930
v 0.520534 0.659317 -0.492735
v 0.521667 0.659318 -0.492571
v 0.523723 0.659317 -0.492143
v 0.521932 0.664742 -0.489495
v 0.524622 0.659317 -0.491883
v 0.525424 0.659317 -0.491596
v -0.554349 0.659317 -0.486712
v 0.519347 0.659317 -0.492863
v -0.538064 0.664742 0.209415
v -0.536822 0.665511 0.209892
v -0.534289 0.666657 0.209630
v -0.532940 0.667023 0.209432
v -0.531652 0.667244 0.208964
v -0.132376 0.667318 -0.066074
v -0.153857 0.666245 -0.085942
v -0.535493 0.666152 0.210103
v -0.554335 0.663854 -0.484005
v -0.555051 0.663854 -0.483210
v -0.555098 0.663854 -0.482937
v -0.554907 0.663854 -0.483482
v -0.554206 0.662856 -0.484895
v -0.553924 0.660575 -0.486266
v 0.190994 0.667318 -0.292907
v 0.185308 0.666245 -0.306333
v 0.172905 0.644228 -0.333132
v -0.153857 0.644228 -0.085942
v 0.508186 0.667244 0.203314
v 0.509557 0.667023 0.203040
v 0.128077 0.666245 -0.077295
v 0.117547 0.667318 -0.067323
v 0.158867 0.667318 -0.109112
v 0.138839 0.666245 -0.087417
v 0.519728 0.666657 -0.487662
v 0.520906 0.666152 -0.488123
v 0.521686 0.665511 -0.488749
v 0.522734 0.659317 -0.492373
v 0.523312 0.663854 -0.489678
v 0.524918 0.661759 -0.490475
v 0.525572 0.660575 -0.490881
v 0.526117 0.659318 -0.491286
v -0.547553 0.658000 -0.488114
v -0.548859 0.658000 -0.488047
v -0.550137 0.658000 -0.487940
v -0.551371 0.658000 -0.487794
v -0.552549 0.658000 -0.487611
v -0.553658 0.658000 -0.487394
v -0.554684 0.657999 -0.487144
v -0.546232 0.658000 -0.488141
v 0.515592 0.658000 -0.493491
v 0.516913 0.658000 -0.493477
v 0.518220 0.658000 -0.493423
v -0.537935 0.664742 0.210234
v -0.536643 0.665511 0.210572
v -0.534136 0.666657 0.210036
v -0.532811 0.667023 0.209693
v -0.531574 0.667244 0.209088
v -0.120254 0.667318 -0.057710
v -0.142993 0.666245 -0.075929
v -0.539166 0.663854 0.208696
v -0.539113 0.663854 0.209639
v -0.554768 0.662856 -0.484637
v -0.554667 0.663854 -0.483747
v -0.554209 0.661759 -0.485573
v 0.194730 0.667318 -0.278666
v 0.190044 0.666245 -0.292338
v 0.179585 0.644228 -0.319954
v -0.142993 0.644228 -0.075929
v 0.508150 0.667244 0.203457
v 0.509543 0.667023 0.203333
v 0.116620 0.666245 -0.067967
v 0.105509 0.667318 -0.058838
v 0.167221 0.667318 -0.121255
v 0.148852 0.666245 -0.098281
v 0.520996 0.666152 -0.487959
v 0.521936 0.665511 -0.488559
v 0.522378 0.664742 -0.489296
v 0.519498 0.658000 -0.493328
v 0.521914 0.658000 -0.493024
v 0.523025 0.658000 -0.492818
v 0.524054 0.658000 -0.492578
v 0.524991 0.658000 -0.492308
v 0.524162 0.662856 -0.490072
v 0.525825 0.658000 -0.492009
v 0.526547 0.658000 -0.491687
v -0.554774 0.660575 -0.486011
v -0.555618 0.658000 -0.486864
v -0.538966 0.663854 0.210571
v -0.537724 0.664742 0.211034
v -0.535293 0.666152 0.210638
v -0.533944 0.666658 0.210424
v -0.532656 0.667023 0.209939
v -0.531484 0.667243 0.209202
v -0.107579 0.667318 -0.050230
v -0.131443 0.666245 -0.066717
v -0.536396 0.665511 0.211230
v -0.555235 0.662856 -0.484363
v -0.556031 0.662856 -0.483481
v -0.556083 0.662856 -0.483177
v -0.540126 0.662856 0.208817
v -0.555604 0.662856 -0.484078
v -0.554916 0.661759 -0.485312
v 0.197448 0.667318 -0.264204
v 0.193770 0.666245 -0.278041
v 0.185308 0.644228 -0.306333
v -0.131443 0.644228 -0.066717
v 0.508100 0.667244 0.203595
v 0.509501 0.667023 0.203623
v 0.510870 0.666657 0.203077
v 0.128077 0.644228 -0.077295
v 0.092908 0.667318 -0.051231
v 0.104526 0.666245 -0.059479
v 0.174692 0.667318 -0.133955
v 0.158065 0.666245 -0.109832
v 0.138839 0.644228 -0.087417
v 0.521026 0.666152 -0.487793
v 0.522118 0.665511 -0.488363
v 0.522750 0.664742 -0.489083
v 0.520734 0.658000 -0.493195
v 0.523736 0.663854 -0.489436
v 0.524633 0.662856 -0.489804
v 0.525431 0.661759 -0.490182
v 0.526121 0.660575 -0.490568
v 0.526696 0.659318 -0.490956
v 0.527149 0.658000 -0.491343
v -0.547593 0.656636 -0.488555
v -0.548936 0.656636 -0.488486
v -0.550250 0.656636 -0.488376
v -0.551520 0.656636 -0.488226
v -0.552731 0.656637 -0.488038
v -0.553871 0.656637 -0.487814
v -0.554927 0.656636 -0.487557
v -0.555246 0.659318 -0.486443
v -0.555888 0.656636 -0.487269
v -0.546234 0.656637 -0.488583
v 0.515589 0.656636 -0.493933
v 0.516948 0.656636 -0.493919
v 0.518293 0.656636 -0.493863
v -0.538726 0.663854 0.211482
v -0.537434 0.664742 0.211807
v -0.535039 0.666152 0.211148
v -0.533713 0.666657 0.210788
v -0.532477 0.667023 0.210166
v -0.531383 0.667244 0.209306
v -0.094419 0.667318 -0.043669
v -0.119264 0.666245 -0.058352
v -0.540068 0.662856 0.209864
v -0.539905 0.662856 0.210899
v -0.555528 0.661759 -0.485032
v -0.555871 0.662856 -0.483782
v 0.199137 0.667318 -0.249598
v 0.196466 0.666245 -0.263515
v 0.190044 0.644228 -0.292338
v -0.119264 0.644228 -0.058352
v 0.508036 0.667244 0.203726
v 0.509429 0.667023 0.203907
v 0.510850 0.666657 0.203512
v 0.116620 0.644228 -0.067967
v 0.079814 0.667318 -0.044539
v 0.091858 0.666245 -0.051876
v 0.104526 0.644228 -0.059479
v 0.181244 0.667318 -0.147147
v 0.166430 0.666245 -0.122010
v 0.148852 0.644228 -0.098281
v 0.522227 0.665511 -0.488161
v 0.523044 0.664742 -0.488860
v 0.520878 0.656636 -0.493629
v 0.522092 0.656636 -0.493453
v 0.523234 0.656636 -0.493241
v 0.524293 0.656636 -0.492994
v 0.525256 0.656636 -0.492716
v 0.526114 0.656636 -0.492409
v 0.526857 0.656636 -0.492077
v 0.527476 0.656636 -0.491724
v -0.555531 0.660575 -0.485732
v -0.556044 0.659317 -0.486148
v -0.556743 0.656636 -0.486954
v 0.519607 0.656636 -0.493766
v -0.539638 0.662856 0.211911
v -0.538396 0.663854 0.212362
v -0.536084 0.665511 0.211857
v -0.534735 0.666152 0.211628
v -0.532276 0.667023 0.210372
v -0.531272 0.667244 0.209398
v -0.081000 0.667318 -0.038112
v -0.106520 0.666245 -0.050877
v -0.537068 0.664742 0.212544
v -0.556037 0.661759 -0.484734
v -0.556728 0.661759 -0.484102
v -0.556960 0.661759 -0.483443
v -0.540981 0.661759 0.208949
v -0.540917 0.661759 0.210089
v -0.556439 0.661759 -0.484423
v 0.199802 0.667318 -0.232538
v 0.198120 0.666245 -0.248833
v 0.193770 0.644228 -0.278041
v -0.106520 0.644228 -0.050877
v 0.507959 0.667244 0.203851
v 0.509329 0.667023 0.204182
v 0.510786 0.666657 0.203943
v 0.512139 0.666152 0.203130
v 0.066295 0.667318 -0.038795
v 0.078680 0.666245 -0.045197
v 0.091858 0.644228 -0.051876
v 0.186843 0.667318 -0.160761
v 0.173905 0.666245 -0.134754
v 0.166430 0.644228 -0.122010
v 0.158065 0.644228 -0.109832
v 0.522265 0.665511 -0.487957
v 0.523257 0.664742 -0.488629
v 0.524071 0.663854 -0.489182
v 0.525836 0.661759 -0.489875
v 0.527153 0.659318 -0.490609
v 0.527625 0.658000 -0.490982
v 0.527966 0.656636 -0.491352
v -0.547618 0.655242 -0.488963
v -0.548984 0.655242 -0.488892
v -0.550319 0.655242 -0.488780
v -0.551610 0.655242 -0.488628
v -0.552842 0.655242 -0.488437
v -0.554001 0.655242 -0.488209
v -0.555075 0.655242 -0.487948
v -0.556052 0.655242 -0.487655
v -0.556450 0.658000 -0.486557
v -0.556921 0.655242 -0.487334
v -0.546236 0.655242 -0.488991
v 0.515587 0.655242 -0.494340
v 0.516969 0.655242 -0.494326
v 0.518336 0.655242 -0.494269
v -0.539271 0.662856 0.212889
v -0.537979 0.663854 0.213201
v -0.535711 0.665511 0.212447
v -0.533447 0.666657 0.211126
v -0.531153 0.667244 0.209478
v -0.066934 0.667318 -0.033431
v -0.093275 0.666245 -0.044330
v -0.540450 0.661759 0.212317
v -0.556186 0.660575 -0.485431
v -0.556903 0.661759 -0.483774
v 0.199254 0.667318 -0.217954
v 0.198721 0.666245 -0.234071
v 0.196466 0.644228 -0.263515
v -0.093275 0.644228 -0.044330
v 0.507871 0.667244 0.203966
v 0.509202 0.667023 0.204444
v 0.510680 0.666657 0.204365
v 0.512113 0.666152 0.203703
v 0.065059 0.666245 -0.039474
v 0.078680 0.644228 -0.045197
v 0.191462 0.667318 -0.174725
v 0.180451 0.666245 -0.147999
v 0.523386 0.664742 -0.488392
v 0.520965 0.655242 -0.494031
v 0.522199 0.655242 -0.493853
v 0.523360 0.655242 -0.493637
v 0.524436 0.655242 -0.493386
v 0.525416 0.655242 -0.493103
v 0.527043 0.655242 -0.492454
v 0.525005 0.662856 -0.489522
v 0.526554 0.660575 -0.490239
v 0.527673 0.655242 -0.492094
v 0.528171 0.655242 -0.491717
v -0.556735 0.659318 -0.485831
v -0.557482 0.656636 -0.486614
v -0.557673 0.655242 -0.486989
v 0.519673 0.655242 -0.494171
v -0.538808 0.662856 0.213821
v -0.534385 0.666152 0.212072
v -0.533149 0.666657 0.211433
v -0.532055 0.667023 0.210556
v -0.531026 0.667244 0.209544
v -0.052765 0.667318 -0.029799
v -0.079744 0.666245 -0.038793
v -0.536629 0.664742 0.213238
v -0.540740 0.661759 0.211216
v -0.556731 0.660575 -0.485113
v -0.557471 0.660575 -0.484436
v -0.557161 0.660575 -0.484780
v -0.557658 0.660575 -0.484085
v -0.541720 0.660575 0.209089
v 0.197679 0.667318 -0.203401
v 0.198268 0.666245 -0.219303
v 0.198120 0.644228 -0.248833
v -0.079597 0.644228 -0.038745
v 0.507771 0.667244 0.204071
v 0.509050 0.667023 0.204691
v 0.510531 0.666657 0.204773
v 0.512029 0.666152 0.204271
v 0.513350 0.665511 0.203199
v 0.052428 0.667318 -0.034026
v -0.530473 0.667244 0.209663
v 0.051064 0.666245 -0.034738
v 0.065059 0.644228 -0.039474
v 0.195079 0.667318 -0.188964
v 0.186036 0.666245 -0.161677
v 0.173905 0.644228 -0.134754
v 0.523430 0.664742 -0.488152
v 0.524313 0.663854 -0.488919
v 0.526288 0.655242 -0.492791
v 0.525274 0.662856 -0.489229
v 0.526129 0.661759 -0.489557
v 0.526868 0.660575 -0.489899
v 0.527484 0.659318 -0.490250
v 0.527970 0.658000 -0.490608
v 0.528320 0.656636 -0.490967
v 0.528531 0.655242 -0.491326
v -0.547627 0.653833 -0.489332
v -0.549001 0.653833 -0.489261
v -0.550344 0.653833 -0.489148
v -0.551642 0.653833 -0.488995
v -0.552880 0.653833 -0.488803
v -0.554046 0.653833 -0.488574
v -0.555126 0.653833 -0.488311
v -0.556108 0.653833 -0.488017
v -0.556982 0.653833 -0.487694
v -0.557169 0.658000 -0.486227
v -0.557737 0.653833 -0.487347
v -0.546238 0.653833 -0.489360
v 0.515586 0.653833 -0.494710
v 0.516975 0.653833 -0.494695
v 0.518349 0.653833 -0.494638
v -0.540050 0.661759 0.213381
v -0.539546 0.661759 0.214396
v -0.537480 0.663854 0.213991
v -0.535281 0.665511 0.212994
v -0.533993 0.666152 0.212476
v -0.531817 0.667023 0.210714
v -0.530893 0.667244 0.209596
v -0.038424 0.667318 -0.027179
v -0.065555 0.666245 -0.034150
v -0.541652 0.660575 0.210310
v -0.541152 0.660575 0.212695
v -0.557719 0.660575 -0.483730
v 0.196763 0.666245 -0.204605
v 0.198721 0.644228 -0.234071
v -0.065555 0.644228 -0.034150
v 0.507661 0.667244 0.204164
v 0.508873 0.667023 0.204920
v 0.510343 0.666657 0.205163
v 0.511889 0.666152 0.204826
v 0.513318 0.665511 0.203904
v 0.038292 0.667318 -0.030253
v 0.506865 0.667244 0.204437
v -0.530615 0.667244 0.209656
v 0.051064 0.644228 -0.034738
v 0.190632 0.666245 -0.175719
v 0.180451 0.644228 -0.147999
v 0.524460 0.663854 -0.488649
v 0.520993 0.653833 -0.494399
v 0.522233 0.653833 -0.494219
v 0.523401 0.653833 -0.494002
v 0.524483 0.653833 -0.493750
v 0.525468 0.653833 -0.493466
v 0.526345 0.653833 -0.493152
v 0.527105 0.653833 -0.492813
v 0.527738 0.653833 -0.492451
v 0.528239 0.653833 -0.492072
v 0.528601 0.653833 -0.491678
v -0.557310 0.659317 -0.485495
v -0.558098 0.656636 -0.486255
v -0.558299 0.655242 -0.486623
v -0.558367 0.653833 -0.486980
v 0.519693 0.653833 -0.494539
v -0.538254 0.662856 0.214698
v -0.532821 0.666657 0.211706
v -0.532468 0.666657 0.211942
v -0.531565 0.667023 0.210846
v -0.530755 0.667244 0.209634
v -0.024007 0.667318 -0.025573
v -0.051221 0.666245 -0.030568
v -0.536123 0.664742 0.213880
v -0.541462 0.660575 0.211516
v -0.558091 0.659317 -0.484781
v -0.557764 0.659318 -0.485144
v -0.558288 0.659317 -0.484411
v -0.542336 0.659318 0.209237
v 0.194213 0.666245 -0.190053
v 0.196763 0.644228 -0.204605
v 0.198268 0.644228 -0.219303
v -0.051221 0.644228 -0.030568
v 0.507542 0.667244 0.204245
v 0.508455 0.667023 0.205314
v 0.508674 0.667023 0.205128
v 0.510116 0.666657 0.205530
v 0.511694 0.666152 0.205363
v 0.513215 0.665511 0.204602
v 0.514490 0.664742 0.203284
v 0.036767 0.666245 -0.031012
v 0.023972 0.667318 -0.027489
v -0.530466 0.667023 0.211083
v 0.507006 0.667244 0.204429
v -0.530748 0.667023 0.211069
v 0.036767 0.644228 -0.031012
v 0.186036 0.644228 -0.161677
v 0.524510 0.663854 -0.488376
v 0.526306 0.661759 -0.489231
v 0.527058 0.660575 -0.489549
v 0.527685 0.659317 -0.489882
v 0.528535 0.656636 -0.490573
v 0.528749 0.655242 -0.490925
v 0.528820 0.653833 -0.491275
v -0.548555 0.531516 -0.518786
v -0.549931 0.531515 -0.518715
v -0.551276 0.531515 -0.518602
v -0.552576 0.531515 -0.518449
v -0.553816 0.531515 -0.518257
v -0.554984 0.531515 -0.518028
v -0.556065 0.531515 -0.517765
v -0.557049 0.531515 -0.517471
v -0.557924 0.531516 -0.517148
v -0.558681 0.531516 -0.516801
v -0.557767 0.658000 -0.485877
v -0.559311 0.531516 -0.516433
v -0.547164 0.531516 -0.518814
v 0.516215 0.531515 -0.524171
v 0.517606 0.531515 -0.524157
v 0.518983 0.531515 -0.524100
v -0.540724 0.660575 0.213834
v -0.538942 0.661759 0.215351
v -0.536904 0.663854 0.214722
v -0.534798 0.665511 0.213490
v -0.533561 0.666152 0.212835
v -0.531301 0.667023 0.210950
v -0.009627 0.667318 -0.024975
v -0.036669 0.666245 -0.028018
v -0.542265 0.659317 0.210524
v -0.541737 0.659318 0.213041
v -0.558352 0.659318 -0.484037
v 0.194213 0.644228 -0.190053
v -0.036669 0.644228 -0.028018
v 0.507416 0.667244 0.204312
v 0.508219 0.667023 0.205475
v 0.509853 0.666657 0.205870
v 0.511445 0.666152 0.205876
v 0.513043 0.665511 0.205284
v 0.514452 0.664742 0.204112
v 0.022240 0.666245 -0.028315
v 0.009564 0.667318 -0.025740
v 0.506872 0.667023 0.205857
v 0.507146 0.667244 0.204405
v -0.531027 0.667023 0.211025
v 0.190632 0.644228 -0.175719
v 0.525437 0.662856 -0.488930
v 0.521630 0.531515 -0.523861
v 0.522872 0.531515 -0.523681
v 0.524042 0.531515 -0.523464
v 0.525126 0.531515 -0.523212
v 0.526112 0.531515 -0.522928
v 0.526991 0.531515 -0.522614
v 0.527751 0.531515 -0.522275
v 0.528385 0.531515 -0.521913
v 0.528887 0.531515 -0.521534
v 0.528179 0.658000 -0.490224
v 0.529249 0.531515 -0.521140
v 0.529469 0.531516 -0.520737
v -0.558240 0.658000 -0.485511
v -0.558793 0.655242 -0.486241
v -0.558864 0.653833 -0.486595
v -0.559809 0.531516 -0.516049
v 0.520329 0.531515 -0.524001
v -0.540184 0.660575 0.214921
v -0.538246 0.661759 0.216235
v -0.537614 0.662856 0.215510
v -0.532092 0.666657 0.212138
v -0.021971 0.666245 -0.026513
v -0.535555 0.664742 0.214464
v -0.542064 0.659317 0.211797
v -0.558580 0.658000 -0.485134
v -0.558785 0.658000 -0.484748
v -0.542823 0.658000 0.209390
v -0.021971 0.644228 -0.026513
v -0.007203 0.644228 -0.026060
v 0.507283 0.667244 0.204366
v 0.507968 0.667023 0.205609
v 0.509233 0.666657 0.206456
v 0.508882 0.666657 0.206695
v 0.509558 0.666657 0.206180
v 0.511147 0.666152 0.206359
v 0.512803 0.665511 0.205944
v 0.514332 0.664742 0.204932
v 0.515547 0.663854 0.203382
v 0.022240 0.644228 -0.028315
v 0.007559 0.666245 -0.026662
v -0.530459 0.666657 0.212490
v -0.530878 0.666657 0.212469
v 0.507154 0.667023 0.205841
v -0.531293 0.666657 0.212403
v 0.525493 0.662856 -0.488626
v 0.526367 0.661759 -0.488901
v 0.527123 0.660575 -0.489196
v 0.527753 0.659318 -0.489509
v 0.528250 0.658000 -0.489836
v 0.528608 0.656636 -0.490174
v 0.528824 0.655242 -0.490519
v 0.528895 0.653833 -0.490867
v -0.549481 0.409198 -0.547648
v -0.550858 0.409198 -0.547577
v -0.552205 0.409198 -0.547464
v -0.553507 0.409198 -0.547311
v -0.554749 0.409198 -0.547119
v -0.555918 0.409198 -0.546890
v -0.557001 0.409198 -0.546627
v -0.557986 0.409198 -0.546333
v -0.558863 0.409198 -0.546010
v -0.559621 0.409198 -0.545663
v -0.560252 0.409198 -0.545296
v -0.558584 0.656636 -0.485878
v -0.560750 0.409198 -0.544911
v -0.548088 0.409199 -0.547676
v 0.516847 0.409198 -0.553041
v 0.518241 0.409198 -0.553027
v 0.519619 0.409198 -0.552970
v -0.541286 0.659318 0.214242
v -0.539538 0.660575 0.215943
v -0.538793 0.660575 0.216889
v -0.536257 0.663854 0.215387
v -0.534267 0.665511 0.213932
v -0.533096 0.666152 0.213146
v -0.531700 0.666657 0.212292
v -0.007203 0.666245 -0.026060
v -0.542748 0.658000 0.210730
v -0.542539 0.658000 0.212055
v -0.558852 0.658000 -0.484359
v 0.007559 0.644228 -0.026662
v 0.507705 0.667023 0.205716
v 0.508509 0.666657 0.206895
v 0.510801 0.666152 0.206807
v 0.512497 0.665511 0.206575
v 0.514129 0.664742 0.205735
v 0.515504 0.663854 0.204326
v 0.506879 0.666657 0.207264
v 0.507433 0.667023 0.205793
v 0.522270 0.409198 -0.552731
v 0.523515 0.409198 -0.552551
v 0.524686 0.409198 -0.552334
v 0.525771 0.409198 -0.552082
v 0.526759 0.409198 -0.551798
v 0.527639 0.409198 -0.551484
v 0.528400 0.409198 -0.551145
v 0.529035 0.409198 -0.550783
v 0.529537 0.409198 -0.550404
v 0.529901 0.409198 -0.550010
v 0.530121 0.409198 -0.549607
v 0.529544 0.531515 -0.520329
v -0.559149 0.655242 -0.485846
v -0.559222 0.653833 -0.486198
v -0.560167 0.531516 -0.515652
v -0.561110 0.409198 -0.544514
v 0.520967 0.409198 -0.552871
v -0.541729 0.658000 0.214601
v -0.540716 0.659318 0.215388
v -0.536896 0.662856 0.216248
v -0.537464 0.661759 0.217038
v -0.532602 0.666151 0.213404
v -0.534932 0.664742 0.214983
v -0.542198 0.658000 0.213350
v -0.558934 0.656636 -0.485490
v -0.559145 0.656636 -0.485094
v -0.559214 0.656637 -0.484693
v -0.543174 0.656637 0.209547
v 0.508118 0.666657 0.207054
v 0.509984 0.666152 0.207578
v 0.509522 0.666152 0.207893
v 0.509031 0.666152 0.208156
v 0.510412 0.666152 0.207215
v 0.512130 0.665511 0.207168
v 0.513847 0.664742 0.206511
v 0.515367 0.663854 0.205259
v 0.516508 0.662856 0.203494
v -0.530452 0.666152 0.213867
v -0.531004 0.666152 0.213840
v -0.531550 0.666152 0.213753
v 0.507298 0.666657 0.207239
v -0.532085 0.666152 0.213607
v 0.517364 0.661759 0.203617
v 0.518105 0.660575 0.203750
v 0.518723 0.659318 0.203891
v 0.519563 0.656636 0.204193
v 0.519777 0.655242 0.204350
v 0.530196 0.409198 -0.549199
v 0.519848 0.653833 0.204508
v -0.550394 0.286881 -0.574151
v -0.551774 0.286881 -0.574080
v -0.553123 0.286880 -0.573967
v -0.554427 0.286881 -0.573814
v -0.555670 0.286881 -0.573622
v -0.556841 0.286881 -0.573393
v -0.557926 0.286881 -0.573130
v -0.558912 0.286881 -0.572836
v -0.559790 0.286881 -0.572513
v -0.560549 0.286880 -0.572166
v -0.561182 0.286880 -0.571798
v -0.561680 0.286880 -0.571414
v -0.562040 0.286880 -0.571017
v -0.548999 0.286880 -0.574179
v 0.517492 0.286881 -0.579552
v 0.518887 0.286881 -0.579538
v 0.520267 0.286880 -0.579481
v -0.541136 0.658000 0.215794
v -0.540035 0.659317 0.216466
v -0.539248 0.659318 0.217464
v -0.537956 0.660575 0.217749
v -0.535548 0.663854 0.215977
v -0.533695 0.665511 0.214313
v -0.543097 0.656636 0.210926
v -0.542882 0.656636 0.212288
v 0.507712 0.666657 0.207169
v 0.508516 0.666152 0.208365
v 0.511705 0.665511 0.207719
v 0.513488 0.664742 0.207252
v 0.515136 0.663854 0.206173
v 0.516461 0.662856 0.204541
v 0.506886 0.666152 0.208641
v 0.522923 0.286881 -0.579242
v 0.524169 0.286881 -0.579062
v 0.525342 0.286881 -0.578845
v 0.526429 0.286881 -0.578593
v 0.527418 0.286881 -0.578309
v 0.528299 0.286881 -0.577995
v 0.529698 0.286881 -0.577294
v 0.530200 0.286881 -0.576915
v 0.530564 0.286881 -0.576521
v 0.519211 0.658000 0.204040
v 0.530860 0.286881 -0.575710
v 0.520699 0.531515 0.218660
v -0.559363 0.655243 -0.485443
v -0.559437 0.653833 -0.485793
v -0.560383 0.531515 -0.515247
v -0.561326 0.409198 -0.544109
v -0.562257 0.286880 -0.570611
v 0.521618 0.286881 -0.579382
v -0.542531 0.656636 0.213620
v -0.542049 0.656636 0.214906
v -0.536606 0.661759 0.217753
v -0.536108 0.662855 0.216904
v -0.533088 0.665511 0.214631
v -0.534260 0.664742 0.215431
v -0.559434 0.655243 -0.485036
v -0.543385 0.655242 0.209706
v 0.507983 0.666152 0.208516
v 0.510702 0.665511 0.208667
v 0.510134 0.665511 0.209055
v 0.509530 0.665511 0.209378
v 0.508897 0.665511 0.209634
v 0.511227 0.665511 0.208220
v 0.513056 0.664742 0.207950
v 0.514814 0.663854 0.207056
v 0.516308 0.662856 0.205578
v -0.530445 0.665511 0.215200
v -0.531124 0.665511 0.215167
v -0.531796 0.665511 0.215060
v -0.532453 0.665511 0.214880
v 0.507437 0.666152 0.208608
v 0.529062 0.286880 -0.577656
v 0.530785 0.286880 -0.576118
v 0.518050 0.660575 0.204971
v 0.518664 0.659317 0.205179
v 0.519501 0.656636 0.205572
v 0.519785 0.653833 0.205918
v 0.521522 0.409198 0.227358
v 0.520635 0.531515 0.220070
v -0.551287 0.164563 -0.596527
v -0.552668 0.164563 -0.596456
v -0.554019 0.164563 -0.596343
v -0.555325 0.164563 -0.596190
v -0.556571 0.164563 -0.595998
v -0.557743 0.164563 -0.595769
v -0.558829 0.164563 -0.595506
v -0.559817 0.164563 -0.595212
v -0.560696 0.164563 -0.594889
v -0.561457 0.164563 -0.594542
v -0.562090 0.164563 -0.594174
v -0.562589 0.164563 -0.593790
v -0.562950 0.164563 -0.593393
v -0.563167 0.164563 -0.592987
v -0.549890 0.164563 -0.596556
v 0.518157 0.164563 -0.601936
v 0.519554 0.164563 -0.601922
v 0.520937 0.164563 -0.601865
v -0.541439 0.656636 0.216134
v -0.540426 0.658000 0.216916
v -0.538366 0.659317 0.218372
v -0.537038 0.660575 0.218513
v -0.534783 0.663854 0.216488
v -0.543089 0.655242 0.212493
v -0.542733 0.655243 0.213847
v -0.543308 0.655242 0.211108
v 0.508241 0.665511 0.209820
v 0.512557 0.664742 0.208597
v 0.514406 0.663854 0.207900
v 0.516052 0.662856 0.206593
v 0.517313 0.661759 0.204757
v 0.506892 0.665511 0.209974
v 0.522289 0.164563 -0.601766
v 0.524843 0.164563 -0.601446
v 0.526018 0.164563 -0.601229
v 0.527107 0.164563 -0.600977
v 0.528980 0.164563 -0.600379
v 0.529744 0.164563 -0.600040
v 0.530884 0.164563 -0.599299
v 0.531248 0.164563 -0.598905
v 0.531469 0.164563 -0.598502
v 0.519150 0.658000 0.205381
v 0.519713 0.655242 0.205752
v 0.531544 0.164563 -0.598094
v 0.522323 0.286881 0.231743
v 0.521457 0.409198 0.228768
v -0.559508 0.653833 -0.485383
v -0.560454 0.531516 -0.514837
v -0.561397 0.409198 -0.543700
v -0.562328 0.286880 -0.570202
v -0.563238 0.164563 -0.592578
v -0.542242 0.655243 0.215155
v -0.539608 0.657999 0.217956
v -0.538689 0.658000 0.218900
v -0.535258 0.662856 0.217471
v -0.535681 0.661759 0.218370
v -0.533546 0.664742 0.215805
v -0.543456 0.653833 0.209865
v 0.507571 0.665511 0.209934
v 0.511377 0.664742 0.209712
v 0.510709 0.664742 0.210167
v 0.509999 0.664742 0.210547
v 0.509255 0.664742 0.210848
v 0.508484 0.664742 0.211067
v 0.511995 0.664742 0.209187
v 0.513914 0.663854 0.208694
v 0.515695 0.662856 0.207574
v 0.516867 0.661759 0.206990
v 0.517146 0.661759 0.205886
v -0.530439 0.664742 0.216474
v -0.531237 0.664742 0.216435
v -0.532026 0.664742 0.216309
v -0.532799 0.664742 0.216098
v 0.523596 0.164563 -0.601626
v 0.528098 0.164563 -0.600693
v 0.530381 0.164563 -0.599678
v 0.517872 0.660575 0.206179
v 0.518477 0.659318 0.206454
v 0.518954 0.658000 0.206708
v 0.519300 0.656636 0.206937
v 0.519509 0.655242 0.207140
v 0.519579 0.653833 0.207314
v 0.522258 0.286881 0.233153
v 0.520429 0.531515 0.221465
v -0.552150 0.042246 -0.613009
v -0.553533 0.042246 -0.612938
v -0.554886 0.042246 -0.612825
v -0.556194 0.042246 -0.612672
v -0.557442 0.042246 -0.612480
v -0.558616 0.042246 -0.612251
v -0.559703 0.042246 -0.611988
v -0.560693 0.042246 -0.611694
v -0.561573 0.042246 -0.611371
v -0.562334 0.042246 -0.611024
v -0.562969 0.042246 -0.610656
v -0.563469 0.042246 -0.610272
v -0.563830 0.042246 -0.609874
v -0.564047 0.042246 -0.609469
v -0.564118 0.042246 -0.609060
v -0.550751 0.042246 -0.613037
v 0.518852 0.042246 -0.618426
v 0.520251 0.042246 -0.618411
v 0.521635 0.042246 -0.618354
v -0.541622 0.655242 0.216403
v -0.540709 0.656636 0.217288
v -0.537397 0.659317 0.219178
v -0.536047 0.660575 0.219174
v -0.533970 0.663854 0.216913
v -0.543158 0.653833 0.212667
v -0.543377 0.653833 0.211274
v 0.507696 0.664742 0.211201
v 0.513346 0.663854 0.209431
v 0.515241 0.662856 0.208511
v 0.516479 0.661759 0.208059
v 0.506899 0.664742 0.211248
v 0.524298 0.042246 -0.618115
v 0.525548 0.042246 -0.617936
v 0.526724 0.042246 -0.617719
v 0.527814 0.042246 -0.617467
v 0.528807 0.042246 -0.617182
v 0.529690 0.042246 -0.616869
v 0.530455 0.042246 -0.616529
v 0.531093 0.042246 -0.616168
v 0.531597 0.042246 -0.615788
v 0.531962 0.042246 -0.615395
v 0.532259 0.042246 -0.614584
v 0.523108 0.164563 0.232958
v 0.523043 0.164563 0.234368
v 0.521251 0.409198 0.230163
v -0.544163 0.531516 0.224025
v -0.544898 0.409198 0.232730
v -0.545655 0.286880 0.237124
v -0.546428 0.164563 0.238346
v 0.522990 0.042246 -0.618255
v -0.542799 0.653833 0.214029
v -0.542306 0.653833 0.215344
v -0.539867 0.656636 0.218356
v -0.537680 0.658000 0.219740
v -0.534699 0.661759 0.218883
v -0.534356 0.662856 0.217943
v 0.512003 0.663854 0.210700
v 0.511242 0.663854 0.211218
v 0.510434 0.663854 0.211651
v 0.509587 0.663854 0.211994
v 0.508710 0.663854 0.212243
v 0.507813 0.663854 0.212395
v 0.512706 0.663854 0.210102
v 0.514695 0.662856 0.209393
v 0.515985 0.661759 0.209078
v 0.517573 0.660575 0.207361
v 0.517157 0.660575 0.208505
v -0.530433 0.663854 0.217675
v -0.531341 0.663854 0.217630
v -0.532240 0.663854 0.217487
v -0.533120 0.663854 0.217247
v 0.532183 0.042246 -0.614992
v 0.518162 0.659317 0.207701
v 0.518626 0.658000 0.208006
v 0.518962 0.656636 0.208272
v 0.519166 0.655242 0.208497
v 0.519234 0.653833 0.208679
v 0.522052 0.286881 0.234548
v 0.520083 0.531515 0.222830
v -0.552974 -0.080072 -0.621829
v -0.554360 -0.080072 -0.621758
v -0.555715 -0.080072 -0.621645
v -0.557024 -0.080072 -0.621492
v -0.558274 -0.080072 -0.621300
v -0.559449 -0.080072 -0.621071
v -0.560539 -0.080072 -0.620808
v -0.561530 -0.080072 -0.620513
v -0.562411 -0.080072 -0.620191
v -0.563174 -0.080072 -0.619844
v -0.563809 -0.080072 -0.619476
v -0.564310 -0.080072 -0.619091
v -0.564671 -0.080072 -0.618694
v -0.564888 -0.080072 -0.618289
v -0.564960 -0.080072 -0.617880
v -0.547211 0.042246 0.237539
v -0.551573 -0.080072 -0.621857
v 0.519585 -0.080072 -0.627253
v 0.520987 -0.080072 -0.627239
v 0.522373 -0.080072 -0.627182
v -0.541682 0.653833 0.216599
v -0.540880 0.655242 0.217576
v -0.538922 0.656636 0.219328
v -0.536352 0.659317 0.219875
v -0.534996 0.660575 0.219724
v -0.544085 0.531516 0.225434
v -0.543506 0.531516 0.228189
v 0.506905 0.663854 0.212449
v 0.514064 0.662856 0.210212
v 0.515391 0.661759 0.210039
v 0.516628 0.660575 0.209596
v 0.525040 -0.080072 -0.626943
v 0.527469 -0.080072 -0.626547
v 0.528561 -0.080072 -0.626294
v 0.530440 -0.080072 -0.625696
v 0.531205 -0.080072 -0.625357
v 0.531845 -0.080072 -0.624996
v 0.532349 -0.080072 -0.624616
v 0.532715 -0.080072 -0.624223
v 0.533012 -0.080072 -0.623411
v 0.523882 0.042246 0.232143
v 0.523818 0.042246 0.233553
v 0.522837 0.164563 0.235763
v 0.520905 0.409198 0.231528
v -0.544820 0.409198 0.234140
v -0.546349 0.164564 0.239755
v 0.523729 -0.080072 -0.627083
v -0.542387 0.531516 0.230758
v -0.540936 0.653833 0.217779
v -0.540024 0.655242 0.218663
v -0.537885 0.656636 0.220192
v -0.536593 0.658000 0.220465
v -0.533411 0.662856 0.218314
v -0.533670 0.661759 0.219287
v -0.543865 0.531515 0.226827
v 0.512572 0.662856 0.211621
v 0.511728 0.662856 0.212196
v 0.510830 0.662856 0.212677
v 0.509890 0.662856 0.213058
v 0.508916 0.662856 0.213334
v 0.507919 0.662856 0.213503
v 0.506910 0.662856 0.213563
v 0.513354 0.662856 0.210957
v 0.514703 0.661759 0.210930
v 0.515992 0.660575 0.210625
v 0.517723 0.659318 0.208907
v 0.517165 0.659317 0.210059
v -0.530427 0.662856 0.218789
v -0.531436 0.662856 0.218740
v -0.532434 0.662856 0.218580
v 0.526291 -0.080072 -0.626763
v 0.529555 -0.080072 -0.626010
v 0.532936 -0.080072 -0.623820
v 0.518169 0.658000 0.209261
v 0.518492 0.656636 0.209564
v 0.518688 0.655242 0.209810
v 0.518754 0.653833 0.209999
v 0.523611 0.042246 0.234948
v 0.521705 0.286881 0.235914
v 0.519602 0.531515 0.224151
v -0.552348 -0.202389 -0.621248
v -0.553751 -0.202389 -0.621219
v -0.555139 -0.202389 -0.621148
v -0.556496 -0.202389 -0.621035
v -0.557807 -0.202389 -0.620882
v -0.559058 -0.202389 -0.620690
v -0.560236 -0.202389 -0.620461
v -0.561326 -0.202389 -0.620198
v -0.562319 -0.202389 -0.619904
v -0.563201 -0.202389 -0.619581
v -0.563965 -0.202389 -0.619234
v -0.564601 -0.202389 -0.618866
v -0.565103 -0.202389 -0.618482
v -0.565465 -0.202389 -0.618084
v -0.565683 -0.202389 -0.617679
v -0.547999 -0.080072 0.235844
v -0.545577 0.286880 0.238533
v -0.547132 0.042246 0.238948
v 0.520366 -0.202389 -0.626652
v 0.521769 -0.202389 -0.626637
v 0.523158 -0.202389 -0.626580
v -0.543012 0.531515 0.229504
v -0.539063 0.655242 0.219651
v -0.538008 0.655242 0.220529
v -0.535438 0.658000 0.221069
v -0.535243 0.659317 0.220455
v -0.533895 0.660575 0.220156
v -0.544600 0.409198 0.235533
v 0.513930 0.661759 0.211741
v 0.515257 0.660575 0.211578
v 0.516494 0.659318 0.211144
v 0.525829 -0.202389 -0.626341
v 0.527082 -0.202389 -0.626162
v 0.528262 -0.202389 -0.625945
v 0.529355 -0.202389 -0.625693
v 0.530350 -0.202389 -0.625408
v 0.532003 -0.202389 -0.624755
v 0.532643 -0.202389 -0.624394
v 0.533148 -0.202389 -0.624014
v 0.533514 -0.202389 -0.623621
v 0.533736 -0.202389 -0.623218
v 0.524653 -0.080072 0.230441
v 0.533812 -0.202389 -0.622810
v 0.524588 -0.080072 0.231851
v 0.524381 -0.080072 0.233246
v 0.522489 0.164563 0.237128
v 0.523263 0.042246 0.236313
v 0.520423 0.409198 0.232848
v -0.565754 -0.202389 -0.617270
v -0.545356 0.286880 0.239926
v -0.546911 0.042246 0.240341
v 0.524516 -0.202389 -0.626481
v -0.544240 0.409198 0.236894
v -0.543745 0.409198 0.238209
v -0.541640 0.531516 0.231938
v -0.540075 0.653833 0.218871
v -0.536766 0.656636 0.220938
v -0.532607 0.661759 0.219578
v 0.513079 0.661759 0.212464
v 0.512160 0.661759 0.213091
v 0.511183 0.661759 0.213614
v 0.509098 0.661759 0.214330
v 0.508013 0.661759 0.214514
v 0.506916 0.661759 0.214579
v -0.530422 0.661759 0.219805
v 0.515718 0.659317 0.212150
v 0.517589 0.658000 0.210460
v 0.516890 0.658000 0.211590
v -0.531520 0.661759 0.219751
v 0.531236 -0.202389 -0.625095
v 0.517895 0.656636 0.210797
v 0.518080 0.655242 0.211064
v 0.518143 0.653833 0.211260
v 0.524033 -0.080072 0.234611
v 0.521223 0.286880 0.237234
v 0.518991 0.531515 0.225411
v -0.553066 -0.324706 -0.609441
v -0.554471 -0.324707 -0.609412
v -0.555861 -0.324707 -0.609341
v -0.557220 -0.324707 -0.609228
v -0.558533 -0.324707 -0.609075
v -0.559786 -0.324706 -0.608883
v -0.560965 -0.324707 -0.608654
v -0.562058 -0.324707 -0.608391
v -0.563052 -0.324706 -0.608097
v -0.563936 -0.324707 -0.607774
v -0.564700 -0.324707 -0.607427
v -0.565337 -0.324707 -0.607059
v -0.565840 -0.324707 -0.606675
v -0.566202 -0.324707 -0.606278
v -0.566420 -0.324707 -0.605872
v -0.548785 -0.202389 0.234404
v -0.547920 -0.080072 0.237254
v -0.546129 0.164563 0.241148
v 0.521203 -0.324707 -0.614853
v 0.522609 -0.324707 -0.614838
v 0.523999 -0.324706 -0.614781
v 0.525359 -0.324707 -0.614682
v -0.543120 0.409198 0.239464
v -0.542372 0.409198 0.240644
v -0.539109 0.653833 0.219865
v -0.538049 0.653833 0.220748
v -0.536871 0.655242 0.221288
v -0.534082 0.659317 0.220911
v -0.535579 0.656636 0.221559
v -0.532756 0.660575 0.220467
v 0.510159 0.661759 0.214029
v 0.514429 0.660575 0.212447
v 0.516082 0.658000 0.212637
v 0.526674 -0.324707 -0.614542
v 0.527929 -0.324707 -0.614363
v 0.529110 -0.324707 -0.614146
v 0.530205 -0.324707 -0.613894
v 0.531202 -0.324707 -0.613609
v 0.532089 -0.324707 -0.613296
v 0.532857 -0.324707 -0.612956
v 0.533498 -0.324707 -0.612595
v 0.534004 -0.324706 -0.612216
v 0.534593 -0.324707 -0.611419
v 0.534668 -0.324707 -0.611011
v 0.525360 -0.202389 0.230402
v 0.525425 -0.202389 0.228992
v 0.525152 -0.202389 0.231797
v 0.524804 -0.202389 0.233162
v 0.522006 0.164563 0.238448
v 0.522779 0.042246 0.237633
v 0.523548 -0.080072 0.235931
v 0.519811 0.409198 0.234109
v -0.566492 -0.324707 -0.605463
v -0.544996 0.286880 0.241287
v -0.545768 0.164563 0.242510
v -0.547698 -0.080072 0.238647
v -0.544500 0.286880 0.242603
v -0.540778 0.531515 0.233031
v -0.539811 0.531516 0.234024
v -0.534229 0.658000 0.221544
v 0.513518 0.660575 0.213221
v 0.512534 0.660575 0.213892
v 0.511488 0.660575 0.214452
v 0.510392 0.660575 0.214895
v 0.509257 0.660575 0.215218
v 0.508095 0.660575 0.215415
v -0.530417 0.660575 0.220710
v -0.531593 0.660575 0.220652
v 0.514844 0.659317 0.213066
v 0.517177 0.656636 0.211958
v 0.534371 -0.324707 -0.611822
v 0.517350 0.655242 0.212245
v 0.517409 0.653833 0.212447
v 0.524318 -0.202389 0.234482
v 0.520609 0.286881 0.238494
v 0.518255 0.531516 0.226599
v -0.553719 -0.447024 -0.584669
v 0.522106 -0.447024 -0.590089
v -0.555126 -0.447024 -0.584641
v -0.556518 -0.447024 -0.584570
v -0.557879 -0.447024 -0.584457
v -0.559194 -0.447024 -0.584304
v -0.560449 -0.447024 -0.584112
v -0.561630 -0.447024 -0.583883
v -0.562724 -0.447024 -0.583620
v -0.563719 -0.447024 -0.583325
v -0.564604 -0.447024 -0.583003
v -0.565370 -0.447024 -0.582656
v -0.566008 -0.447024 -0.582288
v -0.566511 -0.447024 -0.581903
v -0.566874 -0.447024 -0.581506
v -0.567093 -0.447024 -0.581101
v -0.549564 -0.324706 0.234358
v -0.548706 -0.202389 0.235813
v -0.546550 0.042246 0.241703
v 0.523513 -0.447024 -0.590075
v 0.524906 -0.447024 -0.590018
v 0.526268 -0.447024 -0.589919
v 0.527584 -0.447024 -0.589779
v -0.543874 0.286880 0.243857
v -0.543125 0.286881 0.245037
v -0.541508 0.409198 0.241737
v -0.536905 0.653833 0.221511
v -0.535663 0.655242 0.221919
v -0.532881 0.659317 0.221239
v -0.534335 0.656636 0.222047
v 0.506920 0.660575 0.215484
v 0.515173 0.658000 0.213591
v 0.516346 0.656636 0.213035
v 0.528841 -0.447024 -0.589599
v 0.530024 -0.447024 -0.589382
v 0.532119 -0.447024 -0.588846
v 0.533008 -0.447024 -0.588533
v 0.533777 -0.447024 -0.588193
v 0.534418 -0.447024 -0.587832
v 0.534925 -0.447024 -0.587452
v 0.535292 -0.447024 -0.587059
v 0.535515 -0.447024 -0.586656
v 0.535591 -0.447024 -0.586247
v 0.526203 -0.324706 0.228938
v 0.526139 -0.324706 0.230348
v 0.525930 -0.324706 0.231743
v 0.525581 -0.324706 0.233109
v 0.525095 -0.324706 0.234429
v 0.521392 0.164563 0.239709
v 0.522164 0.042246 0.238894
v 0.522932 -0.080072 0.237192
v 0.523701 -0.202389 0.235743
v 0.519075 0.409198 0.235297
v -0.567164 -0.447024 -0.580692
v -0.545271 0.164563 0.243825
v -0.548484 -0.202389 0.237206
v -0.547337 -0.080072 0.240008
v -0.538749 0.531516 0.234907
v -0.532979 0.658000 0.221885
v -0.533049 0.656636 0.222398
v -0.531654 0.659318 0.221435
v 0.513884 0.659318 0.213882
v 0.512846 0.659318 0.214590
v 0.511743 0.659317 0.215181
v 0.510586 0.659317 0.215649
v 0.509389 0.659318 0.215988
v 0.508164 0.659318 0.216196
v 0.506924 0.659317 0.216270
v -0.530413 0.659317 0.221496
v 0.531121 -0.447024 -0.589131
v 0.516505 0.655242 0.213340
v 0.516559 0.653833 0.213548
v 0.524478 -0.324706 0.235690
v 0.519872 0.286881 0.239682
v 0.517404 0.531515 0.227700
v -0.554298 -0.569341 -0.545166
v 0.523083 -0.569341 -0.550594
v 0.524493 -0.569341 -0.550579
v -0.555707 -0.569341 -0.545138
v -0.557101 -0.569341 -0.545066
v -0.558464 -0.569341 -0.544954
v -0.559781 -0.569341 -0.544800
v -0.561038 -0.569341 -0.544608
v -0.562220 -0.569341 -0.544379
v -0.563316 -0.569341 -0.544116
v -0.564312 -0.569341 -0.543822
v -0.565199 -0.569341 -0.543499
v -0.565966 -0.569341 -0.543152
v -0.566605 -0.569341 -0.542784
v -0.567109 -0.569341 -0.542400
v -0.567472 -0.569341 -0.542003
v -0.567691 -0.569341 -0.541597
v -0.550330 -0.447024 0.236849
v -0.549485 -0.324706 0.235767
v -0.546053 0.042246 0.243018
v -0.546839 -0.080072 0.241323
v 0.525887 -0.569341 -0.550522
v 0.527251 -0.569341 -0.550423
v 0.528569 -0.569341 -0.550283
v 0.529828 -0.569341 -0.550104
v -0.544644 0.164563 0.245080
v -0.542260 0.286880 0.246130
v -0.540539 0.409198 0.242730
v -0.539476 0.409198 0.243613
v -0.537603 0.531515 0.235670
v -0.535691 0.653833 0.222145
v -0.534399 0.655242 0.222416
v 0.514173 0.658000 0.214441
v 0.515411 0.656636 0.214016
v 0.531012 -0.569341 -0.549887
v 0.532111 -0.569341 -0.549635
v 0.533110 -0.569341 -0.549351
v 0.534000 -0.569341 -0.549037
v 0.534771 -0.569341 -0.548698
v 0.535413 -0.569341 -0.548336
v 0.535921 -0.569341 -0.547957
v 0.536288 -0.569341 -0.547563
v 0.536511 -0.569341 -0.547160
v 0.536587 -0.569341 -0.546752
v 0.526995 -0.447024 0.231422
v 0.526930 -0.447024 0.232832
v 0.526721 -0.447024 0.234227
v 0.526372 -0.447024 0.235592
v 0.525885 -0.447024 0.236912
v 0.520654 0.164563 0.240896
v 0.521425 0.042246 0.240082
v 0.522192 -0.080072 0.238379
v 0.522959 -0.202389 0.236931
v 0.523735 -0.324706 0.236877
v 0.518222 0.409198 0.236398
v -0.567763 -0.569341 -0.541188
v -0.549263 -0.324706 0.237160
v -0.548122 -0.202389 0.238567
v -0.543894 0.164563 0.246260
v -0.541290 0.286881 0.247123
v -0.534420 0.653833 0.222645
v -0.531701 0.658000 0.222089
v -0.533092 0.655242 0.222772
v -0.530410 0.658000 0.222153
v 0.513093 0.658000 0.215177
v 0.511944 0.658000 0.215792
v 0.510740 0.658000 0.216280
v 0.509493 0.658000 0.216633
v 0.508218 0.658000 0.216850
v 0.506927 0.658000 0.216927
v 0.515554 0.655242 0.214338
v 0.515603 0.653833 0.214551
v 0.525266 -0.447024 0.238173
v 0.519019 0.286880 0.240783
v 0.516447 0.531516 0.228703
v -0.554295 -0.570751 -0.544608
v 0.523086 -0.570751 -0.550036
v 0.524487 -0.570751 -0.550022
v 0.525874 -0.570751 -0.549965
v -0.555697 -0.570751 -0.544580
v -0.557083 -0.570751 -0.544509
v -0.558438 -0.570751 -0.544397
v -0.559748 -0.570751 -0.544245
v -0.560998 -0.570751 -0.544054
v -0.562174 -0.570751 -0.543826
v -0.563264 -0.570751 -0.543564
v -0.564255 -0.570751 -0.543272
v -0.565137 -0.570751 -0.542951
v -0.565899 -0.570751 -0.542606
v -0.566535 -0.570751 -0.542240
v -0.567036 -0.570751 -0.541857
v -0.567397 -0.570751 -0.541462
v -0.567615 -0.570751 -0.541059
v -0.551078 -0.569341 0.243019
v -0.550251 -0.447024 0.238259
v -0.545425 0.042246 0.244273
v -0.550029 -0.447024 0.239651
v -0.547623 -0.202389 0.239883
v 0.527231 -0.570751 -0.549867
v 0.528542 -0.570751 -0.549727
v 0.529794 -0.570751 -0.549549
v 0.530972 -0.570751 -0.549333
v -0.543028 0.164563 0.247352
v -0.538329 0.409198 0.244376
v -0.536387 0.531515 0.236305
v -0.531735 0.656636 0.222608
v -0.531756 0.655242 0.222985
v 0.514382 0.656636 0.214890
v 0.532064 -0.570751 -0.549083
v 0.533058 -0.570751 -0.548800
v 0.533943 -0.570751 -0.548488
v 0.534710 -0.570751 -0.548151
v 0.535349 -0.570751 -0.547791
v 0.535854 -0.570751 -0.547414
v 0.536219 -0.570751 -0.547022
v 0.536440 -0.570751 -0.546621
v 0.536516 -0.570751 -0.546215
v 0.527805 -0.569341 0.237584
v 0.527740 -0.569341 0.238994
v 0.527531 -0.569341 0.240389
v 0.527181 -0.569341 0.241754
v 0.526693 -0.569341 0.243074
v 0.519799 0.164563 0.241998
v 0.520569 0.042246 0.241183
v 0.521334 -0.080072 0.239480
v 0.522101 -0.202389 0.238032
v 0.522875 -0.324706 0.237978
v 0.524522 -0.447024 0.239361
v 0.517264 0.409198 0.237401
v -0.567686 -0.570751 -0.540653
v -0.551006 -0.570751 0.243075
v -0.546210 -0.080072 0.242578
v -0.548900 -0.324706 0.238522
v -0.548401 -0.324706 0.239837
v -0.546994 -0.202389 0.241137
v -0.544673 0.042246 0.245453
v -0.542057 0.164563 0.248345
v -0.540225 0.286881 0.248006
v -0.539076 0.286881 0.248769
v -0.537111 0.409199 0.245010
v -0.535114 0.531515 0.236804
v -0.533105 0.653833 0.223003
v -0.530408 0.656636 0.222673
v 0.506930 0.656636 0.217447
v 0.513271 0.656636 0.215648
v 0.512090 0.656636 0.216281
v 0.510851 0.656636 0.216782
v 0.509569 0.656636 0.217146
v 0.508257 0.656636 0.217368
v 0.514509 0.655242 0.215226
v 0.514551 0.653833 0.215445
v 0.526074 -0.569341 0.244335
v 0.518058 0.286881 0.241786
v 0.515394 0.531515 0.229596
v -0.554292 -0.572145 -0.544012
v 0.523089 -0.572145 -0.549440
v 0.524467 -0.572145 -0.549426
v 0.525831 -0.572145 -0.549370
v 0.527166 -0.572145 -0.549273
v -0.555671 -0.572145 -0.543984
v -0.557034 -0.572145 -0.543915
v -0.558367 -0.572145 -0.543804
v -0.559655 -0.572145 -0.543654
v -0.560884 -0.572145 -0.543466
v -0.562041 -0.572145 -0.543243
v -0.563113 -0.572145 -0.542985
v -0.564088 -0.572145 -0.542697
v -0.564955 -0.572145 -0.542382
v -0.565705 -0.572145 -0.542042
v -0.566330 -0.572145 -0.541682
v -0.566823 -0.572145 -0.541306
v -0.567178 -0.572145 -0.540918
v -0.567392 -0.572145 -0.540521
v -0.550999 -0.569341 0.244428
v -0.549666 -0.447024 0.241013
v 0.528455 -0.572145 -0.549136
v 0.529686 -0.572145 -0.548961
v 0.530845 -0.572145 -0.548748
v 0.531919 -0.572145 -0.548502
v -0.543806 0.042246 0.246545
v -0.542833 0.042246 0.247538
v -0.540990 0.164563 0.249228
v -0.530406 0.655242 0.223052
v -0.531762 0.653833 0.223217
v 0.532897 -0.572145 -0.548224
v 0.533767 -0.572145 -0.547917
v 0.534521 -0.572145 -0.547585
v 0.535150 -0.572145 -0.547232
v 0.535646 -0.572145 -0.546860
v 0.536006 -0.572145 -0.546476
v 0.536223 -0.572145 -0.546081
v 0.536298 -0.572145 -0.545682
v 0.527733 -0.570751 0.237640
v 0.527668 -0.570751 0.239043
v 0.527461 -0.570751 0.240430
v 0.527113 -0.570751 0.241788
v 0.526628 -0.570751 0.243101
v 0.518837 0.164563 0.243001
v 0.519606 0.042246 0.242186
v 0.520370 -0.080072 0.240483
v 0.521135 -0.202389 0.239035
v 0.521908 -0.324706 0.238981
v 0.523661 -0.447024 0.240462
v 0.525329 -0.569341 0.245522
v 0.516209 0.409198 0.238294
v -0.567463 -0.572145 -0.540121
v -0.550790 -0.572145 0.243130
v -0.550927 -0.570751 0.244476
v -0.550776 -0.569341 0.245821
v -0.545457 -0.080072 0.243758
v -0.547770 -0.324706 0.241091
v -0.544589 -0.080072 0.244850
v -0.539840 0.164563 0.249991
v -0.537857 0.286880 0.249403
v -0.535836 0.409198 0.245510
v -0.533798 0.531515 0.237163
v -0.530404 0.653833 0.223284
v 0.506932 0.655242 0.217826
v -0.532452 0.531516 0.237377
v 0.508281 0.655242 0.217746
v 0.513379 0.655242 0.215997
v 0.512178 0.655242 0.216640
v 0.510919 0.655242 0.217149
v 0.509615 0.655242 0.217519
v 0.513416 0.653833 0.216219
v 0.526012 -0.570751 0.244355
v 0.517002 0.286881 0.242680
v 0.514256 0.531515 0.230371
v -0.554289 -0.573508 -0.543383
v 0.523092 -0.573508 -0.548811
v 0.524432 -0.573508 -0.548797
v 0.525759 -0.573508 -0.548743
v 0.527056 -0.573508 -0.548649
v 0.528310 -0.573508 -0.548516
v -0.555629 -0.573508 -0.543356
v -0.556955 -0.573508 -0.543289
v -0.558251 -0.573508 -0.543181
v -0.559504 -0.573508 -0.543035
v -0.560699 -0.573508 -0.542853
v -0.561823 -0.573508 -0.542635
v -0.562865 -0.573508 -0.542385
v -0.563813 -0.573508 -0.542105
v -0.564657 -0.573508 -0.541798
v -0.565386 -0.573508 -0.541468
v -0.565994 -0.573508 -0.541118
v -0.566473 -0.573508 -0.540752
v -0.566818 -0.573508 -0.540375
v -0.567026 -0.573508 -0.539989
v -0.546240 -0.202389 0.242317
v -0.550413 -0.569341 0.247183
v -0.549165 -0.447024 0.242328
v -0.548534 -0.447024 0.243583
v 0.529507 -0.573508 -0.548345
v 0.530634 -0.573508 -0.548139
v 0.531678 -0.573508 -0.547899
v 0.532629 -0.573508 -0.547629
v -0.541765 0.042246 0.248421
v -0.536580 0.286881 0.249903
v 0.506933 0.653833 0.218058
v -0.531093 0.531515 0.237444
v 0.533475 -0.573508 -0.547330
v 0.534208 -0.573508 -0.547008
v 0.534819 -0.573508 -0.546664
v 0.535302 -0.573508 -0.546303
v 0.535651 -0.573508 -0.545929
v 0.535863 -0.573508 -0.545545
v 0.535935 -0.573508 -0.545157
v 0.527517 -0.572145 0.237698
v 0.527454 -0.572145 0.239077
v 0.527250 -0.572145 0.240442
v 0.526907 -0.572145 0.241777
v 0.526430 -0.572145 0.243068
v 0.517779 0.164563 0.243894
v 0.518546 0.042246 0.243080
v 0.519309 -0.080072 0.241377
v 0.520073 -0.202389 0.239928
v 0.520844 -0.324706 0.239875
v 0.522693 -0.447024 0.241465
v 0.524466 -0.569341 0.246624
v 0.525271 -0.570751 0.245536
v 0.515070 0.409198 0.239069
v -0.567095 -0.573508 -0.539600
v -0.550712 -0.572145 0.244509
v -0.550706 -0.570751 0.245862
v -0.547015 -0.324706 0.242271
v -0.543615 -0.080072 0.245844
v -0.540613 0.042246 0.249184
v -0.538618 0.164563 0.250626
v -0.537340 0.164563 0.251125
v -0.534518 0.409198 0.245868
v 0.507764 0.531515 0.232210
v 0.508290 0.653833 0.217978
v -0.531809 0.409198 0.246149
v 0.509631 0.653833 0.217750
v 0.512208 0.653833 0.216866
v 0.510942 0.653833 0.217378
v 0.527161 -0.573508 0.237755
v 0.525824 -0.572145 0.244302
v 0.515861 0.286881 0.243454
v 0.513047 0.531515 0.231018
v -0.554286 -0.574826 -0.542729
v 0.523095 -0.574826 -0.548157
v 0.524383 -0.574826 -0.548144
v 0.525657 -0.574826 -0.548092
v 0.526903 -0.574826 -0.548001
v 0.528107 -0.574826 -0.547873
v 0.529257 -0.574826 -0.547710
v -0.555573 -0.574826 -0.542703
v -0.556847 -0.574826 -0.542638
v -0.558091 -0.574826 -0.542535
v -0.559295 -0.574826 -0.542395
v -0.560443 -0.574826 -0.542220
v -0.561523 -0.574826 -0.542011
v -0.562524 -0.574826 -0.541770
v -0.563434 -0.574826 -0.541501
v -0.564244 -0.574826 -0.541207
v -0.564945 -0.574826 -0.540890
v -0.565529 -0.574826 -0.540554
v -0.566321 -0.574826 -0.539840
v -0.566521 -0.574826 -0.539469
v -0.566586 -0.574826 -0.539096
v -0.550433 -0.573508 0.243184
v -0.545370 -0.202389 0.243410
v -0.550344 -0.570751 0.247216
v -0.549912 -0.569341 0.248498
v -0.547778 -0.447024 0.244763
v 0.530340 -0.574826 -0.547511
v 0.531343 -0.574826 -0.547281
v 0.532256 -0.574826 -0.547021
v 0.533069 -0.574826 -0.546735
v -0.542545 -0.080072 0.246727
v -0.539390 0.042246 0.249819
v -0.535260 0.286881 0.250261
v -0.533170 0.409198 0.246082
v 0.509123 0.531515 0.232130
v 0.508568 0.409198 0.240908
v 0.533773 -0.574826 -0.546425
v 0.534359 -0.574826 -0.546095
v 0.534823 -0.574826 -0.545748
v 0.535159 -0.574826 -0.545389
v 0.535363 -0.574826 -0.545020
v 0.535432 -0.574826 -0.544647
v 0.527099 -0.573508 0.239096
v 0.526900 -0.573508 0.240423
v 0.526567 -0.573508 0.241721
v 0.526104 -0.573508 0.242977
v 0.516637 0.164563 0.244669
v 0.517402 0.042246 0.243854
v 0.518163 -0.080072 0.242152
v 0.518925 -0.202389 0.240703
v 0.519694 -0.324706 0.240649
v 0.521627 -0.447024 0.242358
v 0.523497 -0.569341 0.247627
v 0.524413 -0.570751 0.246631
v 0.525096 -0.572145 0.245463
v 0.513858 0.409198 0.239716
v -0.565989 -0.574826 -0.540202
v -0.549938 -0.574826 0.243236
v -0.550357 -0.573508 0.244524
v -0.550494 -0.572145 0.245871
v -0.549279 -0.569341 0.249752
v -0.546145 -0.324706 0.243364
v -0.544394 -0.202389 0.244403
v -0.541391 -0.080072 0.247490
v -0.536017 0.164563 0.251484
v -0.533910 0.286881 0.250476
v 0.509929 0.409198 0.240827
v 0.510466 0.531516 0.231902
v -0.532547 0.286880 0.250543
v 0.509350 0.286880 0.245294
v 0.511779 0.531515 0.231530
v 0.526667 -0.574826 0.237812
v 0.526608 -0.574826 0.239100
v 0.525515 -0.573508 0.244176
v 0.514648 0.286880 0.244101
v -0.554282 -0.576084 -0.542058
v 0.523099 -0.576084 -0.547485
v 0.524319 -0.576084 -0.547473
v 0.525527 -0.576084 -0.547424
v 0.526708 -0.576084 -0.547338
v 0.527850 -0.576084 -0.547217
v 0.528940 -0.576084 -0.547061
v 0.529966 -0.576084 -0.546873
v -0.555503 -0.576084 -0.542033
v -0.556710 -0.576084 -0.541971
v -0.557890 -0.576084 -0.541874
v -0.559031 -0.576084 -0.541741
v -0.560119 -0.576084 -0.541575
v -0.561143 -0.576084 -0.541376
v -0.562092 -0.576084 -0.541149
v -0.562955 -0.576084 -0.540894
v -0.564387 -0.576084 -0.540314
v -0.564941 -0.576084 -0.539995
v -0.565377 -0.576084 -0.539662
v -0.565692 -0.576084 -0.539318
v -0.565881 -0.576084 -0.538967
v -0.565943 -0.576084 -0.538613
v -0.549312 -0.576084 0.243285
v -0.550139 -0.572145 0.247203
v -0.549846 -0.570751 0.248524
v -0.548522 -0.569341 0.250932
v -0.546906 -0.447024 0.245855
v 0.530917 -0.576084 -0.546655
v 0.531783 -0.576084 -0.546409
v 0.532553 -0.576084 -0.546137
v 0.533221 -0.576084 -0.545843
v -0.543323 -0.202389 0.245286
v -0.540166 -0.080072 0.248124
v -0.538110 0.042246 0.250318
v -0.534666 0.164563 0.251698
v 0.511274 0.409198 0.240600
v 0.510713 0.286881 0.245213
v 0.533777 -0.576084 -0.545530
v 0.534217 -0.576084 -0.545202
v 0.534535 -0.576084 -0.544861
v 0.534728 -0.576084 -0.544512
v 0.534794 -0.576084 -0.544158
v 0.526417 -0.574826 0.240375
v 0.526097 -0.574826 0.241622
v 0.525652 -0.574826 0.242828
v 0.515422 0.164563 0.245316
v 0.516186 0.042246 0.244501
v 0.516945 -0.080072 0.242798
v 0.517705 -0.202389 0.241350
v 0.518473 -0.324706 0.241296
v 0.520476 -0.447024 0.243133
v 0.522429 -0.569341 0.248520
v 0.523448 -0.570751 0.247628
v 0.524252 -0.572145 0.246540
v 0.524806 -0.573508 0.245306
v 0.512589 0.409198 0.240228
v -0.563723 -0.576084 -0.540614
v -0.549866 -0.574826 0.244523
v -0.550145 -0.573508 0.245849
v -0.549217 -0.570751 0.249771
v -0.545167 -0.324706 0.244357
v -0.542168 -0.202389 0.246049
v -0.540941 -0.202389 0.246683
v -0.538884 -0.080072 0.248623
v -0.536785 0.042246 0.250677
v -0.533301 0.164563 0.251765
v 0.512060 0.286881 0.244985
v 0.510116 0.164563 0.246508
v 0.511481 0.164563 0.246428
v 0.525985 -0.576084 0.239089
v 0.526041 -0.576084 0.237868
v 0.525086 -0.574826 0.243980
v 0.513376 0.286881 0.244613
v -0.554279 -0.577267 -0.541376
v 0.523102 -0.577267 -0.546803
v 0.524242 -0.577267 -0.546792
v 0.525370 -0.577267 -0.546746
v 0.526474 -0.577267 -0.546666
v 0.527541 -0.577267 -0.546552
v 0.528559 -0.577267 -0.546407
v 0.529517 -0.577267 -0.546232
v 0.530406 -0.577267 -0.546028
v -0.555419 -0.577267 -0.541353
v -0.556547 -0.577267 -0.541295
v -0.557649 -0.577267 -0.541204
v -0.558715 -0.577267 -0.541080
v -0.559731 -0.577267 -0.540924
v -0.560688 -0.577267 -0.540739
v -0.561574 -0.577267 -0.540527
v -0.563098 -0.577267 -0.540027
v -0.563719 -0.577267 -0.539747
v -0.564235 -0.577267 -0.539449
v -0.564643 -0.577267 -0.539138
v -0.564937 -0.577267 -0.538817
v -0.565114 -0.577267 -0.538489
v -0.565172 -0.577267 -0.538158
v -0.548561 -0.577267 0.243332
v -0.549243 -0.576084 0.244506
v -0.549800 -0.573508 0.247144
v -0.549649 -0.572145 0.248489
v -0.548464 -0.570751 0.250945
v -0.547649 -0.569341 0.252025
v -0.545928 -0.447024 0.246848
v 0.531214 -0.577267 -0.545798
v 0.531934 -0.577267 -0.545544
v 0.532558 -0.577267 -0.545270
v 0.533077 -0.577267 -0.544977
v -0.544094 -0.324707 0.245240
v -0.542937 -0.324706 0.246003
v -0.535432 0.042246 0.250891
v -0.534065 0.042246 0.250958
v 0.512830 0.164563 0.246200
v 0.533488 -0.577267 -0.544670
v 0.533785 -0.577267 -0.544352
v 0.533966 -0.577267 -0.544026
v 0.534027 -0.577267 -0.543695
v 0.525804 -0.576084 0.240297
v 0.525501 -0.576084 0.241479
v 0.525079 -0.576084 0.242623
v 0.514148 0.164563 0.245828
v 0.514910 0.042246 0.245013
v 0.515667 -0.080072 0.243311
v 0.516426 -0.202389 0.241862
v 0.517192 -0.324706 0.241809
v 0.519253 -0.447024 0.243780
v 0.521277 -0.569341 0.249295
v 0.522387 -0.570751 0.248517
v 0.523303 -0.572145 0.247521
v 0.523986 -0.573508 0.246353
v 0.524405 -0.574826 0.245065
v -0.562381 -0.577267 -0.540288
v -0.549662 -0.574826 0.245796
v -0.549030 -0.572145 0.249717
v -0.544853 -0.447024 0.247731
v -0.539657 -0.202389 0.247183
v -0.537558 -0.080072 0.248982
v 0.510872 0.042246 0.245694
v 0.512239 0.042246 0.245613
v 0.525238 -0.577267 0.239062
v 0.525291 -0.577267 0.237922
v 0.524542 -0.576084 0.243715
v -0.554275 -0.578364 -0.540692
v 0.523105 -0.578364 -0.546119
v 0.524153 -0.578364 -0.546109
v 0.525189 -0.578364 -0.546066
v 0.526203 -0.578364 -0.545993
v 0.527182 -0.578364 -0.545889
v 0.528118 -0.578364 -0.545755
v 0.528998 -0.578364 -0.545594
v 0.529814 -0.578364 -0.545407
v 0.530557 -0.578364 -0.545195
v -0.555323 -0.578364 -0.540670
v -0.556359 -0.578364 -0.540617
v -0.557371 -0.578364 -0.540534
v -0.558350 -0.578364 -0.540420
v -0.559284 -0.578364 -0.540277
v -0.560163 -0.578364 -0.540107
v -0.561718 -0.578364 -0.539693
v -0.562376 -0.578364 -0.539453
v -0.562947 -0.578364 -0.539195
v -0.563421 -0.578364 -0.538922
v -0.563796 -0.578364 -0.538636
v -0.564066 -0.578364 -0.538341
v -0.564228 -0.578364 -0.538040
v -0.547693 -0.578364 0.243374
v -0.548497 -0.577267 0.244472
v -0.549050 -0.576084 0.245712
v -0.549330 -0.574826 0.247040
v -0.549323 -0.573508 0.248395
v -0.548290 -0.572145 0.250871
v -0.547596 -0.570751 0.252031
v -0.546669 -0.569341 0.253018
v 0.531219 -0.578364 -0.544962
v 0.531791 -0.578364 -0.544710
v 0.532269 -0.578364 -0.544442
v 0.532646 -0.578364 -0.544160
v -0.541709 -0.324706 0.246638
v -0.536203 -0.080072 0.249196
v 0.513590 0.042246 0.245385
v 0.532919 -0.578364 -0.543867
v 0.533085 -0.578364 -0.543568
v 0.533141 -0.578364 -0.543264
v 0.525069 -0.577267 0.240191
v 0.524786 -0.577267 0.241295
v 0.524392 -0.577267 0.242363
v 0.514345 -0.080072 0.243683
v 0.515102 -0.202389 0.242234
v 0.515865 -0.324706 0.242181
v 0.517970 -0.447024 0.244292
v 0.520051 -0.569341 0.249942
v 0.521241 -0.570751 0.249287
v 0.522259 -0.572145 0.248395
v 0.523063 -0.573508 0.247307
v 0.523617 -0.574826 0.246071
v 0.523897 -0.576084 0.244743
v -0.560977 -0.578364 -0.539911
v -0.564282 -0.578364 -0.537736
v -0.548722 -0.573508 0.249588
v -0.545593 -0.569341 0.253901
v -0.543694 -0.447024 0.248494
v -0.540423 -0.324706 0.247137
v -0.538329 -0.202389 0.247541
v -0.534833 -0.080072 0.249263
v 0.511623 -0.080072 0.243991
v 0.512992 -0.080072 0.243910
v 0.524374 -0.578364 0.239020
v 0.524423 -0.578364 0.237973
v 0.523890 -0.577267 0.243383
v -0.554272 -0.579362 -0.540013
v 0.523109 -0.579362 -0.545440
v 0.524052 -0.579362 -0.545431
v 0.524985 -0.579362 -0.545393
v 0.525898 -0.579362 -0.545326
v 0.526780 -0.579362 -0.545233
v 0.527622 -0.579362 -0.545113
v 0.528415 -0.579362 -0.544967
v 0.529149 -0.579362 -0.544799
v 0.529819 -0.579362 -0.544609
v 0.530414 -0.579362 -0.544399
v -0.555215 -0.579362 -0.539994
v -0.556148 -0.579362 -0.539946
v -0.557060 -0.579362 -0.539871
v -0.557941 -0.579362 -0.539768
v -0.558782 -0.579362 -0.539639
v -0.560306 -0.579362 -0.539310
v -0.560973 -0.579362 -0.539113
v -0.561566 -0.579362 -0.538898
v -0.562080 -0.579362 -0.538665
v -0.562507 -0.579362 -0.538419
v -0.562844 -0.579362 -0.538162
v -0.563087 -0.579362 -0.537896
v -0.563234 -0.579362 -0.537625
v -0.546717 -0.579362 0.243412
v -0.547634 -0.578364 0.244421
v -0.548316 -0.577267 0.245599
v -0.548735 -0.576084 0.246891
v -0.548873 -0.574826 0.248241
v -0.548002 -0.573508 0.250710
v -0.547436 -0.572145 0.251939
v -0.546621 -0.570751 0.253019
v 0.530929 -0.579362 -0.544172
v 0.531359 -0.579362 -0.543930
v 0.531699 -0.579362 -0.543676
v 0.531945 -0.579362 -0.543413
v -0.542464 -0.447024 0.249129
v -0.539093 -0.324706 0.247495
v -0.536972 -0.202389 0.247755
v 0.532094 -0.579362 -0.543143
v 0.532145 -0.579362 -0.542870
v 0.524219 -0.578364 0.240057
v 0.523959 -0.578364 0.241072
v 0.523597 -0.578364 0.242053
v 0.513747 -0.202389 0.242462
v 0.514508 -0.324706 0.242408
v 0.516642 -0.447024 0.244664
v 0.518767 -0.569341 0.250454
v 0.520022 -0.570751 0.249931
v 0.521132 -0.572145 0.249153
v 0.522049 -0.573508 0.248157
v 0.522731 -0.574826 0.246987
v 0.523150 -0.576084 0.245697
v 0.523287 -0.577267 0.244344
v -0.559573 -0.579362 -0.539486
v -0.563282 -0.579362 -0.537351
v -0.548295 -0.574826 0.249387
v -0.545551 -0.570751 0.253897
v -0.544433 -0.569341 0.254664
v -0.541176 -0.447024 0.249628
v -0.535600 -0.202389 0.247822
v 0.512376 -0.202389 0.242543
v 0.523404 -0.579362 0.238964
v 0.523265 -0.579362 0.239897
v 0.523448 -0.579362 0.238020
v 0.523137 -0.578364 0.242990
v 0.519933 -0.572145 0.249786
v -0.554269 -0.580251 -0.539347
v 0.523112 -0.580251 -0.544775
v 0.523941 -0.580251 -0.544766
v 0.524760 -0.580251 -0.544733
v 0.525562 -0.580251 -0.544675
v 0.526337 -0.580251 -0.544592
v 0.527077 -0.580251 -0.544487
v 0.528419 -0.580251 -0.544211
v 0.529006 -0.580251 -0.544044
v 0.529529 -0.580251 -0.543860
v 0.529982 -0.580251 -0.543660
v -0.555097 -0.580251 -0.539330
v -0.555916 -0.580251 -0.539289
v -0.556717 -0.580251 -0.539222
v -0.557491 -0.580251 -0.539132
v -0.558925 -0.580251 -0.538885
v -0.559569 -0.580251 -0.538730
v -0.560155 -0.580251 -0.538557
v -0.560676 -0.580251 -0.538368
v -0.561127 -0.580251 -0.538164
v -0.561503 -0.580251 -0.537947
v -0.561799 -0.580251 -0.537721
v -0.562012 -0.580251 -0.537488
v -0.562141 -0.580251 -0.537250
v -0.545646 -0.580251 0.243445
v -0.546664 -0.579362 0.244355
v -0.547468 -0.578364 0.245456
v -0.548022 -0.577267 0.246700
v -0.548302 -0.576084 0.248030
v -0.547603 -0.574826 0.250465
v -0.547171 -0.573508 0.251749
v -0.546477 -0.572145 0.252911
v 0.530360 -0.580251 -0.543448
v 0.530658 -0.580251 -0.543225
v 0.530874 -0.580251 -0.542994
v 0.531005 -0.580251 -0.542757
v -0.543201 -0.569341 0.255298
v -0.539844 -0.447024 0.249987
v -0.537734 -0.324706 0.247709
v -0.536360 -0.324706 0.247776
v 0.531050 -0.580251 -0.542517
v 0.523031 -0.579362 0.240811
v 0.522705 -0.579362 0.241694
v 0.522290 -0.579362 0.242538
v 0.513136 -0.324706 0.242489
v 0.515283 -0.447024 0.244892
v 0.517437 -0.569341 0.250826
v 0.518744 -0.570751 0.250440
v 0.518677 -0.572145 0.250287
v 0.519787 -0.573508 0.249509
v 0.520952 -0.573508 0.248893
v 0.521756 -0.574826 0.247803
v 0.522310 -0.576084 0.246565
v 0.522590 -0.577267 0.245235
v 0.522583 -0.578364 0.243872
v 0.527773 -0.580251 -0.544359
v -0.558230 -0.580251 -0.539019
v -0.562183 -0.580251 -0.537009
v -0.547754 -0.576084 0.249117
v -0.545424 -0.572145 0.253774
v -0.544397 -0.570751 0.254656
v -0.541911 -0.569341 0.255798
v 0.522338 -0.580251 0.238893
v 0.522216 -0.580251 0.239713
v 0.522010 -0.580251 0.240515
v 0.522377 -0.580251 0.238064
v 0.521791 -0.579362 0.243332
v 0.518565 -0.573508 0.249996
v 0.520703 -0.574826 0.248511
v -0.554970 -0.581019 -0.538688
v -0.554265 -0.581019 -0.538703
v 0.523115 -0.581019 -0.544130
v 0.523820 -0.581019 -0.544123
v 0.524517 -0.581019 -0.544095
v 0.525200 -0.581019 -0.544045
v 0.525859 -0.581019 -0.543975
v 0.527080 -0.581019 -0.543777
v 0.527629 -0.581019 -0.543651
v 0.528129 -0.581019 -0.543509
v 0.528574 -0.581019 -0.543352
v 0.528959 -0.581019 -0.543182
v 0.529281 -0.581019 -0.543002
v -0.555667 -0.581019 -0.538653
v -0.556348 -0.581019 -0.538596
v -0.557007 -0.581019 -0.538520
v -0.557635 -0.581019 -0.538424
v -0.558226 -0.581019 -0.538309
v -0.558774 -0.581019 -0.538178
v -0.559273 -0.581019 -0.538030
v -0.559716 -0.581019 -0.537869
v -0.560099 -0.581019 -0.537696
v -0.560419 -0.581019 -0.537512
v -0.560671 -0.581019 -0.537319
v -0.560853 -0.581019 -0.537121
v -0.560962 -0.581019 -0.536918
v -0.544489 -0.581019 0.243472
v -0.545599 -0.580251 0.244273
v -0.546515 -0.579362 0.245287
v -0.547198 -0.578364 0.246468
v -0.547617 -0.577267 0.247764
v -0.547098 -0.576084 0.250139
v -0.546806 -0.574826 0.251463
v -0.546239 -0.573508 0.252694
v 0.529535 -0.581019 -0.542812
v 0.529718 -0.581019 -0.542615
v 0.529830 -0.581019 -0.542414
v 0.529868 -0.581019 -0.542209
v -0.543172 -0.570751 0.255287
v -0.540577 -0.569341 0.256156
v -0.538483 -0.447024 0.250201
v -0.537108 -0.447024 0.250268
v 0.521723 -0.580251 0.241291
v 0.521359 -0.580251 0.242032
v 0.520921 -0.580251 0.242730
v 0.513908 -0.447024 0.244973
v 0.516076 -0.569341 0.251054
v 0.517421 -0.570751 0.250810
v 0.517376 -0.572145 0.250651
v 0.517300 -0.573508 0.250350
v 0.519584 -0.574826 0.249102
v 0.518410 -0.574826 0.249570
v 0.520388 -0.576084 0.248010
v 0.521386 -0.576084 0.247339
v 0.521805 -0.577267 0.246046
v 0.521942 -0.578364 0.244691
v 0.526488 -0.581019 -0.543885
v -0.560998 -0.581019 -0.536714
v -0.547105 -0.577267 0.248779
v -0.545216 -0.573508 0.253533
v -0.544289 -0.572145 0.254521
v -0.541889 -0.570751 0.255784
v 0.521188 -0.581019 0.238808
v 0.521084 -0.581019 0.239506
v 0.520908 -0.581019 0.240188
v 0.520665 -0.581019 0.240848
v 0.521221 -0.581019 0.238103
v 0.520414 -0.580251 0.243378
v 0.517195 -0.574826 0.249910
v 0.519327 -0.576084 0.248570
v 0.521214 -0.579362 0.244069
v -0.554836 -0.581660 -0.538074
v -0.555402 -0.581660 -0.538046
v -0.554262 -0.581660 -0.538086
v 0.523118 -0.581660 -0.543514
v 0.523692 -0.581660 -0.543508
v 0.524259 -0.581660 -0.543485
v 0.524814 -0.581660 -0.543445
v 0.525350 -0.581660 -0.543388
v 0.526344 -0.581660 -0.543226
v 0.526791 -0.581660 -0.543124
v 0.527197 -0.581660 -0.543008
v 0.527559 -0.581660 -0.542881
v 0.527872 -0.581660 -0.542743
v 0.528134 -0.581660 -0.542596
v 0.528340 -0.581660 -0.542441
v -0.555957 -0.581660 -0.538000
v -0.556492 -0.581660 -0.537937
v -0.557004 -0.581660 -0.537859
v -0.557485 -0.581660 -0.537766
v -0.557930 -0.581660 -0.537659
v -0.558335 -0.581660 -0.537539
v -0.558696 -0.581660 -0.537408
v -0.559008 -0.581660 -0.537267
v -0.559268 -0.581660 -0.537117
v -0.559473 -0.581660 -0.536961
v -0.559621 -0.581660 -0.536799
v -0.559710 -0.581660 -0.536635
v -0.543260 -0.581660 0.243494
v -0.544449 -0.581019 0.244177
v -0.545468 -0.580251 0.245092
v -0.546272 -0.579362 0.246198
v -0.546826 -0.578364 0.247445
v -0.546493 -0.577267 0.249734
v -0.546342 -0.576084 0.251085
v -0.545910 -0.574826 0.252371
v 0.528490 -0.581660 -0.542281
v 0.528580 -0.581660 -0.542117
v 0.528611 -0.581660 -0.541951
v -0.543084 -0.572145 0.255141
v -0.540562 -0.570751 0.256140
v -0.539214 -0.569341 0.256370
v -0.537837 -0.569341 0.256437
v 0.514699 -0.569341 0.251135
v 0.520355 -0.581019 0.241479
v 0.519982 -0.581019 0.242073
v 0.519551 -0.581019 0.242623
v 0.516068 -0.570751 0.251037
v 0.516045 -0.572145 0.250874
v 0.516006 -0.573508 0.250566
v 0.515952 -0.574826 0.250118
v 0.518214 -0.576084 0.249014
v 0.517062 -0.576084 0.249336
v 0.520009 -0.577267 0.247396
v 0.519018 -0.577267 0.247920
v 0.520942 -0.577267 0.246769
v 0.521221 -0.578364 0.245436
v 0.525862 -0.581660 -0.543315
v -0.559739 -0.581660 -0.536468
v -0.546356 -0.578364 0.248378
v -0.544927 -0.574826 0.253177
v -0.544112 -0.573508 0.254259
v -0.541823 -0.572145 0.255630
v 0.519966 -0.581660 0.238711
v 0.519880 -0.581660 0.239278
v 0.519738 -0.581660 0.239834
v 0.519540 -0.581660 0.240370
v 0.519288 -0.581660 0.240883
v 0.519992 -0.581660 0.238137
v 0.519844 -0.580251 0.243967
v 0.519066 -0.581019 0.243125
v 0.514699 -0.570751 0.251117
v 0.515884 -0.576084 0.249533
v 0.517978 -0.577267 0.248334
v 0.520565 -0.579362 0.244740
v -0.554695 -0.582166 -0.537496
v -0.555126 -0.582166 -0.537474
v -0.555547 -0.582166 -0.537439
v -0.554259 -0.582166 -0.537505
v 0.523122 -0.582166 -0.542933
v 0.523557 -0.582166 -0.542928
v 0.523988 -0.582166 -0.542911
v 0.524410 -0.582166 -0.542880
v 0.525206 -0.582166 -0.542781
v 0.525572 -0.582166 -0.542714
v 0.525911 -0.582166 -0.542636
v 0.526220 -0.582166 -0.542549
v 0.526495 -0.582166 -0.542452
v 0.526733 -0.582166 -0.542347
v 0.526932 -0.582166 -0.542235
v 0.527089 -0.582166 -0.542118
v 0.527202 -0.582166 -0.541996
v -0.555954 -0.582166 -0.537392
v -0.556342 -0.582166 -0.537333
v -0.556707 -0.582166 -0.537262
v -0.557046 -0.582166 -0.537181
v -0.557354 -0.582166 -0.537090
v -0.557628 -0.582166 -0.536990
v -0.557865 -0.582166 -0.536883
v -0.558062 -0.582166 -0.536769
v -0.558218 -0.582166 -0.536650
v -0.558330 -0.582166 -0.536528
v -0.558398 -0.582166 -0.536402
v -0.541973 -0.582166 0.243510
v -0.543228 -0.581660 0.244067
v -0.544338 -0.581019 0.244873
v -0.545254 -0.580251 0.245892
v -0.545937 -0.579362 0.247078
v -0.545793 -0.578364 0.249255
v -0.545786 -0.577267 0.250617
v -0.545493 -0.576084 0.251945
v 0.527271 -0.582166 -0.541872
v 0.527295 -0.582166 -0.541746
v -0.542941 -0.573508 0.254863
v -0.540518 -0.572145 0.255980
v -0.539207 -0.570751 0.256353
v -0.537837 -0.570751 0.256420
v 0.518985 -0.581660 0.241366
v 0.518634 -0.581660 0.241814
v 0.518240 -0.581660 0.242222
v 0.514698 -0.572145 0.250953
v 0.514697 -0.573508 0.250643
v 0.514694 -0.574826 0.250192
v 0.514691 -0.576084 0.249603
v 0.516902 -0.577267 0.248635
v 0.515801 -0.577267 0.248819
v 0.519572 -0.578364 0.246676
v 0.518661 -0.578364 0.247156
v 0.517706 -0.578364 0.247537
v 0.520428 -0.578364 0.246100
v 0.524817 -0.582166 -0.542837
v -0.558420 -0.582166 -0.536276
v -0.545514 -0.579362 0.247917
v -0.544562 -0.576084 0.252709
v -0.543867 -0.574826 0.253874
v -0.541714 -0.573508 0.255337
v 0.518685 -0.582166 0.238602
v 0.518620 -0.582166 0.239033
v 0.518512 -0.582166 0.239455
v 0.518361 -0.582166 0.239863
v 0.518170 -0.582166 0.240252
v 0.517940 -0.582166 0.240619
v 0.518705 -0.582166 0.238166
v 0.519851 -0.579362 0.245338
v 0.519217 -0.580251 0.244492
v 0.518533 -0.581019 0.243572
v -0.537838 -0.572145 0.256255
v 0.514688 -0.577267 0.248885
v 0.516718 -0.578364 0.247814
v -0.554550 -0.582531 -0.536960
v -0.554839 -0.582531 -0.536945
v -0.555123 -0.582531 -0.536922
v -0.555397 -0.582531 -0.536890
v -0.554257 -0.582531 -0.536966
v 0.523124 -0.582531 -0.542393
v 0.523417 -0.582531 -0.542390
v 0.523707 -0.582531 -0.542379
v 0.523991 -0.582531 -0.542358
v 0.524526 -0.582531 -0.542292
v 0.524773 -0.582531 -0.542247
v 0.525001 -0.582531 -0.542194
v 0.525209 -0.582531 -0.542135
v 0.525394 -0.582531 -0.542070
v 0.525554 -0.582531 -0.541999
v 0.525688 -0.582531 -0.541924
v 0.525793 -0.582531 -0.541845
v 0.525870 -0.582531 -0.541763
v 0.525916 -0.582531 -0.541680
v -0.555658 -0.582531 -0.536850
v -0.555904 -0.582531 -0.536802
v -0.556131 -0.582531 -0.536747
v -0.556339 -0.582531 -0.536686
v -0.556523 -0.582531 -0.536619
v -0.556683 -0.582531 -0.536547
v -0.556815 -0.582531 -0.536470
v -0.556920 -0.582531 -0.536391
v -0.556996 -0.582531 -0.536308
v -0.557041 -0.582531 -0.536224
v -0.540641 -0.582531 0.243519
v -0.541948 -0.582166 0.243945
v -0.543137 -0.581660 0.244634
v -0.544156 -0.581019 0.245554
v -0.544960 -0.580251 0.246665
v -0.545007 -0.579362 0.248707
v -0.545144 -0.578364 0.250066
v -0.544994 -0.577267 0.251421
v 0.525932 -0.582531 -0.541595
v -0.542742 -0.574826 0.254454
v -0.540446 -0.573508 0.255679
v -0.539185 -0.572145 0.256190
v 0.517673 -0.582166 0.240960
v 0.517373 -0.582166 0.241270
v 0.517806 -0.581660 0.242586
v -0.537839 -0.573508 0.255946
v -0.537841 -0.574826 0.255494
v -0.537844 -0.576084 0.254906
v -0.537848 -0.577267 0.254187
v 0.515706 -0.578364 0.247983
v 0.514684 -0.578364 0.248043
v 0.519080 -0.579362 0.245856
v 0.518260 -0.579362 0.246289
v 0.517400 -0.579362 0.246632
v 0.524265 -0.582531 -0.542329
v -0.557056 -0.582531 -0.536139
v -0.544588 -0.580251 0.247402
v -0.544123 -0.577267 0.252135
v -0.543557 -0.576084 0.253370
v -0.541563 -0.574826 0.254910
v 0.517360 -0.582531 0.238482
v 0.517316 -0.582531 0.238772
v 0.517243 -0.582531 0.239056
v 0.517142 -0.582531 0.239330
v 0.517013 -0.582531 0.239592
v 0.516858 -0.582531 0.239839
v 0.516679 -0.582531 0.240068
v 0.517373 -0.582531 0.238189
v 0.518540 -0.580251 0.244948
v 0.517957 -0.581019 0.243959
v -0.539149 -0.573508 0.255882
v 0.516510 -0.579362 0.246881
v -0.554401 -0.582752 -0.536471
v -0.554547 -0.582752 -0.536464
v -0.554690 -0.582752 -0.536452
v -0.554827 -0.582752 -0.536436
v -0.554959 -0.582752 -0.536416
v -0.554254 -0.582752 -0.536474
v 0.523127 -0.582752 -0.541902
v 0.523274 -0.582752 -0.541901
v 0.523420 -0.582752 -0.541895
v 0.523700 -0.582752 -0.541870
v 0.523832 -0.582752 -0.541851
v 0.523956 -0.582752 -0.541828
v 0.524070 -0.582752 -0.541802
v 0.524175 -0.582752 -0.541772
v 0.524268 -0.582752 -0.541739
v 0.524348 -0.582752 -0.541704
v 0.524416 -0.582752 -0.541666
v 0.524469 -0.582752 -0.541627
v 0.524507 -0.582752 -0.541585
v 0.524530 -0.582752 -0.541543
v 0.524538 -0.582752 -0.541501
v -0.555082 -0.582752 -0.536392
v -0.555197 -0.582752 -0.536365
v -0.555301 -0.582752 -0.536334
v -0.555394 -0.582752 -0.536300
v -0.555474 -0.582752 -0.536264
v -0.555541 -0.582752 -0.536226
v -0.555593 -0.582752 -0.536185
v -0.555631 -0.582752 -0.536144
v -0.555654 -0.582752 -0.536101
v -0.539279 -0.582752 0.243522
v -0.540624 -0.582531 0.243812
v -0.541880 -0.582166 0.244376
v -0.542990 -0.581660 0.245187
v -0.543906 -0.581019 0.246212
v -0.544143 -0.580251 0.248096
v -0.544423 -0.579362 0.249438
v -0.544416 -0.578364 0.250805
v -0.542490 -0.576084 0.253920
v -0.540345 -0.574826 0.255238
v 0.516477 -0.582531 0.240277
v 0.517044 -0.582166 0.241546
v 0.517337 -0.581660 0.242901
v -0.539100 -0.574826 0.255433
v -0.539037 -0.576084 0.254848
v -0.538962 -0.577267 0.254133
v -0.537852 -0.578364 0.253345
v 0.515600 -0.579362 0.247034
v 0.517819 -0.580251 0.245328
v 0.517064 -0.580251 0.245629
v 0.523562 -0.582752 -0.541884
v -0.555662 -0.582752 -0.536059
v -0.543590 -0.581019 0.246839
v -0.543630 -0.580251 0.248738
v -0.543616 -0.578364 0.251461
v -0.543184 -0.577267 0.252752
v -0.541373 -0.576084 0.254352
v 0.516004 -0.582752 0.238353
v 0.515982 -0.582752 0.238499
v 0.515946 -0.582752 0.238641
v 0.515895 -0.582752 0.238779
v 0.515830 -0.582752 0.238911
v 0.515752 -0.582752 0.239035
v 0.515662 -0.582752 0.239150
v 0.515561 -0.582752 0.239255
v 0.516011 -0.582752 0.238205
v 0.517344 -0.581019 0.244282
v 0.514679 -0.579362 0.247088
v 0.516282 -0.580251 0.245848
v -0.554252 -0.582826 -0.536037
v 0.523129 -0.582826 -0.541464
v -0.539271 -0.582752 0.243669
v -0.540578 -0.582531 0.244102
v -0.541767 -0.582166 0.244796
v -0.542786 -0.581660 0.245722
v -0.543211 -0.581019 0.247429
v -0.542774 -0.581019 0.247975
v -0.543054 -0.580251 0.249322
v -0.543767 -0.579362 0.250102
v -0.542188 -0.577267 0.253266
v -0.540218 -0.576084 0.254663
v 0.516255 -0.582531 0.240463
v 0.514634 -0.582826 0.238216
v 0.516688 -0.582166 0.241785
v 0.516838 -0.581660 0.243164
v -0.540065 -0.577267 0.253960
v -0.538876 -0.578364 0.253296
v -0.537857 -0.579362 0.252390
v 0.515483 -0.580251 0.245982
v 0.516701 -0.581019 0.244538
v -0.537902 -0.582826 0.243518
v -0.542529 -0.581660 0.246233
v -0.542284 -0.581019 0.248472
v -0.543047 -0.579362 0.250693
v -0.542754 -0.578364 0.252028
v -0.541144 -0.577267 0.253670
v 0.515449 -0.582752 0.239349
v 0.514673 -0.580251 0.246029
v 0.516036 -0.581019 0.244724
v -0.539247 -0.582752 0.243815
v -0.540502 -0.582531 0.244385
v -0.541612 -0.582166 0.245203
v -0.542221 -0.581660 0.246713
v -0.541866 -0.581660 0.247157
v -0.541467 -0.581660 0.247561
v -0.542421 -0.580251 0.249841
v -0.541746 -0.581019 0.248913
v -0.541839 -0.578364 0.252499
v 0.516016 -0.582531 0.240624
v 0.516309 -0.582166 0.241985
v 0.516316 -0.581660 0.243372
v -0.539889 -0.578364 0.253137
v -0.538779 -0.579362 0.252345
v -0.537863 -0.580251 0.251332
v 0.515356 -0.581019 0.244838
v -0.537895 -0.582752 0.244924
v -0.539209 -0.582752 0.243957
v -0.541417 -0.582166 0.245590
v -0.541029 -0.581660 0.247920
v -0.541740 -0.580251 0.250289
v -0.542271 -0.579362 0.251204
v -0.541446 -0.579362 0.251628
v -0.540880 -0.578364 0.252870
v 0.515329 -0.582752 0.239430
v 0.514668 -0.581019 0.244879
v 0.515775 -0.581660 0.243524
v 0.514641 -0.582752 0.239622
v -0.538039 -0.582752 0.244917
v -0.539157 -0.582752 0.244095
v -0.540398 -0.582531 0.244658
v -0.541183 -0.582166 0.245955
v -0.540913 -0.582166 0.246293
v -0.540610 -0.582166 0.246600
v -0.540278 -0.582166 0.246872
v -0.541166 -0.581019 0.249295
v -0.540557 -0.581660 0.248230
v -0.540583 -0.579362 0.251962
v 0.515201 -0.582752 0.239497
v 0.515761 -0.582531 0.240758
v 0.515912 -0.582166 0.242143
v -0.539691 -0.579362 0.252202
v -0.538672 -0.580251 0.251292
v -0.537868 -0.581019 0.250181
v 0.515221 -0.581660 0.243616
v 0.514785 -0.582752 0.239613
v -0.537888 -0.582531 0.246309
v -0.538174 -0.582531 0.246295
v -0.538181 -0.582752 0.244895
v -0.539091 -0.582752 0.244226
v -0.540267 -0.582531 0.244919
v -0.539919 -0.582166 0.247108
v -0.541015 -0.580251 0.250662
v -0.540550 -0.581019 0.249612
v -0.540257 -0.580251 0.250956
v 0.515066 -0.582752 0.239551
v 0.514661 -0.581660 0.243649
v 0.515501 -0.582166 0.242258
v 0.514927 -0.582752 0.239590
v 0.514648 -0.582531 0.241006
v -0.538458 -0.582531 0.246250
v -0.538321 -0.582752 0.244858
v -0.539012 -0.582752 0.244349
v -0.540110 -0.582531 0.245164
v -0.539928 -0.582531 0.245391
v -0.539724 -0.582531 0.245598
v -0.539500 -0.582531 0.245781
v -0.539259 -0.582531 0.245940
v -0.540056 -0.581660 0.248488
v -0.539539 -0.582166 0.247304
v -0.539473 -0.580251 0.251167
v 0.515494 -0.582531 0.240865
v -0.538557 -0.581019 0.250148
v -0.537874 -0.581660 0.248952
v 0.515080 -0.582166 0.242329
v 0.514935 -0.582531 0.240989
v -0.537881 -0.582166 0.247656
v -0.538307 -0.582166 0.247635
v -0.538728 -0.582166 0.247569
v -0.538735 -0.582531 0.246176
v -0.538455 -0.582752 0.244805
v -0.538920 -0.582752 0.244463
v -0.539003 -0.582531 0.246072
v -0.539905 -0.581019 0.249862
v -0.539532 -0.581660 0.248692
v -0.539238 -0.581019 0.250041
v 0.515217 -0.582531 0.240942
v 0.514655 -0.582166 0.242354
v -0.539140 -0.582166 0.247458
v -0.538584 -0.582752 0.244739
v -0.538818 -0.582752 0.244567
v -0.538706 -0.582752 0.244659
v -0.538435 -0.581660 0.248924
v -0.538989 -0.581660 0.248837
vn -0.010787292905194402 0.9527049973829194 -0.3037051568106625
vn -0.031028293820804877 0.9944126429214003 -0.10089965599864827
vn -0.00370932752060512 0.9522780595378546 -0.3052093350672013
vn -0.02355683328365616 0.9454453442735848 -0.32492795601032626
vn 0.0007662827426442994 0.9522648951580215 -0.30527198079817386
vn -0.00640239375734327 0.8539091936111229 -0.520382646156247
vn -0.029551465497698656 0.9556637678994023 -0.29297350325798327
vn -0.018465688158501872 0.8548869933246149 -0.5184855321079199
vn 0.029983606191943856 0.9943805653732544 -0.1015296733358946
vn 0.001367265885443507 0.853909810564826 -0.5204192214024589
vn -0.03857501802365149 0.9581714420257913 -0.28358324292999193
vn -0.04798267478967496 0.8716550452680984 -0.4877654610350116
vn -0.03499087283831546 0.8578229840637936 -0.512752734590369
vn -0.014800647579605624 0.8397851446970923 0.5427171008705255
vn 0.007854879807494844 0.952653953379022 -0.3039551709948854
vn 0.013444659057941847 0.8548552667922493 -0.5186923114721945
vn -0.008288278328761929 0.7549557013875231 -0.6557234122591765
vn 0.0018014642953539527 0.755013964222154 -0.6557062364778458
vn -0.04747898440529811 0.9613417537744523 -0.2712338077926534
vn -0.023494721403959216 0.7561341601280602 -0.6539947476498441
vn -0.05942338974370925 0.8555076710586469 0.5143690168654962
vn 0.0388059661337116 0.8042389217692711 0.5930378181059194
vn 0.017310226403457116 0.9537948437364653 -0.2999595841502532
vn 0.01700791002173896 0.7562471836599445 -0.6540649265960488
vn -0.05619751402187941 0.9650479236835307 -0.2559772341671559
vn -0.0668398665088102 0.8688400331114943 -0.49056032157921414
vn -0.04397897937146779 0.7598750357635194 -0.6485798172906974
vn -0.09198571212826798 0.83236266010228 0.5465446283989184
vn -0.04969734942811459 0.7913923373037526 0.6092851072500651
vn 0.07787340085170665 0.8551272545162657 0.5125359616878244
vn 0.01153672975670949 0.42581188019167027 0.9047381646388946
vn 0.026548093801971668 0.9556435232697024 -0.29332687423444836
vn 0.02958423012545431 0.8576897801102396 -0.5133157063857806
vn 0.037343552563201 0.7599461985994257 -0.6489123471750569
vn -0.009461801180719721 0.6704380696464513 -0.7419051617876485
vn 0.0020302840001802207 0.6704601592041359 -0.7419427557883718
vn 0.019256808567174353 0.6717809449415076 -0.7404995187961315
vn -0.06439552735756722 0.9690754253142151 -0.23821426512367838
vn -0.08287241576596076 0.8770302042967552 -0.4732337513917469
vn -0.06461346675789142 0.7661477499550811 -0.639408105322644
vn -0.02667826614198322 0.6717237616009131 -0.7403211858486675
vn -0.12928638795752054 0.8275176593321515 0.5463511264583747
vn -0.11947777694770433 0.4864810219449162 0.8654832615961241
vn 0.115732715666898 0.8441836675162175 0.5234117633596261
vn 0.07633997292460781 0.45012515030806594 0.889696328863962
vn 0.03573546509921571 0.9581908509654021 -0.28388953777894194
vn 0.04564971260468546 0.862350814169456 -0.5042491220025931
vn 0.042355861634694285 0.675679175688095 -0.7359780108988576
vn -0.08040955875296353 0.9692116242226726 -0.2327297366749738
vn -0.09909417795927383 0.8869292505371493 -0.45115058288357174
vn -0.08542890743562435 0.7748308683384254 -0.6263697208871748
vn -0.04977543596649756 0.6756304673506465 -0.7355582081398399
vn -0.16701596525136042 0.825993788421718 0.5383678378579968
vn -0.1803977168003819 0.47516700246754234 0.8612043796563158
vn -0.0663137330235729 0 0.9977988218135349
vn 0.15384453545117233 0.8388630461399855 0.5221500251197522
vn 0.13888312015432125 0.45095098527261757 0.8816772015980995
vn 0.005036348383673126 0 0.9999873175170565
vn 0.04477259535984959 0.9613462028556062 -0.27167792136986485
vn 0.058002372968311254 0.7661463845117286 -0.640043312776293
vn 0.06603503968428394 0.6822702377603029 -0.7281117333214695
vn -0.01021560050828698 0.6008591226705096 -0.7992896572644241
vn 0.0021270915548041195 0.6008772886479988 -0.7993384511385316
vn 0.020690815736924478 0.602163762285966 -0.798104437735909
vn 0.04571634658881356 0.6059271706663798 -0.7942054391042707
vn -0.08824783598538628 0.9742123769871396 -0.20765973121663167
vn -0.12097987068918117 0.8911675464519778 -0.43724624073717433
vn -0.10668389226256898 0.7860400738543636 -0.6089002787211837
vn -0.07343617233335122 0.6822830658966074 -0.7273905048759931
vn -0.028773565529825462 0.6021002544139036 -0.7979018520854638
vn -0.20429715082128067 0.8254889166000334 0.5261470542888271
vn -0.24130640581888615 0.4699029729227819 0.849095056250537
vn -0.1373253698941201 0 0.990525992987283
vn 0.19152447148864962 0.8357365784132073 0.5146481791701772
vn 0.20089628289001704 0.4519149786122203 0.8691452902863196
vn 0.07636319209208513 0 0.9970800684466155
vn 0.05360190726298148 0.9650492406649748 -0.256528358334369
vn 0.06189410883344707 0.8688595725759336 -0.49117426890552746
vn 0.0714381678040137 0.6122759796332521 -0.7874101300751388
vn -0.08578142477991822 0.9817362877287859 -0.16980991878930266
vn -0.14677327094814333 0.924080364987328 -0.3528924566777666
vn -0.1372831650303618 0.9042061929160286 -0.4044310735978975
vn -0.12872805882810817 0.7999619953546206 -0.586080107885092
vn -0.09764248063518545 0.6916250756565252 -0.7156260900068646
vn -0.05371071955981707 0.6058228191346533 -0.7937845239232797
vn -0.24071713290088215 0.825384631092358 0.5106813807889524
vn -0.30132856406805064 0.46685019061380467 0.831415657779273
vn -0.20764105248966153 0 0.9782050875562781
vn 0 1 0
vn 0.2287113492202891 0.8338370088828657 0.5024011956147306
vn 0.2619685339410258 0.45278604505108183 0.8522659705935638
vn 0.1472999574947126 0 0.9890918675846324
vn 0.06205281884334628 0.9691048082010946 -0.23871597850817317
vn 0.07813237431851708 0.8770455720527339 -0.4740109667782422
vn 0.07907945228894807 0.7748721632527965 -0.6271519519555141
vn 0.0904098007422119 0.6916169599564165 -0.7165835950050755
vn 0.09813667580658017 0.6213412244813048 -0.7773701020889002
vn -0.030214251793009444 0.5444641010947423 -0.8382397876548707
vn -0.010729771426556393 0.5433311275084205 -0.8394499138635744
vn 0.0022270805900358134 0.5433318889090148 -0.8395150377489419
vn 0.021711428213323898 0.5444589005050449 -0.8385064815168545
vn 0.04808413317320012 0.5478600224937632 -0.8351869921700859
vn -0.10185999204568753 0.9837230990245233 -0.14803177519046506
vn -0.15291861285594624 0.94105372479029 -0.30171805531080564
vn -0.16815914884199362 0.840258924567439 -0.5154487756756313
vn -0.15092226577113765 0.8159760393737006 -0.5580372504255562
vn -0.12264079189600098 0.7038301365764915 -0.6997016328477726
vn -0.07933145646089648 0.6121988015334453 -0.786714145936633
vn -0.05650630707060958 0.5478699837707215 -0.8346529327476849
vn -0.27600938994169627 0.8254547567921735 0.49238527714909014
vn -0.3599834007831609 0.4648571611109202 0.8089003467204635
vn -0.2768942599266729 0 0.9609003948483215
vn 0.2648469948409347 0.8325312077619351 0.4865674233096368
vn 0.3217653216194381 0.45335992930645846 0.8312231062129967
vn 0.21748790105769533 0 0.97606301686598
vn 0.07001782063677173 0.9733792193013896 -0.2182439007750146
vn 0.09444269074576529 0.8869057121361729 -0.4521933612349123
vn 0.10360527117010711 0.562004149671841 -0.8206200604039604
vn 0.07526435358633236 0.5536531568884403 -0.8293391700303897
vn -0.09718818131955215 0.9893983260775441 -0.1079138997847426
vn -0.21376515155150894 0.8811287217215305 -0.42180165450071694
vn -0.1908691553266065 0.8598801161057504 -0.4734713840042172
vn -0.14898126862666844 0.7192058382973734 -0.6786365328785068
vn -0.10590195420029512 0.6213257104753342 -0.7763627615998077
vn -0.08352180678036349 0.5536339313048291 -0.8285611491616677
vn -0.3099415999819874 0.8256122615337783 0.47148764374656293
vn -0.41690035392802893 0.46343690890824046 0.7819337096942804
vn -0.3447378692319123 0 0.938698994096319
vn 0.9905259929867879 0.0000010000002721401034 0.13732536989405142
vn 0.8860439084525366 0.4604530887307 0.05393649388411286
vn 0.9977988692717106 0 0.06631301893365858
vn 0.8699028264733429 0.459439905886042 0.17939912311132897
vn 0.9782053787005496 0.0000020000000658621076 0.20763968088328963
vn 0.9999873104184511 0 -0.005037757643250157
vn 0.2988003054111974 0.8311073462871813 0.4690191429287876
vn 0.39985430316302145 0.38013011416734543 0.8340369491486187
vn 0.2865640196836964 0 0.9580610954541063
vn 0.960900011223106 9.999996362166815e-7 0.27689559120801244
vn 0.07764839493858275 0.9778179154979572 -0.19453239034847544
vn 0.11067334118245066 0.8981026604153238 -0.4256324974745586
vn 0.10056675717102354 0.7860977903489265 -0.6098660437839115
vn 0.11565624289070386 0.7038381419529061 -0.7008819468446077
vn 0.133508975736988 0.5731182424433957 -0.8085238608577074
vn -0.03127944963240581 0.49587695119504893 -0.8678292719793433
vn -0.058537274791205005 0.4988861026904764 -0.8646884086203113
vn -0.011107022431958827 0.4948721656347312 -0.8688948001528651
vn 0.002316256336435618 0.4948526785450414 -0.8689737979325856
vn 0.022516454738088675 0.49582520130061 -0.8681303928680514
vn 0.04985130110820232 0.4987979095726856 -0.8652834756215665
vn -0.11208884316356645 0.9910083636753609 -0.07306513781371303
vn -0.17765163421906052 0.9635287640578498 -0.2001305016544192
vn -0.1839031419848138 0.9465193419533637 -0.2651052049211494
vn -0.20565018472466504 0.7592570216623622 -0.6174437436553312
vn -0.17652229138264197 0.7376098463909212 -0.6517450384561305
vn -0.13372921946720875 0.6333109541337223 -0.7622556862594896
vn -0.11179065633565789 0.5619858164799086 -0.81955768023456
vn -0.08667399550865622 0.5039932510557326 -0.8593476720122298
vn -0.3423335833929428 0.825802208284685 0.448172322297445
vn -0.4717503357472516 0.4623759152231525 0.7507730241184133
vn -0.4108274759910536 9.999999559234437e-7 0.9117131045289524
vn 0.8910196523373243 0.4538472272790328 -0.010328283487955383
vn 0.9970801134613857 0 -0.07636260432849569
vn 0.8802256361601734 0.4599211015372527 0.11694190783110284
vn 0.33168056834350235 0.8303590708582791 0.44776312267392765
vn 0.4367848188418645 0.4547779381301945 0.7761417712115027
vn 0.354178372134607 0 0.9351778872022583
vn 0.9386985246730072 0 0.3447391474386395
vn 0.8551228005895594 0.4590148931252798 0.24097784919169804
vn 0.08467407805123917 0.9821450284100186 -0.167992391719555
vn 0.1265752906506475 0.9103205982528507 -0.3940749981834374
vn 0.12268481982201809 0.7999173577895156 -0.587435660895965
vn 0.12606202933481628 0.633312028381879 -0.763560239579575
vn 0.10761417439616068 0.5113550618918635 -0.8526049437732585
vn 0.1390546543196744 0.5212889311570241 -0.8419748531667693
vn 0.07805409606870634 0.503919011840585 -0.8602169421677915
vn -0.19759876023208411 0.9701268629535832 -0.14074302728939359
vn -0.11527592618855077 0.9928591580626942 -0.03069451241525121
vn -0.253462319702006 0.8956708445267814 -0.36541837769324165
vn -0.23652181648940018 0.7840849751719496 -0.5738189453426559
vn -0.1632251189721961 0.6484770018205991 -0.7435288418388888
vn -0.11619245735622093 0.5113791174673764 -0.8514638636323977
vn -0.372991400312502 0.8260219439445007 0.4225697142662581
vn -0.5242404284303475 0.4615288645380676 0.7156556996191451
vn -0.47482224610828394 0.000002000000052157419 0.8800817204082153
vn 0.887399518962751 0.4550069301134434 -0.07409984678403782
vn 0.9890918675846324 0 -0.1472999574947126
vn 0.5616119239010504 0.8261671857674303 0.04516445608312941
vn 0.5566632892647104 0.8263970626384206 0.0848167274043498
vn 0.5641677499313554 0.8256492740338652 0.004245730177830251
vn 0.3634614579970196 0.829873208202766 0.4233275644910563
vn 0.5130154716584511 0.3803380226649141 0.7695181052804414
vn 0.4737717727276612 0.0004169999210902654 0.8806475648507497
vn 0.41999267710678173 0.0006249997278244418 0.9075272781310868
vn 0.9117136513266269 0 0.41082626253036697
vn 0.8359701752444205 0.45862406863722466 0.30135996709657925
vn 0.5489049169489973 0.8266341197578001 0.12401380649533081
vn 0.0909059151323485 0.9861112453573279 -0.13899901572950157
vn 0.14632940183560073 0.9154218433580624 -0.37495407033577105
vn 0.1454439652568319 0.8161989545450653 -0.5591648411424953
vn 0.14208897542844948 0.7191142931944627 -0.6802097885102224
vn 0.1656235414521208 0.5873311859452651 -0.7922189852136755
vn 0.17305755098040473 0.5340569066740976 -0.8275471614852891
vn -0.032080215817404195 0.45389571628757813 -0.890477140913171
vn -0.06011455225491186 0.4564829450150347 -0.8876990264259572
vn -0.08912318238977439 0.46086003112256996 -0.8829864608669958
vn -0.011366737752880614 0.4529920043333212 -0.8914421132541009
vn 0.0023657720197954256 0.45297274129171355 -0.8915212273240726
vn 0.02312505583536299 0.4538488672884834 -0.8907785569116333
vn 0.051213937661595 0.4564298882751054 -0.8882842392378518
vn -0.19544884906725835 0.9779751796198279 -0.07324135065555225
vn -0.11732859504819854 0.9930890434029576 -0.002855285802594701
vn -0.2967979032865658 0.9339225958819739 -0.19924755834331695
vn -0.267326801037226 0.9198138281208447 -0.2871914048938105
vn -0.26882575613739346 0.811414740897869 -0.5189786422299116
vn -0.22901338269771618 0.6895058224519287 -0.6871205071530312
vn -0.19493390334571575 0.6671894176160044 -0.718929102448649
vn -0.14169800470475638 0.5731169088302888 -0.8071299054523414
vn -0.11958007429346001 0.4672298348994609 -0.8760119218434148
vn -0.401762336316069 0.8262470375421873 0.39484535969239015
vn -0.5740922863988412 0.46083797876712107 0.6767912558708078
vn -0.5363957985584232 9.99999997738398e-7 0.8439665557875333
vn 0.8796444872018528 0.4554512541416429 -0.13707564056459529
vn 0.9760635030416634 0 -0.2174857191404451
vn 0.5632461640965926 0.8254507421700883 -0.03721331591413046
vn 0.3931699678771171 0.8292751138615541 0.3971399777023374
vn 0.5413556810577651 0.45568183751026525 0.7066032051652125
vn 0.8800827774084504 0 0.4748202869602645
vn 0.8124974675718332 0.4583760472583437 0.36019337096783816
vn 0.538357052052521 0.8268930578258739 0.16254093461246924
vn 0.09631467766975357 0.9895476747431543 -0.10732605590343744
vn 0.16221314519608598 0.9294882999152496 -0.33126786117317863
vn 0.1674141063742173 0.8442702041610234 -0.5090975735090733
vn 0.15572553476454695 0.6484824644031012 -0.7451308953358304
vn 0.11068551762785432 0.46724099731756924 -0.8771741939963449
vn 0.14335416504422943 0.47586602774965225 -0.867756363847733
vn 0.17882974650468417 0.48698190428444643 -0.8549085019255364
vn 0.08018157846337043 0.4608270174298604 -0.8838604949209018
vn -0.31339335406093116 0.9447318248911382 -0.09626206245608691
vn -0.21115711038714965 0.9773684191728802 -0.012792495317742186
vn -0.10820846432397425 0.9941156330118436 0.005003643683230506
vn -0.3020903526153474 0.8401526410309983 -0.4504275287161895
vn -0.33651444293665794 0.8690328811015363 -0.3626842721423052
vn -0.26619532135567103 0.7158938925210682 -0.6454734584313939
vn -0.17357199235306583 0.5872849026440277 -0.7905499393441138
vn -0.14756014123511332 0.5213070334421077 -0.8405147123057768
vn -0.1520834751240711 0.4758310659363911 -0.8662882968642852
vn -0.42848466350806275 0.8264839356450042 0.3651372307217203
vn -0.6210448945063372 0.4602500456425391 0.6344077036840373
vn -0.5952361251634676 0 0.8035508417644651
vn 0.8674460364947221 0.45585198117057835 -0.19933977283135434
vn 0.9580614734111961 0 -0.28656275606779086
vn 0.55123423061211 0.830778929879769 -0.0771180437336229
vn 0.4208595033814799 0.8288158905975529 0.3687024517229026
vn 0.5905644141746206 0.4560780640830773 0.6657525607707564
vn 0.5933893473477965 -0.0003210000353032465 0.8049155107296253
vn 0.5448708968086096 -0.000480999906631488 0.8385198116026069
vn 0.8439665557879552 0 0.5363957985586914
vn 0.8130893866492581 0.38268695957084703 0.4386756664014477
vn 0.5250996704744022 0.8271570686296384 0.20020369597911483
vn 0.10074972498913821 0.9922085311472287 -0.07329204345133233
vn 0.1718213571303639 0.9495072002121598 -0.2625138053115402
vn 0.19198864234950333 0.8549625955728642 -0.48184989507117815
vn 0.17000082463208058 0.7376258559070159 -0.6534583508700877
vn 0.20061231295089854 0.6050381239444924 -0.7705086426940452
vn 0.210468527320524 0.5501239739433784 -0.8081253691725528
vn 0.21814619513532363 0.5010650484454764 -0.8374640617807511
vn -0.0327077341794487 0.4167280754407068 -0.9084425767566879
vn -0.06137150185218736 0.41889701285113207 -0.9059574114630365
vn -0.0910285581287716 0.422607116361927 -0.9017300188001138
vn -0.12225397814928693 0.42798003197759904 -0.8954814666173314
vn -0.011560999276997866 0.41598709070225093 -0.9092970271945217
vn 0.0024026506742419055 0.415970777714011 -0.9093748068633409
vn 0.023560721079949214 0.4167118328464994 -0.9087332616273623
vn 0.052261992648793706 0.4189111767698714 -0.9065219854485931
vn -0.32315216818878495 0.9461979630372503 -0.01679556307616627
vn -0.2040323436711478 0.9789326817911309 0.007849029066261079
vn -0.03164691275895029 0.9990252704691452 0.030773070644294895
vn -0.36771437622233344 0.8932860717554397 -0.2585075076804454
vn -0.38263150740549 0.9123247637330056 -0.14579662211491004
vn -0.30666793469631837 0.7460077980971198 -0.5911236275157521
vn -0.25224249731768184 0.6228529985521781 -0.7405591568142951
vn -0.20842390112246176 0.6050693279715648 -0.768407825174193
vn -0.15570487899095925 0.4351981967529314 -0.886768583228684
vn -0.4530135737279914 0.8267331401569079 0.3336030829960846
vn -0.664853687457571 0.4597341816867547 0.5887393790658824
vn -0.6510457376566509 0 0.7590385019741142
vn 0.8508567185697294 0.4562273404048042 -0.26057524504816504
vn 0.935177100817426 0 -0.3541804485099564
vn 0.5453868348721743 0.8300942840329948 -0.11617521234696136
vn 0.4464305198468466 0.8284156435551925 0.3382710635900012
vn 0.6363530335866796 0.45646105750976057 0.6218505605224629
vn 0.8035496816643648 0.0000010000000656816755 0.5952376912596329
vn 0.7534045597860455 0.45753118797901493 0.4722782880041241
vn 0.4604328805152032 0.8630931071055458 0.2075375893841102
vn 0.10403086768618347 0.9938609183299794 -0.037657052257843035
vn 0.18485121894642584 0.9610190910272521 -0.20560236753299943
vn 0.21880153771594352 0.8677839372848233 -0.44618037303717045
vn 0.19971729337192484 0.7689710645112922 -0.6072861802087733
vn 0.1876176614957961 0.6671611569800364 -0.7208991633452685
vn 0.11315236881609406 0.42794401567024 -0.896694184704761
vn 0.14674596712450344 0.4351980410676825 -0.8882951571316519
vn 0.18343289734824392 0.4446061805857288 -0.8767426739673384
vn 0.22432818232530974 0.4565092246653637 -0.8609739801004739
vn 0.08189960274709554 0.42260090424752034 -0.9026078499542568
vn -0.4100947555355796 0.9116042281627158 -0.028284672140085516
vn -0.3079714687514599 0.9513276069814365 0.011373593541271996
vn -0.11832742679766105 0.9928750449568866 0.014062900458461333
vn 0.4515795271259024 0.8275959305047037 -0.33340801803915876
vn -0.21368126371432708 0.9766308564421111 0.02307569679547998
vn -0.3498605649493643 0.7787679888819188 -0.5206899313277752
vn -0.4290151523771341 0.8452458045775021 -0.3185993234063057
vn -0.2889799533367853 0.6523878125872751 -0.7006288093970015
vn -0.1813502261361188 0.534070099416624 -0.8257609971350643
vn -0.18740581406435888 0.4869468405436831 -0.8530895822476089
vn -0.47522128016401527 0.8269936887675996 0.30041000918383715
vn -0.705294827836257 0.45927491259218484 0.5400238517795912
vn -0.7035357827767947 0 0.7106598358938283
vn 0.8299553057178721 0.4565890838850107 -0.32046934172834696
vn 0.9075274553824059 0 -0.4199927591365541
vn 0.536589808046388 0.8295280245366099 -0.15477284777741232
vn 0.46975895081090546 0.8280561445765454 0.3060221390064203
vn 0.6788960985767424 0.4568329294295967 0.5748075868723821
vn 0.6586586064372831 0 0.7524419181346134
vn 0.7590397884584995 0 0.6510442377725773
vn 0.7179785614713776 0.4571880673188905 0.5248674655269737
vn 0.49084911914503837 0.8276232441811703 0.2722258399299647
vn 0.10591629555047402 0.9943337519152514 -0.009062457669087174
vn 0.19604885218621101 0.9701837255156592 -0.14250749559593398
vn 0.2404899109164192 0.8986986504624618 -0.3667496944843486
vn 0.23010957602990745 0.7935682940056007 -0.5632929484454575
vn 0.22212159740385695 0.6895778000648759 -0.6893072273119184
vn 0.2521999593070016 0.569972730240805 -0.7820014496836877
vn 0.26247577004382844 0.5186092044860936 -0.8137265899319011
vn 0.27077363769674645 0.4714028484843133 -0.83932174496396
vn -0.033250646075433855 0.38315811750426715 -0.9230840977539113
vn -0.06237622607717038 0.38489589617723247 -0.9208498007418445
vn -0.0925362691313635 0.3878981129862028 -0.9170453057711986
vn -0.12442700833999673 0.3922599549856228 -0.911400047898965
vn -0.1586932862367622 0.3981010692001232 -0.9035109183651828
vn -0.011748191941218953 0.3825908427203799 -0.9238431831499444
vn 0.0024581849959033615 0.3825899916916756 -0.923914961229598
vn 0.02393414746824455 0.3831541755938514 -0.9233742655662246
vn 0.0530925962231599 0.38490300024749236 -0.9214287040388766
vn -0.4078340338620167 0.9129359283194689 0.014811873862038052
vn -0.3260949271608207 0.9445536266364439 0.03847784931516216
vn -0.10597065292031804 0.9941424858008092 0.021235315995516205
vn 0.38011487734448485 0.8630529037100559 -0.3326445030644999
vn 0.4736552679748498 0.8279613014748402 -0.30021787151960516
vn -0.46752623348318983 0.8659282092775548 -0.1777288873042003
vn -0.5127685282982675 0.8581108961089492 -0.02672314289011236
vn -0.3365452856851303 0.6828638001141862 -0.6484090538978668
vn -0.39500170090046854 0.8122758193807442 -0.42916389588952775
vn -0.300531982407435 0.5969129311108795 -0.7438921159838138
vn -0.21858867603575907 0.5501727681720989 -0.8059335679017123
vn -0.19223893200491318 0.4445651477863719 -0.874874860991726
vn -0.4424327527739162 0.8628892838375533 0.2442853722825196
vn -0.7421540910057519 0.45886181944616905 0.48852137707369303
vn -0.7524406009137523 0 0.6586601112080124
vn 0.8048515039397424 0.45693216852461105 -0.37871763884631937
vn 0.875253807170801 0 -0.4836639050342895
vn 0.5249181310536901 0.8290563191121293 -0.19268257687541024
vn 0.7106598358938283 0 0.7035357827767947
vn 0.03191105997864922 0.9990272052231866 0.03043562838168353
vn 0.2048814424501442 0.9759902527497885 -0.07393660174062716
vn 0.26337213169143714 0.9192931043517241 -0.29246420044114524
vn 0.2635799524200462 0.8114111293791091 -0.5216680820233923
vn 0.11519875225718569 0.39219994488002724 -0.9126381817097569
vn 0.1495031152512778 0.3980369246153957 -0.9051052011633128
vn 0.1871958861071256 0.4056509362614929 -0.894653574370964
vn 0.2391320231194454 0.6266357990893154 -0.7417165569262264
vn 0.2776154873539071 0.427401094471466 -0.8603824414909022
vn -0.19617343734018738 0.40567493390480797 -0.8927171055174563
vn 0.0833184396180799 0.3878900331209613 -0.9179321106841332
vn -0.5025972730803262 0.8643285547645965 0.018224448160752662
vn -0.4151002136488292 0.9086950843882446 0.04432895484147396
vn -0.19980143162232264 0.9790253242948497 0.039859783128296154
vn -0.10260386149782365 0.9941861136091332 0.03265607313353624
vn 0.400278035003636 0.8271290308142791 -0.39450609764344496
vn 0.7367840000993783 0.3827500869899184 -0.5573613801715805
vn 0.7425589583769677 0.4575859682403317 -0.4891025199318348
vn 0.4933473029555905 0.8282902071284873 -0.265600774549873
vn -0.31907094928267493 0.9450975031368555 0.07060055869703899
vn -0.38904545450058853 0.7170282802405196 -0.5783719215762065
vn -0.5576738050732557 0.8074949412204266 -0.19222863220274036
vn -0.5045525983346202 0.7861492595385731 -0.356925786741077
vn -0.26017231238290145 0.5701320257046879 -0.7792687861933154
vn -0.2265778539544109 0.5010221004426659 -0.835248065526304
vn -0.5121234469122252 0.8276220341220294 0.22972014225673723
vn -0.7752963030939803 0.4583840817344729 0.4345108468395824
vn -0.7975129906937107 0 0.6033017733065048
vn 0.7756709144495235 0.4572621695270085 -0.4350240692151335
vn 0.8385188281428083 0 -0.5448726225917498
vn 0.5104712829276115 0.8286497300069031 -0.2296926082087212
vn 0.11843090446517661 0.9929579834230631 0.002926435368183873
vn -0.39415482922895523 0.827765947022567 -0.39930628287734915
vn 0.20035126787993743 0.9796265593988495 -0.013826553412694172
vn 0.28401342111768446 0.9363536273275852 -0.20634500530786473
vn 0.2976041205584278 0.8402809285891485 -0.4531663584998375
vn 0.2597325946148322 0.7159499328796969 -0.6480390982835872
vn 0.22941277629952023 0.41531519594118704 -0.880274426580075
vn 0.2994311495018194 0.5941119436187791 -0.746573496152613
vn 0.3133831311978046 0.5402090519543379 -0.7810026845454855
vn 0.3246906053063736 0.4898989318810277 -0.8090581236027536
vn 0.33400352730317767 0.44242009931248394 -0.8322896728143196
vn -0.03370936387085204 0.3521569173049375 -0.9353337288806098
vn -0.06322271194701967 0.35348400054860696 -0.9333016393697251
vn -0.09380474678989652 0.3557629348304619 -0.9298566575986322
vn -0.12621897144289512 0.35909604131902906 -0.9247263402525636
vn -0.1611793794427612 0.36357403362896334 -0.9175157381283505
vn -0.1994792043779099 0.36932710223178716 -0.9076373386864531
vn -0.011926776946837785 0.3517152107017424 -0.9360310692240345
vn 0.0025038130042217594 0.35171622459972157 -0.936103321366695
vn 0.02426775076293713 0.3521601317281628 -0.9356250947329869
vn 0.053796534051580386 0.35349592541360464 -0.9338878753041056
vn -0.5084866504046376 0.8593707603773872 0.05406683427632036
vn -0.3980320529270139 0.913914655387524 0.07956436080689643
vn -0.20321741238379984 0.9769948787183057 0.06468145222732498
vn -0.10745348366597275 0.9930364486197091 0.048294518951973224
vn 0.37149391060241627 0.8268856737051893 -0.4221994280034485
vn 0.6651881176949027 0.45833800967093197 -0.5894497747632117
vn -0.5990260697667006 0.8001101578981547 -0.03148814011735257
vn -0.5911167547407327 0.8063011985641922 0.021432672692219865
vn -0.3602982357729877 0.6229856964048153 -0.6943154926788541
vn -0.4460124106214777 0.7530034452668817 -0.48379617711162687
vn -0.2707144989163876 0.5185831984436774 -0.8110395344053055
vn -0.23296682547323086 0.45649315850951616 -0.858685305838484
vn -0.5268037462773221 0.827865621580227 0.19265597710365231
vn -0.8383507839734978 0.3829622387431381 0.3879534594611384
vn -0.8385193683733753 0 0.5448717912158014
vn 0.7975117862041028 0 -0.6033033655347377
vn 0.10773502042772405 0.9941238831621181 0.010529496669323169
vn -0.36451331214958177 0.8280730072733792 -0.4259403008532576
vn -0.42183016472668455 0.8274814723840691 -0.3705856513516831
vn 0.30110117214039234 0.9474059056743779 -0.10844415165878453
vn 0.3318257904205346 0.8686342638320622 -0.3679214053418455
vn 0.30052632419662384 0.7459396793019523 -0.594355048189015
vn 0.11689843600744179 0.3590689931335235 -0.9259612377573327
vn 0.15182410195430393 0.3635231439090258 -0.91913022249748
vn 0.23361497948104912 0.37667807901840544 -0.8964026250235285
vn 0.281972231144387 0.6525333388955614 -0.7033433745285917
vn 0.283345124072142 0.3858450564950512 -0.8779744489692584
vn 0.34183415219234525 0.39711893469995174 -0.851731157172095
vn -0.2425702812026379 0.3766200749225452 -0.894045288474029
vn 0.08450056822945885 0.3557729535042134 -0.9307444652125454
vn -0.5953688386681825 0.8009589924285345 0.0632505999241625
vn -0.4974726779196184 0.8611778277089056 0.10437281152701691
vn -0.30026287942542773 0.949047121605686 0.09566485358329395
vn -0.19482634325431705 0.977220799467472 0.08415583795736367
vn -0.09295584069278755 0.9942956383662905 0.05230100579212467
vn 0.3407961489852853 0.826649933796916 -0.44778105340707913
vn 0.6214079465414506 0.45860200693658454 -0.6352451205706933
vn 0.7524406009137523 0 -0.6586601112080124
vn -0.3855959863721878 0.9150005232445713 0.11870036965325934
vn -0.42134570659447385 0.6563119767422727 -0.6258772920621533
vn -0.6297647654710026 0.7460012880725558 -0.21651424517878853
vn -0.6783500531362381 0.7338642197347582 -0.03584009490999413
vn -0.562339906593064 0.7255669645999512 -0.39664393268285
vn -0.32116782312348247 0.5401640313981154 -0.7778650580748948
vn -0.2381627907000231 0.4153539571923771 -0.8779291402901546
vn -0.538666624770442 0.828205764482746 0.15463983651042199
vn -0.8294916678498482 0.45774194771831983 0.32002481507957475
vn -0.8752528595134342 -0.00000100000019250716 0.48366561994063273
vn 0.10592943551674566 0.9941496274479648 0.021106229795406585
vn 0.22489764563071843 0.9743657420693452 0.005696461306290908
vn -0.5898561489461753 0.4574768727194296 -0.6654206447633243
vn -0.33305723028533873 0.8284111268869137 -0.45034196584885694
vn -0.4473902550735719 0.8272171216679304 -0.3399320421564122
vn -0.6356534269212966 0.45780717377127517 -0.6215764735628025
vn 0.3024262898817061 0.9529568645519623 -0.02028678120549011
vn 0.3641355427822062 0.8930391732862312 -0.2643602493926669
vn 0.3445374383265272 0.7788524152959012 -0.5241019641053976
vn 0.19031629399900982 0.3693139309091253 -0.9096081181887793
vn 0.35332607907428415 0.6228783118487764 -0.6979851649386334
vn 0.38815715707350756 0.5123788134447013 -0.7660300078623634
vn 0.401263946403074 0.46073681965036634 -0.7916494352524335
vn 0.4123271032831033 0.4107421704734388 -0.8131895408162438
vn -0.03410922487545285 0.32292520129306485 -0.9458096400165467
vn -0.063953349268234 0.3238258612918124 -0.9439527428192531
vn -0.09490151298433891 0.3253929823022014 -0.940804501425117
vn -0.12773530767288002 0.3276928854408809 -0.936109536328492
vn -0.1632569136603243 0.33079298959821446 -0.9294746786087189
vn -0.2023276387650268 0.3347329487741469 -0.9203354712259727
vn -0.24637795060846676 0.3396408720053424 -0.9077125004743641
vn -0.012088509431395065 0.32262891926760756 -0.9464483337150226
vn 0.002514642050471036 0.32262500267681943 -0.9465235254462195
vn 0.024530415341507912 0.32294397651018614 -0.9461001251236371
vn 0.05441602977276826 0.32387087615730614 -0.9445350979613557
vn -0.5822426999681855 0.8037759937176868 0.12221943485756648
vn -0.4813249441526202 0.8630550254484721 0.15317415312190844
vn -0.28752906006878226 0.9496211761423994 0.12468625200032583
vn -0.17594843320090486 0.9796284425102656 0.09680012127604955
vn -0.09371797950978869 0.9931907058621466 0.06920377233687312
vn 0.3083455145389047 0.8264209364511249 -0.4711172672052935
vn 0.5744391038189092 0.45897512375233174 -0.6777621646125286
vn 0.703535074596943 0 -0.710660536973789
vn -0.67248565500168 0.7397097549467737 0.024341779999525855
vn -0.6750543241001186 0.7342780412631227 0.07167578135272702
vn -0.37973276235324405 0.5662121517012785 -0.7315783132798448
vn -0.48977000545111743 0.6921648532849461 -0.530125605528955
vn -0.2792485499668878 0.471425062673609 -0.8365277387060005
vn -0.5477377049304595 0.8285819915364492 0.11591069794891536
vn -0.8503601625318913 0.4573889774950907 0.2601594073731164
vn -0.9075274553805908 -0.000001999999519564916 0.4199927591357141
vn 0.10285405748967734 0.9941942289520211 0.031605030871781695
vn 0.21389413173426688 0.9766348894630046 0.020822898290799387
vn -0.541042825137294 0.45714612025550255 -0.7058966539818681
vn -0.29995362374685225 0.8287902512312268 -0.4723711920356825
vn -0.4707082968753104 0.8269647240129738 -0.30751104775420784
vn -0.6782002020220482 0.4581421169091783 -0.5745870575389164
vn 0.3978949621284677 0.9036232328140379 -0.15857065375249096
vn 0.39072524545585036 0.8124680825126377 -0.43270012417574283
vn 0.3298254489938066 0.6828340637848985 -0.6518840499130464
vn 0.08550379739163995 0.32543891909052475 -0.9416892324821391
vn 0.15379846697773983 0.33076681934811225 -0.9310957752957697
vn 0.1929778848065493 0.3347201274893977 -0.9223459070376315
vn 0.23719638002920032 0.339681057623839 -0.9101399103393903
vn 0.28821126103277767 0.3457938393348829 -0.8929506647581026
vn 0.3724175621683414 0.5662271039802561 -0.735317636199977
vn 0.34854458835706276 0.35316087907155513 -0.8682131440034825
vn 0.4217305947264758 0.3617358965099068 -0.8314387810583693
vn -0.28630816340900944 0.4274970308597291 -0.8574811509132291
vn -0.29715555696402457 0.34572696937792635 -0.890040132584006
vn -0.6600865509569255 0.738308126958738 0.13851662323515684
vn -0.5631111401018417 0.8066901877874137 0.17932312963115202
vn -0.3761846736407692 0.9119970615716596 0.16354342237597497
vn -0.2715793317970511 0.9502222324966034 0.15271665072885263
vn -0.17133749961645214 0.9777324984844651 0.1211718722827524
vn -0.08608379845534704 0.9932398522292621 0.077872816740457
vn 0.2743048398817553 0.8262006620236857 -0.4920867005813792
vn 0.5245677653343144 0.45937097829793716 -0.7168032951024708
vn 0.651044987714816 0 -0.7590391452167767
vn -0.4601377080437252 0.865026890407155 0.2000044212231204
vn -0.44833504522225626 0.5968263643515651 -0.6654276655207912
vn -0.6948974016789181 0.678470989812758 -0.238316422267507
vn -0.7500954505978956 0.6601341321281701 -0.03974597579287219
vn -0.7458958740649176 0.6655173126138534 0.026945345872102736
vn -0.5272800994074818 0.6303349851578173 -0.5697837337577569
vn -0.33273468063461875 0.4898580984913688 -0.8058080885951682
vn -0.5539489086912638 0.8290122973630337 0.07667605480606614
vn -0.8669149433885309 0.4570318641141637 0.19894812417811997
vn -0.9351771008169583 -0.0000010000000502808595 0.35418044850977926
vn 0.0987476450706637 0.9942363860372078 0.04174818885497493
vn 0.21003557796477434 0.9767977116488696 0.04184837519587569
vn 0.32827505202790014 0.944545060400825 0.008373714138987236
vn -0.6586601112080124 0 -0.7524406009137523
vn -0.2653795385194499 0.8292234308500951 -0.49189653613783585
vn -0.4894623767037747 0.45680903312299564 -0.7428001676418268
vn -0.49166139236616524 0.8267229566573967 -0.27349264741893176
vn -0.7172766274076621 0.45848904286620573 -0.524692326365005
vn -0.7106598358938283 0 -0.7035357827767947
vn 0.4007178699709292 0.9158181171455082 -0.026502169609629898
vn 0.4333699718844664 0.85032928070182 -0.2985474532632661
vn 0.3831577484392775 0.7170497580853787 -0.5822626419758041
vn 0.11834074189146598 0.32770597318709815 -0.9373389269341557
vn 0.4150489210884723 0.6561651202216 -0.6302235540725754
vn 0.44153753190600753 0.5967908658456058 -0.6699890076423667
vn 0.46375513504213783 0.5389199436114619 -0.7032044290957412
vn 0.48250704426935015 0.48226016226682733 -0.7311717227305968
vn 0.49837517049314434 0.4264140254061746 -0.7548465197461214
vn 0.5118048761160543 0.3709228396549129 -0.7749012942344116
vn -0.03445438453912749 0.29481411112061845 -0.9549332622074641
vn -0.06459843179697945 0.2953130265158623 -0.9532141726702413
vn -0.09587569779369741 0.2961528410271224 -0.9503164448351589
vn -0.1290688762550253 0.2973798976721893 -0.945994937429764
vn -0.16505612284623494 0.29902901978929236 -0.9398606926746237
vn -0.20476809969777757 0.30111500503554606 -0.9313429975517098
vn -0.24961798415827588 0.30365498593014634 -0.9195023172915452
vn -0.292186098419529 0.38579814918084265 -0.8750926076587605
vn -0.301471445999965 0.3066080804004675 -0.9028324608031275
vn -0.01221520806683165 0.2946471482337762 -0.9555280460193658
vn 0.00253741351610802 0.2946560147157108 -0.9556000180643066
vn 0.024773136476527517 0.29482089678513823 -0.9552313492175194
vn 0.0549672006123249 0.29531102007952564 -0.953818645380994
vn -0.6383480062968406 0.7424377812314593 0.20321900466481113
vn -0.5382855037452583 0.8096750201908661 0.23382702610398592
vn -0.35519995780224106 0.9131849441907038 0.19981553413262818
vn -0.25283327511158105 0.950841741395328 0.17881643609202139
vn -0.14992827256796393 0.980104138494115 0.13006687046090865
vn -0.07232709969206441 0.9944481240494555 0.07643114041182912
vn 0.23901058009313908 0.8259870786480153 -0.5105088525285907
vn 0.4720476959745371 0.4598059011422015 -0.7521632176595311
vn 0.595236908211806 0 -0.8035502617151277
vn -0.7468496603308503 0.6602501597363212 0.07927995605356973
vn -0.7304547099025636 0.6655451239494714 0.15325013790611872
vn -0.3958172349506202 0.5123460096141728 -0.7621222231036696
vn -0.613323384305582 0.6614841302300315 -0.4315937577372568
vn -0.5659332218912818 0.82364236007428 0.03650823264721349
vn -0.8790725134803206 0.4566658457026834 0.136703406731671
vn -0.9580614734111961 0 0.28656275606779086
vn 0.09350033361635612 0.9942925576761283 0.051380904658181833
vn 0.20377245673565983 0.9770139317433666 0.0626143997438435
vn 0.31697931558695835 0.9479409773949258 0.03052895126885754
vn -0.6033033655347377 0 -0.7975117862041028
vn -0.22952158142352344 0.8297304360607964 -0.5087899833282936
vn -0.43537897785526447 0.45646188878581295 -0.7759430969651017
vn -0.5448726225917498 0 -0.8385188281428083
vn -0.5101382764583248 0.826492404497879 -0.23805302812492016
vn -0.7526819915614037 0.4588508037573536 -0.47215014504963304
vn -0.7590391452167767 0 -0.651044987714816
vn 0.47716554866437627 0.862149585136737 -0.17032654524875757
vn 0.4412179935787354 0.7531118755780207 -0.48800531247693485
vn 0.11959671247239972 0.29743107269796276 -0.9472229850249272
vn 0.15552895265016306 0.29905585511091215 -0.9414756185963735
vn 0.19530203332174464 0.30110990751711697 -0.9333755618053354
vn 0.24030561388845614 0.3036309903307192 -0.9219877621988694
vn 0.2923942154184407 0.30658621463295926 -0.9058203551405033
vn 0.35430588412303377 0.3098499686331145 -0.8823039937651045
vn 0.4296704274778174 0.3130800959675171 -0.8469735398818549
vn 0.5230606115473256 0.31526696239953017 -0.7918423700883345
vn -0.34234594240981475 0.44245498676285294 -0.8288744418814102
vn -0.350444716711484 0.3971010406990862 -0.8482330245897708
vn -0.36316766368880443 0.30986293908188145 -0.8786889136858126
vn 0.0863574563729842 0.29617992150255706 -0.9512201868271759
vn -0.7065925665282126 0.6709316638280965 0.22489474738182638
vn -0.6102102883164752 0.7465652560801389 0.2651107739167179
vn -0.4342650247104656 0.8670768965460268 0.24411379270604427
vn -0.33053049442963334 0.9144202114752433 0.2336349055635164
vn -0.13562614490259278 0.9802830209530596 0.1437036800155243
vn -0.06259027206285898 0.9945135144622113 0.08381722612397999
vn 0.20244871492587244 0.8258472761390128 -0.5262991490764884
vn 0.41715344434406687 0.46026716053615047 -0.7836690275900093
vn 0.5363957985586914 0 -0.8439665557879552
vn -0.5079820782162655 0.8126742450469209 0.2855079327242956
vn -0.47090266880940046 0.5389201813970603 -0.6984380535102189
vn -0.6578998325559116 0.594533813196316 -0.4622741127179323
vn -0.8135914562925739 0.5798281086200794 -0.043223913540888795
vn -0.8107323261389743 0.5846857860982986 0.029251100627197803
vn -0.8101937604475198 0.5798178322111802 0.0860078600003198
vn -0.5592041667763085 0.5680870155374639 -0.6037945367736874
vn -0.5655793982772971 0.8246769077788605 -0.005286021243557275
vn -0.8867696264807491 0.4562911253920125 0.07374305689136719
vn -0.9760635030411755 0.0000010000002109853582 0.21748571914033638
vn 0.08722569763851942 0.9943428741092397 0.06061292254668352
vn 0.19544087896892884 0.9772279695183057 0.08263388178575413
vn 0.31083914322955647 0.9484412109708122 0.06195398589707114
vn 0.4273009588655618 0.9040431209076392 0.010951077214008583
vn -0.19258225659990474 0.8303351733860421 -0.5229297986162768
vn -0.37906844647374077 0.4560989459844329 -0.8051589062786763
vn -0.483664762487642 0 -0.8752533333428515
vn -0.5260466516162956 0.8262688853019057 -0.20138184998959077
vn -0.7842334631501332 0.459240032665515 -0.4172247208315028
vn -0.8439665557879552 0 -0.5363957985586914
vn -0.8035508417644651 0 -0.5952361251634676
vn 0.4940326394329519 0.8688397715264484 -0.03239139683280034
vn 0.5010945317783562 0.786256396008748 -0.36153167213560267
vn 0.48445411276187417 0.6920989767170986 -0.5350730969271863
vn 0.5530113221454781 0.5680752532397672 -0.6094825544964225
vn 0.6031040428482061 0.442388933228916 -0.6637450905707182
vn 0.6226203201189056 0.37858313730663923 -0.6848494324463547
vn 0.6388328340119729 0.31372908546812817 -0.7024718294135098
vn -0.034737690276629124 0.2671400530004579 -0.9630314039309193
vn -0.065158270665131 0.2672471294863431 -0.9614225769895562
vn -0.09674115580454418 0.2674001643923234 -0.9587170077017301
vn -0.13028630518398238 0.2675670957561264 -0.9546901737999287
vn -0.16665951865807963 0.2677420154073484 -0.9489672375937267
vn -0.20685579083780956 0.2679110784248175 -0.9409752046967633
vn -0.2523969069448385 0.2679478688232053 -0.9297847820639898
vn -0.30522366295474646 0.26763207474416223 -0.9138991126708804
vn -0.3572972106246753 0.3531269878571988 -0.8646618030922427
vn -0.3682165238269124 0.26661200956537234 -0.8906933411316931
vn -0.012308549408953047 0.26710701030044753 -0.9635882651110919
vn 0.002580837569414649 0.26712390208935755 -0.9636587363844088
vn 0.025008172355866852 0.2671598510123393 -0.9633276728727791
vn 0.05545050485318676 0.26724299510905214 -0.9620324438794514
vn -0.6755855174002507 0.6763139935395105 0.29357041884644014
vn -0.5759247268320584 0.7506359022882295 0.32381545858614347
vn -0.4039264044103827 0.8690911720509544 0.28552406988413137
vn -0.23597004609729857 0.9483874051236827 0.21184774520302674
vn -0.05286858720355064 0.994557283163428 0.08978152924561576
vn 0.16454401658697923 0.8255793635683074 -0.5397628933666823
vn 0.3697753438984858 0.38551409942776127 -0.8453668281800266
vn 0.47482142532306615 0 -0.8800821632405534
vn -0.7671795069503728 0.593142978642701 0.24416594971913524
vn -0.409208073144957 0.460739890350139 -0.7875706357610939
vn -0.7529145044007498 0.6055591341937354 -0.2577166739997753
vn -0.562506343523256 0.8254930830631818 -0.046344183140277835
vn -0.8900790173292646 0.4556969182491194 0.009983066083435362
vn -0.9890918675841379 0.0000010000000313517086 0.14729995749463898
vn 0.08023873732739371 0.9943964413201992 0.06882922723544713
vn 0.1849522443966011 0.9774832975625782 0.10158282472370983
vn 0.30137482054115705 0.9490004262298766 0.09258190189933348
vn 0.4156651702115145 0.908641061370528 0.03992352520097642
vn -0.32081853220085127 0.45571193482772926 -0.8303024159016152
vn -0.4199918853214821 0 -0.9075278597729699
vn -0.5392968462214376 0.8260580282321854 -0.1636674850077578
vn -0.8117640475285429 0.4596660701160886 -0.36020304707776785
vn 0.555708193345794 0.807497987325108 -0.19782670273310773
vn 0.12069638531294452 0.26759815367671297 -0.9559412171892179
vn 0.15706819538434388 0.2677919784778271 -0.9505877330691979
vn 0.19732994462501469 0.26794197082674753 -0.9430100705844912
vn 0.24299603418878854 0.2679639473942607 -0.9322812077186835
vn 0.29602643292218433 0.26764293654534643 -0.9169163590692182
vn 0.4363410159070182 0.2642031087754804 -0.8601181518550826
vn 0.5214141867805823 0.6303061984387013 -0.5751880927433187
vn 0.5800358671922968 0.5054750159805927 -0.6387905767854593
vn 0.5323937248329961 0.25883012225817814 -0.8059552652413561
vn 0.6519537826672412 0.2472470733599481 -0.7168159805562484
vn -0.42052958211442487 0.41070303661602525 -0.8089980755731393
vn -0.43816067155639576 0.31308496721217827 -0.8426108409028439
vn -0.44499175218016984 0.26417706367156707 -0.8556826628613502
vn 0.08709897352777973 0.2673979890060654 -0.959641643680556
vn -0.6377776643634029 0.6816146850825007 0.3586656826615086
vn -0.30256524800614054 0.9156057564539369 0.2648025102739712
vn -0.20750136780264847 0.9521176647532404 0.22453314861032453
vn -0.12722435801873844 0.9763298603711713 0.17491131030990834
vn -0.04311179464620392 0.9945944948719411 0.09446250014059525
vn 0.12606243507125917 0.8254524298230582 -0.5502150021247273
vn 0.30161130019159677 0.46164085974568003 -0.8342172020583153
vn 0.410827475991259 0 -0.9117131045294081
vn -0.4724302172333406 0.8156059200375916 0.33406088224228286
vn -0.7927236609913006 0.5864531371634876 0.166318715770815
vn -0.48987546121729786 0.4822810936025704 -0.7262416810199264
vn -0.6966697724133304 0.5250218671201323 -0.4888796040450538
vn -0.5864832384513219 0.5055211659558013 -0.6328394439242366
vn -0.8037497333915868 0.527708055292725 -0.27479187479276623
vn -0.8665295432609241 0.4981449620520653 0.031275348729641356
vn -0.5575906890512833 0.825655812608765 -0.08593661960232557
vn -0.8846995928975097 0.4629848308543102 -0.05432933577531057
vn -0.9970801134613857 0 0.07636260432849569
vn 0.0722458949537168 0.9944524701548638 0.07645139151922707
vn 0.17241882964004765 0.9777313720459236 0.11963741598158965
vn 0.28874620826503955 0.9495923375753881 0.12206563656767887
vn 0.4072998224865996 0.9096795449488408 0.08117869242636394
vn 0.5209479706544087 0.8534830206841613 0.013414368225630689
vn -0.15477434340307072 0.8310793530733341 -0.5341834998568908
vn -0.0022882080709806245 0.9946765045552556 0.10302143170021695
vn -0.26092782540811743 0.455292966734931 -0.8512490730505943
vn -0.3541804485099564 0 -0.935177100817426
vn -0.5498338550943415 0.8258501766972709 -0.125116815181578
vn -0.8351291938396717 0.4601418205730235 -0.30137805918222277
vn -0.8800827774084504 0 -0.4748202869602645
vn 0.581545107374157 0.8126318798584803 -0.0378776441565834
vn 0.5584434639087282 0.7256061770856603 -0.40204051212875863
vn 0.3592147038722218 0.26662309719360155 -0.8943583848574816
vn 0.6089567982464933 0.6615190646214851 -0.4376804142427383
vn 0.6531962605584606 0.5945451011672084 -0.468882467011209
vn 0.6917088665265281 0.5249951438610265 -0.49590215052056985
vn 0.7247967906768956 0.45306298002785156 -0.5190409890873312
vn 0.7525879311074709 0.37884206324143666 -0.538600127246873
vn 0.7752862368385661 0.30223695921040483 -0.5546026248188363
vn 0.7928924902066077 0.22300693600828023 -0.5670885340633889
vn -0.03495402841301779 0.2437980582601849 -0.9691959155332144
vn -0.06555054010252351 0.24367007320946593 -0.9676404405120534
vn -0.09735610623557665 0.24337601848659945 -0.9650336274991963
vn -0.13114430948124262 0.2428640394622522 -0.9611546329424657
vn -0.16775661984204038 0.24209609357378942 -0.9556396799921422
vn -0.2082969810280697 0.2409341180100415 -0.9479256924850782
vn -0.25430035351908004 0.23915787663594154 -0.937088491148546
vn -0.30771058872593493 0.23649899289426934 -0.9216194550604575
vn -0.3714493877874172 0.23243208019907585 -0.8988885806409397
vn -0.43008494596759755 0.36173483226450126 -0.8271486265349304
vn -0.4493350726242107 0.22593306410411013 -0.8643218399730065
vn -0.012377051791152493 0.24379790617134614 -0.9697470750331896
vn 0.0025965111968109613 0.2437900275725315 -0.9698245617562946
vn 0.025169328087820995 0.24378199922172572 -0.9695033995706596
vn 0.05578732286294196 0.24364490710174724 -0.9682587122516206
vn -0.733862557803949 0.5997818887605626 0.31891602682878406
vn -0.6931425703170055 0.6062759445618269 0.3898497867897321
vn -0.5357476719942901 0.7546472582610887 0.378790110155638
vn -0.3696170618526031 0.8709965693959514 0.32364827156642234
vn -0.2679600336565406 0.9206157405811078 0.28401422245564395
vn -0.1041230812329102 0.9786878989519476 0.17699824970769376
vn -0.032692252961197626 0.994632026941598 0.09817508634256057
vn 0.08700997572482588 0.8253715364268813 -0.5578450420866844
vn 0.24112027905793632 0.46230403952399185 -0.8533088456513398
vn 0.3561245005093611 0.00016900008765940015 -0.9344385006922223
vn -0.8647266686634514 0.4937809463474935 0.09180504085497396
vn -0.8198512191096426 0.5096599824205533 0.2609419108604714
vn -0.8684350355416357 0.4936317764904929 -0.04634930725089629
vn -0.8790735777410641 0.46205420188977603 -0.11719880303794708
vn -0.9999873175170565 0 0.005036348383673126
vn 0.06347807992662585 0.9945057174604686 0.08324008233578105
vn 0.15836587657981244 0.977985840858245 0.1358820967453003
vn 0.27311026475082245 0.9502180082298383 0.14998839996297977
vn 0.39464796566956695 0.9108028468330306 0.1212070847505184
vn 0.508990090889809 0.8593830470576685 0.048886253751551235
vn -0.11633346117626898 0.8320198778287062 -0.5424107748825189
vn 0.0033137536649453228 0.9946763666497125 0.10299487688800313
vn -0.01067134835160386 0.9946749665500761 0.10250772284547018
vn -0.2865640196836964 0 -0.9580610954541063
vn -0.8542032042771096 0.4606838927580999 -0.24105442695781779
vn -0.9117134761247607 0 -0.4108266513415423
vn 0.6275675195838425 0.7460084426498359 -0.2227788406885854
vn 0.12146020429650131 0.24285198426586307 -0.9624293909219445
vn 0.15812300772087334 0.24208110124789967 -0.9572846258286554
vn 0.19871999208887095 0.24091796322652556 -0.9499836313005511
vn 0.24481602544970285 0.23917095857786544 -0.9396075597056227
vn 0.29843246184084843 0.23652396626222366 -0.9246591150814429
vn 0.3623794993311397 0.23244793957981472 -0.9025791122387065
vn 0.4405961041224333 0.22593499519684773 -0.8688086388713766
vn 0.5381710411836939 0.21505191454645037 -0.8149384053296085
vn 0.6596609427036431 0.19616307869505212 -0.7255118794535481
vn 0.8023842514533863 0.16282504652604235 -0.5741668026308915
vn -0.50592621203986 0.42637088617369817 -0.7498310045566629
vn -0.5309700991958067 0.31525695880143495 -0.7865645578636666
vn -0.540474570896971 0.2587929696162836 -0.8005706946241041
vn -0.5463442707599138 0.2150569791428072 -0.8094803478342066
vn 0.08762843942279593 0.24334806265373846 -0.965972554996775
vn -0.5935480483552648 0.6867569734297165 0.41960168462401587
vn -0.18211138640872565 0.952650261291044 0.24350138110983505
vn -0.15154426265227597 0.9560963732256774 0.2508267560725612
vn -0.08492845470185356 0.9788508694080882 0.18611322639991246
vn -0.021741738368575125 0.9946589581497252 0.10090021697308507
vn 0.0476490795072396 0.8254328254552313 -0.562485747271081
vn 0.17970394551734517 0.46329811389768544 -0.8677910748701823
vn 0.27689506190108554 0 -0.960900163750009
vn -0.43230065583243865 0.8184106496196524 0.3785764804580208
vn -0.8466024089339402 0.5017139552250416 0.1776160699928201
vn -0.7299919523223303 0.4530750092685555 -0.5116979436356289
vn -0.6097802968269012 0.4423899651562616 -0.6576162318029706
vn -0.8472862000626267 0.44537502838753706 -0.28939104905341345
vn -0.9129438666245503 0.4067517167005785 0.032962666059461604
vn -0.868883937645309 0.461303781228348 -0.17955368090465645
vn -0.9905259018008405 0 -0.13732602761906376
vn -0.9977988218135349 0 -0.0663137330235729
vn 0.054037307887299206 0.9945550051741724 0.08910842294247551
vn 0.12520284185958308 0.9784551239301554 0.16416399984499808
vn 0.14242935193000492 0.9782307694398391 0.15092528426323934
vn 0.25458144052404164 0.9508578865564804 0.17623157978650564
vn 0.3778544561838282 0.9119876236255213 0.15970154756888816
vn 0.4984568525147153 0.861204995736174 0.09933137218512417
vn 0.6082375029119612 0.7935997054217959 0.015705018492841553
vn -0.1997011157457651 0.45482594053287645 -0.8679013931249799
vn -0.07752146874888388 0.8332689196453821 -0.5474060005480699
vn -0.004502423946160415 0.9791883563413956 0.20290364950893644
vn 0.01168942570817935 0.9946750575494139 0.10239573826914533
vn -0.021022024023904046 0.9791757051540831 0.2019232847938604
vn -0.2174857191404451 0 -0.9760635030416634
vn -0.9386985246730072 0 -0.3447391474386395
vn 0.6623287416465548 0.7479802947697426 -0.04296645930328075
vn 0.7502470892970126 0.6055679417198413 -0.2653615890865807
vn 0.8009665274837895 0.5276721689371741 -0.2828687044897301
vn 0.8443211046382259 0.4453748669698873 -0.2979313681605901
vn 0.9081648493827237 0.2693749783084459 -0.32042741363213495
vn 0.9282066767224898 0.1763889320886866 -0.32759626054704033
vn 0.9375077299094857 0.10700496145863882 -0.3311029969408282
vn -0.03502223353621723 0.23199101852703527 -0.9720872442743622
vn -0.06567262747282676 0.23185296137399522 -0.9705314576575682
vn -0.09757679994560926 0.23147801014510244 -0.9679342430824721
vn -0.13139826912879357 0.23081906151813508 -0.9640835315001728
vn -0.16808139937000455 0.22979805933156838 -0.9586143620420393
vn -0.20874582112475173 0.2282849273604323 -0.9509527717520967
vn -0.254858656162831 0.22607294815820062 -0.9401798165723062
vn -0.30843686375743273 0.22281687181148493 -0.9247806997940771
vn -0.3723452269748916 0.21791597064617568 -0.9021483590221464
vn -0.45057100798828553 0.21029088254353218 -0.8676194508420627
vn -0.519513371963562 0.37093097374828843 -0.7697506538257675
vn -0.5479779575426897 0.19795997349296313 -0.8127312021462
vn -0.012413362982075153 0.23195300373502306 -0.9726477843894858
vn 0.002574303028123651 0.2319529830977025 -0.9727235920835869
vn 0.025197319250510816 0.23199098908841984 -0.9723915240706104
vn 0.055893087594988476 0.2318529473478244 -0.9711437450579734
vn -0.7847728668489791 0.5175039966859043 0.3410588818250451
vn -0.645438924613587 0.6125428241791018 0.45628925380765456
vn -0.4902715430061673 0.7585029501872166 0.42931001464633994
vn -0.33157154799345356 0.8728283202355324 0.35809360781232036
vn -0.23744829597574635 0.9178132411398577 0.3181778765510944
vn -0.06433094776083548 0.9790086516633991 0.19340007530610198
vn 0.005736437246996187 0.8235524304606735 -0.5672111490177436
vn 0.11747950412147366 0.4646009587571422 -0.8776927225591636
vn 0.20763968088370488 0 -0.9782053787025059
vn -0.9100545127496688 0.4030622186111315 0.09665211716375026
vn -0.8642554599744551 0.4211780769288145 0.2750845822994967
vn -0.9141585085908084 0.40238180251629074 -0.04902148686820755
vn -0.9782055433985815 0 -0.2076389049872059
vn 0.04403040461709685 0.9945976556539403 0.09400439796594959
vn 0.10661082980132382 0.9786765142099877 0.175574518375705
vn 0.23348659732631152 0.9514927856120484 0.20036338936343967
vn 0.3571990457498596 0.9131998547898196 0.19615011324809864
vn 0.4827373276364546 0.8631222052310645 0.14827249017764002
vn 0.5959791629327542 0.8009582253139857 0.05722550700381741
vn -0.1374503185090249 0.4542999348443078 -0.8801812194896147
vn -0.03743199002270646 0.821982096671265 -0.5682818656924142
vn 0.006535736099595012 0.9791978180391137 0.2028026560503475
vn 0.02276961842376563 0.994659250216015 0.10067035530160182
vn -0.042728199655326614 0.9791116683357696 0.19878290138480334
vn -0.9609003948478411 -9.999999199784924e-7 -0.27689425992653444
vn 0.6924152940926273 0.6785163406529462 -0.2453092659757387
vn 0.12168569807434754 0.23081903088520392 -0.9653575326610209
vn 0.15842225123117917 0.22979700330689357 -0.9602581567401637
vn 0.19914196618320315 0.2282850996384775 -0.9530101733915218
vn 0.24534782829282475 0.22607390716435138 -0.9427062276507134
vn 0.2991099463688813 0.22281615107786842 -0.9278395350501344
vn 0.36327453204950333 0.21791298502098858 -0.9058396907419418
vn 0.4418107892664521 0.2102899418829126 -0.8721131617116188
vn 0.5397548283279625 0.19796101581203754 -0.8182152293347501
vn 0.6616875526621564 0.17722707527234227 -0.7285328725887236
vn 0.8801064975874151 0.3591729289536261 -0.3104953461990803
vn 0.8047121169281133 0.14173796090711652 -0.5764969725045982
vn 0.9394148751313012 0.08422295894144377 -0.33227426257414155
vn -0.629508681514978 0.3785868521395263 -0.6785210499935566
vn -0.659169486713068 0.2472189065614067 -0.7101960292940341
vn -0.6669319713878594 0.19616896565572114 -0.7188320265919347
vn -0.6689944694508908 0.17722702959532122 -0.7218289131261926
vn 0.0877933885750614 0.23147791850728697 -0.9688706281883263
vn -0.7417134895895313 0.5251559500587217 0.41721975921430354
vn -0.5911469424997278 0.6185103563140226 0.5176777293891675
vn -0.5433569912192229 0.6916565880034637 0.47578812970123635
vn -0.12502021926077697 0.9536057504127996 0.27387226503541534
vn 0.0548231015194462 0.46640391432137546 -0.8828713475051093
vn 0.13732602761906376 0 -0.9905259018008405
vn -0.38784805718928717 0.8210901780595826 0.41878968949650436
vn -0.891711435312582 0.41212083518755344 0.187101933012698
vn -0.7579916920620192 0.37883088117649255 -0.5309762313249051
vn -0.883211374935175 0.3591648708455927 -0.3015597166990088
vn -0.949610168715056 0.31155295375915826 0.034282422273031105
vn 0.03359019647367405 0.9946328258025087 0.09786337689338298
vn 0.08675395662049208 0.9788653112077611 0.18519301694400495
vn 0.18436878124317102 0.9526644267051609 0.2417408583451189
vn 0.15696843501211902 0.9531781950045511 0.25848063559522594
vn 0.20989004273320963 0.9521039569053956 0.22236057475762197
vn 0.33285956671851874 0.9144211650301747 0.23030076376082234
vn 0.4620273204476498 0.8651056449373583 0.19525106467694867
vn 0.5834524486387459 0.803783343605798 0.11625651258890923
vn 0.6880978968381487 0.7253998978981581 0.01778405173908221
vn -0.1472999574947126 0 -0.9890918675846324
vn -0.07449679734820129 0.4537029530034088 -0.888033702975764
vn -0.0065757179967757436 0.9544127472133188 0.2984176065341195
vn -0.03090396899576536 0.9543952575889286 0.29694214418312387
vn 0.02302100605148524 0.9791943120080774 0.2016148124801492
vn -0.06284961444961518 0.9542322379836414 0.29238803319606993
vn 0.7356044776734544 0.6757362585874223 -0.0476084158215402
vn 0.8008900399739625 0.5965749200261544 -0.051705982886819754
vn 0.8575640057655188 0.5113960495067197 -0.05529969768739937
vn 0.9051522906354615 0.42105784789203776 -0.05839194709805991
vn 0.9432224805327379 0.3265329447592835 -0.06088996801197704
vn 0.9714887106842516 0.22256399226278545 -0.08170039388583916
vn 0.9896951938707098 0.12808694759073838 -0.06400903909687611
vn 0.9967179712083282 0.049031985990190693 -0.06441389772566287
vn -0.035039978448600045 0.2208319502613627 -0.9746822300904456
vn -0.06574613386802995 0.22070992896893474 -0.9731210475248877
vn -0.09771942860461459 0.22036200197664696 -0.9705109486028646
vn -0.1315612185774583 0.21974507243172323 -0.9666456170222834
vn -0.16828505840754887 0.21878191890619936 -0.96115275116731
vn -0.20898638108121484 0.21735300761398446 -0.953458107419373
vn -0.2551332942847084 0.21525805443123464 -0.9426404256925925
vn -0.30879010437055987 0.21216806797431015 -0.9271641615026258
vn -0.3727711574646745 0.20751390849717705 -0.9044222697073928
vn -0.4510477673437138 0.20026703578602004 -0.8697407808949355
vn -0.5484638636001371 0.18854593508619083 -0.8146396876455774
vn -0.6459311022746632 0.3137079461700737 -0.6959600100752866
vn -0.6694905283602239 0.16882496630338403 -0.7233813400887594
vn -0.012436105925600772 0.2207879569284685 -0.97524254488038
vn 0.002562838264198807 0.22078815384943393 -0.9753184213269993
vn 0.025207872947252616 0.2208320006557604 -0.9749860463759722
vn 0.05596772780657967 0.22070992981811566 -0.9737323761300387
vn -0.8279608925557236 0.4301290831392283 0.35981902706240587
vn -0.6911483343830471 0.5325000385676478 0.4886283749486854
vn -0.6334317415068362 0.5394761030302349 0.5547339570559279
vn -0.4399095260964246 0.7620762322351462 0.4750993844575074
vn -0.2900683693526862 0.874530026471587 0.3886612585538711
vn -0.20120792894354053 0.9187347642917358 0.3397672765468442
vn -0.09453305766679851 0.9539787839705747 0.28458387294818577
vn -0.010396025200223931 0.45126383673051673 -0.892330024329166
vn 0.0663137330235729 0 -0.9977988218135349
vn -0.945852392617444 0.308646874390933 0.10050053884713317
vn -0.9276556384044191 0.31866883789862077 0.19469254810811867
vn -0.9446057917934553 0.3207411481878973 -0.0696061345670677
vn 0.06616309165295808 0.9790154386606927 0.19274650753498404
vn 0.12774723703131274 0.9536219795576825 0.2725541478960692
vn 0.30510994810879666 0.9156071735583919 0.2618614582054029
vn 0.4366172400056661 0.8671156587787829 0.239741152142205
vn 0.5648962363281674 0.8067042535205654 0.17355255553894428
vn 0.6757212583598258 0.7342968690697399 0.06487595143804069
vn -0.07636319209208513 0 -0.9970800684466155
vn 0.009621449491404442 0.9544112051101481 0.2983398720752546
vn 0.0448251134676251 0.9791265333067926 0.19824717142304202
vn 0.12181658836700308 0.21974501922219614 -0.9679219210895373
vn 0.1585868923806105 0.21878207528401875 -0.9628003952530756
vn 0.19936747967322035 0.21735301002279936 -0.9555157126299793
vn 0.24563047128773902 0.21525799028842055 -0.9451611868839904
vn 0.2994292309726723 0.21216812050123626 -0.9302294471161869
vn 0.36366635666214875 0.20751106252869514 -0.9081222054108636
vn 0.4422620104416977 0.20026696261797175 -0.8742410753355389
vn 0.5402284475318733 0.1885459934870556 -0.8201241569526415
vn 0.6621452677572163 0.16882893903030957 -0.7301098778489606
vn 0.8050446269343391 0.13508398338055086 -0.5776291769623428
vn 0.9395222006460784 0.08041404502299197 -0.3329138264719416
vn 0.9976428371788263 0.021984001414670516 -0.06500363918721402
vn -0.7985562377696558 0.2229940330364568 -0.5590899716050258
vn -0.8081514795351241 0.16280695112096466 -0.5660256909292064
vn -0.810506299964419 0.14172995375990133 -0.5683239902777318
vn -0.8108730230148228 0.1350699362110089 -0.5694216828315875
vn 0.08789776214463856 0.2203629893536029 -0.9714495027190597
vn -0.8630191188003682 0.33842106141699824 0.3750589097387612
vn -0.7831647750962064 0.4388330949487911 0.44054335748728946
vn -0.48764524575915363 0.69622587034152 0.5267557799926713
vn -0.5308238481691189 0.6240407631862479 0.5734101220739423
vn -0.1632340277832488 0.919531450102479 0.3575144255076842
vn -0.3393778615421589 0.8235573130757836 0.4545063466822733
vn -0.8999680357992512 0.3286290862068148 0.2864619664781201
vn -0.7808278764488851 0.30223013555175715 -0.5467767117614749
vn -0.9113340967287226 0.26940015202982237 -0.3112775646042485
vn -0.9765351963599852 0.2087650575367016 -0.0528787388452373
vn -0.9782110586388814 0.2040208753916361 0.03845266129969786
vn -0.005037757643250157 0 -0.9999873104184511
vn 0.09730652699131946 0.9539787379353988 0.28364768176749006
vn 0.2407645762615706 0.9178059732826684 0.31569702916600273
vn 0.20482810738679885 0.9187372101358955 0.3375905584225561
vn 0.16681723870995843 0.9195383125580221 0.355838868881872
vn 0.27433069762241985 0.9167454142860553 0.2903799471855539
vn 0.40674371346622235 0.8691130055019198 0.2814287391563401
vn 0.5405876005468703 0.809678182926969 0.22844317942774986
vn 0.6614775953824605 0.7382898904388958 0.13181588858237483
vn 0.7599046752559518 0.6497373107349941 0.019654810174725233
vn -0.008594903300995 0.9210303337017842 0.3893960092738838
vn -0.04032579900726126 0.9209899495711967 0.3874936679782919
vn -0.08217631269440684 0.9206857977419247 0.3815556518625648
vn 0.03388871101766937 0.9543898698298201 0.2966336657086986
vn -0.12339705295691338 0.920199786719799 0.37149094180394954
vn 0.8230480187231589 0.567571944313249 0.02130837638960276
vn 0.8770369416539258 0.47988499428864867 0.022728731396889905
vn 0.9215184027691564 0.38759909190556946 0.023890946229911603
vn 0.9808205060360815 0.19324196285831852 0.025469172145735155
vn 0.9953314795747931 0.0929859799838401 0.02586219816446776
vn 0.9976160097405732 0.021171000468239 -0.06568170101687545
vn 0.9993244673831179 0.0262299957846564 0.025740944244231487
vn -0.03518489547488525 0.19600811055203538 -0.9799708382029756
vn -0.06601698332689764 0.19592195718351382 -0.9783947795270564
vn -0.09809084305012779 0.19563396057037027 -0.9757589558806345
vn -0.1320845932024933 0.19510807149346354 -0.971846953319623
vn -0.16894267180901398 0.19427400454212604 -0.9662898037344687
vn -0.20976934214842138 0.19302709007312047 -0.9585078849923573
vn -0.2561048236119307 0.19118897733703327 -0.9475532144779633
vn -0.3099219405832905 0.18846793599309566 -0.9318949661027202
vn -0.37407664190214557 0.1843579591588169 -0.9088887769567902
vn -0.4525185027792455 0.1779470734705357 -0.8738202582257417
vn -0.5500148665835071 0.16757004393444133 -0.8181710865784347
vn -0.6710283110963704 0.1500910581992448 -0.7260810422781907
vn -0.8119934306204231 0.12020902126996627 -0.5711536219219772
vn -0.01248282565458484 0.19595293099263983 -0.9805338484208849
vn 0.002571541415879182 0.1959528855641358 -0.9806099396874554
vn 0.025309959786256057 0.19600797859396957 -0.980275613418555
vn 0.0561801287251056 0.19592202879338894 -0.9790088619465674
vn -0.8171165457331274 0.3479131165930111 0.459648794180622
vn -0.7303404836977034 0.44712204981543535 0.5164151919154278
vn -0.6699220858612853 0.45493096746925243 0.5867215810865958
vn -0.5691407384930077 0.5459232438888071 0.6148549679148375
vn -0.3851237732659098 0.7653166104669548 0.5157229537346574
vn -0.24581012851750778 0.8760472646898365 0.41487175216886224
vn -0.9719499588331824 0.21129002839252206 0.10329473087269328
vn -0.9542410118794914 0.22206195474844156 0.20028125099595734
vn 0.06591121742061452 0.9542323270207227 0.2917128339424731
vn 0.12700355709057054 0.9201936978907965 0.37028861020615217
vn 0.37274963594632954 0.8710454314485074 0.3199024308356568
vn 0.5107904689341738 0.8126690940083472 0.28046753910151323
vn 0.6404191997763987 0.742392281342229 0.1967662297276587
vn 0.7475899878917739 0.6602702242195528 0.07178050580094052
vn 0.012548826611214332 0.9210177225784514 0.3893184835672258
vn 0.12229716476766406 0.1951079902581605 -0.9731270603714668
vn 0.15918962767096045 0.1942740789933134 -0.9679443396566152
vn 0.20010726390011044 0.1930270147694624 -0.9605715249285716
vn 0.2465596912142307 0.1911880564062204 -0.9500818100331967
vn 0.3004887433494213 0.1884689554175794 -0.9349791270205405
vn 0.36490189210190577 0.18435799438141345 -0.9126109461583902
vn 0.5417870585633094 0.16756497056135056 -0.8236435902828911
vn 0.6636767692705833 0.15009194023572756 -0.7328066289321049
vn 0.8206299229732351 0.11478396322201873 -0.5598135147600392
vn 0.9529618676301128 0.3018090113979684 0.02783881250894934
vn 0.9976260527109352 0.019410998813337726 -0.06607171919563616
vn 0.9996498881679837 0.008102001530302147 0.025188462774467384
vn -0.9314558067159244 0.17637002293401277 -0.31825099394258355
vn -0.9407805789559773 0.1069819783969172 -0.32169357867004056
vn -0.9426976084025516 0.0842339811016872 -0.32284029417015164
vn -0.9428244528988334 0.08041702139261923 -0.32344265903921016
vn -0.9432651383435114 0.07186102559136849 -0.32417105328322127
vn 0.08823221843684978 0.19563497997822785 -0.9766995598640507
vn -0.9267256254757014 0.23270392684336547 0.2950059279376391
vn -0.8896052777516835 0.24307885316935696 0.38667185175316326
vn -0.4651078961493413 0.6290720142421905 0.6228507412187986
vn -0.42706788027433806 0.7003770494319135 0.5719134674642926
vn -0.1992278884881553 0.8773099349536118 0.43661828463801255
vn -0.2875856250399843 0.8257373929544812 0.4852342384324279
vn -0.9926892938816236 0.10794405840012611 -0.0540004265623287
vn -0.9928870436516672 0.11354505136563547 0.03581675388735488
vn 0.08601865945706458 0.9206685680656805 0.38074949507661715
vn 0.2940646280302816 0.874548266560603 0.3856051400036783
vn 0.2500843486854744 0.8760442612294294 0.4123157417678175
vn 0.20366457397013094 0.8773187974398342 0.43454858067687707
vn 0.15512244560078783 0.8783514746234959 0.4521456777384483
vn 0.33510673246372996 0.8728689447482704 0.3546875852796698
vn 0.47580318442234154 0.8156096327881577 0.3292297929968154
vn 0.612874425603866 0.7465283593082916 0.2589987397444272
vn 0.731943132887206 0.665569025367831 0.1458667977648692
vn -0.01058580115024928 0.879627948942437 0.4755445428698862
vn -0.04921466183447104 0.879534602685285 0.47328300174394233
vn -0.10042175919083617 0.8790885071339988 0.46596015592101353
vn -0.15070563337851892 0.8783220972109385 0.45369384569217874
vn 0.04423915488299771 0.9209625596543821 0.3871315808482781
vn 0.4436833302713358 0.17794801512967448 -0.8783391180806794
vn 0.940031311204054 0.07182100012188014 -0.33344096613565594
vn 0.8656077735301869 0.49377001367520756 0.08315260668973526
vn 0.9109737258382116 0.4030771338774569 0.08749682838584442
vn 0.9729424881371613 0.21129300353049482 0.0934782404441378
vn 0.994615521352417 0.03988799447024795 0.09564994815472294
vn 0.9996672987562575 0.007116999069633921 0.02479193662484782
vn 0.9952733028441269 0.01575399837764547 0.0958272622005869
vn -0.03541035482814986 0.1569359839969244 -0.9869737603897388
vn -0.06639794484535663 0.15690699661724186 -0.9853788648701929
vn -0.0986493394271746 0.1567160168356889 -0.9827046341082034
vn -0.1328272030743335 0.1563340240559777 -0.978732142644715
vn -0.1698716974227004 0.1557090006865986 -0.9730870020300916
vn -0.21092493143526697 0.15475404440195917 -0.965174522581416
vn -0.25751424647877236 0.1533269703001085 -0.9540321027298084
vn -0.31156644267342515 0.1511989472033022 -0.9381179191148842
vn -0.3759268482952301 0.1479649557729112 -0.9147597370861571
vn -0.45459668666269065 0.14289495404198915 -0.8791603292828001
vn -0.5522383763447589 0.1346589869489861 -0.8227391645752482
vn -0.6731413372076865 0.12076405150442958 -0.7295867213748362
vn -0.8136075750322839 0.0969839670874779 -0.5732685443821784
vn -0.9439251886127207 0.05850998575969504 -0.3249335622382516
vn -0.012568392134002153 0.1568620498601004 -0.9875405474373461
vn 0.0025761205999605425 0.1568619861366949 -0.9876171732548527
vn 0.025448481295025378 0.1569369284886443 -0.9872806973076739
vn 0.05647338675415746 0.15690695798173418 -0.9859974458006641
vn -0.8431728413639586 0.253097896350738 0.474342718347251
vn -0.7626788776133318 0.3569840990009861 0.5393359645925005
vn -0.6023899116854036 0.46221307484016055 0.6507576105943411
vn -0.4990045174194664 0.5517557604712895 0.6682515038379746
vn -0.3264707899939621 0.7682321680811504 0.550668828976231
vn -0.9712387167376461 0.12304005254838754 0.20385411592288438
vn -0.9442776781536324 0.13400104909839544 0.30063829659794605
vn -0.9881561879373424 0.11188897514224454 0.1050152630942659
vn 0.10507406751680726 0.8791129343922438 0.4648869635940894
vn 0.4360587358657489 0.818440102262051 0.37417720118207143
vn 0.5791546121669484 0.7506291236687854 0.3180186376707862
vn 0.7087996804976167 0.6709588196372356 0.21775508094527724
vn 0.8110318271899216 0.5797931481563015 0.07789275085643221
vn 0.015328084640252518 0.8796546580778609 0.4753658931214804
vn 0.0887253349757361 0.1567169864048801 -0.9836501416182565
vn 0.16007322237272645 0.1557090045123689 -0.9747467719325767
vn 0.20120226812455833 0.15475297790909112 -0.9672482427638738
vn 0.24787338932953368 0.15332795906841656 -0.9565821030262919
vn 0.3667014117695747 0.14796498623052678 -0.9184968358443053
vn 0.44568976752411665 0.14289700815813308 -0.883708705504112
vn 0.6658916193275342 0.12074805789212668 -0.7362121011126033
vn 0.8076176936974718 0.09702100890822672 -0.5816705121090515
vn 0.9289765562320088 0.06550398809209651 -0.3642962880888959
vn 0.9468199571087218 0.3086439783676072 0.09094428755042498
vn 0.9891615935044503 0.11190196978434609 0.09506466795881509
vn 0.9976543540882233 0.01673400073663071 -0.0663759217499568
vn 0.9996790829326322 0.006429997018780803 0.024502781175004793
vn 0.9953149313139709 0.011737004082611966 0.09597098644189352
vn -0.996103201635487 0.048162003498343556 -0.07388391645383859
vn -0.9982421149174041 0.022003998001310924 -0.05503184602742719
vn -0.9982241036194481 0.021182001447112006 -0.055677300292345966
vn -0.9982335631979987 0.019436000900265843 -0.05614263241095611
vn -0.9982604433455452 0.016765991745836022 -0.05652423172705636
vn -0.9074440384770242 0.14468303149475045 0.39447704296954733
vn -0.7002051260424392 0.3655247831296415 0.6132735233009169
vn -0.6301895462043496 0.3734389868958395 0.6807381720756996
vn -0.3621880227424892 0.7040351299983386 0.6108636279155183
vn -0.39457700247457944 0.6334971778435882 0.6655751759060617
vn -0.2329513383538164 0.827570383348897 0.5107454694492412
vn -0.9989900756752138 0.02972000246448673 0.03369792509846009
vn 0.054027127131982045 0.8795810162238719 0.47267145612195094
vn 0.34396417649643196 0.8235490266331642 0.45106057910074493
vn 0.2925370442443867 0.8257098475405349 0.4823124769476157
vn 0.23821915370946775 0.827549143794124 0.5083444200653304
vn 0.18148619744623037 0.8290264391532453 0.5289403778512268
vn 0.12295293744617307 0.8301032433883818 0.5438852640855847
vn 0.3919749079242005 0.8211097590006261 0.41489087147314796
vn 0.5395611837872287 0.7546358679108132 0.3733609993191817
vn 0.6784831965094402 0.6763449862008716 0.2867368335168597
vn 0.7696396953914857 0.593091907740706 0.23642488923586566
vn 0.7943947825902231 0.5864049318336558 0.15832304100982153
vn -0.01233240290084329 0.8309080977879179 0.5562729949127093
vn -0.0575466814200199 0.830803411327132 0.5535829397522497
vn -0.11754390798375847 0.830127765168095 0.5450424966852857
vn -0.17624051254316506 0.8290221474697888 0.5307179672322225
vn 0.12298979733751342 0.15633405457271024 -0.980016924921062
vn 0.3020333105104854 0.1512019806951369 -0.9412299614737857
vn 0.5439855837097302 0.1346539435759023 -0.8282197777132841
vn 0.8483626373952524 0.501681943980943 0.16910370355280047
vn 0.8935210195569231 0.4121739712953812 0.17813703993428961
vn 0.9295576141455507 0.3186930959129325 0.18535736457303748
vn 0.9562065394523435 0.22207614046742272 0.19066001611157904
vn 0.9732455701221823 0.12302394249708493 0.1940571302735934
vn 0.9793865473036566 0.05119097523004968 0.19540080607719815
vn 0.995335025724284 0.008651000375427494 0.09609030522869373
vn 0.9803200767173975 0.024987995234627382 0.19582682982408248
vn -0.035610457829135876 0.10295703871628076 -0.9940481595335176
vn -0.06677377852248381 0.10300600630407054 -0.9924369124368139
vn -0.09924389246065032 0.1029519993208769 -0.9897229590370696
vn -0.13359579859085818 0.10277597749016182 -0.9856922750279687
vn -0.17081650554280853 0.10244498472104853 -0.979962625072838
vn -0.21213074487557168 0.10190497095107479 -0.9719135372933106
vn -0.25890235263898304 0.10106597060309679 -0.9606014997823259
vn -0.3132017747098855 0.09978096120287462 -0.9444302028736737
vn -0.377836137727778 0.09778801216991423 -0.9206939544185202
vn -0.4567009448699641 0.09461602614118142 -0.8845745048056343
vn -0.5545035331565826 0.0894009754006543 -0.8273652744189101
vn -0.6752855979852137 0.08052397117705343 -0.7331474962240745
vn -0.8153168273465813 0.06521101364286268 -0.5753312043902844
vn -0.9446141875307288 0.04032102111509602 -0.3256965642617329
vn -0.9982934223169995 0.013166997909252055 -0.05689352445288405
vn -0.012646337320392085 0.10285698609893047 -0.9946157602627375
vn 0.002582556178532535 0.10285602457179267 -0.9946929016600407
vn 0.025574131877478378 0.10295599923441898 -0.9943570917936653
vn 0.056780157465319135 0.1030060102493043 -0.9930587976402675
vn -0.8610076088573698 0.15499602124491865 0.48439873130300315
vn -0.7878045509210431 0.2626910125758072 0.5570973177641324
vn -0.5284888831971942 0.46880381258610293 0.707758776449799
vn -0.4235563563350777 0.5569130436901083 0.7144563491046685
vn -0.2644723254532488 0.7707363843470622 0.5796721615818449
vn -0.9773711755187369 0.05120202047843143 0.20524117122070984
vn -0.9936052285123281 0.039860992998855684 0.10563972316372855
vn 0.06321513552901138 0.8307608606324004 0.5530282443794007
vn 0.4945978983093858 0.7584698853265676 0.42437760548907627
vn 0.6413440153418128 0.6816422323289331 0.3521955722192848
vn 0.7370679540158092 0.5997528502891124 0.3114921343036357
vn 0.017940389662764875 0.8308858248854302 0.5561536554075742
vn 0.12367025533858023 0.10277602647916725 -0.9869867052426005
vn 0.16097293551291977 0.10244498750529761 -0.981627596681854
vn 0.20232675451676077 0.1019049942873588 -0.9740016717367623
vn 0.24919792565302695 0.10106698702284787 -0.9631645020370881
vn 0.3036294282993243 0.09978196682065535 -0.9475509112274798
vn 0.36855998079639857 0.09778602435571458 -0.924446555510951
vn 0.4476910153129863 0.09461794962215249 -0.8891682621513923
vn 0.5461618347962909 0.08939901251787391 -0.8328955917597224
vn 0.6680750684969687 0.08050598741433877 -0.7397259552315392
vn 0.809377173411091 0.06522602537142846 -0.583655854742603
vn 0.9976897624633743 0.013140003364360305 -0.06665191810713772
vn 0.9996866341201486 0.006029999978346273 0.024295527608784555
vn 0.995340373906139 0.006503001107220592 0.09620421533896958
vn 0.9804279094563716 0.016990999268359133 0.1961438765367695
vn -0.9993441217131932 0.008104995507843965 0.03529356095812231
vn -0.9993663155278196 0.0071179994779339145 0.034875513928583755
vn -0.9993815432467433 0.006430000469364339 0.034571463835390406
vn -0.9993906943350924 0.006029997504422741 0.03437847010148417
vn 0.0892279383227669 0.10295202256929906 -0.990676161049391
vn -0.9509719740637719 0.06229701398882726 0.3029379253136338
vn -0.9145921053029961 0.07305098009090784 0.3977245720661363
vn -0.7239550357168812 0.2717199204169153 0.634079956400448
vn -0.553269474686729 0.3805772205632116 0.7409816917901897
vn -0.31999342182627094 0.6372270793443346 0.7011033157375617
vn -0.2935798063403577 0.7071534055292583 0.6432300975215095
vn 0.3902619142147469 0.7653493089834413 0.5117969065479102
vn 0.331980949901932 0.7682382375185574 0.5473560626471506
vn 0.2703822001905062 0.7706911844838391 0.5769996221654207
vn 0.2060389548226685 0.7726661104846941 0.6004456934678081
vn 0.13959198913112333 0.7741129310582797 0.6174651784018073
vn 0.07174396417923672 0.7749800751866331 0.6279002203117697
vn 0.4446791736046233 0.7620698731439544 0.4706484261193982
vn 0.5977091283752891 0.686787968455486 0.4136013590906571
vn 0.6970540935162239 0.6062578356829297 0.3828407337070142
vn 0.8224761299203053 0.5096052394283955 0.25265691294410464
vn 0.7882108594156162 0.5174580838434815 0.33310774918084424
vn -0.013928512799899116 0.775190155152387 0.6315743977442412
vn -0.06538370746794925 0.7750242592518582 0.6285398701505371
vn -0.13346741770695275 0.774143055424774 0.6187802341285903
vn -0.19998093685929755 0.7727155893234092 0.6024269606429095
vn 0.95171245785097 0.036126006535393794 -0.30485785084703054
vn 0.8669702787458279 0.42120894709889745 0.26635607493582697
vn 0.9027959178572311 0.3286409871991052 0.27740697942394527
vn 0.9296293119950617 0.23271811762356254 0.2857124778677584
vn 0.9472429220291466 0.1340070506046231 0.29115795893970375
vn 0.9539801315687375 0.06228100440441942 0.29333084573987545
vn 0.9804588326891264 0.010847997950026944 0.1964250450995294
vn 0.955187638764049 0.03398301500768441 0.29404375430086643
vn -0.0357371102604805 0.03370501351647127 -0.9987926867043455
vn -0.06701061423567348 0.03385599064328864 -0.9971776920275138
vn -0.09957125378308776 0.033979005861616646 -0.9944500955707734
vn -0.1340656151842691 0.034072019835372606 -0.9903865448851783
vn -0.17140987164747373 0.034127000972175664 -0.9846085535411734
vn -0.2128415425558736 0.03413098722139469 -0.9764904267189358
vn -0.25970348652194347 0.03406300703590196 -0.9650874626892729
vn -0.314156538590481 0.033881000276451814 -0.9487664344195124
vn -0.3789843538687829 0.033513002965984466 -0.9247960521946788
vn -0.4579760229766468 0.03282298809544881 -0.8883583814153947
vn -0.5559062584755683 0.031548015554547656 -0.8306461066556953
vn -0.6766746006553137 0.02917798779775329 -0.7357038329763178
vn -0.8164157452907462 0.02479500386171045 -0.576932005200659
vn -0.9450691049928246 0.01726099681456093 -0.3264145290532108
vn -0.998328377637829 0.008619997184877454 -0.05715020604996262
vn -0.9993944668054106 0.005909998343173573 0.03428952665629436
vn -0.012683302438058638 0.0335730108111321 -0.9993557858862581
vn 0.002598853896344586 0.033571997168386575 -0.9994329226939402
vn 0.02565042105786908 0.03370399981899244 -0.9991026455253511
vn 0.056960551911548585 0.033855992503335895 -0.9978022185270716
vn -0.8684379149304166 0.0833859721701033 0.4887354781029893
vn -0.8053145911342794 0.1648240432201664 0.569474708905308
vn -0.6521483499685318 0.28003298887176936 0.7044743109417582
vn -0.44889098945783623 0.4745782154972369 0.7571475397563033
vn -0.34359402070833317 0.5612609593750912 0.7529470661439844
vn -0.9942589669135972 0.015753009241907305 0.105834537896335
vn -0.9521689501945229 0.03398499802270196 0.3036763247190294
vn 0.02036545237099796 0.7751617577709029 0.6314344761249965
vn 0.5480969170838738 0.6916830441560093 0.4702811243397177
vn 0.6499949501819561 0.6125197529610331 0.44980675514104007
vn 0.7459075302959979 0.525122081475848 0.40971789782019286
vn 0.12406162576327946 0.03407199667878095 -0.9916893727651281
vn 0.20297995549091916 0.034131006435691766 -0.9785878662994915
vn 0.24999200291748477 0.03406299462385479 -0.967648547187748
vn 0.36968379761801845 0.03351298984578324 -0.9285530514140355
vn 0.44890515715623297 0.03282399647969201 -0.8929763407468525
vn 0.5474833040666722 0.03154700510258633 -0.8362217518321902
vn 0.6825066675794197 0.023623007594597206 -0.7304975032276437
vn 0.8247746912641924 0.020510995681184564 -0.5650893802808742
vn 0.9962083511750197 0.010390001055021518 -0.08637690042612742
vn 0.9996900842654738 0.0059120012379909265 0.02418230060709316
vn 0.9953329124194975 0.0052940018664721766 0.09635542018360237
vn 0.9804410944996957 0.006568998028033113 0.19670309728406965
vn 0.955375200404585 0.022083004193463575 0.29456844260322673
vn -0.9942980395510177 0.011737006520583832 0.10598892028386035
vn -0.994314624740152 0.006502002270379325 0.10628335238562343
vn 0.08951926871374911 0.033979000989774105 -0.9954053084149654
vn -0.8701215520048396 0.05091899242096323 0.49019969496881877
vn -0.8128182988106933 0.09317695353480804 0.575016928836415
vn -0.7407607112934897 0.17402297309692066 0.6488370931431644
vn -0.5730080402801917 0.2875260933827399 0.7674571853845101
vn -0.47026379111968414 0.3868141613787085 0.7932381554858722
vn -0.2219685444456807 0.7096720002253207 0.6686520899338146
vn -0.24202652885711787 0.6402077848655724 0.7290796606180231
vn -0.9783012986449249 0.024986013377040445 0.2056751521335908
vn 0.43277781748856436 0.7004058537076454 0.5675693797078021
vn 0.3682586260281493 0.7040696330372428 0.6071832805592248
vn 0.2999978180796099 0.7071711274937726 0.6402423803425229
vn 0.22867960797533113 0.7096449090810096 0.6664155909878268
vn 0.15496586358589487 0.7114572814333469 0.6854298781192351
vn 0.07963379470964377 0.7125621030621397 0.6970751093101825
vn 0.022605255120364327 0.712790829418483 0.7010122937137796
vn 0.49296197753759313 0.6962490074463831 0.5217526313610232
vn 0.5963660446713173 0.6184812209419414 0.5116918214172023
vn 0.6960165657343726 0.5324730054346858 0.4816984935690405
vn 0.8315518871001707 0.4301270526950835 0.3514429933858205
vn 0.7875831126292457 0.43882114683594325 0.43260702928965034
vn -0.015509454496987372 0.7127485622135742 0.7012481328914099
vn -0.07257545772460038 0.7125062002481145 0.6979023696363688
vn -0.14803981733587476 0.711465805440453 0.6869502312192116
vn 0.16149612272166367 0.034127011098839324 -0.9862830980298349
vn 0.3045894630415831 0.033880994737553266 -0.9518809469674421
vn 0.9416866268568128 0.017277007496961583 -0.33604732079126565
vn 0.8667556121537244 0.3384198557857934 0.3663423399089236
vn 0.8934627140865133 0.24306909760550957 0.3776794835921121
vn 0.9113725105759053 0.14470897416264913 0.3853043728837827
vn 0.9185484716623926 0.07307399572458687 0.3884956838312696
vn 0.980394753044943 0.004161000400714803 0.19699952862281292
vn 0.9554044403844377 0.012938002292763059 0.2950168866190062
vn 0.9200171237347061 0.04265501491172669 0.3895497936564706
vn -0.012663402146730663 -0.050502986221423865 -0.9986436234357023
vn -0.03568202813001385 -0.05033499004701194 -0.9980947758832807
vn -0.06689128870622575 -0.0500629771202737 -0.9965035142020701
vn -0.09935003456647638 -0.04972700950952092 -0.9938092347915066
vn -0.13379035699760167 -0.04931100494771876 -0.9897820796344519
vn -0.17109161902445708 -0.04878899212631132 -0.9840463871926408
vn -0.2124146641483222 -0.04812598894093798 -0.9759938010270415
vn -0.25921038983180794 -0.047261989643008935 -0.9646638161236413
vn -0.31359174721220606 -0.04610302474566706 -0.9484380460471291
vn -0.3783474950235269 -0.044493980601162816 -0.9245936722148198
vn -0.45730634673633913 -0.042168005553695556 -0.8883089353047657
vn -0.5552368322361442 -0.038649001094752465 -0.8307937859918968
vn -0.6761029930191315 -0.03310298562844138 -0.7360631326000886
vn -0.8160210845090881 -0.024200009941826053 -0.5775153237407883
vn -0.9450110978920018 -0.01067699867458423 -0.32686392667325076
vn -0.9993935876961816 0.00607200287068577 0.034286843728943354
vn -0.9943140982261602 0.008650995058358408 0.1061349817600117
vn -0.9943055673094969 0.005292999550875797 0.10643506458443969
vn 0.0026037770313947534 -0.05050300131353279 -0.9987205150608934
vn 0.025589095994177687 -0.05033499761912971 -0.9984045203127252
vn 0.056822391706432725 -0.05006300977703163 -0.9971283321884028
vn -0.916057102886421 0.04265299090260861 0.39877325213509374
vn -0.6679006839368398 0.18248596605533254 0.7215313912710617
vn -0.5873526284358366 0.19013602654936082 0.7866798467467784
vn -0.3818834306132954 0.39208293455861915 0.8369205564752976
vn -0.36430052551427666 0.47946694643347626 0.7983712008757454
vn -0.25995549564204457 0.5646940705300114 0.7832903337803584
vn -0.9784046941939488 0.016991007175465304 0.20599893216812704
vn 0.5366164975295244 0.6240287623770688 0.5680060196030404
vn 0.6390292386468753 0.5394079971775477 0.5483435462694001
vn 0.7354873188338378 0.44717100708721336 0.5090152200624458
vn 0.12379467329699069 -0.049311026975678865 -0.9910818843475523
vn 0.1611554757582357 -0.04879000049204736 -0.9857222978532659
vn 0.20255684535664994 -0.04812601646658425 -0.9780872205167699
vn 0.24949802532695503 -0.04726198678864621 -0.9672212983401162
vn 0.30404643720698965 -0.046102010971035355 -0.9515410493542372
vn 0.44825682061942007 -0.042171023434823963 -0.8929095293200923
vn 0.5574223906823941 -0.04550901371835312 -0.8289808248906047
vn 0.6687227231008857 -0.03309198607507736 -0.742775093864989
vn 0.795390500225774 -0.01907200899472406 -0.6057971695406791
vn 0.9303535020441213 -0.007856998185116206 -0.36657963502322155
vn 0.9996882293422125 0.006072998964028456 0.02421905857408176
vn 0.9977343882288905 0.0031370002729535274 -0.06720304885054594
vn 0.9953148347802812 0.005029001008327396 0.09655614333205144
vn 0.9803461210605785 0.0036350014547533614 0.1972517926050394
vn 0.9553400023859222 0.006564999481279779 0.29543591627132465
vn 0.9552349115153392 0.002981999625447516 0.29583335089289003
vn 0.920310437018047 0.02696199279448936 0.3902585687210484
vn -0.9983569376939045 0.003131000125695555 -0.05721557302572595
vn -0.9784293388034631 0.010847994183887488 0.20629675225462082
vn -0.9783632680385097 0.004161001367750546 0.20685260892873666
vn 0.08933720870854663 -0.0497270027882182 -0.9947593117603203
vn -0.9523618502345734 0.022083002250766013 0.3041697671192398
vn -0.9163425840204209 0.026960001843134154 0.3994864541025093
vn -0.8146457563992813 0.058691996463073784 0.5769814044939587
vn -0.7481509454179037 0.1022849887448163 0.6555973947078876
vn -0.4873618825275714 0.294070146027625 0.8221928877547365
vn -0.16138925505462132 0.6423948841909878 0.7491877742716851
vn 0.47134542487156517 0.6290470190255274 0.6181693443610266
vn 0.4012723686481988 0.6334859838157002 0.6615708537023969
vn 0.32699716325095973 0.6372640902952299 0.6978304482078855
vn 0.16898367747035575 0.6424338264307855 0.7474779564683458
vn 0.08687103192007524 0.6437661291214729 0.7602753414448585
vn 0.024656228655703976 0.6440668497733568 0.7645717516436907
vn -0.016954326324840806 0.6440390957135553 0.7648046770328598
vn 0.6757424504250243 0.4550151877297499 0.5799425140725969
vn 0.8217218516958209 0.34791405885906174 0.45136349663414826
vn 0.7681042140042973 0.35700480537138624 0.5315670092947634
vn -0.07912780615938558 0.6437197327887757 0.7611594418456293
vn 0.3691107149715494 -0.04449097661766236 -0.928319898037739
vn 0.847928841050028 0.2530969522266894 0.46578816353479546
vn 0.8658591931056863 0.15501001888409677 0.47566769047300445
vn 0.8733146968628481 0.08341099190867551 0.4799625471556741
vn 0.9551230394076939 0.002197999870432373 0.29620119579295834
vn 0.9203365206701668 0.014898992534630813 0.3908435860317846
vn 0.8750058705568797 0.050919986842149885 0.481426922212491
vn -0.012517547706158252 -0.14740103286910758 -0.9889975968163645
vn -0.03529412995007111 -0.1471959722608482 -0.9884774504971022
vn -0.0661756298685318 -0.14679499288374612 -0.9869508681164245
vn -0.09826884599235501 -0.14622901185259324 -0.9843578160404606
vn -0.13232478037409462 -0.14545905910737358 -0.9804753003633213
vn -0.16925690578653255 -0.14442599966810926 -0.9749324235368502
vn -0.21018904591215715 -0.1430349337465918 -0.9671409270145925
vn -0.2565733527683409 -0.1411399815207553 -0.9561640132663084
vn -0.3104921513468481 -0.1384960124410283 -0.9404326017795962
vn -0.37480396162767116 -0.13468701407896916 -0.9172684441245619
vn -0.45341389995541864 -0.12898502620705146 -0.8819176255986634
vn -0.5511481697132626 -0.1200699988561533 -0.82572325291008
vn -0.6722560773162948 -0.10554201093900797 -0.7327568835829918
vn -0.8131909603005958 -0.08141398322851777 -0.5762744358552282
vn -0.9440711413367786 -0.04342301028183193 -0.32687019177822846
vn -0.9993877905621262 0.006521999648630545 0.034373064977319116
vn -0.9942905530631262 0.005028999069924448 0.10658801648298687
vn -0.9784076102829627 0.00656900088727177 0.206580241958724
vn 0.002564486247777336 -0.14740097725389384 -0.9890734933840265
vn 0.025295820826712705 -0.1471959609034334 -0.9887838340822619
vn 0.056183628360400244 -0.14679594096044618 -0.9875699223962817
vn 0.0883661870954845 -0.14622798614277882 -0.9852962970836909
vn -0.8705035226336437 0.03158100370907867 0.4911478975697079
vn -0.8151267539930152 0.03589600839857224 0.5781693968949412
vn -0.6749972448801309 0.1106009501222456 0.729483481126399
vn -0.5939323940538829 0.11804196363121773 0.7958080208916656
vn -0.4998926551464387 0.19681891217292607 0.843427322975554
vn -0.275692775971792 0.483343158692702 0.8308868059019404
vn -0.3960304726037925 0.29957108078399625 0.8679959863542717
vn -0.173478880796236 0.567220093332387 0.8050878483977282
vn 0.24929542220741374 0.6402608577913566 0.7265795389678296
vn 0.5753830180935398 0.5458622637418772 0.6090720577338632
vn 0.7063145069205046 0.3655918506129853 0.6061867831609471
vn 0.12245011023625445 -0.14545904700466245 -0.9817574222523732
vn 0.15942582797337077 -0.14442593598430142 -0.9765882215089754
vn 0.20041293771200594 -0.1430360347333732 -0.969213777845423
vn 0.24692728019067675 -0.14114001159422918 -0.9587003783376826
vn 0.3010320207829795 -0.1384950084430024 -0.9435035003113069
vn 0.3656543789659872 -0.13468101892261727 -0.9209548839573867
vn 0.4444663789974509 -0.128986978385783 -0.8864603755091368
vn 0.542620053366329 -0.12008503207921968 -0.8313501444970434
vn 0.664822274869695 -0.10453101744701238 -0.7396516810151762
vn 0.9407581769467548 -0.04340799482081889 -0.33628826695776076
vn 0.9977404661157697 -0.003261000852221935 -0.06710684129452332
vn 0.995291895167486 0.005712999737604805 0.09675435415480013
vn 0.9996819487239701 0.0065219984709535125 0.024361135675302643
vn 0.9802872322110543 0.004996998879525609 0.19751448647172398
vn 0.9549979500549978 0.004224002602508135 0.2965823211062421
vn 0.9202116998043485 0.006492997315545568 0.3913671786558653
vn 0.9200212621083613 0.001766000176674285 0.3918644644668787
vn 0.919806757426887 0.0007319999545384992 0.39237098920269614
vn 0.8754013655692997 0.03158200572859748 0.4823639974889962
vn -0.9983605690908673 -0.0032730005995581356 -0.05714421713204885
vn -0.9523912946276306 0.012937004841099336 0.30460376856376387
vn -0.9523250995059064 0.006564997981752589 0.3050144351544119
vn -0.9783042154186504 0.0036350003289003416 0.20714161548734586
vn -0.9163539149559128 0.014897998542469369 0.400091929666671
vn -0.7500932530482506 0.06587799569246872 0.6580427048566347
vn -0.6769813735005454 0.07239098701700354 0.7324314062982411
vn -0.28912798349946206 0.3962880856925523 0.8714130836151515
vn 0.5057089851386977 0.5517479956166381 0.6631987422206188
vn 0.43074378488811416 0.556916890326646 0.7101432031985946
vn 0.35117658892379877 0.5612527732163215 0.7494466811914198
vn 0.26783725157211874 0.564723249211013 0.7806092866926768
vn 0.1815986251808288 0.5672762055375374 0.8032556541745389
vn 0.0933575733647896 0.5688120544319033 0.8171518893255986
vn -0.018210839100933462 0.5691801642011017 0.8220111349727854
vn -0.08510132994847038 0.5687992256708532 0.8180618586129289
vn 0.6089287030277359 0.4622480329134479 0.6446181743455633
vn 0.7934078905023091 0.2626781369839261 0.549093904208861
vn 0.8073725890454364 -0.08139797193439123 -0.5844004385890184
vn 0.8110193981108526 0.1648160212714868 0.5613227369527689
vn 0.818570748363392 0.09318398880105581 0.5667968543975178
vn 0.9195902632994583 0.003404001017202544 0.3928640482684919
vn 0.8754095853263231 0.016711996128892258 0.48309291767131396
vn 0.8204286095736579 0.05869102469184763 0.568728634951376
vn -0.01221277329703813 -0.2532329091433407 -0.9673282493007199
vn 0.0024796413140659532 -0.2532329869683777 -0.9674021426945607
vn -0.034468112470638954 -0.2529969801490989 -0.9668528726016943
vn -0.06465825393380382 -0.2524759455528109 -0.965440421318398
vn -0.09600620522078503 -0.2516900076799434 -0.9630342406130608
vn -0.12929318697050812 -0.25058010333925607 -0.9594232036038615
vn -0.16543616857364177 -0.24905009438041537 -0.9542562153933187
vn -0.20554199236927925 -0.24694997518733222 -0.9469784575838266
vn -0.2510235069998461 -0.24404406955793886 -0.9367121708652546
vn -0.3039680666491773 -0.23993294842521876 -0.9219737494731303
vn -0.3673006169736517 -0.23393692287311482 -0.9002020733632161
vn -0.4450665246281875 -0.22483487878368047 -0.8668131666845599
vn -0.54229740738459 -0.21040697687353938 -0.8134140557101838
vn -0.6637926321658307 -0.18650804956787803 -0.7242886778962819
vn -0.8069488063956457 -0.14600003545976298 -0.5722915458945647
vn -0.9418449309222918 -0.08077199501661043 -0.3261962766755932
vn -0.9993753544430571 0.007273000332976151 0.03458329651681933
vn -0.9942717873215183 0.005712998755609051 0.10672850875793267
vn -0.9522168258367648 0.0029820005609010065 0.30540829108917655
vn 0.0246962763677179 -0.2529970173851968 -0.967151799423319
vn 0.05489099681579146 -0.2524770992584877 -0.9660446639874309
vn 0.08630969255488402 -0.25168997326171727 -0.963951655598245
vn 0.11964035063863061 -0.2505798463112837 -0.960674724931222
vn -0.8705002103061447 0.01671199666861431 0.4918842272570914
vn -0.8151210733506339 0.018359002080938054 0.5789996397428092
vn -0.7506522623567247 0.03984999819001326 0.6594946236801229
vn -0.5057477615855692 0.12449001675007082 0.8536518244464504
vn -0.40648610738458923 0.20242804780865245 0.8909500154125944
vn -0.18409229438489447 0.48615182883326347 0.8542636750267323
vn -0.30002492845066336 0.3039799827295298 0.9042019754501364
vn 0.02648161610007576 0.5691667250279377 0.8217955725907143
vn 0.6369708497196591 0.37349310832552923 0.6743671363884439
vn 0.7303121357381684 0.27168914268981686 0.6267608747664672
vn 0.1558251017758218 -0.24905000065985808 -0.9558727084857478
vn 0.19595222960391534 -0.24695201998212368 -0.9490086530374755
vn 0.2946929716572534 -0.23993009086178269 -0.9249808668047539
vn 0.3582724059962271 -0.23393008505933383 -0.903834939801404
vn 0.43627919643254975 -0.22483794185444272 -0.8712682495436335
vn 0.5340383991646825 -0.21041109049677756 -0.8188590606530405
vn 0.6563311118932494 -0.1865290205691159 -0.7310515686642748
vn 0.7867892420431618 -0.14323298648646976 -0.6003723845975208
vn 0.9385356778815516 -0.08075803501523798 -0.3356023258618658
vn 0.9976950505871953 -0.010569999960632048 -0.067028808244262
vn 0.9996721603673145 0.007271998950061598 0.024549741705690357
vn 0.9952665105063933 0.007349999196626777 0.09690485321302032
vn 0.9802003674612284 0.008253999417692786 0.19783607133807954
vn 0.9548488630059748 0.009071998933255524 0.2969534435758444
vn 0.919363124590201 0.009797001540387658 0.39328801647718686
vn 0.8752245698489804 0.006351002250729017 0.4836751152406728
vn 0.8749463117007071 0.0005249998263191684 0.48421965678451256
vn 0.8746328244614832 -0.0007500002178626122 0.48478537506220376
vn 0.8743283833264769 0.0025440007526860895 0.48532814277546255
vn 0.8209265283281596 0.035893999671641814 0.569904602433291
vn -0.9983186091511729 -0.010572994676704707 -0.05699268730314598
vn -0.9162207985313702 0.006493002521291892 0.4006211293189574
vn -0.9782340456817699 0.004996002187857296 0.20744443070667398
vn -0.9520942835247093 0.002198000635476212 0.3057967365306196
vn -0.5958473569632449 0.07815296700890442 0.799285956931323
vn -0.193115553666915 0.39934790828876515 0.8962296754054224
vn -0.20045896975739236 0.30721305071074095 0.930288311716752
vn -0.09036148724546461 0.48787190560021054 0.8682256649908521
vn 0.5356247972489991 0.46881781743722056 0.7023645283080359
vn 0.45646793438757005 0.47459807490178607 0.7525913181637586
vn 0.3723071667691083 0.4794357342699413 0.7946878319676233
vn 0.2841211389846684 0.4832859204422033 0.8280760215610564
vn 0.1927166307032567 0.48611276281348814 0.8523817701477561
vn 0.09907883744787213 0.4878348707718282 0.8672949456955297
vn 0.028099392401506874 0.48828516635146035 0.8722316323476195
vn -0.019320572534945304 0.4883059985045629 0.8724585762667381
vn 0.2415752649327439 -0.2440428975578905 -0.9391935133529318
vn 0.7472649384476233 0.17401897453606646 0.6413365015873379
vn 0.7547333757577215 0.10228804723862583 0.6480082460196493
vn 0.8739949893899214 0.010420002223394367 0.48582320042889665
vn 0.8209216604489945 0.01835900668531429 0.5707456301008308
vn 0.756702941521218 0.06587601117464767 0.6504314025666763
vn -0.011880700147796906 -0.33773294941790893 -0.9411669904121575
vn 0.002401177923342074 -0.33772386810855476 -0.9412421703548858
vn 0.02401268365465837 -0.33757903303261644 -0.9409908540897011
vn -0.0334890157455348 -0.33757691426593966 -0.940702031877832
vn -0.06283822868621558 -0.33715689510477465 -0.9393490219821846
vn -0.0933343910074143 -0.3364928518735239 -0.9370492260779569
vn -0.12568857981233983 -0.3355209932743141 -0.9336102205829663
vn -0.16084777483485097 -0.3341180625059778 -0.9287050735502248
vn -0.199877953446524 -0.33212915127722403 -0.9218129043346595
vn -0.24417633436851083 -0.3293081240592851 -0.9121042030178963
vn -0.2958218929183779 -0.32520896285804923 -0.8981806823501491
vn -0.35770753425367646 -0.3190571326150082 -0.8776376621736581
vn -0.43398905858788045 -0.309414879136693 -0.8461181534483412
vn -0.5299388984419979 -0.2935909604490433 -0.7955935594640583
vn -0.650960069500694 -0.26640200365703365 -0.7108311757113425
vn -0.7959872395402476 -0.2182689346281365 -0.5645909905988533
vn -0.9361267488894056 -0.13694595429251516 -0.32390201545631664
vn -0.9993546439288854 0.008349997933818323 0.034936702653170275
vn -0.9942458029359214 0.0073490017061224105 0.10687036782115376
vn -0.9160259785019893 0.0017660000162631826 0.401115055755098
vn -0.9158152621112173 0.0007310001283425239 0.40159914258246954
vn 0.05336250837202264 -0.3371789654287054 -0.9399270120454427
vn 0.08385187036440644 -0.33650696590545254 -0.9379402570172033
vn 0.11628326861625528 -0.3355249749790649 -0.9348268249281348
vn 0.15149953247428719 -0.3341251318314357 -0.9302732329475562
vn -0.870295903824131 0.006350998372817375 0.49248827864895156
vn -0.7506348300123857 0.01981799393310868 0.6604200171775111
vn -0.6775788134364781 0.043396018657406346 0.7341687388786725
vn -0.5964713354036938 0.04649102425267692 0.8012867967873122
vn -0.5075351230647682 0.08307801131751072 0.8576165477013361
vn -0.41144625018156034 0.12984495586096784 0.9021376118137389
vn -0.3081244280667368 0.20691301481383456 0.9285722056626488
vn 0.5607313706610297 0.3805679722731507 0.7353559331619657
vn 0.6591820453433354 0.28001386869298744 0.6979049107411148
vn 0.19052769576013964 -0.33214492791426214 -0.9237851178759925
vn 0.23496133835770783 -0.3293129920156421 -0.914519613112185
vn 0.28678661866413074 -0.32520003142408066 -0.9011095243736864
vn 0.34889158234614664 -0.3190469623791012 -0.8811831248751137
vn 0.42538698940566666 -0.30942499257225325 -0.8504716827831743
vn 0.5218467784656071 -0.2936179743653904 -0.8009147426128657
vn 0.643835176123496 -0.26639405638417285 -0.7172938538069409
vn 0.790275315561111 -0.21825304569226212 -0.5725648728841457
vn 0.9328043850618304 -0.1369389936069348 -0.33335220299158097
vn 0.9969926397724151 -0.039573998132483294 -0.06663013516001248
vn 0.9996558883661668 0.008349000752274228 0.024867630391504858
vn 0.9952300850237844 0.009943995117718384 0.09704738442971914
vn 0.9800896291290911 0.013415002581509607 0.19810188434070683
vn 0.9546341243994715 0.01675100757643225 0.29730975812648464
vn 0.919015668834001 0.019919999891236887 0.3937174037833825
vn 0.8206496176360472 0.006140001862309023 0.5713987272045156
vn 0.820280937699209 -0.0007289999418661394 0.5719603585969846
vn 0.8198927230094633 -0.002230999777215592 0.5725128342632343
vn 0.8195046381642207 0.001651999425354705 0.5730701692857765
vn 0.8190621287900132 0.010932996076318001 0.5736006439839196
vn 0.7572758180337935 0.039848979609421964 0.6518783584729108
vn -0.99819147676202 -0.04143200567807032 -0.04355645331234037
vn -0.9781536300253085 0.008253998234445248 0.20771939625720506
vn -0.9519569587571645 0.004224002335164372 0.3062027212127333
vn -0.814840381185974 0.0061399994709747255 0.5796528733605942
vn -0.6775239222188297 0.02107299263175582 0.7351987920302611
vn -0.31198555542140205 0.1340439627625255 0.9405834515104537
vn -0.09481779789894863 0.4012028207261706 0.9110685384991397
vn -0.20593264408387657 0.21016603387277777 0.9557311255299838
vn -0.020287128838484287 0.4017058250248141 0.9155440254540599
vn 0.47821869318751964 0.38679711774782966 0.7884762971630743
vn 0.3902580727773153 0.3920899142597474 0.8330450982797508
vn 0.29792723174778446 0.39628389409690834 0.8684459913330779
vn 0.2021562966348809 0.3993119653123702 0.8942498454510589
vn 0.10398621512146398 0.40117493516913294 0.9100799626718273
vn 0.029512791111238165 0.40170182056023873 0.9152948391198403
vn 0.6751123656147735 0.18249998072207188 0.7147846184904005
vn 0.6822931068446345 0.11061197904738328 0.722662512133788
vn 0.8735232430587293 0.022885998020807635 0.486244151564573
vn 0.7572480443993213 0.019817990983866652 0.6528266588358406
vn 0.6843120868340873 0.0723919830387053 0.7255869131982058
vn -0.011686140568710838 -0.3806380609932576 -0.9246502585528765
vn 0.0023757713226813327 -0.38063084870326447 -0.9247240197626829
vn 0.023606049165742403 -0.3806361494079018 -0.924423537241837
vn 0.05238398277143777 -0.38057096475551505 -0.9232668406988622
vn -0.032884753907555624 -0.3806448763418225 -0.9241363920305044
vn -0.061678288068355756 -0.38057910520920546 -0.9226891857278472
vn -0.09164194206630936 -0.38044311249438206 -0.9202525700099414
vn -0.12337136417025577 -0.3802238541436862 -0.9166293292508653
vn -0.15779906123860876 -0.37984200681645486 -0.9114930093697163
vn -0.19599878442682067 -0.37917894265392915 -0.9043272670615747
vn -0.239308237835862 -0.3780668835535276 -0.8943137027151142
vn -0.2897623774202252 -0.3761900793428224 -0.8800674910686226
vn -0.3501068836664105 -0.3729449418319686 -0.8592655237883946
vn -0.4243462309102299 -0.3671080581064188 -0.8277450996445802
vn -0.5178441715918026 -0.3562910589481825 -0.7777493781816752
vn -0.6361014479597934 -0.33563005969516774 -0.6947858741601416
vn -0.7793106644355156 -0.29526508353124215 -0.5527145906743948
vn -0.9219884134896156 -0.22018393843217576 -0.31852221060296193
vn -0.999032166859209 -0.02087500912382135 0.03871645095658754
vn -0.9942068893412918 0.009943004214293536 0.10702241752785746
vn -0.8700067468449246 0.000523999939159528 0.4930395378348222
vn -0.9780418427775353 0.013414995916831407 0.20797642092524468
vn -0.9155968195075647 0.0034040014745100244 0.4020831715971134
vn 0.08230308722498217 -0.3804398819890888 -0.9211360909362769
vn 0.11413011325486254 -0.38022899388857956 -0.9178236374461658
vn 0.1486351250993408 -0.3798490346595168 -0.9130291947440325
vn 0.18683312287015286 -0.3791980201117157 -0.9062572734836071
vn -0.7502999004288512 0.005862001163185427 0.6610716272529163
vn -0.5081321221785696 0.049086976952958154 0.8598791863418507
vn -0.4130115844731029 0.08709198647404963 0.9065519383813709
vn -0.09843628211642892 0.3091738784306908 0.9458973576764125
vn -0.10114061168392921 0.21212498276760366 0.9719946339121656
vn 0.5807180805431259 0.2875180084679806 0.7616428990917684
vn 0.23024822721908067 -0.3780938372221312 -0.8966776478295393
vn 0.28088307139855534 -0.37619607200224225 -0.882938964828146
vn 0.34148594050520814 -0.37292697245319095 -0.8627356638357838
vn 0.4159671827195789 -0.3671148125036834 -0.8319843852745807
vn 0.5098899623949825 -0.3563319140181886 -0.7829685774671789
vn 0.6291378709079148 -0.33562599787817243 -0.7010996569231344
vn 0.7737427473596771 -0.2952440318501898 -0.5604936418596941
vn 0.9187393865942421 -0.22019397203668856 -0.3277690561952761
vn 0.9908813985559289 -0.11760801572107614 -0.06574502744692787
vn 0.9993466174088426 -0.025950006291372178 0.02515820834205541
vn 0.9951122967544188 -0.017826001646445218 0.0971274961761417
vn 0.9800542485834797 -0.013337003666642845 0.19828210753032413
vn 0.9546293145130478 -0.00896299936476978 0.29766178208620525
vn 0.9190181460200124 -0.004712998581135407 0.3941870557619989
vn 0.756892617224769 0.005861997596062836 0.653512970777798
vn 0.7564509701660649 -0.0019820003026384406 0.6540473999716071
vn 0.7560096216278299 -0.003695999064784697 0.6545500680597767
vn 0.7555390849534959 0.0007369998015725563 0.6551031582422164
vn 0.755007375817521 0.011331002293842816 0.6556183881254075
vn 0.8184475680900885 0.02561998980620532 0.5740097511451789
vn 0.6849355876224319 0.043396999930326266 0.7273100722562291
vn -0.9888615270165142 -0.13796691995865254 -0.055839138457630985
vn -0.9953367438372827 -0.08985695358309967 0.03507840161923201
vn -0.8696986702716357 -0.0007500001777870785 0.4935824758107623
vn -0.9517978691190123 0.009073001838036183 0.3065917431669592
vn -0.9153443729200117 0.009797004137599109 0.4025527265757848
vn -0.8693986540094447 0.002544000755189389 0.49410475454778147
vn -0.8144633314967467 -0.000729999997783226 0.5802145712986049
vn -0.6771362229114231 0.005519001782480735 0.7358369902638604
vn -0.5964157210379892 0.022103989711987904 0.8023712989243494
vn -0.5080718346647586 0.022897007589283303 0.8610103006723221
vn -0.41353518982929655 0.051142987597085625 0.9090506265288485
vn -0.313211987390196 0.09013499644683366 0.945396177996618
vn -0.20855231005877506 0.13699002819940043 0.968369591707152
vn -0.02106041147261452 0.3097178470653913 0.9505952420866532
vn 0.030649172554953735 0.3097188908620509 0.9503340659288594
vn 0.4956303087491517 0.2940769341188342 0.8172327415543797
vn 0.4047487213969354 0.29960699650448536 0.863952614541508
vn 0.30910864154775447 0.3040199185948776 0.9011235968600899
vn 0.20980806793648493 0.3072280409298442 0.9282195351829057
vn 0.10796629617163217 0.309175049059437 0.944856638824152
vn 0.5952476691903631 0.19013097074255353 0.7807242959508397
vn 0.601908563995792 0.11803500630106305 0.7897935286364606
vn 0.8735301225623866 -0.0007149999372636552 0.48676956945892946
vn 0.684900687267341 0.02107300291782103 0.7283316395219623
vn 0.6038693717262441 0.07815301738557065 0.7932426411662964
vn -0.011553551025020446 -0.40610497797814604 -0.9137533925081108
vn 0.002354336342086959 -0.4060980502276314 -0.913826477347699
vn 0.02332780125578278 -0.40619499577293194 -0.913488609177804
vn 0.05174732151915241 -0.4064978814375933 -0.9121851166853918
vn 0.08130190754851789 -0.4070201316472233 -0.9097937196215685
vn -0.03250222686161413 -0.4062178551378643 -0.9131980395381001
vn -0.06092407740245231 -0.4065240368034359 -0.9116065293171713
vn -0.09050372423987718 -0.4070298600010864 -0.9089201114323571
vn -0.12179737321358543 -0.4077338531463208 -0.9049411610025954
vn -0.15567469274233842 -0.4086280121730288 -0.8993267135513643
vn -0.19320603985946858 -0.40968485858459536 -0.8915322444019294
vn -0.2356519000061552 -0.41082604452512383 -0.8807327308345763
vn -0.2849794739538358 -0.41189789808535143 -0.865521126823525
vn -0.34372597933781474 -0.412536904340335 -0.8436028412028691
vn -0.4156197577482853 -0.41194411876742004 -0.8109021272522291
vn -0.505822645878049 -0.4083179770874416 -0.7598814910919657
vn -0.6195568038403289 -0.3975851561895702 -0.6768126848640408
vn -0.7575197690588392 -0.3707570609016722 -0.5373108981554318
vn -0.8982115590382346 -0.3117128496894506 -0.3099211102015897
vn -0.9940869019534251 -0.017805998262223652 0.10711758861422914
vn -0.9515781791035938 0.01675199712957911 0.30695006050831714
vn 0.11267498575872922 -0.40773705658024834 -0.9061207647303673
vn 0.1466314347478665 -0.40862919521733254 -0.9008448274591008
vn 0.18419749734789165 -0.40969096877888656 -0.893434156539692
vn 0.22672964972452356 -0.4108458775710282 -0.883062472772276
vn -0.7498398720699628 -0.0019820003577777066 0.6616163827541484
vn -0.6766033925752665 -0.003222000703122627 0.7363405922989096
vn -0.5959923789109955 0.005113999636926672 0.8029738048577462
vn -0.021633601928503162 0.2127040900476576 0.976877145471526
vn -0.10244187607823992 0.13862692058135326 0.9850321004493721
vn 0.2761989303478176 -0.4119079303511119 -0.8683582254971648
vn 0.33525732003022596 -0.41253603015432233 -0.847004458778502
vn 0.4074840123505962 -0.41195987145927115 -0.8150127876211024
vn 0.4980306030781381 -0.4083599296957397 -0.7649886837179467
vn 0.6126922663019393 -0.39760913540959136 -0.6830191521858158
vn 0.7521271481611317 -0.37075591086732373 -0.5448346607512634
vn 0.895084583695132 -0.31171501280120073 -0.3188374802711555
vn 0.9735642604817212 -0.21920603827184315 -0.0641976907516364
vn 0.9935280399066214 -0.11079402013831069 0.025034356810158344
vn 0.9904594936663174 -0.09818700094637536 0.09669180033187318
vn 0.9757569996788092 -0.09427701342452906 0.19750980309230004
vn 0.950719604538348 -0.0904689661894466 0.2965596056496228
vn 0.9155277911200541 -0.0867579609847801 0.3927873723690692
vn 0.6845149835938298 0.00551900035180057 0.7289778994391088
vn 0.683989321431154 -0.003221000667310719 0.7294849095922755
vn 0.6834596408333231 -0.005129001473800672 0.7299702820635007
vn 0.6829440593829302 -0.00019099998640961623 0.7304706532589587
vn 0.6823655979325891 0.011607001316547577 0.7309189204546138
vn 0.754297658456258 0.028089009087315698 0.6559314369779048
vn 0.8184133519490943 0.0029620005966448535 0.5746223210978787
vn 0.6045322154023688 0.046491021844904445 0.7952228526825171
vn -0.9690474469570399 -0.2357129818371369 -0.07339234115007276
vn -0.9808394312551968 -0.19172905084549655 0.034554032425567885
vn -0.9894409245252641 -0.09814202103139569 0.10665271015058023
vn -0.9779979363787621 -0.013303999970917404 0.20818991335714732
vn -0.8140776058670048 -0.002230999110499587 0.5807518181364693
vn -0.8690595331981771 0.010419995842881079 0.49459776732613864
vn -0.7493681624057922 -0.003695998776617068 0.6621432600016475
vn -0.5076646262400485 0.004651000605641902 0.8615422191964351
vn -0.41344138938304076 0.02343699429199125 0.9102290507578727
vn -0.3136328625279066 0.05262800613471566 0.9480847644134122
vn -0.20940335032609037 0.09215206398576198 0.973477392637021
vn -0.021913733817339923 0.13898100748676825 0.9900525581140356
vn 0.03148518826923209 0.21270987345744508 0.9766080035783901
vn -0.10287349809693211 0.09310895153005315 0.9903271007774526
vn 0.11093243144398655 0.21213908114098676 0.9709227600105907
vn 0.5083903109817242 0.19680204934477463 0.838336594139611
vn 0.41544683255268633 0.2024209502711502 0.8868087100458953
vn 0.31745037638909585 0.20691001588924166 0.9254261201495964
vn 0.2155374430166798 0.21017292097226448 0.9536094346994569
vn 0.5143418802224963 0.1244680414515367 0.8485046475455545
vn 0.8704143945179683 -0.08326300637403306 0.485227836779256
vn 0.6044992211792082 0.022104007812475228 0.796299004415023
vn 0.5161617932676503 0.0830780117079775 0.8524523723595193
vn -0.011408122827043374 -0.43167770815812484 -0.9019557699870387
vn 0.0023172035664340857 -0.4316759289163625 -0.9020257884128521
vn 0.023016245751947044 -0.4319039087272684 -0.9016259013901461
vn 0.051077014847294794 -0.43256806097306805 -0.9001533264840438
vn 0.08021710828786402 -0.4337007719166072 -0.8974791674333572
vn 0.11107961161309696 -0.4353089345728545 -0.8934021778375795
vn -0.03207806388422819 -0.4319062136292884 -0.9013478909088602
vn -0.060117423870904976 -0.4325652454473228 -0.8995961337056886
vn -0.08927952222058558 -0.4336928791918297 -0.8966268195020519
vn -0.12007764013043178 -0.43530217387256454 -0.8922406501401549
vn -0.15337853416572517 -0.4374361547045728 -0.886072590601047
vn -0.1901731319811151 -0.4401329270783426 -0.8775632093324922
vn -0.23165604665773565 -0.4434070090856315 -0.8658670223196192
vn -0.2796958172510622 -0.4472478682235784 -0.8495525847066354
vn -0.3366350397300219 -0.45150693689807225 -0.8263282253190235
vn -0.40595079270436485 -0.4557568812960849 -0.7921424234656063
vn -0.4922693104790206 -0.4587051570170957 -0.7397705758452623
vn -0.6004391892108898 -0.4569818657629677 -0.6562319364550664
vn -0.7313780638247017 -0.44250993720828685 -0.5189133677483638
vn -0.8669018323690902 -0.3989819067451719 -0.29882210615197274
vn -0.813692988813131 0.0016520004872337902 0.5812925174563527
vn -0.9515781395698696 -0.008930002852060234 0.3072772353133375
vn -0.9150006309140128 0.01991999474809416 0.40296034449582546
vn -0.868573769026655 0.022886992064097195 0.49503110341986484
vn 0.1444481104561565 -0.4374248876006276 -0.8875777211564203
vn 0.1813220838491092 -0.4401069689528751 -0.8794476435739252
vn 0.22291068651515794 -0.44338523095277615 -0.8681706991198759
vn 0.2710746299621156 -0.44724116542514564 -0.8523461063089687
vn -0.5954337159391457 -0.004431999337163346 0.8033922126239313
vn -0.31356163928726 0.023712994588244916 0.9492717167677251
vn 0.03189404650997206 0.13898200635106112 0.9897811736479197
vn -0.022003579904945263 0.0931179970643157 0.9954119152863786
vn 0.32832199973180826 -0.45150706516082706 -0.8296662187904019
vn 0.39804218570294553 -0.4557460059962503 -0.7961519932897787
vn 0.48473096931840554 -0.4587050013405653 -0.7447319041969336
vn 0.59374775291666 -0.45700804510920984 -0.662274303149288
vn 0.7261588519569551 -0.4425009726191468 -0.5261997823599568
vn 0.8638864615110803 -0.39893190883269963 -0.30749555075311785
vn 0.9391014456869601 -0.3341259663749009 -0.0803013904157345
vn 0.9789878190389654 -0.2019730150167952 0.028102515516506152
vn 0.9752593867152237 -0.1994930813163888 0.09524515279392479
vn 0.9611404503903281 -0.19581304456607487 0.1945926159987621
vn 0.9368244783713682 -0.19226403357757044 0.29222326758267697
vn 0.9024577944121087 -0.1888959354300911 0.38715404541709586
vn 0.6040718858073332 0.00511400014453972 0.7969134230138764
vn 0.6034894750476691 -0.004432001479089707 0.7973586463252142
vn 0.6029227722949984 -0.006514002199400923 0.7977729617024255
vn 0.6024005787404524 -0.0011209996678824212 0.7981931383399087
vn 0.6018024798126069 0.011758000239557675 0.7985584040768485
vn 0.6815758558990379 0.030264004634842037 0.7311213597474473
vn 0.7542249772456415 0.006347002575579404 0.6565854089584362
vn 0.8156763681113872 -0.0800349626334853 0.5729454313116331
vn 0.5167808455488031 0.049087018806492404 0.8547093203297571
vn -0.9397754514142462 -0.3377100580270356 -0.05266894366251941
vn -0.9742508122264093 -0.19950905981222647 0.10503089987724112
vn -0.9737168216109803 -0.09421500635447257 0.20736220458279514
vn -0.813260225286493 0.010933001610770307 0.5817974522484105
vn -0.6760578800289833 -0.005129998351936829 0.7368306630207689
vn -0.5071220038093158 -0.005598002122969741 0.8618560991399059
vn -0.4130432712912757 0.004134000985709446 0.9107020182676941
vn -0.3132298112328847 0.0035699981887317433 0.9496706484186734
vn -0.20968806210998098 0.05351200513166796 0.9763029150398709
vn 0.03204041658030361 0.09311794438676786 0.9951394174378501
vn 0.11236690471504507 0.13862198731830688 0.9839500105984466
vn -0.022031821928145425 0.0535679867423001 0.9983211254996577
vn 0.21830218015967143 0.13697102609291464 0.9662210389701668
vn 0.4205130729032551 0.1298289332273092 0.8979494437965428
vn 0.3214480423045639 0.1340240408213168 0.9373946407892939
vn 0.9498678802464267 -0.31172994536979937 0.023988564690322733
vn 0.8582557561656117 -0.18570893248460119 0.478444614771683
vn 0.516726053668304 0.022897000858523246 0.855844561127817
vn 0.42211324518959237 0.08709199020141158 0.9023499285079312
vn -0.01124978711826645 -0.4578752858948995 -0.8889452541391161
vn 0.0022854124310700925 -0.4578758021196285 -0.8890132320293814
vn 0.022669154559305228 -0.4582099801677561 -0.888554851152269
vn 0.050317421564130785 -0.4592018976381685 -0.8869057302175033
vn 0.07902128835071598 -0.460920865922288 -0.8839160544671882
vn 0.10934150519831594 -0.463423053985545 -0.8793654008861603
vn 0.14204760641528957 -0.4667601271051013 -0.8729017477680503
vn -0.031606435193941324 -0.45821689690602113 -0.88827828333476
vn -0.059223210308655044 -0.4592230831042312 -0.8863446120471321
vn -0.08792064690570417 -0.4609307806813509 -0.8830700851394314
vn -0.11819882679034957 -0.46341209080352286 -0.8782244994547195
vn -0.15085990271539657 -0.466756714229923 -0.8714238116289842
vn -0.18680522248808967 -0.47101684025513674 -0.8621177095079547
vn -0.22722878982752487 -0.4763128950699479 -0.8494075011816198
vn -0.27382290367880263 -0.4827909607290607 -0.831825646189885
vn -0.32872942053289655 -0.4904749461887704 -0.8070757679655787
vn -0.39511943683046363 -0.49918088099903607 -0.7711673480404909
vn -0.4770318453457985 -0.5080382268937332 -0.7171734647493966
vn -0.70098414228532 -0.5108889292076586 -0.49760801267419924
vn -0.8285146273076401 -0.48174008943866903 -0.2854645311854092
vn -0.9003107405128388 -0.4323290584848305 -0.05032052967571018
vn -0.9528120233359075 -0.3013069741041732 0.03692364476485506
vn -0.7488941495749426 0.0007369998548443549 0.66268922547725
vn -0.947686011438548 -0.09040699842899752 0.3061336282716345
vn -0.9150183133770226 -0.004737998251077152 0.4033844785775004
vn -0.8126440087660954 0.025620001247540495 0.5821969860387858
vn 0.17810362301615076 -0.4710128945793188 -0.8639594623641391
vn 0.21865312818336713 -0.4762960985471019 -0.8516647439247662
vn 0.2654064648099568 -0.48276699104612075 -0.8345630238594064
vn 0.32059095152133976 -0.4904540926592934 -0.8103556162552285
vn -0.5948656863780651 -0.006513999511247939 0.8037987204395892
vn -0.41254276862813016 -0.006705000101154781 0.9109135562863693
vn -0.2096293000166013 0.023719012670451116 0.9774932045863483
vn -0.10302135856643803 0.053778971006527836 0.9932242556223667
vn 0.11285359845407719 0.09310901824182774 0.9892394937718616
vn 0.032095278935713144 0.0535680054638031 0.9980482763176681
vn 0.38741409447470343 -0.4991589279187107 -0.7750810822626165
vn 0.4698216854862704 -0.5080168873150087 -0.7219324248498675
vn 0.5722831864417744 -0.5143631725048351 -0.6386880938978042
vn 0.6958892456488806 -0.5108921108439307 -0.5047052693084003
vn 0.8255958610464305 -0.48171208449977343 -0.29384509842753237
vn 0.9085684197808016 -0.4135079282776763 -0.05928422917202513
vn 0.9497628560744856 -0.2989058379379316 0.09276754425907122
vn 0.936341810393007 -0.29548792991027123 0.18960721871091463
vn 0.9129298882610969 -0.29230495793834255 0.2848101660479222
vn 0.8796793182213636 -0.28934202283357124 0.3774195158125428
vn 0.5163152627648954 0.004649999712393066 0.856385968438701
vn 0.5157684986259972 -0.005598000085724785 0.8567097047542565
vn 0.5152226404650847 -0.00783099931736771 0.8570205984700002
vn 0.5146929844626847 -0.0020410004867590934 0.8573721281111881
vn 0.5141148115010229 0.01177999758648508 0.8576404796021059
vn 0.6009603520768844 0.03211700180526478 0.7986333034795556
vn 0.6814668536302645 0.009429004320281355 0.73178823527083
vn 0.7518590968213833 -0.0770570278289193 0.6548054008551755
vn 0.8045296988390378 -0.182721065360707 0.5651061634413621
vn 0.42264695098905425 0.051143984699844734 0.9048501796699154
vn -0.5787039264226743 -0.514356179860872 -0.6328818892825977
vn -0.9207374010727136 -0.38883495279019026 0.032403977449002155
vn -0.9487470594010908 -0.29902202134120237 0.10229783981494789
vn -0.9591349530764042 -0.1957930237279621 0.2042675540720685
vn -0.8685660118351612 -0.0007769996967459028 0.49557287996442423
vn -0.7483601651282973 0.011330997203221444 0.663195801970676
vn -0.6755421468932795 -0.0001910000364540112 0.7373213487278155
vn -0.5065665910945307 -0.007830998459666054 0.8621652766436324
vn -0.20938965785439345 0.00296600183168339 0.9778277834142137
vn -0.10299234369102862 0.02345199339637712 0.9944056421535253
vn 0.11302212525438145 0.05377900793700256 0.9921359874071168
vn 0.21921062285884746 0.09215203826135014 0.9713159654150214
vn -0.022029553857885183 0.023072996822456532 0.9994910382662034
vn 0.032091159435511864 0.023073009423226848 0.9992185915615464
vn 0.32272644737324024 0.09013495101211833 0.9421907082814447
vn 0.9126323494935848 -0.4081319893000037 0.02303202048976286
vn 0.9140375906011192 -0.3956928813471547 0.08923243031144727
vn 0.8368137055385364 -0.2865930570569574 0.4664839138379918
vn 0.4225736664363425 0.023436996031425714 0.9060254983451457
vn -0.011058990994541738 -0.48517918383782394 -0.8743448165847647
vn 0.0022431041823460186 -0.4851869603561028 -0.8744075605711746
vn 0.02227421152866976 -0.4856391709078669 -0.8738755375799783
vn 0.049445815217528354 -0.48698488629829506 -0.8720096512507822
vn 0.07765952077371403 -0.48928573280015575 -0.8686590070398233
vn 0.1073977236072588 -0.4926237448689971 -0.8635899344916105
vn 0.13937687181301386 -0.49711906224279034 -0.8564150428142113
vn 0.17448858750039886 -0.5029128775673837 -0.8465414168302751
vn -0.031086898161845913 -0.48563194545285177 -0.8736104499823438
vn -0.058225598643552645 -0.4869979837496081 -0.8714601215697803
vn -0.08637478356122388 -0.4893030021996617 -0.8678260014560232
vn -0.1160839312989605 -0.492635951628571 -0.8624583120691633
vn -0.14801145347557357 -0.4971122064939911 -0.8549690425943642
vn -0.18300966971774862 -0.5028777917930481 -0.844761142164546
vn -0.22224722700304725 -0.5101399744723414 -0.8308810844728715
vn -0.2672196741287607 -0.5191129326352383 -0.8118592297494445
vn -0.38289631897022036 -0.5427529300787728 -0.7475357287848935
vn -0.4598344221732513 -0.556891042021329 -0.6916824932734602
vn -0.5541954808736739 -0.5701911404919783 -0.6064234760327593
vn -0.6662693855014906 -0.576162814785867 -0.47341474079446727
vn -0.7833682142937524 -0.5598320246807552 -0.2700413764149191
vn -0.8515365538881527 -0.5221417734176708 -0.04747068405382898
vn -0.8755544256382276 -0.482136902190343 0.030797001341254824
vn -0.9338347104673389 -0.19222607140450185 0.3016651637142955
vn -0.9115207041548966 -0.0867580119907388 0.40199882245147983
vn -0.8125982895976722 0.002927999511684515 0.5828168207608605
vn -0.7476416869528673 0.028090004816228514 0.6635079950985482
vn 0.213819384274068 -0.5101671566471047 -0.8330730719374304
vn 0.25899508324456083 -0.5191299764976887 -0.8145094317174308
vn 0.3119104978074478 -0.5299820124097939 -0.7885625580000454
vn 0.3754020087731564 -0.5427740195680892 -0.7513119827947498
vn -0.5943213963089731 -0.001121000105123853 0.8042268468834629
vn -0.41203788953911596 -0.009066002199661511 0.9111216083423042
vn -0.3128160871367018 -0.007738003730147942 0.949782195519981
vn -0.10286456897866139 0.002329000090987269 0.9946926440903292
vn 0.2195282636181809 0.05351200874041163 0.9741374679137192
vn 0.11298997923820571 0.023452001610754097 0.9933193183524616
vn 0.45292199658946825 -0.5569171542897421 -0.6962075468301284
vn 0.5480572984649189 -0.5702078985118413 -0.6119609056745736
vn 0.6613834273607808 -0.5761898709548023 -0.48018454225599055
vn 0.7805345075454754 -0.5598829000749083 -0.2780234176008426
vn 0.8616945641124195 -0.5043311047783281 -0.05596976801969349
vn 0.9013863348997961 -0.3926588932350796 0.18254223845267945
vn 0.879076623718626 -0.38985715124374654 0.2742912526049126
vn 0.8472525594802343 -0.387297148414813 0.3635436965262174
vn 0.42219906672547863 0.004133998239661444 0.9064937165334844
vn 0.42170870888361073 -0.006704999891395563 0.9067065720662747
vn 0.4211934873025503 -0.009064998614963297 0.9069255052395578
vn 0.4207003962675375 -0.002941998282619099 0.9071948639771071
vn 0.4201898256575573 0.011672003651814719 0.9073611600375144
vn 0.5133252712539823 0.03362200085712586 0.8575352628028708
vn 0.6008147902362939 0.01215000459687631 0.7992959184317245
vn 0.6794803489209088 -0.07433702087461876 0.7299181205846353
vn 0.7417522477006409 -0.1800370925662748 0.6460574651927875
vn 0.7846074669404155 -0.2840680992152039 0.551086597396095
vn 0.3231737195421836 0.052628013506218485 0.9448751447634016
vn -0.31985212649288974 -0.529972104327934 -0.7853815542856848
vn -0.9130755339849516 -0.39572697993070677 0.09845418524886562
vn -0.934350800375978 -0.29561702624443725 0.19899536585349165
vn -0.8654665812582155 -0.08329500342900535 0.49399346061357796
vn -0.67496514510066 0.011607002576644751 0.7377583143485614
vn -0.506032903160507 -0.0020410000371674395 0.8625117594779779
vn -0.4115593660502319 -0.0029419999797735477 0.9113782051664668
vn -0.3123965962179316 -0.010199000007475655 0.9498970191922376
vn -0.20908567878165013 -0.008683005146010354 0.9778587752584986
vn -0.022007139991791044 0.0018340000794894546 0.9997561313805934
vn 0.2194805203315904 0.023718995067742443 0.975328514126369
vn 0.032061723472969116 0.0018340004183898676 0.9994842081445849
vn 0.11288007496296162 0.002328998849384242 0.993605889898362
vn 0.8683525849017528 -0.4886479725504451 0.0847758645888307
vn 0.8654498019193332 -0.5005190354715349 0.021848008797853403
vn 0.8061117430391264 -0.38498487564932765 0.44941128518951673
vn 0.3231191335932228 0.023712990839377206 0.9460611605871033
vn -0.010839594424141109 -0.5142448662156157 -0.8575749067945049
vn 0.002193923820062692 -0.5142581180027099 -0.8576326572411891
vn 0.021839171846722412 -0.5148362746497807 -0.8570103038340815
vn 0.04846323005949969 -0.516536911865897 -0.854892352294862
vn 0.07607273021015218 -0.5194310290211318 -0.8511194662375086
vn 0.10512224428066663 -0.5235971218520599 -0.8454557160168915
vn 0.13630392235509795 -0.5292159338615074 -0.8374674537542985
vn 0.17037295615115575 -0.536477160948269 -0.8265381489037281
vn 0.20831389243196188 -0.5456151130419149 -0.8117323885617128
vn -0.030503238398675595 -0.5148173424787473 -0.8567570579401806
vn -0.05709785092633482 -0.5165300078166487 -0.8543632637494
vn -0.08461595950229817 -0.5194320026488435 -0.8503120215672111
vn -0.11363829154262464 -0.5236279162444124 -0.8443341424014594
vn -0.14470779625522176 -0.5292439408448204 -0.8360385785249396
vn -0.1786501247618886 -0.5364839122459925 -0.8247843019988899
vn -0.21652958974211753 -0.5456181985690497 -0.8095774936078544
vn -0.30966103179406745 -0.5706899196933762 -0.7605412947030564
vn -0.368970616571805 -0.5870890345660421 -0.7205464243190267
vn -0.44034881565286554 -0.6057867171515842 -0.662657810544647
vn -0.5264777806874438 -0.6248679334362595 -0.5765077728925452
vn -0.6270882760736866 -0.6385001894749593 -0.44618135556225663
vn -0.7317521784223798 -0.6330386481755752 -0.2525882406014611
vn -0.7939222576265987 -0.6064090734646445 -0.044220860064406654
vn -0.8207587786596116 -0.5705460767507192 0.02884790386744222
vn -0.8674842405408982 -0.48859309367234394 0.09353010867559738
vn -0.9099930137099135 -0.2923960493066036 0.2939681366220489
vn -0.8984983449897823 -0.18885105430960508 0.3962776846313362
vn -0.8098893221827416 -0.08003996124814174 0.5810962832593024
vn -0.7475692070388863 0.006345002236908872 0.6641536129796061
vn -0.6741659944325684 0.03026500637033069 0.73795951199246
vn 0.25161703215507497 -0.5569333231756918 -0.79152646365485
vn 0.3019653500654603 -0.570697994431985 -0.7636234193050616
vn 0.36173080830863025 -0.5871098472384408 -0.7241911692336765
vn 0.43371474496509205 -0.6057908699091507 -0.6670149488089301
vn -0.5937270802370037 0.011757998777274186 0.8045805762370827
vn -0.5054492579914573 0.01177999707129302 0.8627759148613766
vn -0.10269094794583154 -0.009526997326753283 0.994667685979555
vn -0.021961499221680943 -0.010086000386288553 0.999707939924528
vn 0.21924478550394721 0.0029659995665238595 0.9756653764871948
vn 0.5206745115183449 -0.6248587214827214 -0.5817642402572641
vn 0.6225420368529099 -0.6385078485299934 -0.4524921432650837
vn 0.7290927751461503 -0.6330748717612017 -0.26007678092098757
vn 0.8059030779425326 -0.5897419073043743 -0.052198771362469386
vn 0.8565082847351834 -0.4861178718979921 0.17344443721653813
vn 0.8354870600913608 -0.48375179492701487 0.2606637169319627
vn 0.8053580848065759 -0.48162812949802136 0.3455903646123852
vn 0.32277051687803243 0.003569998130153489 0.9464705217531282
vn 0.3223400612132591 -0.007738004713134777 0.9465923136282546
vn 0.3219326961779466 -0.010198996529455242 0.9467076209693203
vn 0.3215461713191061 -0.0038099978501710085 0.9468862358416694
vn 0.32111694334832386 0.011432997742606473 0.9469705355803035
vn 0.41949081273759975 0.03475900258921578 0.9070938594036182
vn 0.5131500870378816 0.014459004468332095 0.8581770944058105
vn 0.5991936692311145 -0.07188800956671297 0.7973700902553907
vn 0.6705319272585017 -0.17764896274719388 0.7202970085748277
vn 0.7235145434353374 -0.2817640329007426 0.6301870636573433
vn 0.7559494468527558 -0.3829070034695203 0.5309638975457797
vn -0.2596321098576989 -0.5569328228427604 -0.7889340900045035
vn -0.89948509178977 -0.3927149166024799 0.19157652237645453
vn -0.8533816428778155 -0.18568307834537046 0.48709502770542396
vn -0.5929040184376585 0.032116990247950554 0.8046324153661034
vn -0.3119839493544921 -0.003809999485678468 0.9500797331009081
vn -0.2087926517070672 -0.011216993894070075 0.9778956016063839
vn 0.032023618231838545 -0.010085999241623435 0.9994362213241221
vn 0.11272839880875858 -0.009526006099589169 0.9935801745756626
vn 0.8131316587237819 -0.5766368609872853 0.07941559123900838
vn 0.808779253016034 -0.5877567568536023 0.020447852301922257
vn 0.7663454879266234 -0.4797568845805822 0.42725627535712074
vn -0.010586627985973403 -0.5459187526535499 -0.8377712329801488
vn 0.0021300807064009403 -0.545910704909959 -0.8378406561040684
vn 0.021334360411334484 -0.5465859841960131 -0.8371311766660675
vn 0.04733663026519063 -0.5486370152351014 -0.8347195151361059
vn 0.07420627988296036 -0.5521149957589286 -0.8304591859230951
vn 0.10243288599972186 -0.5571189015718624 -0.824091034641883
vn 0.13267352199474716 -0.5638650829211593 -0.8151404203104048
vn 0.16552536104181198 -0.5725388723739429 -0.8029947661552671
vn 0.201859529615872 -0.5834020756678374 -0.786698638876233
vn 0.24300898087601183 -0.5968469720514474 -0.7646700773317999
vn -0.029803318634388017 -0.5465990343499242 -0.8368639422547176
vn -0.055760207280366736 -0.5486339287102375 -0.834201181701405
vn -0.08256140583348323 -0.5521027627167735 -0.8296783434966257
vn -0.11076520316396249 -0.5571268315413069 -0.8230071465939955
vn -0.1408483448881166 -0.5638608138636555 -0.8137706841188703
vn -0.17352893209662776 -0.5725180897728473 -0.8013181307122996
vn -0.250773183885975 -0.5968710962150316 -0.7621402133116698
vn -0.2977871407779285 -0.6132279050128445 -0.731624463301265
vn -0.3528442663898329 -0.6327361291462027 -0.6893082870159771
vn -0.4180525657829215 -0.6551188077242959 -0.6293261475643714
vn -0.49505081242249127 -0.6786161152690645 -0.5425908783023864
vn -0.5831538367703195 -0.6980003176125528 -0.4156045708035838
vn -0.6738481053773253 -0.7011330511735998 -0.2331119375565895
vn -0.756784768319613 -0.6531238900400712 0.026570636017127204
vn -0.812330193720692 -0.5765840852142331 0.08758109982963767
vn -0.8547609730527507 -0.4860437549440912 0.1820580875044095
vn -0.8762572076860843 -0.3899219328716305 0.28307983369332096
vn -0.8758109814522735 -0.28938012425869447 0.38628262768551747
vn -0.7988175781193033 -0.18273699201896187 0.5731471614127323
vn -0.7452409214027829 -0.07703200491949493 0.6623307627498622
vn -0.6740476182849687 0.009428001583489729 0.7386277283385067
vn 0.29041405567908624 -0.6132420029628786 -0.7345705698339006
vn 0.3458991718291648 -0.6327599170780839 -0.6927976979373088
vn 0.4116859483509906 -0.6551158382047512 -0.6335123664646427
vn 0.48961303353388147 -0.6786056788445096 -0.5475156710394072
vn -0.4110341979494096 0.01167200138837901 0.9115452004698809
vn -0.10253609761083672 -0.012104003750837459 0.9946556397969806
vn 0.21893778942930817 -0.008682999616198181 0.9757001844201286
vn 0.5789779128251903 -0.6979796168759524 -0.42143686465031155
vn 0.6714491125175869 -0.7011236624532085 -0.23996187040349637
vn 0.7417333666252054 -0.6689808040548821 -0.04791968949108657
vn 0.8021709367301513 -0.5745772747804428 0.1624276564238707
vn 0.7825489895091379 -0.5727359851701471 0.2441117987918822
vn 0.7543463897164936 -0.5711171205237152 0.323707829634058
vn 0.2186466926468772 -0.01121599877160123 0.9757396298019967
vn 0.21838118416187077 -0.004634001722815362 0.9758525423608282
vn 0.21806910873118335 0.011066004695218474 0.9758705894519378
vn 0.3205204724144302 0.03551000951624016 0.9465757581870492
vn 0.41933235696083293 0.01631900863993026 0.9076861045332149
vn 0.5118059116494683 -0.06977597934976688 0.8562628226814694
vn 0.591446158902688 -0.1755179508783243 0.7870100952584601
vn 0.6541697210468115 -0.2797319682560178 0.7027175833869187
vn 0.6972023017401302 -0.38103688022736243 0.6072230614484789
vn 0.7187389553129753 -0.47810417906224006 0.5048075951081109
vn -0.2098126745132263 -0.5834079947114065 -0.784610574310863
vn -0.7279833390669629 -0.6843872278893501 -0.040674074578851575
vn -0.8320596409247265 -0.28658699999054243 0.4749154086578324
vn -0.5927506663522712 0.01213700159690806 0.805294567677676
vn -0.5046526213226724 0.033622985475646926 0.8626675064240336
vn -0.3115484804604916 0.011432997850476767 0.9501614762149168
vn -0.20851924796295793 -0.00463400118229119 0.978007284871644
vn -0.021914587228337917 -0.012675997571963376 0.9996794836107057
vn 0.031983335925838824 -0.012676005415481993 0.9994080173331419
vn 0.11256443013539083 -0.012102997790131766 0.9935707154061993
vn 0.7487608948234693 -0.6587948453235527 0.07311958806143448
vn 0.7430414312906705 -0.6689806684258347 0.01882276966961522
vn 0.7178113665369674 -0.5697220497535437 0.4002044828521442
vn -0.01028093737617264 -0.5811320053690785 -0.8137443669005521
vn 0.0020694985254766495 -0.5811147850471335 -0.8138189748190175
vn 0.02073523947304308 -0.5819210578377189 -0.8129808929421565
vn 0.04596485839585242 -0.5843030570685901 -0.8102327871006881
vn 0.071954758309722 -0.5883332713623124 -0.8054107489751483
vn 0.09919322693457576 -0.5941412422961952 -0.798221077103981
vn 0.1282753546083168 -0.6019323248807203 -0.7881769532686181
vn 0.15968107473287613 -0.61191613645456 -0.7746357830094591
vn 0.1940928012508667 -0.624365890789674 -0.7566341380885535
vn 0.23274118167881944 -0.6397208818016622 -0.7325221742293201
vn 0.27672152558464147 -0.6582801881848882 -0.700065990547589
vn -0.02893075523911794 -0.5819347347440246 -0.8127207244187244
vn -0.05411792156034374 -0.584293073511669 -0.8097362872023681
vn -0.0800652406151325 -0.5883202517878843 -0.8046544839752533
vn -0.10727556911894474 -0.5941389294373913 -0.7971768215378552
vn -0.13619231874213017 -0.6019128127994261 -0.7868625153757961
vn -0.2017360185479068 -0.6243757487000504 -0.7546240807552392
vn -0.24017259441684494 -0.6397190075506035 -0.7301210285079814
vn -0.28374860138977637 -0.6582440165874203 -0.6972815398647848
vn -0.3339109392307396 -0.6801723833122749 -0.6525864031998714
vn -0.39215057224023886 -0.7051597356483575 -0.590734860924926
vn -0.45931483918813976 -0.7315250048902447 -0.5038859451521751
vn -0.534132470201117 -0.7545297386501845 -0.3812969679519328
vn -0.6098239766721665 -0.763763814640273 -0.21161179769068605
vn -0.6842425370922443 -0.7288595954618998 0.023996677617630816
vn -0.74800141995182 -0.6587793918595565 0.08064483003400774
vn -0.8005240174074981 -0.5745322333675718 0.1705110271373373
vn -0.8328425426161546 -0.48371395533869244 0.26906153314670583
vn -0.8435309779537753 -0.3873470529338834 0.3720453598901383
vn -0.7790296739615666 -0.28404691425491285 0.5589544861521352
vn -0.7352416533665793 -0.18005393602540729 0.6534525929832532
vn -0.6720841733139786 -0.07429997367567243 0.7367376587990193
vn 0.3273138415147072 -0.680180178418086 -0.6559120169962018
vn 0.38614974361211063 -0.7051598593273211 -0.5946746575244098
vn 0.4541963526443705 -0.7315130515610649 -0.5085217091141434
vn 0.5303099296312991 -0.7545182575439106 -0.3866181288653542
vn -0.4103194666027653 0.034759993528298304 0.9112791439381979
vn -0.20821809943652822 0.011066004849179932 0.9780198191262373
vn -0.10240279295488744 -0.005403000562622361 0.9947283426041297
vn 0.6077094692008088 -0.7637642476574712 -0.21760830646803947
vn 0.6697670028014248 -0.7413163143949101 -0.04315418832909818
vn 0.7387132644960971 -0.6572176965794184 0.14955805615333026
vn 0.7206379442345536 -0.6558501513790863 0.2248144396283879
vn 0.6946528099624193 -0.6546850829142342 0.2980686428004421
vn 0.11242090962593694 -0.005402999193059207 0.99364598659613
vn 0.11226608267927946 0.010575000187399796 0.9936219079966411
vn 0.21763028998201414 0.03586101834648396 0.9753722593171786
vn 0.3203794944587435 0.017714005821346038 0.9471236421545612
vn 0.41827804677236885 -0.06805199150462789 0.9057661961237823
vn 0.5052331740437109 -0.17371395004647608 0.845318226116631
vn 0.5770930471602147 -0.2779918533658686 0.7679089427670105
vn 0.6304107268207176 -0.3794231874802521 0.67721515068086
vn 0.6629036811534952 -0.47669298055021153 0.5773408973971103
vn 0.67320801593462 -0.5685500867249311 0.472802036973664
vn -0.1673837800610557 -0.6118829320277646 -0.7730342474079518
vn -0.6544175183661921 -0.7552389095155868 -0.03676820921858382
vn -0.8015371775715441 -0.38501216361692137 0.4574973080113806
vn -0.591113954974517 -0.07188301635964173 0.803378568418043
vn -0.5044835292383536 0.014440002267874926 0.8633005589374532
vn -0.31096701766828905 0.035510002992126456 0.9497571024267148
vn -0.021872073229636756 -0.005938998968615489 0.999743137362737
vn 0.03194414093926489 -0.005938996496150261 0.9994720107037872
vn 0.6758702191195386 -0.734060919117869 0.06598495230835756
vn 0.6667535221678846 -0.7329519203175027 0.13498601105153585
vn 0.6689385220910254 -0.7431239338809223 0.016972700316010135
vn 0.6609492701961811 -0.6537106105592105 0.36852204800993904
vn 0.4129514192650923 -0.1722429506112354 0.894317332545714
vn -0.009913024924211896 -0.6213179224293942 -0.7834958654676318
vn 0.002021199469204153 -0.6213198174332757 -0.783554464742169
vn 0.019977225554018117 -0.6222237459582297 -0.7825845132794746
vn 0.04420913293500106 -0.6248996529676981 -0.7794523566491963
vn 0.06914277506586684 -0.6294457295958376 -0.7739621115724946
vn 0.0951393713974612 -0.6359799030000345 -0.7658185574861467
vn 0.12274962056275698 -0.6447048168983779 -0.7545119148958007
vn 0.18454055948782253 -0.669592919366621 -0.7194373525457287
vn 0.22016211410796552 -0.6864007047616172 -0.6930964694862227
vn 0.26007956267555277 -0.7064701938254229 -0.6582237357576548
vn 0.30510566980651144 -0.7298288442322814 -0.6117682472787324
vn -0.02783419757237007 -0.6222172176550429 -0.7823496606371854
vn -0.05204128846648786 -0.6248921089030818 -0.7789746828526629
vn -0.07693379205843263 -0.6294357483233135 -0.7732346541459326
vn -0.10290277938857799 -0.6359911109950862 -0.7648047624912787
vn -0.15975699356489922 -0.6558291451215612 -0.7378115175410498
vn -0.19177649276018643 -0.669639989479621 -0.7174984747818878
vn -0.2271288933578518 -0.6864219047778438 -0.6908237361608198
vn -0.26667582576028503 -0.7064581663324159 -0.6555919944426647
vn -0.3112909449986963 -0.7298498430071262 -0.6086190550946398
vn -0.3617362850154411 -0.7561040358918814 -0.5453930206843832
vn -0.4183087071115803 -0.7835277199245407 -0.45945852659896136
vn -0.4794110049971613 -0.807834178737775 -0.3428834028509932
vn -0.5397748896508339 -0.8205519723170386 -0.1879827897150378
vn -0.6038833131329705 -0.7967919322025709 0.021155635098959066
vn -0.6751500403276024 -0.7340812099259678 0.07278186779180852
vn -0.7371674607291171 -0.6572129239253083 0.15702008619196683
vn -0.7800692421906593 -0.5726958498457538 0.25201476337218875
vn -0.8018554937075335 -0.48161221559833184 0.3536628917451105
vn -0.7505577649180324 -0.3829270492731411 0.538544256729392
vn -0.7171550535573498 -0.2817791349072877 0.6374081489030834
vn -0.6632296552001851 -0.17764893021018716 0.7270263283115814
vn 0.356202415543174 -0.7560778861539589 -0.5490592583958213
vn 0.4136335483889779 -0.7835131913962339 -0.46369641637091785
vn 0.47593947360793193 -0.807846939041084 -0.3476563540966223
vn 0.5379405358114033 -0.8205518960844939 -0.193169784808811
vn -0.4101438250971168 0.016306005424185654 0.9118750774759732
vn -0.20780228046032817 0.03586100821244099 0.9775132737336483
vn -0.1022426460638337 0.010575000297845107 0.9947032777137945
vn -0.02182624145854567 0.010126997403949834 0.9997104876449849
vn 0.5907382876846431 -0.8059698030463921 -0.03795987408798531
vn 0.6503658232704966 -0.7320184400453311 0.20291204832461024
vn 0.6268334478367987 -0.7312636865321877 0.26894841407300724
vn 0.5962978025256964 -0.7306735755339417 0.332483167573143
vn 0.03190700281203625 0.010126996452427903 0.9994395364975337
vn 0.11204950681303555 0.035805003037517776 0.9930573547285367
vn 0.21749630296048128 0.01863200061649586 0.9758832956617044
vn 0.31962388574354544 -0.06669098146247712 0.945194627922614
vn 0.31561552559048667 -0.17107204299648268 0.9333387359963426
vn 0.4030094967333455 -0.27527711607516225 0.8728149030052574
vn 0.49302639150691496 -0.27650207075122046 0.8249070142433977
vn 0.5561621130150339 -0.37807596151470446 0.7400961230619875
vn 0.5993855707919663 -0.4755189695082979 0.6439088811036504
vn 0.6208694965606959 -0.5675596740412079 0.5407375376674953
vn 0.6198180773265768 -0.6529409638626568 0.43530868212027457
vn 0.15238994705746753 -0.6558211319272874 -0.739375376215244
vn -0.13035415349447982 -0.6447121375206595 -0.7532290849404847
vn -0.5738597774995583 -0.818309285863715 -0.032478738235556165
vn -0.762005602285609 -0.4797520017316649 0.43495457109887586
vn -0.5834365511583927 -0.17552693235702335 0.7929641144400755
vn -0.5031597649968687 -0.06981101096322655 0.8613690693521496
vn -0.3108136814036862 0.01770799755854563 0.950305888793053
vn 0.5950814126610484 -0.8015621534602911 0.058105304795961446
vn 0.5869531086633247 -0.800849163492973 0.11885565010997545
vn 0.5724238176467381 -0.8002702568127685 0.1786014811012483
vn 0.5871484405854085 -0.8093419573039754 0.014909891531907313
vn 0.5590822525563367 -0.7302378199668248 0.3926573075426353
vn 0.30805206762451864 -0.27434013318174183 0.9109563189078187
vn 0.47520733023495076 -0.3769430869377864 0.7950420759310685
vn -0.026404490893379314 -0.6692829152774888 -0.7425383371775003
vn -0.009417205804903486 -0.6683198747057406 -0.7438143997719667
vn 0.0019129639007009452 -0.6683246684475558 -0.7438672449527397
vn 0.018945485765748175 -0.6692969986262677 -0.7427533885476184
vn 0.04190537305406929 -0.6722269456659149 -0.7391582193481139
vn 0.06545491667021977 -0.677191855068769 -0.7328893813613443
vn 0.08989171602955492 -0.684311698918658 -0.7236276515669658
vn 0.14296385595722677 -0.7056877649125098 -0.6939496482761756
vn 0.17232382658448728 -0.7202842472487748 -0.6719338523668426
vn 0.2042810243631429 -0.7378249947577533 -0.6433378118810258
vn 0.23941369663499032 -0.7584740411347031 -0.6061338225081668
vn 0.27803164548270165 -0.7819720443534556 -0.5578692731813238
vn 0.32057937173827755 -0.8077583733863944 -0.49472747714277776
vn -0.049329699156280986 -0.6722192357614439 -0.7387068971205367
vn -0.07284390704949413 -0.6771998009097211 -0.7321845360656005
vn -0.09721532736608701 -0.6843267686339489 -0.7226659351706861
vn -0.12279062191942232 -0.6937450987553155 -0.7096761241028325
vn -0.14993388857796774 -0.7056597251822849 -0.6925057265550603
vn -0.17909667930989098 -0.7202901572231519 -0.6701540635313772
vn -0.21072973136356982 -0.7378280496167247 -0.6412509255495996
vn -0.2454258199486108 -0.7584280150513834 -0.6037823389995528
vn -0.2836846280218943 -0.7819922819160885 -0.5549874799017979
vn -0.32563217639167685 -0.80780406197473 -0.491341310247313
vn -0.3709943421271115 -0.8341511175043738 -0.4081116407012623
vn -0.41827033453647305 -0.857402848264574 -0.29985043444114434
vn -0.4636630592726197 -0.8710642059069722 -0.16206084244385258
vn -0.5164263584897093 -0.8561409694040907 0.01806811459123251
vn -0.594447600579496 -0.8015768540789588 0.06408273691221038
vn -0.665343721073663 -0.7329610474808518 0.14172450636225342
vn -0.7183376913952246 -0.6558461293141779 0.2320707128971463
vn -0.7510813022925529 -0.5710828414962648 0.3312721924567088
vn -0.7135977731758081 -0.4781249492274362 0.5120300294365454
vn -0.6910429976521459 -0.38106796935889725 0.6142041827638614
vn -0.6470399277939095 -0.27976505935929746 0.7092748715428606
vn 0.36689329069738363 -0.8341627398501238 -0.4117788686746562
vn 0.4152368937801274 -0.857403313689205 -0.30403598424956574
vn 0.4620415622526803 -0.8710530362414687 -0.16668594063573883
vn 0.5051984392274349 -0.8623926601854502 -0.032456688993586905
vn -0.40912301492406217 -0.0680720083249006 0.9099365694058351
vn -0.20767765277891387 0.018626011453175433 0.9780199712856518
vn -0.10202362319503028 0.035804998511479044 0.9941374061928017
vn -0.02177294465625473 0.03549600004023493 0.9991326102485791
vn 0.5515944440945031 -0.7998341592737914 0.23666196758850697
vn 0.5245908100615223 -0.7995297258652898 0.2925007683011625
vn 0.49171827180859023 -0.7993468573557665 0.3453371436799595
vn 0.03185532110610077 0.035495999597954776 0.9988619887300593
vn 0.11198053879875185 0.019054998228257035 0.9935276875723508
vn 0.21699082101059033 -0.06568501407561009 0.9739612222891816
vn 0.21430042083148235 -0.17021702936269523 0.9618219650987334
vn 0.2091866302047209 -0.27366505311880224 0.9388015724555836
vn 0.3884480792812726 -0.3760167730087069 0.8412606469571775
vn 0.2969265994126048 -0.37531392679727743 0.8780512803437361
vn 0.45181799155410435 -0.4737631778594948 0.7559159700737166
vn 0.5287858709269017 -0.4745430157161529 0.7037005250410839
vn 0.5613424215318081 -0.5667617592484404 0.603055382234848
vn 0.5715666282522687 -0.6523353714525867 0.4977651581018389
vn 0.11561324087412879 -0.693764054135105 -0.7108621636608631
vn -0.4869934015136105 -0.8729629078474214 -0.027806265566914925
vn -0.7137682642765791 -0.5696829248756328 0.4074263491930085
vn -0.5692889318189592 -0.2779949651502751 0.7737111292074875
vn -0.49669508381199656 -0.17372306944424715 0.8503612696141936
vn -0.31007056430672425 -0.06668797518951013 0.9483717409938114
vn 0.5072055344888245 -0.8603989043554818 0.04956078255831196
vn 0.500164071050182 -0.8599841738729078 0.10130707141478805
vn 0.48766619573928105 -0.8596719811108574 0.1521373275238876
vn 0.4697802290292182 -0.8594672186562233 0.20155058042236146
vn 0.4984212174043348 -0.8668423678996813 0.012672776146305667
vn 0.4532342155297403 -0.7992743544502801 0.39463812815189175
vn 0.2016421659889228 -0.37482308448906815 0.9049022556217863
vn 0.36933280367853877 -0.4731390999813992 0.7998329026713901
vn 0.515471451857324 -0.7299359765205146 0.4488681905650535
vn -0.024426688582099673 -0.7255052393391395 -0.6877830214365366
vn -0.04563739629181711 -0.7285887838091609 -0.6834293029766806
vn -0.008697283657245907 -0.7244852400527905 -0.6892354417777977
vn 0.0017667951040671133 -0.7244853255453807 -0.6892879597849247
vn 0.017525825937115203 -0.725509131301929 -0.6879893500794488
vn 0.038747499837463506 -0.7285782087063576 -0.6838657946224395
vn 0.06042651233512853 -0.7337722090396248 -0.6767030233774056
vn 0.08276113866758865 -0.7411589670625256 -0.6662086606081117
vn 0.13038830312666924 -0.7629118582784546 -0.6332174878395754
vn 0.1561374761907125 -0.7774619263211029 -0.6092405449819265
vn 0.18364513091454165 -0.7946310572348931 -0.5786501091066489
vn 0.2131315012836508 -0.8143699785038904 -0.5397930170650139
vn 0.2445036072758335 -0.8361858060927149 -0.490929000689694
vn 0.27780400429913343 -0.8593723032278519 -0.4293066265971492
vn 0.31269651623002515 -0.8823982130444853 -0.35155978489227785
vn -0.06726169514893987 -0.7337893385095744 -0.6760392525995605
vn -0.08945476264489971 -0.741144872010962 -0.6653586432383661
vn -0.11257274645868882 -0.7508142254470214 -0.6508497335185267
vn -0.1367770501028586 -0.7628858465470532 -0.6318996943371203
vn -0.16232727667399005 -0.7774768854858267 -0.6076014711822748
vn -0.18950429548527273 -0.7946658210992879 -0.5767099398911252
vn -0.21844626638541534 -0.8143242731712307 -0.5377333975367524
vn -0.24940233688087357 -0.836182650584847 -0.4884639692129392
vn -0.2822163933239575 -0.8594280280130571 -0.4263066642744462
vn -0.3162330715610642 -0.8824021750593437 -0.34837199356663884
vn -0.35018270605441826 -0.9022619150727966 -0.2515859872679205
vn -0.3816641045549612 -0.9145532375556916 -0.1338838562734972
vn -0.4228924038300939 -0.906059684299414 0.01476019207364355
vn -0.5066725155474949 -0.8604051508780792 0.054643740092010354
vn -0.5857247926274078 -0.8008501147181835 0.12476201768748686
vn -0.6482889093109961 -0.7320230459640944 0.20943674520438876
vn -0.6916189405721636 -0.6546809424859544 0.30505098686537757
vn -0.6684240889204399 -0.5684940578010677 0.47960790610222
vn -0.657055659253187 -0.47671107514611777 0.5839729544049043
vn -0.6235509681260505 -0.3794477908085932 0.683522906857951
vn 0.34765004749844636 -0.9022605516370685 -0.25507908858607103
vn 0.3802826662053321 -0.914546839119336 -0.13780120768917634
vn 0.4139406055462579 -0.909914777685099 -0.0266133881772721
vn -0.40394544167915236 -0.17223701601580393 0.8984222228221016
vn -0.20719242177527983 -0.0656899648414262 0.9760922747763281
vn -0.10195626889846217 0.01905900709823332 0.9946062906903084
vn -0.021761475733503587 0.019059994379199172 0.9995814898186964
vn 0.031836948530155895 0.01905299606980575 0.999311458980158
vn 0.44662811031327737 -0.8593664225871681 0.24902345834825254
vn 0.41849158508907325 -0.859352593681862 0.2939011958837384
vn 0.38559493500230824 -0.8594186004245871 0.33573235671410895
vn 0.11171680150038227 -0.06507800376225689 0.9916068826348695
vn 0.11032772380104411 -0.16970996769664387 0.9792988921801579
vn 0.10768990952955715 -0.2732599717912377 0.955893232114428
vn 0.10380496927703964 -0.37452705386710616 0.9213870057011975
vn 0.2823010069093738 -0.4726678921445254 0.834800098965977
vn 0.19168988562269454 -0.4723560685754779 0.8603108346579605
vn 0.423078000177824 -0.5656438424178692 0.7078503014764361
vn 0.3458231597334906 -0.56528513429424 0.7489052404262424
vn 0.49519397343798405 -0.5661321254594217 0.6589972269998552
vn 0.5166691243008498 -0.6518779911005617 0.5550748604583794
vn 0.10602421678915232 -0.7508467338154945 -0.6519110735160516
vn -0.39470478747212673 -0.9185248522047705 -0.022808477125568223
vn -0.6572081686479534 -0.6537189898444755 0.3751385149236502
vn -0.5486652429049327 -0.37808105299127676 0.745668269807076
vn -0.48469295756244113 -0.27649284142628555 0.8298339867283049
vn -0.30618806141799215 -0.1710579986516351 0.9364763916631264
vn 0.4132926551778865 -0.9097011702610515 0.04040992454442643
vn 0.4074523814584263 -0.9094901389259935 0.08252420275430798
vn 0.3971333433382247 -0.9093622273401306 0.12387674154578256
vn 0.38240044806329 -0.9093124542225984 0.16407546409097792
vn 0.36341740477075446 -0.9093270457327861 0.20261321232479615
vn 0.4038564893298355 -0.9147644574323214 0.010291911616937722
vn 0.40946943070991076 -0.799281856114492 0.4398673661460623
vn 0.34823373858260603 -0.8595376136082755 0.3740699855713797
vn 0.031761921170805674 -0.06484697778955702 0.9973896178701182
vn 0.09870002330840451 -0.47216431917704926 0.8759675571018563
vn 0.26431015688445153 -0.5650329705564151 0.7815867726311072
vn 0.4658433152539279 -0.7297461144968094 0.5004604020400008
vn -0.021597127679840553 -0.7935202022917343 -0.6081605484005568
vn -0.0402930995746127 -0.7964910143822382 -0.603306331920214
vn -0.05919206992971385 -0.8014238004182501 -0.5951606430037227
vn -0.007684399774297186 -0.7925185371467226 -0.6097994082310408
vn 0.0015958305687347495 -0.7925347824183231 -0.6098246239550654
vn 0.015481001865630334 -0.7935268788423415 -0.608338253881809
vn 0.034177232146610496 -0.7964812441657434 -0.6036965665754495
vn 0.05321570782160887 -0.8014372038019003 -0.595706720461702
vn 0.09244351723211601 -0.8173957445050172 -0.5686109328766411
vn 0.11292607754799523 -0.8284368466890769 -0.5485800689575613
vn 0.13403295944096724 -0.841454067230079 -0.5234407497754199
vn 0.15603993188487952 -0.8564653616712669 -0.4920555089770546
vn 0.17889940438710863 -0.8731980993673296 -0.45334322799753035
vn 0.20228011669791449 -0.8910100267922264 -0.4064282058917594
vn 0.22601477372092732 -0.9091839135293405 -0.34971693330370923
vn 0.2497311190497183 -0.9265284349848186 -0.28138839233834456
vn 0.27246519224965665 -0.9410700118645402 -0.20037452877457226
vn -0.0783813024228518 -0.8083488823613998 -0.5834624716428412
vn -0.09815218995660072 -0.8173828287709847 -0.5676719641104944
vn -0.1184575275926085 -0.8284460231940035 -0.5473983931385684
vn -0.13937967665528964 -0.841519268119442 -0.5219373785418953
vn -0.16107647323390237 -0.8565246765964714 -0.4903262670425051
vn -0.1833868530483148 -0.8731396949311558 -0.45165953467691117
vn -0.20628947913179743 -0.8909661201552534 -0.40450466441689636
vn -0.22955891138514806 -0.9092161500043111 -0.34731642456843814
vn -0.25259359412417615 -0.9265518431046733 -0.2787438936492848
vn -0.27446608103315984 -0.9410701663543997 -0.1976241694732746
vn -0.2938747045163927 -0.9502216479196642 -0.10352042247904762
vn -0.3243823994871807 -0.9458588498231649 0.011273646887273232
vn -0.41287085387930955 -0.9097000806640194 0.044535617845116865
vn -0.4991212198744027 -0.8599862432256438 0.10630930972277203
vn -0.5706094533347814 -0.8002653661739061 0.18433717874461913
vn -0.624093370197634 -0.731259383894824 0.27525838541472497
vn -0.6153931717154553 -0.6529421120265937 0.44154030682174816
vn -0.615426342049974 -0.567514332082811 0.5469715718312874
vn -0.5928795542773415 -0.47552189677419326 0.6499021155590851
vn 0.29282439483975153 -0.9502220735148837 -0.1064513259279012
vn 0.317987017528175 -0.9478771882242573 -0.02032468271860526
vn -0.39422432670386487 -0.27527895292097143 0.8768173574431668
vn -0.20461534408171583 -0.17020397829252615 0.9639311006185652
vn -0.10173311340160147 -0.06507402364839233 0.992681089315106
vn -0.021718709354883802 -0.06483899625194928 0.9976593618209562
vn 0.34039550992608336 -0.9093916448112447 0.23903500406773168
vn 0.31349227413637704 -0.9095115237428164 0.2729677311255359
vn 0.283007933799057 -0.9096621139924956 0.30400879555284666
vn 0.03137041914719888 -0.1694820208970495 0.985033878298194
vn 0.030622584716913065 -0.2730429996021761 0.9615143148562592
vn 0.02952471388140015 -0.3743128037579546 0.9268323560456229
vn 0.028087800686368743 -0.47195597929033595 0.8811745735464132
vn 0.1794466087365929 -0.5648658484880307 0.8054349680916724
vn 0.09239910701497496 -0.5647748751819424 0.8200559404004439
vn 0.3892839379607793 -0.6513537929942609 0.6513035022151638
vn 0.3181500317483252 -0.6512207259644224 0.688979044218988
vn 0.24313658934407456 -0.6511429075956653 0.7189558489990839
vn 0.45571691518029883 -0.6515632593267896 0.6064547900000485
vn 0.0725443405901817 -0.8083851577458699 -0.5841667188265015
vn -0.2978392879697455 -0.9544547465970709 -0.017546943893354778
vn -0.5929423531583293 -0.7306617574006091 0.33845644048136647
vn -0.5216748633241829 -0.4745391894147278 0.7089907578278495
vn -0.4671618163298528 -0.3769411007769129 0.7997970016876045
vn -0.2988468096047446 -0.27434401723141083 0.9140163809245416
vn 0.3144231731205685 -0.948784712340853 0.030751224903699477
vn 0.30986801638610106 -0.9487079812587483 0.06272940870830408
vn 0.30189330961927846 -0.9486804022078462 0.09415903607130593
vn 0.29056438551238584 -0.9486948740489051 0.1247011380266504
vn 0.27605074469339863 -0.948747031376488 0.15386701013707088
vn 0.25844153875206527 -0.948831671170581 0.18145641578932228
vn 0.30451531824258604 -0.9524754578431566 0.007805329082472394
vn 0.410779633957986 -0.7296639308274977 0.5466723336466807
vn 0.3609561594145493 -0.7993497240141637 0.4803651420525626
vn 0.30686841234377876 -0.8596918995548938 0.4083645618137144
vn -0.02145185038868101 -0.16947109220534828 0.9853016629548678
vn 0.026306551727657293 -0.5646072704952211 0.8249403587170021
vn 0.16505618231851307 -0.6510988017804875 0.7408284599004357
vn -0.017268374584881275 -0.8740559111452286 -0.48551834922202514
vn -0.032072647641228344 -0.8763638319888003 -0.4805806688321818
vn -0.04691656294217257 -0.8801831080851719 -0.4723097843187452
vn -0.06182630758284462 -0.8855141243058249 -0.46048044838576985
vn -0.006176912188914886 -0.8732798878023171 -0.4871797238348318
vn 0.0012809137109409206 -0.8732783073516641 -0.4872200295237023
vn 0.012346333859330774 -0.8740470394042265 -0.4856844046795619
vn 0.02720712173328852 -0.8763709859627278 -0.48086761950635265
vn 0.04221014619972297 -0.8802151300649983 -0.47269401134608874
vn 0.07237949262547831 -0.8923028883314235 -0.44559708765057865
vn 0.08765900122319736 -0.9004310061855106 -0.4260749964552017
vn 0.10292784637060663 -0.9097280024885609 -0.4022447264162475
vn 0.11831338788642037 -0.9201279588251948 -0.37331820426416135
vn 0.1336804812464501 -0.9312824440886581 -0.3388842549691156
vn 0.14863583624800084 -0.9426049724594395 -0.29900376933677053
vn 0.16311058404420647 -0.9536845571256839 -0.25274632118538537
vn 0.17680287561682517 -0.9637893666395196 -0.19962665134248722
vn 0.18922668385768918 -0.9719667349976797 -0.13954901710213727
vn 0.19981716894129198 -0.9771186889387118 -0.07288461238821281
vn -0.07688710859017278 -0.892322067892327 -0.44480298974377885
vn -0.09196678234983431 -0.9004536885259193 -0.4251179433572346
vn -0.10703813750295782 -0.9097802339118065 -0.4010520703141634
vn -0.12210553276702515 -0.9201315382463654 -0.37208626848092413
vn -0.13704279444353182 -0.931223633209242 -0.3377007809343755
vn -0.15164141617961907 -0.9426082428602172 -0.2974803882460377
vn -0.1656532422481421 -0.9536940264874215 -0.25105120428886213
vn -0.17881248841549965 -0.9638027354371492 -0.197763447458132
vn -0.1906327289236211 -0.9719765612702909 -0.13755263357825578
vn -0.2005236949308768 -0.9771167778574112 -0.07094399340901787
vn -0.22197419898415788 -0.9750223685331745 0.0076704527441437435
vn -0.3140948300791797 -0.9487876148278861 0.033860000985558726
vn -0.4066095664721788 -0.9094891749516282 0.08659157637503367
vn -0.4861145507542355 -0.8596732701218494 0.1570175537416563
vn -0.5491862017211114 -0.7998301229798896 0.24221125121082476
vn -0.5551112300056187 -0.7302262912676095 0.3982726275595667
vn -0.5665202633475952 -0.6523330937800645 0.5035040476261345
vn -0.5552705286345888 -0.5667282373163656 0.6086819736596031
vn 0.21808386355726286 -0.9758334706358138 -0.013728293513741023
vn -0.37996571079796154 -0.3760241350526644 0.8451224221825472
vn -0.19971893832851204 -0.2736768927605514 0.9408577491001823
vn -0.10048120140599084 -0.1696930194744809 0.980361059664062
vn 0.2378666419845649 -0.9489457791077486 0.20717473046820883
vn 0.21466240606090678 -0.9490741096531817 0.230604392434669
vn 0.2493058995756085 -0.9098292209675202 0.3317489368640567
vn -0.020937763430243943 -0.2730509761782145 0.9617716852094699
vn -0.020187458852429983 -0.3743301180276147 0.9270757408337862
vn -0.019199744795657444 -0.4719541625153198 0.8814139993693342
vn -0.017973795233538932 -0.5645942864862232 0.8251728511966542
vn 0.08496716995975793 -0.6510800405225718 0.7542382653128624
vn 0.024183220140930606 -0.6509449119629613 0.7587396743634458
vn 0.3508241669405871 -0.7296567966030885 0.5869611256815583
vn 0.28666536145895416 -0.7296851330548124 0.6207918951938627
vn 0.21903346883020694 -0.7297378921133686 0.6476935605254573
vn 0.05721828337250108 -0.8855308712216822 -0.461043538249125
vn -0.19724964552623808 -0.9802798189790947 -0.012002243210617866
vn -0.5216301392516192 -0.7995297679473123 0.29774846429570967
vn -0.4885532295136491 -0.566101997069573 0.6639610461808924
vn -0.44418636140919665 -0.4737400871035182 0.7604398767879084
vn -0.2880389869362483 -0.375333184455662 0.8809986053627508
vn 0.21171401495025977 -0.9771121612616273 0.020712319722158277
vn 0.20856315138382733 -0.9770980391816322 0.042199925500602586
vn 0.203109766687245 -0.9771063642648318 0.06332120963322241
vn 0.19538667824901101 -0.9771332363030905 0.08387302590622434
vn 0.18555041897535715 -0.9771775987123297 0.1034165489313707
vn 0.17362191194075915 -0.9772391817323014 0.12189755281061825
vn 0.15971160913401677 -0.9773070483664383 0.1391514826406933
vn 0.20148429717528668 -0.9794778206414659 0.005222725650925403
vn 0.308188048162985 -0.7994628701652416 0.5156347992490844
vn 0.2619194715425634 -0.8598620570957024 0.4382184765548019
vn -0.09807758967517931 -0.27327799262245056 0.9569221102847143
vn 0.14869100797859727 -0.7297860076788083 0.6673105477530945
vn -0.010273152029919104 -0.9571855154436206 -0.2892928470811207
vn -0.019014209995904155 -0.9581624542505547 -0.28559266636730224
vn -0.027724122539220478 -0.9597812520064373 -0.27937666567984215
vn -0.03634453934354533 -0.9620072976095096 -0.2705938539692909
vn -0.04481603390419047 -0.9647769480728117 -0.2592237712332912
vn -0.0036849500785461117 -0.9568583296004338 -0.2905315098525223
vn 0.0007457029745666981 -0.9568553573864995 -0.29056370896556916
vn 0.007355666817229667 -0.9571849137107411 -0.289383716076484
vn 0.016171662885548124 -0.9581745781996662 -0.28572706384136554
vn 0.033605144864460736 -0.9620033633939531 -0.27096166344588385
vn 0.04216111790600738 -0.9647582553208941 -0.25973823154687925
vn 0.0505457121243525 -0.9679820840576319 -0.24587764422428873
vn 0.05866280735888093 -0.9715558952871686 -0.2294293297848452
vn 0.06654006851905854 -0.9754157762059947 -0.210086845875547
vn 0.0740765605526503 -0.9793991785415482 -0.1878560945213915
vn 0.08101779632543896 -0.9832609278787967 -0.16319946196448454
vn 0.08739892449367245 -0.986892750733621 -0.13566180946300277
vn 0.09310932310827667 -0.9900742475299787 -0.1052788598355107
vn 0.09795912836934466 -0.9925542647430418 -0.07238812547316043
vn 0.10182078849007827 -0.9941043593265414 -0.03726995840117677
vn 0.11541165648159442 -0.9932937822869128 -0.006900117269555031
vn -0.05303242430036193 -0.9679840549616521 -0.24534553452798674
vn -0.06100445924460233 -0.9715719023779175 -0.22874985128307307
vn -0.06864907606661423 -0.9754071495172473 -0.2094473609903903
vn -0.07591646534460691 -0.9793742948406757 -0.18725031614101506
vn -0.08268780378596982 -0.9832784342723909 -0.16225365265499656
vn -0.08877818222794628 -0.9868980627030639 -0.134724341502347
vn -0.09416940742757708 -0.9900776623796143 -0.1042993056623931
vn -0.09869766296658646 -0.9925576883816 -0.07133026398036817
vn -0.10219135286307125 -0.994103411094651 -0.03626755368086959
vn -0.11679466979823187 -0.9931481152757016 0.003978219582139507
vn -0.21150299974188638 -0.9771112864084596 0.022803839005506227
vn -0.3092124896216275 -0.948711601810645 0.06583261237316362
vn -0.39586682126006145 -0.9093637709994972 0.12785535506590415
vn -0.46771572913824405 -0.8594699784556664 0.2062846403639814
vn -0.48821139356269583 -0.7993520848895971 0.3502654415985463
vn -0.5109069068135421 -0.7299310888833491 0.4540646848762707
vn -0.511068741931707 -0.6518811593970227 0.5602318225909126
vn -0.36125969278052583 -0.47311593869458674 0.8035251974426566
vn -0.19249910221820363 -0.37484691147822524 0.9068814082339658
vn 0.144103124856141 -0.9773792229197013 0.15480356588779368
vn 0.18905149118338052 -0.9492068157509067 0.2515272442765684
vn 0.21271615319887213 -0.9099988579901394 0.3558846956879662
vn -0.09453498308119769 -0.37455597749218256 0.9223724609390249
vn -0.08987846537918448 -0.4721529126694248 0.8769227380555605
vn -0.08414465180340198 -0.5647559958450901 0.8209569676480643
vn -0.016529105952960782 -0.6509374392628217 0.7589514074183907
vn 0.07653944658216219 -0.7298097944224621 0.6793521745618688
vn 0.2517613022365958 -0.799595879115105 0.5452180085051077
vn 0.1923250869367913 -0.7997259307161468 0.568726205370342
vn 0.024937853956227655 -0.9597929185510166 -0.27959910039086255
vn -0.10428252240788169 -0.9945154459482847 -0.008011447468080518
vn -0.4441098916257134 -0.8593667491229531 0.25348608376406845
vn -0.4491994921619096 -0.7992796607306336 0.3992140280398545
vn -0.4495939147653568 -0.6515659303371807 0.6110050329005526
vn -0.415947349556086 -0.5656197817284994 0.7120829059278644
vn -0.27384567304969715 -0.4726571309404593 0.8376179223984478
vn 0.10649308748739063 -0.9942589274300379 0.010411894307657998
vn 0.10487201638730605 -0.994260029948604 0.021186151737912037
vn 0.10209154482366019 -0.9942664769989595 0.03180391786550666
vn 0.09814834929915198 -0.9942786838616856 0.04215210965213805
vn 0.09316560933736318 -0.9942940155800901 0.05195748087058489
vn 0.0871521422296354 -0.9943141416554716 0.06118735007114212
vn 0.08014103768313978 -0.9943347851033952 0.06982656523454815
vn 0.07229395201699237 -0.994356691832005 0.07764247491338788
vn 0.1068411259559331 -0.9942713095634376 0.003088168304236979
vn 0.21390827646536617 -0.8600287336100112 0.46324272970525615
vn 0.021771448238431225 -0.729695924384534 0.6834250960992008
vn 0.13055973551120478 -0.7998267333110173 0.5858594986379166
vn -0.030266605715952494 -0.9945877887814029 -0.09939347556733581
vn 0.02926211494983817 -0.9945882557186194 -0.0996891679936032
vn -0.1063850196426386 -0.9942586752403707 0.011485395286995102
vn -0.20812497432448934 -0.9770987279825918 0.04429526879060455
vn -0.3009106590585247 -0.9486858452347242 0.0972005263166875
vn -0.3807242703466273 -0.9093129364272068 0.1679256192936577
vn -0.4155080170986531 -0.8593541763321906 0.29809979427562117
vn -0.3821599009250806 -0.8594181882555747 0.33963831912850756
vn -0.4050036863637057 -0.7992878192570658 0.4439718414709351
vn -0.46077899577698167 -0.7297557813531597 0.5051130731157093
vn -0.33825858934509184 -0.5652651917032215 0.7523671907938227
vn -0.18300745686907752 -0.47234106529690556 0.8622077410720094
vn 0.126879939784153 -0.9774544368349012 0.16877293856580178
vn 0.03163097425906668 -0.9990281498896992 0.030695882384888656
vn 0.16124680906688815 -0.9493343441560715 0.26974760345832205
vn 0.17368091721576837 -0.9101592976321508 0.3760917333960419
vn -0.17133434614747312 -0.5648500213654524 0.8072106262888676
vn -0.07739655978890957 -0.6510718572271191 0.7550597388681717
vn -0.014892759599732262 -0.7297068295240859 0.683597943719414
vn 0.06721226931065774 -0.7998939670455689 0.5963657873639414
vn 0.16336571126175162 -0.8601827431520518 0.4831120913073418
vn -0.03131673293653474 -0.999028291741779 0.031011845118996555
vn -0.36137456794886685 -0.9093252865257151 0.20624244210321058
vn -0.34444479263901484 -0.8595360014435907 0.3775654208825665
vn -0.4052680183113209 -0.7296737301937024 0.5507577333085963
vn -0.3827155741107326 -0.6513542943636815 0.6551842279443872
vn -0.25638744618729575 -0.5650170469972722 0.7842328825291877
vn 0.0636293487204615 -0.9943790826861045 0.08462591741157834
vn 0.01911695391518884 -0.7998179807515806 0.5999381132579165
vn 0.11088896060486596 -0.860304246638509 0.4975743578920842
vn -0.10464828094590484 -0.9942601720045391 0.022258653610932752
vn -0.20244561656655588 -0.977107237591959 0.06540044784554394
vn -0.28927800444694624 -0.9487017696130211 0.12760559735495444
vn -0.33795582861981205 -0.9093960063057519 0.24245569000756592
vn -0.3107043485131892 -0.9095110543873984 0.2761384612148721
vn -0.27993870162209333 -0.9096596003638839 0.30684480572425465
vn -0.35612371856192826 -0.7993578245805449 0.48394520904693666
vn -0.30275165962947653 -0.8596927013419478 0.4114242237046602
vn -0.31118604112778697 -0.65122007783741 0.692152915206353
vn 0.10818992361825466 -0.9775263698931157 0.1809340669720979
vn 0.13160802036635355 -0.9494551076083996 0.2849812758964556
vn 0.13260002647452201 -0.9102977246641095 0.39214192003699533
vn -0.15760210520350815 -0.6510958976435007 0.7424524957916341
vn -0.06971731670965386 -0.72982413109978 0.6800707561829555
vn -0.013076389692670108 -0.7998251234666144 0.6000906430733782
vn 0.05708495265430388 -0.8603832271558285 0.5064405301803737
vn -0.002291434478572414 -0.9944533837566516 0.10515330172170752
vn -0.10174521815615262 -0.9942674061314731 0.032866939117434386
vn -0.27446445902147487 -0.9487557775348227 0.15662610040584937
vn -0.24594030812737047 -0.9098289720495996 0.3342523095767374
vn -0.30298845945171293 -0.7994746724225152 0.51868896421072
vn -0.344911874443464 -0.7296578439072327 0.590453410264133
vn -0.28038505742861836 -0.7296867959234143 0.623651665135091
vn -0.23583999189052934 -0.6511426234580037 0.7213825490967352
vn 0.054246800601143064 -0.994400465504324 0.09069177928193609
vn 0.0162356060138302 -0.8603277170739639 0.509482702681519
vn 0.08997945566943798 -0.9104062310629515 0.40381207510323813
vn 0.0033617254248877143 -0.9944533222332594 0.1051251097569021
vn -0.010715316608794953 -0.9944549076300603 0.10461653158302327
vn -0.0977268396833671 -0.994278652315233 0.04312106626354695
vn -0.1945355446077577 -0.9771336847513188 0.0858235632473601
vn -0.25656069239979856 -0.9488420211985543 0.18405279113118123
vn -0.2357730353656658 -0.9489501245943126 0.2095345719133214
vn -0.21234689503651788 -0.9490745342190204 0.23273659932485763
vn -0.18647792656361983 -0.9492059114348212 0.25344451187927425
vn -0.2574943242088634 -0.8598688306101565 0.44081999403990624
vn -0.20912407580104392 -0.9100002051390943 0.3580038373637429
vn -0.21246613619817062 -0.7297357146584317 0.6498799333115066
vn 0.04422437064282532 -0.9944200222605898 0.09577590703561298
vn 0.08825317472719914 -0.9775918696029395 0.191116492320259
vn 0.10045962854792943 -0.9495585212925365 0.29706308702486695
vn -0.1419711432936567 -0.7297857700397965 0.6687727000403899
vn -0.061195493103118725 -0.799904908587672 0.5969985333660494
vn -0.011095426361902154 -0.8603250553941812 0.5096250490064695
vn 0.04631812522455905 -0.9104764821966936 0.41095888680306664
vn 0.011778218642736923 -0.9944548321410108 0.1045029205189881
vn -0.004572093791198394 -0.9777084434290102 0.20991735422776803
vn -0.02139556840287246 -0.9777154139124861 0.20884156447090207
vn -0.02183927107237215 -0.9944476166484733 0.10294165328572587
vn -0.09265352259552195 -0.994294464176039 0.052856818477135435
vn -0.18450126698941427 -0.9771780503319997 0.10527269555137556
vn -0.15850757959002118 -0.9493362471155801 0.27135960849953245
vn -0.24624375604737023 -0.7996050679740299 0.5477186758527869
vn -0.20923626136917953 -0.8600339335103493 0.4653620312605712
vn -0.18656876447323448 -0.7997276451177373 0.570638054950219
vn 0.03373571731959569 -0.9944354573046751 0.09979991298680621
vn 0.013179340089162547 -0.910441732115306 0.4134273302742524
vn 0.06814966040253326 -0.949636148803248 0.30585422781638116
vn 0.02289279981308116 -0.9944478737677783 0.10271000961670256
vn 0.006694415985144985 -0.9777080918732782 0.20986203058231134
vn -0.043618303580422166 -0.9776891908904113 0.20547819740502657
vn -0.03274731893167179 -0.9944355524857049 0.10012764381147671
vn -0.0865308269936705 -0.9943138725980746 0.0620672114631508
vn -0.17238847791947248 -0.9772365159802482 0.12365680133091496
vn -0.15834572918985537 -0.9773043394286063 0.14072262853339632
vn -0.14255889958162374 -0.9773784208602161 0.1562318232207092
vn -0.12514294169563733 -0.9774540972014613 0.1700668457043829
vn -0.10632297211246215 -0.9775256636447186 0.1820412110405913
vn -0.1698937536411998 -0.910161246016163 0.37781294144590777
vn -0.12873724045172652 -0.9494587506973255 0.28627749412964376
vn -0.12463009704652232 -0.799830859145399 0.587143879870094
vn 0.06735316629981054 -0.9776469338118384 0.1991733511233393
vn -0.0519619490956715 -0.8603778398092764 0.5070009157894119
vn -0.009003662241998969 -0.9104401344674655 0.4135428582590868
vn 0.035068158762695346 -0.9496857253409563 0.31123503550310044
vn 0.023500392382743714 -0.9777147328282421 0.2086183902930332
vn -0.006825681667257328 -0.9496709982663757 0.313174719799544
vn -0.03193082951872677 -0.9496875788739574 0.3115668863322402
vn -0.06507433582410149 -0.9496386114468949 0.30651564147081534
vn -0.06535888017743423 -0.9776468807280655 0.19983691697140304
vn -0.043271126773399976 -0.9944194553631696 0.09621619605335366
vn -0.07944775648022416 -0.9943351023419458 0.07060990186150509
vn -0.08633734247367242 -0.9775914471108377 0.19199173375518527
vn -0.15849000678683953 -0.8601843157939347 0.484730709374626
vn -0.12864909249207632 -0.9103001149882075 0.3934502657940663
vn -0.10584640039435193 -0.8603019398562934 0.49867535712430877
vn 0.045692574358465375 -0.9776896609895909 0.20502467032665903
vn 0.009983345434808765 -0.9496706643551075 0.3130909805108703
vn -0.09746829401851201 -0.9495607884863073 0.2980507349938645
vn -0.05329688446045032 -0.9944008235679523 0.09124935174667004
vn -0.07150445840121186 -0.994357386283558 0.07836134743660707
vn -0.06275479572919744 -0.9943798447077118 0.08526757913799163
vn -0.04216632537624277 -0.9104738096122074 0.4114115251357197
vn -0.08591060495241755 -0.910406061413719 0.4046976294690511
vn 0.00370932752060512 -0.9522780595378546 0.3052093350672013
vn 0.031028293820804877 -0.9944126429214003 0.10089965599864827
vn 0.010787292905194402 -0.9527049973829194 0.3037051568106625
vn 0.02355683328365616 -0.9454453442735848 0.32492795601032626
vn -0.0007662827426442994 -0.9522648951580215 0.30527198079817386
vn 0.00640239375734327 -0.8539091936111229 0.520382646156247
vn 0.029551465497698656 -0.9556637678994023 0.29297350325798327
vn 0.018465688158501872 -0.8548869933246149 0.5184855321079199
vn -0.029983606191943856 -0.9943805653732544 0.1015296733358946
vn -0.001367265885443507 -0.853909810564826 0.5204192214024589
vn 0.03857501802365149 -0.9581714420257913 0.28358324292999193
vn 0.04798267478967496 -0.8716550452680984 0.4877654610350116
vn 0.03499087283831546 -0.8578229840637936 0.512752734590369
vn 0.014800647579605624 -0.8397851446970923 -0.5427171008705255
vn -0.007854879807494844 -0.952653953379022 0.3039551709948854
vn -0.013444659057941847 -0.8548552667922493 0.5186923114721945
vn 0.008288278328761929 -0.7549557013875231 0.6557234122591765
vn -0.0018014642953539527 -0.755013964222154 0.6557062364778458
vn 0.04747898440529811 -0.9613417537744523 0.2712338077926534
vn 0.023494721403959216 -0.7561341601280602 0.6539947476498441
vn 0.05942338974370925 -0.8555076710586469 -0.5143690168654962
vn -0.0388059661337116 -0.8042389217692711 -0.5930378181059194
vn -0.017310226403457116 -0.9537948437364653 0.2999595841502532
vn -0.01700791002173896 -0.7562471836599445 0.6540649265960488
vn 0.05619751402187941 -0.9650479236835307 0.2559772341671559
vn 0.0668398665088102 -0.8688400331114943 0.49056032157921414
vn 0.04397897937146779 -0.7598750357635194 0.6485798172906974
vn 0.09198571212826798 -0.83236266010228 -0.5465446283989184
vn 0.04969734942811459 -0.7913923373037526 -0.6092851072500651
vn -0.07787340085170665 -0.8551272545162657 -0.5125359616878244
vn -0.01153672975670949 -0.42581188019167027 -0.9047381646388946
vn -0.026548093801971668 -0.9556435232697024 0.29332687423444836
vn -0.02958423012545431 -0.8576897801102396 0.5133157063857806
vn -0.037343552563201 -0.7599461985994257 0.6489123471750569
vn 0.009461801180719721 -0.6704380696464513 0.7419051617876485
vn -0.0020302840001802207 -0.6704601592041359 0.7419427557883718
vn -0.019256808567174353 -0.6717809449415076 0.7404995187961315
vn 0.06439552735756722 -0.9690754253142151 0.23821426512367838
vn 0.08287241576596076 -0.8770302042967552 0.4732337513917469
vn 0.06461346675789142 -0.7661477499550811 0.639408105322644
vn 0.02667826614198322 -0.6717237616009131 0.7403211858486675
vn 0.12928638795752054 -0.8275176593321515 -0.5463511264583747
vn 0.11947777694770433 -0.4864810219449162 -0.8654832615961241
vn -0.115732715666898 -0.8441836675162175 -0.5234117633596261
vn -0.07633997292460781 -0.45012515030806594 -0.889696328863962
vn -0.03573546509921571 -0.9581908509654021 0.28388953777894194
vn -0.04564971260468546 -0.862350814169456 0.5042491220025931
vn -0.042355861634694285 -0.675679175688095 0.7359780108988576
vn 0.08040955875296353 -0.9692116242226726 0.2327297366749738
vn 0.09909417795927383 -0.8869292505371493 0.45115058288357174
vn 0.08542890743562435 -0.7748308683384254 0.6263697208871748
vn 0.04977543596649756 -0.6756304673506465 0.7355582081398399
vn 0.16701596525136042 -0.825993788421718 -0.5383678378579968
vn 0.1803977168003819 -0.47516700246754234 -0.8612043796563158
vn -0.15384453545117233 -0.8388630461399855 -0.5221500251197522
vn -0.13888312015432125 -0.45095098527261757 -0.8816772015980995
vn -0.005036348383673126 0 -0.9999873175170565
vn -0.04477259535984959 -0.9613462028556062 0.27167792136986485
vn -0.058002372968311254 -0.7661463845117286 0.640043312776293
vn -0.06603503968428394 -0.6822702377603029 0.7281117333214695
vn 0.01021560050828698 -0.6008591226705096 0.7992896572644241
vn -0.0021270915548041195 -0.6008772886479988 0.7993384511385316
vn -0.020690815736924478 -0.602163762285966 0.798104437735909
vn -0.04571634658881356 -0.6059271706663798 0.7942054391042707
vn 0.08824783598538628 -0.9742123769871396 0.20765973121663167
vn 0.12097987068918117 -0.8911675464519778 0.43724624073717433
vn 0.10668389226256898 -0.7860400738543636 0.6089002787211837
vn 0.07343617233335122 -0.6822830658966074 0.7273905048759931
vn 0.028773565529825462 -0.6021002544139036 0.7979018520854638
vn 0.20429715082128067 -0.8254889166000334 -0.5261470542888271
vn 0.24130640581888615 -0.4699029729227819 -0.849095056250537
vn 0.1373253698941201 0 -0.990525992987283
vn -0.19152447148864962 -0.8357365784132073 -0.5146481791701772
vn -0.20089628289001704 -0.4519149786122203 -0.8691452902863196
vn -0.05360190726298148 -0.9650492406649748 0.256528358334369
vn -0.06189410883344707 -0.8688595725759336 0.49117426890552746
vn -0.0714381678040137 -0.6122759796332521 0.7874101300751388
vn 0.08578142477991822 -0.9817362877287859 0.16980991878930266
vn 0.14677327094814333 -0.924080364987328 0.3528924566777666
vn 0.1372831650303618 -0.9042061929160286 0.4044310735978975
vn 0.12872805882810817 -0.7999619953546206 0.586080107885092
vn 0.09764248063518545 -0.6916250756565252 0.7156260900068646
vn 0.05371071955981707 -0.6058228191346533 0.7937845239232797
vn 0.24071713290088215 -0.825384631092358 -0.5106813807889524
vn 0.30132856406805064 -0.46685019061380467 -0.831415657779273
vn 0.20764105248966153 0 -0.9782050875562781
vn 0 -1 0
vn -0.2287113492202891 -0.8338370088828657 -0.5024011956147306
vn -0.2619685339410258 -0.45278604505108183 -0.8522659705935638
vn -0.06205281884334628 -0.9691048082010946 0.23871597850817317
vn -0.07813237431851708 -0.8770455720527339 0.4740109667782422
vn -0.07907945228894807 -0.7748721632527965 0.6271519519555141
vn -0.0904098007422119 -0.6916169599564165 0.7165835950050755
vn -0.09813667580658017 -0.6213412244813048 0.7773701020889002
vn 0.030214251793009444 -0.5444641010947423 0.8382397876548707
vn 0.010729771426556393 -0.5433311275084205 0.8394499138635744
vn -0.0022270805900358134 -0.5433318889090148 0.8395150377489419
vn -0.021711428213323898 -0.5444589005050449 0.8385064815168545
vn -0.04808413317320012 -0.5478600224937632 0.8351869921700859
vn 0.10185999204568753 -0.9837230990245233 0.14803177519046506
vn 0.15291861285594624 -0.94105372479029 0.30171805531080564
vn 0.16815914884199362 -0.840258924567439 0.5154487756756313
vn 0.15092226577113765 -0.8159760393737006 0.5580372504255562
vn 0.12264079189600098 -0.7038301365764915 0.6997016328477726
vn 0.07933145646089648 -0.6121988015334453 0.786714145936633
vn 0.05650630707060958 -0.5478699837707215 0.8346529327476849
vn 0.27600938994169627 -0.8254547567921735 -0.49238527714909014
vn 0.3599834007831609 -0.4648571611109202 -0.8089003467204635
vn 0.2768942599266729 0 -0.9609003948483215
vn -0.2648469948409347 -0.8325312077619351 -0.4865674233096368
vn -0.3217653216194381 -0.45335992930645846 -0.8312231062129967
vn -0.21748790105769533 0 -0.97606301686598
vn -0.07001782063677173 -0.9733792193013896 0.2182439007750146
vn -0.09444269074576529 -0.8869057121361729 0.4521933612349123
vn -0.10360527117010711 -0.562004149671841 0.8206200604039604
vn -0.07526435358633236 -0.5536531568884403 0.8293391700303897
vn 0.09718818131955215 -0.9893983260775441 0.1079138997847426
vn 0.21376515155150894 -0.8811287217215305 0.42180165450071694
vn 0.1908691553266065 -0.8598801161057504 0.4734713840042172
vn 0.14898126862666844 -0.7192058382973734 0.6786365328785068
vn 0.10590195420029512 -0.6213257104753342 0.7763627615998077
vn 0.08352180678036349 -0.5536339313048291 0.8285611491616677
vn 0.3099415999819874 -0.8256122615337783 -0.47148764374656293
vn 0.41690035392802893 -0.46343690890824046 -0.7819337096942804
vn 0.3447378692319123 0 -0.938698994096319
vn -0.9977988692717106 0 -0.06631301893365858
vn -0.8860439084525366 -0.4604530887307 -0.05393649388411286
vn -0.9905259929867879 -0.0000010000002721401034 -0.13732536989405142
vn -0.9782053787005496 -0.0000020000000658621076 -0.20763968088328963
vn -0.8699028264733429 -0.459439905886042 -0.17939912311132897
vn -0.9999873104184511 0 0.005037757643250157
vn -0.2988003054111974 -0.8311073462871813 -0.4690191429287876
vn -0.39985430316302145 -0.38013011416734543 -0.8340369491486187
vn -0.960900011223106 -9.999996362166815e-7 -0.27689559120801244
vn -0.07764839493858275 -0.9778179154979572 0.19453239034847544
vn -0.11067334118245066 -0.8981026604153238 0.4256324974745586
vn -0.10056675717102354 -0.7860977903489265 0.6098660437839115
vn -0.11565624289070386 -0.7038381419529061 0.7008819468446077
vn -0.133508975736988 -0.5731182424433957 0.8085238608577074
vn 0.03127944963240581 -0.49587695119504893 0.8678292719793433
vn 0.058537274791205005 -0.4988861026904764 0.8646884086203113
vn 0.011107022431958827 -0.4948721656347312 0.8688948001528651
vn -0.002316256336435618 -0.4948526785450414 0.8689737979325856
vn -0.022516454738088675 -0.49582520130061 0.8681303928680514
vn -0.04985130110820232 -0.4987979095726856 0.8652834756215665
vn 0.11208884316356645 -0.9910083636753609 0.07306513781371303
vn 0.17765163421906052 -0.9635287640578498 0.2001305016544192
vn 0.1839031419848138 -0.9465193419533637 0.2651052049211494
vn 0.20565018472466504 -0.7592570216623622 0.6174437436553312
vn 0.17652229138264197 -0.7376098463909212 0.6517450384561305
vn 0.13372921946720875 -0.6333109541337223 0.7622556862594896
vn 0.11179065633565789 -0.5619858164799086 0.81955768023456
vn 0.08667399550865622 -0.5039932510557326 0.8593476720122298
vn 0.3423335833929428 -0.825802208284685 -0.448172322297445
vn 0.4717503357472516 -0.4623759152231525 -0.7507730241184133
vn 0.4108274759910536 -9.999999559234437e-7 -0.9117131045289524
vn -0.8910196523373243 -0.4538472272790328 0.010328283487955383
vn -0.8802256361601734 -0.4599211015372527 -0.11694190783110284
vn -0.33168056834350235 -0.8303590708582791 -0.44776312267392765
vn -0.4367848188418645 -0.4547779381301945 -0.7761417712115027
vn -0.354178372134607 0 -0.9351778872022583
vn -0.8551228005895594 -0.4590148931252798 -0.24097784919169804
vn -0.08467407805123917 -0.9821450284100186 0.167992391719555
vn -0.1265752906506475 -0.9103205982528507 0.3940749981834374
vn -0.12268481982201809 -0.7999173577895156 0.587435660895965
vn -0.12606202933481628 -0.633312028381879 0.763560239579575
vn -0.10761417439616068 -0.5113550618918635 0.8526049437732585
vn -0.1390546543196744 -0.5212889311570241 0.8419748531667693
vn -0.07805409606870634 -0.503919011840585 0.8602169421677915
vn 0.19759876023208411 -0.9701268629535832 0.14074302728939359
vn 0.11527592618855077 -0.9928591580626942 0.03069451241525121
vn 0.253462319702006 -0.8956708445267814 0.36541837769324165
vn 0.23652181648940018 -0.7840849751719496 0.5738189453426559
vn 0.1632251189721961 -0.6484770018205991 0.7435288418388888
vn 0.11619245735622093 -0.5113791174673764 0.8514638636323977
vn 0.372991400312502 -0.8260219439445007 -0.4225697142662581
vn 0.5242404284303475 -0.4615288645380676 -0.7156556996191451
vn 0.47482224610828394 -0.000002000000052157419 -0.8800817204082153
vn -0.9890918675846324 0 0.1472999574947126
vn -0.887399518962751 -0.4550069301134434 0.07409984678403782
vn -0.5616119239010504 -0.8261671857674303 -0.04516445608312941
vn -0.5566632892647104 -0.8263970626384206 -0.0848167274043498
vn -0.5641677499313554 -0.8256492740338652 -0.004245730177830251
vn -0.3634614579970196 -0.829873208202766 -0.4233275644910563
vn -0.5130154716584511 -0.3803380226649141 -0.7695181052804414
vn -0.4737717727276612 -0.0004169999210902654 -0.8806475648507497
vn -0.41999267710678173 -0.0006249997278244418 -0.9075272781310868
vn -0.8359701752444205 -0.45862406863722466 -0.30135996709657925
vn -0.9117136513266269 0 -0.41082626253036697
vn -0.5489049169489973 -0.8266341197578001 -0.12401380649533081
vn -0.0909059151323485 -0.9861112453573279 0.13899901572950157
vn -0.14632940183560073 -0.9154218433580624 0.37495407033577105
vn -0.1454439652568319 -0.8161989545450653 0.5591648411424953
vn -0.14208897542844948 -0.7191142931944627 0.6802097885102224
vn -0.1656235414521208 -0.5873311859452651 0.7922189852136755
vn -0.17305755098040473 -0.5340569066740976 0.8275471614852891
vn 0.032080215817404195 -0.45389571628757813 0.890477140913171
vn 0.06011455225491186 -0.4564829450150347 0.8876990264259572
vn 0.08912318238977439 -0.46086003112256996 0.8829864608669958
vn 0.011366737752880614 -0.4529920043333212 0.8914421132541009
vn -0.0023657720197954256 -0.45297274129171355 0.8915212273240726
vn -0.02312505583536299 -0.4538488672884834 0.8907785569116333
vn -0.051213937661595 -0.4564298882751054 0.8882842392378518
vn 0.19544884906725835 -0.9779751796198279 0.07324135065555225
vn 0.11732859504819854 -0.9930890434029576 0.002855285802594701
vn 0.2967979032865658 -0.9339225958819739 0.19924755834331695
vn 0.267326801037226 -0.9198138281208447 0.2871914048938105
vn 0.26882575613739346 -0.811414740897869 0.5189786422299116
vn 0.22901338269771618 -0.6895058224519287 0.6871205071530312
vn 0.19493390334571575 -0.6671894176160044 0.718929102448649
vn 0.14169800470475638 -0.5731169088302888 0.8071299054523414
vn 0.11958007429346001 -0.4672298348994609 0.8760119218434148
vn 0.401762336316069 -0.8262470375421873 -0.39484535969239015
vn 0.5740922863988412 -0.46083797876712107 -0.6767912558708078
vn 0.5363957985584232 -9.99999997738398e-7 -0.8439665557875333
vn -0.9760635030416634 0 0.2174857191404451
vn -0.8796444872018528 -0.4554512541416429 0.13707564056459529
vn -0.5632461640965926 -0.8254507421700883 0.03721331591413046
vn -0.3931699678771171 -0.8292751138615541 -0.3971399777023374
vn -0.5413556810577651 -0.45568183751026525 -0.7066032051652125
vn -0.8124974675718332 -0.4583760472583437 -0.36019337096783816
vn -0.538357052052521 -0.8268930578258739 -0.16254093461246924
vn -0.09631467766975357 -0.9895476747431543 0.10732605590343744
vn -0.16221314519608598 -0.9294882999152496 0.33126786117317863
vn -0.1674141063742173 -0.8442702041610234 0.5090975735090733
vn -0.15572553476454695 -0.6484824644031012 0.7451308953358304
vn -0.11068551762785432 -0.46724099731756924 0.8771741939963449
vn -0.14335416504422943 -0.47586602774965225 0.867756363847733
vn -0.17882974650468417 -0.48698190428444643 0.8549085019255364
vn -0.08018157846337043 -0.4608270174298604 0.8838604949209018
vn 0.31339335406093116 -0.9447318248911382 0.09626206245608691
vn 0.21115711038714965 -0.9773684191728802 0.012792495317742186
vn 0.10820846432397425 -0.9941156330118436 -0.005003643683230506
vn 0.3020903526153474 -0.8401526410309983 0.4504275287161895
vn 0.33651444293665794 -0.8690328811015363 0.3626842721423052
vn 0.26619532135567103 -0.7158938925210682 0.6454734584313939
vn 0.17357199235306583 -0.5872849026440277 0.7905499393441138
vn 0.14756014123511332 -0.5213070334421077 0.8405147123057768
vn 0.1520834751240711 -0.4758310659363911 0.8662882968642852
vn 0.42848466350806275 -0.8264839356450042 -0.3651372307217203
vn 0.6210448945063372 -0.4602500456425391 -0.6344077036840373
vn 0.5952361251634676 0 -0.8035508417644651
vn -0.8674460364947221 -0.45585198117057835 0.19933977283135434
vn -0.55123423061211 -0.830778929879769 0.0771180437336229
vn -0.4208595033814799 -0.8288158905975529 -0.3687024517229026
vn -0.5905644141746206 -0.4560780640830773 -0.6657525607707564
vn -0.5933893473477965 0.0003210000353032465 -0.8049155107296253
vn -0.5448708968086096 0.000480999906631488 -0.8385198116026069
vn -0.8130893866492581 -0.38268695957084703 -0.4386756664014477
vn -0.5250996704744022 -0.8271570686296384 -0.20020369597911483
vn -0.10074972498913821 -0.9922085311472287 0.07329204345133233
vn -0.1718213571303639 -0.9495072002121598 0.2625138053115402
vn -0.19198864234950333 -0.8549625955728642 0.48184989507117815
vn -0.17000082463208058 -0.7376258559070159 0.6534583508700877
vn -0.20061231295089854 -0.6050381239444924 0.7705086426940452
vn -0.210468527320524 -0.5501239739433784 0.8081253691725528
vn -0.21814619513532363 -0.5010650484454764 0.8374640617807511
vn 0.0327077341794487 -0.4167280754407068 0.9084425767566879
vn 0.06137150185218736 -0.41889701285113207 0.9059574114630365
vn 0.0910285581287716 -0.422607116361927 0.9017300188001138
vn 0.12225397814928693 -0.42798003197759904 0.8954814666173314
vn 0.011560999276997866 -0.41598709070225093 0.9092970271945217
vn -0.0024026506742419055 -0.415970777714011 0.9093748068633409
vn -0.023560721079949214 -0.4167118328464994 0.9087332616273623
vn -0.052261992648793706 -0.4189111767698714 0.9065219854485931
vn 0.32315216818878495 -0.9461979630372503 0.01679556307616627
vn 0.2040323436711478 -0.9789326817911309 -0.007849029066261079
vn 0.03164691275895029 -0.9990252704691452 -0.030773070644294895
vn 0.36771437622233344 -0.8932860717554397 0.2585075076804454
vn 0.38263150740549 -0.9123247637330056 0.14579662211491004
vn 0.30666793469631837 -0.7460077980971198 0.5911236275157521
vn 0.25224249731768184 -0.6228529985521781 0.7405591568142951
vn 0.20842390112246176 -0.6050693279715648 0.768407825174193
vn 0.15570487899095925 -0.4351981967529314 0.886768583228684
vn 0.4530135737279914 -0.8267331401569079 -0.3336030829960846
vn 0.664853687457571 -0.4597341816867547 -0.5887393790658824
vn 0.6510457376566509 0 -0.7590385019741142
vn -0.935177100817426 0 0.3541804485099564
vn -0.8508567185697294 -0.4562273404048042 0.26057524504816504
vn -0.5453868348721743 -0.8300942840329948 0.11617521234696136
vn -0.4464305198468466 -0.8284156435551925 -0.3382710635900012
vn -0.6363530335866796 -0.45646105750976057 -0.6218505605224629
vn -0.7534045597860455 -0.45753118797901493 -0.4722782880041241
vn -0.8035496816643648 -0.0000010000000656816755 -0.5952376912596329
vn -0.4604328805152032 -0.8630931071055458 -0.2075375893841102
vn -0.10403086768618347 -0.9938609183299794 0.037657052257843035
vn -0.18485121894642584 -0.9610190910272521 0.20560236753299943
vn -0.21880153771594352 -0.8677839372848233 0.44618037303717045
vn -0.19971729337192484 -0.7689710645112922 0.6072861802087733
vn -0.1876176614957961 -0.6671611569800364 0.7208991633452685
vn -0.11315236881609406 -0.42794401567024 0.896694184704761
vn -0.14674596712450344 -0.4351980410676825 0.8882951571316519
vn -0.18343289734824392 -0.4446061805857288 0.8767426739673384
vn -0.22432818232530974 -0.4565092246653637 0.8609739801004739
vn -0.08189960274709554 -0.42260090424752034 0.9026078499542568
vn 0.4100947555355796 -0.9116042281627158 0.028284672140085516
vn 0.3079714687514599 -0.9513276069814365 -0.011373593541271996
vn 0.11832742679766105 -0.9928750449568866 -0.014062900458461333
vn -0.4515795271259024 -0.8275959305047037 0.33340801803915876
vn 0.21368126371432708 -0.9766308564421111 -0.02307569679547998
vn 0.3498605649493643 -0.7787679888819188 0.5206899313277752
vn 0.4290151523771341 -0.8452458045775021 0.3185993234063057
vn 0.2889799533367853 -0.6523878125872751 0.7006288093970015
vn 0.1813502261361188 -0.534070099416624 0.8257609971350643
vn 0.18740581406435888 -0.4869468405436831 0.8530895822476089
vn 0.47522128016401527 -0.8269936887675996 -0.30041000918383715
vn 0.705294827836257 -0.45927491259218484 -0.5400238517795912
vn 0.7035357827767947 0 -0.7106598358938283
vn -0.9075274553824059 0 0.4199927591365541
vn -0.8299553057178721 -0.4565890838850107 0.32046934172834696
vn -0.536589808046388 -0.8295280245366099 0.15477284777741232
vn -0.46975895081090546 -0.8280561445765454 -0.3060221390064203
vn -0.6788960985767424 -0.4568329294295967 -0.5748075868723821
vn -0.6586586064372831 0 -0.7524419181346134
vn -0.7179785614713776 -0.4571880673188905 -0.5248674655269737
vn -0.7590397884584995 0 -0.6510442377725773
vn -0.49084911914503837 -0.8276232441811703 -0.2722258399299647
vn -0.10591629555047402 -0.9943337519152514 0.009062457669087174
vn -0.19604885218621101 -0.9701837255156592 0.14250749559593398
vn -0.2404899109164192 -0.8986986504624618 0.3667496944843486
vn -0.23010957602990745 -0.7935682940056007 0.5632929484454575
vn -0.22212159740385695 -0.6895778000648759 0.6893072273119184
vn -0.2521999593070016 -0.569972730240805 0.7820014496836877
vn -0.26247577004382844 -0.5186092044860936 0.8137265899319011
vn -0.27077363769674645 -0.4714028484843133 0.83932174496396
vn 0.033250646075433855 -0.38315811750426715 0.9230840977539113
vn 0.06237622607717038 -0.38489589617723247 0.9208498007418445
vn 0.0925362691313635 -0.3878981129862028 0.9170453057711986
vn 0.12442700833999673 -0.3922599549856228 0.911400047898965
vn 0.1586932862367622 -0.3981010692001232 0.9035109183651828
vn 0.011748191941218953 -0.3825908427203799 0.9238431831499444
vn -0.0024581849959033615 -0.3825899916916756 0.923914961229598
vn -0.02393414746824455 -0.3831541755938514 0.9233742655662246
vn -0.0530925962231599 -0.38490300024749236 0.9214287040388766
vn 0.4078340338620167 -0.9129359283194689 -0.014811873862038052
vn 0.3260949271608207 -0.9445536266364439 -0.03847784931516216
vn 0.10597065292031804 -0.9941424858008092 -0.021235315995516205
vn -0.38011487734448485 -0.8630529037100559 0.3326445030644999
vn -0.4736552679748498 -0.8279613014748402 0.30021787151960516
vn 0.46752623348318983 -0.8659282092775548 0.1777288873042003
vn 0.5127685282982675 -0.8581108961089492 0.02672314289011236
vn 0.3365452856851303 -0.6828638001141862 0.6484090538978668
vn 0.39500170090046854 -0.8122758193807442 0.42916389588952775
vn 0.300531982407435 -0.5969129311108795 0.7438921159838138
vn 0.21858867603575907 -0.5501727681720989 0.8059335679017123
vn 0.19223893200491318 -0.4445651477863719 0.874874860991726
vn 0.4424327527739162 -0.8628892838375533 -0.2442853722825196
vn 0.7421540910057519 -0.45886181944616905 -0.48852137707369303
vn -0.875253807170801 0 0.4836639050342895
vn -0.8048515039397424 -0.45693216852461105 0.37871763884631937
vn -0.5249181310536901 -0.8290563191121293 0.19268257687541024
vn -0.03191105997864922 -0.9990272052231866 -0.03043562838168353
vn -0.2048814424501442 -0.9759902527497885 0.07393660174062716
vn -0.26337213169143714 -0.9192931043517241 0.29246420044114524
vn -0.2635799524200462 -0.8114111293791091 0.5216680820233923
vn -0.11519875225718569 -0.39219994488002724 0.9126381817097569
vn -0.1495031152512778 -0.3980369246153957 0.9051052011633128
vn -0.1871958861071256 -0.4056509362614929 0.894653574370964
vn -0.2391320231194454 -0.6266357990893154 0.7417165569262264
vn -0.2776154873539071 -0.427401094471466 0.8603824414909022
vn 0.19617343734018738 -0.40567493390480797 0.8927171055174563
vn -0.0833184396180799 -0.3878900331209613 0.9179321106841332
vn 0.5025972730803262 -0.8643285547645965 -0.018224448160752662
vn 0.4151002136488292 -0.9086950843882446 -0.04432895484147396
vn 0.19980143162232264 -0.9790253242948497 -0.039859783128296154
vn 0.10260386149782365 -0.9941861136091332 -0.03265607313353624
vn -0.400278035003636 -0.8271290308142791 0.39450609764344496
vn -0.7367840000993783 -0.3827500869899184 0.5573613801715805
vn -0.7425589583769677 -0.4575859682403317 0.4891025199318348
vn -0.4933473029555905 -0.8282902071284873 0.265600774549873
vn 0.31907094928267493 -0.9450975031368555 -0.07060055869703899
vn 0.38904545450058853 -0.7170282802405196 0.5783719215762065
vn 0.5576738050732557 -0.8074949412204266 0.19222863220274036
vn 0.5045525983346202 -0.7861492595385731 0.356925786741077
vn 0.26017231238290145 -0.5701320257046879 0.7792687861933154
vn 0.2265778539544109 -0.5010221004426659 0.835248065526304
vn 0.5121234469122252 -0.8276220341220294 -0.22972014225673723
vn 0.7752963030939803 -0.4583840817344729 -0.4345108468395824
vn 0.7975129906937107 0 -0.6033017733065048
vn -0.8385188281428083 0 0.5448726225917498
vn -0.7756709144495235 -0.4572621695270085 0.4350240692151335
vn -0.5104712829276115 -0.8286497300069031 0.2296926082087212
vn -0.11843090446517661 -0.9929579834230631 -0.002926435368183873
vn 0.39415482922895523 -0.827765947022567 0.39930628287734915
vn -0.20035126787993743 -0.9796265593988495 0.013826553412694172
vn -0.28401342111768446 -0.9363536273275852 0.20634500530786473
vn -0.2976041205584278 -0.8402809285891485 0.4531663584998375
vn -0.2597325946148322 -0.7159499328796969 0.6480390982835872
vn -0.22941277629952023 -0.41531519594118704 0.880274426580075
vn -0.2994311495018194 -0.5941119436187791 0.746573496152613
vn -0.3133831311978046 -0.5402090519543379 0.7810026845454855
vn -0.3246906053063736 -0.4898989318810277 0.8090581236027536
vn -0.33400352730317767 -0.44242009931248394 0.8322896728143196
vn 0.03370936387085204 -0.3521569173049375 0.9353337288806098
vn 0.06322271194701967 -0.35348400054860696 0.9333016393697251
vn 0.09380474678989652 -0.3557629348304619 0.9298566575986322
vn 0.12621897144289512 -0.35909604131902906 0.9247263402525636
vn 0.1611793794427612 -0.36357403362896334 0.9175157381283505
vn 0.1994792043779099 -0.36932710223178716 0.9076373386864531
vn 0.011926776946837785 -0.3517152107017424 0.9360310692240345
vn -0.0025038130042217594 -0.35171622459972157 0.936103321366695
vn -0.02426775076293713 -0.3521601317281628 0.9356250947329869
vn -0.053796534051580386 -0.35349592541360464 0.9338878753041056
vn 0.5084866504046376 -0.8593707603773872 -0.05406683427632036
vn 0.3980320529270139 -0.913914655387524 -0.07956436080689643
vn 0.20321741238379984 -0.9769948787183057 -0.06468145222732498
vn 0.10745348366597275 -0.9930364486197091 -0.048294518951973224
vn -0.37149391060241627 -0.8268856737051893 0.4221994280034485
vn -0.6651881176949027 -0.45833800967093197 0.5894497747632117
vn 0.5990260697667006 -0.8001101578981547 0.03148814011735257
vn 0.5911167547407327 -0.8063011985641922 -0.021432672692219865
vn 0.3602982357729877 -0.6229856964048153 0.6943154926788541
vn 0.4460124106214777 -0.7530034452668817 0.48379617711162687
vn 0.2707144989163876 -0.5185831984436774 0.8110395344053055
vn 0.23296682547323086 -0.45649315850951616 0.858685305838484
vn 0.5268037462773221 -0.827865621580227 -0.19265597710365231
vn 0.8383507839734978 -0.3829622387431381 -0.3879534594611384
vn 0.8385193683733753 0 -0.5448717912158014
vn -0.7975117862041028 0 0.6033033655347377
vn -0.10773502042772405 -0.9941238831621181 -0.010529496669323169
vn 0.36451331214958177 -0.8280730072733792 0.4259403008532576
vn 0.42183016472668455 -0.8274814723840691 0.3705856513516831
vn -0.30110117214039234 -0.9474059056743779 0.10844415165878453
vn -0.3318257904205346 -0.8686342638320622 0.3679214053418455
vn -0.30052632419662384 -0.7459396793019523 0.594355048189015
vn -0.11689843600744179 -0.3590689931335235 0.9259612377573327
vn -0.15182410195430393 -0.3635231439090258 0.91913022249748
vn -0.23361497948104912 -0.37667807901840544 0.8964026250235285
vn -0.281972231144387 -0.6525333388955614 0.7033433745285917
vn -0.283345124072142 -0.3858450564950512 0.8779744489692584
vn -0.34183415219234525 -0.39711893469995174 0.851731157172095
vn 0.2425702812026379 -0.3766200749225452 0.894045288474029
vn -0.08450056822945885 -0.3557729535042134 0.9307444652125454
vn 0.5953688386681825 -0.8009589924285345 -0.0632505999241625
vn 0.4974726779196184 -0.8611778277089056 -0.10437281152701691
vn 0.30026287942542773 -0.949047121605686 -0.09566485358329395
vn 0.19482634325431705 -0.977220799467472 -0.08415583795736367
vn 0.09295584069278755 -0.9942956383662905 -0.05230100579212467
vn -0.3407961489852853 -0.826649933796916 0.44778105340707913
vn -0.6214079465414506 -0.45860200693658454 0.6352451205706933
vn 0.3855959863721878 -0.9150005232445713 -0.11870036965325934
vn 0.42134570659447385 -0.6563119767422727 0.6258772920621533
vn 0.6297647654710026 -0.7460012880725558 0.21651424517878853
vn 0.6783500531362381 -0.7338642197347582 0.03584009490999413
vn 0.562339906593064 -0.7255669645999512 0.39664393268285
vn 0.32116782312348247 -0.5401640313981154 0.7778650580748948
vn 0.2381627907000231 -0.4153539571923771 0.8779291402901546
vn 0.538666624770442 -0.828205764482746 -0.15463983651042199
vn 0.8294916678498482 -0.45774194771831983 -0.32002481507957475
vn 0.8752528595134342 0.00000100000019250716 -0.48366561994063273
vn -0.10592943551674566 -0.9941496274479648 -0.021106229795406585
vn -0.22489764563071843 -0.9743657420693452 -0.005696461306290908
vn 0.5898561489461753 -0.4574768727194296 0.6654206447633243
vn 0.33305723028533873 -0.8284111268869137 0.45034196584885694
vn 0.4473902550735719 -0.8272171216679304 0.3399320421564122
vn 0.6356534269212966 -0.45780717377127517 0.6215764735628025
vn -0.3024262898817061 -0.9529568645519623 0.02028678120549011
vn -0.3641355427822062 -0.8930391732862312 0.2643602493926669
vn -0.3445374383265272 -0.7788524152959012 0.5241019641053976
vn -0.19031629399900982 -0.3693139309091253 0.9096081181887793
vn -0.35332607907428415 -0.6228783118487764 0.6979851649386334
vn -0.38815715707350756 -0.5123788134447013 0.7660300078623634
vn -0.401263946403074 -0.46073681965036634 0.7916494352524335
vn -0.4123271032831033 -0.4107421704734388 0.8131895408162438
vn 0.03410922487545285 -0.32292520129306485 0.9458096400165467
vn 0.063953349268234 -0.3238258612918124 0.9439527428192531
vn 0.09490151298433891 -0.3253929823022014 0.940804501425117
vn 0.12773530767288002 -0.3276928854408809 0.936109536328492
vn 0.1632569136603243 -0.33079298959821446 0.9294746786087189
vn 0.2023276387650268 -0.3347329487741469 0.9203354712259727
vn 0.24637795060846676 -0.3396408720053424 0.9077125004743641
vn 0.012088509431395065 -0.32262891926760756 0.9464483337150226
vn -0.002514642050471036 -0.32262500267681943 0.9465235254462195
vn -0.024530415341507912 -0.32294397651018614 0.9461001251236371
vn -0.05441602977276826 -0.32387087615730614 0.9445350979613557
vn 0.5822426999681855 -0.8037759937176868 -0.12221943485756648
vn 0.4813249441526202 -0.8630550254484721 -0.15317415312190844
vn 0.28752906006878226 -0.9496211761423994 -0.12468625200032583
vn 0.17594843320090486 -0.9796284425102656 -0.09680012127604955
vn 0.09371797950978869 -0.9931907058621466 -0.06920377233687312
vn -0.3083455145389047 -0.8264209364511249 0.4711172672052935
vn -0.5744391038189092 -0.45897512375233174 0.6777621646125286
vn -0.703535074596943 0 0.710660536973789
vn 0.67248565500168 -0.7397097549467737 -0.024341779999525855
vn 0.6750543241001186 -0.7342780412631227 -0.07167578135272702
vn 0.37973276235324405 -0.5662121517012785 0.7315783132798448
vn 0.48977000545111743 -0.6921648532849461 0.530125605528955
vn 0.2792485499668878 -0.471425062673609 0.8365277387060005
vn 0.5477377049304595 -0.8285819915364492 -0.11591069794891536
vn 0.8503601625318913 -0.4573889774950907 -0.2601594073731164
vn 0.9075274553805908 0.000001999999519564916 -0.4199927591357141
vn -0.10285405748967734 -0.9941942289520211 -0.031605030871781695
vn -0.21389413173426688 -0.9766348894630046 -0.020822898290799387
vn 0.541042825137294 -0.45714612025550255 0.7058966539818681
vn 0.29995362374685225 -0.8287902512312268 0.4723711920356825
vn 0.4707082968753104 -0.8269647240129738 0.30751104775420784
vn 0.6782002020220482 -0.4581421169091783 0.5745870575389164
vn -0.3978949621284677 -0.9036232328140379 0.15857065375249096
vn -0.39072524545585036 -0.8124680825126377 0.43270012417574283
vn -0.3298254489938066 -0.6828340637848985 0.6518840499130464
vn -0.08550379739163995 -0.32543891909052475 0.9416892324821391
vn -0.15379846697773983 -0.33076681934811225 0.9310957752957697
vn -0.1929778848065493 -0.3347201274893977 0.9223459070376315
vn -0.23719638002920032 -0.339681057623839 0.9101399103393903
vn -0.28821126103277767 -0.3457938393348829 0.8929506647581026
vn -0.3724175621683414 -0.5662271039802561 0.735317636199977
vn -0.34854458835706276 -0.35316087907155513 0.8682131440034825
vn -0.4217305947264758 -0.3617358965099068 0.8314387810583693
vn 0.28630816340900944 -0.4274970308597291 0.8574811509132291
vn 0.29715555696402457 -0.34572696937792635 0.890040132584006
vn 0.6600865509569255 -0.738308126958738 -0.13851662323515684
vn 0.5631111401018417 -0.8066901877874137 -0.17932312963115202
vn 0.3761846736407692 -0.9119970615716596 -0.16354342237597497
vn 0.2715793317970511 -0.9502222324966034 -0.15271665072885263
vn 0.17133749961645214 -0.9777324984844651 -0.1211718722827524
vn 0.08608379845534704 -0.9932398522292621 -0.077872816740457
vn -0.2743048398817553 -0.8262006620236857 0.4920867005813792
vn -0.5245677653343144 -0.45937097829793716 0.7168032951024708
vn -0.651044987714816 0 0.7590391452167767
vn 0.4601377080437252 -0.865026890407155 -0.2000044212231204
vn 0.44833504522225626 -0.5968263643515651 0.6654276655207912
vn 0.6948974016789181 -0.678470989812758 0.238316422267507
vn 0.7500954505978956 -0.6601341321281701 0.03974597579287219
vn 0.7458958740649176 -0.6655173126138534 -0.026945345872102736
vn 0.5272800994074818 -0.6303349851578173 0.5697837337577569
vn 0.33273468063461875 -0.4898580984913688 0.8058080885951682
vn 0.5539489086912638 -0.8290122973630337 -0.07667605480606614
vn 0.8669149433885309 -0.4570318641141637 -0.19894812417811997
vn 0.9351771008169583 0.0000010000000502808595 -0.35418044850977926
vn -0.0987476450706637 -0.9942363860372078 -0.04174818885497493
vn -0.21003557796477434 -0.9767977116488696 -0.04184837519587569
vn -0.32827505202790014 -0.944545060400825 -0.008373714138987236
vn 0.6586601112080124 0 0.7524406009137523
vn 0.2653795385194499 -0.8292234308500951 0.49189653613783585
vn 0.4894623767037747 -0.45680903312299564 0.7428001676418268
vn 0.49166139236616524 -0.8267229566573967 0.27349264741893176
vn 0.7172766274076621 -0.45848904286620573 0.524692326365005
vn -0.4007178699709292 -0.9158181171455082 0.026502169609629898
vn -0.4333699718844664 -0.85032928070182 0.2985474532632661
vn -0.3831577484392775 -0.7170497580853787 0.5822626419758041
vn -0.11834074189146598 -0.32770597318709815 0.9373389269341557
vn -0.4150489210884723 -0.6561651202216 0.6302235540725754
vn -0.44153753190600753 -0.5967908658456058 0.6699890076423667
vn -0.46375513504213783 -0.5389199436114619 0.7032044290957412
vn -0.48250704426935015 -0.48226016226682733 0.7311717227305968
vn -0.49837517049314434 -0.4264140254061746 0.7548465197461214
vn -0.5118048761160543 -0.3709228396549129 0.7749012942344116
vn 0.03445438453912749 -0.29481411112061845 0.9549332622074641
vn 0.06459843179697945 -0.2953130265158623 0.9532141726702413
vn 0.09587569779369741 -0.2961528410271224 0.9503164448351589
vn 0.1290688762550253 -0.2973798976721893 0.945994937429764
vn 0.16505612284623494 -0.29902901978929236 0.9398606926746237
vn 0.20476809969777757 -0.30111500503554606 0.9313429975517098
vn 0.24961798415827588 -0.30365498593014634 0.9195023172915452
vn 0.292186098419529 -0.38579814918084265 0.8750926076587605
vn 0.301471445999965 -0.3066080804004675 0.9028324608031275
vn 0.01221520806683165 -0.2946471482337762 0.9555280460193658
vn -0.00253741351610802 -0.2946560147157108 0.9556000180643066
vn -0.024773136476527517 -0.29482089678513823 0.9552313492175194
vn -0.0549672006123249 -0.29531102007952564 0.953818645380994
vn 0.6383480062968406 -0.7424377812314593 -0.20321900466481113
vn 0.5382855037452583 -0.8096750201908661 -0.23382702610398592
vn 0.35519995780224106 -0.9131849441907038 -0.19981553413262818
vn 0.25283327511158105 -0.950841741395328 -0.17881643609202139
vn 0.14992827256796393 -0.980104138494115 -0.13006687046090865
vn 0.07232709969206441 -0.9944481240494555 -0.07643114041182912
vn -0.23901058009313908 -0.8259870786480153 0.5105088525285907
vn -0.4720476959745371 -0.4598059011422015 0.7521632176595311
vn -0.595236908211806 0 0.8035502617151277
vn 0.7468496603308503 -0.6602501597363212 -0.07927995605356973
vn 0.7304547099025636 -0.6655451239494714 -0.15325013790611872
vn 0.3958172349506202 -0.5123460096141728 0.7621222231036696
vn 0.613323384305582 -0.6614841302300315 0.4315937577372568
vn 0.5659332218912818 -0.82364236007428 -0.03650823264721349
vn 0.8790725134803206 -0.4566658457026834 -0.136703406731671
vn -0.09350033361635612 -0.9942925576761283 -0.051380904658181833
vn -0.20377245673565983 -0.9770139317433666 -0.0626143997438435
vn -0.31697931558695835 -0.9479409773949258 -0.03052895126885754
vn 0.6033033655347377 0 0.7975117862041028
vn 0.22952158142352344 -0.8297304360607964 0.5087899833282936
vn 0.43537897785526447 -0.45646188878581295 0.7759430969651017
vn 0.5448726225917498 0 0.8385188281428083
vn 0.5101382764583248 -0.826492404497879 0.23805302812492016
vn 0.7526819915614037 -0.4588508037573536 0.47215014504963304
vn 0.7590391452167767 0 0.651044987714816
vn -0.47716554866437627 -0.862149585136737 0.17032654524875757
vn -0.4412179935787354 -0.7531118755780207 0.48800531247693485
vn -0.11959671247239972 -0.29743107269796276 0.9472229850249272
vn -0.15552895265016306 -0.29905585511091215 0.9414756185963735
vn -0.19530203332174464 -0.30110990751711697 0.9333755618053354
vn -0.24030561388845614 -0.3036309903307192 0.9219877621988694
vn -0.2923942154184407 -0.30658621463295926 0.9058203551405033
vn -0.35430588412303377 -0.3098499686331145 0.8823039937651045
vn -0.4296704274778174 -0.3130800959675171 0.8469735398818549
vn -0.5230606115473256 -0.31526696239953017 0.7918423700883345
vn 0.34234594240981475 -0.44245498676285294 0.8288744418814102
vn 0.350444716711484 -0.3971010406990862 0.8482330245897708
vn 0.36316766368880443 -0.30986293908188145 0.8786889136858126
vn -0.0863574563729842 -0.29617992150255706 0.9512201868271759
vn 0.7065925665282126 -0.6709316638280965 -0.22489474738182638
vn 0.6102102883164752 -0.7465652560801389 -0.2651107739167179
vn 0.4342650247104656 -0.8670768965460268 -0.24411379270604427
vn 0.33053049442963334 -0.9144202114752433 -0.2336349055635164
vn 0.13562614490259278 -0.9802830209530596 -0.1437036800155243
vn 0.06259027206285898 -0.9945135144622113 -0.08381722612397999
vn -0.20244871492587244 -0.8258472761390128 0.5262991490764884
vn -0.41715344434406687 -0.46026716053615047 0.7836690275900093
vn -0.5363957985586914 0 0.8439665557879552
vn 0.5079820782162655 -0.8126742450469209 -0.2855079327242956
vn 0.47090266880940046 -0.5389201813970603 0.6984380535102189
vn 0.6578998325559116 -0.594533813196316 0.4622741127179323
vn 0.8135914562925739 -0.5798281086200794 0.043223913540888795
vn 0.8107323261389743 -0.5846857860982986 -0.029251100627197803
vn 0.8101937604475198 -0.5798178322111802 -0.0860078600003198
vn 0.5592041667763085 -0.5680870155374639 0.6037945367736874
vn 0.5655793982772971 -0.8246769077788605 0.005286021243557275
vn 0.8867696264807491 -0.4562911253920125 -0.07374305689136719
vn 0.9760635030411755 -0.0000010000002109853582 -0.21748571914033638
vn -0.08722569763851942 -0.9943428741092397 -0.06061292254668352
vn -0.19544087896892884 -0.9772279695183057 -0.08263388178575413
vn -0.31083914322955647 -0.9484412109708122 -0.06195398589707114
vn -0.4273009588655618 -0.9040431209076392 -0.010951077214008583
vn 0.19258225659990474 -0.8303351733860421 0.5229297986162768
vn 0.37906844647374077 -0.4560989459844329 0.8051589062786763
vn 0.483664762487642 0 0.8752533333428515
vn 0.5260466516162956 -0.8262688853019057 0.20138184998959077
vn 0.7842334631501332 -0.459240032665515 0.4172247208315028
vn 0.8035508417644651 0 0.5952361251634676
vn -0.4940326394329519 -0.8688397715264484 0.03239139683280034
vn -0.5010945317783562 -0.786256396008748 0.36153167213560267
vn -0.48445411276187417 -0.6920989767170986 0.5350730969271863
vn -0.5530113221454781 -0.5680752532397672 0.6094825544964225
vn -0.6031040428482061 -0.442388933228916 0.6637450905707182
vn -0.6226203201189056 -0.37858313730663923 0.6848494324463547
vn -0.6388328340119729 -0.31372908546812817 0.7024718294135098
vn 0.034737690276629124 -0.2671400530004579 0.9630314039309193
vn 0.065158270665131 -0.2672471294863431 0.9614225769895562
vn 0.09674115580454418 -0.2674001643923234 0.9587170077017301
vn 0.13028630518398238 -0.2675670957561264 0.9546901737999287
vn 0.16665951865807963 -0.2677420154073484 0.9489672375937267
vn 0.20685579083780956 -0.2679110784248175 0.9409752046967633
vn 0.2523969069448385 -0.2679478688232053 0.9297847820639898
vn 0.30522366295474646 -0.26763207474416223 0.9138991126708804
vn 0.3572972106246753 -0.3531269878571988 0.8646618030922427
vn 0.3682165238269124 -0.26661200956537234 0.8906933411316931
vn 0.012308549408953047 -0.26710701030044753 0.9635882651110919
vn -0.002580837569414649 -0.26712390208935755 0.9636587363844088
vn -0.025008172355866852 -0.2671598510123393 0.9633276728727791
vn -0.05545050485318676 -0.26724299510905214 0.9620324438794514
vn 0.6755855174002507 -0.6763139935395105 -0.29357041884644014
vn 0.5759247268320584 -0.7506359022882295 -0.32381545858614347
vn 0.4039264044103827 -0.8690911720509544 -0.28552406988413137
vn 0.23597004609729857 -0.9483874051236827 -0.21184774520302674
vn 0.05286858720355064 -0.994557283163428 -0.08978152924561576
vn -0.16454401658697923 -0.8255793635683074 0.5397628933666823
vn -0.3697753438984858 -0.38551409942776127 0.8453668281800266
vn -0.47482142532306615 0 0.8800821632405534
vn 0.7671795069503728 -0.593142978642701 -0.24416594971913524
vn 0.409208073144957 -0.460739890350139 0.7875706357610939
vn 0.7529145044007498 -0.6055591341937354 0.2577166739997753
vn 0.562506343523256 -0.8254930830631818 0.046344183140277835
vn 0.8900790173292646 -0.4556969182491194 -0.009983066083435362
vn 0.9890918675841379 -0.0000010000000313517086 -0.14729995749463898
vn -0.08023873732739371 -0.9943964413201992 -0.06882922723544713
vn -0.1849522443966011 -0.9774832975625782 -0.10158282472370983
vn -0.30137482054115705 -0.9490004262298766 -0.09258190189933348
vn -0.4156651702115145 -0.908641061370528 -0.03992352520097642
vn 0.32081853220085127 -0.45571193482772926 0.8303024159016152
vn 0.4199918853214821 0 0.9075278597729699
vn 0.5392968462214376 -0.8260580282321854 0.1636674850077578
vn 0.8117640475285429 -0.4596660701160886 0.36020304707776785
vn -0.555708193345794 -0.807497987325108 0.19782670273310773
vn -0.12069638531294452 -0.26759815367671297 0.9559412171892179
vn -0.15706819538434388 -0.2677919784778271 0.9505877330691979
vn -0.19732994462501469 -0.26794197082674753 0.9430100705844912
vn -0.24299603418878854 -0.2679639473942607 0.9322812077186835
vn -0.29602643292218433 -0.26764293654534643 0.9169163590692182
vn -0.4363410159070182 -0.2642031087754804 0.8601181518550826
vn -0.5214141867805823 -0.6303061984387013 0.5751880927433187
vn -0.5800358671922968 -0.5054750159805927 0.6387905767854593
vn -0.5323937248329961 -0.25883012225817814 0.8059552652413561
vn -0.6519537826672412 -0.2472470733599481 0.7168159805562484
vn 0.42052958211442487 -0.41070303661602525 0.8089980755731393
vn 0.43816067155639576 -0.31308496721217827 0.8426108409028439
vn 0.44499175218016984 -0.26417706367156707 0.8556826628613502
vn -0.08709897352777973 -0.2673979890060654 0.959641643680556
vn 0.6377776643634029 -0.6816146850825007 -0.3586656826615086
vn 0.30256524800614054 -0.9156057564539369 -0.2648025102739712
vn 0.20750136780264847 -0.9521176647532404 -0.22453314861032453
vn 0.12722435801873844 -0.9763298603711713 -0.17491131030990834
vn 0.04311179464620392 -0.9945944948719411 -0.09446250014059525
vn -0.12606243507125917 -0.8254524298230582 0.5502150021247273
vn -0.30161130019159677 -0.46164085974568003 0.8342172020583153
vn -0.410827475991259 0 0.9117131045294081
vn 0.4724302172333406 -0.8156059200375916 -0.33406088224228286
vn 0.7927236609913006 -0.5864531371634876 -0.166318715770815
vn 0.48987546121729786 -0.4822810936025704 0.7262416810199264
vn 0.6966697724133304 -0.5250218671201323 0.4888796040450538
vn 0.5864832384513219 -0.5055211659558013 0.6328394439242366
vn 0.8037497333915868 -0.527708055292725 0.27479187479276623
vn 0.8665295432609241 -0.4981449620520653 -0.031275348729641356
vn 0.5575906890512833 -0.825655812608765 0.08593661960232557
vn 0.8846995928975097 -0.4629848308543102 0.05432933577531057
vn -0.0722458949537168 -0.9944524701548638 -0.07645139151922707
vn -0.17241882964004765 -0.9777313720459236 -0.11963741598158965
vn -0.28874620826503955 -0.9495923375753881 -0.12206563656767887
vn -0.4072998224865996 -0.9096795449488408 -0.08117869242636394
vn -0.5209479706544087 -0.8534830206841613 -0.013414368225630689
vn 0.15477434340307072 -0.8310793530733341 0.5341834998568908
vn 0.0022882080709806245 -0.9946765045552556 -0.10302143170021695
vn 0.26092782540811743 -0.455292966734931 0.8512490730505943
vn 0.3541804485099564 0 0.935177100817426
vn 0.5498338550943415 -0.8258501766972709 0.125116815181578
vn 0.8351291938396717 -0.4601418205730235 0.30137805918222277
vn -0.581545107374157 -0.8126318798584803 0.0378776441565834
vn -0.5584434639087282 -0.7256061770856603 0.40204051212875863
vn -0.3592147038722218 -0.26662309719360155 0.8943583848574816
vn -0.6089567982464933 -0.6615190646214851 0.4376804142427383
vn -0.6531962605584606 -0.5945451011672084 0.468882467011209
vn -0.6917088665265281 -0.5249951438610265 0.49590215052056985
vn -0.7247967906768956 -0.45306298002785156 0.5190409890873312
vn -0.7525879311074709 -0.37884206324143666 0.538600127246873
vn -0.7752862368385661 -0.30223695921040483 0.5546026248188363
vn -0.7928924902066077 -0.22300693600828023 0.5670885340633889
vn 0.03495402841301779 -0.2437980582601849 0.9691959155332144
vn 0.06555054010252351 -0.24367007320946593 0.9676404405120534
vn 0.09735610623557665 -0.24337601848659945 0.9650336274991963
vn 0.13114430948124262 -0.2428640394622522 0.9611546329424657
vn 0.16775661984204038 -0.24209609357378942 0.9556396799921422
vn 0.2082969810280697 -0.2409341180100415 0.9479256924850782
vn 0.25430035351908004 -0.23915787663594154 0.937088491148546
vn 0.30771058872593493 -0.23649899289426934 0.9216194550604575
vn 0.3714493877874172 -0.23243208019907585 0.8988885806409397
vn 0.43008494596759755 -0.36173483226450126 0.8271486265349304
vn 0.4493350726242107 -0.22593306410411013 0.8643218399730065
vn 0.012377051791152493 -0.24379790617134614 0.9697470750331896
vn -0.0025965111968109613 -0.2437900275725315 0.9698245617562946
vn -0.025169328087820995 -0.24378199922172572 0.9695033995706596
vn -0.05578732286294196 -0.24364490710174724 0.9682587122516206
vn 0.733862557803949 -0.5997818887605626 -0.31891602682878406
vn 0.6931425703170055 -0.6062759445618269 -0.3898497867897321
vn 0.5357476719942901 -0.7546472582610887 -0.378790110155638
vn 0.3696170618526031 -0.8709965693959514 -0.32364827156642234
vn 0.2679600336565406 -0.9206157405811078 -0.28401422245564395
vn 0.1041230812329102 -0.9786878989519476 -0.17699824970769376
vn 0.032692252961197626 -0.994632026941598 -0.09817508634256057
vn -0.08700997572482588 -0.8253715364268813 0.5578450420866844
vn -0.24112027905793632 -0.46230403952399185 0.8533088456513398
vn -0.3561245005093611 -0.00016900008765940015 0.9344385006922223
vn 0.8647266686634514 -0.4937809463474935 -0.09180504085497396
vn 0.8198512191096426 -0.5096599824205533 -0.2609419108604714
vn 0.8684350355416357 -0.4936317764904929 0.04634930725089629
vn 0.8790735777410641 -0.46205420188977603 0.11719880303794708
vn 0.9999873175170565 0 -0.005036348383673126
vn -0.06347807992662585 -0.9945057174604686 -0.08324008233578105
vn -0.15836587657981244 -0.977985840858245 -0.1358820967453003
vn -0.27311026475082245 -0.9502180082298383 -0.14998839996297977
vn -0.39464796566956695 -0.9108028468330306 -0.1212070847505184
vn -0.508990090889809 -0.8593830470576685 -0.048886253751551235
vn 0.11633346117626898 -0.8320198778287062 0.5424107748825189
vn -0.0033137536649453228 -0.9946763666497125 -0.10299487688800313
vn 0.01067134835160386 -0.9946749665500761 -0.10250772284547018
vn 0.8542032042771096 -0.4606838927580999 0.24105442695781779
vn 0.9117134761247607 0 0.4108266513415423
vn -0.6275675195838425 -0.7460084426498359 0.2227788406885854
vn -0.12146020429650131 -0.24285198426586307 0.9624293909219445
vn -0.15812300772087334 -0.24208110124789967 0.9572846258286554
vn -0.19871999208887095 -0.24091796322652556 0.9499836313005511
vn -0.24481602544970285 -0.23917095857786544 0.9396075597056227
vn -0.29843246184084843 -0.23652396626222366 0.9246591150814429
vn -0.3623794993311397 -0.23244793957981472 0.9025791122387065
vn -0.4405961041224333 -0.22593499519684773 0.8688086388713766
vn -0.5381710411836939 -0.21505191454645037 0.8149384053296085
vn -0.6596609427036431 -0.19616307869505212 0.7255118794535481
vn -0.8023842514533863 -0.16282504652604235 0.5741668026308915
vn 0.50592621203986 -0.42637088617369817 0.7498310045566629
vn 0.5309700991958067 -0.31525695880143495 0.7865645578636666
vn 0.540474570896971 -0.2587929696162836 0.8005706946241041
vn 0.5463442707599138 -0.2150569791428072 0.8094803478342066
vn -0.08762843942279593 -0.24334806265373846 0.965972554996775
vn 0.5935480483552648 -0.6867569734297165 -0.41960168462401587
vn 0.18211138640872565 -0.952650261291044 -0.24350138110983505
vn 0.15154426265227597 -0.9560963732256774 -0.2508267560725612
vn 0.08492845470185356 -0.9788508694080882 -0.18611322639991246
vn 0.021741738368575125 -0.9946589581497252 -0.10090021697308507
vn -0.0476490795072396 -0.8254328254552313 0.562485747271081
vn -0.17970394551734517 -0.46329811389768544 0.8677910748701823
vn -0.27689506190108554 0 0.960900163750009
vn 0.43230065583243865 -0.8184106496196524 -0.3785764804580208
vn 0.8466024089339402 -0.5017139552250416 -0.1776160699928201
vn 0.7299919523223303 -0.4530750092685555 0.5116979436356289
vn 0.6097802968269012 -0.4423899651562616 0.6576162318029706
vn 0.8472862000626267 -0.44537502838753706 0.28939104905341345
vn 0.9129438666245503 -0.4067517167005785 -0.032962666059461604
vn 0.868883937645309 -0.461303781228348 0.17955368090465645
vn 0.9905259018008405 0 0.13732602761906376
vn 0.9977988218135349 0 0.0663137330235729
vn -0.054037307887299206 -0.9945550051741724 -0.08910842294247551
vn -0.12520284185958308 -0.9784551239301554 -0.16416399984499808
vn -0.14242935193000492 -0.9782307694398391 -0.15092528426323934
vn -0.25458144052404164 -0.9508578865564804 -0.17623157978650564
vn -0.3778544561838282 -0.9119876236255213 -0.15970154756888816
vn -0.4984568525147153 -0.861204995736174 -0.09933137218512417
vn -0.6082375029119612 -0.7935997054217959 -0.015705018492841553
vn 0.1997011157457651 -0.45482594053287645 0.8679013931249799
vn 0.07752146874888388 -0.8332689196453821 0.5474060005480699
vn 0.004502423946160415 -0.9791883563413956 -0.20290364950893644
vn -0.01168942570817935 -0.9946750575494139 -0.10239573826914533
vn 0.021022024023904046 -0.9791757051540831 -0.2019232847938604
vn 0.2174857191404451 0 0.9760635030416634
vn -0.6623287416465548 -0.7479802947697426 0.04296645930328075
vn -0.7502470892970126 -0.6055679417198413 0.2653615890865807
vn -0.8009665274837895 -0.5276721689371741 0.2828687044897301
vn -0.8443211046382259 -0.4453748669698873 0.2979313681605901
vn -0.9081648493827237 -0.2693749783084459 0.32042741363213495
vn -0.9282066767224898 -0.1763889320886866 0.32759626054704033
vn -0.9375077299094857 -0.10700496145863882 0.3311029969408282
vn 0.03502223353621723 -0.23199101852703527 0.9720872442743622
vn 0.06567262747282676 -0.23185296137399522 0.9705314576575682
vn 0.09757679994560926 -0.23147801014510244 0.9679342430824721
vn 0.13139826912879357 -0.23081906151813508 0.9640835315001728
vn 0.16808139937000455 -0.22979805933156838 0.9586143620420393
vn 0.20874582112475173 -0.2282849273604323 0.9509527717520967
vn 0.254858656162831 -0.22607294815820062 0.9401798165723062
vn 0.30843686375743273 -0.22281687181148493 0.9247806997940771
vn 0.3723452269748916 -0.21791597064617568 0.9021483590221464
vn 0.45057100798828553 -0.21029088254353218 0.8676194508420627
vn 0.519513371963562 -0.37093097374828843 0.7697506538257675
vn 0.5479779575426897 -0.19795997349296313 0.8127312021462
vn 0.012413362982075153 -0.23195300373502306 0.9726477843894858
vn -0.002574303028123651 -0.2319529830977025 0.9727235920835869
vn -0.025197319250510816 -0.23199098908841984 0.9723915240706104
vn -0.055893087594988476 -0.2318529473478244 0.9711437450579734
vn 0.7847728668489791 -0.5175039966859043 -0.3410588818250451
vn 0.645438924613587 -0.6125428241791018 -0.45628925380765456
vn 0.4902715430061673 -0.7585029501872166 -0.42931001464633994
vn 0.33157154799345356 -0.8728283202355324 -0.35809360781232036
vn 0.23744829597574635 -0.9178132411398577 -0.3181778765510944
vn 0.06433094776083548 -0.9790086516633991 -0.19340007530610198
vn -0.005736437246996187 -0.8235524304606735 0.5672111490177436
vn -0.11747950412147366 -0.4646009587571422 0.8776927225591636
vn -0.20763968088370488 0 0.9782053787025059
vn 0.9100545127496688 -0.4030622186111315 -0.09665211716375026
vn 0.8642554599744551 -0.4211780769288145 -0.2750845822994967
vn 0.9141585085908084 -0.40238180251629074 0.04902148686820755
vn 0.9782055433985815 0 0.2076389049872059
vn -0.04403040461709685 -0.9945976556539403 -0.09400439796594959
vn -0.10661082980132382 -0.9786765142099877 -0.175574518375705
vn -0.23348659732631152 -0.9514927856120484 -0.20036338936343967
vn -0.3571990457498596 -0.9131998547898196 -0.19615011324809864
vn -0.4827373276364546 -0.8631222052310645 -0.14827249017764002
vn -0.5959791629327542 -0.8009582253139857 -0.05722550700381741
vn 0.1374503185090249 -0.4542999348443078 0.8801812194896147
vn 0.03743199002270646 -0.821982096671265 0.5682818656924142
vn -0.006535736099595012 -0.9791978180391137 -0.2028026560503475
vn -0.02276961842376563 -0.994659250216015 -0.10067035530160182
vn 0.042728199655326614 -0.9791116683357696 -0.19878290138480334
vn 0.9609003948478411 9.999999199784924e-7 0.27689425992653444
vn -0.6924152940926273 -0.6785163406529462 0.2453092659757387
vn -0.12168569807434754 -0.23081903088520392 0.9653575326610209
vn -0.15842225123117917 -0.22979700330689357 0.9602581567401637
vn -0.19914196618320315 -0.2282850996384775 0.9530101733915218
vn -0.24534782829282475 -0.22607390716435138 0.9427062276507134
vn -0.2991099463688813 -0.22281615107786842 0.9278395350501344
vn -0.36327453204950333 -0.21791298502098858 0.9058396907419418
vn -0.4418107892664521 -0.2102899418829126 0.8721131617116188
vn -0.5397548283279625 -0.19796101581203754 0.8182152293347501
vn -0.6616875526621564 -0.17722707527234227 0.7285328725887236
vn -0.8801064975874151 -0.3591729289536261 0.3104953461990803
vn -0.8047121169281133 -0.14173796090711652 0.5764969725045982
vn -0.9394148751313012 -0.08422295894144377 0.33227426257414155
vn 0.629508681514978 -0.3785868521395263 0.6785210499935566
vn 0.659169486713068 -0.2472189065614067 0.7101960292940341
vn 0.6669319713878594 -0.19616896565572114 0.7188320265919347
vn 0.6689944694508908 -0.17722702959532122 0.7218289131261926
vn -0.0877933885750614 -0.23147791850728697 0.9688706281883263
vn 0.7417134895895313 -0.5251559500587217 -0.41721975921430354
vn 0.5911469424997278 -0.6185103563140226 -0.5176777293891675
vn 0.5433569912192229 -0.6916565880034637 -0.47578812970123635
vn 0.12502021926077697 -0.9536057504127996 -0.27387226503541534
vn -0.0548231015194462 -0.46640391432137546 0.8828713475051093
vn -0.13732602761906376 0 0.9905259018008405
vn 0.38784805718928717 -0.8210901780595826 -0.41878968949650436
vn 0.891711435312582 -0.41212083518755344 -0.187101933012698
vn 0.7579916920620192 -0.37883088117649255 0.5309762313249051
vn 0.883211374935175 -0.3591648708455927 0.3015597166990088
vn 0.949610168715056 -0.31155295375915826 -0.034282422273031105
vn -0.03359019647367405 -0.9946328258025087 -0.09786337689338298
vn -0.08675395662049208 -0.9788653112077611 -0.18519301694400495
vn -0.18436878124317102 -0.9526644267051609 -0.2417408583451189
vn -0.15696843501211902 -0.9531781950045511 -0.25848063559522594
vn -0.20989004273320963 -0.9521039569053956 -0.22236057475762197
vn -0.33285956671851874 -0.9144211650301747 -0.23030076376082234
vn -0.4620273204476498 -0.8651056449373583 -0.19525106467694867
vn -0.5834524486387459 -0.803783343605798 -0.11625651258890923
vn -0.6880978968381487 -0.7253998978981581 -0.01778405173908221
vn 0.07449679734820129 -0.4537029530034088 0.888033702975764
vn 0.0065757179967757436 -0.9544127472133188 -0.2984176065341195
vn 0.03090396899576536 -0.9543952575889286 -0.29694214418312387
vn -0.02302100605148524 -0.9791943120080774 -0.2016148124801492
vn 0.06284961444961518 -0.9542322379836414 -0.29238803319606993
vn -0.7356044776734544 -0.6757362585874223 0.0476084158215402
vn -0.8008900399739625 -0.5965749200261544 0.051705982886819754
vn -0.8575640057655188 -0.5113960495067197 0.05529969768739937
vn -0.9051522906354615 -0.42105784789203776 0.05839194709805991
vn -0.9432224805327379 -0.3265329447592835 0.06088996801197704
vn -0.9714887106842516 -0.22256399226278545 0.08170039388583916
vn -0.9896951938707098 -0.12808694759073838 0.06400903909687611
vn -0.9967179712083282 -0.049031985990190693 0.06441389772566287
vn 0.035039978448600045 -0.2208319502613627 0.9746822300904456
vn 0.06574613386802995 -0.22070992896893474 0.9731210475248877
vn 0.09771942860461459 -0.22036200197664696 0.9705109486028646
vn 0.1315612185774583 -0.21974507243172323 0.9666456170222834
vn 0.16828505840754887 -0.21878191890619936 0.96115275116731
vn 0.20898638108121484 -0.21735300761398446 0.953458107419373
vn 0.2551332942847084 -0.21525805443123464 0.9426404256925925
vn 0.30879010437055987 -0.21216806797431015 0.9271641615026258
vn 0.3727711574646745 -0.20751390849717705 0.9044222697073928
vn 0.4510477673437138 -0.20026703578602004 0.8697407808949355
vn 0.5484638636001371 -0.18854593508619083 0.8146396876455774
vn 0.6459311022746632 -0.3137079461700737 0.6959600100752866
vn 0.6694905283602239 -0.16882496630338403 0.7233813400887594
vn 0.012436105925600772 -0.2207879569284685 0.97524254488038
vn -0.002562838264198807 -0.22078815384943393 0.9753184213269993
vn -0.025207872947252616 -0.2208320006557604 0.9749860463759722
vn -0.05596772780657967 -0.22070992981811566 0.9737323761300387
vn 0.8279608925557236 -0.4301290831392283 -0.35981902706240587
vn 0.6911483343830471 -0.5325000385676478 -0.4886283749486854
vn 0.6334317415068362 -0.5394761030302349 -0.5547339570559279
vn 0.4399095260964246 -0.7620762322351462 -0.4750993844575074
vn 0.2900683693526862 -0.874530026471587 -0.3886612585538711
vn 0.20120792894354053 -0.9187347642917358 -0.3397672765468442
vn 0.09453305766679851 -0.9539787839705747 -0.28458387294818577
vn 0.010396025200223931 -0.45126383673051673 0.892330024329166
vn 0.945852392617444 -0.308646874390933 -0.10050053884713317
vn 0.9276556384044191 -0.31866883789862077 -0.19469254810811867
vn 0.9446057917934553 -0.3207411481878973 0.0696061345670677
vn -0.06616309165295808 -0.9790154386606927 -0.19274650753498404
vn -0.12774723703131274 -0.9536219795576825 -0.2725541478960692
vn -0.30510994810879666 -0.9156071735583919 -0.2618614582054029
vn -0.4366172400056661 -0.8671156587787829 -0.239741152142205
vn -0.5648962363281674 -0.8067042535205654 -0.17355255553894428
vn -0.6757212583598258 -0.7342968690697399 -0.06487595143804069
vn -0.009621449491404442 -0.9544112051101481 -0.2983398720752546
vn -0.0448251134676251 -0.9791265333067926 -0.19824717142304202
vn -0.12181658836700308 -0.21974501922219614 0.9679219210895373
vn -0.1585868923806105 -0.21878207528401875 0.9628003952530756
vn -0.19936747967322035 -0.21735301002279936 0.9555157126299793
vn -0.24563047128773902 -0.21525799028842055 0.9451611868839904
vn -0.2994292309726723 -0.21216812050123626 0.9302294471161869
vn -0.36366635666214875 -0.20751106252869514 0.9081222054108636
vn -0.4422620104416977 -0.20026696261797175 0.8742410753355389
vn -0.5402284475318733 -0.1885459934870556 0.8201241569526415
vn -0.6621452677572163 -0.16882893903030957 0.7301098778489606
vn -0.8050446269343391 -0.13508398338055086 0.5776291769623428
vn -0.9395222006460784 -0.08041404502299197 0.3329138264719416
vn -0.9976428371788263 -0.021984001414670516 0.06500363918721402
vn 0.7985562377696558 -0.2229940330364568 0.5590899716050258
vn 0.8081514795351241 -0.16280695112096466 0.5660256909292064
vn 0.810506299964419 -0.14172995375990133 0.5683239902777318
vn 0.8108730230148228 -0.1350699362110089 0.5694216828315875
vn -0.08789776214463856 -0.2203629893536029 0.9714495027190597
vn 0.8630191188003682 -0.33842106141699824 -0.3750589097387612
vn 0.7831647750962064 -0.4388330949487911 -0.44054335748728946
vn 0.48764524575915363 -0.69622587034152 -0.5267557799926713
vn 0.5308238481691189 -0.6240407631862479 -0.5734101220739423
vn 0.1632340277832488 -0.919531450102479 -0.3575144255076842
vn 0.3393778615421589 -0.8235573130757836 -0.4545063466822733
vn 0.8999680357992512 -0.3286290862068148 -0.2864619664781201
vn 0.7808278764488851 -0.30223013555175715 0.5467767117614749
vn 0.9113340967287226 -0.26940015202982237 0.3112775646042485
vn 0.9765351963599852 -0.2087650575367016 0.0528787388452373
vn 0.9782110586388814 -0.2040208753916361 -0.03845266129969786
vn 0.005037757643250157 0 0.9999873104184511
vn -0.09730652699131946 -0.9539787379353988 -0.28364768176749006
vn -0.2407645762615706 -0.9178059732826684 -0.31569702916600273
vn -0.20482810738679885 -0.9187372101358955 -0.3375905584225561
vn -0.16681723870995843 -0.9195383125580221 -0.355838868881872
vn -0.27433069762241985 -0.9167454142860553 -0.2903799471855539
vn -0.40674371346622235 -0.8691130055019198 -0.2814287391563401
vn -0.5405876005468703 -0.809678182926969 -0.22844317942774986
vn -0.6614775953824605 -0.7382898904388958 -0.13181588858237483
vn -0.7599046752559518 -0.6497373107349941 -0.019654810174725233
vn 0.008594903300995 -0.9210303337017842 -0.3893960092738838
vn 0.04032579900726126 -0.9209899495711967 -0.3874936679782919
vn 0.08217631269440684 -0.9206857977419247 -0.3815556518625648
vn -0.03388871101766937 -0.9543898698298201 -0.2966336657086986
vn 0.12339705295691338 -0.920199786719799 -0.37149094180394954
vn -0.8230480187231589 -0.567571944313249 -0.02130837638960276
vn -0.8770369416539258 -0.47988499428864867 -0.022728731396889905
vn -0.9215184027691564 -0.38759909190556946 -0.023890946229911603
vn -0.9808205060360815 -0.19324196285831852 -0.025469172145735155
vn -0.9953314795747931 -0.0929859799838401 -0.02586219816446776
vn -0.9976160097405732 -0.021171000468239 0.06568170101687545
vn -0.9993244673831179 -0.0262299957846564 -0.025740944244231487
vn 0.03518489547488525 -0.19600811055203538 0.9799708382029756
vn 0.06601698332689764 -0.19592195718351382 0.9783947795270564
vn 0.09809084305012779 -0.19563396057037027 0.9757589558806345
vn 0.1320845932024933 -0.19510807149346354 0.971846953319623
vn 0.16894267180901398 -0.19427400454212604 0.9662898037344687
vn 0.20976934214842138 -0.19302709007312047 0.9585078849923573
vn 0.2561048236119307 -0.19118897733703327 0.9475532144779633
vn 0.3099219405832905 -0.18846793599309566 0.9318949661027202
vn 0.37407664190214557 -0.1843579591588169 0.9088887769567902
vn 0.4525185027792455 -0.1779470734705357 0.8738202582257417
vn 0.5500148665835071 -0.16757004393444133 0.8181710865784347
vn 0.6710283110963704 -0.1500910581992448 0.7260810422781907
vn 0.8119934306204231 -0.12020902126996627 0.5711536219219772
vn 0.01248282565458484 -0.19595293099263983 0.9805338484208849
vn -0.002571541415879182 -0.1959528855641358 0.9806099396874554
vn -0.025309959786256057 -0.19600797859396957 0.980275613418555
vn -0.0561801287251056 -0.19592202879338894 0.9790088619465674
vn 0.8171165457331274 -0.3479131165930111 -0.459648794180622
vn 0.7303404836977034 -0.44712204981543535 -0.5164151919154278
vn 0.6699220858612853 -0.45493096746925243 -0.5867215810865958
vn 0.5691407384930077 -0.5459232438888071 -0.6148549679148375
vn 0.3851237732659098 -0.7653166104669548 -0.5157229537346574
vn 0.24581012851750778 -0.8760472646898365 -0.41487175216886224
vn 0.9719499588331824 -0.21129002839252206 -0.10329473087269328
vn 0.9542410118794914 -0.22206195474844156 -0.20028125099595734
vn -0.06591121742061452 -0.9542323270207227 -0.2917128339424731
vn -0.12700355709057054 -0.9201936978907965 -0.37028861020615217
vn -0.37274963594632954 -0.8710454314485074 -0.3199024308356568
vn -0.5107904689341738 -0.8126690940083472 -0.28046753910151323
vn -0.6404191997763987 -0.742392281342229 -0.1967662297276587
vn -0.7475899878917739 -0.6602702242195528 -0.07178050580094052
vn -0.012548826611214332 -0.9210177225784514 -0.3893184835672258
vn -0.12229716476766406 -0.1951079902581605 0.9731270603714668
vn -0.15918962767096045 -0.1942740789933134 0.9679443396566152
vn -0.20010726390011044 -0.1930270147694624 0.9605715249285716
vn -0.2465596912142307 -0.1911880564062204 0.9500818100331967
vn -0.3004887433494213 -0.1884689554175794 0.9349791270205405
vn -0.36490189210190577 -0.18435799438141345 0.9126109461583902
vn -0.5417870585633094 -0.16756497056135056 0.8236435902828911
vn -0.6636767692705833 -0.15009194023572756 0.7328066289321049
vn -0.8206299229732351 -0.11478396322201873 0.5598135147600392
vn -0.9529618676301128 -0.3018090113979684 -0.02783881250894934
vn -0.9976260527109352 -0.019410998813337726 0.06607171919563616
vn -0.9996498881679837 -0.008102001530302147 -0.025188462774467384
vn 0.9314558067159244 -0.17637002293401277 0.31825099394258355
vn 0.9407805789559773 -0.1069819783969172 0.32169357867004056
vn 0.9426976084025516 -0.0842339811016872 0.32284029417015164
vn 0.9428244528988334 -0.08041702139261923 0.32344265903921016
vn 0.9432651383435114 -0.07186102559136849 0.32417105328322127
vn -0.08823221843684978 -0.19563497997822785 0.9766995598640507
vn 0.9267256254757014 -0.23270392684336547 -0.2950059279376391
vn 0.8896052777516835 -0.24307885316935696 -0.38667185175316326
vn 0.4651078961493413 -0.6290720142421905 -0.6228507412187986
vn 0.42706788027433806 -0.7003770494319135 -0.5719134674642926
vn 0.1992278884881553 -0.8773099349536118 -0.43661828463801255
vn 0.2875856250399843 -0.8257373929544812 -0.4852342384324279
vn 0.9926892938816236 -0.10794405840012611 0.0540004265623287
vn 0.9928870436516672 -0.11354505136563547 -0.03581675388735488
vn -0.08601865945706458 -0.9206685680656805 -0.38074949507661715
vn -0.2940646280302816 -0.874548266560603 -0.3856051400036783
vn -0.2500843486854744 -0.8760442612294294 -0.4123157417678175
vn -0.20366457397013094 -0.8773187974398342 -0.43454858067687707
vn -0.15512244560078783 -0.8783514746234959 -0.4521456777384483
vn -0.33510673246372996 -0.8728689447482704 -0.3546875852796698
vn -0.47580318442234154 -0.8156096327881577 -0.3292297929968154
vn -0.612874425603866 -0.7465283593082916 -0.2589987397444272
vn -0.731943132887206 -0.665569025367831 -0.1458667977648692
vn 0.01058580115024928 -0.879627948942437 -0.4755445428698862
vn 0.04921466183447104 -0.879534602685285 -0.47328300174394233
vn 0.10042175919083617 -0.8790885071339988 -0.46596015592101353
vn 0.15070563337851892 -0.8783220972109385 -0.45369384569217874
vn -0.04423915488299771 -0.9209625596543821 -0.3871315808482781
vn -0.4436833302713358 -0.17794801512967448 0.8783391180806794
vn -0.940031311204054 -0.07182100012188014 0.33344096613565594
vn -0.8656077735301869 -0.49377001367520756 -0.08315260668973526
vn -0.9109737258382116 -0.4030771338774569 -0.08749682838584442
vn -0.9729424881371613 -0.21129300353049482 -0.0934782404441378
vn -0.994615521352417 -0.03988799447024795 -0.09564994815472294
vn -0.9996672987562575 -0.007116999069633921 -0.02479193662484782
vn -0.9952733028441269 -0.01575399837764547 -0.0958272622005869
vn 0.03541035482814986 -0.1569359839969244 0.9869737603897388
vn 0.06639794484535663 -0.15690699661724186 0.9853788648701929
vn 0.0986493394271746 -0.1567160168356889 0.9827046341082034
vn 0.1328272030743335 -0.1563340240559777 0.978732142644715
vn 0.1698716974227004 -0.1557090006865986 0.9730870020300916
vn 0.21092493143526697 -0.15475404440195917 0.965174522581416
vn 0.25751424647877236 -0.1533269703001085 0.9540321027298084
vn 0.31156644267342515 -0.1511989472033022 0.9381179191148842
vn 0.3759268482952301 -0.1479649557729112 0.9147597370861571
vn 0.45459668666269065 -0.14289495404198915 0.8791603292828001
vn 0.5522383763447589 -0.1346589869489861 0.8227391645752482
vn 0.6731413372076865 -0.12076405150442958 0.7295867213748362
vn 0.8136075750322839 -0.0969839670874779 0.5732685443821784
vn 0.9439251886127207 -0.05850998575969504 0.3249335622382516
vn 0.012568392134002153 -0.1568620498601004 0.9875405474373461
vn -0.0025761205999605425 -0.1568619861366949 0.9876171732548527
vn -0.025448481295025378 -0.1569369284886443 0.9872806973076739
vn -0.05647338675415746 -0.15690695798173418 0.9859974458006641
vn 0.8431728413639586 -0.253097896350738 -0.474342718347251
vn 0.7626788776133318 -0.3569840990009861 -0.5393359645925005
vn 0.6023899116854036 -0.46221307484016055 -0.6507576105943411
vn 0.4990045174194664 -0.5517557604712895 -0.6682515038379746
vn 0.3264707899939621 -0.7682321680811504 -0.550668828976231
vn 0.9712387167376461 -0.12304005254838754 -0.20385411592288438
vn 0.9442776781536324 -0.13400104909839544 -0.30063829659794605
vn 0.9881561879373424 -0.11188897514224454 -0.1050152630942659
vn -0.10507406751680726 -0.8791129343922438 -0.4648869635940894
vn -0.4360587358657489 -0.818440102262051 -0.37417720118207143
vn -0.5791546121669484 -0.7506291236687854 -0.3180186376707862
vn -0.7087996804976167 -0.6709588196372356 -0.21775508094527724
vn -0.8110318271899216 -0.5797931481563015 -0.07789275085643221
vn -0.015328084640252518 -0.8796546580778609 -0.4753658931214804
vn -0.0887253349757361 -0.1567169864048801 0.9836501416182565
vn -0.16007322237272645 -0.1557090045123689 0.9747467719325767
vn -0.20120226812455833 -0.15475297790909112 0.9672482427638738
vn -0.24787338932953368 -0.15332795906841656 0.9565821030262919
vn -0.3667014117695747 -0.14796498623052678 0.9184968358443053
vn -0.44568976752411665 -0.14289700815813308 0.883708705504112
vn -0.6658916193275342 -0.12074805789212668 0.7362121011126033
vn -0.8076176936974718 -0.09702100890822672 0.5816705121090515
vn -0.9289765562320088 -0.06550398809209651 0.3642962880888959
vn -0.9468199571087218 -0.3086439783676072 -0.09094428755042498
vn -0.9891615935044503 -0.11190196978434609 -0.09506466795881509
vn -0.9976543540882233 -0.01673400073663071 0.0663759217499568
vn -0.9996790829326322 -0.006429997018780803 -0.024502781175004793
vn -0.9953149313139709 -0.011737004082611966 -0.09597098644189352
vn 0.996103201635487 -0.048162003498343556 0.07388391645383859
vn 0.9982421149174041 -0.022003998001310924 0.05503184602742719
vn 0.9982241036194481 -0.021182001447112006 0.055677300292345966
vn 0.9982335631979987 -0.019436000900265843 0.05614263241095611
vn 0.9982604433455452 -0.016765991745836022 0.05652423172705636
vn 0.9074440384770242 -0.14468303149475045 -0.39447704296954733
vn 0.7002051260424392 -0.3655247831296415 -0.6132735233009169
vn 0.6301895462043496 -0.3734389868958395 -0.6807381720756996
vn 0.3621880227424892 -0.7040351299983386 -0.6108636279155183
vn 0.39457700247457944 -0.6334971778435882 -0.6655751759060617
vn 0.2329513383538164 -0.827570383348897 -0.5107454694492412
vn 0.9989900756752138 -0.02972000246448673 -0.03369792509846009
vn -0.054027127131982045 -0.8795810162238719 -0.47267145612195094
vn -0.34396417649643196 -0.8235490266331642 -0.45106057910074493
vn -0.2925370442443867 -0.8257098475405349 -0.4823124769476157
vn -0.23821915370946775 -0.827549143794124 -0.5083444200653304
vn -0.18148619744623037 -0.8290264391532453 -0.5289403778512268
vn -0.12295293744617307 -0.8301032433883818 -0.5438852640855847
vn -0.3919749079242005 -0.8211097590006261 -0.41489087147314796
vn -0.5395611837872287 -0.7546358679108132 -0.3733609993191817
vn -0.6784831965094402 -0.6763449862008716 -0.2867368335168597
vn -0.7696396953914857 -0.593091907740706 -0.23642488923586566
vn -0.7943947825902231 -0.5864049318336558 -0.15832304100982153
vn 0.01233240290084329 -0.8309080977879179 -0.5562729949127093
vn 0.0575466814200199 -0.830803411327132 -0.5535829397522497
vn 0.11754390798375847 -0.830127765168095 -0.5450424966852857
vn 0.17624051254316506 -0.8290221474697888 -0.5307179672322225
vn -0.12298979733751342 -0.15633405457271024 0.980016924921062
vn -0.3020333105104854 -0.1512019806951369 0.9412299614737857
vn -0.5439855837097302 -0.1346539435759023 0.8282197777132841
vn -0.8483626373952524 -0.501681943980943 -0.16910370355280047
vn -0.8935210195569231 -0.4121739712953812 -0.17813703993428961
vn -0.9295576141455507 -0.3186930959129325 -0.18535736457303748
vn -0.9562065394523435 -0.22207614046742272 -0.19066001611157904
vn -0.9732455701221823 -0.12302394249708493 -0.1940571302735934
vn -0.9793865473036566 -0.05119097523004968 -0.19540080607719815
vn -0.995335025724284 -0.008651000375427494 -0.09609030522869373
vn -0.9803200767173975 -0.024987995234627382 -0.19582682982408248
vn 0.035610457829135876 -0.10295703871628076 0.9940481595335176
vn 0.06677377852248381 -0.10300600630407054 0.9924369124368139
vn 0.09924389246065032 -0.1029519993208769 0.9897229590370696
vn 0.13359579859085818 -0.10277597749016182 0.9856922750279687
vn 0.17081650554280853 -0.10244498472104853 0.979962625072838
vn 0.21213074487557168 -0.10190497095107479 0.9719135372933106
vn 0.25890235263898304 -0.10106597060309679 0.9606014997823259
vn 0.3132017747098855 -0.09978096120287462 0.9444302028736737
vn 0.377836137727778 -0.09778801216991423 0.9206939544185202
vn 0.4567009448699641 -0.09461602614118142 0.8845745048056343
vn 0.5545035331565826 -0.0894009754006543 0.8273652744189101
vn 0.6752855979852137 -0.08052397117705343 0.7331474962240745
vn 0.8153168273465813 -0.06521101364286268 0.5753312043902844
vn 0.9446141875307288 -0.04032102111509602 0.3256965642617329
vn 0.9982934223169995 -0.013166997909252055 0.05689352445288405
vn 0.012646337320392085 -0.10285698609893047 0.9946157602627375
vn -0.002582556178532535 -0.10285602457179267 0.9946929016600407
vn -0.025574131877478378 -0.10295599923441898 0.9943570917936653
vn -0.056780157465319135 -0.1030060102493043 0.9930587976402675
vn 0.8610076088573698 -0.15499602124491865 -0.48439873130300315
vn 0.7878045509210431 -0.2626910125758072 -0.5570973177641324
vn 0.5284888831971942 -0.46880381258610293 -0.707758776449799
vn 0.4235563563350777 -0.5569130436901083 -0.7144563491046685
vn 0.2644723254532488 -0.7707363843470622 -0.5796721615818449
vn 0.9773711755187369 -0.05120202047843143 -0.20524117122070984
vn 0.9936052285123281 -0.039860992998855684 -0.10563972316372855
vn -0.06321513552901138 -0.8307608606324004 -0.5530282443794007
vn -0.4945978983093858 -0.7584698853265676 -0.42437760548907627
vn -0.6413440153418128 -0.6816422323289331 -0.3521955722192848
vn -0.7370679540158092 -0.5997528502891124 -0.3114921343036357
vn -0.017940389662764875 -0.8308858248854302 -0.5561536554075742
vn -0.12367025533858023 -0.10277602647916725 0.9869867052426005
vn -0.16097293551291977 -0.10244498750529761 0.981627596681854
vn -0.20232675451676077 -0.1019049942873588 0.9740016717367623
vn -0.24919792565302695 -0.10106698702284787 0.9631645020370881
vn -0.3036294282993243 -0.09978196682065535 0.9475509112274798
vn -0.36855998079639857 -0.09778602435571458 0.924446555510951
vn -0.4476910153129863 -0.09461794962215249 0.8891682621513923
vn -0.5461618347962909 -0.08939901251787391 0.8328955917597224
vn -0.6680750684969687 -0.08050598741433877 0.7397259552315392
vn -0.809377173411091 -0.06522602537142846 0.583655854742603
vn -0.9976897624633743 -0.013140003364360305 0.06665191810713772
vn -0.9996866341201486 -0.006029999978346273 -0.024295527608784555
vn -0.995340373906139 -0.006503001107220592 -0.09620421533896958
vn -0.9804279094563716 -0.016990999268359133 -0.1961438765367695
vn 0.9993441217131932 -0.008104995507843965 -0.03529356095812231
vn 0.9993663155278196 -0.0071179994779339145 -0.034875513928583755
vn 0.9993815432467433 -0.006430000469364339 -0.034571463835390406
vn 0.9993906943350924 -0.006029997504422741 -0.03437847010148417
vn -0.0892279383227669 -0.10295202256929906 0.990676161049391
vn 0.9509719740637719 -0.06229701398882726 -0.3029379253136338
vn 0.9145921053029961 -0.07305098009090784 -0.3977245720661363
vn 0.7239550357168812 -0.2717199204169153 -0.634079956400448
vn 0.553269474686729 -0.3805772205632116 -0.7409816917901897
vn 0.31999342182627094 -0.6372270793443346 -0.7011033157375617
vn 0.2935798063403577 -0.7071534055292583 -0.6432300975215095
vn -0.3902619142147469 -0.7653493089834413 -0.5117969065479102
vn -0.331980949901932 -0.7682382375185574 -0.5473560626471506
vn -0.2703822001905062 -0.7706911844838391 -0.5769996221654207
vn -0.2060389548226685 -0.7726661104846941 -0.6004456934678081
vn -0.13959198913112333 -0.7741129310582797 -0.6174651784018073
vn -0.07174396417923672 -0.7749800751866331 -0.6279002203117697
vn -0.4446791736046233 -0.7620698731439544 -0.4706484261193982
vn -0.5977091283752891 -0.686787968455486 -0.4136013590906571
vn -0.6970540935162239 -0.6062578356829297 -0.3828407337070142
vn -0.8224761299203053 -0.5096052394283955 -0.25265691294410464
vn -0.7882108594156162 -0.5174580838434815 -0.33310774918084424
vn 0.013928512799899116 -0.775190155152387 -0.6315743977442412
vn 0.06538370746794925 -0.7750242592518582 -0.6285398701505371
vn 0.13346741770695275 -0.774143055424774 -0.6187802341285903
vn 0.19998093685929755 -0.7727155893234092 -0.6024269606429095
vn -0.95171245785097 -0.036126006535393794 0.30485785084703054
vn -0.8669702787458279 -0.42120894709889745 -0.26635607493582697
vn -0.9027959178572311 -0.3286409871991052 -0.27740697942394527
vn -0.9296293119950617 -0.23271811762356254 -0.2857124778677584
vn -0.9472429220291466 -0.1340070506046231 -0.29115795893970375
vn -0.9539801315687375 -0.06228100440441942 -0.29333084573987545
vn -0.9804588326891264 -0.010847997950026944 -0.1964250450995294
vn -0.955187638764049 -0.03398301500768441 -0.29404375430086643
vn 0.0357371102604805 -0.03370501351647127 0.9987926867043455
vn 0.06701061423567348 -0.03385599064328864 0.9971776920275138
vn 0.09957125378308776 -0.033979005861616646 0.9944500955707734
vn 0.1340656151842691 -0.034072019835372606 0.9903865448851783
vn 0.17140987164747373 -0.034127000972175664 0.9846085535411734
vn 0.2128415425558736 -0.03413098722139469 0.9764904267189358
vn 0.25970348652194347 -0.03406300703590196 0.9650874626892729
vn 0.314156538590481 -0.033881000276451814 0.9487664344195124
vn 0.3789843538687829 -0.033513002965984466 0.9247960521946788
vn 0.4579760229766468 -0.03282298809544881 0.8883583814153947
vn 0.5559062584755683 -0.031548015554547656 0.8306461066556953
vn 0.6766746006553137 -0.02917798779775329 0.7357038329763178
vn 0.8164157452907462 -0.02479500386171045 0.576932005200659
vn 0.9450691049928246 -0.01726099681456093 0.3264145290532108
vn 0.998328377637829 -0.008619997184877454 0.05715020604996262
vn 0.9993944668054106 -0.005909998343173573 -0.03428952665629436
vn 0.012683302438058638 -0.0335730108111321 0.9993557858862581
vn -0.002598853896344586 -0.033571997168386575 0.9994329226939402
vn -0.02565042105786908 -0.03370399981899244 0.9991026455253511
vn -0.056960551911548585 -0.033855992503335895 0.9978022185270716
vn 0.8684379149304166 -0.0833859721701033 -0.4887354781029893
vn 0.8053145911342794 -0.1648240432201664 -0.569474708905308
vn 0.6521483499685318 -0.28003298887176936 -0.7044743109417582
vn 0.44889098945783623 -0.4745782154972369 -0.7571475397563033
vn 0.34359402070833317 -0.5612609593750912 -0.7529470661439844
vn 0.9942589669135972 -0.015753009241907305 -0.105834537896335
vn 0.9521689501945229 -0.03398499802270196 -0.3036763247190294
vn -0.02036545237099796 -0.7751617577709029 -0.6314344761249965
vn -0.5480969170838738 -0.6916830441560093 -0.4702811243397177
vn -0.6499949501819561 -0.6125197529610331 -0.44980675514104007
vn -0.7459075302959979 -0.525122081475848 -0.40971789782019286
vn -0.12406162576327946 -0.03407199667878095 0.9916893727651281
vn -0.20297995549091916 -0.034131006435691766 0.9785878662994915
vn -0.24999200291748477 -0.03406299462385479 0.967648547187748
vn -0.36968379761801845 -0.03351298984578324 0.9285530514140355
vn -0.44890515715623297 -0.03282399647969201 0.8929763407468525
vn -0.5474833040666722 -0.03154700510258633 0.8362217518321902
vn -0.6825066675794197 -0.023623007594597206 0.7304975032276437
vn -0.8247746912641924 -0.020510995681184564 0.5650893802808742
vn -0.9962083511750197 -0.010390001055021518 0.08637690042612742
vn -0.9996900842654738 -0.0059120012379909265 -0.02418230060709316
vn -0.9953329124194975 -0.0052940018664721766 -0.09635542018360237
vn -0.9804410944996957 -0.006568998028033113 -0.19670309728406965
vn -0.955375200404585 -0.022083004193463575 -0.29456844260322673
vn 0.9942980395510177 -0.011737006520583832 -0.10598892028386035
vn 0.994314624740152 -0.006502002270379325 -0.10628335238562343
vn -0.08951926871374911 -0.033979000989774105 0.9954053084149654
vn 0.8701215520048396 -0.05091899242096323 -0.49019969496881877
vn 0.8128182988106933 -0.09317695353480804 -0.575016928836415
vn 0.7407607112934897 -0.17402297309692066 -0.6488370931431644
vn 0.5730080402801917 -0.2875260933827399 -0.7674571853845101
vn 0.47026379111968414 -0.3868141613787085 -0.7932381554858722
vn 0.2219685444456807 -0.7096720002253207 -0.6686520899338146
vn 0.24202652885711787 -0.6402077848655724 -0.7290796606180231
vn 0.9783012986449249 -0.024986013377040445 -0.2056751521335908
vn -0.43277781748856436 -0.7004058537076454 -0.5675693797078021
vn -0.3682586260281493 -0.7040696330372428 -0.6071832805592248
vn -0.2999978180796099 -0.7071711274937726 -0.6402423803425229
vn -0.22867960797533113 -0.7096449090810096 -0.6664155909878268
vn -0.15496586358589487 -0.7114572814333469 -0.6854298781192351
vn -0.07963379470964377 -0.7125621030621397 -0.6970751093101825
vn -0.022605255120364327 -0.712790829418483 -0.7010122937137796
vn -0.49296197753759313 -0.6962490074463831 -0.5217526313610232
vn -0.5963660446713173 -0.6184812209419414 -0.5116918214172023
vn -0.6960165657343726 -0.5324730054346858 -0.4816984935690405
vn -0.8315518871001707 -0.4301270526950835 -0.3514429933858205
vn -0.7875831126292457 -0.43882114683594325 -0.43260702928965034
vn 0.015509454496987372 -0.7127485622135742 -0.7012481328914099
vn 0.07257545772460038 -0.7125062002481145 -0.6979023696363688
vn 0.14803981733587476 -0.711465805440453 -0.6869502312192116
vn -0.16149612272166367 -0.034127011098839324 0.9862830980298349
vn -0.3045894630415831 -0.033880994737553266 0.9518809469674421
vn -0.9416866268568128 -0.017277007496961583 0.33604732079126565
vn -0.8667556121537244 -0.3384198557857934 -0.3663423399089236
vn -0.8934627140865133 -0.24306909760550957 -0.3776794835921121
vn -0.9113725105759053 -0.14470897416264913 -0.3853043728837827
vn -0.9185484716623926 -0.07307399572458687 -0.3884956838312696
vn -0.980394753044943 -0.004161000400714803 -0.19699952862281292
vn -0.9554044403844377 -0.012938002292763059 -0.2950168866190062
vn -0.9200171237347061 -0.04265501491172669 -0.3895497936564706
vn 0.012663402146730663 0.050502986221423865 0.9986436234357023
vn 0.03568202813001385 0.05033499004701194 0.9980947758832807
vn 0.06689128870622575 0.0500629771202737 0.9965035142020701
vn 0.09935003456647638 0.04972700950952092 0.9938092347915066
vn 0.13379035699760167 0.04931100494771876 0.9897820796344519
vn 0.17109161902445708 0.04878899212631132 0.9840463871926408
vn 0.2124146641483222 0.04812598894093798 0.9759938010270415
vn 0.25921038983180794 0.047261989643008935 0.9646638161236413
vn 0.31359174721220606 0.04610302474566706 0.9484380460471291
vn 0.3783474950235269 0.044493980601162816 0.9245936722148198
vn 0.45730634673633913 0.042168005553695556 0.8883089353047657
vn 0.5552368322361442 0.038649001094752465 0.8307937859918968
vn 0.6761029930191315 0.03310298562844138 0.7360631326000886
vn 0.8160210845090881 0.024200009941826053 0.5775153237407883
vn 0.9450110978920018 0.01067699867458423 0.32686392667325076
vn 0.9993935876961816 -0.00607200287068577 -0.034286843728943354
vn 0.9943140982261602 -0.008650995058358408 -0.1061349817600117
vn 0.9943055673094969 -0.005292999550875797 -0.10643506458443969
vn -0.0026037770313947534 0.05050300131353279 0.9987205150608934
vn -0.025589095994177687 0.05033499761912971 0.9984045203127252
vn -0.056822391706432725 0.05006300977703163 0.9971283321884028
vn 0.916057102886421 -0.04265299090260861 -0.39877325213509374
vn 0.6679006839368398 -0.18248596605533254 -0.7215313912710617
vn 0.5873526284358366 -0.19013602654936082 -0.7866798467467784
vn 0.3818834306132954 -0.39208293455861915 -0.8369205564752976
vn 0.36430052551427666 -0.47946694643347626 -0.7983712008757454
vn 0.25995549564204457 -0.5646940705300114 -0.7832903337803584
vn 0.9784046941939488 -0.016991007175465304 -0.20599893216812704
vn -0.5366164975295244 -0.6240287623770688 -0.5680060196030404
vn -0.6390292386468753 -0.5394079971775477 -0.5483435462694001
vn -0.7354873188338378 -0.44717100708721336 -0.5090152200624458
vn -0.12379467329699069 0.049311026975678865 0.9910818843475523
vn -0.1611554757582357 0.04879000049204736 0.9857222978532659
vn -0.20255684535664994 0.04812601646658425 0.9780872205167699
vn -0.24949802532695503 0.04726198678864621 0.9672212983401162
vn -0.30404643720698965 0.046102010971035355 0.9515410493542372
vn -0.44825682061942007 0.042171023434823963 0.8929095293200923
vn -0.5574223906823941 0.04550901371835312 0.8289808248906047
vn -0.6687227231008857 0.03309198607507736 0.742775093864989
vn -0.795390500225774 0.01907200899472406 0.6057971695406791
vn -0.9303535020441213 0.007856998185116206 0.36657963502322155
vn -0.9996882293422125 -0.006072998964028456 -0.02421905857408176
vn -0.9977343882288905 -0.0031370002729535274 0.06720304885054594
vn -0.9953148347802812 -0.005029001008327396 -0.09655614333205144
vn -0.9803461210605785 -0.0036350014547533614 -0.1972517926050394
vn -0.9553400023859222 -0.006564999481279779 -0.29543591627132465
vn -0.9552349115153392 -0.002981999625447516 -0.29583335089289003
vn -0.920310437018047 -0.02696199279448936 -0.3902585687210484
vn 0.9983569376939045 -0.003131000125695555 0.05721557302572595
vn 0.9784293388034631 -0.010847994183887488 -0.20629675225462082
vn 0.9783632680385097 -0.004161001367750546 -0.20685260892873666
vn -0.08933720870854663 0.0497270027882182 0.9947593117603203
vn 0.9523618502345734 -0.022083002250766013 -0.3041697671192398
vn 0.9163425840204209 -0.026960001843134154 -0.3994864541025093
vn 0.8146457563992813 -0.058691996463073784 -0.5769814044939587
vn 0.7481509454179037 -0.1022849887448163 -0.6555973947078876
vn 0.4873618825275714 -0.294070146027625 -0.8221928877547365
vn 0.16138925505462132 -0.6423948841909878 -0.7491877742716851
vn -0.47134542487156517 -0.6290470190255274 -0.6181693443610266
vn -0.4012723686481988 -0.6334859838157002 -0.6615708537023969
vn -0.32699716325095973 -0.6372640902952299 -0.6978304482078855
vn -0.16898367747035575 -0.6424338264307855 -0.7474779564683458
vn -0.08687103192007524 -0.6437661291214729 -0.7602753414448585
vn -0.024656228655703976 -0.6440668497733568 -0.7645717516436907
vn 0.016954326324840806 -0.6440390957135553 -0.7648046770328598
vn -0.6757424504250243 -0.4550151877297499 -0.5799425140725969
vn -0.8217218516958209 -0.34791405885906174 -0.45136349663414826
vn -0.7681042140042973 -0.35700480537138624 -0.5315670092947634
vn 0.07912780615938558 -0.6437197327887757 -0.7611594418456293
vn -0.3691107149715494 0.04449097661766236 0.928319898037739
vn -0.847928841050028 -0.2530969522266894 -0.46578816353479546
vn -0.8658591931056863 -0.15501001888409677 -0.47566769047300445
vn -0.8733146968628481 -0.08341099190867551 -0.4799625471556741
vn -0.9551230394076939 -0.002197999870432373 -0.29620119579295834
vn -0.9203365206701668 -0.014898992534630813 -0.3908435860317846
vn -0.8750058705568797 -0.050919986842149885 -0.481426922212491
vn 0.012517547706158252 0.14740103286910758 0.9889975968163645
vn 0.03529412995007111 0.1471959722608482 0.9884774504971022
vn 0.0661756298685318 0.14679499288374612 0.9869508681164245
vn 0.09826884599235501 0.14622901185259324 0.9843578160404606
vn 0.13232478037409462 0.14545905910737358 0.9804753003633213
vn 0.16925690578653255 0.14442599966810926 0.9749324235368502
vn 0.21018904591215715 0.1430349337465918 0.9671409270145925
vn 0.2565733527683409 0.1411399815207553 0.9561640132663084
vn 0.3104921513468481 0.1384960124410283 0.9404326017795962
vn 0.37480396162767116 0.13468701407896916 0.9172684441245619
vn 0.45341389995541864 0.12898502620705146 0.8819176255986634
vn 0.5511481697132626 0.1200699988561533 0.82572325291008
vn 0.6722560773162948 0.10554201093900797 0.7327568835829918
vn 0.8131909603005958 0.08141398322851777 0.5762744358552282
vn 0.9440711413367786 0.04342301028183193 0.32687019177822846
vn 0.9993877905621262 -0.006521999648630545 -0.034373064977319116
vn 0.9942905530631262 -0.005028999069924448 -0.10658801648298687
vn 0.9784076102829627 -0.00656900088727177 -0.206580241958724
vn -0.002564486247777336 0.14740097725389384 0.9890734933840265
vn -0.025295820826712705 0.1471959609034334 0.9887838340822619
vn -0.056183628360400244 0.14679594096044618 0.9875699223962817
vn -0.0883661870954845 0.14622798614277882 0.9852962970836909
vn 0.8705035226336437 -0.03158100370907867 -0.4911478975697079
vn 0.8151267539930152 -0.03589600839857224 -0.5781693968949412
vn 0.6749972448801309 -0.1106009501222456 -0.729483481126399
vn 0.5939323940538829 -0.11804196363121773 -0.7958080208916656
vn 0.4998926551464387 -0.19681891217292607 -0.843427322975554
vn 0.275692775971792 -0.483343158692702 -0.8308868059019404
vn 0.3960304726037925 -0.29957108078399625 -0.8679959863542717
vn 0.173478880796236 -0.567220093332387 -0.8050878483977282
vn -0.24929542220741374 -0.6402608577913566 -0.7265795389678296
vn -0.5753830180935398 -0.5458622637418772 -0.6090720577338632
vn -0.7063145069205046 -0.3655918506129853 -0.6061867831609471
vn -0.12245011023625445 0.14545904700466245 0.9817574222523732
vn -0.15942582797337077 0.14442593598430142 0.9765882215089754
vn -0.20041293771200594 0.1430360347333732 0.969213777845423
vn -0.24692728019067675 0.14114001159422918 0.9587003783376826
vn -0.3010320207829795 0.1384950084430024 0.9435035003113069
vn -0.3656543789659872 0.13468101892261727 0.9209548839573867
vn -0.4444663789974509 0.128986978385783 0.8864603755091368
vn -0.542620053366329 0.12008503207921968 0.8313501444970434
vn -0.664822274869695 0.10453101744701238 0.7396516810151762
vn -0.9407581769467548 0.04340799482081889 0.33628826695776076
vn -0.9977404661157697 0.003261000852221935 0.06710684129452332
vn -0.995291895167486 -0.005712999737604805 -0.09675435415480013
vn -0.9996819487239701 -0.0065219984709535125 -0.024361135675302643
vn -0.9802872322110543 -0.004996998879525609 -0.19751448647172398
vn -0.9549979500549978 -0.004224002602508135 -0.2965823211062421
vn -0.9202116998043485 -0.006492997315545568 -0.3913671786558653
vn -0.9200212621083613 -0.001766000176674285 -0.3918644644668787
vn -0.919806757426887 -0.0007319999545384992 -0.39237098920269614
vn -0.8754013655692997 -0.03158200572859748 -0.4823639974889962
vn 0.9983605690908673 0.0032730005995581356 0.05714421713204885
vn 0.9523912946276306 -0.012937004841099336 -0.30460376856376387
vn 0.9523250995059064 -0.006564997981752589 -0.3050144351544119
vn 0.9783042154186504 -0.0036350003289003416 -0.20714161548734586
vn 0.9163539149559128 -0.014897998542469369 -0.400091929666671
vn 0.7500932530482506 -0.06587799569246872 -0.6580427048566347
vn 0.6769813735005454 -0.07239098701700354 -0.7324314062982411
vn 0.28912798349946206 -0.3962880856925523 -0.8714130836151515
vn -0.5057089851386977 -0.5517479956166381 -0.6631987422206188
vn -0.43074378488811416 -0.556916890326646 -0.7101432031985946
vn -0.35117658892379877 -0.5612527732163215 -0.7494466811914198
vn -0.26783725157211874 -0.564723249211013 -0.7806092866926768
vn -0.1815986251808288 -0.5672762055375374 -0.8032556541745389
vn -0.0933575733647896 -0.5688120544319033 -0.8171518893255986
vn 0.018210839100933462 -0.5691801642011017 -0.8220111349727854
vn 0.08510132994847038 -0.5687992256708532 -0.8180618586129289
vn -0.6089287030277359 -0.4622480329134479 -0.6446181743455633
vn -0.7934078905023091 -0.2626781369839261 -0.549093904208861
vn -0.8073725890454364 0.08139797193439123 0.5844004385890184
vn -0.8110193981108526 -0.1648160212714868 -0.5613227369527689
vn -0.818570748363392 -0.09318398880105581 -0.5667968543975178
vn -0.9195902632994583 -0.003404001017202544 -0.3928640482684919
vn -0.8754095853263231 -0.016711996128892258 -0.48309291767131396
vn -0.8204286095736579 -0.05869102469184763 -0.568728634951376
vn 0.01221277329703813 0.2532329091433407 0.9673282493007199
vn -0.0024796413140659532 0.2532329869683777 0.9674021426945607
vn 0.034468112470638954 0.2529969801490989 0.9668528726016943
vn 0.06465825393380382 0.2524759455528109 0.965440421318398
vn 0.09600620522078503 0.2516900076799434 0.9630342406130608
vn 0.12929318697050812 0.25058010333925607 0.9594232036038615
vn 0.16543616857364177 0.24905009438041537 0.9542562153933187
vn 0.20554199236927925 0.24694997518733222 0.9469784575838266
vn 0.2510235069998461 0.24404406955793886 0.9367121708652546
vn 0.3039680666491773 0.23993294842521876 0.9219737494731303
vn 0.3673006169736517 0.23393692287311482 0.9002020733632161
vn 0.4450665246281875 0.22483487878368047 0.8668131666845599
vn 0.54229740738459 0.21040697687353938 0.8134140557101838
vn 0.6637926321658307 0.18650804956787803 0.7242886778962819
vn 0.8069488063956457 0.14600003545976298 0.5722915458945647
vn 0.9418449309222918 0.08077199501661043 0.3261962766755932
vn 0.9993753544430571 -0.007273000332976151 -0.03458329651681933
vn 0.9942717873215183 -0.005712998755609051 -0.10672850875793267
vn 0.9522168258367648 -0.0029820005609010065 -0.30540829108917655
vn -0.0246962763677179 0.2529970173851968 0.967151799423319
vn -0.05489099681579146 0.2524770992584877 0.9660446639874309
vn -0.08630969255488402 0.25168997326171727 0.963951655598245
vn -0.11964035063863061 0.2505798463112837 0.960674724931222
vn 0.8705002103061447 -0.01671199666861431 -0.4918842272570914
vn 0.8151210733506339 -0.018359002080938054 -0.5789996397428092
vn 0.7506522623567247 -0.03984999819001326 -0.6594946236801229
vn 0.5057477615855692 -0.12449001675007082 -0.8536518244464504
vn 0.40648610738458923 -0.20242804780865245 -0.8909500154125944
vn 0.18409229438489447 -0.48615182883326347 -0.8542636750267323
vn 0.30002492845066336 -0.3039799827295298 -0.9042019754501364
vn -0.02648161610007576 -0.5691667250279377 -0.8217955725907143
vn -0.6369708497196591 -0.37349310832552923 -0.6743671363884439
vn -0.7303121357381684 -0.27168914268981686 -0.6267608747664672
vn -0.1558251017758218 0.24905000065985808 0.9558727084857478
vn -0.19595222960391534 0.24695201998212368 0.9490086530374755
vn -0.2946929716572534 0.23993009086178269 0.9249808668047539
vn -0.3582724059962271 0.23393008505933383 0.903834939801404
vn -0.43627919643254975 0.22483794185444272 0.8712682495436335
vn -0.5340383991646825 0.21041109049677756 0.8188590606530405
vn -0.6563311118932494 0.1865290205691159 0.7310515686642748
vn -0.7867892420431618 0.14323298648646976 0.6003723845975208
vn -0.9385356778815516 0.08075803501523798 0.3356023258618658
vn -0.9976950505871953 0.010569999960632048 0.067028808244262
vn -0.9996721603673145 -0.007271998950061598 -0.024549741705690357
vn -0.9952665105063933 -0.007349999196626777 -0.09690485321302032
vn -0.9802003674612284 -0.008253999417692786 -0.19783607133807954
vn -0.9548488630059748 -0.009071998933255524 -0.2969534435758444
vn -0.919363124590201 -0.009797001540387658 -0.39328801647718686
vn -0.8752245698489804 -0.006351002250729017 -0.4836751152406728
vn -0.8749463117007071 -0.0005249998263191684 -0.48421965678451256
vn -0.8746328244614832 0.0007500002178626122 -0.48478537506220376
vn -0.8743283833264769 -0.0025440007526860895 -0.48532814277546255
vn -0.8209265283281596 -0.035893999671641814 -0.569904602433291
vn 0.9983186091511729 0.010572994676704707 0.05699268730314598
vn 0.9162207985313702 -0.006493002521291892 -0.4006211293189574
vn 0.9782340456817699 -0.004996002187857296 -0.20744443070667398
vn 0.9520942835247093 -0.002198000635476212 -0.3057967365306196
vn 0.5958473569632449 -0.07815296700890442 -0.799285956931323
vn 0.193115553666915 -0.39934790828876515 -0.8962296754054224
vn 0.20045896975739236 -0.30721305071074095 -0.930288311716752
vn 0.09036148724546461 -0.48787190560021054 -0.8682256649908521
vn -0.5356247972489991 -0.46881781743722056 -0.7023645283080359
vn -0.45646793438757005 -0.47459807490178607 -0.7525913181637586
vn -0.3723071667691083 -0.4794357342699413 -0.7946878319676233
vn -0.2841211389846684 -0.4832859204422033 -0.8280760215610564
vn -0.1927166307032567 -0.48611276281348814 -0.8523817701477561
vn -0.09907883744787213 -0.4878348707718282 -0.8672949456955297
vn -0.028099392401506874 -0.48828516635146035 -0.8722316323476195
vn 0.019320572534945304 -0.4883059985045629 -0.8724585762667381
vn -0.2415752649327439 0.2440428975578905 0.9391935133529318
vn -0.7472649384476233 -0.17401897453606646 -0.6413365015873379
vn -0.7547333757577215 -0.10228804723862583 -0.6480082460196493
vn -0.8739949893899214 -0.010420002223394367 -0.48582320042889665
vn -0.8209216604489945 -0.01835900668531429 -0.5707456301008308
vn -0.756702941521218 -0.06587601117464767 -0.6504314025666763
vn 0.011880700147796906 0.33773294941790893 0.9411669904121575
vn -0.002401177923342074 0.33772386810855476 0.9412421703548858
vn -0.02401268365465837 0.33757903303261644 0.9409908540897011
vn 0.0334890157455348 0.33757691426593966 0.940702031877832
vn 0.06283822868621558 0.33715689510477465 0.9393490219821846
vn 0.0933343910074143 0.3364928518735239 0.9370492260779569
vn 0.12568857981233983 0.3355209932743141 0.9336102205829663
vn 0.16084777483485097 0.3341180625059778 0.9287050735502248
vn 0.199877953446524 0.33212915127722403 0.9218129043346595
vn 0.24417633436851083 0.3293081240592851 0.9121042030178963
vn 0.2958218929183779 0.32520896285804923 0.8981806823501491
vn 0.35770753425367646 0.3190571326150082 0.8776376621736581
vn 0.43398905858788045 0.309414879136693 0.8461181534483412
vn 0.5299388984419979 0.2935909604490433 0.7955935594640583
vn 0.650960069500694 0.26640200365703365 0.7108311757113425
vn 0.7959872395402476 0.2182689346281365 0.5645909905988533
vn 0.9361267488894056 0.13694595429251516 0.32390201545631664
vn 0.9993546439288854 -0.008349997933818323 -0.034936702653170275
vn 0.9942458029359214 -0.0073490017061224105 -0.10687036782115376
vn 0.9160259785019893 -0.0017660000162631826 -0.401115055755098
vn 0.9158152621112173 -0.0007310001283425239 -0.40159914258246954
vn -0.05336250837202264 0.3371789654287054 0.9399270120454427
vn -0.08385187036440644 0.33650696590545254 0.9379402570172033
vn -0.11628326861625528 0.3355249749790649 0.9348268249281348
vn -0.15149953247428719 0.3341251318314357 0.9302732329475562
vn 0.870295903824131 -0.006350998372817375 -0.49248827864895156
vn 0.7506348300123857 -0.01981799393310868 -0.6604200171775111
vn 0.6775788134364781 -0.043396018657406346 -0.7341687388786725
vn 0.5964713354036938 -0.04649102425267692 -0.8012867967873122
vn 0.5075351230647682 -0.08307801131751072 -0.8576165477013361
vn 0.41144625018156034 -0.12984495586096784 -0.9021376118137389
vn 0.3081244280667368 -0.20691301481383456 -0.9285722056626488
vn -0.5607313706610297 -0.3805679722731507 -0.7353559331619657
vn -0.6591820453433354 -0.28001386869298744 -0.6979049107411148
vn -0.19052769576013964 0.33214492791426214 0.9237851178759925
vn -0.23496133835770783 0.3293129920156421 0.914519613112185
vn -0.28678661866413074 0.32520003142408066 0.9011095243736864
vn -0.34889158234614664 0.3190469623791012 0.8811831248751137
vn -0.42538698940566666 0.30942499257225325 0.8504716827831743
vn -0.5218467784656071 0.2936179743653904 0.8009147426128657
vn -0.643835176123496 0.26639405638417285 0.7172938538069409
vn -0.790275315561111 0.21825304569226212 0.5725648728841457
vn -0.9328043850618304 0.1369389936069348 0.33335220299158097
vn -0.9969926397724151 0.039573998132483294 0.06663013516001248
vn -0.9996558883661668 -0.008349000752274228 -0.024867630391504858
vn -0.9952300850237844 -0.009943995117718384 -0.09704738442971914
vn -0.9800896291290911 -0.013415002581509607 -0.19810188434070683
vn -0.9546341243994715 -0.01675100757643225 -0.29730975812648464
vn -0.919015668834001 -0.019919999891236887 -0.3937174037833825
vn -0.8206496176360472 -0.006140001862309023 -0.5713987272045156
vn -0.820280937699209 0.0007289999418661394 -0.5719603585969846
vn -0.8198927230094633 0.002230999777215592 -0.5725128342632343
vn -0.8195046381642207 -0.001651999425354705 -0.5730701692857765
vn -0.8190621287900132 -0.010932996076318001 -0.5736006439839196
vn -0.7572758180337935 -0.039848979609421964 -0.6518783584729108
vn 0.99819147676202 0.04143200567807032 0.04355645331234037
vn 0.9781536300253085 -0.008253998234445248 -0.20771939625720506
vn 0.9519569587571645 -0.004224002335164372 -0.3062027212127333
vn 0.814840381185974 -0.0061399994709747255 -0.5796528733605942
vn 0.6775239222188297 -0.02107299263175582 -0.7351987920302611
vn 0.31198555542140205 -0.1340439627625255 -0.9405834515104537
vn 0.09481779789894863 -0.4012028207261706 -0.9110685384991397
vn 0.20593264408387657 -0.21016603387277777 -0.9557311255299838
vn 0.020287128838484287 -0.4017058250248141 -0.9155440254540599
vn -0.47821869318751964 -0.38679711774782966 -0.7884762971630743
vn -0.3902580727773153 -0.3920899142597474 -0.8330450982797508
vn -0.29792723174778446 -0.39628389409690834 -0.8684459913330779
vn -0.2021562966348809 -0.3993119653123702 -0.8942498454510589
vn -0.10398621512146398 -0.40117493516913294 -0.9100799626718273
vn -0.029512791111238165 -0.40170182056023873 -0.9152948391198403
vn -0.6751123656147735 -0.18249998072207188 -0.7147846184904005
vn -0.6822931068446345 -0.11061197904738328 -0.722662512133788
vn -0.8735232430587293 -0.022885998020807635 -0.486244151564573
vn -0.7572480443993213 -0.019817990983866652 -0.6528266588358406
vn -0.6843120868340873 -0.0723919830387053 -0.7255869131982058
vn 0.011686140568710838 0.3806380609932576 0.9246502585528765
vn -0.0023757713226813327 0.38063084870326447 0.9247240197626829
vn -0.023606049165742403 0.3806361494079018 0.924423537241837
vn -0.05238398277143777 0.38057096475551505 0.9232668406988622
vn 0.032884753907555624 0.3806448763418225 0.9241363920305044
vn 0.061678288068355756 0.38057910520920546 0.9226891857278472
vn 0.09164194206630936 0.38044311249438206 0.9202525700099414
vn 0.12337136417025577 0.3802238541436862 0.9166293292508653
vn 0.15779906123860876 0.37984200681645486 0.9114930093697163
vn 0.19599878442682067 0.37917894265392915 0.9043272670615747
vn 0.239308237835862 0.3780668835535276 0.8943137027151142
vn 0.2897623774202252 0.3761900793428224 0.8800674910686226
vn 0.3501068836664105 0.3729449418319686 0.8592655237883946
vn 0.4243462309102299 0.3671080581064188 0.8277450996445802
vn 0.5178441715918026 0.3562910589481825 0.7777493781816752
vn 0.6361014479597934 0.33563005969516774 0.6947858741601416
vn 0.7793106644355156 0.29526508353124215 0.5527145906743948
vn 0.9219884134896156 0.22018393843217576 0.31852221060296193
vn 0.999032166859209 0.02087500912382135 -0.03871645095658754
vn 0.9942068893412918 -0.009943004214293536 -0.10702241752785746
vn 0.8700067468449246 -0.000523999939159528 -0.4930395378348222
vn 0.9780418427775353 -0.013414995916831407 -0.20797642092524468
vn 0.9155968195075647 -0.0034040014745100244 -0.4020831715971134
vn -0.08230308722498217 0.3804398819890888 0.9211360909362769
vn -0.11413011325486254 0.38022899388857956 0.9178236374461658
vn -0.1486351250993408 0.3798490346595168 0.9130291947440325
vn -0.18683312287015286 0.3791980201117157 0.9062572734836071
vn 0.7502999004288512 -0.005862001163185427 -0.6610716272529163
vn 0.5081321221785696 -0.049086976952958154 -0.8598791863418507
vn 0.4130115844731029 -0.08709198647404963 -0.9065519383813709
vn 0.09843628211642892 -0.3091738784306908 -0.9458973576764125
vn 0.10114061168392921 -0.21212498276760366 -0.9719946339121656
vn -0.5807180805431259 -0.2875180084679806 -0.7616428990917684
vn -0.23024822721908067 0.3780938372221312 0.8966776478295393
vn -0.28088307139855534 0.37619607200224225 0.882938964828146
vn -0.34148594050520814 0.37292697245319095 0.8627356638357838
vn -0.4159671827195789 0.3671148125036834 0.8319843852745807
vn -0.5098899623949825 0.3563319140181886 0.7829685774671789
vn -0.6291378709079148 0.33562599787817243 0.7010996569231344
vn -0.7737427473596771 0.2952440318501898 0.5604936418596941
vn -0.9187393865942421 0.22019397203668856 0.3277690561952761
vn -0.9908813985559289 0.11760801572107614 0.06574502744692787
vn -0.9993466174088426 0.025950006291372178 -0.02515820834205541
vn -0.9951122967544188 0.017826001646445218 -0.0971274961761417
vn -0.9800542485834797 0.013337003666642845 -0.19828210753032413
vn -0.9546293145130478 0.00896299936476978 -0.29766178208620525
vn -0.9190181460200124 0.004712998581135407 -0.3941870557619989
vn -0.756892617224769 -0.005861997596062836 -0.653512970777798
vn -0.7564509701660649 0.0019820003026384406 -0.6540473999716071
vn -0.7560096216278299 0.003695999064784697 -0.6545500680597767
vn -0.7555390849534959 -0.0007369998015725563 -0.6551031582422164
vn -0.755007375817521 -0.011331002293842816 -0.6556183881254075
vn -0.8184475680900885 -0.02561998980620532 -0.5740097511451789
vn -0.6849355876224319 -0.043396999930326266 -0.7273100722562291
vn 0.9888615270165142 0.13796691995865254 0.055839138457630985
vn 0.9953367438372827 0.08985695358309967 -0.03507840161923201
vn 0.8696986702716357 0.0007500001777870785 -0.4935824758107623
vn 0.9517978691190123 -0.009073001838036183 -0.3065917431669592
vn 0.9153443729200117 -0.009797004137599109 -0.4025527265757848
vn 0.8693986540094447 -0.002544000755189389 -0.49410475454778147
vn 0.8144633314967467 0.000729999997783226 -0.5802145712986049
vn 0.6771362229114231 -0.005519001782480735 -0.7358369902638604
vn 0.5964157210379892 -0.022103989711987904 -0.8023712989243494
vn 0.5080718346647586 -0.022897007589283303 -0.8610103006723221
vn 0.41353518982929655 -0.051142987597085625 -0.9090506265288485
vn 0.313211987390196 -0.09013499644683366 -0.945396177996618
vn 0.20855231005877506 -0.13699002819940043 -0.968369591707152
vn 0.02106041147261452 -0.3097178470653913 -0.9505952420866532
vn -0.030649172554953735 -0.3097188908620509 -0.9503340659288594
vn -0.4956303087491517 -0.2940769341188342 -0.8172327415543797
vn -0.4047487213969354 -0.29960699650448536 -0.863952614541508
vn -0.30910864154775447 -0.3040199185948776 -0.9011235968600899
vn -0.20980806793648493 -0.3072280409298442 -0.9282195351829057
vn -0.10796629617163217 -0.309175049059437 -0.944856638824152
vn -0.5952476691903631 -0.19013097074255353 -0.7807242959508397
vn -0.601908563995792 -0.11803500630106305 -0.7897935286364606
vn -0.8735301225623866 0.0007149999372636552 -0.48676956945892946
vn -0.684900687267341 -0.02107300291782103 -0.7283316395219623
vn -0.6038693717262441 -0.07815301738557065 -0.7932426411662964
vn 0.011553551025020446 0.40610497797814604 0.9137533925081108
vn -0.002354336342086959 0.4060980502276314 0.913826477347699
vn -0.02332780125578278 0.40619499577293194 0.913488609177804
vn -0.05174732151915241 0.4064978814375933 0.9121851166853918
vn -0.08130190754851789 0.4070201316472233 0.9097937196215685
vn 0.03250222686161413 0.4062178551378643 0.9131980395381001
vn 0.06092407740245231 0.4065240368034359 0.9116065293171713
vn 0.09050372423987718 0.4070298600010864 0.9089201114323571
vn 0.12179737321358543 0.4077338531463208 0.9049411610025954
vn 0.15567469274233842 0.4086280121730288 0.8993267135513643
vn 0.19320603985946858 0.40968485858459536 0.8915322444019294
vn 0.2356519000061552 0.41082604452512383 0.8807327308345763
vn 0.2849794739538358 0.41189789808535143 0.865521126823525
vn 0.34372597933781474 0.412536904340335 0.8436028412028691
vn 0.4156197577482853 0.41194411876742004 0.8109021272522291
vn 0.505822645878049 0.4083179770874416 0.7598814910919657
vn 0.6195568038403289 0.3975851561895702 0.6768126848640408
vn 0.7575197690588392 0.3707570609016722 0.5373108981554318
vn 0.8982115590382346 0.3117128496894506 0.3099211102015897
vn 0.9940869019534251 0.017805998262223652 -0.10711758861422914
vn 0.9515781791035938 -0.01675199712957911 -0.30695006050831714
vn -0.11267498575872922 0.40773705658024834 0.9061207647303673
vn -0.1466314347478665 0.40862919521733254 0.9008448274591008
vn -0.18419749734789165 0.40969096877888656 0.893434156539692
vn -0.22672964972452356 0.4108458775710282 0.883062472772276
vn 0.7498398720699628 0.0019820003577777066 -0.6616163827541484
vn 0.6766033925752665 0.003222000703122627 -0.7363405922989096
vn 0.5959923789109955 -0.005113999636926672 -0.8029738048577462
vn 0.021633601928503162 -0.2127040900476576 -0.976877145471526
vn 0.10244187607823992 -0.13862692058135326 -0.9850321004493721
vn -0.2761989303478176 0.4119079303511119 0.8683582254971648
vn -0.33525732003022596 0.41253603015432233 0.847004458778502
vn -0.4074840123505962 0.41195987145927115 0.8150127876211024
vn -0.4980306030781381 0.4083599296957397 0.7649886837179467
vn -0.6126922663019393 0.39760913540959136 0.6830191521858158
vn -0.7521271481611317 0.37075591086732373 0.5448346607512634
vn -0.895084583695132 0.31171501280120073 0.3188374802711555
vn -0.9735642604817212 0.21920603827184315 0.0641976907516364
vn -0.9935280399066214 0.11079402013831069 -0.025034356810158344
vn -0.9904594936663174 0.09818700094637536 -0.09669180033187318
vn -0.9757569996788092 0.09427701342452906 -0.19750980309230004
vn -0.950719604538348 0.0904689661894466 -0.2965596056496228
vn -0.9155277911200541 0.0867579609847801 -0.3927873723690692
vn -0.6845149835938298 -0.00551900035180057 -0.7289778994391088
vn -0.683989321431154 0.003221000667310719 -0.7294849095922755
vn -0.6834596408333231 0.005129001473800672 -0.7299702820635007
vn -0.6829440593829302 0.00019099998640961623 -0.7304706532589587
vn -0.6823655979325891 -0.011607001316547577 -0.7309189204546138
vn -0.754297658456258 -0.028089009087315698 -0.6559314369779048
vn -0.8184133519490943 -0.0029620005966448535 -0.5746223210978787
vn -0.6045322154023688 -0.046491021844904445 -0.7952228526825171
vn 0.9690474469570399 0.2357129818371369 0.07339234115007276
vn 0.9808394312551968 0.19172905084549655 -0.034554032425567885
vn 0.9894409245252641 0.09814202103139569 -0.10665271015058023
vn 0.9779979363787621 0.013303999970917404 -0.20818991335714732
vn 0.8140776058670048 0.002230999110499587 -0.5807518181364693
vn 0.8690595331981771 -0.010419995842881079 -0.49459776732613864
vn 0.7493681624057922 0.003695998776617068 -0.6621432600016475
vn 0.5076646262400485 -0.004651000605641902 -0.8615422191964351
vn 0.41344138938304076 -0.02343699429199125 -0.9102290507578727
vn 0.3136328625279066 -0.05262800613471566 -0.9480847644134122
vn 0.20940335032609037 -0.09215206398576198 -0.973477392637021
vn 0.021913733817339923 -0.13898100748676825 -0.9900525581140356
vn -0.03148518826923209 -0.21270987345744508 -0.9766080035783901
vn 0.10287349809693211 -0.09310895153005315 -0.9903271007774526
vn -0.11093243144398655 -0.21213908114098676 -0.9709227600105907
vn -0.5083903109817242 -0.19680204934477463 -0.838336594139611
vn -0.41544683255268633 -0.2024209502711502 -0.8868087100458953
vn -0.31745037638909585 -0.20691001588924166 -0.9254261201495964
vn -0.2155374430166798 -0.21017292097226448 -0.9536094346994569
vn -0.5143418802224963 -0.1244680414515367 -0.8485046475455545
vn -0.8704143945179683 0.08326300637403306 -0.485227836779256
vn -0.6044992211792082 -0.022104007812475228 -0.796299004415023
vn -0.5161617932676503 -0.0830780117079775 -0.8524523723595193
vn 0.011408122827043374 0.43167770815812484 0.9019557699870387
vn -0.0023172035664340857 0.4316759289163625 0.9020257884128521
vn -0.023016245751947044 0.4319039087272684 0.9016259013901461
vn -0.051077014847294794 0.43256806097306805 0.9001533264840438
vn -0.08021710828786402 0.4337007719166072 0.8974791674333572
vn -0.11107961161309696 0.4353089345728545 0.8934021778375795
vn 0.03207806388422819 0.4319062136292884 0.9013478909088602
vn 0.060117423870904976 0.4325652454473228 0.8995961337056886
vn 0.08927952222058558 0.4336928791918297 0.8966268195020519
vn 0.12007764013043178 0.43530217387256454 0.8922406501401549
vn 0.15337853416572517 0.4374361547045728 0.886072590601047
vn 0.1901731319811151 0.4401329270783426 0.8775632093324922
vn 0.23165604665773565 0.4434070090856315 0.8658670223196192
vn 0.2796958172510622 0.4472478682235784 0.8495525847066354
vn 0.3366350397300219 0.45150693689807225 0.8263282253190235
vn 0.40595079270436485 0.4557568812960849 0.7921424234656063
vn 0.4922693104790206 0.4587051570170957 0.7397705758452623
vn 0.6004391892108898 0.4569818657629677 0.6562319364550664
vn 0.7313780638247017 0.44250993720828685 0.5189133677483638
vn 0.8669018323690902 0.3989819067451719 0.29882210615197274
vn 0.813692988813131 -0.0016520004872337902 -0.5812925174563527
vn 0.9515781395698696 0.008930002852060234 -0.3072772353133375
vn 0.9150006309140128 -0.01991999474809416 -0.40296034449582546
vn 0.868573769026655 -0.022886992064097195 -0.49503110341986484
vn -0.1444481104561565 0.4374248876006276 0.8875777211564203
vn -0.1813220838491092 0.4401069689528751 0.8794476435739252
vn -0.22291068651515794 0.44338523095277615 0.8681706991198759
vn -0.2710746299621156 0.44724116542514564 0.8523461063089687
vn 0.5954337159391457 0.004431999337163346 -0.8033922126239313
vn 0.31356163928726 -0.023712994588244916 -0.9492717167677251
vn -0.03189404650997206 -0.13898200635106112 -0.9897811736479197
vn 0.022003579904945263 -0.0931179970643157 -0.9954119152863786
vn -0.32832199973180826 0.45150706516082706 0.8296662187904019
vn -0.39804218570294553 0.4557460059962503 0.7961519932897787
vn -0.48473096931840554 0.4587050013405653 0.7447319041969336
vn -0.59374775291666 0.45700804510920984 0.662274303149288
vn -0.7261588519569551 0.4425009726191468 0.5261997823599568
vn -0.8638864615110803 0.39893190883269963 0.30749555075311785
vn -0.9391014456869601 0.3341259663749009 0.0803013904157345
vn -0.9789878190389654 0.2019730150167952 -0.028102515516506152
vn -0.9752593867152237 0.1994930813163888 -0.09524515279392479
vn -0.9611404503903281 0.19581304456607487 -0.1945926159987621
vn -0.9368244783713682 0.19226403357757044 -0.29222326758267697
vn -0.9024577944121087 0.1888959354300911 -0.38715404541709586
vn -0.6040718858073332 -0.00511400014453972 -0.7969134230138764
vn -0.6034894750476691 0.004432001479089707 -0.7973586463252142
vn -0.6029227722949984 0.006514002199400923 -0.7977729617024255
vn -0.6024005787404524 0.0011209996678824212 -0.7981931383399087
vn -0.6018024798126069 -0.011758000239557675 -0.7985584040768485
vn -0.6815758558990379 -0.030264004634842037 -0.7311213597474473
vn -0.7542249772456415 -0.006347002575579404 -0.6565854089584362
vn -0.8156763681113872 0.0800349626334853 -0.5729454313116331
vn -0.5167808455488031 -0.049087018806492404 -0.8547093203297571
vn 0.9397754514142462 0.3377100580270356 0.05266894366251941
vn 0.9742508122264093 0.19950905981222647 -0.10503089987724112
vn 0.9737168216109803 0.09421500635447257 -0.20736220458279514
vn 0.813260225286493 -0.010933001610770307 -0.5817974522484105
vn 0.6760578800289833 0.005129998351936829 -0.7368306630207689
vn 0.5071220038093158 0.005598002122969741 -0.8618560991399059
vn 0.4130432712912757 -0.004134000985709446 -0.9107020182676941
vn 0.3132298112328847 -0.0035699981887317433 -0.9496706484186734
vn 0.20968806210998098 -0.05351200513166796 -0.9763029150398709
vn -0.03204041658030361 -0.09311794438676786 -0.9951394174378501
vn -0.11236690471504507 -0.13862198731830688 -0.9839500105984466
vn 0.022031821928145425 -0.0535679867423001 -0.9983211254996577
vn -0.21830218015967143 -0.13697102609291464 -0.9662210389701668
vn -0.4205130729032551 -0.1298289332273092 -0.8979494437965428
vn -0.3214480423045639 -0.1340240408213168 -0.9373946407892939
vn -0.9498678802464267 0.31172994536979937 -0.023988564690322733
vn -0.8582557561656117 0.18570893248460119 -0.478444614771683
vn -0.516726053668304 -0.022897000858523246 -0.855844561127817
vn -0.42211324518959237 -0.08709199020141158 -0.9023499285079312
vn 0.01124978711826645 0.4578752858948995 0.8889452541391161
vn -0.0022854124310700925 0.4578758021196285 0.8890132320293814
vn -0.022669154559305228 0.4582099801677561 0.888554851152269
vn -0.050317421564130785 0.4592018976381685 0.8869057302175033
vn -0.07902128835071598 0.460920865922288 0.8839160544671882
vn -0.10934150519831594 0.463423053985545 0.8793654008861603
vn -0.14204760641528957 0.4667601271051013 0.8729017477680503
vn 0.031606435193941324 0.45821689690602113 0.88827828333476
vn 0.059223210308655044 0.4592230831042312 0.8863446120471321
vn 0.08792064690570417 0.4609307806813509 0.8830700851394314
vn 0.11819882679034957 0.46341209080352286 0.8782244994547195
vn 0.15085990271539657 0.466756714229923 0.8714238116289842
vn 0.18680522248808967 0.47101684025513674 0.8621177095079547
vn 0.22722878982752487 0.4763128950699479 0.8494075011816198
vn 0.27382290367880263 0.4827909607290607 0.831825646189885
vn 0.32872942053289655 0.4904749461887704 0.8070757679655787
vn 0.39511943683046363 0.49918088099903607 0.7711673480404909
vn 0.4770318453457985 0.5080382268937332 0.7171734647493966
vn 0.70098414228532 0.5108889292076586 0.49760801267419924
vn 0.8285146273076401 0.48174008943866903 0.2854645311854092
vn 0.9003107405128388 0.4323290584848305 0.05032052967571018
vn 0.9528120233359075 0.3013069741041732 -0.03692364476485506
vn 0.7488941495749426 -0.0007369998548443549 -0.66268922547725
vn 0.947686011438548 0.09040699842899752 -0.3061336282716345
vn 0.9150183133770226 0.004737998251077152 -0.4033844785775004
vn 0.8126440087660954 -0.025620001247540495 -0.5821969860387858
vn -0.17810362301615076 0.4710128945793188 0.8639594623641391
vn -0.21865312818336713 0.4762960985471019 0.8516647439247662
vn -0.2654064648099568 0.48276699104612075 0.8345630238594064
vn -0.32059095152133976 0.4904540926592934 0.8103556162552285
vn 0.5948656863780651 0.006513999511247939 -0.8037987204395892
vn 0.41254276862813016 0.006705000101154781 -0.9109135562863693
vn 0.2096293000166013 -0.023719012670451116 -0.9774932045863483
vn 0.10302135856643803 -0.053778971006527836 -0.9932242556223667
vn -0.11285359845407719 -0.09310901824182774 -0.9892394937718616
vn -0.032095278935713144 -0.0535680054638031 -0.9980482763176681
vn -0.38741409447470343 0.4991589279187107 0.7750810822626165
vn -0.4698216854862704 0.5080168873150087 0.7219324248498675
vn -0.5722831864417744 0.5143631725048351 0.6386880938978042
vn -0.6958892456488806 0.5108921108439307 0.5047052693084003
vn -0.8255958610464305 0.48171208449977343 0.29384509842753237
vn -0.9085684197808016 0.4135079282776763 0.05928422917202513
vn -0.9497628560744856 0.2989058379379316 -0.09276754425907122
vn -0.936341810393007 0.29548792991027123 -0.18960721871091463
vn -0.9129298882610969 0.29230495793834255 -0.2848101660479222
vn -0.8796793182213636 0.28934202283357124 -0.3774195158125428
vn -0.5163152627648954 -0.004649999712393066 -0.856385968438701
vn -0.5157684986259972 0.005598000085724785 -0.8567097047542565
vn -0.5152226404650847 0.00783099931736771 -0.8570205984700002
vn -0.5146929844626847 0.0020410004867590934 -0.8573721281111881
vn -0.5141148115010229 -0.01177999758648508 -0.8576404796021059
vn -0.6009603520768844 -0.03211700180526478 -0.7986333034795556
vn -0.6814668536302645 -0.009429004320281355 -0.73178823527083
vn -0.7518590968213833 0.0770570278289193 -0.6548054008551755
vn -0.8045296988390378 0.182721065360707 -0.5651061634413621
vn -0.42264695098905425 -0.051143984699844734 -0.9048501796699154
vn 0.5787039264226743 0.514356179860872 0.6328818892825977
vn 0.9207374010727136 0.38883495279019026 -0.032403977449002155
vn 0.9487470594010908 0.29902202134120237 -0.10229783981494789
vn 0.9591349530764042 0.1957930237279621 -0.2042675540720685
vn 0.8685660118351612 0.0007769996967459028 -0.49557287996442423
vn 0.7483601651282973 -0.011330997203221444 -0.663195801970676
vn 0.6755421468932795 0.0001910000364540112 -0.7373213487278155
vn 0.5065665910945307 0.007830998459666054 -0.8621652766436324
vn 0.20938965785439345 -0.00296600183168339 -0.9778277834142137
vn 0.10299234369102862 -0.02345199339637712 -0.9944056421535253
vn -0.11302212525438145 -0.05377900793700256 -0.9921359874071168
vn -0.21921062285884746 -0.09215203826135014 -0.9713159654150214
vn 0.022029553857885183 -0.023072996822456532 -0.9994910382662034
vn -0.032091159435511864 -0.023073009423226848 -0.9992185915615464
vn -0.32272644737324024 -0.09013495101211833 -0.9421907082814447
vn -0.9126323494935848 0.4081319893000037 -0.02303202048976286
vn -0.9140375906011192 0.3956928813471547 -0.08923243031144727
vn -0.8368137055385364 0.2865930570569574 -0.4664839138379918
vn -0.4225736664363425 -0.023436996031425714 -0.9060254983451457
vn 0.011058990994541738 0.48517918383782394 0.8743448165847647
vn -0.0022431041823460186 0.4851869603561028 0.8744075605711746
vn -0.02227421152866976 0.4856391709078669 0.8738755375799783
vn -0.049445815217528354 0.48698488629829506 0.8720096512507822
vn -0.07765952077371403 0.48928573280015575 0.8686590070398233
vn -0.1073977236072588 0.4926237448689971 0.8635899344916105
vn -0.13937687181301386 0.49711906224279034 0.8564150428142113
vn -0.17448858750039886 0.5029128775673837 0.8465414168302751
vn 0.031086898161845913 0.48563194545285177 0.8736104499823438
vn 0.058225598643552645 0.4869979837496081 0.8714601215697803
vn 0.08637478356122388 0.4893030021996617 0.8678260014560232
vn 0.1160839312989605 0.492635951628571 0.8624583120691633
vn 0.14801145347557357 0.4971122064939911 0.8549690425943642
vn 0.18300966971774862 0.5028777917930481 0.844761142164546
vn 0.22224722700304725 0.5101399744723414 0.8308810844728715
vn 0.2672196741287607 0.5191129326352383 0.8118592297494445
vn 0.38289631897022036 0.5427529300787728 0.7475357287848935
vn 0.4598344221732513 0.556891042021329 0.6916824932734602
vn 0.5541954808736739 0.5701911404919783 0.6064234760327593
vn 0.6662693855014906 0.576162814785867 0.47341474079446727
vn 0.7833682142937524 0.5598320246807552 0.2700413764149191
vn 0.8515365538881527 0.5221417734176708 0.04747068405382898
vn 0.8755544256382276 0.482136902190343 -0.030797001341254824
vn 0.9338347104673389 0.19222607140450185 -0.3016651637142955
vn 0.9115207041548966 0.0867580119907388 -0.40199882245147983
vn 0.8125982895976722 -0.002927999511684515 -0.5828168207608605
vn 0.7476416869528673 -0.028090004816228514 -0.6635079950985482
vn -0.213819384274068 0.5101671566471047 0.8330730719374304
vn -0.25899508324456083 0.5191299764976887 0.8145094317174308
vn -0.3119104978074478 0.5299820124097939 0.7885625580000454
vn -0.3754020087731564 0.5427740195680892 0.7513119827947498
vn 0.5943213963089731 0.001121000105123853 -0.8042268468834629
vn 0.41203788953911596 0.009066002199661511 -0.9111216083423042
vn 0.3128160871367018 0.007738003730147942 -0.949782195519981
vn 0.10286456897866139 -0.002329000090987269 -0.9946926440903292
vn -0.2195282636181809 -0.05351200874041163 -0.9741374679137192
vn -0.11298997923820571 -0.023452001610754097 -0.9933193183524616
vn -0.45292199658946825 0.5569171542897421 0.6962075468301284
vn -0.5480572984649189 0.5702078985118413 0.6119609056745736
vn -0.6613834273607808 0.5761898709548023 0.48018454225599055
vn -0.7805345075454754 0.5598829000749083 0.2780234176008426
vn -0.8616945641124195 0.5043311047783281 0.05596976801969349
vn -0.9013863348997961 0.3926588932350796 -0.18254223845267945
vn -0.879076623718626 0.38985715124374654 -0.2742912526049126
vn -0.8472525594802343 0.387297148414813 -0.3635436965262174
vn -0.42219906672547863 -0.004133998239661444 -0.9064937165334844
vn -0.42170870888361073 0.006704999891395563 -0.9067065720662747
vn -0.4211934873025503 0.009064998614963297 -0.9069255052395578
vn -0.4207003962675375 0.002941998282619099 -0.9071948639771071
vn -0.4201898256575573 -0.011672003651814719 -0.9073611600375144
vn -0.5133252712539823 -0.03362200085712586 -0.8575352628028708
vn -0.6008147902362939 -0.01215000459687631 -0.7992959184317245
vn -0.6794803489209088 0.07433702087461876 -0.7299181205846353
vn -0.7417522477006409 0.1800370925662748 -0.6460574651927875
vn -0.7846074669404155 0.2840680992152039 -0.551086597396095
vn -0.3231737195421836 -0.052628013506218485 -0.9448751447634016
vn 0.31985212649288974 0.529972104327934 0.7853815542856848
vn 0.9130755339849516 0.39572697993070677 -0.09845418524886562
vn 0.934350800375978 0.29561702624443725 -0.19899536585349165
vn 0.8654665812582155 0.08329500342900535 -0.49399346061357796
vn 0.67496514510066 -0.011607002576644751 -0.7377583143485614
vn 0.506032903160507 0.0020410000371674395 -0.8625117594779779
vn 0.4115593660502319 0.0029419999797735477 -0.9113782051664668
vn 0.3123965962179316 0.010199000007475655 -0.9498970191922376
vn 0.20908567878165013 0.008683005146010354 -0.9778587752584986
vn 0.022007139991791044 -0.0018340000794894546 -0.9997561313805934
vn -0.2194805203315904 -0.023718995067742443 -0.975328514126369
vn -0.032061723472969116 -0.0018340004183898676 -0.9994842081445849
vn -0.11288007496296162 -0.002328998849384242 -0.993605889898362
vn -0.8683525849017528 0.4886479725504451 -0.0847758645888307
vn -0.8654498019193332 0.5005190354715349 -0.021848008797853403
vn -0.8061117430391264 0.38498487564932765 -0.44941128518951673
vn -0.3231191335932228 -0.023712990839377206 -0.9460611605871033
vn 0.010839594424141109 0.5142448662156157 0.8575749067945049
vn -0.002193923820062692 0.5142581180027099 0.8576326572411891
vn -0.021839171846722412 0.5148362746497807 0.8570103038340815
vn -0.04846323005949969 0.516536911865897 0.854892352294862
vn -0.07607273021015218 0.5194310290211318 0.8511194662375086
vn -0.10512224428066663 0.5235971218520599 0.8454557160168915
vn -0.13630392235509795 0.5292159338615074 0.8374674537542985
vn -0.17037295615115575 0.536477160948269 0.8265381489037281
vn -0.20831389243196188 0.5456151130419149 0.8117323885617128
vn 0.030503238398675595 0.5148173424787473 0.8567570579401806
vn 0.05709785092633482 0.5165300078166487 0.8543632637494
vn 0.08461595950229817 0.5194320026488435 0.8503120215672111
vn 0.11363829154262464 0.5236279162444124 0.8443341424014594
vn 0.14470779625522176 0.5292439408448204 0.8360385785249396
vn 0.1786501247618886 0.5364839122459925 0.8247843019988899
vn 0.21652958974211753 0.5456181985690497 0.8095774936078544
vn 0.30966103179406745 0.5706899196933762 0.7605412947030564
vn 0.368970616571805 0.5870890345660421 0.7205464243190267
vn 0.44034881565286554 0.6057867171515842 0.662657810544647
vn 0.5264777806874438 0.6248679334362595 0.5765077728925452
vn 0.6270882760736866 0.6385001894749593 0.44618135556225663
vn 0.7317521784223798 0.6330386481755752 0.2525882406014611
vn 0.7939222576265987 0.6064090734646445 0.044220860064406654
vn 0.8207587786596116 0.5705460767507192 -0.02884790386744222
vn 0.8674842405408982 0.48859309367234394 -0.09353010867559738
vn 0.9099930137099135 0.2923960493066036 -0.2939681366220489
vn 0.8984983449897823 0.18885105430960508 -0.3962776846313362
vn 0.8098893221827416 0.08003996124814174 -0.5810962832593024
vn 0.7475692070388863 -0.006345002236908872 -0.6641536129796061
vn 0.6741659944325684 -0.03026500637033069 -0.73795951199246
vn -0.25161703215507497 0.5569333231756918 0.79152646365485
vn -0.3019653500654603 0.570697994431985 0.7636234193050616
vn -0.36173080830863025 0.5871098472384408 0.7241911692336765
vn -0.43371474496509205 0.6057908699091507 0.6670149488089301
vn 0.5937270802370037 -0.011757998777274186 -0.8045805762370827
vn 0.5054492579914573 -0.01177999707129302 -0.8627759148613766
vn 0.10269094794583154 0.009526997326753283 -0.994667685979555
vn 0.021961499221680943 0.010086000386288553 -0.999707939924528
vn -0.21924478550394721 -0.0029659995665238595 -0.9756653764871948
vn -0.5206745115183449 0.6248587214827214 0.5817642402572641
vn -0.6225420368529099 0.6385078485299934 0.4524921432650837
vn -0.7290927751461503 0.6330748717612017 0.26007678092098757
vn -0.8059030779425326 0.5897419073043743 0.052198771362469386
vn -0.8565082847351834 0.4861178718979921 -0.17344443721653813
vn -0.8354870600913608 0.48375179492701487 -0.2606637169319627
vn -0.8053580848065759 0.48162812949802136 -0.3455903646123852
vn -0.32277051687803243 -0.003569998130153489 -0.9464705217531282
vn -0.3223400612132591 0.007738004713134777 -0.9465923136282546
vn -0.3219326961779466 0.010198996529455242 -0.9467076209693203
vn -0.3215461713191061 0.0038099978501710085 -0.9468862358416694
vn -0.32111694334832386 -0.011432997742606473 -0.9469705355803035
vn -0.41949081273759975 -0.03475900258921578 -0.9070938594036182
vn -0.5131500870378816 -0.014459004468332095 -0.8581770944058105
vn -0.5991936692311145 0.07188800956671297 -0.7973700902553907
vn -0.6705319272585017 0.17764896274719388 -0.7202970085748277
vn -0.7235145434353374 0.2817640329007426 -0.6301870636573433
vn -0.7559494468527558 0.3829070034695203 -0.5309638975457797
vn 0.2596321098576989 0.5569328228427604 0.7889340900045035
vn 0.89948509178977 0.3927149166024799 -0.19157652237645453
vn 0.8533816428778155 0.18568307834537046 -0.48709502770542396
vn 0.5929040184376585 -0.032116990247950554 -0.8046324153661034
vn 0.3119839493544921 0.003809999485678468 -0.9500797331009081
vn 0.2087926517070672 0.011216993894070075 -0.9778956016063839
vn -0.032023618231838545 0.010085999241623435 -0.9994362213241221
vn -0.11272839880875858 0.009526006099589169 -0.9935801745756626
vn -0.8131316587237819 0.5766368609872853 -0.07941559123900838
vn -0.808779253016034 0.5877567568536023 -0.020447852301922257
vn -0.7663454879266234 0.4797568845805822 -0.42725627535712074
vn 0.010586627985973403 0.5459187526535499 0.8377712329801488
vn -0.0021300807064009403 0.545910704909959 0.8378406561040684
vn -0.021334360411334484 0.5465859841960131 0.8371311766660675
vn -0.04733663026519063 0.5486370152351014 0.8347195151361059
vn -0.07420627988296036 0.5521149957589286 0.8304591859230951
vn -0.10243288599972186 0.5571189015718624 0.824091034641883
vn -0.13267352199474716 0.5638650829211593 0.8151404203104048
vn -0.16552536104181198 0.5725388723739429 0.8029947661552671
vn -0.201859529615872 0.5834020756678374 0.786698638876233
vn -0.24300898087601183 0.5968469720514474 0.7646700773317999
vn 0.029803318634388017 0.5465990343499242 0.8368639422547176
vn 0.055760207280366736 0.5486339287102375 0.834201181701405
vn 0.08256140583348323 0.5521027627167735 0.8296783434966257
vn 0.11076520316396249 0.5571268315413069 0.8230071465939955
vn 0.1408483448881166 0.5638608138636555 0.8137706841188703
vn 0.17352893209662776 0.5725180897728473 0.8013181307122996
vn 0.250773183885975 0.5968710962150316 0.7621402133116698
vn 0.2977871407779285 0.6132279050128445 0.731624463301265
vn 0.3528442663898329 0.6327361291462027 0.6893082870159771
vn 0.4180525657829215 0.6551188077242959 0.6293261475643714
vn 0.49505081242249127 0.6786161152690645 0.5425908783023864
vn 0.5831538367703195 0.6980003176125528 0.4156045708035838
vn 0.6738481053773253 0.7011330511735998 0.2331119375565895
vn 0.756784768319613 0.6531238900400712 -0.026570636017127204
vn 0.812330193720692 0.5765840852142331 -0.08758109982963767
vn 0.8547609730527507 0.4860437549440912 -0.1820580875044095
vn 0.8762572076860843 0.3899219328716305 -0.28307983369332096
vn 0.8758109814522735 0.28938012425869447 -0.38628262768551747
vn 0.7988175781193033 0.18273699201896187 -0.5731471614127323
vn 0.7452409214027829 0.07703200491949493 -0.6623307627498622
vn 0.6740476182849687 -0.009428001583489729 -0.7386277283385067
vn -0.29041405567908624 0.6132420029628786 0.7345705698339006
vn -0.3458991718291648 0.6327599170780839 0.6927976979373088
vn -0.4116859483509906 0.6551158382047512 0.6335123664646427
vn -0.48961303353388147 0.6786056788445096 0.5475156710394072
vn 0.4110341979494096 -0.01167200138837901 -0.9115452004698809
vn 0.10253609761083672 0.012104003750837459 -0.9946556397969806
vn -0.21893778942930817 0.008682999616198181 -0.9757001844201286
vn -0.5789779128251903 0.6979796168759524 0.42143686465031155
vn -0.6714491125175869 0.7011236624532085 0.23996187040349637
vn -0.7417333666252054 0.6689808040548821 0.04791968949108657
vn -0.8021709367301513 0.5745772747804428 -0.1624276564238707
vn -0.7825489895091379 0.5727359851701471 -0.2441117987918822
vn -0.7543463897164936 0.5711171205237152 -0.323707829634058
vn -0.2186466926468772 0.01121599877160123 -0.9757396298019967
vn -0.21838118416187077 0.004634001722815362 -0.9758525423608282
vn -0.21806910873118335 -0.011066004695218474 -0.9758705894519378
vn -0.3205204724144302 -0.03551000951624016 -0.9465757581870492
vn -0.41933235696083293 -0.01631900863993026 -0.9076861045332149
vn -0.5118059116494683 0.06977597934976688 -0.8562628226814694
vn -0.591446158902688 0.1755179508783243 -0.7870100952584601
vn -0.6541697210468115 0.2797319682560178 -0.7027175833869187
vn -0.6972023017401302 0.38103688022736243 -0.6072230614484789
vn -0.7187389553129753 0.47810417906224006 -0.5048075951081109
vn 0.2098126745132263 0.5834079947114065 0.784610574310863
vn 0.7279833390669629 0.6843872278893501 0.040674074578851575
vn 0.8320596409247265 0.28658699999054243 -0.4749154086578324
vn 0.5927506663522712 -0.01213700159690806 -0.805294567677676
vn 0.5046526213226724 -0.033622985475646926 -0.8626675064240336
vn 0.3115484804604916 -0.011432997850476767 -0.9501614762149168
vn 0.20851924796295793 0.00463400118229119 -0.978007284871644
vn 0.021914587228337917 0.012675997571963376 -0.9996794836107057
vn -0.031983335925838824 0.012676005415481993 -0.9994080173331419
vn -0.11256443013539083 0.012102997790131766 -0.9935707154061993
vn -0.7487608948234693 0.6587948453235527 -0.07311958806143448
vn -0.7430414312906705 0.6689806684258347 -0.01882276966961522
vn -0.7178113665369674 0.5697220497535437 -0.4002044828521442
vn 0.01028093737617264 0.5811320053690785 0.8137443669005521
vn -0.0020694985254766495 0.5811147850471335 0.8138189748190175
vn -0.02073523947304308 0.5819210578377189 0.8129808929421565
vn -0.04596485839585242 0.5843030570685901 0.8102327871006881
vn -0.071954758309722 0.5883332713623124 0.8054107489751483
vn -0.09919322693457576 0.5941412422961952 0.798221077103981
vn -0.1282753546083168 0.6019323248807203 0.7881769532686181
vn -0.15968107473287613 0.61191613645456 0.7746357830094591
vn -0.1940928012508667 0.624365890789674 0.7566341380885535
vn -0.23274118167881944 0.6397208818016622 0.7325221742293201
vn -0.27672152558464147 0.6582801881848882 0.700065990547589
vn 0.02893075523911794 0.5819347347440246 0.8127207244187244
vn 0.05411792156034374 0.584293073511669 0.8097362872023681
vn 0.0800652406151325 0.5883202517878843 0.8046544839752533
vn 0.10727556911894474 0.5941389294373913 0.7971768215378552
vn 0.13619231874213017 0.6019128127994261 0.7868625153757961
vn 0.2017360185479068 0.6243757487000504 0.7546240807552392
vn 0.24017259441684494 0.6397190075506035 0.7301210285079814
vn 0.28374860138977637 0.6582440165874203 0.6972815398647848
vn 0.3339109392307396 0.6801723833122749 0.6525864031998714
vn 0.39215057224023886 0.7051597356483575 0.590734860924926
vn 0.45931483918813976 0.7315250048902447 0.5038859451521751
vn 0.534132470201117 0.7545297386501845 0.3812969679519328
vn 0.6098239766721665 0.763763814640273 0.21161179769068605
vn 0.6842425370922443 0.7288595954618998 -0.023996677617630816
vn 0.74800141995182 0.6587793918595565 -0.08064483003400774
vn 0.8005240174074981 0.5745322333675718 -0.1705110271373373
vn 0.8328425426161546 0.48371395533869244 -0.26906153314670583
vn 0.8435309779537753 0.3873470529338834 -0.3720453598901383
vn 0.7790296739615666 0.28404691425491285 -0.5589544861521352
vn 0.7352416533665793 0.18005393602540729 -0.6534525929832532
vn 0.6720841733139786 0.07429997367567243 -0.7367376587990193
vn -0.3273138415147072 0.680180178418086 0.6559120169962018
vn -0.38614974361211063 0.7051598593273211 0.5946746575244098
vn -0.4541963526443705 0.7315130515610649 0.5085217091141434
vn -0.5303099296312991 0.7545182575439106 0.3866181288653542
vn 0.4103194666027653 -0.034759993528298304 -0.9112791439381979
vn 0.20821809943652822 -0.011066004849179932 -0.9780198191262373
vn 0.10240279295488744 0.005403000562622361 -0.9947283426041297
vn -0.6077094692008088 0.7637642476574712 0.21760830646803947
vn -0.6697670028014248 0.7413163143949101 0.04315418832909818
vn -0.7387132644960971 0.6572176965794184 -0.14955805615333026
vn -0.7206379442345536 0.6558501513790863 -0.2248144396283879
vn -0.6946528099624193 0.6546850829142342 -0.2980686428004421
vn -0.11242090962593694 0.005402999193059207 -0.99364598659613
vn -0.11226608267927946 -0.010575000187399796 -0.9936219079966411
vn -0.21763028998201414 -0.03586101834648396 -0.9753722593171786
vn -0.3203794944587435 -0.017714005821346038 -0.9471236421545612
vn -0.41827804677236885 0.06805199150462789 -0.9057661961237823
vn -0.5052331740437109 0.17371395004647608 -0.845318226116631
vn -0.5770930471602147 0.2779918533658686 -0.7679089427670105
vn -0.6304107268207176 0.3794231874802521 -0.67721515068086
vn -0.6629036811534952 0.47669298055021153 -0.5773408973971103
vn -0.67320801593462 0.5685500867249311 -0.472802036973664
vn 0.1673837800610557 0.6118829320277646 0.7730342474079518
vn 0.6544175183661921 0.7552389095155868 0.03676820921858382
vn 0.8015371775715441 0.38501216361692137 -0.4574973080113806
vn 0.591113954974517 0.07188301635964173 -0.803378568418043
vn 0.5044835292383536 -0.014440002267874926 -0.8633005589374532
vn 0.31096701766828905 -0.035510002992126456 -0.9497571024267148
vn 0.021872073229636756 0.005938998968615489 -0.999743137362737
vn -0.03194414093926489 0.005938996496150261 -0.9994720107037872
vn -0.6758702191195386 0.734060919117869 -0.06598495230835756
vn -0.6667535221678846 0.7329519203175027 -0.13498601105153585
vn -0.6689385220910254 0.7431239338809223 -0.016972700316010135
vn -0.6609492701961811 0.6537106105592105 -0.36852204800993904
vn -0.4129514192650923 0.1722429506112354 -0.894317332545714
vn 0.009913024924211896 0.6213179224293942 0.7834958654676318
vn -0.002021199469204153 0.6213198174332757 0.783554464742169
vn -0.019977225554018117 0.6222237459582297 0.7825845132794746
vn -0.04420913293500106 0.6248996529676981 0.7794523566491963
vn -0.06914277506586684 0.6294457295958376 0.7739621115724946
vn -0.0951393713974612 0.6359799030000345 0.7658185574861467
vn -0.12274962056275698 0.6447048168983779 0.7545119148958007
vn -0.18454055948782253 0.669592919366621 0.7194373525457287
vn -0.22016211410796552 0.6864007047616172 0.6930964694862227
vn -0.26007956267555277 0.7064701938254229 0.6582237357576548
vn -0.30510566980651144 0.7298288442322814 0.6117682472787324
vn 0.02783419757237007 0.6222172176550429 0.7823496606371854
vn 0.05204128846648786 0.6248921089030818 0.7789746828526629
vn 0.07693379205843263 0.6294357483233135 0.7732346541459326
vn 0.10290277938857799 0.6359911109950862 0.7648047624912787
vn 0.15975699356489922 0.6558291451215612 0.7378115175410498
vn 0.19177649276018643 0.669639989479621 0.7174984747818878
vn 0.2271288933578518 0.6864219047778438 0.6908237361608198
vn 0.26667582576028503 0.7064581663324159 0.6555919944426647
vn 0.3112909449986963 0.7298498430071262 0.6086190550946398
vn 0.3617362850154411 0.7561040358918814 0.5453930206843832
vn 0.4183087071115803 0.7835277199245407 0.45945852659896136
vn 0.4794110049971613 0.807834178737775 0.3428834028509932
vn 0.5397748896508339 0.8205519723170386 0.1879827897150378
vn 0.6038833131329705 0.7967919322025709 -0.021155635098959066
vn 0.6751500403276024 0.7340812099259678 -0.07278186779180852
vn 0.7371674607291171 0.6572129239253083 -0.15702008619196683
vn 0.7800692421906593 0.5726958498457538 -0.25201476337218875
vn 0.8018554937075335 0.48161221559833184 -0.3536628917451105
vn 0.7505577649180324 0.3829270492731411 -0.538544256729392
vn 0.7171550535573498 0.2817791349072877 -0.6374081489030834
vn 0.6632296552001851 0.17764893021018716 -0.7270263283115814
vn -0.356202415543174 0.7560778861539589 0.5490592583958213
vn -0.4136335483889779 0.7835131913962339 0.46369641637091785
vn -0.47593947360793193 0.807846939041084 0.3476563540966223
vn -0.5379405358114033 0.8205518960844939 0.193169784808811
vn 0.4101438250971168 -0.016306005424185654 -0.9118750774759732
vn 0.20780228046032817 -0.03586100821244099 -0.9775132737336483
vn 0.1022426460638337 -0.010575000297845107 -0.9947032777137945
vn 0.02182624145854567 -0.010126997403949834 -0.9997104876449849
vn -0.5907382876846431 0.8059698030463921 0.03795987408798531
vn -0.6503658232704966 0.7320184400453311 -0.20291204832461024
vn -0.6268334478367987 0.7312636865321877 -0.26894841407300724
vn -0.5962978025256964 0.7306735755339417 -0.332483167573143
vn -0.03190700281203625 -0.010126996452427903 -0.9994395364975337
vn -0.11204950681303555 -0.035805003037517776 -0.9930573547285367
vn -0.21749630296048128 -0.01863200061649586 -0.9758832956617044
vn -0.31962388574354544 0.06669098146247712 -0.945194627922614
vn -0.31561552559048667 0.17107204299648268 -0.9333387359963426
vn -0.4030094967333455 0.27527711607516225 -0.8728149030052574
vn -0.49302639150691496 0.27650207075122046 -0.8249070142433977
vn -0.5561621130150339 0.37807596151470446 -0.7400961230619875
vn -0.5993855707919663 0.4755189695082979 -0.6439088811036504
vn -0.6208694965606959 0.5675596740412079 -0.5407375376674953
vn -0.6198180773265768 0.6529409638626568 -0.43530868212027457
vn -0.15238994705746753 0.6558211319272874 0.739375376215244
vn 0.13035415349447982 0.6447121375206595 0.7532290849404847
vn 0.5738597774995583 0.818309285863715 0.032478738235556165
vn 0.762005602285609 0.4797520017316649 -0.43495457109887586
vn 0.5834365511583927 0.17552693235702335 -0.7929641144400755
vn 0.5031597649968687 0.06981101096322655 -0.8613690693521496
vn 0.3108136814036862 -0.01770799755854563 -0.950305888793053
vn -0.5950814126610484 0.8015621534602911 -0.058105304795961446
vn -0.5869531086633247 0.800849163492973 -0.11885565010997545
vn -0.5724238176467381 0.8002702568127685 -0.1786014811012483
vn -0.5871484405854085 0.8093419573039754 -0.014909891531907313
vn -0.5590822525563367 0.7302378199668248 -0.3926573075426353
vn -0.30805206762451864 0.27434013318174183 -0.9109563189078187
vn -0.47520733023495076 0.3769430869377864 -0.7950420759310685
vn 0.026404490893379314 0.6692829152774888 0.7425383371775003
vn 0.009417205804903486 0.6683198747057406 0.7438143997719667
vn -0.0019129639007009452 0.6683246684475558 0.7438672449527397
vn -0.018945485765748175 0.6692969986262677 0.7427533885476184
vn -0.04190537305406929 0.6722269456659149 0.7391582193481139
vn -0.06545491667021977 0.677191855068769 0.7328893813613443
vn -0.08989171602955492 0.684311698918658 0.7236276515669658
vn -0.14296385595722677 0.7056877649125098 0.6939496482761756
vn -0.17232382658448728 0.7202842472487748 0.6719338523668426
vn -0.2042810243631429 0.7378249947577533 0.6433378118810258
vn -0.23941369663499032 0.7584740411347031 0.6061338225081668
vn -0.27803164548270165 0.7819720443534556 0.5578692731813238
vn -0.32057937173827755 0.8077583733863944 0.49472747714277776
vn 0.049329699156280986 0.6722192357614439 0.7387068971205367
vn 0.07284390704949413 0.6771998009097211 0.7321845360656005
vn 0.09721532736608701 0.6843267686339489 0.7226659351706861
vn 0.12279062191942232 0.6937450987553155 0.7096761241028325
vn 0.14993388857796774 0.7056597251822849 0.6925057265550603
vn 0.17909667930989098 0.7202901572231519 0.6701540635313772
vn 0.21072973136356982 0.7378280496167247 0.6412509255495996
vn 0.2454258199486108 0.7584280150513834 0.6037823389995528
vn 0.2836846280218943 0.7819922819160885 0.5549874799017979
vn 0.32563217639167685 0.80780406197473 0.491341310247313
vn 0.3709943421271115 0.8341511175043738 0.4081116407012623
vn 0.41827033453647305 0.857402848264574 0.29985043444114434
vn 0.4636630592726197 0.8710642059069722 0.16206084244385258
vn 0.5164263584897093 0.8561409694040907 -0.01806811459123251
vn 0.594447600579496 0.8015768540789588 -0.06408273691221038
vn 0.665343721073663 0.7329610474808518 -0.14172450636225342
vn 0.7183376913952246 0.6558461293141779 -0.2320707128971463
vn 0.7510813022925529 0.5710828414962648 -0.3312721924567088
vn 0.7135977731758081 0.4781249492274362 -0.5120300294365454
vn 0.6910429976521459 0.38106796935889725 -0.6142041827638614
vn 0.6470399277939095 0.27976505935929746 -0.7092748715428606
vn -0.36689329069738363 0.8341627398501238 0.4117788686746562
vn -0.4152368937801274 0.857403313689205 0.30403598424956574
vn -0.4620415622526803 0.8710530362414687 0.16668594063573883
vn -0.5051984392274349 0.8623926601854502 0.032456688993586905
vn 0.40912301492406217 0.0680720083249006 -0.9099365694058351
vn 0.20767765277891387 -0.018626011453175433 -0.9780199712856518
vn 0.10202362319503028 -0.035804998511479044 -0.9941374061928017
vn 0.02177294465625473 -0.03549600004023493 -0.9991326102485791
vn -0.5515944440945031 0.7998341592737914 -0.23666196758850697
vn -0.5245908100615223 0.7995297258652898 -0.2925007683011625
vn -0.49171827180859023 0.7993468573557665 -0.3453371436799595
vn -0.03185532110610077 -0.035495999597954776 -0.9988619887300593
vn -0.11198053879875185 -0.019054998228257035 -0.9935276875723508
vn -0.21699082101059033 0.06568501407561009 -0.9739612222891816
vn -0.21430042083148235 0.17021702936269523 -0.9618219650987334
vn -0.2091866302047209 0.27366505311880224 -0.9388015724555836
vn -0.3884480792812726 0.3760167730087069 -0.8412606469571775
vn -0.2969265994126048 0.37531392679727743 -0.8780512803437361
vn -0.45181799155410435 0.4737631778594948 -0.7559159700737166
vn -0.5287858709269017 0.4745430157161529 -0.7037005250410839
vn -0.5613424215318081 0.5667617592484404 -0.603055382234848
vn -0.5715666282522687 0.6523353714525867 -0.4977651581018389
vn -0.11561324087412879 0.693764054135105 0.7108621636608631
vn 0.4869934015136105 0.8729629078474214 0.027806265566914925
vn 0.7137682642765791 0.5696829248756328 -0.4074263491930085
vn 0.5692889318189592 0.2779949651502751 -0.7737111292074875
vn 0.49669508381199656 0.17372306944424715 -0.8503612696141936
vn 0.31007056430672425 0.06668797518951013 -0.9483717409938114
vn -0.5072055344888245 0.8603989043554818 -0.04956078255831196
vn -0.500164071050182 0.8599841738729078 -0.10130707141478805
vn -0.48766619573928105 0.8596719811108574 -0.1521373275238876
vn -0.4697802290292182 0.8594672186562233 -0.20155058042236146
vn -0.4984212174043348 0.8668423678996813 -0.012672776146305667
vn -0.4532342155297403 0.7992743544502801 -0.39463812815189175
vn -0.2016421659889228 0.37482308448906815 -0.9049022556217863
vn -0.36933280367853877 0.4731390999813992 -0.7998329026713901
vn -0.515471451857324 0.7299359765205146 -0.4488681905650535
vn 0.024426688582099673 0.7255052393391395 0.6877830214365366
vn 0.04563739629181711 0.7285887838091609 0.6834293029766806
vn 0.008697283657245907 0.7244852400527905 0.6892354417777977
vn -0.0017667951040671133 0.7244853255453807 0.6892879597849247
vn -0.017525825937115203 0.725509131301929 0.6879893500794488
vn -0.038747499837463506 0.7285782087063576 0.6838657946224395
vn -0.06042651233512853 0.7337722090396248 0.6767030233774056
vn -0.08276113866758865 0.7411589670625256 0.6662086606081117
vn -0.13038830312666924 0.7629118582784546 0.6332174878395754
vn -0.1561374761907125 0.7774619263211029 0.6092405449819265
vn -0.18364513091454165 0.7946310572348931 0.5786501091066489
vn -0.2131315012836508 0.8143699785038904 0.5397930170650139
vn -0.2445036072758335 0.8361858060927149 0.490929000689694
vn -0.27780400429913343 0.8593723032278519 0.4293066265971492
vn -0.31269651623002515 0.8823982130444853 0.35155978489227785
vn 0.06726169514893987 0.7337893385095744 0.6760392525995605
vn 0.08945476264489971 0.741144872010962 0.6653586432383661
vn 0.11257274645868882 0.7508142254470214 0.6508497335185267
vn 0.1367770501028586 0.7628858465470532 0.6318996943371203
vn 0.16232727667399005 0.7774768854858267 0.6076014711822748
vn 0.18950429548527273 0.7946658210992879 0.5767099398911252
vn 0.21844626638541534 0.8143242731712307 0.5377333975367524
vn 0.24940233688087357 0.836182650584847 0.4884639692129392
vn 0.2822163933239575 0.8594280280130571 0.4263066642744462
vn 0.3162330715610642 0.8824021750593437 0.34837199356663884
vn 0.35018270605441826 0.9022619150727966 0.2515859872679205
vn 0.3816641045549612 0.9145532375556916 0.1338838562734972
vn 0.4228924038300939 0.906059684299414 -0.01476019207364355
vn 0.5066725155474949 0.8604051508780792 -0.054643740092010354
vn 0.5857247926274078 0.8008501147181835 -0.12476201768748686
vn 0.6482889093109961 0.7320230459640944 -0.20943674520438876
vn 0.6916189405721636 0.6546809424859544 -0.30505098686537757
vn 0.6684240889204399 0.5684940578010677 -0.47960790610222
vn 0.657055659253187 0.47671107514611777 -0.5839729544049043
vn 0.6235509681260505 0.3794477908085932 -0.683522906857951
vn -0.34765004749844636 0.9022605516370685 0.25507908858607103
vn -0.3802826662053321 0.914546839119336 0.13780120768917634
vn -0.4139406055462579 0.909914777685099 0.0266133881772721
vn 0.40394544167915236 0.17223701601580393 -0.8984222228221016
vn 0.20719242177527983 0.0656899648414262 -0.9760922747763281
vn 0.10195626889846217 -0.01905900709823332 -0.9946062906903084
vn 0.021761475733503587 -0.019059994379199172 -0.9995814898186964
vn -0.031836948530155895 -0.01905299606980575 -0.999311458980158
vn -0.44662811031327737 0.8593664225871681 -0.24902345834825254
vn -0.41849158508907325 0.859352593681862 -0.2939011958837384
vn -0.38559493500230824 0.8594186004245871 -0.33573235671410895
vn -0.11171680150038227 0.06507800376225689 -0.9916068826348695
vn -0.11032772380104411 0.16970996769664387 -0.9792988921801579
vn -0.10768990952955715 0.2732599717912377 -0.955893232114428
vn -0.10380496927703964 0.37452705386710616 -0.9213870057011975
vn -0.2823010069093738 0.4726678921445254 -0.834800098965977
vn -0.19168988562269454 0.4723560685754779 -0.8603108346579605
vn -0.423078000177824 0.5656438424178692 -0.7078503014764361
vn -0.3458231597334906 0.56528513429424 -0.7489052404262424
vn -0.49519397343798405 0.5661321254594217 -0.6589972269998552
vn -0.5166691243008498 0.6518779911005617 -0.5550748604583794
vn -0.10602421678915232 0.7508467338154945 0.6519110735160516
vn 0.39470478747212673 0.9185248522047705 0.022808477125568223
vn 0.6572081686479534 0.6537189898444755 -0.3751385149236502
vn 0.5486652429049327 0.37808105299127676 -0.745668269807076
vn 0.48469295756244113 0.27649284142628555 -0.8298339867283049
vn 0.30618806141799215 0.1710579986516351 -0.9364763916631264
vn -0.4132926551778865 0.9097011702610515 -0.04040992454442643
vn -0.4074523814584263 0.9094901389259935 -0.08252420275430798
vn -0.3971333433382247 0.9093622273401306 -0.12387674154578256
vn -0.38240044806329 0.9093124542225984 -0.16407546409097792
vn -0.36341740477075446 0.9093270457327861 -0.20261321232479615
vn -0.4038564893298355 0.9147644574323214 -0.010291911616937722
vn -0.40946943070991076 0.799281856114492 -0.4398673661460623
vn -0.34823373858260603 0.8595376136082755 -0.3740699855713797
vn -0.031761921170805674 0.06484697778955702 -0.9973896178701182
vn -0.09870002330840451 0.47216431917704926 -0.8759675571018563
vn -0.26431015688445153 0.5650329705564151 -0.7815867726311072
vn -0.4658433152539279 0.7297461144968094 -0.5004604020400008
vn 0.021597127679840553 0.7935202022917343 0.6081605484005568
vn 0.0402930995746127 0.7964910143822382 0.603306331920214
vn 0.05919206992971385 0.8014238004182501 0.5951606430037227
vn 0.007684399774297186 0.7925185371467226 0.6097994082310408
vn -0.0015958305687347495 0.7925347824183231 0.6098246239550654
vn -0.015481001865630334 0.7935268788423415 0.608338253881809
vn -0.034177232146610496 0.7964812441657434 0.6036965665754495
vn -0.05321570782160887 0.8014372038019003 0.595706720461702
vn -0.09244351723211601 0.8173957445050172 0.5686109328766411
vn -0.11292607754799523 0.8284368466890769 0.5485800689575613
vn -0.13403295944096724 0.841454067230079 0.5234407497754199
vn -0.15603993188487952 0.8564653616712669 0.4920555089770546
vn -0.17889940438710863 0.8731980993673296 0.45334322799753035
vn -0.20228011669791449 0.8910100267922264 0.4064282058917594
vn -0.22601477372092732 0.9091839135293405 0.34971693330370923
vn -0.2497311190497183 0.9265284349848186 0.28138839233834456
vn -0.27246519224965665 0.9410700118645402 0.20037452877457226
vn 0.0783813024228518 0.8083488823613998 0.5834624716428412
vn 0.09815218995660072 0.8173828287709847 0.5676719641104944
vn 0.1184575275926085 0.8284460231940035 0.5473983931385684
vn 0.13937967665528964 0.841519268119442 0.5219373785418953
vn 0.16107647323390237 0.8565246765964714 0.4903262670425051
vn 0.1833868530483148 0.8731396949311558 0.45165953467691117
vn 0.20628947913179743 0.8909661201552534 0.40450466441689636
vn 0.22955891138514806 0.9092161500043111 0.34731642456843814
vn 0.25259359412417615 0.9265518431046733 0.2787438936492848
vn 0.27446608103315984 0.9410701663543997 0.1976241694732746
vn 0.2938747045163927 0.9502216479196642 0.10352042247904762
vn 0.3243823994871807 0.9458588498231649 -0.011273646887273232
vn 0.41287085387930955 0.9097000806640194 -0.044535617845116865
vn 0.4991212198744027 0.8599862432256438 -0.10630930972277203
vn 0.5706094533347814 0.8002653661739061 -0.18433717874461913
vn 0.624093370197634 0.731259383894824 -0.27525838541472497
vn 0.6153931717154553 0.6529421120265937 -0.44154030682174816
vn 0.615426342049974 0.567514332082811 -0.5469715718312874
vn 0.5928795542773415 0.47552189677419326 -0.6499021155590851
vn -0.29282439483975153 0.9502220735148837 0.1064513259279012
vn -0.317987017528175 0.9478771882242573 0.02032468271860526
vn 0.39422432670386487 0.27527895292097143 -0.8768173574431668
vn 0.20461534408171583 0.17020397829252615 -0.9639311006185652
vn 0.10173311340160147 0.06507402364839233 -0.992681089315106
vn 0.021718709354883802 0.06483899625194928 -0.9976593618209562
vn -0.34039550992608336 0.9093916448112447 -0.23903500406773168
vn -0.31349227413637704 0.9095115237428164 -0.2729677311255359
vn -0.283007933799057 0.9096621139924956 -0.30400879555284666
vn -0.03137041914719888 0.1694820208970495 -0.985033878298194
vn -0.030622584716913065 0.2730429996021761 -0.9615143148562592
vn -0.02952471388140015 0.3743128037579546 -0.9268323560456229
vn -0.028087800686368743 0.47195597929033595 -0.8811745735464132
vn -0.1794466087365929 0.5648658484880307 -0.8054349680916724
vn -0.09239910701497496 0.5647748751819424 -0.8200559404004439
vn -0.3892839379607793 0.6513537929942609 -0.6513035022151638
vn -0.3181500317483252 0.6512207259644224 -0.688979044218988
vn -0.24313658934407456 0.6511429075956653 -0.7189558489990839
vn -0.45571691518029883 0.6515632593267896 -0.6064547900000485
vn -0.0725443405901817 0.8083851577458699 0.5841667188265015
vn 0.2978392879697455 0.9544547465970709 0.017546943893354778
vn 0.5929423531583293 0.7306617574006091 -0.33845644048136647
vn 0.5216748633241829 0.4745391894147278 -0.7089907578278495
vn 0.4671618163298528 0.3769411007769129 -0.7997970016876045
vn 0.2988468096047446 0.27434401723141083 -0.9140163809245416
vn -0.3144231731205685 0.948784712340853 -0.030751224903699477
vn -0.30986801638610106 0.9487079812587483 -0.06272940870830408
vn -0.30189330961927846 0.9486804022078462 -0.09415903607130593
vn -0.29056438551238584 0.9486948740489051 -0.1247011380266504
vn -0.27605074469339863 0.948747031376488 -0.15386701013707088
vn -0.25844153875206527 0.948831671170581 -0.18145641578932228
vn -0.30451531824258604 0.9524754578431566 -0.007805329082472394
vn -0.410779633957986 0.7296639308274977 -0.5466723336466807
vn -0.3609561594145493 0.7993497240141637 -0.4803651420525626
vn -0.30686841234377876 0.8596918995548938 -0.4083645618137144
vn 0.02145185038868101 0.16947109220534828 -0.9853016629548678
vn -0.026306551727657293 0.5646072704952211 -0.8249403587170021
vn -0.16505618231851307 0.6510988017804875 -0.7408284599004357
vn 0.017268374584881275 0.8740559111452286 0.48551834922202514
vn 0.032072647641228344 0.8763638319888003 0.4805806688321818
vn 0.04691656294217257 0.8801831080851719 0.4723097843187452
vn 0.06182630758284462 0.8855141243058249 0.46048044838576985
vn 0.006176912188914886 0.8732798878023171 0.4871797238348318
vn -0.0012809137109409206 0.8732783073516641 0.4872200295237023
vn -0.012346333859330774 0.8740470394042265 0.4856844046795619
vn -0.02720712173328852 0.8763709859627278 0.48086761950635265
vn -0.04221014619972297 0.8802151300649983 0.47269401134608874
vn -0.07237949262547831 0.8923028883314235 0.44559708765057865
vn -0.08765900122319736 0.9004310061855106 0.4260749964552017
vn -0.10292784637060663 0.9097280024885609 0.4022447264162475
vn -0.11831338788642037 0.9201279588251948 0.37331820426416135
vn -0.1336804812464501 0.9312824440886581 0.3388842549691156
vn -0.14863583624800084 0.9426049724594395 0.29900376933677053
vn -0.16311058404420647 0.9536845571256839 0.25274632118538537
vn -0.17680287561682517 0.9637893666395196 0.19962665134248722
vn -0.18922668385768918 0.9719667349976797 0.13954901710213727
vn -0.19981716894129198 0.9771186889387118 0.07288461238821281
vn 0.07688710859017278 0.892322067892327 0.44480298974377885
vn 0.09196678234983431 0.9004536885259193 0.4251179433572346
vn 0.10703813750295782 0.9097802339118065 0.4010520703141634
vn 0.12210553276702515 0.9201315382463654 0.37208626848092413
vn 0.13704279444353182 0.931223633209242 0.3377007809343755
vn 0.15164141617961907 0.9426082428602172 0.2974803882460377
vn 0.1656532422481421 0.9536940264874215 0.25105120428886213
vn 0.17881248841549965 0.9638027354371492 0.197763447458132
vn 0.1906327289236211 0.9719765612702909 0.13755263357825578
vn 0.2005236949308768 0.9771167778574112 0.07094399340901787
vn 0.22197419898415788 0.9750223685331745 -0.0076704527441437435
vn 0.3140948300791797 0.9487876148278861 -0.033860000985558726
vn 0.4066095664721788 0.9094891749516282 -0.08659157637503367
vn 0.4861145507542355 0.8596732701218494 -0.1570175537416563
vn 0.5491862017211114 0.7998301229798896 -0.24221125121082476
vn 0.5551112300056187 0.7302262912676095 -0.3982726275595667
vn 0.5665202633475952 0.6523330937800645 -0.5035040476261345
vn 0.5552705286345888 0.5667282373163656 -0.6086819736596031
vn -0.21808386355726286 0.9758334706358138 0.013728293513741023
vn 0.37996571079796154 0.3760241350526644 -0.8451224221825472
vn 0.19971893832851204 0.2736768927605514 -0.9408577491001823
vn 0.10048120140599084 0.1696930194744809 -0.980361059664062
vn -0.2378666419845649 0.9489457791077486 -0.20717473046820883
vn -0.21466240606090678 0.9490741096531817 -0.230604392434669
vn -0.2493058995756085 0.9098292209675202 -0.3317489368640567
vn 0.020937763430243943 0.2730509761782145 -0.9617716852094699
vn 0.020187458852429983 0.3743301180276147 -0.9270757408337862
vn 0.019199744795657444 0.4719541625153198 -0.8814139993693342
vn 0.017973795233538932 0.5645942864862232 -0.8251728511966542
vn -0.08496716995975793 0.6510800405225718 -0.7542382653128624
vn -0.024183220140930606 0.6509449119629613 -0.7587396743634458
vn -0.3508241669405871 0.7296567966030885 -0.5869611256815583
vn -0.28666536145895416 0.7296851330548124 -0.6207918951938627
vn -0.21903346883020694 0.7297378921133686 -0.6476935605254573
vn -0.05721828337250108 0.8855308712216822 0.461043538249125
vn 0.19724964552623808 0.9802798189790947 0.012002243210617866
vn 0.5216301392516192 0.7995297679473123 -0.29774846429570967
vn 0.4885532295136491 0.566101997069573 -0.6639610461808924
vn 0.44418636140919665 0.4737400871035182 -0.7604398767879084
vn 0.2880389869362483 0.375333184455662 -0.8809986053627508
vn -0.21171401495025977 0.9771121612616273 -0.020712319722158277
vn -0.20856315138382733 0.9770980391816322 -0.042199925500602586
vn -0.203109766687245 0.9771063642648318 -0.06332120963322241
vn -0.19538667824901101 0.9771332363030905 -0.08387302590622434
vn -0.18555041897535715 0.9771775987123297 -0.1034165489313707
vn -0.17362191194075915 0.9772391817323014 -0.12189755281061825
vn -0.15971160913401677 0.9773070483664383 -0.1391514826406933
vn -0.20148429717528668 0.9794778206414659 -0.005222725650925403
vn -0.308188048162985 0.7994628701652416 -0.5156347992490844
vn -0.2619194715425634 0.8598620570957024 -0.4382184765548019
vn 0.09807758967517931 0.27327799262245056 -0.9569221102847143
vn -0.14869100797859727 0.7297860076788083 -0.6673105477530945
vn 0.010273152029919104 0.9571855154436206 0.2892928470811207
vn 0.019014209995904155 0.9581624542505547 0.28559266636730224
vn 0.027724122539220478 0.9597812520064373 0.27937666567984215
vn 0.03634453934354533 0.9620072976095096 0.2705938539692909
vn 0.04481603390419047 0.9647769480728117 0.2592237712332912
vn 0.0036849500785461117 0.9568583296004338 0.2905315098525223
vn -0.0007457029745666981 0.9568553573864995 0.29056370896556916
vn -0.007355666817229667 0.9571849137107411 0.289383716076484
vn -0.016171662885548124 0.9581745781996662 0.28572706384136554
vn -0.033605144864460736 0.9620033633939531 0.27096166344588385
vn -0.04216111790600738 0.9647582553208941 0.25973823154687925
vn -0.0505457121243525 0.9679820840576319 0.24587764422428873
vn -0.05866280735888093 0.9715558952871686 0.2294293297848452
vn -0.06654006851905854 0.9754157762059947 0.210086845875547
vn -0.0740765605526503 0.9793991785415482 0.1878560945213915
vn -0.08101779632543896 0.9832609278787967 0.16319946196448454
vn -0.08739892449367245 0.986892750733621 0.13566180946300277
vn -0.09310932310827667 0.9900742475299787 0.1052788598355107
vn -0.09795912836934466 0.9925542647430418 0.07238812547316043
vn -0.10182078849007827 0.9941043593265414 0.03726995840117677
vn -0.11541165648159442 0.9932937822869128 0.006900117269555031
vn 0.05303242430036193 0.9679840549616521 0.24534553452798674
vn 0.06100445924460233 0.9715719023779175 0.22874985128307307
vn 0.06864907606661423 0.9754071495172473 0.2094473609903903
vn 0.07591646534460691 0.9793742948406757 0.18725031614101506
vn 0.08268780378596982 0.9832784342723909 0.16225365265499656
vn 0.08877818222794628 0.9868980627030639 0.134724341502347
vn 0.09416940742757708 0.9900776623796143 0.1042993056623931
vn 0.09869766296658646 0.9925576883816 0.07133026398036817
vn 0.10219135286307125 0.994103411094651 0.03626755368086959
vn 0.11679466979823187 0.9931481152757016 -0.003978219582139507
vn 0.21150299974188638 0.9771112864084596 -0.022803839005506227
vn 0.3092124896216275 0.948711601810645 -0.06583261237316362
vn 0.39586682126006145 0.9093637709994972 -0.12785535506590415
vn 0.46771572913824405 0.8594699784556664 -0.2062846403639814
vn 0.48821139356269583 0.7993520848895971 -0.3502654415985463
vn 0.5109069068135421 0.7299310888833491 -0.4540646848762707
vn 0.511068741931707 0.6518811593970227 -0.5602318225909126
vn 0.36125969278052583 0.47311593869458674 -0.8035251974426566
vn 0.19249910221820363 0.37484691147822524 -0.9068814082339658
vn -0.144103124856141 0.9773792229197013 -0.15480356588779368
vn -0.18905149118338052 0.9492068157509067 -0.2515272442765684
vn -0.21271615319887213 0.9099988579901394 -0.3558846956879662
vn 0.09453498308119769 0.37455597749218256 -0.9223724609390249
vn 0.08987846537918448 0.4721529126694248 -0.8769227380555605
vn 0.08414465180340198 0.5647559958450901 -0.8209569676480643
vn 0.016529105952960782 0.6509374392628217 -0.7589514074183907
vn -0.07653944658216219 0.7298097944224621 -0.6793521745618688
vn -0.2517613022365958 0.799595879115105 -0.5452180085051077
vn -0.1923250869367913 0.7997259307161468 -0.568726205370342
vn -0.024937853956227655 0.9597929185510166 0.27959910039086255
vn 0.10428252240788169 0.9945154459482847 0.008011447468080518
vn 0.4441098916257134 0.8593667491229531 -0.25348608376406845
vn 0.4491994921619096 0.7992796607306336 -0.3992140280398545
vn 0.4495939147653568 0.6515659303371807 -0.6110050329005526
vn 0.415947349556086 0.5656197817284994 -0.7120829059278644
vn 0.27384567304969715 0.4726571309404593 -0.8376179223984478
vn -0.10649308748739063 0.9942589274300379 -0.010411894307657998
vn -0.10487201638730605 0.994260029948604 -0.021186151737912037
vn -0.10209154482366019 0.9942664769989595 -0.03180391786550666
vn -0.09814834929915198 0.9942786838616856 -0.04215210965213805
vn -0.09316560933736318 0.9942940155800901 -0.05195748087058489
vn -0.0871521422296354 0.9943141416554716 -0.06118735007114212
vn -0.08014103768313978 0.9943347851033952 -0.06982656523454815
vn -0.07229395201699237 0.994356691832005 -0.07764247491338788
vn -0.1068411259559331 0.9942713095634376 -0.003088168304236979
vn -0.21390827646536617 0.8600287336100112 -0.46324272970525615
vn -0.021771448238431225 0.729695924384534 -0.6834250960992008
vn -0.13055973551120478 0.7998267333110173 -0.5858594986379166
vn 0.030266605715952494 0.9945877887814029 0.09939347556733581
vn -0.02926211494983817 0.9945882557186194 0.0996891679936032
vn 0.1063850196426386 0.9942586752403707 -0.011485395286995102
vn 0.20812497432448934 0.9770987279825918 -0.04429526879060455
vn 0.3009106590585247 0.9486858452347242 -0.0972005263166875
vn 0.3807242703466273 0.9093129364272068 -0.1679256192936577
vn 0.4155080170986531 0.8593541763321906 -0.29809979427562117
vn 0.3821599009250806 0.8594181882555747 -0.33963831912850756
vn 0.4050036863637057 0.7992878192570658 -0.4439718414709351
vn 0.46077899577698167 0.7297557813531597 -0.5051130731157093
vn 0.33825858934509184 0.5652651917032215 -0.7523671907938227
vn 0.18300745686907752 0.47234106529690556 -0.8622077410720094
vn -0.126879939784153 0.9774544368349012 -0.16877293856580178
vn -0.03163097425906668 0.9990281498896992 -0.030695882384888656
vn -0.16124680906688815 0.9493343441560715 -0.26974760345832205
vn -0.17368091721576837 0.9101592976321508 -0.3760917333960419
vn 0.17133434614747312 0.5648500213654524 -0.8072106262888676
vn 0.07739655978890957 0.6510718572271191 -0.7550597388681717
vn 0.014892759599732262 0.7297068295240859 -0.683597943719414
vn -0.06721226931065774 0.7998939670455689 -0.5963657873639414
vn -0.16336571126175162 0.8601827431520518 -0.4831120913073418
vn 0.03131673293653474 0.999028291741779 -0.031011845118996555
vn 0.36137456794886685 0.9093252865257151 -0.20624244210321058
vn 0.34444479263901484 0.8595360014435907 -0.3775654208825665
vn 0.4052680183113209 0.7296737301937024 -0.5507577333085963
vn 0.3827155741107326 0.6513542943636815 -0.6551842279443872
vn 0.25638744618729575 0.5650170469972722 -0.7842328825291877
vn -0.0636293487204615 0.9943790826861045 -0.08462591741157834
vn -0.01911695391518884 0.7998179807515806 -0.5999381132579165
vn -0.11088896060486596 0.860304246638509 -0.4975743578920842
vn 0.10464828094590484 0.9942601720045391 -0.022258653610932752
vn 0.20244561656655588 0.977107237591959 -0.06540044784554394
vn 0.28927800444694624 0.9487017696130211 -0.12760559735495444
vn 0.33795582861981205 0.9093960063057519 -0.24245569000756592
vn 0.3107043485131892 0.9095110543873984 -0.2761384612148721
vn 0.27993870162209333 0.9096596003638839 -0.30684480572425465
vn 0.35612371856192826 0.7993578245805449 -0.48394520904693666
vn 0.30275165962947653 0.8596927013419478 -0.4114242237046602
vn 0.31118604112778697 0.65122007783741 -0.692152915206353
vn -0.10818992361825466 0.9775263698931157 -0.1809340669720979
vn -0.13160802036635355 0.9494551076083996 -0.2849812758964556
vn -0.13260002647452201 0.9102977246641095 -0.39214192003699533
vn 0.15760210520350815 0.6510958976435007 -0.7424524957916341
vn 0.06971731670965386 0.72982413109978 -0.6800707561829555
vn 0.013076389692670108 0.7998251234666144 -0.6000906430733782
vn -0.05708495265430388 0.8603832271558285 -0.5064405301803737
vn 0.002291434478572414 0.9944533837566516 -0.10515330172170752
vn 0.10174521815615262 0.9942674061314731 -0.032866939117434386
vn 0.27446445902147487 0.9487557775348227 -0.15662610040584937
vn 0.24594030812737047 0.9098289720495996 -0.3342523095767374
vn 0.30298845945171293 0.7994746724225152 -0.51868896421072
vn 0.344911874443464 0.7296578439072327 -0.590453410264133
vn 0.28038505742861836 0.7296867959234143 -0.623651665135091
vn 0.23583999189052934 0.6511426234580037 -0.7213825490967352
vn -0.054246800601143064 0.994400465504324 -0.09069177928193609
vn -0.0162356060138302 0.8603277170739639 -0.509482702681519
vn -0.08997945566943798 0.9104062310629515 -0.40381207510323813
vn -0.0033617254248877143 0.9944533222332594 -0.1051251097569021
vn 0.010715316608794953 0.9944549076300603 -0.10461653158302327
vn 0.0977268396833671 0.994278652315233 -0.04312106626354695
vn 0.1945355446077577 0.9771336847513188 -0.0858235632473601
vn 0.25656069239979856 0.9488420211985543 -0.18405279113118123
vn 0.2357730353656658 0.9489501245943126 -0.2095345719133214
vn 0.21234689503651788 0.9490745342190204 -0.23273659932485763
vn 0.18647792656361983 0.9492059114348212 -0.25344451187927425
vn 0.2574943242088634 0.8598688306101565 -0.44081999403990624
vn 0.20912407580104392 0.9100002051390943 -0.3580038373637429
vn 0.21246613619817062 0.7297357146584317 -0.6498799333115066
vn -0.04422437064282532 0.9944200222605898 -0.09577590703561298
vn -0.08825317472719914 0.9775918696029395 -0.191116492320259
vn -0.10045962854792943 0.9495585212925365 -0.29706308702486695
vn 0.1419711432936567 0.7297857700397965 -0.6687727000403899
vn 0.061195493103118725 0.799904908587672 -0.5969985333660494
vn 0.011095426361902154 0.8603250553941812 -0.5096250490064695
vn -0.04631812522455905 0.9104764821966936 -0.41095888680306664
vn -0.011778218642736923 0.9944548321410108 -0.1045029205189881
vn 0.004572093791198394 0.9777084434290102 -0.20991735422776803
vn 0.02139556840287246 0.9777154139124861 -0.20884156447090207
vn 0.02183927107237215 0.9944476166484733 -0.10294165328572587
vn 0.09265352259552195 0.994294464176039 -0.052856818477135435
vn 0.18450126698941427 0.9771780503319997 -0.10527269555137556
vn 0.15850757959002118 0.9493362471155801 -0.27135960849953245
vn 0.24624375604737023 0.7996050679740299 -0.5477186758527869
vn 0.20923626136917953 0.8600339335103493 -0.4653620312605712
vn 0.18656876447323448 0.7997276451177373 -0.570638054950219
vn -0.03373571731959569 0.9944354573046751 -0.09979991298680621
vn -0.013179340089162547 0.910441732115306 -0.4134273302742524
vn -0.06814966040253326 0.949636148803248 -0.30585422781638116
vn -0.02289279981308116 0.9944478737677783 -0.10271000961670256
vn -0.006694415985144985 0.9777080918732782 -0.20986203058231134
vn 0.043618303580422166 0.9776891908904113 -0.20547819740502657
vn 0.03274731893167179 0.9944355524857049 -0.10012764381147671
vn 0.0865308269936705 0.9943138725980746 -0.0620672114631508
vn 0.17238847791947248 0.9772365159802482 -0.12365680133091496
vn 0.15834572918985537 0.9773043394286063 -0.14072262853339632
vn 0.14255889958162374 0.9773784208602161 -0.1562318232207092
vn 0.12514294169563733 0.9774540972014613 -0.1700668457043829
vn 0.10632297211246215 0.9775256636447186 -0.1820412110405913
vn 0.1698937536411998 0.910161246016163 -0.37781294144590777
vn 0.12873724045172652 0.9494587506973255 -0.28627749412964376
vn 0.12463009704652232 0.799830859145399 -0.587143879870094
vn -0.06735316629981054 0.9776469338118384 -0.1991733511233393
vn 0.0519619490956715 0.8603778398092764 -0.5070009157894119
vn 0.009003662241998969 0.9104401344674655 -0.4135428582590868
vn -0.035068158762695346 0.9496857253409563 -0.31123503550310044
vn -0.023500392382743714 0.9777147328282421 -0.2086183902930332
vn 0.006825681667257328 0.9496709982663757 -0.313174719799544
vn 0.03193082951872677 0.9496875788739574 -0.3115668863322402
vn 0.06507433582410149 0.9496386114468949 -0.30651564147081534
vn 0.06535888017743423 0.9776468807280655 -0.19983691697140304
vn 0.043271126773399976 0.9944194553631696 -0.09621619605335366
vn 0.07944775648022416 0.9943351023419458 -0.07060990186150509
vn 0.08633734247367242 0.9775914471108377 -0.19199173375518527
vn 0.15849000678683953 0.8601843157939347 -0.484730709374626
vn 0.12864909249207632 0.9103001149882075 -0.3934502657940663
vn 0.10584640039435193 0.8603019398562934 -0.49867535712430877
vn -0.045692574358465375 0.9776896609895909 -0.20502467032665903
vn -0.009983345434808765 0.9496706643551075 -0.3130909805108703
vn 0.09746829401851201 0.9495607884863073 -0.2980507349938645
vn 0.05329688446045032 0.9944008235679523 -0.09124935174667004
vn 0.07150445840121186 0.994357386283558 -0.07836134743660707
vn 0.06275479572919744 0.9943798447077118 -0.08526757913799163
vn 0.04216632537624277 0.9104738096122074 -0.4114115251357197
vn 0.08591060495241755 0.910406061413719 -0.4046976294690511
usemtl material_0_0
f 1//1 2//2 3//3
f 4//4 2//2 1//1
f 2//2 5//5 3//3
f 6//6 1//1 3//3
f 7//7 2//2 4//4
f 8//8 4//4 1//1
f 5//5 2//2 9//9
f 10//10 3//3 5//5
f 1//1 6//6 8//8
f 3//3 10//10 6//6
f 11//11 2//2 7//7
f 12//12 7//7 4//4
f 4//4 8//8 13//13
f 14//14 9//9 2//2
f 5//5 9//9 15//15
f 5//5 16//16 10//10
f 17//17 8//8 6//6
f 18//18 6//6 10//10
f 19//19 2//2 11//11
f 12//12 11//11 7//7
f 12//12 4//4 13//13
f 20//20 13//13 8//8
f 21//21 9//9 14//14
f 14//14 2//2 22//22
f 15//15 9//9 23//23
f 16//16 5//5 15//15
f 24//24 10//10 16//16
f 8//8 17//17 20//20
f 6//6 18//18 17//17
f 10//10 24//24 18//18
f 25//25 2//2 19//19
f 26//26 19//19 11//11
f 11//11 12//12 26//26
f 27//27 12//12 13//13
f 13//13 20//20 27//27
f 28//28 9//9 21//21
f 14//14 29//29 21//21
f 22//22 2//2 30//30
f 22//22 31//31 14//14
f 23//23 9//9 32//32
f 33//33 15//15 23//23
f 15//15 33//33 16//16
f 16//16 34//34 24//24
f 35//35 20//20 17//17
f 36//36 17//17 18//18
f 37//37 18//18 24//24
f 38//38 2//2 25//25
f 39//39 25//25 19//19
f 19//19 26//26 39//39
f 40//40 26//26 12//12
f 12//12 27//27 40//40
f 41//41 27//27 20//20
f 42//42 9//9 28//28
f 21//21 43//43 28//28
f 31//31 29//29 14//14
f 29//29 43//43 21//21
f 30//30 2//2 44//44
f 30//30 45//45 22//22
f 22//22 45//45 31//31
f 32//32 9//9 46//46
f 47//47 23//23 32//32
f 23//23 47//47 33//33
f 34//34 16//16 33//33
f 48//48 24//24 34//34
f 20//20 35//35 41//41
f 17//17 36//36 35//35
f 18//18 37//37 36//36
f 24//24 48//48 37//37
f 49//49 2//2 38//38
f 50//50 38//38 25//25
f 25//25 39//39 50//50
f 51//51 39//39 26//26
f 26//26 40//40 51//51
f 52//52 40//40 27//27
f 27//27 41//41 52//52
f 53//53 9//9 42//42
f 28//28 54//54 42//42
f 43//43 54//54 28//28
f 31//31 55//55 29//55
f 55//55 43//43 29//55
f 44//44 2//2 56//56
f 44//44 57//57 30//30
f 30//30 57//57 45//45
f 45//45 58//58 31//31
f 9//9 59//59 46//46
f 46//46 47//47 32//32
f 60//60 33//33 47//47
f 33//33 60//60 34//34
f 34//34 61//61 48//48
f 62//62 41//41 35//35
f 63//63 35//35 36//36
f 64//64 36//36 37//37
f 65//65 37//37 48//48
f 66//66 2//2 49//49
f 67//67 49//49 38//38
f 38//38 50//50 67//67
f 68//68 50//50 39//39
f 39//39 51//51 68//68
f 69//69 51//51 40//40
f 40//40 52//52 69//69
f 70//70 52//52 41//41
f 71//71 9//9 53//53
f 42//42 72//72 53//53
f 54//54 72//72 42//42
f 73//73 54//54 43//43
f 55//55 31//31 58//58
f 43//43 55//55 73//73
f 56//56 2//2 74//74
f 56//56 75//75 44//44
f 44//44 75//75 57//57
f 57//57 76//76 45//45
f 58//58 45//45 76//76
f 9//9 77//77 59//59
f 59//59 78//78 46//46
f 47//47 46//46 78//78
f 78//78 60//60 47//47
f 61//61 34//34 60//60
f 79//79 48//48 61//61
f 41//41 62//62 70//70
f 35//35 63//63 62//62
f 36//36 64//64 63//63
f 37//37 65//65 64//64
f 48//48 79//79 65//65
f 80//80 2//2 66//66
f 81//81 66//66 49//49
f 49//49 67//67 82//82
f 83//83 67//67 50//50
f 50//50 68//68 83//83
f 84//84 68//68 51//51
f 51//51 69//69 84//84
f 85//85 69//69 52//52
f 52//52 70//70 85//85
f 86//86 9//9 71//71
f 53//53 87//87 71//71
f 72//72 87//87 53//53
f 88//88 72//72 54//54
f 54//54 73//73 88//88
f 89//89 55//89 58//89
f 90//89 73//89 55//89
f 74//74 2//2 91//90
f 74//74 92//91 56//56
f 56//56 92//91 75//75
f 75//75 93//92 57//57
f 76//76 57//57 93//92
f 94//89 58//89 76//89
f 9//9 95//93 77//77
f 77//77 96//94 59//59
f 78//78 59//59 96//94
f 60//60 78//78 97//95
f 60//60 98//96 61//61
f 61//61 99//97 79//79
f 62//62 100//98 70//70
f 63//63 101//99 62//62
f 64//64 102//100 63//63
f 65//65 103//101 64//64
f 79//79 104//102 65//65
f 105//103 2//2 80//80
f 106//104 80//80 66//66
f 106//104 66//66 81//81
f 81//81 49//49 82//82
f 107//105 82//82 67//67
f 67//67 83//83 108//106
f 109//107 83//83 68//68
f 68//68 84//84 109//107
f 110//108 84//84 69//69
f 69//69 85//85 110//108
f 70//70 111//109 85//85
f 112//110 9//9 86//86
f 71//71 113//111 86//86
f 87//87 113//111 71//71
f 114//112 87//87 72//72
f 72//72 88//88 114//112
f 115//89 88//89 73//89
f 90//89 55//89 89//89
f 89//89 58//89 94//89
f 115//89 73//89 90//89
f 91//90 2//2 116//113
f 91//90 117//114 74//74
f 74//74 117//114 92//91
f 92//91 118//115 75//75
f 93//92 75//75 118//115
f 119//89 76//89 93//89
f 94//89 76//89 119//89
f 9//9 120//116 95//93
f 95//93 121//117 77//77
f 96//94 77//77 121//117
f 96//94 97//95 78//78
f 98//96 60//60 97//95
f 99//97 61//61 98//96
f 122//118 79//79 99//97
f 100//98 62//62 101//99
f 111//109 70//70 100//98
f 101//99 63//63 102//100
f 102//100 64//64 103//101
f 103//101 65//65 104//102
f 104//102 79//79 123//119
f 124//120 2//2 105//103
f 106//104 105//103 80//80
f 125//121 106//104 81//81
f 126//122 81//81 82//82
f 126//122 82//82 107//105
f 107//105 67//67 108//106
f 127//123 108//106 83//83
f 83//83 109//107 127//123
f 128//124 109//107 84//84
f 84//84 110//108 128//124
f 85//85 129//125 110//108
f 129//125 85//85 111//109
f 130//126 9//9 112//110
f 86//86 131//127 112//110
f 113//111 131//127 86//86
f 132//128 113//111 87//87
f 87//87 114//112 132//128
f 133//89 114//89 88//89
f 133//89 88//89 115//89
f 89//129 134//130 90//131
f 135//132 89//129 94//133
f 134//130 115//134 90//131
f 116//113 2//2 136//135
f 116//113 137//136 91//90
f 91//90 137//136 117//114
f 117//114 138//137 92//91
f 118//115 92//91 138//137
f 139//89 93//89 118//89
f 119//89 93//89 139//89
f 119//138 135//132 94//133
f 9//9 140//139 120//116
f 120//116 141//140 95//93
f 121//117 95//93 141//140
f 121//117 142//141 96//94
f 97//95 96//94 142//141
f 142//141 98//96 97//95
f 143//142 99//97 98//96
f 79//79 122//118 123//119
f 99//97 144//143 122//118
f 101//99 145//144 100//98
f 100//98 146//145 111//109
f 102//100 147//146 101//99
f 103//101 148//147 102//100
f 104//102 149//148 103//101
f 123//119 150//149 104//102
f 124//120 151//150 2//2
f 152//151 124//120 105//103
f 105//103 106//104 153//152
f 125//121 153//152 106//104
f 125//121 81//81 126//122
f 154//153 126//122 107//105
f 155//154 107//105 108//106
f 108//106 127//123 155//154
f 156//155 127//123 109//107
f 109//107 128//124 156//155
f 110//108 157//156 128//124
f 157//156 110//108 129//125
f 111//109 158//157 129//125
f 159//158 9//9 130//126
f 112//110 160//159 130//126
f 131//127 160//159 112//110
f 161//160 131//127 113//111
f 113//111 132//128 161//160
f 162//89 132//89 114//89
f 162//89 114//89 133//89
f 163//161 133//162 115//134
f 134//130 89//129 164//163
f 89//129 135//132 164//163
f 115//134 134//130 163//161
f 136//135 2//2 165//164
f 136//135 166//165 116//113
f 116//113 166//165 137//136
f 137//136 167//166 117//114
f 138//137 117//114 167//166
f 168//89 118//89 138//89
f 139//89 118//89 168//89
f 139//167 169//168 119//138
f 135//132 119//138 169//168
f 9//9 170//169 140//139
f 140//139 171//170 120//116
f 141//140 120//116 171//170
f 141//140 172//171 121//117
f 142//141 121//117 172//171
f 98//96 142//141 143//142
f 99//97 143//142 173//172
f 174//173 123//119 122//118
f 144//143 99//97 173//172
f 175//174 122//118 144//143
f 145//144 101//99 147//146
f 146//145 100//98 145//144
f 158//157 111//109 146//145
f 147//146 102//100 148//147
f 148//147 103//101 149//148
f 149//148 104//102 150//149
f 150//149 123//119 176//175
f 124//120 177//176 151//150
f 151//150 178//177 2//2
f 177//176 124//120 152//151
f 152//151 105//103 153//152
f 153//152 125//121 179//178
f 180//179 125//121 126//122
f 126//122 154//153 180//179
f 107//105 155//154 154//153
f 181//180 155//154 127//123
f 127//123 156//155 181//180
f 157//156 156//155 128//124
f 129//125 182//181 157//156
f 182//181 129//125 158//157
f 183//182 9//9 159//158
f 130//126 184//183 159//158
f 160//159 184//183 130//126
f 185//184 160//159 131//127
f 131//127 161//160 185//184
f 186//89 161//89 132//89
f 186//89 132//89 162//89
f 187//185 162//186 133//162
f 133//162 163//161 187//185
f 164//163 188//187 134//130
f 135//132 189//188 164//163
f 134//130 190//189 163//161
f 165//164 2//2 191//190
f 165//164 192//191 136//135
f 136//135 192//191 166//165
f 193//192 137//136 166//165
f 167//166 137//136 194//193
f 195//89 138//89 167//89
f 168//89 138//89 195//89
f 168//194 196//195 139//167
f 169//168 139//167 196//195
f 169//168 197//196 135//132
f 9//9 198//197 170//169
f 170//169 199//198 140//139
f 171//170 140//139 199//198
f 171//170 200//199 141//140
f 172//171 141//140 200//199
f 172//171 143//142 142//141
f 201//200 173//172 143//142
f 123//119 174//173 176//175
f 122//118 175//174 174//173
f 173//172 202//201 144//143
f 144//143 203//202 175//174
f 147//146 204//203 145//144
f 145//144 205//204 146//145
f 146//145 206//205 158//157
f 148//147 207//206 147//146
f 149//148 208//207 148//147
f 150//149 209//208 149//148
f 176//175 210//209 150//149
f 177//176 211//210 151//150
f 211//210 178//177 151//150
f 178//177 212//211 2//2
f 152//151 213//212 177//176
f 214//213 152//151 153//152
f 215//214 179//178 125//121
f 214//213 153//152 179//178
f 125//121 180//179 215//214
f 216//215 180//179 154//153
f 217//216 154//153 155//154
f 155//154 181//180 217//216
f 218//217 181//180 156//155
f 156//155 157//156 218//217
f 182//181 218//217 157//156
f 158//157 219//218 182//181
f 220//219 9//9 183//182
f 159//158 221//220 183//182
f 184//183 221//220 159//158
f 222//221 184//183 160//159
f 160//159 185//184 222//221
f 223//89 185//89 161//89
f 223//89 161//89 186//89
f 224//222 186//223 162//186
f 162//186 187//185 224//222
f 163//161 225//224 187//185
f 189//188 188//187 164//163
f 188//187 190//189 134//130
f 197//196 189//188 135//132
f 190//189 225//224 163//161
f 2//2 226//225 191//190
f 191//190 227//226 165//164
f 165//164 227//226 192//191
f 192//191 193//192 166//165
f 193//192 194//193 137//136
f 228//89 167//89 194//89
f 195//89 167//89 228//89
f 195//227 229//228 168//194
f 196//195 168//194 229//228
f 196//195 230//229 169//168
f 230//229 197//196 169//168
f 9//9 231//230 198//197
f 198//197 232//231 170//169
f 199//198 170//169 232//231
f 171//170 199//198 233//232
f 200//199 171//170 233//232
f 200//199 201//200 172//171
f 143//142 172//171 201//200
f 173//172 201//200 234//233
f 235//234 176//175 174//173
f 236//235 174//173 175//174
f 202//201 173//172 234//233
f 203//202 144//143 202//201
f 237//236 175//174 203//202
f 204//203 147//146 207//206
f 205//204 145//144 204//203
f 206//205 146//145 205//204
f 219//218 158//157 206//205
f 207//206 148//147 208//207
f 208//207 149//148 209//208
f 209//208 150//149 210//209
f 210//209 176//175 238//237
f 177//176 239//238 211//210
f 211//210 240//239 178//177
f 240//239 212//211 178//177
f 241//240 2//2 212//211
f 213//212 152//151 214//213
f 239//238 177//176 213//212
f 179//178 215//214 242//241
f 243//242 214//213 179//178
f 244//243 215//214 180//179
f 180//179 216//215 244//243
f 154//153 217//216 216//215
f 245//244 217//216 181//180
f 181//180 218//217 245//244
f 218//217 182//181 246//245
f 247//246 182//181 219//218
f 248//247 9//9 220//219
f 183//182 249//248 220//219
f 221//220 249//248 183//182
f 250//249 221//220 184//183
f 184//183 222//221 250//249
f 251//89 222//89 185//89
f 251//89 185//89 223//89
f 252//250 223//251 186//223
f 186//223 224//222 252//250
f 187//185 253//252 224//222
f 187//185 225//224 253//252
f 2//2 188//187 189//188
f 2//2 190//189 188//187
f 2//2 189//188 197//196
f 2//2 225//224 190//189
f 2//2 254//253 226//225
f 191//190 226//225 255//254
f 191//190 255//254 227//226
f 256//255 192//191 227//226
f 193//192 192//191 257//256
f 258//89 194//89 193//89
f 228//89 194//89 258//89
f 228//257 259//258 195//227
f 229//228 195//227 259//258
f 229//228 260//259 196//195
f 260//259 230//229 196//195
f 2//2 197//196 230//229
f 9//9 261//260 231//230
f 231//230 262//261 198//197
f 232//231 198//197 262//261
f 199//198 232//231 263//262
f 199//198 263//262 233//232
f 233//232 264//263 200//199
f 201//200 200//199 264//263
f 264//263 234//233 201//200
f 176//175 235//234 238//237
f 174//173 236//235 235//234
f 175//174 237//236 236//235
f 234//233 265//264 202//201
f 202//201 266//265 203//202
f 203//202 267//266 237//236
f 207//206 268//267 204//203
f 204//203 269//268 205//204
f 205//204 270//269 206//205
f 206//205 271//270 219//218
f 208//207 272//271 207//206
f 209//208 273//272 208//207
f 210//209 274//273 209//208
f 238//237 275//274 210//209
f 276//275 211//210 239//238
f 211//210 276//275 240//239
f 240//239 277//276 212//211
f 2//2 241//240 278//277
f 212//211 277//276 241//240
f 279//278 213//212 214//213
f 280//279 239//238 213//212
f 281//280 242//241 215//214
f 243//242 179//178 242//241
f 243//242 279//278 214//213
f 215//214 244//243 281//280
f 282//281 244//243 216//215
f 283//282 216//215 217//216
f 217//216 245//244 283//282
f 246//245 245//244 218//217
f 182//181 247//246 246//245
f 219//218 284//283 247//246
f 285//284 9//9 248//247
f 220//219 286//285 248//247
f 249//248 286//285 220//219
f 287//286 249//248 221//220
f 221//220 250//249 287//286
f 288//89 250//89 222//89
f 288//89 222//89 251//89
f 289//287 251//288 223//251
f 223//251 252//250 289//287
f 224//222 290//289 252//250
f 224//222 253//252 290//289
f 2//2 253//252 225//224
f 2//2 291//290 254//253
f 226//225 254//253 292//291
f 226//225 292//291 255//254
f 255//254 256//255 227//226
f 256//255 257//256 192//191
f 293//89 193//89 257//89
f 258//89 193//89 293//89
f 258//292 294//293 228//257
f 259//258 228//257 294//293
f 259//258 295//294 229//228
f 295//294 260//259 229//228
f 2//2 230//229 260//259
f 9//9 296//295 261//260
f 261//260 297//296 231//230
f 262//261 231//230 297//296
f 262//261 298//297 232//231
f 232//231 298//297 263//262
f 233//232 263//262 299//298
f 264//263 233//232 299//298
f 234//233 264//263 300//299
f 301//300 238//237 235//234
f 302//301 235//234 236//235
f 303//302 236//235 237//236
f 265//264 234//233 300//299
f 266//265 202//201 265//264
f 267//266 203//202 266//265
f 304//303 237//236 267//266
f 268//267 207//206 272//271
f 269//268 204//203 268//267
f 270//269 205//204 269//268
f 271//270 206//205 270//269
f 284//283 219//218 271//270
f 272//271 208//207 273//272
f 273//272 209//208 274//273
f 274//273 210//209 275//274
f 275//274 238//237 305//304
f 306//305 276//275 239//238
f 276//275 307//306 240//239
f 240//239 307//306 277//276
f 241//240 308//307 278//277
f 278//277 309//308 2//2
f 310//309 241//240 277//276
f 279//278 280//279 213//212
f 280//279 306//305 239//238
f 242//241 281//280 311//310
f 311//310 243//242 242//241
f 312//311 279//278 243//242
f 313//312 281//280 244//243
f 244//243 282//281 313//312
f 216//215 283//282 282//281
f 314//313 283//282 245//244
f 245//244 246//245 314//313
f 247//246 314//313 246//245
f 284//283 315//314 247//246
f 316//315 9//9 285//284
f 248//247 317//316 285//284
f 286//285 317//316 248//247
f 318//317 286//285 249//248
f 249//248 287//286 318//317
f 319//89 287//89 250//89
f 319//89 250//89 288//89
f 320//318 288//319 251//288
f 251//288 289//287 320//318
f 252//250 321//320 289//287
f 252//250 290//289 321//320
f 2//2 290//289 253//252
f 2//2 322//321 291//290
f 254//253 291//290 323//322
f 254//253 323//322 292//291
f 292//291 324//323 255//254
f 256//255 255//254 324//323
f 325//89 257//89 256//89
f 293//89 257//89 325//89
f 293//324 326//325 258//292
f 294//293 258//292 326//325
f 294//293 327//326 259//258
f 295//294 259//258 327//326
f 2//2 260//259 295//294
f 9//9 328//327 296//295
f 296//295 329//328 261//260
f 297//296 261//260 329//328
f 297//296 330//329 262//261
f 298//297 262//261 330//329
f 263//262 298//297 331//330
f 263//262 331//330 299//298
f 299//298 300//299 264//263
f 238//237 301//300 305//304
f 235//234 302//301 301//300
f 236//235 303//302 302//301
f 237//236 304//303 303//302
f 332//331 265//264 300//299
f 265//264 333//332 266//265
f 266//265 334//333 267//266
f 267//266 335//334 304//303
f 272//271 336//335 268//267
f 268//267 337//336 269//268
f 269//268 338//337 270//269
f 270//269 339//338 271//270
f 271//270 340//339 284//283
f 273//272 341//340 272//271
f 274//273 342//341 273//272
f 275//274 343//342 274//273
f 305//304 344//343 275//274
f 306//305 345//344 276//275
f 276//275 345//344 307//306
f 346//345 277//276 307//306
f 241//240 310//309 308//307
f 308//307 347//346 278//277
f 278//277 348//347 309//308
f 2//2 309//308 349//348
f 277//276 346//345 310//309
f 350//349 280//279 279//278
f 280//279 351//350 306//305
f 352//351 311//310 281//280
f 243//242 311//310 353//352
f 312//311 350//349 279//278
f 353//352 312//311 243//242
f 281//280 313//312 352//351
f 354//353 313//312 282//281
f 355//354 282//281 283//282
f 283//282 314//313 355//354
f 314//313 247//246 315//314
f 315//314 284//283 356//355
f 357//356 9//9 316//315
f 285//284 358//357 316//315
f 317//316 358//357 285//284
f 359//358 317//316 286//285
f 286//285 318//317 359//358
f 360//89 318//89 287//89
f 360//89 287//89 319//89
f 361//359 319//360 288//319
f 288//319 320//318 361//359
f 289//287 362//361 320//318
f 289//287 321//320 362//361
f 2//2 321//320 290//289
f 2//2 327//326 322//321
f 291//290 322//321 326//325
f 323//322 291//290 326//325
f 323//322 325//362 292//291
f 324//323 292//291 325//362
f 325//89 256//89 324//89
f 325//362 323//322 293//324
f 326//325 293//324 323//322
f 326//325 322//321 294//293
f 322//321 327//326 294//293
f 2//2 295//294 327//326
f 363//363 328//327 9//9
f 328//327 364//364 296//295
f 329//328 296//295 364//364
f 329//328 365//365 297//296
f 330//329 297//296 365//365
f 330//329 366//366 298//297
f 298//297 366//366 331//330
f 331//330 332//331 299//298
f 300//299 299//298 332//331
f 367//367 305//304 301//300
f 368//368 301//300 302//301
f 369//369 302//301 303//302
f 304//303 369//369 303//302
f 265//264 332//331 370//370
f 333//332 265//264 370//370
f 334//333 266//265 333//332
f 335//334 267//266 334//333
f 371//371 304//303 335//334
f 336//335 272//271 341//340
f 337//336 268//267 336//335
f 338//337 269//268 337//336
f 339//338 270//269 338//337
f 340//339 271//270 339//338
f 372//372 284//283 340//339
f 341//340 273//272 342//341
f 342//341 274//273 343//342
f 343//342 275//274 344//343
f 344//343 305//304 373//373
f 306//305 374//374 345//344
f 375//375 307//306 345//344
f 307//306 375//375 346//345
f 310//309 376//376 308//307
f 376//376 347//346 308//307
f 347//346 377//377 278//277
f 278//277 378//378 348//347
f 348//347 379//379 309//308
f 380//380 349//348 309//308
f 2//2 349//348 381//381
f 382//382 310//309 346//345
f 351//350 280//279 350//349
f 351//350 374//374 306//305
f 311//310 352//351 383//383
f 383//383 353//352 311//310
f 312//311 384//384 350//349
f 353//352 385//385 312//311
f 354//353 352//351 313//312
f 354//353 282//281 386//386
f 282//281 355//354 386//386
f 315//314 355//354 314//313
f 284//283 372//372 356//355
f 356//355 387//387 315//314
f 388//388 9//9 357//356
f 316//315 389//389 357//356
f 358//357 389//389 316//315
f 390//390 358//357 317//316
f 317//316 359//358 390//390
f 391//89 359//89 318//89
f 391//89 318//89 360//89
f 392//391 360//392 319//360
f 319//360 361//359 392//391
f 320//318 393//393 361//359
f 320//318 362//361 393//393
f 2//2 362//361 321//320
f 328//327 363//363 394//394
f 395//395 363//363 9//9
f 364//364 328//327 396//396
f 364//364 397//397 329//328
f 365//365 329//328 397//397
f 365//365 398//398 330//329
f 366//366 330//329 398//398
f 366//366 399//399 331//330
f 332//331 331//330 399//399
f 305//304 367//367 373//373
f 301//300 368//368 367//367
f 302//301 369//369 368//368
f 369//369 304//303 400//400
f 399//399 370//370 332//331
f 370//370 401//401 333//332
f 333//332 402//402 334//333
f 334//333 403//403 335//334
f 304//303 371//371 400//400
f 335//334 404//404 371//371
f 341//340 405//405 336//335
f 336//335 406//406 337//336
f 337//336 407//407 338//337
f 338//337 408//408 339//338
f 339//338 409//409 340//339
f 340//339 410//410 372//372
f 342//341 411//411 341//340
f 343//342 412//412 342//341
f 344//343 413//413 343//342
f 373//373 414//414 344//343
f 415//415 345//344 374//374
f 345//344 415//415 375//375
f 375//375 416//416 346//345
f 310//309 382//382 376//376
f 417//417 347//346 376//376
f 347//346 417//417 377//377
f 377//377 418//418 278//277
f 278//277 419//419 378//378
f 348//347 378//378 420//420
f 379//379 348//347 420//420
f 380//380 309//308 379//379
f 392//391 349//348 380//380
f 392//391 381//381 349//348
f 2//2 381//381 393//393
f 416//416 382//382 346//345
f 350//349 421//421 351//350
f 351//350 422//422 374//374
f 423//423 383//383 352//351
f 353//352 383//383 424//424
f 384//384 312//311 385//385
f 421//421 350//349 384//384
f 385//385 353//352 424//424
f 352//351 354//353 423//423
f 425//425 354//353 386//386
f 387//387 386//386 355//354
f 355//354 315//314 387//387
f 372//372 426//426 356//355
f 387//387 356//355 426//426
f 427//427 9//9 388//388
f 357//356 428//428 388//388
f 428//428 357//356 389//389
f 429//429 389//389 358//357
f 358//357 390//390 429//429
f 430//89 390//89 359//89
f 430//89 359//89 391//89
f 380//380 391//430 360//392
f 360//392 392//391 380//380
f 361//359 381//381 392//391
f 361//359 393//393 381//381
f 2//2 393//393 362//361
f 363//363 431//431 394//394
f 328//327 394//394 396//396
f 363//363 395//395 432//432
f 395//395 9//9 433//433
f 396//396 434//434 364//364
f 397//397 364//364 434//434
f 397//397 435//435 365//365
f 398//398 365//365 435//435
f 398//398 436//436 366//366
f 399//399 366//366 436//436
f 437//437 373//373 367//367
f 438//438 367//367 368//368
f 369//369 438//438 368//368
f 439//439 369//369 400//400
f 370//370 399//399 440//440
f 401//401 370//370 440//440
f 402//402 333//332 401//401
f 403//403 334//333 402//402
f 404//404 335//334 403//403
f 441//441 400//400 371//371
f 442//442 371//371 404//404
f 405//405 341//340 411//411
f 406//406 336//335 405//405
f 407//407 337//336 406//406
f 408//408 338//337 407//407
f 409//409 339//338 408//408
f 410//410 340//339 409//409
f 443//443 372//372 410//410
f 411//411 342//341 412//412
f 412//412 343//342 413//413
f 413//413 344//343 414//414
f 414//414 373//373 444//444
f 374//374 445//445 415//415
f 446//446 375//375 415//415
f 375//375 446//446 416//416
f 447//447 376//376 382//382
f 376//376 447//447 417//417
f 448//448 377//377 417//417
f 377//377 448//448 418//418
f 418//418 449//449 278//277
f 278//277 450//450 419//419
f 378//378 419//419 451//451
f 420//420 378//378 451//451
f 430//452 379//379 420//420
f 391//430 380//380 379//379
f 416//416 452//453 382//382
f 421//421 422//422 351//350
f 445//445 374//374 422//422
f 383//383 423//423 453//454
f 453//454 424//424 383//383
f 385//385 454//455 384//384
f 384//384 455//456 421//421
f 424//424 456//457 385//385
f 457//458 423//423 354//353
f 354//353 425//425 457//458
f 386//386 387//387 425//425
f 426//426 372//372 458//459
f 426//426 425//425 387//387
f 459//460 9//9 427//427
f 388//388 460//461 427//427
f 428//428 460//461 388//388
f 461//462 428//428 389//389
f 389//389 429//429 461//462
f 462//89 429//89 390//89
f 462//89 390//89 430//89
f 379//379 430//452 391//430
f 363//363 463//463 431//431
f 431//431 464//464 394//394
f 396//396 394//394 464//464
f 465//465 432//432 395//395
f 466//466 363//363 432//432
f 433//433 9//9 467//467
f 433//433 468//468 395//395
f 434//434 396//396 469//469
f 434//434 470//470 397//397
f 435//435 397//397 470//470
f 435//435 471//471 398//398
f 436//436 398//398 471//471
f 436//436 440//440 399//399
f 373//373 437//437 444//444
f 367//367 438//438 437//437
f 438//438 369//369 472//472
f 369//369 439//439 472//472
f 400//400 441//441 439//439
f 440//440 473//473 401//401
f 473//473 402//402 401//401
f 402//402 474//474 403//403
f 403//403 475//475 404//404
f 371//371 442//442 441//441
f 404//404 476//476 442//442
f 411//411 477//477 405//405
f 405//405 478//478 406//406
f 406//406 479//479 407//407
f 407//407 480//480 408//408
f 408//408 481//481 409//409
f 409//409 482//482 410//410
f 372//372 443//443 458//459
f 410//410 483//483 443//443
f 412//412 484//484 411//411
f 413//413 485//485 412//412
f 414//414 486//486 413//413
f 444//444 487//487 414//414
f 488//488 415//415 445//445
f 415//415 488//488 446//446
f 489//489 416//416 446//446
f 452//453 447//447 382//382
f 490//490 417//417 447//447
f 417//417 490//490 448//448
f 448//448 491//491 418//418
f 491//491 449//449 418//418
f 449//449 492//492 278//277
f 278//277 493//493 450//450
f 419//419 450//450 494//494
f 451//451 419//419 494//494
f 462//495 420//420 451//451
f 420//420 462//495 430//452
f 416//416 489//489 452//453
f 421//421 495//496 422//422
f 422//422 496//497 445//445
f 497//498 453//454 423//423
f 424//424 453//454 498//499
f 454//455 385//385 456//457
f 455//456 384//384 454//455
f 455//456 495//496 421//421
f 456//457 424//424 498//499
f 423//423 457//458 497//498
f 499//500 457//458 425//425
f 458//459 499//500 426//426
f 425//425 426//426 499//500
f 500//501 9//9 459//460
f 427//427 501//502 459//460
f 460//461 501//502 427//427
f 502//503 460//461 428//428
f 428//428 461//462 502//503
f 503//89 461//89 429//89
f 503//89 429//89 462//89
f 363//363 504//504 463//463
f 463//463 505//505 431//431
f 464//464 431//431 505//505
f 396//396 464//464 469//469
f 506//506 432//432 465//465
f 465//465 395//395 468//468
f 507//507 363//363 466//466
f 506//506 466//466 432//432
f 467//467 9//9 508//508
f 467//467 509//509 433//433
f 509//509 468//468 433//433
f 469//469 510//510 434//434
f 470//470 434//434 510//510
f 470//470 511//511 435//435
f 471//471 435//435 511//511
f 471//471 512//512 436//436
f 440//440 436//436 512//512
f 437//437 513//513 444//444
f 514//514 437//437 438//438
f 515//515 438//438 472//472
f 516//516 472//472 439//439
f 517//517 439//439 441//441
f 473//473 440//440 512//512
f 402//402 473//473 518//518
f 474//474 402//402 518//518
f 475//475 403//403 474//474
f 476//476 404//404 475//475
f 519//519 441//441 442//442
f 520//520 442//442 476//476
f 477//477 411//411 484//484
f 478//478 405//405 477//477
f 479//479 406//406 478//478
f 480//480 407//407 479//479
f 481//481 408//408 480//480
f 482//482 409//409 481//481
f 483//483 410//410 482//482
f 443//443 521//521 458//459
f 522//522 443//443 483//483
f 484//484 412//412 485//485
f 485//485 413//413 486//486
f 486//486 414//414 487//487
f 487//487 444//444 513//513
f 445//445 523//523 488//488
f 524//524 446//446 488//488
f 446//446 524//524 489//489
f 525//525 447//447 452//453
f 447//447 525//525 490//490
f 526//526 448//448 490//490
f 448//448 526//526 491//491
f 527//527 449//449 491//491
f 449//449 527//527 492//492
f 492//492 528//528 278//277
f 278//277 529//529 493//493
f 450//450 493//493 530//530
f 494//494 450//450 530//530
f 503//531 451//451 494//494
f 451//451 503//531 462//495
f 531//532 452//453 489//489
f 496//497 422//422 495//496
f 523//523 445//445 496//497
f 453//454 497//498 532//533
f 532//533 498//499 453//454
f 456//457 533//534 454//455
f 454//455 534//535 455//456
f 455//456 535//536 495//496
f 536//537 456//457 498//499
f 537//538 497//498 457//458
f 457//458 499//500 537//538
f 499//500 458//459 521//521
f 538//539 9//9 500//501
f 459//460 539//540 500//501
f 501//502 539//540 459//460
f 540//541 501//502 460//461
f 460//461 502//503 540//541
f 541//89 502//89 461//89
f 541//89 461//89 503//89
f 363//363 542//542 504//504
f 504//504 543//543 463//463
f 505//505 463//463 543//543
f 505//505 544//544 464//464
f 469//469 464//464 544//544
f 545//545 506//506 465//465
f 468//468 545//545 465//465
f 546//546 363//363 507//507
f 547//547 507//507 466//466
f 547//547 466//466 506//506
f 508//508 9//9 548//548
f 508//508 549//549 467//467
f 549//549 509//509 467//467
f 509//509 550//550 468//468
f 510//510 469//469 551//551
f 470//470 510//510 552//552
f 511//511 470//470 552//552
f 511//511 553//553 471//471
f 512//512 471//471 553//553
f 513//513 437//437 554//554
f 437//437 514//514 554//554
f 438//438 515//515 514//514
f 472//472 516//516 515//515
f 439//439 517//517 516//516
f 441//441 519//519 517//517
f 512//512 555//555 473//473
f 473//473 556//556 518//518
f 518//518 557//557 474//474
f 474//474 558//558 475//475
f 475//475 559//559 476//476
f 442//442 520//520 519//519
f 476//476 560//560 520//520
f 484//484 561//561 477//477
f 477//477 562//562 478//478
f 478//478 563//563 479//479
f 479//479 564//564 480//480
f 480//480 565//565 481//481
f 481//481 566//566 482//482
f 482//482 567//567 483//483
f 521//521 443//443 568//568
f 443//443 522//522 568//568
f 483//483 569//569 522//522
f 485//485 570//570 484//484
f 486//486 571//571 485//485
f 487//487 572//572 486//486
f 513//513 573//573 487//487
f 574//574 488//488 523//523
f 488//488 574//574 524//524
f 575//575 489//489 524//524
f 452//453 531//532 525//525
f 576//576 490//490 525//525
f 490//490 576//576 526//526
f 577//577 491//491 526//526
f 491//491 577//577 527//527
f 527//527 578//578 492//492
f 492//492 578//578 528//528
f 278//277 528//528 579//579
f 278//277 580//580 529//529
f 493//493 529//529 581//581
f 530//530 493//493 581//581
f 541//582 494//494 530//530
f 494//494 541//582 503//531
f 489//489 575//575 531//532
f 495//496 582//583 496//497
f 496//497 583//584 523//523
f 584//585 532//533 497//498
f 498//499 532//533 536//537
f 533//534 456//457 585//586
f 534//535 454//455 533//534
f 534//535 535//536 455//456
f 582//583 495//496 535//536
f 456//457 536//537 585//586
f 497//498 537//538 584//585
f 521//521 537//538 499//500
f 586//587 9//9 538//539
f 500//501 587//588 538//539
f 539//540 587//588 500//501
f 588//589 539//540 501//502
f 501//502 540//541 588//589
f 589//89 540//89 502//89
f 589//89 502//89 541//89
f 363//363 590//590 542//542
f 542//542 591//591 504//504
f 543//543 504//504 591//591
f 543//543 592//592 505//505
f 544//544 505//505 592//592
f 469//469 544//544 551//551
f 506//506 545//545 593//593
f 545//545 468//468 550//550
f 594//594 363//363 546//546
f 595//595 546//546 507//507
f 595//595 507//507 547//547
f 506//506 596//596 547//547
f 548//548 9//9 597//597
f 548//548 598//598 508//508
f 598//598 549//549 508//508
f 549//549 599//599 509//509
f 550//550 509//509 599//599
f 551//551 600//600 510//510
f 510//510 600//600 552//552
f 552//552 601//601 511//511
f 553//553 511//511 601//601
f 555//555 512//512 553//553
f 602//602 513//513 554//554
f 603//603 554//554 514//514
f 604//604 514//514 515//515
f 605//605 515//515 516//516
f 606//606 516//516 517//517
f 607//607 517//517 519//519
f 556//556 473//473 555//555
f 557//557 518//518 556//556
f 558//558 474//474 557//557
f 559//559 475//475 558//558
f 560//560 476//476 559//559
f 608//608 519//519 520//520
f 609//609 520//520 560//560
f 561//561 484//484 570//570
f 562//562 477//477 561//561
f 563//563 478//478 562//562
f 564//564 479//479 563//563
f 565//565 480//480 564//564
f 566//566 481//481 565//565
f 567//567 482//482 566//566
f 569//569 483//483 567//567
f 568//568 610//610 521//521
f 522//522 611//611 568//568
f 612//612 522//522 569//569
f 570//570 485//485 571//571
f 571//571 486//486 572//572
f 572//572 487//487 573//573
f 573//573 513//513 613//613
f 523//523 614//614 574//574
f 615//615 524//524 574//574
f 524//524 615//615 575//575
f 616//616 525//525 531//532
f 525//525 616//616 576//576
f 617//617 526//526 576//576
f 526//526 617//617 577//577
f 577//577 578//578 527//527
f 528//528 578//578 618//618
f 528//528 618//618 579//579
f 278//277 579//579 619//619
f 278//277 620//620 580//580
f 529//529 580//580 621//621
f 581//581 529//529 621//621
f 589//622 530//530 581//581
f 530//530 589//622 541//582
f 622//623 531//532 575//575
f 583//584 496//497 582//583
f 614//614 523//523 583//584
f 532//533 584//585 623//624
f 623//624 536//537 532//533
f 624//625 533//534 585//586
f 533//534 625//626 534//535
f 534//535 626//627 535//536
f 535//536 627//628 582//583
f 628//629 585//586 536//537
f 610//610 584//585 537//538
f 537//538 521//521 610//610
f 629//630 9//9 586//587
f 538//539 630//631 586//587
f 587//588 630//631 538//539
f 631//632 587//588 539//540
f 539//540 588//589 631//632
f 632//89 588//89 540//89
f 632//89 540//89 589//89
f 363//363 633//633 590//590
f 590//590 634//634 542//542
f 591//591 542//542 634//634
f 591//591 635//635 543//543
f 592//592 543//543 635//635
f 592//592 636//636 544//544
f 551//551 544//544 636//636
f 550//89 593//89 545//89
f 596//596 506//506 593//593
f 637//637 363//363 594//594
f 638//638 594//594 546//546
f 638//638 546//546 595//595
f 547//547 639//639 595//595
f 639//639 547//547 596//596
f 597//597 9//9 640//640
f 597//597 641//641 548//548
f 641//641 598//598 548//548
f 642//642 549//549 598//598
f 599//599 549//549 643//643
f 596//89 550//89 599//89
f 600//600 551//551 644//644
f 600//600 645//645 552//552
f 601//601 552//552 645//645
f 601//601 555//555 553//553
f 513//513 602//602 613//613
f 554//554 603//603 602//602
f 514//514 604//604 603//603
f 515//515 605//605 604//604
f 516//516 606//606 605//605
f 517//517 607//607 606//606
f 519//519 608//608 607//607
f 646//646 556//556 555//555
f 556//556 647//647 557//557
f 647//647 558//558 557//557
f 558//558 648//648 559//559
f 559//559 649//649 560//560
f 520//520 609//609 608//608
f 560//560 650//650 609//609
f 570//570 651//651 561//561
f 561//561 652//652 562//562
f 562//562 653//653 563//563
f 563//563 654//654 564//564
f 564//564 655//655 565//565
f 565//565 656//656 566//566
f 566//566 657//657 567//567
f 567//567 658//658 569//569
f 610//610 568//568 611//611
f 611//611 522//522 659//659
f 522//522 612//612 659//659
f 569//569 660//660 612//612
f 571//571 661//661 570//570
f 572//572 662//662 571//571
f 573//573 663//663 572//572
f 613//613 664//664 573//573
f 665//665 574//574 614//614
f 574//574 665//665 615//615
f 666//666 575//575 615//615
f 531//532 622//623 616//616
f 667//667 576//576 616//616
f 576//576 667//667 617//617
f 617//617 668//668 577//577
f 578//578 577//577 668//668
f 668//668 618//618 578//578
f 618//618 619//619 579//579
f 278//277 619//619 669//669
f 278//277 670//670 620//620
f 580//580 620//620 671//671
f 621//621 580//580 671//671
f 632//672 581//581 621//621
f 581//581 632//672 589//622
f 575//575 666//666 622//623
f 627//628 583//584 582//583
f 583//584 672//673 614//614
f 673//674 623//624 584//585
f 536//537 623//624 628//629
f 533//534 624//625 674//675
f 585//586 628//629 624//625
f 625//626 533//534 674//675
f 625//626 626//627 534//535
f 627//628 535//536 626//627
f 584//585 610//610 673//674
f 675//676 9//9 629//630
f 586//587 676//677 629//630
f 630//631 676//677 586//587
f 677//678 630//631 587//588
f 587//588 631//632 677//678
f 678//89 631//89 588//89
f 678//89 588//89 632//89
f 363//363 679//679 633//633
f 633//633 680//680 590//590
f 634//634 590//590 680//680
f 634//634 681//681 591//591
f 635//635 591//591 681//681
f 635//635 682//682 592//592
f 636//636 592//592 682//682
f 551//551 636//636 644//644
f 593//89 550//89 596//89
f 363//363 637//637 278//277
f 683//683 637//637 594//594
f 683//683 594//594 638//638
f 595//595 684//684 638//638
f 684//684 595//595 639//639
f 596//89 599//89 639//89
f 640//640 9//9 685//685
f 640//640 686//686 597//597
f 686//686 641//641 597//597
f 641//641 642//642 598//598
f 549//549 642//642 643//643
f 639//89 599//89 643//89
f 644//644 687//687 600//600
f 645//645 600//600 687//687
f 645//645 646//646 601//601
f 555//555 601//601 646//646
f 688//688 613//613 602//602
f 689//689 602//602 603//603
f 690//690 603//603 604//604
f 691//691 604//604 605//605
f 692//692 605//605 606//606
f 607//607 692//692 606//606
f 693//693 607//607 608//608
f 556//556 646//646 694//694
f 647//647 556//556 694//694
f 558//558 647//647 695//695
f 648//648 558//558 695//695
f 649//649 559//559 648//648
f 650//650 560//560 649//649
f 696//696 608//608 609//609
f 697//697 609//609 650//650
f 651//651 570//570 661//661
f 652//652 561//561 651//651
f 653//653 562//562 652//652
f 654//654 563//563 653//653
f 655//655 564//564 654//654
f 656//656 565//565 655//655
f 657//657 566//566 656//656
f 658//658 567//567 657//657
f 660//660 569//569 658//658
f 611//611 673//674 610//610
f 659//659 698//698 611//611
f 699//699 659//659 612//612
f 700//700 612//612 660//660
f 661//661 571//571 662//662
f 662//662 572//572 663//663
f 663//663 573//573 664//664
f 664//664 613//613 701//701
f 672//673 665//665 614//614
f 702//702 615//615 665//665
f 615//615 702//702 666//666
f 622//623 667//667 616//616
f 667//667 703//703 617//617
f 668//668 617//617 703//703
f 618//618 668//668 704//704
f 619//619 618//618 705//705
f 705//705 669//669 619//619
f 278//277 669//669 706//706
f 278//277 707//707 670//670
f 620//620 670//670 708//708
f 671//671 620//620 708//708
f 678//709 621//621 671//671
f 621//621 678//709 632//672
f 666//666 709//710 622//623
f 583//584 627//628 710//711
f 672//673 583//584 710//711
f 623//624 673//674 711//712
f 711//712 628//629 623//624
f 712//713 674//675 624//625
f 713//714 624//625 628//629
f 714//715 625//626 674//675
f 625//626 715//716 626//627
f 715//716 627//628 626//627
f 716//717 9//9 675//676
f 629//630 717//718 675//676
f 676//677 717//718 629//630
f 718//719 676//677 630//631
f 630//631 677//678 718//719
f 719//89 677//89 631//89
f 719//89 631//89 678//89
f 363//363 720//720 679//679
f 679//679 721//721 633//633
f 680//680 633//633 721//721
f 680//680 722//722 634//634
f 681//681 634//634 722//722
f 681//681 723//723 635//635
f 682//682 635//635 723//723
f 682//682 724//724 636//636
f 644//644 636//636 724//724
f 278//277 637//637 725//725
f 726//726 363//363 278//277
f 727//727 637//637 683//683
f 638//638 728//728 683//683
f 728//728 638//638 684//684
f 639//89 643//89 684//89
f 685//685 9//9 729//729
f 685//685 730//730 640//640
f 730//730 686//686 640//640
f 686//686 731//731 641//641
f 642//642 641//641 731//731
f 684//89 643//89 642//89
f 687//687 644//644 732//732
f 687//687 733//733 645//645
f 646//646 645//645 733//733
f 613//613 688//688 701//701
f 602//602 689//689 688//688
f 603//603 690//690 689//689
f 604//604 691//691 690//690
f 605//605 692//692 691//691
f 692//692 607//607 734//734
f 607//607 693//693 734//734
f 608//608 696//696 693//693
f 646//646 735//735 694//694
f 694//694 736//736 647//647
f 647//647 737//737 695//695
f 695//695 738//738 648//648
f 648//648 739//739 649//649
f 649//649 740//740 650//650
f 609//609 697//697 696//696
f 650//650 741//741 697//697
f 661//661 742//742 651//651
f 651//651 743//743 652//652
f 652//652 744//744 653//653
f 653//653 745//745 654//654
f 654//654 746//746 655//655
f 655//655 747//747 656//656
f 656//656 748//748 657//657
f 657//657 749//749 658//658
f 658//658 750//750 660//660
f 673//674 611//611 698//698
f 698//698 659//659 751//751
f 659//659 699//699 751//751
f 612//612 700//700 699//699
f 660//660 752//752 700//700
f 662//662 753//753 661//661
f 663//663 754//754 662//662
f 664//664 755//755 663//663
f 701//701 756//756 664//664
f 665//665 672//673 757//757
f 665//665 758//758 702//702
f 702//702 759//759 666//666
f 667//667 622//623 709//710
f 703//703 667//667 760//760
f 668//668 703//703 761//761
f 668//668 761//761 704//704
f 704//704 705//705 618//618
f 669//669 705//705 762//762
f 762//762 706//706 669//669
f 278//277 706//706 763//763
f 278//277 764//764 707//707
f 670//670 707//707 765//765
f 708//708 670//670 765//765
f 708//708 719//766 671//671
f 671//671 719//766 678//709
f 709//710 666//666 759//759
f 766//767 710//711 627//628
f 710//711 767//768 672//673
f 698//698 711//712 673//674
f 628//629 711//712 713//714
f 674//675 712//713 714//715
f 624//625 713//714 712//713
f 625//626 714//715 768//769
f 625//626 768//769 715//716
f 627//628 715//716 766//767
f 729//729 9//9 716//717
f 675//676 769//770 716//717
f 717//718 769//770 675//676
f 770//771 717//718 676//677
f 676//677 718//719 770//771
f 771//89 718//89 677//89
f 771//89 677//89 719//89
f 363//363 772//772 720//720
f 720//720 773//773 679//679
f 721//721 679//679 773//773
f 721//721 774//774 680//680
f 722//722 680//680 774//774
f 722//722 775//775 681//681
f 723//723 681//681 775//775
f 723//723 776//776 682//682
f 724//724 682//682 776//776
f 644//644 724//724 732//732
f 727//727 725//725 637//637
f 278//277 725//725 777//777
f 363//363 726//726 778//778
f 278//277 779//779 726//726
f 683//683 780//780 727//727
f 780//780 683//683 728//728
f 684//89 642//89 728//89
f 729//729 781//781 685//685
f 781//781 730//730 685//685
f 730//730 782//782 686//686
f 731//731 686//686 782//782
f 728//89 642//89 731//89
f 732//732 783//783 687//687
f 733//733 687//687 783//783
f 735//735 646//646 733//733
f 784//784 701//701 688//688
f 785//785 688//688 689//689
f 786//786 689//689 690//690
f 787//787 690//690 691//691
f 788//788 691//691 692//692
f 789//789 692//692 734//734
f 790//790 734//734 693//693
f 791//791 693//693 696//696
f 736//736 694//694 735//735
f 737//737 647//647 736//736
f 738//738 695//695 737//737
f 739//739 648//648 738//738
f 740//740 649//649 739//739
f 741//741 650//650 740//740
f 792//792 696//696 697//697
f 793//793 697//697 741//741
f 742//742 661//661 753//753
f 743//743 651//651 742//742
f 744//744 652//652 743//743
f 745//745 653//653 744//744
f 746//746 654//654 745//745
f 747//747 655//655 746//746
f 748//748 656//656 747//747
f 749//749 657//657 748//748
f 750//750 658//658 749//749
f 752//752 660//660 750//750
f 751//751 794//794 698//698
f 795//795 751//751 699//699
f 796//796 699//699 700//700
f 797//797 700//700 752//752
f 753//753 662//662 754//754
f 754//754 663//663 755//755
f 755//755 664//664 756//756
f 756//756 701//701 798//798
f 767//768 757//757 672//673
f 758//758 665//665 757//757
f 758//758 799//799 702//702
f 759//759 702//702 799//799
f 709//710 760//760 667//667
f 760//760 761//761 703//703
f 761//761 800//800 704//704
f 705//705 704//704 800//800
f 705//705 801//801 762//762
f 706//706 762//762 802//802
f 802//802 763//763 706//706
f 278//277 763//763 803//803
f 278//277 804//804 764//764
f 707//707 764//764 805//805
f 765//765 707//707 805//805
f 771//806 708//708 765//765
f 708//708 771//806 719//766
f 759//759 806//807 709//710
f 710//711 766//767 807//808
f 767//768 710//711 807//808
f 711//712 698//698 794//794
f 794//794 713//714 711//712
f 808//809 714//715 712//713
f 809//810 712//713 713//714
f 810//811 768//769 714//715
f 768//769 811//812 715//716
f 811//812 766//767 715//716
f 716//717 812//813 729//729
f 769//770 812//813 716//717
f 717//718 813//814 769//770
f 717//718 770//771 814//815
f 815//89 770//89 718//89
f 815//89 718//89 771//89
f 363//363 816//816 772//772
f 817//817 720//720 772//772
f 773//773 720//720 818//818
f 773//773 819//819 721//721
f 774//774 721//721 819//819
f 774//774 820//820 722//722
f 775//775 722//722 820//820
f 775//775 821//821 723//723
f 776//776 723//723 821//821
f 776//776 822//822 724//724
f 732//732 724//724 822//822
f 823//823 725//725 727//727
f 823//823 777//777 725//725
f 278//277 777//777 824//824
f 825//825 778//778 726//726
f 363//363 778//778 826//826
f 278//277 803//803 779//779
f 827//827 726//726 779//779
f 828//828 727//727 780//780
f 728//89 731//89 780//89
f 812//813 781//781 729//729
f 781//781 829//829 730//730
f 782//782 730//730 829//829
f 780//89 731//89 782//89
f 783//783 732//732 830//830
f 783//783 735//735 733//733
f 701//701 784//784 798//798
f 688//688 785//785 784//784
f 689//689 786//786 785//785
f 690//690 787//787 786//786
f 691//691 788//788 787//787
f 692//692 789//789 788//788
f 734//734 790//790 789//789
f 693//693 791//791 790//790
f 696//696 792//792 791//791
f 735//735 831//831 736//736
f 736//736 832//832 737//737
f 832//832 738//738 737//737
f 833//833 739//739 738//738
f 739//739 834//834 740//740
f 740//740 835//835 741//741
f 697//697 793//793 792//792
f 741//741 836//836 793//793
f 753//753 837//837 742//742
f 742//742 838//838 743//743
f 743//743 839//839 744//744
f 744//744 840//840 745//745
f 745//745 841//841 746//746
f 746//746 842//842 747//747
f 747//747 843//843 748//748
f 748//748 844//844 749//749
f 749//749 845//845 750//750
f 750//750 846//846 752//752
f 794//794 751//751 847//847
f 751//751 795//795 847//847
f 699//699 796//796 795//795
f 700//700 797//797 796//796
f 752//752 848//848 797//797
f 754//754 849//849 753//753
f 755//755 850//850 754//754
f 756//756 851//851 755//755
f 798//798 852//852 756//756
f 757//757 767//768 853//853
f 853//853 758//758 757//757
f 799//799 758//758 854//854
f 799//799 855//855 759//759
f 760//760 709//710 806//807
f 761//761 760//760 856//856
f 800//800 761//761 857//857
f 705//705 800//800 801//801
f 801//801 802//802 762//762
f 763//763 802//802 858//858
f 858//858 803//803 763//763
f 278//277 859//859 804//804
f 764//764 804//804 860//860
f 805//805 764//764 860//860
f 815//861 765//765 805//805
f 765//765 815//861 771//806
f 806//807 759//759 855//855
f 861//862 807//808 766//767
f 807//808 862//863 767//768
f 713//714 794//794 809//810
f 714//715 808//809 810//811
f 712//713 809//810 808//809
f 768//769 810//811 863//864
f 768//769 863//864 811//812
f 766//767 811//812 861//862
f 769//770 864//865 812//813
f 813//814 717//718 814//815
f 864//865 769//770 813//814
f 865//89 814//89 770//89
f 865//89 770//89 815//89
f 363//363 866//866 816//816
f 867//867 772//772 816//816
f 720//720 817//817 818//818
f 772//772 867//867 817//817
f 818//818 868//868 773//773
f 819//819 773//773 868//868
f 819//819 869//869 774//774
f 820//820 774//774 869//869
f 820//820 870//870 775//775
f 821//821 775//775 870//870
f 821//821 871//871 776//776
f 822//822 776//776 871//871
f 732//732 822//822 830//830
f 727//727 828//828 823//823
f 872//872 777//777 823//823
f 872//872 824//824 777//777
f 278//277 824//824 873//873
f 778//778 825//825 874//874
f 726//726 827//827 825//825
f 874//874 826//826 778//778
f 363//363 826//826 875//875
f 876//876 779//779 803//803
f 779//779 876//876 827//827
f 780//89 782//89 828//89
f 812//813 877//877 781//781
f 829//829 781//781 877//877
f 828//89 782//89 829//89
f 830//830 878//878 783//783
f 735//735 783//783 878//878
f 879//879 798//798 784//784
f 880//880 784//784 785//785
f 881//881 785//785 786//786
f 882//882 786//786 787//787
f 883//883 787//787 788//788
f 884//884 788//788 789//789
f 885//885 789//789 790//790
f 886//886 790//790 791//791
f 887//887 791//791 792//792
f 831//831 735//735 878//878
f 832//832 736//736 831//831
f 738//738 832//832 833//833
f 739//739 833//833 888//888
f 834//834 739//739 888//888
f 835//835 740//740 834//834
f 836//836 741//741 835//835
f 889//889 792//792 793//793
f 890//890 793//793 836//836
f 837//837 753//753 849//849
f 838//838 742//742 837//837
f 839//839 743//743 838//838
f 840//840 744//744 839//839
f 841//841 745//745 840//840
f 842//842 746//746 841//841
f 843//843 747//747 842//842
f 844//844 748//748 843//843
f 845//845 749//749 844//844
f 846//846 750//750 845//845
f 848//848 752//752 846//846
f 847//847 809//810 794//794
f 795//795 891//891 847//847
f 892//892 795//795 796//796
f 893//893 796//796 797//797
f 894//894 797//797 848//848
f 849//849 754//754 850//850
f 850//850 755//755 851//851
f 851//851 756//756 852//852
f 852//852 798//798 895//895
f 862//863 853//853 767//768
f 758//758 853//853 896//896
f 896//896 854//854 758//758
f 897//897 799//799 854//854
f 855//855 799//799 898//898
f 806//807 856//856 760//760
f 856//856 857//857 761//761
f 857//857 801//801 800//800
f 802//802 801//801 899//899
f 899//899 858//858 802//802
f 803//803 858//858 876//876
f 278//277 873//873 859//859
f 804//804 859//859 900//900
f 860//860 804//804 900//900
f 865//901 805//805 860//860
f 805//805 865//901 815//861
f 855//855 901//902 806//807
f 807//808 861//862 902//903
f 862//863 807//808 902//903
f 903//904 810//811 808//809
f 891//891 808//809 809//810
f 904//905 863//864 810//811
f 863//864 905//906 811//812
f 905//906 861//862 811//812
f 877//877 812//813 864//865
f 906//89 813//89 814//89
f 907//89 864//89 813//89
f 906//89 814//89 865//89
f 363//363 908//907 866//866
f 909//908 816//816 866//866
f 816//816 909//908 867//867
f 910//909 818//818 817//817
f 911//910 817//817 867//867
f 868//868 818//818 912//911
f 868//868 913//912 819//819
f 869//869 819//819 913//912
f 869//869 914//913 820//820
f 870//870 820//820 914//913
f 870//870 915//914 821//821
f 871//871 821//821 915//914
f 871//871 916//915 822//822
f 830//830 822//822 916//915
f 917//916 823//823 828//828
f 823//823 917//916 872//872
f 918//917 824//824 872//872
f 918//917 873//873 824//824
f 919//918 874//874 825//825
f 920//919 825//825 827//827
f 826//826 874//874 921//920
f 921//920 875//875 826//826
f 363//363 875//875 908//907
f 922//921 827//827 876//876
f 917//89 829//89 877//89
f 828//89 829//89 917//89
f 878//878 830//830 923//922
f 798//798 879//879 895//895
f 784//784 880//880 879//879
f 785//785 881//881 880//880
f 786//786 882//882 881//881
f 787//787 883//883 882//882
f 788//788 884//884 883//883
f 789//789 885//885 884//884
f 790//790 886//886 885//885
f 791//791 887//887 886//886
f 792//792 889//889 887//887
f 878//878 924//923 831//831
f 831//831 925//924 832//832
f 832//832 926//925 833//833
f 833//833 927//926 888//888
f 888//888 928//927 834//834
f 834//834 929//928 835//835
f 835//835 930//929 836//836
f 793//793 890//890 889//889
f 930//929 890//890 836//836
f 849//849 931//930 837//837
f 837//837 932//931 838//838
f 838//838 933//932 839//839
f 839//839 934//933 840//840
f 840//840 935//934 841//841
f 841//841 936//935 842//842
f 842//842 937//936 843//843
f 843//843 938//937 844//844
f 844//844 939//938 845//845
f 845//845 940//939 846//846
f 846//846 941//940 848//848
f 809//810 847//847 891//891
f 891//891 795//795 942//941
f 795//795 892//892 942//941
f 796//796 893//893 892//892
f 797//797 894//894 893//893
f 848//848 943//942 894//894
f 850//850 944//943 849//849
f 851//851 945//944 850//850
f 852//852 946//945 851//851
f 895//895 947//946 852//852
f 853//853 862//863 948//947
f 948//947 896//896 853//853
f 854//854 896//896 949//948
f 799//799 897//897 898//898
f 854//854 950//949 897//897
f 898//898 951//950 855//855
f 856//856 806//807 901//902
f 857//857 856//856 952//951
f 801//801 857//857 953//952
f 953//952 899//899 801//801
f 858//858 899//899 954//953
f 954//953 876//876 858//858
f 859//859 873//873 955//954
f 900//900 859//859 955//954
f 906//955 860//860 900//900
f 860//860 906//955 865//901
f 901//902 855//855 951//950
f 956//956 902//903 861//862
f 957//957 862//863 902//903
f 810//811 903//904 904//905
f 808//809 891//891 903//904
f 863//864 904//905 958//958
f 863//864 958//958 905//906
f 861//862 905//906 956//956
f 959//89 877//89 864//89
f 907//89 813//89 906//89
f 959//89 864//89 907//89
f 960//959 866//866 908//907
f 866//866 960//959 909//908
f 961//960 867//867 909//908
f 818//818 910//909 912//911
f 817//817 911//910 910//909
f 867//867 961//960 911//910
f 912//911 962//961 868//868
f 913//912 868//868 962//961
f 913//912 963//962 869//869
f 914//913 869//869 963//962
f 914//913 964//963 870//870
f 915//914 870//870 964//963
f 915//914 965//964 871//871
f 916//915 871//871 965//964
f 830//830 916//915 923//922
f 959//965 872//872 917//916
f 872//872 959//965 918//917
f 955//954 873//873 918//917
f 874//874 919//918 966//966
f 825//825 920//919 919//918
f 827//827 922//921 920//919
f 966//966 921//920 874//874
f 875//875 921//920 967//967
f 967//967 908//907 875//875
f 876//876 954//953 922//921
f 917//89 877//89 959//89
f 924//923 878//878 923//922
f 968//968 895//895 879//879
f 969//969 879//879 880//880
f 970//970 880//880 881//881
f 971//971 881//881 882//882
f 972//972 882//882 883//883
f 973//973 883//883 884//884
f 974//974 884//884 885//885
f 975//975 885//885 886//886
f 976//976 886//886 887//887
f 977//977 887//887 889//889
f 925//924 831//831 924//923
f 926//925 832//832 925//924
f 927//926 833//833 926//925
f 928//927 888//888 927//926
f 929//928 834//834 928//927
f 930//929 835//835 929//928
f 978//978 889//889 890//890
f 890//890 930//929 979//979
f 931//930 849//849 944//943
f 932//931 837//837 931//930
f 933//932 838//838 932//931
f 934//933 839//839 933//932
f 935//934 840//840 934//933
f 936//935 841//841 935//934
f 937//936 842//842 936//935
f 938//937 843//843 937//936
f 939//938 844//844 938//937
f 940//939 845//845 939//938
f 941//940 846//846 940//939
f 943//942 848//848 941//940
f 942//941 903//904 891//891
f 980//980 942//941 892//892
f 981//981 892//892 893//893
f 982//982 893//893 894//894
f 983//983 894//894 943//942
f 944//943 850//850 945//944
f 945//944 851//851 946//945
f 946//945 852//852 947//946
f 947//946 895//895 984//984
f 862//863 985//985 948//947
f 896//896 948//947 986//986
f 986//986 949//948 896//896
f 950//949 854//854 949//948
f 897//897 987//987 898//898
f 950//949 988//988 897//897
f 951//950 898//898 987//987
f 901//902 952//951 856//856
f 952//951 953//952 857//857
f 899//899 953//952 989//989
f 989//989 954//953 899//899
f 955//954 906//955 900//900
f 951//950 990//990 901//902
f 902//903 956//956 957//957
f 862//863 957//957 991//991
f 992//992 904//905 903//904
f 993//993 958//958 904//905
f 994//994 905//906 958//958
f 995//995 956//956 905//906
f 906//955 955//954 907//996
f 907//996 918//917 959//965
f 908//907 967//967 960//959
f 996//997 909//908 960//959
f 909//908 996//997 961//960
f 997//998 912//911 910//909
f 998//999 910//909 911//910
f 999//1000 911//910 961//960
f 962//961 912//911 1000//1001
f 962//961 1001//1002 913//912
f 963//962 913//912 1001//1002
f 963//962 1002//1003 914//913
f 964//963 914//913 1002//1003
f 964//963 1003//1004 915//914
f 965//964 915//914 1003//1004
f 965//964 1004//1005 916//915
f 923//922 916//915 1004//1005
f 918//917 907//996 955//954
f 1005//1006 966//966 919//918
f 1006//1007 919//918 920//919
f 1007//1008 920//919 922//921
f 921//920 966//966 1008//1009
f 1008//1009 967//967 921//920
f 1009//1010 922//921 954//953
f 923//922 1004//1005 924//923
f 895//895 968//968 984//984
f 879//879 969//969 968//968
f 880//880 970//970 969//969
f 881//881 971//971 970//970
f 882//882 972//972 971//971
f 883//883 973//973 972//972
f 884//884 974//974 973//973
f 885//885 975//975 974//974
f 886//886 976//976 975//975
f 887//887 977//977 976//976
f 889//889 978//978 977//977
f 1010//1011 925//924 924//923
f 1011//1012 926//925 925//924
f 1012//1013 927//926 926//925
f 927//926 1013//1014 928//927
f 1013//1014 929//928 928//927
f 1014//1015 930//929 929//928
f 890//890 1015//1016 978//978
f 1016//1017 979//979 930//929
f 1015//1016 890//890 979//979
f 944//943 1017//1018 931//930
f 931//930 1018//1019 932//931
f 932//931 1019//1020 933//932
f 933//932 1020//1021 934//933
f 934//933 1021//1022 935//934
f 935//934 1022//1023 936//935
f 936//935 1023//1024 937//936
f 937//936 1024//1025 938//937
f 938//937 1025//1026 939//938
f 939//938 1026//1027 940//939
f 940//939 1027//1028 941//940
f 941//940 1028//1029 943//942
f 903//904 942//941 992//992
f 942//941 980//980 992//992
f 892//892 981//981 980//980
f 893//893 982//982 981//981
f 894//894 983//983 982//982
f 943//942 1029//1030 983//983
f 945//944 1030//1031 944//943
f 946//945 1031//1032 945//944
f 947//946 1032//1033 946//945
f 984//984 1033//1034 947//946
f 985//985 862//863 991//991
f 1034//1035 948//947 985//985
f 948//947 1034//1035 986//986
f 949//948 986//986 1035//1036
f 949//948 1036//1037 950//949
f 987//987 897//897 988//988
f 988//988 950//949 1037//1038
f 987//987 1038//1039 951//950
f 952//951 901//902 990//990
f 953//952 952//951 1039//1040
f 1039//1040 989//989 953//952
f 954//953 989//989 1009//1010
f 990//990 951//950 1038//1039
f 1040//1041 957//957 956//956
f 1041//1042 991//991 957//957
f 904//905 992//992 993//993
f 958//958 993//993 994//994
f 905//906 994//994 995//995
f 956//956 995//995 1040//1041
f 1042//1043 960//959 967//967
f 960//959 1042//1043 996//997
f 1043//1044 961//960 996//997
f 912//911 997//998 1000//1001
f 910//909 998//999 997//998
f 911//910 999//1000 998//999
f 961//960 1043//1044 999//1000
f 1000//1001 1044//1045 962//961
f 1001//1002 962//961 1044//1045
f 1001//1002 1045//1046 963//962
f 1002//1003 963//962 1045//1046
f 1002//1003 1046//1047 964//963
f 1003//1004 964//963 1046//1047
f 1003//1004 1047//1048 965//964
f 1004//1005 965//964 1047//1048
f 966//966 1005//1006 1048//1049
f 919//918 1006//1007 1005//1006
f 920//919 1007//1008 1006//1007
f 922//921 1009//1010 1007//1008
f 1048//1049 1008//1009 966//966
f 967//967 1008//1009 1042//1043
f 924//923 1004//1005 1010//1011
f 1049//1050 984//984 968//968
f 1050//1051 968//968 969//969
f 1051//1052 969//969 970//970
f 1052//1053 970//970 971//971
f 1053//1054 971//971 972//972
f 1054//1055 972//972 973//973
f 974//974 1054//1055 973//973
f 1055//1056 974//974 975//975
f 1056//1057 975//975 976//976
f 1057//1058 976//976 977//977
f 978//978 1057//1058 977//977
f 1010//1011 1011//1012 925//924
f 1011//1012 1012//1013 926//925
f 1012//1013 1058//1059 927//926
f 1013//1014 927//926 1058//1059
f 1013//1014 1014//1015 929//928
f 1014//1015 1016//1017 930//929
f 1059//1060 978//978 1015//1016
f 1016//1017 1060//1061 979//979
f 1060//1061 1015//1016 979//979
f 1017//1018 944//943 1030//1031
f 1018//1019 931//930 1017//1018
f 1019//1020 932//931 1018//1019
f 1020//1021 933//932 1019//1020
f 1021//1022 934//933 1020//1021
f 1022//1023 935//934 1021//1022
f 1023//1024 936//935 1022//1023
f 1024//1025 937//936 1023//1024
f 1025//1026 938//937 1024//1025
f 1026//1027 939//938 1025//1026
f 1027//1028 940//939 1026//1027
f 1028//1029 941//940 1027//1028
f 1029//1030 943//942 1028//1029
f 1061//1062 992//992 980//980
f 1062//1063 980//980 981//981
f 1063//1064 981//981 982//982
f 1064//1065 982//982 983//983
f 1065//1066 983//983 1029//1030
f 1030//1031 945//944 1031//1032
f 1031//1032 946//945 1032//1033
f 1032//1033 947//946 1033//1034
f 1033//1034 984//984 1066//1067
f 1067//1068 985//985 991//991
f 1068//1069 1034//1035 985//985
f 1034//1035 1035//1036 986//986
f 1036//1037 949//948 1035//1036
f 1036//1037 1037//1038 950//949
f 1069//1070 987//987 988//988
f 1037//1038 1069//1070 988//988
f 1038//1039 987//987 1070//1071
f 990//990 1039//1040 952//951
f 989//989 1039//1040 1071//1072
f 1071//1072 1009//1010 989//989
f 1038//1039 1072//1073 990//990
f 957//957 1040//1041 1041//1042
f 991//991 1041//1042 1067//1068
f 992//992 1061//1062 993//993
f 993//993 1073//1074 994//994
f 994//994 1074//1075 995//995
f 1074//1075 1040//1041 995//995
f 1075//1076 996//997 1042//1043
f 996//997 1075//1076 1043//1044
f 1076//1077 1000//1001 997//998
f 1077//1078 997//998 998//999
f 1078//1079 998//999 999//1000
f 1079//1080 999//1000 1043//1044
f 1044//1045 1000//1001 1080//1081
f 1044//1045 1081//1082 1001//1002
f 1045//1046 1001//1002 1081//1082
f 1045//1046 1082//1083 1002//1003
f 1046//1047 1002//1003 1082//1083
f 1046//1047 1083//1084 1003//1004
f 1047//1048 1003//1004 1083//1084
f 1047//1048 1010//1011 1004//1005
f 1084//1085 1048//1049 1005//1006
f 1085//1086 1005//1006 1006//1007
f 1086//1087 1006//1007 1007//1008
f 1087//1088 1007//1008 1009//1010
f 1008//1009 1048//1049 1088//1089
f 1088//1089 1042//1043 1008//1009
f 984//984 1049//1050 1066//1067
f 968//968 1050//1051 1049//1050
f 969//969 1051//1052 1050//1051
f 970//970 1052//1053 1051//1052
f 971//971 1053//1054 1052//1053
f 972//972 1054//1055 1053//1054
f 1054//1055 974//974 1089//1090
f 974//974 1055//1056 1089//1090
f 975//975 1056//1057 1055//1056
f 976//976 1057//1058 1056//1057
f 1057//1058 978//978 1090//1091
f 1010//1011 1091//1092 1011//1012
f 1091//1092 1012//1013 1011//1012
f 1092//1093 1058//1059 1012//1013
f 1058//1059 1093//1094 1013//1014
f 1093//1094 1014//1015 1013//1014
f 1014//1015 1094//1095 1016//1017
f 978//978 1059//1060 1090//1091
f 1095//1096 1059//1060 1015//1016
f 1016//1017 1096//1097 1060//1061
f 1060//1061 1095//1096 1015//1016
f 1030//1031 1097//1098 1017//1018
f 1017//1018 1098//1099 1018//1019
f 1018//1019 1099//1100 1019//1020
f 1019//1020 1100//1101 1020//1021
f 1020//1021 1101//1102 1021//1022
f 1021//1022 1102//1103 1022//1023
f 1022//1023 1103//1104 1023//1024
f 1023//1024 1104//1105 1024//1025
f 1024//1025 1105//1106 1025//1026
f 1025//1026 1106//1107 1026//1027
f 1026//1027 1107//1108 1027//1028
f 1027//1028 1108//1109 1028//1029
f 1028//1029 1109//1110 1029//1030
f 980//980 1062//1063 1061//1062
f 981//981 1063//1064 1062//1063
f 982//982 1064//1065 1063//1064
f 983//983 1065//1066 1064//1065
f 1029//1030 1110//1111 1065//1066
f 1031//1032 1111//1112 1030//1031
f 1032//1033 1112//1113 1031//1032
f 1033//1034 1113//1114 1032//1033
f 1066//1067 1114//1115 1033//1034
f 985//985 1067//1068 1068//1069
f 1034//1035 1068//1069 1115//1116
f 1035//1036 1034//1035 1116//1117
f 1116//1117 1036//1037 1035//1036
f 1037//1038 1036//1037 1117//1118
f 987//987 1069//1070 1070//1071
f 1069//1070 1037//1038 1118//1119
f 1070//1071 1119//1120 1038//1039
f 1039//1040 990//990 1072//1073
f 1072//1073 1071//1072 1039//1040
f 1009//1010 1071//1072 1087//1088
f 1072//1073 1038//1039 1119//1120
f 1040//1041 1120//1121 1041//1042
f 1041//1042 1121//1122 1067//1068
f 1073//1074 993//993 1061//1062
f 994//994 1073//1074 1074//1075
f 1040//1041 1074//1075 1122//1123
f 1042//1043 1088//1089 1075//1076
f 1123//1124 1043//1044 1075//1076
f 1000//1001 1076//1077 1080//1081
f 997//998 1077//1078 1076//1077
f 998//999 1078//1079 1077//1078
f 999//1000 1079//1080 1078//1079
f 1043//1044 1123//1124 1079//1080
f 1080//1081 1124//1125 1044//1045
f 1081//1082 1044//1045 1124//1125
f 1081//1082 1125//1126 1045//1046
f 1082//1083 1045//1046 1125//1126
f 1082//1083 1126//1127 1046//1047
f 1083//1084 1046//1047 1126//1127
f 1083//1084 1127//1128 1047//1048
f 1010//1011 1047//1048 1127//1128
f 1048//1049 1084//1085 1128//1129
f 1005//1006 1085//1086 1084//1085
f 1006//1007 1086//1087 1085//1086
f 1007//1008 1087//1088 1086//1087
f 1128//1129 1088//1089 1048//1049
f 1049//1050 1129//1130 1066//1067
f 1130//1131 1049//1050 1050//1051
f 1131//1132 1050//1051 1051//1052
f 1132//1133 1051//1052 1052//1053
f 1053//1054 1132//1133 1052//1053
f 1133//1134 1053//1054 1054//1055
f 1134//1135 1054//1055 1089//1090
f 1055//1056 1134//1135 1089//1090
f 1135//1136 1055//1056 1056//1057
f 1136//1137 1056//1057 1057//1058
f 1057//1058 1090//1091 1137//1138
f 1091//1092 1010//1011 1127//1128
f 1012//1013 1091//1092 1092//1093
f 1058//1059 1092//1093 1138//1139
f 1093//1094 1058//1059 1138//1139
f 1014//1015 1093//1094 1139//1140
f 1094//1095 1014//1015 1139//1140
f 1096//1097 1016//1017 1094//1095
f 1140//1141 1090//1091 1059//1060
f 1095//1096 1141//1142 1059//1060
f 1142//1143 1060//1061 1096//1097
f 1060//1061 1142//1143 1095//1096
f 1097//1098 1030//1031 1111//1112
f 1098//1099 1017//1018 1097//1098
f 1099//1100 1018//1019 1098//1099
f 1100//1101 1019//1020 1099//1100
f 1101//1102 1020//1021 1100//1101
f 1102//1103 1021//1022 1101//1102
f 1103//1104 1022//1023 1102//1103
f 1104//1105 1023//1024 1103//1104
f 1105//1106 1024//1025 1104//1105
f 1106//1107 1025//1026 1105//1106
f 1107//1108 1026//1027 1106//1107
f 1108//1109 1027//1028 1107//1108
f 1109//1110 1028//1029 1108//1109
f 1110//1111 1029//1030 1109//1110
f 1143//1144 1061//1062 1062//1063
f 1144//1145 1062//1063 1063//1064
f 1145//1146 1063//1064 1064//1065
f 1146//1147 1064//1065 1065//1066
f 1147//1148 1065//1066 1110//1111
f 1111//1112 1031//1032 1112//1113
f 1112//1113 1032//1033 1113//1114
f 1113//1114 1033//1034 1114//1115
f 1114//1115 1066//1067 1129//1130
f 1121//1122 1068//1069 1067//1068
f 1148//1149 1115//1116 1068//1069
f 1115//1116 1116//1117 1034//1035
f 1036//1037 1116//1117 1149//1150
f 1036//1037 1150//1151 1117//1118
f 1117//1118 1118//1119 1037//1038
f 1069//1070 1151//1152 1070//1071
f 1118//1119 1152//1153 1069//1070
f 1119//1120 1070//1071 1151//1152
f 1071//1072 1072//1073 1153//1154
f 1153//1154 1087//1088 1071//1072
f 1119//1120 1153//1154 1072//1073
f 1120//1121 1040//1041 1122//1123
f 1121//1122 1041//1042 1120//1121
f 1061//1062 1143//1144 1073//1074
f 1073//1074 1154//1155 1074//1075
f 1154//1155 1122//1123 1074//1075
f 1155//1156 1075//1076 1088//1089
f 1075//1076 1155//1156 1123//1124
f 1156//1157 1080//1081 1076//1077
f 1157//1158 1076//1077 1077//1078
f 1158//1159 1077//1078 1078//1079
f 1159//1160 1078//1079 1079//1080
f 1160//1161 1079//1080 1123//1124
f 1124//1125 1080//1081 1161//1162
f 1124//1125 1162//1163 1081//1082
f 1125//1126 1081//1082 1162//1163
f 1125//1126 1163//1164 1082//1083
f 1126//1127 1082//1083 1163//1164
f 1164//1165 1083//1084 1126//1127
f 1127//1128 1083//1084 1165//1166
f 1166//1167 1128//1129 1084//1085
f 1167//1168 1084//1085 1085//1086
f 1168//1169 1085//1086 1086//1087
f 1169//1170 1086//1087 1087//1088
f 1088//1089 1128//1129 1155//1156
f 1129//1130 1049//1050 1170//1171
f 1049//1050 1130//1131 1170//1171
f 1050//1051 1131//1132 1130//1131
f 1051//1052 1132//1133 1131//1132
f 1132//1133 1053//1054 1171//1172
f 1053//1054 1133//1134 1171//1172
f 1054//1055 1134//1135 1133//1134
f 1134//1135 1055//1056 1172//1173
f 1055//1056 1135//1136 1172//1173
f 1056//1057 1136//1137 1135//1136
f 1057//1058 1137//1138 1136//1137
f 1090//1091 1140//1141 1137//1138
f 1127//1128 1173//1174 1091//1092
f 1091//1092 1174//1175 1092//1093
f 1092//1093 1175//1176 1138//1139
f 1138//1139 1176//1177 1093//1094
f 1093//1094 1177//1178 1139//1140
f 1177//1178 1094//1095 1139//1140
f 1178//1179 1096//1097 1094//1095
f 1141//1142 1140//1141 1059//1060
f 1095//1096 1179//1180 1141//1142
f 1180//1181 1142//1143 1096//1097
f 1179//1180 1095//1096 1142//1143
f 1111//1112 1181//1182 1097//1098
f 1097//1098 1182//1183 1098//1099
f 1098//1099 1183//1184 1099//1100
f 1099//1100 1184//1185 1100//1101
f 1100//1101 1185//1186 1101//1102
f 1101//1102 1186//1187 1102//1103
f 1102//1103 1187//1188 1103//1104
f 1103//1104 1188//1189 1104//1105
f 1104//1105 1189//1190 1105//1106
f 1105//1106 1190//1191 1106//1107
f 1106//1107 1191//1192 1107//1108
f 1107//1108 1192//1193 1108//1109
f 1108//1109 1193//1194 1109//1110
f 1109//1110 1194//1195 1110//1111
f 1062//1063 1144//1145 1143//1144
f 1063//1064 1145//1146 1144//1145
f 1064//1065 1146//1147 1145//1146
f 1065//1066 1147//1148 1146//1147
f 1110//1111 1195//1196 1147//1148
f 1112//1113 1196//1197 1111//1112
f 1113//1114 1197//1198 1112//1113
f 1114//1115 1198//1199 1113//1114
f 1129//1130 1199//1200 1114//1115
f 1068//1069 1121//1122 1148//1149
f 1115//1116 1148//1149 1200//1201
f 1116//1117 1115//1116 1201//1202
f 1201//1202 1149//1150 1116//1117
f 1150//1151 1036//1037 1149//1150
f 1150//1151 1202//1203 1117//1118
f 1118//1119 1117//1118 1202//1203
f 1151//1152 1069//1070 1152//1153
f 1152//1153 1118//1119 1203//1204
f 1151//1152 1204//1205 1119//1120
f 1087//1088 1153//1154 1169//1170
f 1153//1154 1119//1120 1204//1205
f 1122//1123 1205//1206 1120//1121
f 1205//1206 1121//1122 1120//1121
f 1073//1074 1143//1144 1154//1155
f 1122//1123 1154//1155 1206//1207
f 1207//1208 1123//1124 1155//1156
f 1080//1081 1156//1157 1161//1162
f 1076//1077 1157//1158 1156//1157
f 1077//1078 1158//1159 1157//1158
f 1078//1079 1159//1160 1158//1159
f 1079//1080 1160//1161 1159//1160
f 1123//1124 1207//1208 1160//1161
f 1161//1162 1208//1209 1124//1125
f 1162//1163 1124//1125 1208//1209
f 1162//1163 1209//1210 1125//1126
f 1163//1164 1125//1126 1209//1210
f 1210//1211 1126//1127 1163//1164
f 1083//1084 1164//1165 1165//1166
f 1126//1127 1210//1211 1164//1165
f 1173//1174 1127//1128 1165//1166
f 1128//1129 1166//1167 1211//1212
f 1084//1085 1167//1168 1166//1167
f 1085//1086 1168//1169 1167//1168
f 1086//1087 1169//1170 1168//1169
f 1211//1212 1155//1156 1128//1129
f 1212//1213 1129//1130 1170//1171
f 1213//1214 1170//1171 1130//1131
f 1214//1215 1130//1131 1131//1132
f 1215//1216 1131//1132 1132//1133
f 1216//1217 1132//1133 1171//1172
f 1217//1218 1171//1172 1133//1134
f 1218//1219 1133//1134 1134//1135
f 1219//1220 1134//1135 1172//1173
f 1220//1221 1172//1173 1135//1136
f 1221//1222 1135//1136 1136//1137
f 1137//1138 1221//1222 1136//1137
f 1222//1223 1137//1138 1140//1141
f 1174//1175 1091//1092 1173//1174
f 1175//1176 1092//1093 1174//1175
f 1176//1177 1138//1139 1175//1176
f 1177//1178 1093//1094 1176//1177
f 1094//1095 1177//1178 1178//1179
f 1096//1097 1178//1179 1180//1181
f 1141//1142 1223//1224 1140//1141
f 1224//1225 1141//1142 1179//1180
f 1142//1143 1180//1181 1225//1226
f 1225//1226 1179//1180 1142//1143
f 1181//1182 1111//1112 1196//1197
f 1182//1183 1097//1098 1181//1182
f 1183//1184 1098//1099 1182//1183
f 1184//1185 1099//1100 1183//1184
f 1185//1186 1100//1101 1184//1185
f 1186//1187 1101//1102 1185//1186
f 1187//1188 1102//1103 1186//1187
f 1188//1189 1103//1104 1187//1188
f 1189//1190 1104//1105 1188//1189
f 1190//1191 1105//1106 1189//1190
f 1191//1192 1106//1107 1190//1191
f 1192//1193 1107//1108 1191//1192
f 1193//1194 1108//1109 1192//1193
f 1194//1195 1109//1110 1193//1194
f 1195//1196 1110//1111 1194//1195
f 1143//1144 1144//1145 1154//1155
f 1144//1145 1145//1146 1226//1227
f 1227//1228 1145//1146 1146//1147
f 1146//1147 1147//1148 1228//1229
f 1229//1230 1147//1148 1195//1196
f 1196//1197 1112//1113 1197//1198
f 1197//1198 1113//1114 1198//1199
f 1198//1199 1114//1115 1199//1200
f 1199//1200 1129//1130 1230//1231
f 1231//1232 1148//1149 1121//1122
f 1232//1233 1200//1201 1148//1149
f 1200//1201 1201//1202 1115//1116
f 1149//1150 1201//1202 1233//1234
f 1233//1234 1150//1151 1149//1150
f 1202//1203 1150//1151 1234//1235
f 1202//1203 1203//1204 1118//1119
f 1235//1236 1151//1152 1152//1153
f 1203//1204 1235//1236 1152//1153
f 1204//1205 1151//1152 1236//1237
f 1204//1205 1169//1170 1153//1154
f 1205//1206 1122//1123 1206//1207
f 1121//1122 1205//1206 1231//1232
f 1226//1227 1206//1207 1154//1155
f 1155//1156 1211//1212 1207//1208
f 1237//1238 1161//1162 1156//1157
f 1238//1239 1156//1157 1157//1158
f 1239//1240 1157//1158 1158//1159
f 1240//1241 1158//1159 1159//1160
f 1241//1242 1159//1160 1160//1161
f 1242//1243 1160//1161 1207//1208
f 1208//1209 1161//1162 1243//1244
f 1208//1209 1244//1245 1162//1163
f 1209//1210 1162//1163 1244//1245
f 1245//1246 1163//1164 1209//1210
f 1163//1164 1245//1246 1210//1211
f 1246//1247 1165//1166 1164//1165
f 1247//1248 1164//1165 1210//1211
f 1165//1166 1246//1247 1173//1174
f 1248//1249 1211//1212 1166//1167
f 1249//1250 1166//1167 1167//1168
f 1250//1251 1167//1168 1168//1169
f 1251//1252 1168//1169 1169//1170
f 1129//1130 1212//1213 1230//1231
f 1170//1171 1213//1214 1212//1213
f 1130//1131 1214//1215 1213//1214
f 1131//1132 1215//1216 1214//1215
f 1132//1133 1216//1217 1215//1216
f 1171//1172 1217//1218 1216//1217
f 1133//1134 1218//1219 1217//1218
f 1134//1135 1219//1220 1218//1219
f 1172//1173 1220//1221 1219//1220
f 1135//1136 1221//1222 1220//1221
f 1221//1222 1137//1138 1252//1253
f 1137//1138 1222//1223 1252//1253
f 1223//1224 1222//1223 1140//1141
f 1173//1174 1253//1254 1174//1175
f 1174//1175 1254//1255 1175//1176
f 1175//1176 1255//1256 1176//1177
f 1176//1177 1256//1257 1177//1178
f 1256//1257 1178//1179 1177//1178
f 1257//1258 1180//1181 1178//1179
f 1141//1142 1224//1225 1223//1224
f 1258//1259 1224//1225 1179//1180
f 1259//1260 1225//1226 1180//1181
f 1179//1180 1225//1226 1258//1259
f 1196//1197 1260//1261 1181//1182
f 1181//1182 1261//1262 1182//1183
f 1182//1183 1262//1263 1183//1184
f 1183//1184 1263//1264 1184//1185
f 1184//1185 1264//1265 1185//1186
f 1185//1186 1265//1266 1186//1187
f 1186//1187 1266//1267 1187//1188
f 1187//1188 1267//1268 1188//1189
f 1188//1189 1268//1269 1189//1190
f 1189//1190 1269//1270 1190//1191
f 1190//1191 1270//1271 1191//1192
f 1191//1192 1271//1272 1192//1193
f 1192//1193 1272//1273 1193//1194
f 1193//1194 1273//1274 1194//1195
f 1194//1195 1274//1275 1195//1196
f 1154//1155 1144//1145 1226//1227
f 1226//1227 1145//1146 1227//1228
f 1227//1228 1146//1147 1228//1229
f 1228//1229 1147//1148 1229//1230
f 1229//1230 1195//1196 1275//1276
f 1197//1198 1276//1277 1196//1197
f 1198//1199 1277//1278 1197//1198
f 1199//1200 1278//1279 1198//1199
f 1230//1231 1279//1280 1199//1200
f 1148//1149 1231//1232 1232//1233
f 1200//1201 1232//1233 1280//1281
f 1201//1202 1200//1201 1281//1282
f 1281//1282 1233//1234 1201//1202
f 1150//1151 1233//1234 1282//1283
f 1282//1283 1234//1235 1150//1151
f 1234//1235 1283//1284 1202//1203
f 1203//1204 1202//1203 1283//1284
f 1151//1152 1235//1236 1236//1237
f 1235//1236 1203//1204 1284//1285
f 1236//1237 1251//1252 1204//1205
f 1169//1170 1204//1205 1251//1252
f 1285//1286 1205//1206 1206//1207
f 1205//1206 1286//1287 1231//1232
f 1206//1207 1226//1227 1285//1286
f 1287//1288 1207//1208 1211//1212
f 1161//1162 1237//1238 1243//1244
f 1156//1157 1238//1239 1237//1238
f 1157//1158 1239//1240 1238//1239
f 1158//1159 1240//1241 1239//1240
f 1159//1160 1241//1242 1240//1241
f 1160//1161 1242//1243 1241//1242
f 1207//1208 1287//1288 1242//1243
f 1243//1244 1288//1289 1208//1209
f 1244//1245 1208//1209 1288//1289
f 1289//1290 1209//1210 1244//1245
f 1209//1210 1289//1290 1245//1246
f 1290//1291 1210//1211 1245//1246
f 1164//1165 1247//1248 1246//1247
f 1210//1211 1290//1291 1247//1248
f 1253//1254 1173//1174 1246//1247
f 1211//1212 1248//1249 1287//1288
f 1166//1167 1249//1250 1248//1249
f 1167//1168 1250//1251 1249//1250
f 1168//1169 1251//1252 1250//1251
f 1291//1292 1230//1231 1212//1213
f 1213//1214 1291//1292 1212//1213
f 1292//1293 1213//1214 1214//1215
f 1293//1294 1214//1215 1215//1216
f 1216//1217 1293//1294 1215//1216
f 1294//1295 1216//1217 1217//1218
f 1295//1296 1217//1218 1218//1219
f 1296//1297 1218//1219 1219//1220
f 1297//1298 1219//1220 1220//1221
f 1298//1299 1220//1221 1221//1222
f 1252//1253 1298//1299 1221//1222
f 1222//1223 1299//1300 1252//1253
f 1223//1224 1300//1301 1222//1223
f 1254//1255 1174//1175 1253//1254
f 1255//1256 1175//1176 1254//1255
f 1256//1257 1176//1177 1255//1256
f 1178//1179 1256//1257 1257//1258
f 1180//1181 1257//1258 1259//1260
f 1301//1302 1223//1224 1224//1225
f 1224//1225 1258//1259 1302//1303
f 1225//1226 1259//1260 1303//1304
f 1303//1304 1258//1259 1225//1226
f 1260//1261 1196//1197 1276//1277
f 1261//1262 1181//1182 1260//1261
f 1262//1263 1182//1183 1261//1262
f 1263//1264 1183//1184 1262//1263
f 1264//1265 1184//1185 1263//1264
f 1265//1266 1185//1186 1264//1265
f 1266//1267 1186//1187 1265//1266
f 1267//1268 1187//1188 1266//1267
f 1268//1269 1188//1189 1267//1268
f 1269//1270 1189//1190 1268//1269
f 1270//1271 1190//1191 1269//1270
f 1271//1272 1191//1192 1270//1271
f 1272//1273 1192//1193 1271//1272
f 1273//1274 1193//1194 1272//1273
f 1274//1275 1194//1195 1273//1274
f 1195//1196 1274//1275 1275//1276
f 1227//1228 1285//1286 1226//1227
f 1228//1229 1304//1305 1227//1228
f 1305//1306 1228//1229 1229//1230
f 1275//1276 1305//1306 1229//1230
f 1276//1277 1197//1198 1277//1278
f 1277//1278 1198//1199 1278//1279
f 1278//1279 1199//1200 1279//1280
f 1279//1280 1230//1231 1306//1307
f 1286//1287 1232//1233 1231//1232
f 1232//1233 1307//1308 1280//1281
f 1308//1309 1200//1201 1280//1281
f 1200//1201 1308//1309 1281//1282
f 1233//1234 1281//1282 1309//1310
f 1309//1310 1282//1283 1233//1234
f 1234//1235 1282//1283 1310//1311
f 1283//1284 1234//1235 1311//1312
f 1283//1284 1284//1285 1203//1204
f 1235//1236 1312//1313 1236//1237
f 1284//1285 1313//1314 1235//1236
f 1251//1252 1236//1237 1312//1313
f 1205//1206 1285//1286 1314//1315
f 1286//1287 1205//1206 1314//1315
f 1315//1316 1243//1244 1237//1238
f 1316//1317 1237//1238 1238//1239
f 1317//1318 1238//1239 1239//1240
f 1318//1319 1239//1240 1240//1241
f 1319//1320 1240//1241 1241//1242
f 1320//1321 1241//1242 1242//1243
f 1321//1322 1242//1243 1287//1288
f 1288//1289 1243//1244 1322//1323
f 1323//1324 1244//1245 1288//1289
f 1244//1245 1323//1324 1289//1290
f 1324//1325 1245//1246 1289//1290
f 1245//1246 1324//1325 1290//1291
f 1325//1326 1246//1247 1247//1248
f 1326//1327 1247//1248 1290//1291
f 1246//1247 1325//1326 1253//1254
f 1327//1328 1287//1288 1248//1249
f 1328//1329 1248//1249 1249//1250
f 1329//1330 1249//1250 1250//1251
f 1312//1313 1250//1251 1251//1252
f 1230//1231 1291//1292 1306//1307
f 1291//1292 1213//1214 1330//1331
f 1213//1214 1292//1293 1330//1331
f 1214//1215 1293//1294 1292//1293
f 1293//1294 1216//1217 1331//1332
f 1216//1217 1294//1295 1331//1332
f 1217//1218 1295//1296 1294//1295
f 1218//1219 1296//1297 1295//1296
f 1219//1220 1297//1298 1296//1297
f 1220//1221 1298//1299 1297//1298
f 1298//1299 1252//1253 1332//1333
f 1300//1301 1299//1300 1222//1223
f 1252//1253 1299//1300 1332//1333
f 1223//1224 1301//1302 1300//1301
f 1253//1254 1333//1334 1254//1255
f 1254//1255 1334//1335 1255//1256
f 1255//1256 1335//1336 1256//1257
f 1335//1336 1257//1258 1256//1257
f 1336//1337 1259//1260 1257//1258
f 1224//1225 1337//1338 1301//1302
f 1338//1339 1302//1303 1258//1259
f 1337//1338 1224//1225 1302//1303
f 1339//1340 1303//1304 1259//1260
f 1258//1259 1303//1304 1338//1339
f 1340//1341 1260//1261 1276//1277
f 1341//1342 1261//1262 1260//1261
f 1342//1343 1262//1263 1261//1262
f 1343//1344 1263//1264 1262//1263
f 1344//1345 1264//1265 1263//1264
f 1345//1346 1265//1266 1264//1265
f 1346//1347 1266//1267 1265//1266
f 1347//1348 1267//1268 1266//1267
f 1348//1349 1268//1269 1267//1268
f 1349//1350 1269//1270 1268//1269
f 1350//1351 1270//1271 1269//1270
f 1351//1352 1271//1272 1270//1271
f 1352//1353 1272//1273 1271//1272
f 1353//1354 1273//1274 1272//1273
f 1354//1355 1274//1275 1273//1274
f 1275//1276 1274//1275 1355//1356
f 1285//1286 1227//1228 1304//1305
f 1304//1305 1228//1229 1356//1357
f 1228//1229 1305//1306 1356//1357
f 1305//1306 1275//1276 1357//1358
f 1277//1278 1340//1341 1276//1277
f 1278//1279 1358//1359 1277//1278
f 1279//1280 1359//1360 1278//1279
f 1306//1307 1360//1361 1279//1280
f 1232//1233 1286//1287 1361//1362
f 1307//1308 1232//1233 1361//1362
f 1307//1308 1308//1309 1280//1281
f 1308//1309 1309//1310 1281//1282
f 1282//1283 1309//1310 1362//1363
f 1282//1283 1363//1364 1310//1311
f 1310//1311 1311//1312 1234//1235
f 1364//1365 1283//1284 1311//1312
f 1284//1285 1283//1284 1365//1366
f 1312//1313 1235//1236 1313//1314
f 1313//1314 1284//1285 1366//1367
f 1285//1286 1367//1368 1314//1315
f 1367//1368 1286//1287 1314//1315
f 1243//1244 1315//1316 1322//1323
f 1237//1238 1316//1317 1315//1316
f 1238//1239 1317//1318 1316//1317
f 1239//1240 1318//1319 1317//1318
f 1240//1241 1319//1320 1318//1319
f 1241//1242 1320//1321 1319//1320
f 1242//1243 1321//1322 1320//1321
f 1287//1288 1327//1328 1321//1322
f 1368//1369 1288//1289 1322//1323
f 1288//1289 1368//1369 1323//1324
f 1369//1370 1289//1290 1323//1324
f 1289//1290 1369//1370 1324//1325
f 1370//1371 1290//1291 1324//1325
f 1247//1248 1326//1327 1325//1326
f 1290//1291 1370//1371 1326//1327
f 1333//1334 1253//1254 1325//1326
f 1248//1249 1328//1329 1327//1328
f 1249//1250 1329//1330 1328//1329
f 1250//1251 1312//1313 1329//1330
f 1371//1372 1306//1307 1291//1292
f 1372//1373 1291//1292 1330//1331
f 1373//1374 1330//1331 1292//1293
f 1374//1375 1292//1293 1293//1294
f 1375//1376 1293//1294 1331//1332
f 1294//1295 1375//1376 1331//1332
f 1376//1377 1294//1295 1295//1296
f 1377//1378 1295//1296 1296//1297
f 1378//1379 1296//1297 1297//1298
f 1298//1299 1379//1380 1297//1298
f 1298//1299 1332//1333 1380//1381
f 1300//1301 1381//1382 1299//1300
f 1382//1383 1332//1333 1299//1300
f 1383//1384 1300//1301 1301//1302
f 1334//1335 1254//1255 1333//1334
f 1335//1336 1255//1256 1334//1335
f 1257//1258 1335//1336 1336//1337
f 1259//1260 1336//1337 1339//1340
f 1384//1385 1301//1302 1337//1338
f 1302//1303 1338//1339 1385//1386
f 1302//1303 1386//1387 1337//1338
f 1303//1304 1339//1340 1387//1388
f 1387//1388 1338//1339 1303//1304
f 1260//1261 1340//1341 1341//1342
f 1261//1262 1341//1342 1342//1343
f 1262//1263 1342//1343 1343//1344
f 1263//1264 1343//1344 1344//1345
f 1264//1265 1344//1345 1345//1346
f 1265//1266 1345//1346 1346//1347
f 1266//1267 1346//1347 1347//1348
f 1267//1268 1347//1348 1348//1349
f 1268//1269 1348//1349 1349//1350
f 1269//1270 1349//1350 1350//1351
f 1270//1271 1350//1351 1351//1352
f 1271//1272 1351//1352 1352//1353
f 1272//1273 1352//1353 1353//1354
f 1273//1274 1353//1354 1354//1355
f 1274//1275 1354//1355 1388//1389
f 1355//1356 1274//1275 1388//1389
f 1355//1356 1357//1358 1275//1276
f 1367//1368 1285//1286 1304//1305
f 1356//1357 1367//1368 1304//1305
f 1305//1306 1389//1390 1356//1357
f 1390//1391 1305//1306 1357//1358
f 1340//1341 1277//1278 1358//1359
f 1358//1359 1278//1279 1359//1360
f 1359//1360 1279//1280 1360//1361
f 1360//1361 1306//1307 1391//1392
f 1392//1393 1361//1362 1286//1287
f 1393//1394 1307//1308 1361//1362
f 1308//1309 1307//1308 1394//1395
f 1309//1310 1308//1309 1395//1396
f 1395//1396 1362//1363 1309//1310
f 1363//1364 1282//1283 1362//1363
f 1363//1364 1396//1397 1310//1311
f 1311//1312 1310//1311 1396//1397
f 1283//1284 1364//1365 1365//1366
f 1396//1397 1364//1365 1311//1312
f 1365//1366 1366//1367 1284//1285
f 1313//1314 1329//1330 1312//1313
f 1366//1367 1397//1398 1313//1314
f 1286//1287 1367//1368 1392//1393
f 1315//1316 1368//1369 1322//1323
f 1316//1317 1398//1399 1315//1316
f 1317//1318 1399//1400 1316//1317
f 1318//1319 1400//1401 1317//1318
f 1401//1402 1318//1319 1319//1320
f 1402//1403 1319//1320 1320//1321
f 1403//1404 1320//1321 1321//1322
f 1404//1405 1321//1322 1327//1328
f 1368//1369 1369//1370 1323//1324
f 1405//1406 1324//1325 1369//1370
f 1324//1325 1405//1406 1370//1371
f 1406//1407 1325//1326 1326//1327
f 1407//1408 1326//1327 1370//1371
f 1325//1326 1406//1407 1333//1334
f 1408//1409 1327//1328 1328//1329
f 1397//1398 1328//1329 1329//1330
f 1306//1307 1371//1372 1391//1392
f 1291//1292 1372//1373 1371//1372
f 1330//1331 1373//1374 1372//1373
f 1292//1293 1374//1375 1373//1374
f 1293//1294 1375//1376 1374//1375
f 1375//1376 1294//1295 1409//1410
f 1294//1295 1376//1377 1409//1410
f 1295//1296 1377//1378 1376//1377
f 1296//1297 1378//1379 1377//1378
f 1297//1298 1379//1380 1378//1379
f 1298//1299 1380//1381 1379//1380
f 1332//1333 1382//1383 1380//1381
f 1300//1301 1383//1384 1381//1382
f 1381//1382 1382//1383 1299//1300
f 1301//1302 1384//1385 1383//1384
f 1333//1334 1410//1411 1334//1335
f 1410//1411 1335//1336 1334//1335
f 1411//1412 1336//1337 1335//1336
f 1412//1413 1339//1340 1336//1337
f 1337//1338 1413//1414 1384//1385
f 1414//1415 1385//1386 1338//1339
f 1386//1387 1302//1303 1385//1386
f 1413//1414 1337//1338 1386//1387
f 1415//1416 1387//1388 1339//1340
f 1338//1339 1387//1388 1414//1415
f 1416//1417 1341//1342 1340//1341
f 1417//1418 1342//1343 1341//1342
f 1418//1419 1343//1344 1342//1343
f 1419//1420 1344//1345 1343//1344
f 1420//1421 1345//1346 1344//1345
f 1421//1422 1346//1347 1345//1346
f 1422//1423 1347//1348 1346//1347
f 1423//1424 1348//1349 1347//1348
f 1424//1425 1349//1350 1348//1349
f 1425//1426 1350//1351 1349//1350
f 1426//1427 1351//1352 1350//1351
f 1427//1428 1352//1353 1351//1352
f 1428//1429 1353//1354 1352//1353
f 1429//1430 1354//1355 1353//1354
f 1430//1431 1388//1389 1354//1355
f 1355//1356 1388//1389 1431//1432
f 1357//1358 1355//1356 1432//1433
f 1367//1368 1356//1357 1389//1390
f 1389//1390 1305//1306 1433//1434
f 1305//1306 1390//1391 1433//1434
f 1432//1433 1390//1391 1357//1358
f 1434//1435 1340//1341 1358//1359
f 1435//1436 1358//1359 1359//1360
f 1436//1437 1359//1360 1360//1361
f 1437//1438 1360//1361 1391//1392
f 1361//1362 1392//1393 1393//1394
f 1307//1308 1393//1394 1438//1439
f 1307//1308 1439//1440 1394//1395
f 1394//1395 1395//1396 1308//1309
f 1362//1363 1395//1396 1440//1441
f 1362//1363 1441//1442 1363//1364
f 1396//1397 1363//1364 1442//1443
f 1364//1365 1443//1444 1365//1366
f 1364//1365 1396//1397 1444//1445
f 1366//1367 1365//1366 1443//1444
f 1329//1330 1313//1314 1397//1398
f 1397//1398 1366//1367 1445//1446
f 1389//1390 1392//1393 1367//1368
f 1368//1369 1315//1316 1398//1399
f 1398//1399 1316//1317 1399//1400
f 1399//1400 1317//1318 1400//1401
f 1400//1401 1318//1319 1446//1447
f 1318//1319 1401//1402 1446//1447
f 1319//1320 1402//1403 1401//1402
f 1320//1321 1403//1404 1402//1403
f 1321//1322 1404//1405 1403//1404
f 1327//1328 1408//1409 1404//1405
f 1369//1370 1368//1369 1447//1448
f 1447//1448 1405//1406 1369//1370
f 1448//1449 1370//1371 1405//1406
f 1326//1327 1407//1408 1406//1407
f 1370//1371 1448//1449 1407//1408
f 1410//1411 1333//1334 1406//1407
f 1328//1329 1397//1398 1408//1409
f 1449//1450 1391//1392 1371//1372
f 1450//1451 1371//1372 1372//1373
f 1451//1452 1372//1373 1373//1374
f 1452//1453 1373//1374 1374//1375
f 1453//1454 1374//1375 1375//1376
f 1454//1455 1375//1376 1409//1410
f 1455//1456 1409//1410 1376//1377
f 1456//1457 1376//1377 1377//1378
f 1378//1379 1457//1458 1377//1378
f 1379//1380 1457//1458 1378//1379
f 1458//1459 1379//1380 1380//1381
f 1459//1460 1380//1381 1382//1383
f 1460//1461 1381//1382 1383//1384
f 1381//1382 1461//1462 1382//1383
f 1462//1463 1383//1384 1384//1385
f 1335//1336 1410//1411 1411//1412
f 1336//1337 1411//1412 1412//1413
f 1339//1340 1412//1413 1415//1416
f 1463//1464 1384//1385 1413//1414
f 1385//1386 1414//1415 1464//1465
f 1385//1386 1465//1466 1386//1387
f 1386//1387 1466//1467 1413//1414
f 1387//1388 1415//1416 1467//1468
f 1467//1468 1414//1415 1387//1388
f 1341//1342 1416//1417 1417//1418
f 1340//1341 1434//1435 1416//1417
f 1342//1343 1417//1418 1418//1419
f 1343//1344 1418//1419 1419//1420
f 1344//1345 1419//1420 1420//1421
f 1345//1346 1420//1421 1421//1422
f 1346//1347 1421//1422 1422//1423
f 1347//1348 1422//1423 1423//1424
f 1348//1349 1423//1424 1424//1425
f 1349//1350 1424//1425 1425//1426
f 1350//1351 1425//1426 1426//1427
f 1351//1352 1426//1427 1427//1428
f 1352//1353 1427//1428 1428//1429
f 1353//1354 1428//1429 1429//1430
f 1354//1355 1429//1430 1430//1431
f 1388//1389 1430//1431 1468//1469
f 1388//1389 1468//1469 1431//1432
f 1431//1432 1432//1433 1355//1356
f 1433//1434 1469//1470 1389//1390
f 1390//1391 1470//1471 1433//1434
f 1390//1391 1432//1433 1471//1472
f 1358//1359 1435//1436 1434//1435
f 1359//1360 1436//1437 1435//1436
f 1360//1361 1437//1438 1436//1437
f 1391//1392 1449//1450 1437//1438
f 1392//1393 1472//1473 1393//1394
f 1472//1473 1438//1439 1393//1394
f 1439//1440 1307//1308 1438//1439
f 1439//1440 1473//1474 1394//1395
f 1395//1396 1394//1395 1473//1474
f 1395//1396 1474//1475 1440//1441
f 1441//1442 1362//1363 1440//1441
f 1441//1442 1442//1443 1363//1364
f 1442//1443 1444//1445 1396//1397
f 1443//1444 1364//1365 1475//1476
f 1444//1445 1475//1476 1364//1365
f 1443//1444 1445//1446 1366//1367
f 1445//1446 1408//1409 1397//1398
f 1392//1393 1389//1390 1469//1470
f 1398//1399 1447//1448 1368//1369
f 1399//1400 1476//1477 1398//1399
f 1400//1401 1477//1478 1399//1400
f 1446//1447 1478//1479 1400//1401
f 1401//1402 1479//1480 1446//1447
f 1402//1403 1480//1481 1401//1402
f 1403//1404 1481//1482 1402//1403
f 1482//1483 1403//1404 1404//1405
f 1483//1484 1404//1405 1408//1409
f 1405//1406 1447//1448 1484//1485
f 1484//1485 1448//1449 1405//1406
f 1485//1486 1406//1407 1407//1408
f 1448//1449 1485//1486 1407//1408
f 1406//1407 1485//1486 1410//1411
f 1371//1372 1450//1451 1449//1450
f 1372//1373 1451//1452 1450//1451
f 1373//1374 1452//1453 1451//1452
f 1374//1375 1453//1454 1452//1453
f 1375//1376 1454//1455 1453//1454
f 1409//1410 1455//1456 1454//1455
f 1376//1377 1456//1457 1455//1456
f 1377//1378 1457//1458 1456//1457
f 1457//1458 1379//1380 1486//1487
f 1379//1380 1458//1459 1486//1487
f 1380//1381 1459//1460 1458//1459
f 1461//1462 1459//1460 1382//1383
f 1381//1382 1460//1461 1461//1462
f 1383//1384 1462//1463 1460//1461
f 1384//1385 1463//1464 1462//1463
f 1485//1486 1411//1412 1410//1411
f 1487//1488 1412//1413 1411//1412
f 1488//1489 1415//1416 1412//1413
f 1413//1414 1489//1490 1463//1464
f 1490//1491 1464//1465 1414//1415
f 1465//1466 1385//1386 1464//1465
f 1466//1467 1386//1387 1465//1466
f 1489//1490 1413//1414 1466//1467
f 1491//1492 1467//1468 1415//1416
f 1414//1415 1467//1468 1490//1491
f 1492//1493 1417//1418 1416//1417
f 1493//1494 1416//1417 1434//1435
f 1494//1495 1418//1419 1417//1418
f 1495//1496 1419//1420 1418//1419
f 1496//1497 1420//1421 1419//1420
f 1497//1498 1421//1422 1420//1421
f 1498//1499 1422//1423 1421//1422
f 1499//1500 1423//1424 1422//1423
f 1500//1501 1424//1425 1423//1424
f 1501//1502 1425//1426 1424//1425
f 1502//1503 1426//1427 1425//1426
f 1503//1504 1427//1428 1426//1427
f 1504//1505 1428//1429 1427//1428
f 1505//1506 1429//1430 1428//1429
f 1506//1507 1430//1431 1429//1430
f 1507//1508 1468//1469 1430//1431
f 1431//1432 1468//1469 1508//1509
f 1432//1433 1431//1432 1509//1510
f 1469//1470 1433//1434 1470//1471
f 1470//1471 1390//1391 1510//1511
f 1509//1510 1471//1472 1432//1433
f 1471//1472 1510//1511 1390//1391
f 1511//1512 1434//1435 1435//1436
f 1512//1513 1435//1436 1436//1437
f 1513//1514 1436//1437 1437//1438
f 1514//1515 1437//1438 1449//1450
f 1472//1473 1392//1393 1469//1470
f 1438//1439 1472//1473 1515//1516
f 1438//1439 1516//1517 1439//1440
f 1473//1474 1439//1440 1517//1518
f 1474//1475 1395//1396 1473//1474
f 1474//1475 1441//1442 1440//1441
f 1442//1443 1441//1442 1518//1519
f 1444//1445 1442//1443 1519//1520
f 1475//1476 1520//1521 1443//1444
f 1475//1476 1444//1445 1521//1522
f 1445//1446 1443//1444 1520//1521
f 1408//1409 1445//1446 1483//1484
f 1447//1448 1398//1399 1476//1477
f 1476//1477 1399//1400 1477//1478
f 1477//1478 1400//1401 1478//1479
f 1478//1479 1446//1447 1479//1480
f 1479//1480 1401//1402 1480//1481
f 1480//1481 1402//1403 1481//1482
f 1481//1482 1403//1404 1522//1523
f 1403//1404 1482//1483 1522//1523
f 1404//1405 1483//1484 1482//1483
f 1476//1477 1484//1485 1447//1448
f 1448//1449 1484//1485 1523//1524
f 1485//1486 1448//1449 1524//1525
f 1525//1526 1449//1450 1450//1451
f 1526//1527 1450//1451 1451//1452
f 1452//1453 1526//1527 1451//1452
f 1527//1528 1452//1453 1453//1454
f 1528//1529 1453//1454 1454//1455
f 1529//1530 1454//1455 1455//1456
f 1530//1531 1455//1456 1456//1457
f 1531//1532 1456//1457 1457//1458
f 1457//1458 1486//1487 1532//1533
f 1533//1534 1486//1487 1458//1459
f 1534//1535 1458//1459 1459//1460
f 1461//1462 1535//1536 1459//1460
f 1536//1537 1461//1462 1460//1461
f 1537//1538 1460//1461 1462//1463
f 1538//1539 1462//1463 1463//1464
f 1411//1412 1485//1486 1487//1488
f 1412//1413 1487//1488 1488//1489
f 1415//1416 1488//1489 1491//1492
f 1539//1540 1463//1464 1489//1490
f 1464//1465 1490//1491 1540//1541
f 1464//1465 1541//1542 1465//1466
f 1465//1466 1542//1543 1466//1467
f 1466//1467 1543//1544 1489//1490
f 1467//1468 1491//1492 1544//1545
f 1544//1545 1490//1491 1467//1468
f 1417//1418 1492//1493 1494//1495
f 1416//1417 1493//1494 1492//1493
f 1434//1435 1511//1512 1493//1494
f 1418//1419 1494//1495 1495//1496
f 1419//1420 1495//1496 1496//1497
f 1420//1421 1496//1497 1497//1498
f 1421//1422 1497//1498 1498//1499
f 1422//1423 1498//1499 1499//1500
f 1423//1424 1499//1500 1500//1501
f 1424//1425 1500//1501 1501//1502
f 1425//1426 1501//1502 1502//1503
f 1426//1427 1502//1503 1503//1504
f 1427//1428 1503//1504 1504//1505
f 1428//1429 1504//1505 1505//1506
f 1429//1430 1505//1506 1506//1507
f 1430//1431 1506//1507 1507//1508
f 1468//1469 1507//1508 1545//1546
f 1508//1509 1468//1469 1545//1546
f 1508//1509 1509//1510 1431//1432
f 1546//1547 1469//1470 1470//1471
f 1510//1511 1546//1547 1470//1471
f 1471//1472 1509//1510 1547//1548
f 1510//1511 1471//1472 1548//1549
f 1435//1436 1512//1513 1511//1512
f 1436//1437 1513//1514 1512//1513
f 1437//1438 1514//1515 1513//1514
f 1449//1450 1525//1526 1514//1515
f 1469//1470 1546//1547 1472//1473
f 1546//1547 1515//1516 1472//1473
f 1516//1517 1438//1439 1515//1516
f 1516//1517 1517//1518 1439//1440
f 1517//1518 1474//1475 1473//1474
f 1441//1442 1474//1475 1549//1550
f 1549//1550 1518//1519 1441//1442
f 1518//1519 1519//1520 1442//1443
f 1519//1520 1521//1522 1444//1445
f 1520//1521 1475//1476 1550//1551
f 1551//1552 1475//1476 1521//1522
f 1552//1553 1445//1446 1520//1521
f 1445//1446 1552//1553 1483//1484
f 1477//1478 1553//1554 1476//1477
f 1478//1479 1554//1555 1477//1478
f 1479//1480 1555//1556 1478//1479
f 1480//1481 1556//1557 1479//1480
f 1481//1482 1557//1558 1480//1481
f 1522//1523 1558//1559 1481//1482
f 1482//1483 1559//1560 1522//1523
f 1483//1484 1560//1561 1482//1483
f 1484//1485 1476//1477 1553//1554
f 1553//1554 1523//1524 1484//1485
f 1523//1524 1524//1525 1448//1449
f 1524//1525 1487//1488 1485//1486
f 1450//1451 1526//1527 1525//1526
f 1526//1527 1452//1453 1561//1562
f 1452//1453 1527//1528 1561//1562
f 1453//1454 1528//1529 1527//1528
f 1454//1455 1529//1530 1528//1529
f 1455//1456 1530//1531 1529//1530
f 1456//1457 1531//1532 1530//1531
f 1457//1458 1532//1533 1531//1532
f 1486//1487 1533//1534 1532//1533
f 1458//1459 1534//1535 1533//1534
f 1535//1536 1534//1535 1459//1460
f 1461//1462 1536//1537 1535//1536
f 1460//1461 1537//1538 1536//1537
f 1462//1463 1538//1539 1537//1538
f 1463//1464 1539//1540 1538//1539
f 1562//1563 1488//1489 1487//1488
f 1563//1564 1491//1492 1488//1489
f 1489//1490 1564//1565 1539//1540
f 1565//1566 1540//1541 1490//1491
f 1541//1542 1464//1465 1540//1541
f 1542//1543 1465//1466 1541//1542
f 1543//1544 1466//1467 1542//1543
f 1564//1565 1489//1490 1543//1544
f 1566//1567 1544//1545 1491//1492
f 1490//1491 1544//1545 1565//1566
f 1567//1568 1494//1495 1492//1493
f 1568//1569 1492//1493 1493//1494
f 1569//1570 1493//1494 1511//1512
f 1570//1571 1495//1496 1494//1495
f 1571//1572 1496//1497 1495//1496
f 1572//1573 1497//1498 1496//1497
f 1573//1574 1498//1499 1497//1498
f 1574//1575 1499//1500 1498//1499
f 1575//1576 1500//1501 1499//1500
f 1576//1577 1501//1502 1500//1501
f 1577//1578 1502//1503 1501//1502
f 1578//1579 1503//1504 1502//1503
f 1579//1580 1504//1505 1503//1504
f 1580//1581 1505//1506 1504//1505
f 1581//1582 1506//1507 1505//1506
f 1582//1583 1507//1508 1506//1507
f 1583//1584 1545//1546 1507//1508
f 1508//1509 1545//1546 1584//1585
f 1509//1510 1508//1509 1585//1586
f 1546//1547 1510//1511 1586//1587
f 1585//1586 1547//1548 1509//1510
f 1547//1548 1548//1549 1471//1472
f 1587//1588 1510//1511 1548//1549
f 1588//1589 1511//1512 1512//1513
f 1589//1590 1512//1513 1513//1514
f 1590//1591 1513//1514 1514//1515
f 1591//1592 1514//1515 1525//1526
f 1515//1516 1546//1547 1592//1593
f 1592//1593 1516//1517 1515//1516
f 1517//1518 1516//1517 1593//1594
f 1474//1475 1517//1518 1594//1595
f 1474//1475 1595//1596 1549//1550
f 1518//1519 1549//1550 1596//1597
f 1519//1520 1518//1519 1597//1598
f 1521//1522 1519//1520 1598//1599
f 1475//1476 1551//1552 1550//1551
f 1550//1551 1552//1553 1520//1521
f 1598//1599 1551//1552 1521//1522
f 1560//1561 1483//1484 1552//1553
f 1553//1554 1477//1478 1554//1555
f 1554//1555 1478//1479 1555//1556
f 1555//1556 1479//1480 1556//1557
f 1556//1557 1480//1481 1557//1558
f 1557//1558 1481//1482 1558//1559
f 1558//1559 1522//1523 1559//1560
f 1559//1560 1482//1483 1560//1561
f 1523//1524 1553//1554 1599//1600
f 1524//1525 1523//1524 1600//1601
f 1487//1488 1524//1525 1562//1563
f 1601//1602 1525//1526 1526//1527
f 1602//1603 1526//1527 1561//1562
f 1603//1604 1561//1562 1527//1528
f 1604//1605 1527//1528 1528//1529
f 1605//1606 1528//1529 1529//1530
f 1606//1607 1529//1530 1530//1531
f 1607//1608 1530//1531 1531//1532
f 1608//1609 1531//1532 1532//1533
f 1609//1610 1532//1533 1533//1534
f 1610//1611 1533//1534 1534//1535
f 1535//1536 1611//1612 1534//1535
f 1612//1613 1535//1536 1536//1537
f 1537//1538 1612//1613 1536//1537
f 1538//1539 1613//1614 1537//1538
f 1539//1540 1614//1615 1538//1539
f 1488//1489 1562//1563 1563//1564
f 1491//1492 1563//1564 1566//1567
f 1564//1565 1615//1616 1539//1540
f 1540//1541 1565//1566 1616//1617
f 1540//1541 1617//1618 1541//1542
f 1541//1542 1618//1619 1542//1543
f 1542//1543 1619//1620 1543//1544
f 1543//1544 1620//1621 1564//1565
f 1544//1545 1566//1567 1621//1622
f 1621//1622 1565//1566 1544//1545
f 1494//1495 1567//1568 1570//1571
f 1492//1493 1568//1569 1567//1568
f 1493//1494 1569//1570 1568//1569
f 1511//1512 1588//1589 1569//1570
f 1495//1496 1570//1571 1571//1572
f 1496//1497 1571//1572 1572//1573
f 1497//1498 1572//1573 1573//1574
f 1498//1499 1573//1574 1574//1575
f 1499//1500 1574//1575 1575//1576
f 1500//1501 1575//1576 1576//1577
f 1501//1502 1576//1577 1577//1578
f 1502//1503 1577//1578 1578//1579
f 1503//1504 1578//1579 1579//1580
f 1504//1505 1579//1580 1580//1581
f 1505//1506 1580//1581 1581//1582
f 1506//1507 1581//1582 1582//1583
f 1507//1508 1582//1583 1583//1584
f 1545//1546 1583//1584 1622//1623
f 1584//1585 1545//1546 1622//1623
f 1584//1585 1585//1586 1508//1509
f 1510//1511 1587//1588 1586//1587
f 1586//1587 1592//1593 1546//1547
f 1547//1548 1585//1586 1623//1624
f 1548//1549 1547//1548 1624//1625
f 1624//1625 1587//1588 1548//1549
f 1512//1513 1589//1590 1588//1589
f 1513//1514 1590//1591 1589//1590
f 1514//1515 1591//1592 1590//1591
f 1525//1526 1601//1602 1591//1592
f 1516//1517 1592//1593 1625//1626
f 1625//1626 1593//1594 1516//1517
f 1626//1627 1517//1518 1593//1594
f 1517//1518 1626//1627 1594//1595
f 1595//1596 1474//1475 1594//1595
f 1595//1596 1596//1597 1549//1550
f 1596//1597 1597//1598 1518//1519
f 1627//1628 1519//1520 1597//1598
f 1519//1520 1627//1628 1598//1599
f 1551//1552 1628//1629 1550//1551
f 1552//1553 1550//1551 1628//1629
f 1551//1552 1598//1599 1629//1630
f 1552//1553 1630//1631 1560//1561
f 1554//1555 1599//1600 1553//1554
f 1555//1556 1631//1632 1554//1555
f 1556//1557 1632//1633 1555//1556
f 1557//1558 1633//1634 1556//1557
f 1558//1559 1634//1635 1557//1558
f 1559//1560 1635//1636 1558//1559
f 1560//1561 1636//1637 1559//1560
f 1599//1600 1600//1601 1523//1524
f 1600//1601 1562//1563 1524//1525
f 1526//1527 1602//1603 1601//1602
f 1561//1562 1603//1604 1602//1603
f 1527//1528 1604//1605 1603//1604
f 1528//1529 1605//1606 1604//1605
f 1529//1530 1606//1607 1605//1606
f 1530//1531 1607//1608 1606//1607
f 1531//1532 1608//1609 1607//1608
f 1532//1533 1609//1610 1608//1609
f 1533//1534 1610//1611 1609//1610
f 1611//1612 1610//1611 1534//1535
f 1535//1536 1612//1613 1611//1612
f 1612//1613 1537//1538 1613//1614
f 1613//1614 1538//1539 1614//1615
f 1614//1615 1539//1540 1615//1616
f 1637//1638 1563//1564 1562//1563
f 1638//1639 1566//1567 1563//1564
f 1615//1616 1564//1565 1639//1640
f 1640//1641 1616//1617 1565//1566
f 1617//1618 1540//1541 1616//1617
f 1618//1619 1541//1542 1617//1618
f 1619//1620 1542//1543 1618//1619
f 1620//1621 1543//1544 1619//1620
f 1620//1621 1639//1640 1564//1565
f 1641//1642 1621//1622 1566//1567
f 1565//1566 1621//1622 1640//1641
f 1642//1643 1570//1571 1567//1568
f 1643//1644 1567//1568 1568//1569
f 1644//1645 1568//1569 1569//1570
f 1645//1646 1569//1570 1588//1589
f 1646//1647 1571//1572 1570//1571
f 1647//1648 1572//1573 1571//1572
f 1648//1649 1573//1574 1572//1573
f 1649//1650 1574//1575 1573//1574
f 1650//1651 1575//1576 1574//1575
f 1651//1652 1576//1577 1575//1576
f 1652//1653 1577//1578 1576//1577
f 1653//1654 1578//1579 1577//1578
f 1654//1655 1579//1580 1578//1579
f 1655//1656 1580//1581 1579//1580
f 1656//1657 1581//1582 1580//1581
f 1657//1658 1582//1583 1581//1582
f 1658//1659 1583//1584 1582//1583
f 1659//1660 1622//1623 1583//1584
f 1584//1585 1622//1623 1660//1661
f 1585//1586 1584//1585 1661//1662
f 1587//1588 1662//1663 1586//1587
f 1592//1593 1586//1587 1662//1663
f 1585//1586 1663//1664 1623//1624
f 1623//1624 1624//1625 1547//1548
f 1587//1588 1624//1625 1664//1665
f 1665//1666 1588//1589 1589//1590
f 1666//1667 1589//1590 1590//1591
f 1667//1668 1590//1591 1591//1592
f 1668//1669 1591//1592 1601//1602
f 1662//1663 1625//1626 1592//1593
f 1593//1594 1625//1626 1669//1670
f 1669//1670 1626//1627 1593//1594
f 1626//1627 1595//1596 1594//1595
f 1596//1597 1595//1596 1670//1671
f 1597//1598 1596//1597 1671//1672
f 1671//1672 1627//1628 1597//1598
f 1627//1628 1629//1630 1598//1599
f 1628//1629 1551//1552 1672//1673
f 1630//1631 1552//1553 1628//1629
f 1673//1674 1551//1552 1629//1630
f 1636//1637 1560//1561 1630//1631
f 1599//1600 1554//1555 1631//1632
f 1631//1632 1555//1556 1632//1633
f 1632//1633 1556//1557 1633//1634
f 1633//1634 1557//1558 1634//1635
f 1634//1635 1558//1559 1635//1636
f 1635//1636 1559//1560 1636//1637
f 1600//1601 1599//1600 1674//1675
f 1562//1563 1600//1601 1637//1638
f 1675//1676 1601//1602 1602//1603
f 1676//1677 1602//1603 1603//1604
f 1677//1678 1603//1604 1604//1605
f 1678//1679 1604//1605 1605//1606
f 1679//1680 1605//1606 1606//1607
f 1680//1681 1606//1607 1607//1608
f 1681//1682 1607//1608 1608//1609
f 1682//1683 1608//1609 1609//1610
f 1683//1684 1609//1610 1610//1611
f 1611//1612 1684//1685 1610//1611
f 1685//1686 1611//1612 1612//1613
f 1613//1614 1685//1686 1612//1613
f 1614//1615 1686//1687 1613//1614
f 1615//1616 1687//1688 1614//1615
f 1563//1564 1637//1638 1638//1639
f 1566//1567 1638//1639 1641//1642
f 1639//1640 1688//1689 1615//1616
f 1616//1617 1640//1641 1689//1690
f 1616//1617 1690//1691 1617//1618
f 1617//1618 1691//1692 1618//1619
f 1618//1619 1692//1693 1619//1620
f 1619//1620 1693//1694 1620//1621
f 1639//1640 1620//1621 1694//1695
f 1621//1622 1641//1642 1695//1696
f 1695//1696 1640//1641 1621//1622
f 1570//1571 1642//1643 1646//1647
f 1567//1568 1643//1644 1642//1643
f 1568//1569 1644//1645 1643//1644
f 1569//1570 1645//1646 1644//1645
f 1588//1589 1665//1666 1645//1646
f 1571//1572 1646//1647 1647//1648
f 1572//1573 1647//1648 1648//1649
f 1573//1574 1648//1649 1649//1650
f 1574//1575 1649//1650 1650//1651
f 1575//1576 1650//1651 1651//1652
f 1576//1577 1651//1652 1652//1653
f 1577//1578 1652//1653 1653//1654
f 1578//1579 1653//1654 1654//1655
f 1579//1580 1654//1655 1655//1656
f 1580//1581 1655//1656 1656//1657
f 1581//1582 1656//1657 1657//1658
f 1582//1583 1657//1658 1658//1659
f 1583//1584 1658//1659 1659//1660
f 1622//1623 1659//1660 1696//1697
f 1622//1623 1697//1698 1660//1661
f 1660//1661 1661//1662 1584//1585
f 1663//1664 1585//1586 1661//1662
f 1662//1663 1587//1588 1698//1699
f 1663//1664 1699//1700 1623//1624
f 1624//1625 1623//1624 1699//1700
f 1624//1625 1700//1701 1664//1665
f 1701//1702 1587//1588 1664//1665
f 1589//1590 1666//1667 1665//1666
f 1590//1591 1667//1668 1666//1667
f 1591//1592 1668//1669 1667//1668
f 1601//1602 1675//1676 1668//1669
f 1625//1626 1662//1663 1702//1703
f 1702//1703 1669//1670 1625//1626
f 1626//1627 1669//1670 1703//1704
f 1595//1596 1626//1627 1704//1705
f 1595//1596 1705//1706 1670//1671
f 1706//1707 1596//1597 1670//1671
f 1596//1597 1706//1707 1671//1672
f 1627//1628 1671//1672 1707//1708
f 1629//1630 1627//1628 1708//1709
f 1551//1552 1673//1674 1672//1673
f 1709//1710 1628//1629 1672//1673
f 1628//1629 1709//1710 1630//1631
f 1708//1709 1673//1674 1629//1630
f 1630//1631 1710//1711 1636//1637
f 1631//1632 1674//1675 1599//1600
f 1632//1633 1711//1712 1631//1632
f 1633//1634 1712//1713 1632//1633
f 1634//1635 1713//1714 1633//1634
f 1635//1636 1714//1715 1634//1635
f 1636//1637 1715//1716 1635//1636
f 1674//1675 1637//1638 1600//1601
f 1602//1603 1676//1677 1675//1676
f 1603//1604 1677//1678 1676//1677
f 1604//1605 1678//1679 1677//1678
f 1605//1606 1679//1680 1678//1679
f 1606//1607 1680//1681 1679//1680
f 1607//1608 1681//1682 1680//1681
f 1608//1609 1682//1683 1681//1682
f 1609//1610 1683//1684 1682//1683
f 1684//1685 1683//1684 1610//1611
f 1611//1612 1685//1686 1684//1685
f 1685//1686 1613//1614 1686//1687
f 1686//1687 1614//1615 1687//1688
f 1687//1688 1615//1616 1688//1689
f 1716//1717 1638//1639 1637//1638
f 1717//1718 1641//1642 1638//1639
f 1688//1689 1639//1640 1718//1719
f 1719//1720 1689//1690 1640//1641
f 1690//1691 1616//1617 1689//1690
f 1691//1692 1617//1618 1690//1691
f 1692//1693 1618//1619 1691//1692
f 1693//1694 1619//1620 1692//1693
f 1693//1694 1694//1695 1620//1621
f 1694//1695 1718//1719 1639//1640
f 1720//1721 1695//1696 1641//1642
f 1640//1641 1695//1696 1719//1720
f 1721//1722 1646//1647 1642//1643
f 1722//1723 1642//1643 1643//1644
f 1723//1724 1643//1644 1644//1645
f 1724//1725 1644//1645 1645//1646
f 1725//1726 1645//1646 1665//1666
f 1726//1727 1647//1648 1646//1647
f 1727//1728 1648//1649 1647//1648
f 1728//1729 1649//1650 1648//1649
f 1729//1730 1650//1651 1649//1650
f 1730//1731 1651//1652 1650//1651
f 1731//1732 1652//1653 1651//1652
f 1732//1733 1653//1654 1652//1653
f 1733//1734 1654//1655 1653//1654
f 1734//1735 1655//1656 1654//1655
f 1735//1736 1656//1657 1655//1656
f 1736//1737 1657//1658 1656//1657
f 1737//1738 1658//1659 1657//1658
f 1738//1739 1659//1660 1658//1659
f 1739//1740 1696//1697 1659//1660
f 1622//1623 1696//1697 1697//1698
f 1697//1698 1740//1741 1660//1661
f 1661//1662 1660//1661 1740//1741
f 1740//1741 1663//1664 1661//1662
f 1587//1588 1701//1702 1698//1699
f 1698//1699 1702//1703 1662//1663
f 1699//1700 1663//1664 1741//1742
f 1700//1701 1624//1625 1699//1700
f 1700//1701 1701//1702 1664//1665
f 1742//1743 1665//1666 1666//1667
f 1743//1744 1666//1667 1667//1668
f 1744//1745 1667//1668 1668//1669
f 1745//1746 1668//1669 1675//1676
f 1669//1670 1702//1703 1746//1747
f 1669//1670 1747//1748 1703//1704
f 1748//1749 1626//1627 1703//1704
f 1626//1627 1748//1749 1704//1705
f 1705//1706 1595//1596 1704//1705
f 1705//1706 1706//1707 1670//1671
f 1706//1707 1707//1708 1671//1672
f 1707//1708 1708//1709 1627//1628
f 1749//1750 1672//1673 1673//1674
f 1672//1673 1749//1750 1709//1710
f 1710//1711 1630//1631 1709//1710
f 1673//1674 1708//1709 1750//1751
f 1715//1716 1636//1637 1710//1711
f 1674//1675 1631//1632 1711//1712
f 1711//1712 1632//1633 1712//1713
f 1712//1713 1633//1634 1713//1714
f 1713//1714 1634//1635 1714//1715
f 1714//1715 1635//1636 1715//1716
f 1637//1638 1674//1675 1716//1717
f 1751//1752 1675//1676 1676//1677
f 1752//1753 1676//1677 1677//1678
f 1753//1754 1677//1678 1678//1679
f 1754//1755 1678//1679 1679//1680
f 1755//1756 1679//1680 1680//1681
f 1756//1757 1680//1681 1681//1682
f 1757//1758 1681//1682 1682//1683
f 1758//1759 1682//1683 1683//1684
f 1684//1685 1759//1760 1683//1684
f 1760//1761 1684//1685 1685//1686
f 1686//1687 1760//1761 1685//1686
f 1687//1688 1761//1762 1686//1687
f 1688//1689 1762//1763 1687//1688
f 1638//1639 1716//1717 1717//1718
f 1641//1642 1717//1718 1720//1721
f 1718//1719 1763//1764 1688//1689
f 1689//1690 1719//1720 1764//1765
f 1689//1690 1765//1766 1690//1691
f 1690//1691 1766//1767 1691//1692
f 1691//1692 1767//1768 1692//1693
f 1692//1693 1768//1769 1693//1694
f 1694//1695 1693//1694 1769//1770
f 1718//1719 1694//1695 1770//1771
f 1695//1696 1720//1721 1771//1772
f 1771//1772 1719//1720 1695//1696
f 1646//1647 1721//1722 1726//1727
f 1642//1643 1722//1723 1721//1722
f 1643//1644 1723//1724 1722//1723
f 1644//1645 1724//1725 1723//1724
f 1645//1646 1725//1726 1724//1725
f 1665//1666 1742//1743 1725//1726
f 1647//1648 1726//1727 1727//1728
f 1648//1649 1727//1728 1728//1729
f 1649//1650 1728//1729 1729//1730
f 1650//1651 1729//1730 1730//1731
f 1651//1652 1730//1731 1731//1732
f 1652//1653 1731//1732 1732//1733
f 1653//1654 1732//1733 1733//1734
f 1654//1655 1733//1734 1734//1735
f 1655//1656 1734//1735 1735//1736
f 1656//1657 1735//1736 1736//1737
f 1657//1658 1736//1737 1737//1738
f 1658//1659 1737//1738 1738//1739
f 1659//1660 1738//1739 1739//1740
f 1696//1697 1739//1740 1772//1773
f 1696//1697 1773//1774 1697//1698
f 1740//1741 1697//1698 1774//1775
f 1663//1664 1740//1741 1775//1776
f 1701//1702 1776//1777 1698//1699
f 1702//1703 1698//1699 1776//1777
f 1775//1776 1741//1742 1663//1664
f 1741//1742 1700//1701 1699//1700
f 1701//1702 1700//1701 1777//1778
f 1666//1667 1743//1744 1742//1743
f 1667//1668 1744//1745 1743//1744
f 1668//1669 1745//1746 1744//1745
f 1675//1676 1751//1752 1745//1746
f 1702//1703 1778//1779 1746//1747
f 1747//1748 1669//1670 1746//1747
f 1747//1748 1748//1749 1703//1704
f 1779//1780 1704//1705 1748//1749
f 1704//1705 1779//1780 1705//1706
f 1706//1707 1705//1706 1780//1781
f 1707//1708 1706//1707 1781//1782
f 1708//1709 1707//1708 1782//1783
f 1673//1674 1783//1784 1749//1750
f 1784//1785 1709//1710 1749//1750
f 1709//1710 1784//1785 1710//1711
f 1708//1709 1785//1786 1750//1751
f 1783//1784 1673//1674 1750//1751
f 1710//1711 1786//1787 1715//1716
f 1711//1712 1716//1717 1674//1675
f 1712//1713 1787//1788 1711//1712
f 1713//1714 1788//1789 1712//1713
f 1714//1715 1789//1790 1713//1714
f 1715//1716 1790//1791 1714//1715
f 1676//1677 1752//1753 1751//1752
f 1677//1678 1753//1754 1752//1753
f 1678//1679 1754//1755 1753//1754
f 1679//1680 1755//1756 1754//1755
f 1680//1681 1756//1757 1755//1756
f 1681//1682 1757//1758 1756//1757
f 1682//1683 1758//1759 1757//1758
f 1759//1760 1758//1759 1683//1684
f 1684//1685 1760//1761 1759//1760
f 1760//1761 1686//1687 1761//1762
f 1761//1762 1687//1688 1762//1763
f 1762//1763 1688//1689 1763//1764
f 1787//1788 1717//1718 1716//1717
f 1791//1792 1720//1721 1717//1718
f 1763//1764 1718//1719 1792//1793
f 1793//1794 1764//1765 1719//1720
f 1765//1766 1689//1690 1764//1765
f 1766//1767 1690//1691 1765//1766
f 1767//1768 1691//1692 1766//1767
f 1768//1769 1692//1693 1767//1768
f 1768//1769 1769//1770 1693//1694
f 1769//1770 1770//1771 1694//1695
f 1770//1771 1792//1793 1718//1719
f 1794//1795 1771//1772 1720//1721
f 1719//1720 1771//1772 1793//1794
f 1795//1796 1726//1727 1721//1722
f 1796//1797 1721//1722 1722//1723
f 1797//1798 1722//1723 1723//1724
f 1798//1799 1723//1724 1724//1725
f 1799//1800 1724//1725 1725//1726
f 1800//1801 1725//1726 1742//1743
f 1801//1802 1727//1728 1726//1727
f 1802//1803 1728//1729 1727//1728
f 1803//1804 1729//1730 1728//1729
f 1804//1805 1730//1731 1729//1730
f 1805//1806 1731//1732 1730//1731
f 1806//1807 1732//1733 1731//1732
f 1807//1808 1733//1734 1732//1733
f 1808//1809 1734//1735 1733//1734
f 1809//1810 1735//1736 1734//1735
f 1810//1811 1736//1737 1735//1736
f 1811//1812 1737//1738 1736//1737
f 1812//1813 1738//1739 1737//1738
f 1813//1814 1739//1740 1738//1739
f 1814//1815 1772//1773 1739//1740
f 1696//1697 1772//1773 1773//1774
f 1773//1774 1774//1775 1697//1698
f 1774//1775 1775//1776 1740//1741
f 1776//1777 1701//1702 1815//1816
f 1778//1779 1702//1703 1776//1777
f 1741//1742 1775//1776 1816//1817
f 1700//1701 1741//1742 1817//1818
f 1700//1701 1818//1819 1777//1778
f 1777//1778 1815//1816 1701//1702
f 1819//1820 1742//1743 1743//1744
f 1820//1821 1743//1744 1744//1745
f 1821//1822 1744//1745 1745//1746
f 1822//1823 1745//1746 1751//1752
f 1778//1779 1747//1748 1746//1747
f 1748//1749 1747//1748 1823//1824
f 1823//1824 1779//1780 1748//1749
f 1779//1780 1780//1781 1705//1706
f 1824//1825 1706//1707 1780//1781
f 1706//1707 1824//1825 1781//1782
f 1781//1782 1782//1783 1707//1708
f 1785//1786 1708//1709 1782//1783
f 1825//1826 1749//1750 1783//1784
f 1749//1750 1825//1826 1784//1785
f 1786//1787 1710//1711 1784//1785
f 1826//1827 1750//1751 1785//1786
f 1750//1751 1826//1827 1783//1784
f 1790//1791 1715//1716 1786//1787
f 1716//1717 1711//1712 1787//1788
f 1787//1788 1712//1713 1788//1789
f 1788//1789 1713//1714 1789//1790
f 1789//1790 1714//1715 1790//1791
f 1827//1828 1751//1752 1752//1753
f 1828//1829 1752//1753 1753//1754
f 1829//1830 1753//1754 1754//1755
f 1830//1831 1754//1755 1755//1756
f 1831//1832 1755//1756 1756//1757
f 1832//1833 1756//1757 1757//1758
f 1833//1834 1757//1758 1758//1759
f 1759//1760 1834//1835 1758//1759
f 1835//1836 1759//1760 1760//1761
f 1761//1762 1835//1836 1760//1761
f 1762//1763 1836//1837 1761//1762
f 1763//1764 1837//1838 1762//1763
f 1717//1718 1787//1788 1791//1792
f 1720//1721 1791//1792 1794//1795
f 1792//1793 1838//1839 1763//1764
f 1764//1765 1793//1794 1839//1840
f 1764//1765 1840//1841 1765//1766
f 1765//1766 1841//1842 1766//1767
f 1766//1767 1842//1843 1767//1768
f 1767//1768 1843//1844 1768//1769
f 1769//1770 1768//1769 1844//1845
f 1770//1771 1769//1770 1845//1846
f 1792//1793 1770//1771 1846//1847
f 1771//1772 1794//1795 1847//1848
f 1847//1848 1793//1794 1771//1772
f 1726//1727 1795//1796 1801//1802
f 1721//1722 1796//1797 1795//1796
f 1722//1723 1797//1798 1796//1797
f 1723//1724 1798//1799 1797//1798
f 1724//1725 1799//1800 1798//1799
f 1725//1726 1800//1801 1799//1800
f 1742//1743 1819//1820 1800//1801
f 1727//1728 1801//1802 1802//1803
f 1728//1729 1802//1803 1803//1804
f 1729//1730 1803//1804 1804//1805
f 1730//1731 1804//1805 1805//1806
f 1731//1732 1805//1806 1806//1807
f 1732//1733 1806//1807 1807//1808
f 1733//1734 1807//1808 1808//1809
f 1734//1735 1808//1809 1809//1810
f 1735//1736 1809//1810 1810//1811
f 1736//1737 1810//1811 1811//1812
f 1737//1738 1811//1812 1812//1813
f 1738//1739 1812//1813 1813//1814
f 1739//1740 1813//1814 1814//1815
f 1772//1773 1814//1815 1848//1849
f 1848//1849 1773//1774 1772//1773
f 1774//1775 1773//1774 1849//1850
f 1775//1776 1774//1775 1850//1851
f 1815//1816 1778//1779 1776//1777
f 1850//1851 1816//1817 1775//1776
f 1816//1817 1817//1818 1741//1742
f 1818//1819 1700//1701 1817//1818
f 1818//1819 1851//1852 1777//1778
f 1815//1816 1777//1778 1851//1852
f 1743//1744 1820//1821 1819//1820
f 1744//1745 1821//1822 1820//1821
f 1745//1746 1822//1823 1821//1822
f 1751//1752 1827//1828 1822//1823
f 1747//1748 1778//1779 1852//1853
f 1852//1853 1823//1824 1747//1748
f 1779//1780 1823//1824 1853//1854
f 1780//1781 1779//1780 1854//1855
f 1780//1781 1855//1856 1824//1825
f 1824//1825 1856//1857 1781//1782
f 1782//1783 1781//1782 1856//1857
f 1856//1857 1785//1786 1782//1783
f 1783//1784 1857//1858 1825//1826
f 1858//1859 1784//1785 1825//1826
f 1784//1785 1858//1859 1786//1787
f 1785//1786 1859//1860 1826//1827
f 1857//1858 1783//1784 1826//1827
f 1786//1787 1860//1861 1790//1791
f 1788//1789 1791//1792 1787//1788
f 1789//1790 1861//1862 1788//1789
f 1790//1791 1862//1863 1789//1790
f 1752//1753 1828//1829 1827//1828
f 1753//1754 1829//1830 1828//1829
f 1754//1755 1830//1831 1829//1830
f 1755//1756 1831//1832 1830//1831
f 1756//1757 1832//1833 1831//1832
f 1757//1758 1833//1834 1832//1833
f 1758//1759 1863//1864 1833//1834
f 1759//1760 1835//1836 1834//1835
f 1863//1864 1758//1759 1834//1835
f 1835//1836 1761//1762 1836//1837
f 1836//1837 1762//1763 1837//1838
f 1837//1838 1763//1764 1838//1839
f 1861//1862 1794//1795 1791//1792
f 1838//1839 1792//1793 1864//1865
f 1865//1866 1839//1840 1793//1794
f 1840//1841 1764//1765 1839//1840
f 1841//1842 1765//1766 1840//1841
f 1842//1843 1766//1767 1841//1842
f 1843//1844 1767//1768 1842//1843
f 1843//1844 1844//1845 1768//1769
f 1844//1845 1845//1846 1769//1770
f 1845//1846 1846//1847 1770//1771
f 1846//1847 1864//1865 1792//1793
f 1866//1867 1847//1848 1794//1795
f 1793//1794 1847//1848 1865//1866
f 1867//1868 1801//1802 1795//1796
f 1868//1869 1795//1796 1796//1797
f 1869//1870 1796//1797 1797//1798
f 1870//1871 1797//1798 1798//1799
f 1871//1872 1798//1799 1799//1800
f 1872//1873 1799//1800 1800//1801
f 1873//1874 1800//1801 1819//1820
f 1874//1875 1802//1803 1801//1802
f 1875//1876 1803//1804 1802//1803
f 1876//1877 1804//1805 1803//1804
f 1877//1878 1805//1806 1804//1805
f 1878//1879 1806//1807 1805//1806
f 1879//1880 1807//1808 1806//1807
f 1880//1881 1808//1809 1807//1808
f 1881//1882 1809//1810 1808//1809
f 1882//1883 1810//1811 1809//1810
f 1883//1884 1811//1812 1810//1811
f 1884//1885 1812//1813 1811//1812
f 1812//1813 1885//1886 1813//1814
f 1813//1814 1886//1887 1814//1815
f 1814//1815 1887//1888 1848//1849
f 1773//1774 1848//1849 1888//1889
f 1888//1889 1849//1850 1773//1774
f 1849//1850 1850//1851 1774//1775
f 1778//1779 1815//1816 1889//1890
f 1816//1817 1850//1851 1890//1891
f 1817//1818 1816//1817 1891//1892
f 1891//1892 1818//1819 1817//1818
f 1851//1852 1818//1819 1892//1893
f 1851//1852 1889//1890 1815//1816
f 1893//1894 1819//1820 1820//1821
f 1894//1895 1820//1821 1821//1822
f 1895//1896 1821//1822 1822//1823
f 1896//1897 1822//1823 1827//1828
f 1889//1890 1852//1853 1778//1779
f 1823//1824 1852//1853 1897//1898
f 1897//1898 1853//1854 1823//1824
f 1898//1899 1779//1780 1853//1854
f 1779//1780 1898//1899 1854//1855
f 1855//1856 1780//1781 1854//1855
f 1855//1856 1899//1900 1824//1825
f 1856//1857 1824//1825 1899//1900
f 1785//1786 1856//1857 1900//1901
f 1901//1902 1825//1826 1857//1858
f 1825//1826 1901//1902 1858//1859
f 1860//1861 1786//1787 1858//1859
f 1859//1860 1785//1786 1900//1901
f 1902//1903 1826//1827 1859//1860
f 1826//1827 1902//1903 1857//1858
f 1862//1863 1790//1791 1860//1861
f 1791//1792 1788//1789 1861//1862
f 1861//1862 1789//1790 1862//1863
f 1903//1904 1827//1828 1828//1829
f 1904//1905 1828//1829 1829//1830
f 1905//1906 1829//1830 1830//1831
f 1906//1907 1830//1831 1831//1832
f 1907//1908 1831//1832 1832//1833
f 1908//1909 1832//1833 1833//1834
f 1863//1864 1908//1909 1833//1834
f 1909//1910 1834//1835 1835//1836
f 1834//1835 1909//1910 1863//1864
f 1836//1837 1909//1910 1835//1836
f 1837//1838 1910//1911 1836//1837
f 1838//1839 1911//1912 1837//1838
f 1794//1795 1861//1862 1866//1867
f 1864//1865 1912//1913 1838//1839
f 1839//1840 1865//1866 1913//1914
f 1839//1840 1914//1915 1840//1841
f 1840//1841 1915//1916 1841//1842
f 1841//1842 1916//1917 1842//1843
f 1842//1843 1917//1918 1843//1844
f 1844//1845 1843//1844 1918//1919
f 1845//1846 1844//1845 1919//1920
f 1846//1847 1845//1846 1920//1921
f 1864//1865 1846//1847 1921//1922
f 1847//1848 1866//1867 1922//1923
f 1922//1923 1865//1866 1847//1848
f 1801//1802 1867//1868 1874//1875
f 1795//1796 1868//1869 1867//1868
f 1796//1797 1869//1870 1868//1869
f 1797//1798 1870//1871 1869//1870
f 1798//1799 1871//1872 1870//1871
f 1799//1800 1872//1873 1871//1872
f 1800//1801 1873//1874 1872//1873
f 1819//1820 1893//1894 1873//1874
f 1802//1803 1874//1875 1875//1876
f 1803//1804 1875//1876 1876//1877
f 1804//1805 1876//1877 1877//1878
f 1805//1806 1877//1878 1878//1879
f 1806//1807 1878//1879 1879//1880
f 1807//1808 1879//1880 1880//1881
f 1808//1809 1880//1881 1881//1882
f 1809//1810 1881//1882 1882//1883
f 1810//1811 1882//1883 1883//1884
f 1811//1812 1883//1884 1884//1885
f 1812//1813 1884//1885 1923//1924
f 1885//1886 1812//1813 1923//1924
f 1886//1887 1813//1814 1885//1886
f 1887//1888 1814//1815 1886//1887
f 1848//1849 1887//1888 1924//1925
f 1848//1849 1924//1925 1888//1889
f 1849//1850 1888//1889 1925//1926
f 1850//1851 1849//1850 1926//1927
f 1926//1927 1890//1891 1850//1851
f 1890//1891 1891//1892 1816//1817
f 1818//1819 1891//1892 1927//1928
f 1927//1928 1892//1893 1818//1819
f 1892//1893 1928//1929 1851//1852
f 1889//1890 1851//1852 1928//1929
f 1820//1821 1894//1895 1893//1894
f 1821//1822 1895//1896 1894//1895
f 1822//1823 1896//1897 1895//1896
f 1827//1828 1903//1904 1896//1897
f 1852//1853 1889//1890 1929//1930
f 1929//1930 1897//1898 1852//1853
f 1853//1854 1897//1898 1930//1931
f 1930//1931 1898//1899 1853//1854
f 1898//1899 1855//1856 1854//1855
f 1899//1900 1855//1856 1931//1932
f 1932//1933 1856//1857 1899//1900
f 1856//1857 1932//1933 1900//1901
f 1857//1858 1933//1934 1901//1902
f 1934//1935 1858//1859 1901//1902
f 1858//1859 1934//1935 1860//1861
f 1900//1901 1935//1936 1859//1860
f 1859//1860 1936//1937 1902//1903
f 1933//1934 1857//1858 1902//1903
f 1860//1861 1937//1938 1862//1863
f 1862//1863 1866//1867 1861//1862
f 1828//1829 1904//1905 1903//1904
f 1829//1830 1905//1906 1904//1905
f 1830//1831 1906//1907 1905//1906
f 1831//1832 1907//1908 1906//1907
f 1832//1833 1908//1909 1907//1908
f 1863//1864 1938//1939 1908//1909
f 1939//1940 1863//1864 1909//1910
f 1909//1910 1836//1837 1910//1911
f 1910//1911 1837//1838 1911//1912
f 1911//1912 1838//1839 1912//1913
f 1912//1913 1864//1865 1940//1941
f 1941//1942 1913//1914 1865//1866
f 1914//1915 1839//1840 1913//1914
f 1915//1916 1840//1841 1914//1915
f 1916//1917 1841//1842 1915//1916
f 1917//1918 1842//1843 1916//1917
f 1917//1918 1918//1919 1843//1844
f 1918//1919 1919//1920 1844//1845
f 1919//1920 1920//1921 1845//1846
f 1920//1921 1921//1922 1846//1847
f 1921//1922 1940//1941 1864//1865
f 1937//1938 1922//1923 1866//1867
f 1865//1866 1922//1923 1941//1942
f 1942//1943 1874//1875 1867//1868
f 1943//1944 1867//1868 1868//1869
f 1944//1945 1868//1869 1869//1870
f 1945//1946 1869//1870 1870//1871
f 1946//1947 1870//1871 1871//1872
f 1947//1948 1871//1872 1872//1873
f 1948//1949 1872//1873 1873//1874
f 1949//1950 1873//1874 1893//1894
f 1950//1951 1875//1876 1874//1875
f 1951//1952 1876//1877 1875//1876
f 1952//1953 1877//1878 1876//1877
f 1953//1954 1878//1879 1877//1878
f 1954//1955 1879//1880 1878//1879
f 1955//1956 1880//1881 1879//1880
f 1956//1957 1881//1882 1880//1881
f 1957//1958 1882//1883 1881//1882
f 1882//1883 1958//1959 1883//1884
f 1883//1884 1959//1960 1884//1885
f 1884//1885 1960//1961 1923//1924
f 1923//1924 1961//1962 1885//1886
f 1885//1886 1962//1963 1886//1887
f 1886//1887 1963//1964 1887//1888
f 1887//1888 1964//1965 1924//1925
f 1924//1925 1925//1926 1888//1889
f 1925//1926 1926//1927 1849//1850
f 1890//1891 1926//1927 1965//1966
f 1891//1892 1890//1891 1966//1967
f 1966//1967 1927//1928 1891//1892
f 1892//1893 1927//1928 1967//1968
f 1928//1929 1892//1893 1968//1969
f 1928//1929 1929//1930 1889//1890
f 1969//1970 1893//1894 1894//1895
f 1970//1971 1894//1895 1895//1896
f 1971//1972 1895//1896 1896//1897
f 1972//1973 1896//1897 1903//1904
f 1897//1898 1929//1930 1973//1974
f 1973//1974 1930//1931 1897//1898
f 1898//1899 1930//1931 1974//1975
f 1855//1856 1898//1899 1975//1976
f 1975//1976 1931//1932 1855//1856
f 1976//1977 1899//1900 1931//1932
f 1899//1900 1976//1977 1932//1933
f 1935//1936 1900//1901 1932//1933
f 1977//1978 1901//1902 1933//1934
f 1901//1902 1977//1978 1934//1935
f 1937//1938 1860//1861 1934//1935
f 1936//1937 1859//1860 1935//1936
f 1978//1979 1902//1903 1936//1937
f 1902//1903 1978//1979 1933//1934
f 1866//1867 1862//1863 1937//1938
f 1979//1980 1903//1904 1904//1905
f 1980//1981 1904//1905 1905//1906
f 1981//1982 1905//1906 1906//1907
f 1982//1983 1906//1907 1907//1908
f 1983//1984 1907//1908 1908//1909
f 1863//1864 1939//1940 1938//1939
f 1938//1939 1983//1984 1908//1909
f 1910//1911 1939//1940 1909//1910
f 1911//1912 1984//1985 1910//1911
f 1912//1913 1985//1986 1911//1912
f 1940//1941 1986//1987 1912//1913
f 1913//1914 1941//1942 1987//1988
f 1913//1914 1988//1989 1914//1915
f 1914//1915 1989//1990 1915//1916
f 1915//1916 1990//1991 1916//1917
f 1916//1917 1991//1992 1917//1918
f 1918//1919 1917//1918 1992//1993
f 1919//1920 1918//1919 1993//1994
f 1920//1921 1919//1920 1994//1995
f 1921//1922 1920//1921 1995//1996
f 1940//1941 1921//1922 1996//1997
f 1922//1923 1937//1938 1997//1998
f 1997//1998 1941//1942 1922//1923
f 1874//1875 1942//1943 1950//1951
f 1867//1868 1943//1944 1942//1943
f 1868//1869 1944//1945 1943//1944
f 1869//1870 1945//1946 1944//1945
f 1870//1871 1946//1947 1945//1946
f 1871//1872 1947//1948 1946//1947
f 1872//1873 1948//1949 1947//1948
f 1873//1874 1949//1950 1948//1949
f 1893//1894 1969//1970 1949//1950
f 1875//1876 1950//1951 1951//1952
f 1876//1877 1951//1952 1952//1953
f 1877//1878 1952//1953 1953//1954
f 1878//1879 1953//1954 1954//1955
f 1879//1880 1954//1955 1955//1956
f 1880//1881 1955//1956 1956//1957
f 1881//1882 1956//1957 1957//1958
f 1882//1883 1957//1958 1998//1999
f 1958//1959 1882//1883 1998//1999
f 1959//1960 1883//1884 1958//1959
f 1960//1961 1884//1885 1959//1960
f 1961//1962 1923//1924 1960//1961
f 1962//1963 1885//1886 1961//1962
f 1963//1964 1886//1887 1962//1963
f 1887//1888 1963//1964 1964//1965
f 1964//1965 1999//2000 1924//1925
f 1925//1926 1924//1925 1999//2000
f 1926//1927 1925//1926 2000//2001
f 2000//2001 1965//1966 1926//1927
f 1965//1966 1966//1967 1890//1891
f 1927//1928 1966//1967 2001//2002
f 2001//2002 1967//1968 1927//1928
f 1967//1968 1968//1969 1892//1893
f 1968//1969 2002//2003 1928//1929
f 1929//1930 1928//1929 2002//2003
f 1894//1895 1970//1971 1969//1970
f 1895//1896 1971//1972 1970//1971
f 1896//1897 1972//1973 1971//1972
f 1903//1904 1979//1980 1972//1973
f 2002//2003 1973//1974 1929//1930
f 1930//1931 1973//1974 2003//2004
f 1930//1931 2004//2005 1974//1975
f 2005//2006 1898//1899 1974//1975
f 1898//1899 2005//2006 1975//1976
f 1931//1932 1975//1976 2006//2007
f 2006//2007 1976//1977 1931//1932
f 2007//2008 1932//1933 1976//1977
f 1932//1933 2007//2008 1935//1936
f 1933//1934 2008//2009 1977//1978
f 1997//1998 1934//1935 1977//1978
f 1934//1935 1997//1998 1937//1938
f 1935//1936 2009//2010 1936//1937
f 1936//1937 2010//2011 1978//1979
f 2008//2009 1933//1934 1978//1979
f 1904//1905 1980//1981 1979//1980
f 1905//1906 1981//1982 1980//1981
f 1906//1907 1982//1983 1981//1982
f 1907//1908 1983//1984 1982//1983
f 2011//2012 1938//1939 1939//1940
f 1938//1939 2012//2013 1983//1984
f 1939//1940 1910//1911 1984//1985
f 1984//1985 1911//1912 1985//1986
f 1985//1986 1912//1913 1986//1987
f 1986//1987 1940//1941 2013//2014
f 2014//2015 1987//1988 1941//1942
f 1988//1989 1913//1914 1987//1988
f 1989//1990 1914//1915 1988//1989
f 1990//1991 1915//1916 1989//1990
f 1991//1992 1916//1917 1990//1991
f 1991//1992 1992//1993 1917//1918
f 1992//1993 1993//1994 1918//1919
f 1993//1994 1994//1995 1919//1920
f 1994//1995 1995//1996 1920//1921
f 1995//1996 1996//1997 1921//1922
f 1996//1997 2013//2014 1940//1941
f 1941//1942 1997//1998 2014//2015
f 2015//2016 1950//1951 1942//1943
f 2016//2017 1942//1943 1943//1944
f 2017//2018 1943//1944 1944//1945
f 2018//2019 1944//1945 1945//1946
f 2019//2020 1945//1946 1946//1947
f 2020//2021 1946//1947 1947//1948
f 2021//2022 1947//1948 1948//1949
f 2022//2023 1948//1949 1949//1950
f 2023//2024 1949//1950 1969//1970
f 2024//2025 1951//1952 1950//1951
f 2025//2026 1952//1953 1951//1952
f 2026//2027 1953//1954 1952//1953
f 2027//2028 1954//1955 1953//1954
f 2028//2029 1955//1956 1954//1955
f 2029//2030 1956//1957 1955//1956
f 2030//2031 1957//1958 1956//1957
f 1957//1958 2031//2032 1998//1999
f 1998//1999 2032//2033 1958//1959
f 1958//1959 2033//2034 1959//1960
f 1959//1960 2034//2035 1960//1961
f 1960//1961 2035//2036 1961//1962
f 1961//1962 2036//2037 1962//1963
f 1962//1963 2037//2038 1963//1964
f 1963//1964 2038//2039 1964//1965
f 1999//2000 1964//1965 2039//2040
f 1999//2000 2000//2001 1925//1926
f 1965//1966 2000//2001 2040//2041
f 1966//1967 1965//1966 2041//2042
f 2041//2042 2001//2002 1966//1967
f 1967//1968 2001//2002 2042//2043
f 1968//1969 1967//1968 2043//2044
f 2002//2003 1968//1969 2044//2045
f 2045//2046 1969//1970 1970//1971
f 2046//2047 1970//1971 1971//1972
f 2047//2048 1971//1972 1972//1973
f 2048//2049 1972//1973 1979//1980
f 1973//1974 2002//2003 2049//2050
f 1973//1974 2050//2051 2003//2004
f 2004//2005 1930//1931 2003//2004
f 2004//2005 2005//2006 1974//1975
f 2005//2006 2006//2007 1975//1976
f 1976//1977 2006//2007 2051//2052
f 1976//1977 2052//2053 2007//2008
f 2009//2010 1935//1936 2007//2008
f 2014//2015 1977//1978 2008//2009
f 1977//1978 2014//2015 1997//1998
f 2010//2011 1936//1937 2009//2010
f 2053//2054 1978//1979 2010//2011
f 1978//1979 2053//2054 2008//2009
f 2054//2055 1979//1980 1980//1981
f 2055//2056 1980//1981 1981//1982
f 2056//2057 1981//1982 1982//1983
f 2057//2058 1982//1983 1983//1984
f 1938//1939 2011//2012 2012//2013
f 1984//1985 2011//2012 1939//1940
f 2012//2013 2057//2058 1983//1984
f 1985//1986 2058//2059 1984//1985
f 1986//1987 2059//2060 1985//1986
f 2013//2014 2060//2061 1986//1987
f 1987//1988 2014//2015 2061//2062
f 1987//1988 2062//2063 1988//1989
f 1988//1989 2063//2064 1989//1990
f 1989//1990 2064//2065 1990//1991
f 1990//1991 2065//2066 1991//1992
f 1992//1993 1991//1992 2066//2067
f 1993//1994 1992//1993 2067//2068
f 1994//1995 1993//1994 2068//2069
f 1995//1996 1994//1995 2069//2070
f 1996//1997 1995//1996 2070//2071
f 2013//2014 1996//1997 2071//2072
f 1950//1951 2015//2016 2024//2025
f 1942//1943 2016//2017 2015//2016
f 1943//1944 2017//2018 2016//2017
f 1944//1945 2018//2019 2017//2018
f 1945//1946 2019//2020 2018//2019
f 1946//1947 2020//2021 2019//2020
f 1947//1948 2021//2022 2020//2021
f 1948//1949 2022//2023 2021//2022
f 1949//1950 2023//2024 2022//2023
f 1969//1970 2045//2046 2023//2024
f 1951//1952 2024//2025 2025//2026
f 1952//1953 2025//2026 2026//2027
f 1953//1954 2026//2027 2027//2028
f 1954//1955 2027//2028 2028//2029
f 1955//1956 2028//2029 2029//2030
f 1956//1957 2029//2030 2030//2031
f 1957//1958 2030//2031 2072//2073
f 2031//2032 1957//1958 2072//2073
f 2032//2033 1998//1999 2031//2032
f 2033//2034 1958//1959 2032//2033
f 2034//2035 1959//1960 2033//2034
f 2035//2036 1960//1961 2034//2035
f 2036//2037 1961//1962 2035//2036
f 2037//2038 1962//1963 2036//2037
f 1963//1964 2037//2038 2038//2039
f 2038//2039 2039//2040 1964//1965
f 2039//2040 2073//2074 1999//2000
f 2000//2001 1999//2000 2073//2074
f 2073//2074 2040//2041 2000//2001
f 2040//2041 2041//2042 1965//1966
f 2001//2002 2041//2042 2074//2075
f 2074//2075 2042//2043 2001//2002
f 2042//2043 2043//2044 1967//1968
f 2043//2044 2044//2045 1968//1969
f 2075//2076 2002//2003 2044//2045
f 1970//1971 2046//2047 2045//2046
f 1971//1972 2047//2048 2046//2047
f 1972//1973 2048//2049 2047//2048
f 1979//1980 2054//2055 2048//2049
f 2002//2003 2075//2076 2049//2050
f 2050//2051 1973//1974 2049//2050
f 2050//2051 2004//2005 2003//2004
f 2005//2006 2004//2005 2076//2077
f 2006//2007 2005//2006 2077//2078
f 2077//2078 2051//2052 2006//2007
f 2052//2053 1976//1977 2051//2052
f 2052//2053 2009//2010 2007//2008
f 2008//2009 2061//2062 2014//2015
f 2078//2079 2010//2011 2009//2010
f 2079//2080 2053//2054 2010//2011
f 2061//2062 2008//2009 2053//2054
f 1980//1981 2055//2056 2054//2055
f 1981//1982 2056//2057 2055//2056
f 1982//1983 2057//2058 2056//2057
f 2080//2081 2012//2013 2011//2012
f 2011//2012 1984//1985 2058//2059
f 2012//2013 2081//2082 2057//2058
f 2058//2059 1985//1986 2059//2060
f 2059//2060 1986//1987 2060//2061
f 2060//2061 2013//2014 2082//2083
f 2062//2063 1987//1988 2061//2062
f 2063//2064 1988//1989 2062//2063
f 2064//2065 1989//1990 2063//2064
f 2065//2066 1990//1991 2064//2065
f 2065//2066 2066//2067 1991//1992
f 2066//2067 2067//2068 1992//1993
f 2067//2068 2068//2069 1993//1994
f 2068//2069 2069//2070 1994//1995
f 2069//2070 2070//2071 1995//1996
f 2070//2071 2071//2072 1996//1997
f 2071//2072 2082//2083 2013//2014
f 2083//2084 2024//2025 2015//2016
f 2084//2085 2015//2016 2016//2017
f 2085//2086 2016//2017 2017//2018
f 2086//2087 2017//2018 2018//2019
f 2087//2088 2018//2019 2019//2020
f 2088//2089 2019//2020 2020//2021
f 2089//2090 2020//2021 2021//2022
f 2090//2091 2021//2022 2022//2023
f 2091//2092 2022//2023 2023//2024
f 2092//2093 2023//2024 2045//2046
f 2093//2094 2025//2026 2024//2025
f 2094//2095 2026//2027 2025//2026
f 2095//2096 2027//2028 2026//2027
f 2096//2097 2028//2029 2027//2028
f 2097//2098 2029//2030 2028//2029
f 2098//2099 2030//2031 2029//2030
f 2030//2031 2099//2100 2072//2073
f 2072//2073 2100//2101 2031//2032
f 2031//2032 2101//2102 2032//2033
f 2032//2033 2102//2103 2033//2034
f 2033//2034 2103//2104 2034//2035
f 2034//2035 2104//2105 2035//2036
f 2035//2036 2105//2106 2036//2037
f 2105//2106 2037//2038 2036//2037
f 2037//2038 2106//2107 2038//2039
f 2039//2040 2038//2039 2107//2108
f 2073//2074 2039//2040 2108//2109
f 2040//2041 2073//2074 2109//2110
f 2041//2042 2040//2041 2110//2111
f 2110//2111 2074//2075 2041//2042
f 2042//2043 2074//2075 2111//2112
f 2043//2044 2042//2043 2112//2113
f 2044//2045 2043//2044 2113//2114
f 2113//2114 2075//2076 2044//2045
f 2114//2115 2045//2046 2046//2047
f 2115//2116 2046//2047 2047//2048
f 2116//2117 2047//2048 2048//2049
f 2117//2118 2048//2049 2054//2055
f 2075//2076 2050//2051 2049//2050
f 2004//2005 2050//2051 2118//2119
f 2118//2119 2076//2077 2004//2005
f 2076//2077 2077//2078 2005//2006
f 2051//2052 2077//2078 2119//2120
f 2119//2120 2052//2053 2051//2052
f 2009//2010 2052//2053 2078//2079
f 2010//2011 2078//2079 2079//2080
f 2053//2054 2079//2080 2120//2121
f 2120//2121 2061//2062 2053//2054
f 2121//2122 2054//2055 2055//2056
f 2122//2123 2055//2056 2056//2057
f 2123//2124 2056//2057 2057//2058
f 2012//2013 2080//2081 2081//2082
f 2058//2059 2080//2081 2011//2012
f 2123//2124 2057//2058 2081//2082
f 2059//2060 2124//2125 2058//2059
f 2060//2061 2125//2126 2059//2060
f 2082//2083 2126//2127 2060//2061
f 2061//2062 2120//2121 2062//2063
f 2062//2063 2127//2128 2063//2064
f 2063//2064 2128//2129 2064//2065
f 2064//2065 2129//2130 2065//2066
f 2066//2067 2065//2066 2130//2131
f 2067//2068 2066//2067 2131//2132
f 2068//2069 2067//2068 2132//2133
f 2069//2070 2068//2069 2133//2134
f 2070//2071 2069//2070 2134//2135
f 2071//2072 2070//2071 2135//2136
f 2082//2083 2071//2072 2136//2137
f 2024//2025 2083//2084 2093//2094
f 2015//2016 2084//2085 2083//2084
f 2016//2017 2085//2086 2084//2085
f 2017//2018 2086//2087 2085//2086
f 2018//2019 2087//2088 2086//2087
f 2019//2020 2088//2089 2087//2088
f 2020//2021 2089//2090 2088//2089
f 2021//2022 2090//2091 2089//2090
f 2022//2023 2091//2092 2090//2091
f 2023//2024 2092//2093 2091//2092
f 2045//2046 2114//2115 2092//2093
f 2025//2026 2093//2094 2094//2095
f 2026//2027 2094//2095 2095//2096
f 2027//2028 2095//2096 2096//2097
f 2028//2029 2096//2097 2097//2098
f 2029//2030 2097//2098 2098//2099
f 2030//2031 2098//2099 2137//2138
f 2099//2100 2030//2031 2137//2138
f 2100//2101 2072//2073 2099//2100
f 2101//2102 2031//2032 2100//2101
f 2102//2103 2032//2033 2101//2102
f 2103//2104 2033//2034 2102//2103
f 2104//2105 2034//2035 2103//2104
f 2105//2106 2035//2036 2104//2105
f 2037//2038 2105//2106 2138//2139
f 2037//2038 2138//2139 2106//2107
f 2106//2107 2107//2108 2038//2039
f 2107//2108 2108//2109 2039//2040
f 2108//2109 2109//2110 2073//2074
f 2109//2110 2110//2111 2040//2041
f 2074//2075 2110//2111 2139//2140
f 2139//2140 2111//2112 2074//2075
f 2111//2112 2112//2113 2042//2043
f 2112//2113 2113//2114 2043//2044
f 2075//2076 2113//2114 2140//2141
f 2046//2047 2115//2116 2114//2115
f 2047//2048 2116//2117 2115//2116
f 2048//2049 2117//2118 2116//2117
f 2054//2055 2121//2122 2117//2118
f 2050//2051 2075//2076 2141//2142
f 2141//2142 2118//2119 2050//2051
f 2076//2077 2118//2119 2142//2143
f 2077//2078 2076//2077 2143//2144
f 2143//2144 2119//2120 2077//2078
f 2052//2053 2119//2120 2144//2145
f 2144//2145 2078//2079 2052//2053
f 2145//2146 2079//2080 2078//2079
f 2146//2147 2120//2121 2079//2080
f 2055//2056 2122//2123 2121//2122
f 2056//2057 2123//2124 2122//2123
f 2147//2148 2081//2082 2080//2081
f 2080//2081 2058//2059 2124//2125
f 2123//2124 2081//2082 2148//2149
f 2124//2125 2059//2060 2125//2126
f 2125//2126 2060//2061 2126//2127
f 2126//2127 2082//2083 2149//2150
f 2127//2128 2062//2063 2120//2121
f 2128//2129 2063//2064 2127//2128
f 2129//2130 2064//2065 2128//2129
f 2129//2130 2130//2131 2065//2066
f 2130//2131 2131//2132 2066//2067
f 2131//2132 2132//2133 2067//2068
f 2132//2133 2133//2134 2068//2069
f 2133//2134 2134//2135 2069//2070
f 2134//2135 2135//2136 2070//2071
f 2135//2136 2136//2137 2071//2072
f 2136//2137 2149//2150 2082//2083
f 2150//2151 2093//2094 2083//2084
f 2151//2152 2083//2084 2084//2085
f 2152//2153 2084//2085 2085//2086
f 2153//2154 2085//2086 2086//2087
f 2154//2155 2086//2087 2087//2088
f 2155//2156 2087//2088 2088//2089
f 2156//2157 2088//2089 2089//2090
f 2157//2158 2089//2090 2090//2091
f 2158//2159 2090//2091 2091//2092
f 2159//2160 2091//2092 2092//2093
f 2160//2161 2092//2093 2114//2115
f 2161//2162 2094//2095 2093//2094
f 2162//2163 2095//2096 2094//2095
f 2163//2164 2096//2097 2095//2096
f 2164//2165 2097//2098 2096//2097
f 2165//2166 2098//2099 2097//2098
f 2098//2099 2166//2167 2137//2138
f 2137//2138 2167//2168 2099//2100
f 2099//2100 2168//2169 2100//2101
f 2100//2101 2169//2170 2101//2102
f 2101//2102 2170//2171 2102//2103
f 2102//2103 2171//2172 2103//2104
f 2171//2172 2104//2105 2103//2104
f 2172//2173 2105//2106 2104//2105
f 2173//2174 2138//2139 2105//2106
f 2138//2139 2174//2175 2106//2107
f 2107//2108 2106//2107 2175//2176
f 2108//2109 2107//2108 2176//2177
f 2109//2110 2108//2109 2177//2178
f 2110//2111 2109//2110 2178//2179
f 2178//2179 2139//2140 2110//2111
f 2111//2112 2139//2140 2179//2180
f 2112//2113 2111//2112 2180//2181
f 2113//2114 2112//2113 2181//2182
f 2181//2182 2140//2141 2113//2114
f 2140//2141 2141//2142 2075//2076
f 2182//2183 2114//2115 2115//2116
f 2183//2184 2115//2116 2116//2117
f 2184//2185 2116//2117 2117//2118
f 2185//2186 2117//2118 2121//2122
f 2118//2119 2141//2142 2186//2187
f 2186//2187 2142//2143 2118//2119
f 2187//2188 2076//2077 2142//2143
f 2076//2077 2187//2188 2143//2144
f 2119//2120 2143//2144 2188//2189
f 2188//2189 2144//2145 2119//2120
f 2078//2079 2144//2145 2145//2146
f 2079//2080 2145//2146 2146//2147
f 2120//2121 2146//2147 2127//2128
f 2189//2190 2121//2122 2122//2123
f 2190//2191 2122//2123 2123//2124
f 2081//2082 2147//2148 2148//2149
f 2080//2081 2191//2192 2147//2148
f 2191//2192 2080//2081 2124//2125
f 2190//2191 2123//2124 2148//2149
f 2125//2126 2191//2192 2124//2125
f 2126//2127 2192//2193 2125//2126
f 2149//2150 2193//2194 2126//2127
f 2127//2128 2194//2195 2128//2129
f 2128//2129 2195//2196 2129//2130
f 2130//2131 2129//2130 2196//2197
f 2131//2132 2130//2131 2197//2198
f 2132//2133 2131//2132 2198//2199
f 2133//2134 2132//2133 2199//2200
f 2134//2135 2133//2134 2200//2201
f 2135//2136 2134//2135 2201//2202
f 2136//2137 2135//2136 2202//2203
f 2149//2150 2136//2137 2203//2204
f 2093//2094 2150//2151 2161//2162
f 2083//2084 2151//2152 2150//2151
f 2084//2085 2152//2153 2151//2152
f 2085//2086 2153//2154 2152//2153
f 2086//2087 2154//2155 2153//2154
f 2087//2088 2155//2156 2154//2155
f 2088//2089 2156//2157 2155//2156
f 2089//2090 2157//2158 2156//2157
f 2090//2091 2158//2159 2157//2158
f 2091//2092 2159//2160 2158//2159
f 2092//2093 2160//2161 2159//2160
f 2114//2115 2182//2183 2160//2161
f 2094//2095 2161//2162 2162//2163
f 2095//2096 2162//2163 2163//2164
f 2096//2097 2163//2164 2164//2165
f 2097//2098 2164//2165 2165//2166
f 2098//2099 2165//2166 2204//2205
f 2166//2167 2098//2099 2204//2205
f 2167//2168 2137//2138 2166//2167
f 2168//2169 2099//2100 2167//2168
f 2169//2170 2100//2101 2168//2169
f 2170//2171 2101//2102 2169//2170
f 2171//2172 2102//2103 2170//2171
f 2104//2105 2171//2172 2172//2173
f 2105//2106 2172//2173 2173//2174
f 2138//2139 2173//2174 2205//2206
f 2138//2139 2205//2206 2174//2175
f 2174//2175 2175//2176 2106//2107
f 2175//2176 2176//2177 2107//2108
f 2176//2177 2177//2178 2108//2109
f 2177//2178 2178//2179 2109//2110
f 2139//2140 2178//2179 2206//2207
f 2206//2207 2179//2180 2139//2140
f 2179//2180 2180//2181 2111//2112
f 2180//2181 2181//2182 2112//2113
f 2140//2141 2181//2182 2207//2208
f 2141//2142 2140//2141 2208//2209
f 2115//2116 2183//2184 2182//2183
f 2116//2117 2184//2185 2183//2184
f 2117//2118 2185//2186 2184//2185
f 2121//2122 2189//2190 2185//2186
f 2208//2209 2186//2187 2141//2142
f 2142//2143 2186//2187 2209//2210
f 2209//2210 2187//2188 2142//2143
f 2187//2188 2188//2189 2143//2144
f 2144//2145 2188//2189 2210//2211
f 2210//2211 2145//2146 2144//2145
f 2211//2212 2146//2147 2145//2146
f 2194//2195 2127//2128 2146//2147
f 2122//2123 2190//2191 2189//2190
f 2212//2213 2148//2149 2147//2148
f 2213//2214 2147//2148 2191//2192
f 2190//2191 2148//2149 2214//2215
f 2191//2192 2125//2126 2192//2193
f 2192//2193 2126//2127 2193//2194
f 2193//2194 2149//2150 2215//2216
f 2195//2196 2128//2129 2194//2195
f 2195//2196 2196//2197 2129//2130
f 2196//2197 2197//2198 2130//2131
f 2197//2198 2198//2199 2131//2132
f 2216//2217 2132//2133 2198//2199
f 2132//2133 2216//2217 2199//2200
f 2199//2200 2200//2201 2133//2134
f 2200//2201 2201//2202 2134//2135
f 2201//2202 2202//2203 2135//2136
f 2202//2203 2203//2204 2136//2137
f 2203//2204 2215//2216 2149//2150
f 2217//2218 2161//2162 2150//2151
f 2218//2219 2150//2151 2151//2152
f 2219//2220 2151//2152 2152//2153
f 2153//2154 2219//2220 2152//2153
f 2154//2155 2220//2221 2153//2154
f 2155//2156 2221//2222 2154//2155
f 2156//2157 2222//2223 2155//2156
f 2157//2158 2223//2224 2156//2157
f 2224//2225 2157//2158 2158//2159
f 2225//2226 2158//2159 2159//2160
f 2226//2227 2159//2160 2160//2161
f 2227//2228 2160//2161 2182//2183
f 2228//2229 2162//2163 2161//2162
f 2229//2230 2163//2164 2162//2163
f 2230//2231 2164//2165 2163//2164
f 2231//2232 2165//2166 2164//2165
f 2165//2166 2232//2233 2204//2205
f 2204//2205 2233//2234 2166//2167
f 2166//2167 2234//2235 2167//2168
f 2167//2168 2235//2236 2168//2169
f 2168//2169 2236//2237 2169//2170
f 2169//2170 2237//2238 2170//2171
f 2170//2171 2238//2239 2171//2172
f 2238//2239 2172//2173 2171//2172
f 2239//2240 2173//2174 2172//2173
f 2240//2241 2205//2206 2173//2174
f 2205//2206 2241//2242 2174//2175
f 2175//2176 2174//2175 2242//2243
f 2176//2177 2175//2176 2243//2244
f 2177//2178 2176//2177 2244//2245
f 2178//2179 2177//2178 2245//2246
f 2245//2246 2206//2207 2178//2179
f 2179//2180 2206//2207 2246//2247
f 2180//2181 2179//2180 2247//2248
f 2181//2182 2180//2181 2248//2249
f 2248//2249 2207//2208 2181//2182
f 2207//2208 2208//2209 2140//2141
f 2249//2250 2182//2183 2183//2184
f 2250//2251 2183//2184 2184//2185
f 2251//2252 2184//2185 2185//2186
f 2252//2253 2185//2186 2189//2190
f 2186//2187 2208//2209 2253//2254
f 2253//2254 2209//2210 2186//2187
f 2187//2188 2209//2210 2254//2255
f 2188//2189 2187//2188 2255//2256
f 2188//2189 2256//2257 2210//2211
f 2145//2146 2210//2211 2211//2212
f 2146//2147 2211//2212 2194//2195
f 2257//2258 2189//2190 2190//2191
f 2148//2149 2212//2213 2214//2215
f 2147//2148 2213//2214 2212//2213
f 2191//2192 2258//2259 2213//2214
f 2257//2258 2190//2191 2214//2215
f 2258//2259 2191//2192 2192//2193
f 2259//2260 2192//2193 2193//2194
f 2260//2261 2193//2194 2215//2216
f 2194//2195 2261//2262 2195//2196
f 2196//2197 2195//2196 2262//2263
f 2197//2198 2196//2197 2263//2264
f 2198//2199 2197//2198 2264//2265
f 2198//2199 2265//2266 2216//2217
f 2266//2267 2199//2200 2216//2217
f 2200//2201 2199//2200 2267//2268
f 2201//2202 2200//2201 2268//2269
f 2202//2203 2201//2202 2269//2270
f 2203//2204 2202//2203 2270//2271
f 2215//2216 2203//2204 2271//2272
f 2161//2162 2217//2218 2228//2229
f 2150//2151 2218//2219 2217//2218
f 2151//2152 2219//2220 2218//2219
f 2219//2220 2153//2154 2220//2221
f 2220//2221 2154//2155 2221//2222
f 2221//2222 2155//2156 2222//2223
f 2222//2223 2156//2157 2223//2224
f 2223//2224 2157//2158 2272//2273
f 2157//2158 2224//2225 2272//2273
f 2158//2159 2225//2226 2224//2225
f 2159//2160 2226//2227 2225//2226
f 2160//2161 2227//2228 2226//2227
f 2182//2183 2249//2250 2227//2228
f 2162//2163 2228//2229 2229//2230
f 2163//2164 2229//2230 2230//2231
f 2164//2165 2230//2231 2231//2232
f 2165//2166 2231//2232 2273//2274
f 2232//2233 2165//2166 2273//2274
f 2233//2234 2204//2205 2232//2233
f 2234//2235 2166//2167 2233//2234
f 2235//2236 2167//2168 2234//2235
f 2236//2237 2168//2169 2235//2236
f 2237//2238 2169//2170 2236//2237
f 2238//2239 2170//2171 2237//2238
f 2172//2173 2238//2239 2239//2240
f 2173//2174 2239//2240 2240//2241
f 2205//2206 2240//2241 2274//2275
f 2205//2206 2274//2275 2241//2242
f 2241//2242 2242//2243 2174//2175
f 2242//2243 2243//2244 2175//2176
f 2243//2244 2244//2245 2176//2177
f 2244//2245 2245//2246 2177//2178
f 2206//2207 2245//2246 2275//2276
f 2275//2276 2246//2247 2206//2207
f 2246//2247 2247//2248 2179//2180
f 2247//2248 2248//2249 2180//2181
f 2207//2208 2248//2249 2276//2277
f 2208//2209 2207//2208 2277//2278
f 2183//2184 2250//2251 2249//2250
f 2184//2185 2251//2252 2250//2251
f 2185//2186 2252//2253 2251//2252
f 2189//2190 2257//2258 2252//2253
f 2277//2278 2253//2254 2208//2209
f 2209//2210 2253//2254 2278//2279
f 2278//2279 2254//2255 2209//2210
f 2254//2255 2255//2256 2187//2188
f 2256//2257 2188//2189 2255//2256
f 2256//2257 2211//2212 2210//2211
f 2261//2262 2194//2195 2211//2212
f 2279//2280 2214//2215 2212//2213
f 2280//2281 2212//2213 2213//2214
f 2281//2282 2213//2214 2258//2259
f 2257//2258 2214//2215 2282//2283
f 2192//2193 2259//2260 2258//2259
f 2193//2194 2260//2261 2259//2260
f 2215//2216 2283//2284 2260//2261
f 2261//2262 2262//2263 2195//2196
f 2262//2263 2263//2264 2196//2197
f 2263//2264 2264//2265 2197//2198
f 2265//2266 2198//2199 2264//2265
f 2284//2285 2216//2217 2265//2266
f 2199//2200 2266//2267 2267//2268
f 2216//2217 2284//2285 2266//2267
f 2285//2286 2200//2201 2267//2268
f 2200//2201 2285//2286 2268//2269
f 2268//2269 2269//2270 2201//2202
f 2269//2270 2270//2271 2202//2203
f 2270//2271 2271//2272 2203//2204
f 2283//2284 2215//2216 2271//2272
f 2217//2218 2286//2287 2228//2229
f 2218//2219 2287//2288 2217//2218
f 2219//2220 2288//2289 2218//2219
f 2220//2221 2289//2290 2219//2220
f 2221//2222 2290//2291 2220//2221
f 2222//2223 2291//2292 2221//2222
f 2223//2224 2292//2293 2222//2223
f 2293//2294 2223//2224 2272//2273
f 2294//2295 2272//2273 2224//2225
f 2295//2296 2224//2225 2225//2226
f 2296//2297 2225//2226 2226//2227
f 2297//2298 2226//2227 2227//2228
f 2298//2299 2227//2228 2249//2250
f 2228//2229 2299//2300 2229//2230
f 2229//2230 2300//2301 2230//2231
f 2230//2231 2301//2302 2231//2232
f 2231//2232 2302//2303 2273//2274
f 2273//2274 2303//2304 2232//2233
f 2232//2233 2304//2305 2233//2234
f 2233//2234 2305//2306 2234//2235
f 2234//2235 2306//2307 2235//2236
f 2235//2236 2307//2308 2236//2237
f 2236//2237 2308//2309 2237//2238
f 2237//2238 2309//2310 2238//2239
f 2309//2310 2239//2240 2238//2239
f 2310//2311 2240//2241 2239//2240
f 2311//2312 2274//2275 2240//2241
f 2274//2275 2312//2313 2241//2242
f 2242//2243 2241//2242 2313//2314
f 2243//2244 2242//2243 2314//2315
f 2244//2245 2243//2244 2315//2316
f 2245//2246 2244//2245 2316//2317
f 2316//2317 2275//2276 2245//2246
f 2246//2247 2275//2276 2317//2318
f 2247//2248 2246//2247 2318//2319
f 2248//2249 2247//2248 2319//2320
f 2319//2320 2276//2277 2248//2249
f 2276//2277 2277//2278 2207//2208
f 2320//2321 2249//2250 2250//2251
f 2321//2322 2250//2251 2251//2252
f 2322//2323 2251//2252 2252//2253
f 2323//2324 2252//2253 2257//2258
f 2253//2254 2277//2278 2324//2325
f 2324//2325 2278//2279 2253//2254
f 2254//2255 2278//2279 2325//2326
f 2255//2256 2254//2255 2326//2327
f 2255//2256 2327//2328 2256//2257
f 2211//2212 2256//2257 2261//2262
f 2214//2215 2279//2280 2282//2283
f 2212//2213 2280//2281 2279//2280
f 2213//2214 2281//2282 2280//2281
f 2258//2259 2328//2329 2281//2282
f 2323//2324 2257//2258 2282//2283
f 2328//2329 2258//2259 2259//2260
f 2329//2330 2259//2260 2260//2261
f 2330//2331 2260//2261 2283//2284
f 2262//2263 2261//2262 2331//2332
f 2263//2264 2262//2263 2332//2333
f 2264//2265 2263//2264 2333//2334
f 2264//2265 2334//2335 2265//2266
f 2265//2266 2335//2336 2284//2285
f 2336//2337 2267//2268 2266//2267
f 2337//2338 2266//2267 2284//2285
f 2267//2268 2336//2337 2285//2286
f 2338//2339 2268//2269 2285//2286
f 2269//2270 2268//2269 2339//2340
f 2270//2271 2269//2270 2340//2341
f 2271//2272 2270//2271 2341//2342
f 2341//2342 2283//2284 2271//2272
f 2286//2287 2217//2218 2287//2288
f 2299//2300 2228//2229 2286//2287
f 2287//2288 2218//2219 2288//2289
f 2288//2289 2219//2220 2289//2290
f 2289//2290 2220//2221 2290//2291
f 2290//2291 2221//2222 2291//2292
f 2291//2292 2222//2223 2292//2293
f 2292//2293 2223//2224 2342//2343
f 2223//2224 2293//2294 2342//2343
f 2272//2273 2294//2295 2293//2294
f 2224//2225 2295//2296 2294//2295
f 2225//2226 2296//2297 2295//2296
f 2226//2227 2297//2298 2296//2297
f 2227//2228 2298//2299 2297//2298
f 2249//2250 2320//2321 2298//2299
f 2300//2301 2229//2230 2299//2300
f 2301//2302 2230//2231 2300//2301
f 2302//2303 2231//2232 2301//2302
f 2303//2304 2273//2274 2302//2303
f 2304//2305 2232//2233 2303//2304
f 2305//2306 2233//2234 2304//2305
f 2306//2307 2234//2235 2305//2306
f 2307//2308 2235//2236 2306//2307
f 2308//2309 2236//2237 2307//2308
f 2309//2310 2237//2238 2308//2309
f 2239//2240 2309//2310 2310//2311
f 2240//2241 2310//2311 2311//2312
f 2274//2275 2311//2312 2343//2344
f 2274//2275 2343//2344 2312//2313
f 2312//2313 2313//2314 2241//2242
f 2313//2314 2314//2315 2242//2243
f 2314//2315 2315//2316 2243//2244
f 2315//2316 2316//2317 2244//2245
f 2275//2276 2316//2317 2344//2345
f 2344//2345 2317//2318 2275//2276
f 2317//2318 2318//2319 2246//2247
f 2318//2319 2319//2320 2247//2248
f 2276//2277 2319//2320 2345//2346
f 2277//2278 2276//2277 2346//2347
f 2250//2251 2321//2322 2320//2321
f 2251//2252 2322//2323 2321//2322
f 2252//2253 2323//2324 2322//2323
f 2346//2347 2324//2325 2277//2278
f 2278//2279 2324//2325 2347//2348
f 2347//2348 2325//2326 2278//2279
f 2325//2326 2326//2327 2254//2255
f 2327//2328 2255//2256 2326//2327
f 2331//2332 2256//2257 2327//2328
f 2256//2257 2331//2332 2261//2262
f 2348//2349 2282//2283 2279//2280
f 2349//2350 2279//2280 2280//2281
f 2350//2351 2280//2281 2281//2282
f 2351//2352 2281//2282 2328//2329
f 2323//2324 2282//2283 2352//2353
f 2259//2260 2329//2330 2328//2329
f 2260//2261 2330//2331 2329//2330
f 2283//2284 2353//2354 2330//2331
f 2331//2332 2332//2333 2262//2263
f 2332//2333 2333//2334 2263//2264
f 2334//2335 2264//2265 2333//2334
f 2335//2336 2265//2266 2334//2335
f 2354//2355 2284//2285 2335//2336
f 2266//2267 2337//2338 2336//2337
f 2284//2285 2354//2355 2337//2338
f 2355//2356 2285//2286 2336//2337
f 2268//2269 2338//2339 2339//2340
f 2285//2286 2355//2356 2338//2339
f 2339//2340 2340//2341 2269//2270
f 2340//2341 2341//2342 2270//2271
f 2283//2284 2341//2342 2356//2357
f 2287//2288 2357//2358 2286//2287
f 2286//2287 2358//2359 2299//2300
f 2288//2289 2359//2360 2287//2288
f 2289//2290 2360//2361 2288//2289
f 2290//2291 2361//2362 2289//2290
f 2291//2292 2362//2363 2290//2291
f 2292//2293 2363//2364 2291//2292
f 2342//2343 2364//2365 2292//2293
f 2365//2366 2342//2343 2293//2294
f 2366//2367 2293//2294 2294//2295
f 2367//2368 2294//2295 2295//2296
f 2368//2369 2295//2296 2296//2297
f 2369//2370 2296//2297 2297//2298
f 2370//2371 2297//2298 2298//2299
f 2371//2372 2298//2299 2320//2321
f 2299//2300 2372//2373 2300//2301
f 2300//2301 2373//2374 2301//2302
f 2301//2302 2374//2375 2302//2303
f 2302//2303 2375//2376 2303//2304
f 2303//2304 2376//2377 2304//2305
f 2304//2305 2377//2378 2305//2306
f 2305//2306 2378//2379 2306//2307
f 2306//2307 2379//2380 2307//2308
f 2307//2308 2380//2381 2308//2309
f 2308//2309 2381//2382 2309//2310
f 2381//2382 2310//2311 2309//2310
f 2382//2383 2311//2312 2310//2311
f 2383//2384 2343//2344 2311//2312
f 2343//2344 2384//2385 2312//2313
f 2313//2314 2312//2313 2385//2386
f 2314//2315 2313//2314 2386//2387
f 2315//2316 2314//2315 2387//2388
f 2316//2317 2315//2316 2388//2389
f 2388//2389 2344//2345 2316//2317
f 2317//2318 2344//2345 2389//2390
f 2318//2319 2317//2318 2390//2391
f 2319//2320 2318//2319 2391//2392
f 2391//2392 2345//2346 2319//2320
f 2345//2346 2346//2347 2276//2277
f 2392//2393 2320//2321 2321//2322
f 2393//2394 2321//2322 2322//2323
f 2394//2395 2322//2323 2323//2324
f 2324//2325 2346//2347 2395//2396
f 2395//2396 2347//2348 2324//2325
f 2325//2326 2347//2348 2396//2397
f 2326//2327 2325//2326 2397//2398
f 2326//2327 2398//2399 2327//2328
f 2327//2328 2399//2400 2331//2332
f 2282//2283 2348//2349 2352//2353
f 2279//2280 2349//2350 2348//2349
f 2280//2281 2350//2351 2349//2350
f 2281//2282 2351//2352 2350//2351
f 2328//2329 2400//2401 2351//2352
f 2394//2395 2323//2324 2352//2353
f 2400//2401 2328//2329 2329//2330
f 2401//2402 2329//2330 2330//2331
f 2353//2354 2283//2284 2356//2357
f 2402//2403 2330//2331 2353//2354
f 2332//2333 2331//2332 2399//2400
f 2333//2334 2332//2333 2403//2404
f 2333//2334 2404//2405 2334//2335
f 2334//2335 2405//2406 2335//2336
f 2335//2336 2406//2407 2354//2355
f 2407//2408 2336//2337 2337//2338
f 2408//2409 2337//2338 2354//2355
f 2336//2337 2407//2408 2355//2356
f 2409//2410 2339//2340 2338//2339
f 2410//2411 2338//2339 2355//2356
f 2340//2341 2339//2340 2411//2412
f 2341//2342 2340//2341 2412//2413
f 2412//2413 2356//2357 2341//2342
f 2357//2358 2287//2288 2359//2360
f 2358//2359 2286//2287 2357//2358
f 2372//2373 2299//2300 2358//2359
f 2359//2360 2288//2289 2360//2361
f 2360//2361 2289//2290 2361//2362
f 2361//2362 2290//2291 2362//2363
f 2362//2363 2291//2292 2363//2364
f 2363//2364 2292//2293 2364//2365
f 2364//2365 2342//2343 2413//2414
f 2342//2343 2365//2366 2413//2414
f 2293//2294 2366//2367 2365//2366
f 2294//2295 2367//2368 2366//2367
f 2295//2296 2368//2369 2367//2368
f 2296//2297 2369//2370 2368//2369
f 2297//2298 2370//2371 2369//2370
f 2298//2299 2371//2372 2370//2371
f 2320//2321 2392//2393 2371//2372
f 2373//2374 2300//2301 2372//2373
f 2374//2375 2301//2302 2373//2374
f 2375//2376 2302//2303 2374//2375
f 2376//2377 2303//2304 2375//2376
f 2377//2378 2304//2305 2376//2377
f 2378//2379 2305//2306 2377//2378
f 2379//2380 2306//2307 2378//2379
f 2380//2381 2307//2308 2379//2380
f 2381//2382 2308//2309 2380//2381
f 2310//2311 2381//2382 2382//2383
f 2311//2312 2382//2383 2383//2384
f 2343//2344 2383//2384 2414//2415
f 2343//2344 2414//2415 2384//2385
f 2384//2385 2385//2386 2312//2313
f 2385//2386 2386//2387 2313//2314
f 2386//2387 2387//2388 2314//2315
f 2387//2388 2388//2389 2315//2316
f 2344//2345 2388//2389 2415//2416
f 2415//2416 2389//2390 2344//2345
f 2389//2390 2390//2391 2317//2318
f 2390//2391 2391//2392 2318//2319
f 2345//2346 2391//2392 2416//2417
f 2346//2347 2345//2346 2417//2418
f 2321//2322 2393//2394 2392//2393
f 2322//2323 2394//2395 2393//2394
f 2417//2418 2395//2396 2346//2347
f 2347//2348 2395//2396 2418//2419
f 2418//2419 2396//2397 2347//2348
f 2396//2397 2397//2398 2325//2326
f 2398//2399 2326//2327 2397//2398
f 2399//2400 2327//2328 2398//2399
f 2419//2420 2352//2353 2348//2349
f 2420//2421 2348//2349 2349//2350
f 2421//2422 2349//2350 2350//2351
f 2422//2423 2350//2351 2351//2352
f 2423//2424 2351//2352 2400//2401
f 2394//2395 2352//2353 2424//2425
f 2329//2330 2401//2402 2400//2401
f 2330//2331 2402//2403 2401//2402
f 2356//2357 2425//2426 2353//2354
f 2353//2354 2426//2427 2402//2403
f 2427//2428 2332//2333 2399//2400
f 2332//2333 2427//2428 2403//2404
f 2404//2405 2333//2334 2403//2404
f 2405//2406 2334//2335 2404//2405
f 2406//2407 2335//2336 2405//2406
f 2428//2429 2354//2355 2406//2407
f 2337//2338 2408//2409 2407//2408
f 2354//2355 2428//2429 2408//2409
f 2429//2430 2355//2356 2407//2408
f 2339//2340 2409//2410 2411//2412
f 2338//2339 2410//2411 2409//2410
f 2355//2356 2429//2430 2410//2411
f 2411//2412 2412//2413 2340//2341
f 2356//2357 2412//2413 2430//2431
f 2359//2360 2431//2432 2357//2358
f 2357//2358 2432//2433 2358//2359
f 2358//2359 2433//2434 2372//2373
f 2360//2361 2434//2435 2359//2360
f 2361//2362 2435//2436 2360//2361
f 2362//2363 2436//2437 2361//2362
f 2363//2364 2437//2438 2362//2363
f 2364//2365 2438//2439 2363//2364
f 2439//2440 2364//2365 2413//2414
f 2440//2441 2413//2414 2365//2366
f 2441//2442 2365//2366 2366//2367
f 2442//2443 2366//2367 2367//2368
f 2443//2444 2367//2368 2368//2369
f 2444//2445 2368//2369 2369//2370
f 2445//2446 2369//2370 2370//2371
f 2446//2447 2370//2371 2371//2372
f 2447//2448 2371//2372 2392//2393
f 2372//2373 2448//2449 2373//2374
f 2373//2374 2449//2450 2374//2375
f 2374//2375 2450//2451 2375//2376
f 2375//2376 2451//2452 2376//2377
f 2376//2377 2452//2453 2377//2378
f 2377//2378 2453//2454 2378//2379
f 2378//2379 2454//2455 2379//2380
f 2379//2380 2455//2456 2380//2381
f 2380//2381 2456//2457 2381//2382
f 2456//2457 2382//2383 2381//2382
f 2457//2458 2383//2384 2382//2383
f 2458//2459 2414//2415 2383//2384
f 2414//2415 2459//2460 2384//2385
f 2385//2386 2384//2385 2460//2461
f 2386//2387 2385//2386 2461//2462
f 2387//2388 2386//2387 2462//2463
f 2388//2389 2387//2388 2463//2464
f 2463//2464 2415//2416 2388//2389
f 2389//2390 2415//2416 2464//2465
f 2390//2391 2389//2390 2465//2466
f 2391//2392 2390//2391 2466//2467
f 2466//2467 2416//2417 2391//2392
f 2416//2417 2417//2418 2345//2346
f 2467//2468 2392//2393 2393//2394
f 2468//2469 2393//2394 2394//2395
f 2395//2396 2417//2418 2469//2470
f 2469//2470 2418//2419 2395//2396
f 2396//2397 2418//2419 2470//2471
f 2397//2398 2396//2397 2471//2472
f 2471//2472 2398//2399 2397//2398
f 2472//2473 2399//2400 2398//2399
f 2352//2353 2419//2420 2424//2425
f 2348//2349 2420//2421 2419//2420
f 2349//2350 2421//2422 2420//2421
f 2350//2351 2422//2423 2421//2422
f 2351//2352 2423//2424 2422//2423
f 2400//2401 2473//2474 2423//2424
f 2468//2469 2394//2395 2424//2425
f 2473//2474 2400//2401 2401//2402
f 2474//2475 2401//2402 2402//2403
f 2425//2426 2356//2357 2430//2431
f 2426//2427 2353//2354 2425//2426
f 2475//2476 2402//2403 2426//2427
f 2399//2400 2472//2473 2427//2428
f 2476//2477 2403//2404 2427//2428
f 2403//2404 2476//2477 2404//2405
f 2404//2405 2477//2478 2405//2406
f 2405//2406 2478//2479 2406//2407
f 2406//2407 2479//2480 2428//2429
f 2480//2481 2407//2408 2408//2409
f 2481//2482 2408//2409 2428//2429
f 2407//2408 2480//2481 2429//2430
f 2482//2483 2411//2412 2409//2410
f 2483//2484 2409//2410 2410//2411
f 2484//2485 2410//2411 2429//2430
f 2412//2413 2411//2412 2485//2486
f 2485//2486 2430//2431 2412//2413
f 2431//2432 2359//2360 2434//2435
f 2432//2433 2357//2358 2431//2432
f 2433//2434 2358//2359 2432//2433
f 2448//2449 2372//2373 2433//2434
f 2434//2435 2360//2361 2435//2436
f 2435//2436 2361//2362 2436//2437
f 2436//2437 2362//2363 2437//2438
f 2437//2438 2363//2364 2438//2439
f 2438//2439 2364//2365 2486//2487
f 2364//2365 2439//2440 2486//2487
f 2413//2414 2440//2441 2439//2440
f 2365//2366 2441//2442 2440//2441
f 2366//2367 2442//2443 2441//2442
f 2367//2368 2443//2444 2442//2443
f 2368//2369 2444//2445 2443//2444
f 2369//2370 2445//2446 2444//2445
f 2370//2371 2446//2447 2445//2446
f 2371//2372 2447//2448 2446//2447
f 2392//2393 2467//2468 2447//2448
f 2449//2450 2373//2374 2448//2449
f 2450//2451 2374//2375 2449//2450
f 2451//2452 2375//2376 2450//2451
f 2452//2453 2376//2377 2451//2452
f 2453//2454 2377//2378 2452//2453
f 2454//2455 2378//2379 2453//2454
f 2455//2456 2379//2380 2454//2455
f 2456//2457 2380//2381 2455//2456
f 2382//2383 2456//2457 2457//2458
f 2383//2384 2457//2458 2458//2459
f 2414//2415 2458//2459 2487//2488
f 2414//2415 2487//2488 2459//2460
f 2459//2460 2460//2461 2384//2385
f 2460//2461 2461//2462 2385//2386
f 2461//2462 2462//2463 2386//2387
f 2462//2463 2463//2464 2387//2388
f 2415//2416 2463//2464 2488//2489
f 2488//2489 2464//2465 2415//2416
f 2464//2465 2465//2466 2389//2390
f 2465//2466 2466//2467 2390//2391
f 2416//2417 2466//2467 2489//2490
f 2417//2418 2416//2417 2490//2491
f 2393//2394 2468//2469 2467//2468
f 2490//2491 2469//2470 2417//2418
f 2418//2419 2469//2470 2491//2492
f 2491//2492 2470//2471 2418//2419
f 2470//2471 2471//2472 2396//2397
f 2398//2399 2471//2472 2472//2473
f 2492//2493 2424//2425 2419//2420
f 2493//2494 2419//2420 2420//2421
f 2494//2495 2420//2421 2421//2422
f 2495//2496 2421//2422 2422//2423
f 2496//2497 2422//2423 2423//2424
f 2497//2498 2423//2424 2473//2474
f 2468//2469 2424//2425 2498//2499
f 2401//2402 2474//2475 2473//2474
f 2402//2403 2475//2476 2474//2475
f 2499//2500 2425//2426 2430//2431
f 2500//2501 2426//2427 2425//2426
f 2501//2502 2475//2476 2426//2427
f 2502//2503 2427//2428 2472//2473
f 2427//2428 2502//2503 2476//2477
f 2477//2478 2404//2405 2476//2477
f 2478//2479 2405//2406 2477//2478
f 2479//2480 2406//2407 2478//2479
f 2503//2504 2428//2429 2479//2480
f 2408//2409 2481//2482 2480//2481
f 2428//2429 2503//2504 2481//2482
f 2504//2505 2429//2430 2480//2481
f 2411//2412 2482//2483 2485//2486
f 2409//2410 2483//2484 2482//2483
f 2410//2411 2484//2485 2483//2484
f 2429//2430 2504//2505 2484//2485
f 2430//2431 2485//2486 2499//2500
f 2434//2435 2505//2506 2431//2432
f 2431//2432 2506//2507 2432//2433
f 2432//2433 2507//2508 2433//2434
f 2433//2434 2508//2509 2448//2449
f 2435//2436 2509//2510 2434//2435
f 2436//2437 2510//2511 2435//2436
f 2437//2438 2511//2512 2436//2437
f 2438//2439 2512//2513 2437//2438
f 2486//2487 2513//2514 2438//2439
f 2514//2515 2486//2487 2439//2440
f 2515//2516 2439//2440 2440//2441
f 2516//2517 2440//2441 2441//2442
f 2517//2518 2441//2442 2442//2443
f 2518//2519 2442//2443 2443//2444
f 2519//2520 2443//2444 2444//2445
f 2520//2521 2444//2445 2445//2446
f 2521//2522 2445//2446 2446//2447
f 2522//2523 2446//2447 2447//2448
f 2523//2524 2447//2448 2467//2468
f 2448//2449 2524//2525 2449//2450
f 2449//2450 2525//2526 2450//2451
f 2450//2451 2526//2527 2451//2452
f 2451//2452 2527//2528 2452//2453
f 2452//2453 2528//2529 2453//2454
f 2453//2454 2529//2530 2454//2455
f 2454//2455 2530//2531 2455//2456
f 2455//2456 2531//2532 2456//2457
f 2531//2532 2457//2458 2456//2457
f 2532//2533 2458//2459 2457//2458
f 2533//2534 2487//2488 2458//2459
f 2487//2488 2534//2535 2459//2460
f 2460//2461 2459//2460 2535//2536
f 2461//2462 2460//2461 2536//2537
f 2462//2463 2461//2462 2537//2538
f 2463//2464 2462//2463 2538//2539
f 2538//2539 2488//2489 2463//2464
f 2464//2465 2488//2489 2539//2540
f 2465//2466 2464//2465 2540//2541
f 2466//2467 2465//2466 2541//2542
f 2541//2542 2489//2490 2466//2467
f 2489//2490 2490//2491 2416//2417
f 2542//2543 2467//2468 2468//2469
f 2469//2470 2490//2491 2543//2544
f 2543//2544 2491//2492 2469//2470
f 2470//2471 2491//2492 2544//2545
f 2471//2472 2470//2471 2545//2546
f 2545//2546 2472//2473 2471//2472
f 2424//2425 2492//2493 2498//2499
f 2419//2420 2493//2494 2492//2493
f 2420//2421 2494//2495 2493//2494
f 2421//2422 2495//2496 2494//2495
f 2422//2423 2496//2497 2495//2496
f 2423//2424 2497//2498 2496//2497
f 2473//2474 2546//2547 2497//2498
f 2542//2543 2468//2469 2498//2499
f 2546//2547 2473//2474 2474//2475
f 2547//2548 2474//2475 2475//2476
f 2425//2426 2499//2500 2500//2501
f 2426//2427 2500//2501 2501//2502
f 2475//2476 2501//2502 2548//2549
f 2472//2473 2545//2546 2502//2503
f 2549//2550 2476//2477 2502//2503
f 2476//2477 2549//2550 2477//2478
f 2477//2478 2550//2551 2478//2479
f 2478//2479 2551//2552 2479//2480
f 2479//2480 2552//2553 2503//2504
f 2553//2554 2480//2481 2481//2482
f 2554//2555 2481//2482 2503//2504
f 2480//2481 2553//2554 2504//2505
f 2555//2556 2485//2486 2482//2483
f 2556//2557 2482//2483 2483//2484
f 2484//2485 2556//2557 2483//2484
f 2504//2505 2557//2558 2484//2485
f 2485//2486 2555//2556 2499//2500
f 2505//2506 2434//2435 2509//2510
f 2506//2507 2431//2432 2505//2506
f 2507//2508 2432//2433 2506//2507
f 2508//2509 2433//2434 2507//2508
f 2524//2525 2448//2449 2508//2509
f 2509//2510 2435//2436 2510//2511
f 2510//2511 2436//2437 2511//2512
f 2511//2512 2437//2438 2512//2513
f 2512//2513 2438//2439 2513//2514
f 2513//2514 2486//2487 2558//2559
f 2486//2487 2514//2515 2558//2559
f 2439//2440 2515//2516 2514//2515
f 2440//2441 2516//2517 2515//2516
f 2441//2442 2517//2518 2516//2517
f 2442//2443 2518//2519 2517//2518
f 2443//2444 2519//2520 2518//2519
f 2444//2445 2520//2521 2519//2520
f 2445//2446 2521//2522 2520//2521
f 2446//2447 2522//2523 2521//2522
f 2447//2448 2523//2524 2522//2523
f 2467//2468 2542//2543 2523//2524
f 2525//2526 2449//2450 2524//2525
f 2526//2527 2450//2451 2525//2526
f 2527//2528 2451//2452 2526//2527
f 2528//2529 2452//2453 2527//2528
f 2529//2530 2453//2454 2528//2529
f 2530//2531 2454//2455 2529//2530
f 2531//2532 2455//2456 2530//2531
f 2457//2458 2531//2532 2532//2533
f 2458//2459 2532//2533 2533//2534
f 2487//2488 2533//2534 2559//2560
f 2487//2488 2559//2560 2534//2535
f 2534//2535 2535//2536 2459//2460
f 2535//2536 2536//2537 2460//2461
f 2536//2537 2537//2538 2461//2462
f 2537//2538 2538//2539 2462//2463
f 2488//2489 2538//2539 2560//2561
f 2560//2561 2539//2540 2488//2489
f 2539//2540 2540//2541 2464//2465
f 2540//2541 2541//2542 2465//2466
f 2489//2490 2541//2542 2561//2562
f 2490//2491 2489//2490 2562//2563
f 2562//2563 2543//2544 2490//2491
f 2491//2492 2543//2544 2563//2564
f 2563//2564 2544//2545 2491//2492
f 2544//2545 2545//2546 2470//2471
f 2564//2565 2498//2499 2492//2493
f 2565//2566 2492//2493 2493//2494
f 2566//2567 2493//2494 2494//2495
f 2567//2568 2494//2495 2495//2496
f 2568//2569 2495//2496 2496//2497
f 2569//2570 2496//2497 2497//2498
f 2570//2571 2497//2498 2546//2547
f 2542//2543 2498//2499 2571//2572
f 2474//2475 2547//2548 2546//2547
f 2548//2549 2547//2548 2475//2476
f 2555//2556 2500//2501 2499//2500
f 2572//2573 2501//2502 2500//2501
f 2573//2574 2548//2549 2501//2502
f 2574//2575 2502//2503 2545//2546
f 2502//2503 2574//2575 2549//2550
f 2550//2551 2477//2478 2549//2550
f 2551//2552 2478//2479 2550//2551
f 2552//2553 2479//2480 2551//2552
f 2552//2553 2554//2555 2503//2504
f 2481//2482 2554//2555 2553//2554
f 2553//2554 2575//2576 2504//2505
f 2482//2483 2556//2557 2555//2556
f 2556//2557 2484//2485 2557//2558
f 2557//2558 2504//2505 2575//2576
f 2509//2510 2576//2577 2505//2506
f 2505//2506 2577//2578 2506//2507
f 2506//2507 2578//2579 2507//2508
f 2507//2508 2579//2580 2508//2509
f 2508//2509 2580//2581 2524//2525
f 2510//2511 2581//2582 2509//2510
f 2511//2512 2582//2583 2510//2511
f 2512//2513 2583//2584 2511//2512
f 2513//2514 2584//2585 2512//2513
f 2585//2586 2513//2514 2558//2559
f 2586//2587 2558//2559 2514//2515
f 2587//2588 2514//2515 2515//2516
f 2588//2589 2515//2516 2516//2517
f 2589//2590 2516//2517 2517//2518
f 2590//2591 2517//2518 2518//2519
f 2591//2592 2518//2519 2519//2520
f 2592//2593 2519//2520 2520//2521
f 2593//2594 2520//2521 2521//2522
f 2594//2595 2521//2522 2522//2523
f 2595//2596 2522//2523 2523//2524
f 2596//2597 2523//2524 2542//2543
f 2524//2525 2597//2598 2525//2526
f 2525//2526 2598//2599 2526//2527
f 2526//2527 2599//2600 2527//2528
f 2527//2528 2600//2601 2528//2529
f 2528//2529 2601//2602 2529//2530
f 2529//2530 2602//2603 2530//2531
f 2530//2531 2603//2604 2531//2532
f 2603//2604 2532//2533 2531//2532
f 2604//2605 2533//2534 2532//2533
f 2605//2606 2559//2560 2533//2534
f 2559//2560 2606//2607 2534//2535
f 2535//2536 2534//2535 2607//2608
f 2536//2537 2535//2536 2608//2609
f 2537//2538 2536//2537 2609//2610
f 2538//2539 2537//2538 2610//2611
f 2610//2611 2560//2561 2538//2539
f 2539//2540 2560//2561 2611//2612
f 2540//2541 2539//2540 2612//2613
f 2541//2542 2540//2541 2613//2614
f 2613//2614 2561//2562 2541//2542
f 2561//2562 2562//2563 2489//2490
f 2543//2544 2562//2563 2614//2615
f 2614//2615 2563//2564 2543//2544
f 2544//2545 2563//2564 2615//2616
f 2545//2546 2544//2545 2574//2575
f 2498//2499 2564//2565 2571//2572
f 2492//2493 2565//2566 2564//2565
f 2493//2494 2566//2567 2565//2566
f 2494//2495 2567//2568 2566//2567
f 2495//2496 2568//2569 2567//2568
f 2496//2497 2569//2570 2568//2569
f 2497//2498 2570//2571 2569//2570
f 2546//2547 2616//2617 2570//2571
f 2596//2597 2542//2543 2571//2572
f 2616//2617 2546//2547 2547//2548
f 2547//2548 2548//2549 2617//2618
f 2500//2501 2555//2556 2572//2573
f 2501//2502 2572//2573 2573//2574
f 2548//2549 2573//2574 2618//2619
f 2619//2620 2549//2550 2574//2575
f 2549//2550 2619//2620 2550//2551
f 2550//2551 2620//2621 2551//2552
f 2551//2552 2621//2622 2552//2553
f 2554//2555 2552//2553 2622//2623
f 2554//2555 2623//2624 2553//2554
f 2575//2576 2553//2554 2623//2624
f 2556//2557 2572//2573 2555//2556
f 2557//2558 2624//2625 2556//2557
f 2575//2576 2625//2626 2557//2558
f 2576//2577 2509//2510 2581//2582
f 2577//2578 2505//2506 2576//2577
f 2578//2579 2506//2507 2577//2578
f 2579//2580 2507//2508 2578//2579
f 2580//2581 2508//2509 2579//2580
f 2597//2598 2524//2525 2580//2581
f 2581//2582 2510//2511 2582//2583
f 2582//2583 2511//2512 2583//2584
f 2583//2584 2512//2513 2584//2585
f 2584//2585 2513//2514 2626//2627
f 2513//2514 2585//2586 2626//2627
f 2558//2559 2586//2587 2585//2586
f 2514//2515 2587//2588 2586//2587
f 2515//2516 2588//2589 2587//2588
f 2516//2517 2589//2590 2588//2589
f 2517//2518 2590//2591 2589//2590
f 2518//2519 2591//2592 2590//2591
f 2519//2520 2592//2593 2591//2592
f 2520//2521 2593//2594 2592//2593
f 2521//2522 2594//2595 2593//2594
f 2522//2523 2595//2596 2594//2595
f 2523//2524 2596//2597 2595//2596
f 2598//2599 2525//2526 2597//2598
f 2599//2600 2526//2527 2598//2599
f 2600//2601 2527//2528 2599//2600
f 2601//2602 2528//2529 2600//2601
f 2602//2603 2529//2530 2601//2602
f 2603//2604 2530//2531 2602//2603
f 2532//2533 2603//2604 2604//2605
f 2533//2534 2604//2605 2605//2606
f 2559//2560 2605//2606 2627//2628
f 2559//2560 2627//2628 2606//2607
f 2606//2607 2607//2608 2534//2535
f 2607//2608 2608//2609 2535//2536
f 2608//2609 2609//2610 2536//2537
f 2609//2610 2610//2611 2537//2538
f 2560//2561 2610//2611 2628//2629
f 2628//2629 2611//2612 2560//2561
f 2629//2630 2539//2540 2611//2612
f 2539//2540 2629//2630 2612//2613
f 2612//2613 2613//2614 2540//2541
f 2561//2562 2613//2614 2630//2631
f 2562//2563 2561//2562 2631//2632
f 2631//2632 2614//2615 2562//2563
f 2563//2564 2614//2615 2632//2633
f 2632//2633 2615//2616 2563//2564
f 2615//2616 2574//2575 2544//2545
f 2633//2634 2571//2572 2564//2565
f 2634//2635 2564//2565 2565//2566
f 2635//2636 2565//2566 2566//2567
f 2636//2637 2566//2567 2567//2568
f 2637//2638 2567//2568 2568//2569
f 2638//2639 2568//2569 2569//2570
f 2639//2640 2569//2570 2570//2571
f 2640//2641 2570//2571 2616//2617
f 2596//2597 2571//2572 2641//2642
f 2617//2618 2616//2617 2547//2548
f 2618//2619 2617//2618 2548//2549
f 2624//2625 2573//2574 2572//2573
f 2642//2643 2618//2619 2573//2574
f 2574//2575 2615//2616 2619//2620
f 2620//2621 2550//2551 2619//2620
f 2621//2622 2551//2552 2620//2621
f 2621//2622 2622//2623 2552//2553
f 2622//2623 2643//2644 2554//2555
f 2623//2624 2554//2555 2643//2644
f 2623//2624 2644//2645 2575//2576
f 2572//2573 2556//2557 2624//2625
f 2624//2625 2557//2558 2625//2626
f 2625//2626 2575//2576 2644//2645
f 2576//2577 2581//2582 2645//2646
f 2577//2578 2576//2577 2645//2646
f 2578//2579 2577//2578 2645//2646
f 2579//2580 2578//2579 2645//2646
f 2580//2581 2579//2580 2645//2646
f 2597//2598 2580//2581 2645//2646
f 2582//2583 2645//2646 2581//2582
f 2582//2583 2583//2584 2646//2647
f 2583//2584 2584//2585 2646//2647
f 2584//2585 2626//2627 2646//2647
f 2626//2627 2585//2586 2646//2647
f 2646//2647 2585//2586 2586//2587
f 2646//2647 2586//2587 2587//2588
f 2646//2647 2587//2588 2588//2589
f 2646//2647 2588//2589 2589//2590
f 2646//2647 2589//2590 2590//2591
f 2646//2647 2590//2591 2591//2592
f 2646//2647 2591//2592 2592//2593
f 2646//2647 2592//2593 2593//2594
f 2646//2647 2593//2594 2594//2595
f 2646//2647 2594//2595 2595//2596
f 2646//2647 2595//2596 2596//2597
f 2598//2599 2597//2598 2645//2646
f 2599//2600 2598//2599 2645//2646
f 2600//2601 2599//2600 2645//2646
f 2601//2602 2600//2601 2645//2646
f 2602//2603 2601//2602 2645//2646
f 2603//2604 2602//2603 2645//2646
f 2603//2604 2645//2646 2604//2605
f 2604//2605 2645//2646 2605//2606
f 2605//2606 2645//2646 2627//2628
f 2645//2646 2606//2607 2627//2628
f 2607//2608 2606//2607 2647//2648
f 2608//2609 2607//2608 2648//2649
f 2609//2610 2608//2609 2649//2650
f 2610//2611 2609//2610 2650//2651
f 2650//2651 2628//2629 2610//2611
f 2611//2612 2628//2629 2651//2652
f 2611//2612 2652//2653 2629//2630
f 2653//2654 2612//2613 2629//2630
f 2613//2614 2612//2613 2654//2655
f 2654//2655 2630//2631 2613//2614
f 2630//2631 2631//2632 2561//2562
f 2614//2615 2631//2632 2655//2656
f 2655//2656 2632//2633 2614//2615
f 2615//2616 2632//2633 2656//2657
f 2571//2572 2633//2634 2641//2642
f 2564//2565 2634//2635 2633//2634
f 2565//2566 2635//2636 2634//2635
f 2566//2567 2636//2637 2635//2636
f 2567//2568 2637//2638 2636//2637
f 2568//2569 2638//2639 2637//2638
f 2569//2570 2639//2640 2638//2639
f 2570//2571 2640//2641 2639//2640
f 2657//2658 2640//2641 2616//2617
f 2658//2659 2596//2597 2641//2642
f 2616//2617 2617//2618 2657//2658
f 2617//2618 2618//2619 2659//2660
f 2573//2574 2624//2625 2642//2643
f 2618//2619 2642//2643 2660//2661
f 2656//2657 2619//2620 2615//2616
f 2619//2620 2656//2657 2620//2621
f 2620//2621 2661//2662 2621//2622
f 2622//2623 2621//2622 2662//2663
f 2643//2644 2622//2623 2663//2664
f 2643//2644 2664//2665 2623//2624
f 2644//2645 2623//2624 2664//2665
f 2625//2626 2642//2643 2624//2625
f 2644//2645 2665//2666 2625//2626
f 2645//2646 2582//2583 2646//2647
f 2596//2597 2658//2659 2646//2647
f 2606//2607 2645//2646 2666//2667
f 2606//2607 2666//2667 2647//2648
f 2647//2648 2648//2649 2607//2608
f 2648//2649 2649//2650 2608//2609
f 2649//2650 2650//2651 2609//2610
f 2628//2629 2650//2651 2667//2668
f 2667//2668 2651//2652 2628//2629
f 2652//2653 2611//2612 2651//2652
f 2668//2669 2629//2630 2652//2653
f 2612//2613 2653//2654 2654//2655
f 2629//2630 2668//2669 2653//2654
f 2630//2631 2654//2655 2669//2670
f 2631//2632 2630//2631 2670//2671
f 2670//2671 2655//2656 2631//2632
f 2632//2633 2655//2656 2671//2672
f 2671//2672 2656//2657 2632//2633
f 2658//2659 2641//2642 2633//2634
f 2658//2659 2633//2634 2634//2635
f 2658//2659 2634//2635 2635//2636
f 2658//2659 2635//2636 2636//2637
f 2658//2659 2636//2637 2637//2638
f 2658//2659 2637//2638 2638//2639
f 2658//2659 2638//2639 2639//2640
f 2658//2659 2639//2640 2640//2641
f 2640//2641 2657//2658 2672//2673
f 2659//2660 2657//2658 2617//2618
f 2660//2661 2659//2660 2618//2619
f 2665//2666 2660//2661 2642//2643
f 2661//2662 2620//2621 2656//2657
f 2661//2662 2662//2663 2621//2622
f 2662//2663 2663//2664 2622//2623
f 2663//2664 2673//2674 2643//2644
f 2664//2665 2643//2644 2673//2674
f 2664//2665 2674//2675 2644//2645
f 2642//2643 2625//2626 2665//2666
f 2665//2666 2644//2645 2674//2675
f 2646//2647 2666//2667 2645//2646
f 2666//2667 2646//2647 2658//2659
f 2647//2648 2666//2667 2675//2676
f 2648//2649 2647//2648 2675//2676
f 2649//2650 2648//2649 2676//2677
f 2650//2651 2649//2650 2677//2678
f 2677//2678 2667//2668 2650//2651
f 2651//2652 2667//2668 2678//2679
f 2651//2652 2679//2680 2652//2653
f 2652//2653 2680//2681 2668//2669
f 2681//2682 2654//2655 2653//2654
f 2682//2683 2653//2654 2668//2669
f 2654//2655 2681//2682 2669//2670
f 2669//2670 2670//2671 2630//2631
f 2655//2656 2670//2671 2683//2684
f 2683//2684 2671//2672 2655//2656
f 2656//2657 2671//2672 2661//2662
f 2658//2659 2640//2641 2672//2673
f 2684//2685 2672//2673 2657//2658
f 2657//2658 2659//2660 2684//2685
f 2659//2660 2660//2661 2685//2686
f 2660//2661 2665//2666 2686//2687
f 2662//2663 2661//2662 2687//2688
f 2663//2664 2662//2663 2688//2689
f 2673//2674 2663//2664 2689//2690
f 2673//2674 2690//2691 2664//2665
f 2674//2675 2664//2665 2690//2691
f 2674//2675 2686//2687 2665//2666
f 2658//2659 2691//2692 2666//2667
f 2675//2676 2666//2667 2692//2693
f 2675//2676 2676//2677 2648//2649
f 2676//2677 2677//2678 2649//2650
f 2667//2668 2677//2678 2693//2694
f 2693//2694 2678//2679 2667//2668
f 2679//2680 2651//2652 2678//2679
f 2680//2681 2652//2653 2679//2680
f 2694//2695 2668//2669 2680//2681
f 2653//2654 2682//2683 2681//2682
f 2668//2669 2694//2695 2682//2683
f 2695//2696 2669//2670 2681//2682
f 2670//2671 2669//2670 2696//2697
f 2670//2671 2697//2698 2683//2684
f 2671//2672 2683//2684 2698//2699
f 2698//2699 2661//2662 2671//2672
f 2658//2659 2672//2673 2699//2700
f 2672//2673 2684//2685 2699//2700
f 2685//2686 2684//2685 2659//2660
f 2686//2687 2685//2686 2660//2661
f 2661//2662 2698//2699 2687//2688
f 2687//2688 2688//2689 2662//2663
f 2688//2689 2689//2690 2663//2664
f 2689//2690 2700//2701 2673//2674
f 2690//2691 2673//2674 2700//2701
f 2690//2691 2701//2702 2674//2675
f 2686//2687 2674//2675 2701//2702
f 2691//2692 2658//2659 2702//2703
f 2666//2667 2691//2692 2703//2704
f 2692//2693 2666//2667 2704//2705
f 2676//2677 2675//2676 2692//2693
f 2677//2678 2676//2677 2705//2706
f 2705//2706 2693//2694 2677//2678
f 2678//2679 2693//2694 2706//2707
f 2678//2679 2707//2708 2679//2680
f 2679//2680 2708//2709 2680//2681
f 2680//2681 2709//2710 2694//2695
f 2710//2711 2681//2682 2682//2683
f 2711//2712 2682//2683 2694//2695
f 2669//2670 2695//2696 2696//2697
f 2681//2682 2710//2711 2695//2696
f 2697//2698 2670//2671 2696//2697
f 2712//2713 2683//2684 2697//2698
f 2683//2684 2712//2713 2698//2699
f 2658//2659 2699//2700 2713//2714
f 2714//2715 2699//2700 2684//2685
f 2684//2685 2685//2686 2714//2715
f 2685//2686 2686//2687 2715//2716
f 2698//2699 2716//2717 2687//2688
f 2688//2689 2687//2688 2716//2717
f 2689//2690 2688//2689 2717//2718
f 2700//2701 2689//2690 2718//2719
f 2700//2701 2719//2720 2690//2691
f 2701//2702 2690//2691 2719//2720
f 2701//2702 2715//2716 2686//2687
f 2658//2659 2720//2721 2702//2703
f 2702//2703 2721//2722 2691//2692
f 2691//2692 2722//2723 2703//2704
f 2666//2667 2703//2704 2723//2724
f 2704//2705 2666//2667 2724//2725
f 2705//2706 2692//2693 2704//2705
f 2692//2693 2705//2706 2676//2677
f 2693//2694 2705//2706 2725//2726
f 2725//2726 2706//2707 2693//2694
f 2707//2708 2678//2679 2706//2707
f 2708//2709 2679//2680 2707//2708
f 2709//2710 2680//2681 2708//2709
f 2726//2727 2694//2695 2709//2710
f 2682//2683 2711//2712 2710//2711
f 2694//2695 2726//2727 2711//2712
f 2727//2728 2696//2697 2695//2696
f 2728//2729 2695//2696 2710//2711
f 2696//2697 2727//2728 2697//2698
f 2697//2698 2729//2730 2712//2713
f 2716//2717 2698//2699 2712//2713
f 2699//2700 2714//2715 2713//2714
f 2658//2659 2713//2714 2730//2731
f 2715//2716 2714//2715 2685//2686
f 2716//2717 2717//2718 2688//2689
f 2717//2718 2718//2719 2689//2690
f 2718//2719 2731//2732 2700//2701
f 2719//2720 2700//2701 2731//2732
f 2719//2720 2732//2733 2701//2702
f 2715//2716 2701//2702 2732//2733
f 2658//2659 2733//2734 2720//2721
f 2720//2721 2734//2735 2702//2703
f 2721//2722 2702//2703 2734//2735
f 2722//2723 2691//2692 2721//2722
f 2735//2736 2703//2704 2722//2723
f 2703//2704 2735//2736 2723//2724
f 2666//2667 2723//2724 2736//2737
f 2724//2725 2666//2667 2737//2738
f 2725//2726 2704//2705 2724//2725
f 2704//2705 2725//2726 2705//2706
f 2706//2707 2725//2726 2738//2739
f 2706//2707 2739//2740 2707//2708
f 2707//2708 2740//2741 2708//2709
f 2708//2709 2741//2742 2709//2710
f 2709//2710 2742//2743 2726//2727
f 2743//2744 2710//2711 2711//2712
f 2744//2745 2711//2712 2726//2727
f 2695//2696 2728//2729 2727//2728
f 2710//2711 2743//2744 2728//2729
f 2729//2730 2697//2698 2727//2728
f 2745//2746 2712//2713 2729//2730
f 2712//2713 2745//2746 2716//2717
f 2746//2747 2713//2714 2714//2715
f 2713//2714 2746//2747 2730//2731
f 2658//2659 2730//2731 2733//2734
f 2714//2715 2715//2716 2746//2747
f 2717//2718 2716//2717 2745//2746
f 2718//2719 2717//2718 2747//2748
f 2731//2732 2718//2719 2748//2749
f 2731//2732 2749//2750 2719//2720
f 2732//2733 2719//2720 2749//2750
f 2732//2733 2746//2747 2715//2716
f 2733//2734 2750//2751 2720//2721
f 2734//2735 2720//2721 2750//2751
f 2734//2735 2751//2752 2721//2722
f 2721//2722 2752//2753 2722//2723
f 2722//2723 2753//2754 2735//2736
f 2754//2755 2723//2724 2735//2736
f 2723//2724 2754//2755 2736//2737
f 2666//2667 2736//2737 2755//2756
f 2737//2738 2666//2667 2756//2757
f 2738//2739 2724//2725 2737//2738
f 2724//2725 2738//2739 2725//2726
f 2739//2740 2706//2707 2738//2739
f 2740//2741 2707//2708 2739//2740
f 2741//2742 2708//2709 2740//2741
f 2742//2743 2709//2710 2741//2742
f 2757//2758 2726//2727 2742//2743
f 2711//2712 2744//2745 2743//2744
f 2726//2727 2757//2758 2744//2745
f 2758//2759 2727//2728 2728//2729
f 2759//2760 2728//2729 2743//2744
f 2727//2728 2758//2759 2729//2730
f 2729//2730 2760//2761 2745//2746
f 2761//2762 2730//2731 2746//2747
f 2730//2731 2761//2762 2733//2734
f 2745//2746 2747//2748 2717//2718
f 2747//2748 2748//2749 2718//2719
f 2748//2749 2762//2763 2731//2732
f 2749//2750 2731//2732 2762//2763
f 2749//2750 2761//2762 2732//2733
f 2746//2747 2732//2733 2761//2762
f 2750//2751 2733//2734 2761//2762
f 2750//2751 2762//2763 2734//2735
f 2751//2752 2734//2735 2762//2763
f 2752//2753 2721//2722 2751//2752
f 2753//2754 2722//2723 2752//2753
f 2763//2764 2735//2736 2753//2754
f 2735//2736 2763//2764 2754//2755
f 2757//2758 2736//2737 2754//2755
f 2736//2737 2757//2758 2755//2756
f 2666//2667 2755//2756 2764//2765
f 2666//2667 2765//2766 2756//2757
f 2756//2757 2738//2739 2737//2738
f 2738//2739 2756//2757 2739//2740
f 2739//2740 2765//2766 2740//2741
f 2740//2741 2766//2767 2741//2742
f 2741//2742 2764//2765 2742//2743
f 2742//2743 2755//2756 2757//2758
f 2763//2764 2743//2744 2744//2745
f 2754//2755 2744//2745 2757//2758
f 2728//2729 2759//2760 2758//2759
f 2743//2744 2763//2764 2759//2760
f 2760//2761 2729//2730 2758//2759
f 2747//2748 2745//2746 2760//2761
f 2748//2749 2747//2748 2767//2768
f 2762//2763 2748//2749 2751//2752
f 2762//2763 2750//2751 2749//2750
f 2761//2762 2749//2750 2750//2751
f 2751//2752 2767//2768 2752//2753
f 2752//2753 2768//2769 2753//2754
f 2753//2754 2759//2760 2763//2764
f 2744//2745 2754//2755 2763//2764
f 2755//2756 2742//2743 2764//2765
f 2666//2667 2764//2765 2766//2767
f 2666//2667 2766//2767 2765//2766
f 2765//2766 2739//2740 2756//2757
f 2766//2767 2740//2741 2765//2766
f 2764//2765 2741//2742 2766//2767
f 2768//2769 2758//2759 2759//2760
f 2758//2759 2768//2769 2760//2761
f 2760//2761 2767//2768 2747//2748
f 2767//2768 2751//2752 2748//2749
f 2768//2769 2752//2753 2767//2768
f 2759//2760 2753//2754 2768//2769
f 2767//2768 2760//2761 2768//2769
usemtl material_1_0
f 3//2770 2//2771 1//2772
f 1//2772 2//2771 4//2773
f 3//2770 5//2774 2//2771
f 3//2770 1//2772 6//2775
f 4//2773 2//2771 7//2776
f 1//2772 4//2773 8//2777
f 9//2778 2//2771 5//2774
f 5//2774 3//2770 10//2779
f 8//2777 6//2775 1//2772
f 6//2775 10//2779 3//2770
f 7//2776 2//2771 11//2780
f 4//2773 7//2776 12//2781
f 13//2782 8//2777 4//2773
f 2//2771 9//2778 14//2783
f 15//2784 9//2778 5//2774
f 10//2779 16//2785 5//2774
f 6//2775 8//2777 17//2786
f 10//2779 6//2775 18//2787
f 11//2780 2//2771 19//2788
f 7//2776 11//2780 12//2781
f 13//2782 4//2773 12//2781
f 8//2777 13//2782 20//2789
f 14//2783 9//2778 21//2790
f 22//2791 2//2771 14//2783
f 23//2792 9//2778 15//2784
f 15//2784 5//2774 16//2785
f 16//2785 10//2779 24//2793
f 20//2789 17//2786 8//2777
f 17//2786 18//2787 6//2775
f 18//2787 24//2793 10//2779
f 19//2788 2//2771 25//2794
f 11//2780 19//2788 26//2795
f 26//2795 12//2781 11//2780
f 13//2782 12//2781 27//2796
f 27//2796 20//2789 13//2782
f 21//2790 9//2778 28//2797
f 21//2790 29//2798 14//2783
f 30//2799 2//2771 22//2791
f 14//2783 31//2800 22//2791
f 32//2801 9//2778 23//2792
f 23//2792 15//2784 33//2802
f 16//2785 33//2802 15//2784
f 24//2793 34//2803 16//2785
f 17//2786 20//2789 35//2804
f 18//2787 17//2786 36//2805
f 24//2793 18//2787 37//2806
f 25//2794 2//2771 38//2807
f 19//2788 25//2794 39//2808
f 39//2808 26//2795 19//2788
f 12//2781 26//2795 40//2809
f 40//2809 27//2796 12//2781
f 20//2789 27//2796 41//2810
f 28//2797 9//2778 42//2811
f 28//2797 43//2812 21//2790
f 14//2783 29//2798 31//2800
f 21//2790 43//2812 29//2798
f 44//2813 2//2771 30//2799
f 22//2791 45//2814 30//2799
f 31//2800 45//2814 22//2791
f 46//2815 9//2778 32//2801
f 32//2801 23//2792 47//2816
f 33//2802 47//2816 23//2792
f 33//2802 16//2785 34//2803
f 34//2803 24//2793 48//2817
f 41//2810 35//2804 20//2789
f 35//2804 36//2805 17//2786
f 36//2805 37//2806 18//2787
f 37//2806 48//2817 24//2793
f 38//2807 2//2771 49//2818
f 25//2794 38//2807 50//2819
f 50//2819 39//2808 25//2794
f 26//2795 39//2808 51//2820
f 51//2820 40//2809 26//2795
f 27//2796 40//2809 52//2821
f 52//2821 41//2810 27//2796
f 42//2811 9//2778 53//2822
f 42//2811 54//2823 28//2797
f 28//2797 54//2823 43//2812
f 29//955 55//955 31//2800
f 29//955 43//2812 55//955
f 56//2824 2//2771 44//2813
f 30//2799 57//2825 44//2813
f 45//2814 57//2825 30//2799
f 31//2800 58//2826 45//2814
f 46//2815 59//2827 9//2778
f 32//2801 47//2816 46//2815
f 47//2816 33//2802 60//2828
f 34//2803 60//2828 33//2802
f 48//2817 61//2829 34//2803
f 35//2804 41//2810 62//2830
f 36//2805 35//2804 63//2831
f 37//2806 36//2805 64//2832
f 48//2817 37//2806 65//2833
f 49//2818 2//2771 66//2834
f 38//2807 49//2818 67//2835
f 67//2835 50//2819 38//2807
f 39//2808 50//2819 68//2836
f 68//2836 51//2820 39//2808
f 40//2809 51//2820 69//2837
f 69//2837 52//2821 40//2809
f 41//2810 52//2821 70//2838
f 53//2822 9//2778 71//2839
f 53//2822 72//2840 42//2811
f 42//2811 72//2840 54//2823
f 43//2812 54//2823 73//2841
f 58//2826 31//2800 55//955
f 73//2841 55//955 43//2812
f 74//2842 2//2771 56//2824
f 44//2813 75//2843 56//2824
f 57//2825 75//2843 44//2813
f 45//2814 76//965 57//2825
f 76//965 45//2814 58//2826
f 59//2827 77//2844 9//2778
f 46//2815 78//2845 59//2827
f 78//2845 46//2815 47//2816
f 47//2816 60//2828 78//2845
f 60//2828 34//2803 61//2829
f 61//2829 48//2817 79//2846
f 70//2838 62//2830 41//2810
f 62//2830 63//2831 35//2804
f 63//2831 64//2832 36//2805
f 64//2832 65//2833 37//2806
f 65//2833 79//2846 48//2817
f 66//2834 2//2771 80//2847
f 49//2818 66//2834 81//2848
f 82//2849 67//2835 49//2818
f 50//2819 67//2835 83//2850
f 83//2850 68//2836 50//2819
f 51//2820 68//2836 84//2851
f 84//2851 69//2837 51//2820
f 52//2821 69//2837 85//2852
f 85//2852 70//2838 52//2821
f 71//2839 9//2778 86//2853
f 71//2839 87//2854 53//2822
f 53//2822 87//2854 72//2840
f 54//2823 72//2840 88//2855
f 88//2855 73//2841 54//2823
f 58//2856 55//2856 89//2856
f 55//2856 73//2856 90//2856
f 91//2857 2//2771 74//2842
f 56//2824 92//2858 74//2842
f 75//2843 92//2858 56//2824
f 57//2825 93//916 75//2843
f 93//916 57//2825 76//965
f 76//2856 58//2856 94//2856
f 77//2844 95//2859 9//2778
f 59//2827 96//2860 77//2844
f 96//2860 59//2827 78//2845
f 97//2861 78//2845 60//2828
f 61//2829 98//2862 60//2828
f 79//2846 99//2863 61//2829
f 70//2838 100//2864 62//2830
f 62//2830 101//2865 63//2831
f 63//2831 102//2866 64//2832
f 64//2832 103//2867 65//2833
f 65//2833 104//2868 79//2846
f 80//2847 2//2771 105//2869
f 66//2834 80//2847 106//2870
f 81//2848 66//2834 106//2870
f 82//2849 49//2818 81//2848
f 67//2835 82//2849 107//2871
f 108//2872 83//2850 67//2835
f 68//2836 83//2850 109//2873
f 109//2873 84//2851 68//2836
f 69//2837 84//2851 110//2874
f 110//2874 85//2852 69//2837
f 85//2852 111//2875 70//2838
f 86//2853 9//2778 112//2876
f 86//2853 113//2877 71//2839
f 71//2839 113//2877 87//2854
f 72//2840 87//2854 114//2878
f 114//2878 88//2855 72//2840
f 73//2856 88//2856 115//2856
f 89//2856 55//2856 90//2856
f 94//2856 58//2856 89//2856
f 90//2856 73//2856 115//2856
f 116//2879 2//2771 91//2857
f 74//2842 117//2880 91//2857
f 92//2858 117//2880 74//2842
f 75//2843 118//2881 92//2858
f 118//2881 75//2843 93//916
f 93//2856 76//2856 119//2856
f 119//2856 76//2856 94//2856
f 95//2859 120//2882 9//2778
f 77//2844 121//2883 95//2859
f 121//2883 77//2844 96//2860
f 78//2845 97//2861 96//2860
f 97//2861 60//2828 98//2862
f 98//2862 61//2829 99//2863
f 99//2863 79//2846 122//2884
f 101//2865 62//2830 100//2864
f 100//2864 70//2838 111//2875
f 102//2866 63//2831 101//2865
f 103//2867 64//2832 102//2866
f 104//2868 65//2833 103//2867
f 123//2885 79//2846 104//2868
f 105//2869 2//2771 124//2886
f 80//2847 105//2869 106//2870
f 81//2848 106//2870 125//2887
f 82//2849 81//2848 126//2888
f 107//2871 82//2849 126//2888
f 108//2872 67//2835 107//2871
f 83//2850 108//2872 127//2889
f 127//2889 109//2873 83//2850
f 84//2851 109//2873 128//2890
f 128//2890 110//2874 84//2851
f 110//2874 129//2891 85//2852
f 111//2875 85//2852 129//2891
f 112//2876 9//2778 130//2892
f 112//2876 131//2893 86//2853
f 86//2853 131//2893 113//2877
f 87//2854 113//2877 132//2894
f 132//2894 114//2878 87//2854
f 88//2856 114//2856 133//2856
f 115//2856 88//2856 133//2856
f 90//2895 134//2896 89//2897
f 94//2898 89//2897 135//2899
f 90//2895 115//2900 134//2896
f 136//2901 2//2771 116//2879
f 91//2857 137//2902 116//2879
f 117//2880 137//2902 91//2857
f 92//2858 138//780 117//2880
f 138//780 92//2858 118//2881
f 118//2856 93//2856 139//2856
f 139//2856 93//2856 119//2856
f 94//2898 135//2899 119//2903
f 120//2882 140//2904 9//2778
f 95//2859 141//2905 120//2882
f 141//2905 95//2859 121//2883
f 96//2860 142//2906 121//2883
f 142//2906 96//2860 97//2861
f 97//2861 98//2862 142//2906
f 98//2862 99//2863 143//2907
f 123//2885 122//2884 79//2846
f 122//2884 144//2908 99//2863
f 100//2864 145//2909 101//2865
f 111//2875 146//2910 100//2864
f 101//2865 147//2911 102//2866
f 102//2866 148//2912 103//2867
f 103//2867 149//2913 104//2868
f 104//2868 150//2914 123//2885
f 2//2771 151//2915 124//2886
f 105//2869 124//2886 152//2916
f 153//2917 106//2870 105//2869
f 106//2870 153//2917 125//2887
f 126//2888 81//2848 125//2887
f 107//2871 126//2888 154//2918
f 108//2872 107//2871 155//2919
f 155//2919 127//2889 108//2872
f 109//2873 127//2889 156//2920
f 156//2920 128//2890 109//2873
f 128//2890 157//2921 110//2874
f 129//2891 110//2874 157//2921
f 129//2891 158//2922 111//2875
f 130//2892 9//2778 159//2923
f 130//2892 160//2924 112//2876
f 112//2876 160//2924 131//2893
f 113//2877 131//2893 161//2925
f 161//2925 132//2894 113//2877
f 114//2856 132//2856 162//2856
f 133//2856 114//2856 162//2856
f 115//2900 133//719 163//2926
f 164//2927 89//2897 134//2896
f 164//2927 135//2899 89//2897
f 163//2926 134//2896 115//2900
f 165//2928 2//2771 136//2901
f 116//2879 166//2929 136//2901
f 137//2902 166//2929 116//2879
f 117//2880 167//2930 137//2902
f 167//2930 117//2880 138//780
f 138//2856 118//2856 168//2856
f 168//2856 118//2856 139//2856
f 119//2903 169//2931 139//829
f 169//2931 119//2903 135//2899
f 140//2904 170//2932 9//2778
f 120//2882 171//2933 140//2904
f 171//2933 120//2882 141//2905
f 121//2883 172//2934 141//2905
f 172//2934 121//2883 142//2906
f 143//2907 142//2906 98//2862
f 173//2935 143//2907 99//2863
f 122//2884 123//2885 174//2936
f 173//2935 99//2863 144//2908
f 144//2908 122//2884 175//2937
f 147//2911 101//2865 145//2909
f 145//2909 100//2864 146//2910
f 146//2910 111//2875 158//2922
f 148//2912 102//2866 147//2911
f 149//2913 103//2867 148//2912
f 150//2914 104//2868 149//2913
f 176//2938 123//2885 150//2914
f 151//2915 177//2939 124//2886
f 2//2771 178//2940 151//2915
f 152//2916 124//2886 177//2939
f 153//2917 105//2869 152//2916
f 179//2941 125//2887 153//2917
f 126//2888 125//2887 180//2942
f 180//2942 154//2918 126//2888
f 154//2918 155//2919 107//2871
f 127//2889 155//2919 181//2943
f 181//2943 156//2920 127//2889
f 128//2890 156//2920 157//2921
f 157//2921 182//2944 129//2891
f 158//2922 129//2891 182//2944
f 159//2923 9//2778 183//2945
f 159//2923 184//2946 130//2892
f 130//2892 184//2946 160//2924
f 131//2893 160//2924 185//2947
f 185//2947 161//2925 131//2893
f 132//2856 161//2856 186//2856
f 162//2856 132//2856 186//2856
f 133//719 162//2948 187//2949
f 187//2949 163//2926 133//719
f 134//2896 188//2950 164//2927
f 164//2927 189//2951 135//2899
f 163//2926 190//2952 134//2896
f 191//2953 2//2771 165//2928
f 136//2901 192//2954 165//2928
f 166//2929 192//2954 136//2901
f 166//2929 137//2902 193//2955
f 194//2956 137//2902 167//2930
f 167//2856 138//2856 195//2856
f 195//2856 138//2856 168//2856
f 139//829 196//2957 168//2958
f 196//2957 139//829 169//2931
f 135//2899 197//2959 169//2931
f 170//2932 198//2960 9//2778
f 140//2904 199//2961 170//2932
f 199//2961 140//2904 171//2933
f 141//2905 200//2962 171//2933
f 200//2962 141//2905 172//2934
f 142//2906 143//2907 172//2934
f 143//2907 173//2935 201//2963
f 176//2938 174//2936 123//2885
f 174//2936 175//2937 122//2884
f 144//2908 202//2964 173//2935
f 175//2937 203//2965 144//2908
f 145//2909 204//2966 147//2911
f 146//2910 205//2967 145//2909
f 158//2922 206//2968 146//2910
f 147//2911 207//2969 148//2912
f 148//2912 208//2970 149//2913
f 149//2913 209//2971 150//2914
f 150//2914 210//2972 176//2938
f 151//2915 211//2973 177//2939
f 151//2915 178//2940 211//2973
f 2//2771 212//2974 178//2940
f 177//2939 213//2975 152//2916
f 153//2917 152//2916 214//2976
f 125//2887 179//2941 215//2977
f 179//2941 153//2917 214//2976
f 215//2977 180//2942 125//2887
f 154//2918 180//2942 216//2978
f 155//2919 154//2918 217//2979
f 217//2979 181//2943 155//2919
f 156//2920 181//2943 218//2980
f 218//2980 157//2921 156//2920
f 157//2921 218//2980 182//2944
f 182//2944 219//2981 158//2922
f 183//2945 9//2778 220//2982
f 183//2945 221//2983 159//2923
f 159//2923 221//2983 184//2946
f 160//2924 184//2946 222//2984
f 222//2984 185//2947 160//2924
f 161//2856 185//2856 223//2856
f 186//2856 161//2856 223//2856
f 162//2948 186//2985 224//2986
f 224//2986 187//2949 162//2948
f 187//2949 225//2987 163//2926
f 164//2927 188//2950 189//2951
f 134//2896 190//2952 188//2950
f 135//2899 189//2951 197//2959
f 163//2926 225//2987 190//2952
f 191//2953 226//2988 2//2771
f 165//2928 227//2989 191//2953
f 192//2954 227//2989 165//2928
f 166//2929 193//2955 192//2954
f 137//2902 194//2956 193//2955
f 194//2856 167//2856 228//2856
f 228//2856 167//2856 195//2856
f 168//2958 229//2990 195//731
f 229//2990 168//2958 196//2957
f 169//2931 230//2991 196//2957
f 169//2931 197//2959 230//2991
f 198//2960 231//2992 9//2778
f 170//2932 232//2993 198//2960
f 232//2993 170//2932 199//2961
f 233//2994 199//2961 171//2933
f 233//2994 171//2933 200//2962
f 172//2934 201//2963 200//2962
f 201//2963 172//2934 143//2907
f 234//2995 201//2963 173//2935
f 174//2936 176//2938 235//2996
f 175//2937 174//2936 236//2997
f 234//2995 173//2935 202//2964
f 202//2964 144//2908 203//2965
f 203//2965 175//2937 237//2998
f 207//2969 147//2911 204//2966
f 204//2966 145//2909 205//2967
f 205//2967 146//2910 206//2968
f 206//2968 158//2922 219//2981
f 208//2970 148//2912 207//2969
f 209//2971 149//2913 208//2970
f 210//2972 150//2914 209//2971
f 238//2999 176//2938 210//2972
f 211//2973 239//3000 177//2939
f 178//2940 240//3001 211//2973
f 178//2940 212//2974 240//3001
f 212//2974 2//2771 241//3002
f 214//2976 152//2916 213//2975
f 213//2975 177//2939 239//3000
f 242//3003 215//2977 179//2941
f 179//2941 214//2976 243//3004
f 180//2942 215//2977 244//3005
f 244//3005 216//2978 180//2942
f 216//2978 217//2979 154//2918
f 181//2943 217//2979 245//3006
f 245//3006 218//2980 181//2943
f 246//3007 182//2944 218//2980
f 219//2981 182//2944 247//3008
f 220//2982 9//2778 248//3009
f 220//2982 249//3010 183//2945
f 183//2945 249//3010 221//2983
f 184//2946 221//2983 250//3011
f 250//3011 222//2984 184//2946
f 185//2856 222//2856 251//2856
f 223//2856 185//2856 251//2856
f 186//2985 223//589 252//3012
f 252//3012 224//2986 186//2985
f 224//2986 253//3013 187//2949
f 253//3013 225//2987 187//2949
f 189//2951 188//2950 2//2771
f 188//2950 190//2952 2//2771
f 197//2959 189//2951 2//2771
f 190//2952 225//2987 2//2771
f 226//2988 254//3014 2//2771
f 255//3015 226//2988 191//2953
f 227//2989 255//3015 191//2953
f 227//2989 192//2954 256//3016
f 257//3017 192//2954 193//2955
f 193//2856 194//2856 258//2856
f 258//2856 194//2856 228//2856
f 195//731 259//3018 228//642
f 259//3018 195//731 229//2990
f 196//2957 260//3019 229//2990
f 196//2957 230//2991 260//3019
f 230//2991 197//2959 2//2771
f 231//2992 261//3020 9//2778
f 198//2960 262//3021 231//2992
f 262//3021 198//2960 232//2993
f 263//3022 232//2993 199//2961
f 233//2994 263//3022 199//2961
f 200//2962 264//3023 233//2994
f 264//3023 200//2962 201//2963
f 201//2963 234//2995 264//3023
f 238//2999 235//2996 176//2938
f 235//2996 236//2997 174//2936
f 236//2997 237//2998 175//2937
f 202//2964 265//3024 234//2995
f 203//2965 266//3025 202//2964
f 237//2998 267//3026 203//2965
f 204//2966 268//3027 207//2969
f 205//2967 269//3028 204//2966
f 206//2968 270//3029 205//2967
f 219//2981 271//3030 206//2968
f 207//2969 272//3031 208//2970
f 208//2970 273//3032 209//2971
f 209//2971 274//3033 210//2972
f 210//2972 275//3034 238//2999
f 239//3000 211//2973 276//3035
f 240//3001 276//3035 211//2973
f 212//2974 277//3036 240//3001
f 278//3037 241//3002 2//2771
f 241//3002 277//3036 212//2974
f 214//2976 213//2975 279//3038
f 213//2975 239//3000 280//3039
f 215//2977 242//3003 281//3040
f 242//3003 179//2941 243//3004
f 214//2976 279//3038 243//3004
f 281//3040 244//3005 215//2977
f 216//2978 244//3005 282//3041
f 217//2979 216//2978 283//3042
f 283//3042 245//3006 217//2979
f 218//2980 245//3006 246//3007
f 246//3007 247//3008 182//2944
f 247//3008 284//3043 219//2981
f 248//3009 9//2778 285//3044
f 248//3009 286//3045 220//2982
f 220//2982 286//3045 249//3010
f 221//2983 249//3010 287//3046
f 287//3046 250//3011 221//2983
f 222//2856 250//2856 288//2856
f 251//2856 222//2856 288//2856
f 223//589 251//3047 289//3048
f 289//3048 252//3012 223//589
f 252//3012 290//3049 224//2986
f 290//3049 253//3013 224//2986
f 225//2987 253//3013 2//2771
f 254//3014 291//3050 2//2771
f 292//3051 254//3014 226//2988
f 255//3015 292//3051 226//2988
f 227//2989 256//3016 255//3015
f 192//2954 257//3017 256//3016
f 257//2856 193//2856 293//2856
f 293//2856 193//2856 258//2856
f 228//642 294//3052 258//3053
f 294//3052 228//642 259//3018
f 229//2990 295//3054 259//3018
f 229//2990 260//3019 295//3054
f 260//3019 230//2991 2//2771
f 261//3020 296//3055 9//2778
f 231//2992 297//3056 261//3020
f 297//3056 231//2992 262//3021
f 232//2993 298//3057 262//3021
f 263//3022 298//3057 232//2993
f 299//3058 263//3022 233//2994
f 299//3058 233//2994 264//3023
f 300//3059 264//3023 234//2995
f 235//2996 238//2999 301//3060
f 236//2997 235//2996 302//3061
f 237//2998 236//2997 303//3062
f 300//3059 234//2995 265//3024
f 265//3024 202//2964 266//3025
f 266//3025 203//2965 267//3026
f 267//3026 237//2998 304//3063
f 272//3031 207//2969 268//3027
f 268//3027 204//2966 269//3028
f 269//3028 205//2967 270//3029
f 270//3029 206//2968 271//3030
f 271//3030 219//2981 284//3043
f 273//3032 208//2970 272//3031
f 274//3033 209//2971 273//3032
f 275//3034 210//2972 274//3033
f 305//3064 238//2999 275//3034
f 239//3000 276//3035 306//3065
f 240//3001 307//3066 276//3035
f 277//3036 307//3066 240//3001
f 278//3037 308//3067 241//3002
f 2//2771 309//3068 278//3037
f 277//3036 241//3002 310//3069
f 213//2975 280//3039 279//3038
f 239//3000 306//3065 280//3039
f 311//3070 281//3040 242//3003
f 242//3003 243//3004 311//3070
f 243//3004 279//3038 312//3071
f 244//3005 281//3040 313//3072
f 313//3072 282//3041 244//3005
f 282//3041 283//3042 216//2978
f 245//3006 283//3042 314//3073
f 314//3073 246//3007 245//3006
f 246//3007 314//3073 247//3008
f 247//3008 315//3074 284//3043
f 285//3044 9//2778 316//3075
f 285//3044 317//3076 248//3009
f 248//3009 317//3076 286//3045
f 249//3010 286//3045 318//3077
f 318//3077 287//3046 249//3010
f 250//2856 287//2856 319//2856
f 288//2856 250//2856 319//2856
f 251//3047 288//3078 320//3079
f 320//3079 289//3048 251//3047
f 289//3048 321//3080 252//3012
f 321//3080 290//3049 252//3012
f 253//3013 290//3049 2//2771
f 291//3050 322//3081 2//2771
f 323//3082 291//3050 254//3014
f 292//3051 323//3082 254//3014
f 255//3015 324//3083 292//3051
f 324//3083 255//3015 256//3016
f 256//2856 257//2856 325//2856
f 325//2856 257//2856 293//2856
f 258//3053 326//3084 293//3085
f 326//3084 258//3053 294//3052
f 259//3018 327//3086 294//3052
f 327//3086 259//3018 295//3054
f 295//3054 260//3019 2//2771
f 296//3055 328//3087 9//2778
f 261//3020 329//3088 296//3055
f 329//3088 261//3020 297//3056
f 262//3021 330//3089 297//3056
f 330//3089 262//3021 298//3057
f 331//3090 298//3057 263//3022
f 299//3058 331//3090 263//3022
f 264//3023 300//3059 299//3058
f 305//3064 301//3060 238//2999
f 301//3060 302//3061 235//2996
f 302//3061 303//3062 236//2997
f 303//3062 304//3063 237//2998
f 300//3059 265//3024 332//3091
f 266//3025 333//3092 265//3024
f 267//3026 334//3093 266//3025
f 304//3063 335//3094 267//3026
f 268//3027 336//3095 272//3031
f 269//3028 337//3096 268//3027
f 270//3029 338//3097 269//3028
f 271//3030 339//3098 270//3029
f 284//3043 340//3099 271//3030
f 272//3031 341//3100 273//3032
f 273//3032 342//3101 274//3033
f 274//3033 343//3102 275//3034
f 275//3034 344//3103 305//3064
f 276//3035 345//3104 306//3065
f 307//3066 345//3104 276//3035
f 307//3066 277//3036 346//3105
f 308//3067 310//3069 241//3002
f 278//3037 347//3106 308//3067
f 309//3068 348//3107 278//3037
f 349//3108 309//3068 2//2771
f 310//3069 346//3105 277//3036
f 279//3038 280//3039 350//3109
f 306//3065 351//3110 280//3039
f 281//3040 311//3070 352//3111
f 353//3112 311//3070 243//3004
f 279//3038 350//3109 312//3071
f 243//3004 312//3071 353//3112
f 352//3111 313//3072 281//3040
f 282//3041 313//3072 354//3113
f 283//3042 282//3041 355//3114
f 355//3114 314//3073 283//3042
f 315//3074 247//3008 314//3073
f 356//3115 284//3043 315//3074
f 316//3075 9//2778 357//3116
f 316//3075 358//3117 285//3044
f 285//3044 358//3117 317//3076
f 286//3045 317//3076 359//452
f 359//452 318//3077 286//3045
f 287//2856 318//2856 360//2856
f 319//2856 287//2856 360//2856
f 288//3078 319//3118 361//3119
f 361//3119 320//3079 288//3078
f 320//3079 362//3120 289//3048
f 362//3120 321//3080 289//3048
f 290//3049 321//3080 2//2771
f 322//3081 327//3086 2//2771
f 326//3084 322//3081 291//3050
f 326//3084 291//3050 323//3082
f 292//3051 325//550 323//3082
f 325//550 292//3051 324//3083
f 324//2856 256//2856 325//2856
f 293//3085 323//3082 325//550
f 323//3082 293//3085 326//3084
f 294//3052 322//3081 326//3084
f 294//3052 327//3086 322//3081
f 327//3086 295//3054 2//2771
f 9//2778 328//3087 363//3121
f 296//3055 364//3122 328//3087
f 364//3122 296//3055 329//3088
f 297//3056 365//3123 329//3088
f 365//3123 297//3056 330//3089
f 298//3057 366//3124 330//3089
f 331//3090 366//3124 298//3057
f 299//3058 332//3091 331//3090
f 332//3091 299//3058 300//3059
f 301//3060 305//3064 367//3125
f 302//3061 301//3060 368//3126
f 303//3062 302//3061 369//3127
f 303//3062 369//3127 304//3063
f 370//3128 332//3091 265//3024
f 370//3128 265//3024 333//3092
f 333//3092 266//3025 334//3093
f 334//3093 267//3026 335//3094
f 335//3094 304//3063 371//3129
f 341//3100 272//3031 336//3095
f 336//3095 268//3027 337//3096
f 337//3096 269//3028 338//3097
f 338//3097 270//3029 339//3098
f 339//3098 271//3030 340//3099
f 340//3099 284//3043 372//3130
f 342//3101 273//3032 341//3100
f 343//3102 274//3033 342//3101
f 344//3103 275//3034 343//3102
f 373//3131 305//3064 344//3103
f 345//3104 374//3132 306//3065
f 345//3104 307//3066 375//3133
f 346//3105 375//3133 307//3066
f 308//3067 376//3134 310//3069
f 308//3067 347//3106 376//3134
f 278//3037 377//3135 347//3106
f 348//3107 378//3136 278//3037
f 309//3068 379//3137 348//3107
f 309//3068 349//3108 380//3138
f 381//3139 349//3108 2//2771
f 346//3105 310//3069 382//3140
f 350//3109 280//3039 351//3110
f 306//3065 374//3132 351//3110
f 383//3141 352//3111 311//3070
f 311//3070 353//3112 383//3141
f 350//3109 384//3142 312//3071
f 312//3071 385//3143 353//3112
f 313//3072 352//3111 354//3113
f 386//3144 282//3041 354//3113
f 386//3144 355//3114 282//3041
f 314//3073 355//3114 315//3074
f 356//3115 372//3130 284//3043
f 315//3074 387//3145 356//3115
f 357//3116 9//2778 388//3146
f 357//3116 389//3147 316//3075
f 316//3075 389//3147 358//3117
f 317//3076 358//3117 390//3148
f 390//3148 359//452 317//3076
f 318//2856 359//2856 391//2856
f 360//2856 318//2856 391//2856
f 319//3118 360//3149 392//3150
f 392//3150 361//3119 319//3118
f 361//3119 393//3151 320//3079
f 393//3151 362//3120 320//3079
f 321//3080 362//3120 2//2771
f 394//3152 363//3121 328//3087
f 9//2778 363//3121 395//3153
f 396//3154 328//3087 364//3122
f 329//3088 397//3155 364//3122
f 397//3155 329//3088 365//3123
f 330//3089 398//3156 365//3123
f 398//3156 330//3089 366//3124
f 331//3090 399//3157 366//3124
f 399//3157 331//3090 332//3091
f 373//3131 367//3125 305//3064
f 367//3125 368//3126 301//3060
f 368//3126 369//3127 302//3061
f 400//3158 304//3063 369//3127
f 332//3091 370//3128 399//3157
f 333//3092 401//3159 370//3128
f 334//3093 402//3160 333//3092
f 335//3094 403//3161 334//3093
f 400//3158 371//3129 304//3063
f 371//3129 404//3162 335//3094
f 336//3095 405//3163 341//3100
f 337//3096 406//3164 336//3095
f 338//3097 407//3165 337//3096
f 339//3098 408//3166 338//3097
f 340//3099 409//3167 339//3098
f 372//3130 410//3168 340//3099
f 341//3100 411//3169 342//3101
f 342//3101 412//3170 343//3102
f 343//3102 413//3171 344//3103
f 344//3103 414//3172 373//3131
f 374//3132 345//3104 415//3173
f 375//3133 415//3173 345//3104
f 346//3105 416//3174 375//3133
f 376//3134 382//3140 310//3069
f 376//3134 347//3106 417//3175
f 377//3135 417//3175 347//3106
f 278//3037 418//3176 377//3135
f 378//3136 419//3177 278//3037
f 420//3178 378//3136 348//3107
f 420//3178 348//3107 379//3137
f 379//3137 309//3068 380//3138
f 380//3138 349//3108 392//3150
f 349//3108 381//3139 392//3150
f 393//3151 381//3139 2//2771
f 346//3105 382//3140 416//3174
f 351//3110 421//3179 350//3109
f 374//3132 422//3180 351//3110
f 352//3111 383//3141 423//3181
f 424//3182 383//3141 353//3112
f 385//3143 312//3071 384//3142
f 384//3142 350//3109 421//3179
f 424//3182 353//3112 385//3143
f 423//3181 354//3113 352//3111
f 386//3144 354//3113 425//3183
f 355//3114 386//3144 387//3145
f 387//3145 315//3074 355//3114
f 356//3115 426//3184 372//3130
f 426//3184 356//3115 387//3145
f 388//3146 9//2778 427//3185
f 388//3146 428//3186 357//3116
f 389//3147 357//3116 428//3186
f 358//3117 389//3147 429//3187
f 429//3187 390//3148 358//3117
f 359//2856 390//2856 430//2856
f 391//2856 359//2856 430//2856
f 360//3149 391//3188 380//3138
f 380//3138 392//3150 360//3149
f 392//3150 381//3139 361//3119
f 381//3139 393//3151 361//3119
f 362//3120 393//3151 2//2771
f 394//3152 431//3189 363//3121
f 396//3154 394//3152 328//3087
f 432//3190 395//3153 363//3121
f 433//3191 9//2778 395//3153
f 364//3122 434//3192 396//3154
f 434//3192 364//3122 397//3155
f 365//3123 435//3193 397//3155
f 435//3193 365//3123 398//3156
f 366//3124 436//3194 398//3156
f 436//3194 366//3124 399//3157
f 367//3125 373//3131 437//3195
f 368//3126 367//3125 438//3196
f 368//3126 438//3196 369//3127
f 400//3158 369//3127 439//3197
f 440//3198 399//3157 370//3128
f 440//3198 370//3128 401//3159
f 401//3159 333//3092 402//3160
f 402//3160 334//3093 403//3161
f 403//3161 335//3094 404//3162
f 371//3129 400//3158 441//3199
f 404//3162 371//3129 442//3200
f 411//3169 341//3100 405//3163
f 405//3163 336//3095 406//3164
f 406//3164 337//3096 407//3165
f 407//3165 338//3097 408//3166
f 408//3166 339//3098 409//3167
f 409//3167 340//3099 410//3168
f 410//3168 372//3130 443//3201
f 412//3170 342//3101 411//3169
f 413//3171 343//3102 412//3170
f 414//3172 344//3103 413//3171
f 444//3202 373//3131 414//3172
f 415//3173 445//3203 374//3132
f 415//3173 375//3133 446//3204
f 416//3174 446//3204 375//3133
f 382//3140 376//3134 447//3205
f 417//3175 447//3205 376//3134
f 417//3175 377//3135 448//3206
f 418//3176 448//3206 377//3135
f 278//3037 449//3207 418//3176
f 419//3177 450//3208 278//3037
f 451//3209 419//3177 378//3136
f 451//3209 378//3136 420//3178
f 420//3178 379//3137 430//358
f 379//3137 380//3138 391//3188
f 382//3140 452//3210 416//3174
f 351//3110 422//3180 421//3179
f 422//3180 374//3132 445//3203
f 453//3211 423//3181 383//3141
f 383//3141 424//3182 453//3211
f 384//3142 454//3212 385//3143
f 421//3179 455//3213 384//3142
f 385//3143 456//3214 424//3182
f 354//3113 423//3181 457//3215
f 457//3215 425//3183 354//3113
f 425//3183 387//3145 386//3144
f 458//3216 372//3130 426//3184
f 387//3145 425//3183 426//3184
f 427//3185 9//2778 459//3217
f 427//3185 460//3218 388//3146
f 388//3146 460//3218 428//3186
f 389//3147 428//3186 461//3219
f 461//3219 429//3187 389//3147
f 390//2856 429//2856 462//2856
f 430//2856 390//2856 462//2856
f 391//3188 430//358 379//3137
f 431//3189 463//3220 363//3121
f 394//3152 464//3221 431//3189
f 464//3221 394//3152 396//3154
f 395//3153 432//3190 465//3222
f 432//3190 363//3121 466//3223
f 467//3224 9//2778 433//3191
f 395//3153 468//3225 433//3191
f 469//3226 396//3154 434//3192
f 397//3155 470//3227 434//3192
f 470//3227 397//3155 435//3193
f 398//3156 471//3228 435//3193
f 471//3228 398//3156 436//3194
f 399//3157 440//3198 436//3194
f 444//3202 437//3195 373//3131
f 437//3195 438//3196 367//3125
f 472//3229 369//3127 438//3196
f 472//3229 439//3197 369//3127
f 439//3197 441//3199 400//3158
f 401//3159 473//3230 440//3198
f 401//3159 402//3160 473//3230
f 403//3161 474//3231 402//3160
f 404//3162 475//3232 403//3161
f 441//3199 442//3200 371//3129
f 442//3200 476//3233 404//3162
f 405//3163 477//3234 411//3169
f 406//3164 478//3235 405//3163
f 407//3165 479//3236 406//3164
f 408//3166 480//3237 407//3165
f 409//3167 481//3238 408//3166
f 410//3168 482//3239 409//3167
f 458//3216 443//3201 372//3130
f 443//3201 483//3240 410//3168
f 411//3169 484//3241 412//3170
f 412//3170 485//3242 413//3171
f 413//3171 486//3243 414//3172
f 414//3172 487//3244 444//3202
f 445//3203 415//3173 488//3245
f 446//3204 488//3245 415//3173
f 446//3204 416//3174 489//3246
f 382//3140 447//3205 452//3210
f 447//3205 417//3175 490//3247
f 448//3206 490//3247 417//3175
f 418//3176 491//3248 448//3206
f 418//3176 449//3207 491//3248
f 278//3037 492//3249 449//3207
f 450//3208 493//3250 278//3037
f 494//3251 450//3208 419//3177
f 494//3251 419//3177 451//3209
f 451//3209 420//3178 462//3252
f 430//358 462//3252 420//3178
f 452//3210 489//3246 416//3174
f 422//3180 495//3253 421//3179
f 445//3203 496//3254 422//3180
f 423//3181 453//3211 497//3255
f 498//3256 453//3211 424//3182
f 456//3214 385//3143 454//3212
f 454//3212 384//3142 455//3213
f 421//3179 495//3253 455//3213
f 498//3256 424//3182 456//3214
f 497//3255 457//3215 423//3181
f 425//3183 457//3215 499//3257
f 426//3184 499//3257 458//3216
f 499//3257 426//3184 425//3183
f 459//3217 9//2778 500//3258
f 459//3217 501//3259 427//3185
f 427//3185 501//3259 460//3218
f 428//3186 460//3218 502//3260
f 502//3260 461//3219 428//3186
f 429//2856 461//2856 503//2856
f 462//2856 429//2856 503//2856
f 463//3220 504//3261 363//3121
f 431//3189 505//3262 463//3220
f 505//3262 431//3189 464//3221
f 469//3226 464//3221 396//3154
f 465//3222 432//3190 506//3263
f 468//3225 395//3153 465//3222
f 466//3223 363//3121 507//3264
f 432//3190 466//3223 506//3263
f 508//3265 9//2778 467//3224
f 433//3191 509//3266 467//3224
f 433//3191 468//3225 509//3266
f 434//3192 510//3267 469//3226
f 510//3267 434//3192 470//3227
f 435//3193 511//3268 470//3227
f 511//3268 435//3193 471//3228
f 436//3194 512//3269 471//3228
f 512//3269 436//3194 440//3198
f 444//3202 513//3270 437//3195
f 438//3196 437//3195 514//3271
f 472//3229 438//3196 515//3272
f 439//3197 472//3229 516//3273
f 441//3199 439//3197 517//3274
f 512//3269 440//3198 473//3230
f 518//3275 473//3230 402//3160
f 518//3275 402//3160 474//3231
f 474//3231 403//3161 475//3232
f 475//3232 404//3162 476//3233
f 442//3200 441//3199 519//3276
f 476//3233 442//3200 520//3277
f 484//3241 411//3169 477//3234
f 477//3234 405//3163 478//3235
f 478//3235 406//3164 479//3236
f 479//3236 407//3165 480//3237
f 480//3237 408//3166 481//3238
f 481//3238 409//3167 482//3239
f 482//3239 410//3168 483//3240
f 458//3216 521//3278 443//3201
f 483//3240 443//3201 522//3279
f 485//3242 412//3170 484//3241
f 486//3243 413//3171 485//3242
f 487//3244 414//3172 486//3243
f 513//3270 444//3202 487//3244
f 488//3245 523//3280 445//3203
f 488//3245 446//3204 524//3281
f 489//3246 524//3281 446//3204
f 452//3210 447//3205 525//3282
f 490//3247 525//3282 447//3205
f 490//3247 448//3206 526//3283
f 491//3248 526//3283 448//3206
f 491//3248 449//3207 527//3284
f 492//3249 527//3284 449//3207
f 278//3037 528//3285 492//3249
f 493//3250 529//3286 278//3037
f 530//3287 493//3250 450//3208
f 530//3287 450//3208 494//3251
f 494//3251 451//3209 503//3288
f 462//3252 503//3288 451//3209
f 489//3246 452//3210 531//3289
f 495//3253 422//3180 496//3254
f 496//3254 445//3203 523//3280
f 532//3290 497//3255 453//3211
f 453//3211 498//3256 532//3290
f 454//3212 533//3291 456//3214
f 455//3213 534//3292 454//3212
f 495//3253 535//3293 455//3213
f 498//3256 456//3214 536//3294
f 457//3215 497//3255 537//3295
f 537//3295 499//3257 457//3215
f 521//3278 458//3216 499//3257
f 500//3258 9//2778 538//3296
f 500//3258 539//3297 459//3217
f 459//3217 539//3297 501//3259
f 460//3218 501//3259 540//3298
f 540//3298 502//3260 460//3218
f 461//2856 502//2856 541//2856
f 503//2856 461//2856 541//2856
f 504//3261 542//3299 363//3121
f 463//3220 543//3300 504//3261
f 543//3300 463//3220 505//3262
f 464//3221 544//3301 505//3262
f 544//3301 464//3221 469//3226
f 465//3222 506//3263 545//3302
f 465//3222 545//3302 468//3225
f 507//3264 363//3121 546//3303
f 466//3223 507//3264 547//3304
f 506//3263 466//3223 547//3304
f 548//3305 9//2778 508//3265
f 467//3224 549//3306 508//3265
f 467//3224 509//3266 549//3306
f 468//3225 550//362 509//3266
f 551//3307 469//3226 510//3267
f 552//3308 510//3267 470//3227
f 552//3308 470//3227 511//3268
f 471//3228 553//3309 511//3268
f 553//3309 471//3228 512//3269
f 554//3310 437//3195 513//3270
f 554//3310 514//3271 437//3195
f 514//3271 515//3272 438//3196
f 515//3272 516//3273 472//3229
f 516//3273 517//3274 439//3197
f 517//3274 519//3276 441//3199
f 473//3230 555//3311 512//3269
f 518//3275 556//3312 473//3230
f 474//3231 557//3313 518//3275
f 475//3232 558//3314 474//3231
f 476//3233 559//3315 475//3232
f 519//3276 520//3277 442//3200
f 520//3277 560//3316 476//3233
f 477//3234 561//3317 484//3241
f 478//3235 562//3318 477//3234
f 479//3236 563//3319 478//3235
f 480//3237 564//3320 479//3236
f 481//3238 565//3321 480//3237
f 482//3239 566//3322 481//3238
f 483//3240 567//3323 482//3239
f 568//3324 443//3201 521//3278
f 568//3324 522//3279 443//3201
f 522//3279 569//3325 483//3240
f 484//3241 570//3326 485//3242
f 485//3242 571//3327 486//3243
f 486//3243 572//3328 487//3244
f 487//3244 573//3329 513//3270
f 523//3280 488//3245 574//3330
f 524//3281 574//3330 488//3245
f 524//3281 489//3246 575//3331
f 525//3282 531//3289 452//3210
f 525//3282 490//3247 576//3332
f 526//3283 576//3332 490//3247
f 526//3283 491//3248 577//3333
f 527//3284 577//3333 491//3248
f 492//3249 578//3334 527//3284
f 528//3285 578//3334 492//3249
f 579//3335 528//3285 278//3037
f 529//3286 580//3336 278//3037
f 581//3337 529//3286 493//3250
f 581//3337 493//3250 530//3287
f 530//3287 494//3251 541//3338
f 503//3288 541//3338 494//3251
f 531//3289 575//3331 489//3246
f 496//3254 582//3339 495//3253
f 523//3280 583//3340 496//3254
f 497//3255 532//3290 584//3341
f 536//3294 532//3290 498//3256
f 585//3342 456//3214 533//3291
f 533//3291 454//3212 534//3292
f 455//3213 535//3293 534//3292
f 535//3293 495//3253 582//3339
f 585//3342 536//3294 456//3214
f 584//3341 537//3295 497//3255
f 499//3257 537//3295 521//3278
f 538//3296 9//2778 586//3343
f 538//3296 587//3344 500//3258
f 500//3258 587//3344 539//3297
f 501//3259 539//3297 588//251
f 588//251 540//3298 501//3259
f 502//2856 540//2856 589//2856
f 541//2856 502//2856 589//2856
f 542//3299 590//3345 363//3121
f 504//3261 591//3346 542//3299
f 591//3346 504//3261 543//3300
f 505//3262 592//3347 543//3300
f 592//3347 505//3262 544//3301
f 551//3307 544//3301 469//3226
f 593//3348 545//3302 506//3263
f 550//362 468//3225 545//3302
f 546//3303 363//3121 594//3349
f 507//3264 546//3303 595//3350
f 547//3304 507//3264 595//3350
f 547//3304 596//3351 506//3263
f 597//3352 9//2778 548//3305
f 508//3265 598//3353 548//3305
f 508//3265 549//3306 598//3353
f 509//3266 599//3354 549//3306
f 599//3354 509//3266 550//362
f 510//3267 600//3355 551//3307
f 552//3308 600//3355 510//3267
f 511//3268 601//3356 552//3308
f 601//3356 511//3268 553//3309
f 553//3309 512//3269 555//3311
f 554//3310 513//3270 602//3357
f 514//3271 554//3310 603//3358
f 515//3272 514//3271 604//3359
f 516//3273 515//3272 605//3360
f 517//3274 516//3273 606//3361
f 519//3276 517//3274 607//3362
f 555//3311 473//3230 556//3312
f 556//3312 518//3275 557//3313
f 557//3313 474//3231 558//3314
f 558//3314 475//3232 559//3315
f 559//3315 476//3233 560//3316
f 520//3277 519//3276 608//3363
f 560//3316 520//3277 609//3364
f 570//3326 484//3241 561//3317
f 561//3317 477//3234 562//3318
f 562//3318 478//3235 563//3319
f 563//3319 479//3236 564//3320
f 564//3320 480//3237 565//3321
f 565//3321 481//3238 566//3322
f 566//3322 482//3239 567//3323
f 567//3323 483//3240 569//3325
f 521//3278 610//3365 568//3324
f 568//3324 611//3366 522//3279
f 569//3325 522//3279 612//3367
f 571//3327 485//3242 570//3326
f 572//3328 486//3243 571//3327
f 573//3329 487//3244 572//3328
f 613//3368 513//3270 573//3329
f 574//3330 614//3369 523//3280
f 574//3330 524//3281 615//3370
f 575//3331 615//3370 524//3281
f 531//3289 525//3282 616//3371
f 576//3332 616//3371 525//3282
f 576//3332 526//3283 617//3372
f 577//3333 617//3372 526//3283
f 527//3284 578//3334 577//3333
f 618//3373 578//3334 528//3285
f 579//3335 618//3373 528//3285
f 619//3374 579//3335 278//3037
f 580//3336 620//3375 278//3037
f 621//3376 580//3336 529//3286
f 621//3376 529//3286 581//3337
f 581//3337 530//3287 589//3377
f 541//3338 589//3377 530//3287
f 575//3331 531//3289 622//3378
f 582//3339 496//3254 583//3340
f 583//3340 523//3280 614//3369
f 623//3379 584//3341 532//3290
f 532//3290 536//3294 623//3379
f 585//3342 533//3291 624//3380
f 534//3292 625//3381 533//3291
f 535//3293 626//3382 534//3292
f 582//3339 627//3383 535//3293
f 536//3294 585//3342 628//3384
f 537//3295 584//3341 610//3365
f 610//3365 521//3278 537//3295
f 586//3343 9//2778 629//3385
f 586//3343 630//3386 538//3296
f 538//3296 630//3386 587//3344
f 539//3297 587//3344 631//3387
f 631//3387 588//251 539//3297
f 540//2856 588//2856 632//2856
f 589//2856 540//2856 632//2856
f 590//3345 633//3388 363//3121
f 542//3299 634//3389 590//3345
f 634//3389 542//3299 591//3346
f 543//3300 635//3390 591//3346
f 635//3390 543//3300 592//3347
f 544//3301 636//3391 592//3347
f 636//3391 544//3301 551//3307
f 545//2856 593//2856 550//2856
f 593//3348 506//3263 596//3351
f 594//3349 363//3121 637//3392
f 546//3303 594//3349 638//3393
f 595//3350 546//3303 638//3393
f 595//3350 639//3394 547//3304
f 596//3351 547//3304 639//3394
f 640//3395 9//2778 597//3352
f 548//3305 641//3396 597//3352
f 548//3305 598//3353 641//3396
f 598//3353 549//3306 642//257
f 643//3397 549//3306 599//3354
f 599//2856 550//2856 596//2856
f 644//3398 551//3307 600//3355
f 552//3308 645//3399 600//3355
f 645//3399 552//3308 601//3356
f 553//3309 555//3311 601//3356
f 613//3368 602//3357 513//3270
f 602//3357 603//3358 554//3310
f 603//3358 604//3359 514//3271
f 604//3359 605//3360 515//3272
f 605//3360 606//3361 516//3273
f 606//3361 607//3362 517//3274
f 607//3362 608//3363 519//3276
f 555//3311 556//3312 646//3400
f 557//3313 647//3401 556//3312
f 557//3313 558//3314 647//3401
f 559//3315 648//3402 558//3314
f 560//3316 649//3403 559//3315
f 608//3363 609//3364 520//3277
f 609//3364 650//3404 560//3316
f 561//3317 651//3405 570//3326
f 562//3318 652//3406 561//3317
f 563//3319 653//3407 562//3318
f 564//3320 654//3408 563//3319
f 565//3321 655//3409 564//3320
f 566//3322 656//3410 565//3321
f 567//3323 657//3411 566//3322
f 569//3325 658//3412 567//3323
f 611//3366 568//3324 610//3365
f 659//3413 522//3279 611//3366
f 659//3413 612//3367 522//3279
f 612//3367 660//3414 569//3325
f 570//3326 661//3415 571//3327
f 571//3327 662//3416 572//3328
f 572//3328 663//3417 573//3329
f 573//3329 664//3418 613//3368
f 614//3369 574//3330 665//3419
f 615//3370 665//3419 574//3330
f 615//3370 575//3331 666//3420
f 616//3371 622//3378 531//3289
f 616//3371 576//3332 667//3421
f 617//3372 667//3421 576//3332
f 577//3333 668//3422 617//3372
f 668//3422 577//3333 578//3334
f 578//3334 618//3373 668//3422
f 579//3335 619//3374 618//3373
f 669//3423 619//3374 278//3037
f 620//3375 670//3424 278//3037
f 671//3425 620//3375 580//3336
f 671//3425 580//3336 621//3376
f 621//3376 581//3337 632//3426
f 589//3377 632//3426 581//3337
f 622//3378 666//3420 575//3331
f 582//3339 583//3340 627//3383
f 614//3369 672//3427 583//3340
f 584//3341 623//3379 673//3428
f 628//3384 623//3379 536//3294
f 674//3429 624//3380 533//3291
f 624//3380 628//3384 585//3342
f 674//3429 533//3291 625//3381
f 534//3292 626//3382 625//3381
f 626//3382 535//3293 627//3383
f 673//3428 610//3365 584//3341
f 629//3385 9//2778 675//3430
f 629//3385 676//3431 586//3343
f 586//3343 676//3431 630//3386
f 587//3344 630//3386 677//3432
f 677//3432 631//3387 587//3344
f 588//2856 631//2856 678//2856
f 632//2856 588//2856 678//2856
f 633//3388 679//3433 363//3121
f 590//3345 680//3434 633//3388
f 680//3434 590//3345 634//3389
f 591//3346 681//3435 634//3389
f 681//3435 591//3346 635//3390
f 592//3347 682//3436 635//3390
f 682//3436 592//3347 636//3391
f 644//3398 636//3391 551//3307
f 596//2856 550//2856 593//2856
f 278//3037 637//3392 363//3121
f 594//3349 637//3392 683//3437
f 638//3393 594//3349 683//3437
f 638//3393 684//3438 595//3350
f 639//3394 595//3350 684//3438
f 639//2856 599//2856 596//2856
f 685//3439 9//2778 640//3395
f 597//3352 686//3440 640//3395
f 597//3352 641//3396 686//3440
f 598//3353 642//257 641//3396
f 643//3397 642//257 549//3306
f 643//2856 599//2856 639//2856
f 600//3355 687//3441 644//3398
f 687//3441 600//3355 645//3399
f 601//3356 646//3400 645//3399
f 646//3400 601//3356 555//3311
f 602//3357 613//3368 688//3442
f 603//3358 602//3357 689//3443
f 604//3359 603//3358 690//3444
f 605//3360 604//3359 691//3445
f 606//3361 605//3360 692//3446
f 606//3361 692//3446 607//3362
f 608//3363 607//3362 693//3447
f 694//3448 646//3400 556//3312
f 694//3448 556//3312 647//3401
f 695//3449 647//3401 558//3314
f 695//3449 558//3314 648//3402
f 648//3402 559//3315 649//3403
f 649//3403 560//3316 650//3404
f 609//3364 608//3363 696//3450
f 650//3404 609//3364 697//3451
f 661//3415 570//3326 651//3405
f 651//3405 561//3317 652//3406
f 652//3406 562//3318 653//3407
f 653//3407 563//3319 654//3408
f 654//3408 564//3320 655//3409
f 655//3409 565//3321 656//3410
f 656//3410 566//3322 657//3411
f 657//3411 567//3323 658//3412
f 658//3412 569//3325 660//3414
f 610//3365 673//3428 611//3366
f 611//3366 698//3452 659//3413
f 612//3367 659//3413 699//3453
f 660//3414 612//3367 700//3454
f 662//3416 571//3327 661//3415
f 663//3417 572//3328 662//3416
f 664//3418 573//3329 663//3417
f 701//3455 613//3368 664//3418
f 614//3369 665//3419 672//3427
f 665//3419 615//3370 702//3456
f 666//3420 702//3456 615//3370
f 616//3371 667//3421 622//3378
f 617//3372 703//3457 667//3421
f 703//3457 617//3372 668//3422
f 704//3458 668//3422 618//3373
f 705//3459 618//3373 619//3374
f 619//3374 669//3423 705//3459
f 706//3460 669//3423 278//3037
f 670//3424 707//3461 278//3037
f 708//3462 670//3424 620//3375
f 708//3462 620//3375 671//3425
f 671//3425 621//3376 678//3463
f 632//3426 678//3463 621//3376
f 622//3378 709//3464 666//3420
f 710//3465 627//3383 583//3340
f 710//3465 583//3340 672//3427
f 711//3466 673//3428 623//3379
f 623//3379 628//3384 711//3466
f 624//3380 674//3429 712//3467
f 628//3384 624//3380 713//3468
f 674//3429 625//3381 714//3469
f 626//3382 715//3470 625//3381
f 626//3382 627//3383 715//3470
f 675//3430 9//2778 716//3471
f 675//3430 717//3472 629//3385
f 629//3385 717//3472 676//3431
f 630//3386 676//3431 718//162
f 718//162 677//3432 630//3386
f 631//2856 677//2856 719//2856
f 678//2856 631//2856 719//2856
f 679//3433 720//3473 363//3121
f 633//3388 721//3474 679//3433
f 721//3474 633//3388 680//3434
f 634//3389 722//3475 680//3434
f 722//3475 634//3389 681//3435
f 635//3390 723//3476 681//3435
f 723//3476 635//3390 682//3436
f 636//3391 724//3477 682//3436
f 724//3477 636//3391 644//3398
f 725//3478 637//3392 278//3037
f 278//3037 363//3121 726//3479
f 683//3437 637//3392 727//3480
f 683//3437 728//3481 638//3393
f 684//3438 638//3393 728//3481
f 684//2856 643//2856 639//2856
f 729//3482 9//2778 685//3439
f 640//3395 730//3483 685//3439
f 640//3395 686//3440 730//3483
f 641//3396 731//227 686//3440
f 731//227 641//3396 642//257
f 642//2856 643//2856 684//2856
f 732//3484 644//3398 687//3441
f 645//3399 733//3485 687//3441
f 733//3485 645//3399 646//3400
f 701//3455 688//3442 613//3368
f 688//3442 689//3443 602//3357
f 689//3443 690//3444 603//3358
f 690//3444 691//3445 604//3359
f 691//3445 692//3446 605//3360
f 734//3486 607//3362 692//3446
f 734//3486 693//3447 607//3362
f 693//3447 696//3450 608//3363
f 694//3448 735//3487 646//3400
f 647//3401 736//3488 694//3448
f 695//3449 737//3489 647//3401
f 648//3402 738//3490 695//3449
f 649//3403 739//3491 648//3402
f 650//3404 740//3492 649//3403
f 696//3450 697//3451 609//3364
f 697//3451 741//3493 650//3404
f 651//3405 742//3494 661//3415
f 652//3406 743//3495 651//3405
f 653//3407 744//3496 652//3406
f 654//3408 745//3497 653//3407
f 655//3409 746//3498 654//3408
f 656//3410 747//3499 655//3409
f 657//3411 748//3500 656//3410
f 658//3412 749//3501 657//3411
f 660//3414 750//3502 658//3412
f 698//3452 611//3366 673//3428
f 751//3503 659//3413 698//3452
f 751//3503 699//3453 659//3413
f 699//3453 700//3454 612//3367
f 700//3454 752//3504 660//3414
f 661//3415 753//3505 662//3416
f 662//3416 754//3506 663//3417
f 663//3417 755//3507 664//3418
f 664//3418 756//3508 701//3455
f 757//3509 672//3427 665//3419
f 702//3456 758//3510 665//3419
f 666//3420 759//3511 702//3456
f 709//3464 622//3378 667//3421
f 760//3512 667//3421 703//3457
f 761//3513 703//3457 668//3422
f 704//3458 761//3513 668//3422
f 618//3373 705//3459 704//3458
f 762//3514 705//3459 669//3423
f 669//3423 706//3460 762//3514
f 763//3515 706//3460 278//3037
f 707//3461 764//3516 278//3037
f 765//3517 707//3461 670//3424
f 765//3517 670//3424 708//3462
f 671//3425 719//3518 708//3462
f 678//3463 719//3518 671//3425
f 759//3511 666//3420 709//3464
f 627//3383 710//3465 766//3519
f 672//3427 767//3520 710//3465
f 673//3428 711//3466 698//3452
f 713//3468 711//3466 628//3384
f 714//3469 712//3467 674//3429
f 712//3467 713//3468 624//3380
f 768//3521 714//3469 625//3381
f 715//3470 768//3521 625//3381
f 766//3519 715//3470 627//3383
f 716//3471 9//2778 729//3482
f 716//3471 769//3522 675//3430
f 675//3430 769//3522 717//3472
f 676//3431 717//3472 770//3523
f 770//3523 718//162 676//3431
f 677//2856 718//2856 771//2856
f 719//2856 677//2856 771//2856
f 720//3473 772//3524 363//3121
f 679//3433 773//3525 720//3473
f 773//3525 679//3433 721//3474
f 680//3434 774//3526 721//3474
f 774//3526 680//3434 722//3475
f 681//3435 775//3527 722//3475
f 775//3527 681//3435 723//3476
f 682//3436 776//3528 723//3476
f 776//3528 682//3436 724//3477
f 732//3484 724//3477 644//3398
f 637//3392 725//3478 727//3480
f 777//3529 725//3478 278//3037
f 778//3530 726//3479 363//3121
f 726//3479 779//3531 278//3037
f 727//3480 780//137 683//3437
f 728//3481 683//3437 780//137
f 728//2856 642//2856 684//2856
f 685//3439 781//3532 729//3482
f 685//3439 730//3483 781//3532
f 686//3440 782//3533 730//3483
f 782//3533 686//3440 731//227
f 731//2856 642//2856 728//2856
f 687//3441 783//3534 732//3484
f 783//3534 687//3441 733//3485
f 733//3485 646//3400 735//3487
f 688//3442 701//3455 784//3535
f 689//3443 688//3442 785//3536
f 690//3444 689//3443 786//3537
f 691//3445 690//3444 787//3538
f 692//3446 691//3445 788//3539
f 734//3486 692//3446 789//3540
f 693//3447 734//3486 790//3541
f 696//3450 693//3447 791//3542
f 735//3487 694//3448 736//3488
f 736//3488 647//3401 737//3489
f 737//3489 695//3449 738//3490
f 738//3490 648//3402 739//3491
f 739//3491 649//3403 740//3492
f 740//3492 650//3404 741//3493
f 697//3451 696//3450 792//3543
f 741//3493 697//3451 793//3544
f 753//3505 661//3415 742//3494
f 742//3494 651//3405 743//3495
f 743//3495 652//3406 744//3496
f 744//3496 653//3407 745//3497
f 745//3497 654//3408 746//3498
f 746//3498 655//3409 747//3499
f 747//3499 656//3410 748//3500
f 748//3500 657//3411 749//3501
f 749//3501 658//3412 750//3502
f 750//3502 660//3414 752//3504
f 698//3452 794//3545 751//3503
f 699//3453 751//3503 795//3546
f 700//3454 699//3453 796//3547
f 752//3504 700//3454 797//3548
f 754//3506 662//3416 753//3505
f 755//3507 663//3417 754//3506
f 756//3508 664//3418 755//3507
f 798//3549 701//3455 756//3508
f 672//3427 757//3509 767//3520
f 757//3509 665//3419 758//3510
f 702//3456 799//3550 758//3510
f 799//3550 702//3456 759//3511
f 667//3421 760//3512 709//3464
f 703//3457 761//3513 760//3512
f 704//3458 800//3551 761//3513
f 800//3551 704//3458 705//3459
f 762//3514 801//3552 705//3459
f 802//3553 762//3514 706//3460
f 706//3460 763//3515 802//3553
f 803//3554 763//3515 278//3037
f 764//3516 804//3555 278//3037
f 805//3556 764//3516 707//3461
f 805//3556 707//3461 765//3517
f 765//3517 708//3462 771//3557
f 719//3518 771//3557 708//3462
f 709//3464 806//3558 759//3511
f 807//3559 766//3519 710//3465
f 807//3559 710//3465 767//3520
f 794//3545 698//3452 711//3466
f 711//3466 713//3468 794//3545
f 712//3467 714//3469 808//3560
f 713//3468 712//3467 809//3561
f 714//3469 768//3521 810//3562
f 715//3470 811//3563 768//3521
f 715//3470 766//3519 811//3563
f 729//3482 812//3564 716//3471
f 716//3471 812//3564 769//3522
f 769//3522 813//3565 717//3472
f 814//3566 770//3523 717//3472
f 718//2856 770//2856 815//2856
f 771//2856 718//2856 815//2856
f 772//3524 816//3567 363//3121
f 772//3524 720//3473 817//3568
f 818//3569 720//3473 773//3525
f 721//3474 819//3570 773//3525
f 819//3570 721//3474 774//3526
f 722//3475 820//3571 774//3526
f 820//3571 722//3475 775//3527
f 723//3476 821//3572 775//3527
f 821//3572 723//3476 776//3528
f 724//3477 822//3573 776//3528
f 822//3573 724//3477 732//3484
f 727//3480 725//3478 823//3574
f 725//3478 777//3529 823//3574
f 824//3575 777//3529 278//3037
f 726//3479 778//3530 825//3576
f 826//3577 778//3530 363//3121
f 779//3531 803//3554 278//3037
f 779//3531 726//3479 827//3578
f 780//137 727//3480 828//3579
f 780//2856 731//2856 728//2856
f 729//3482 781//3532 812//3564
f 730//3483 829//167 781//3532
f 829//167 730//3483 782//3533
f 782//2856 731//2856 780//2856
f 830//3580 732//3484 783//3534
f 733//3485 735//3487 783//3534
f 798//3549 784//3535 701//3455
f 784//3535 785//3536 688//3442
f 785//3536 786//3537 689//3443
f 786//3537 787//3538 690//3444
f 787//3538 788//3539 691//3445
f 788//3539 789//3540 692//3446
f 789//3540 790//3541 734//3486
f 790//3541 791//3542 693//3447
f 791//3542 792//3543 696//3450
f 736//3488 831//3581 735//3487
f 737//3489 832//3582 736//3488
f 737//3489 738//3490 832//3582
f 738//3490 739//3491 833//3583
f 740//3492 834//3584 739//3491
f 741//3493 835//3585 740//3492
f 792//3543 793//3544 697//3451
f 793//3544 836//3586 741//3493
f 742//3494 837//3587 753//3505
f 743//3495 838//3588 742//3494
f 744//3496 839//3589 743//3495
f 745//3497 840//3590 744//3496
f 746//3498 841//3591 745//3497
f 747//3499 842//3592 746//3498
f 748//3500 843//3593 747//3499
f 749//3501 844//3594 748//3500
f 750//3502 845//3595 749//3501
f 752//3504 846//3596 750//3502
f 847//3597 751//3503 794//3545
f 847//3597 795//3546 751//3503
f 795//3546 796//3547 699//3453
f 796//3547 797//3548 700//3454
f 797//3548 848//3598 752//3504
f 753//3505 849//3599 754//3506
f 754//3506 850//3600 755//3507
f 755//3507 851//3601 756//3508
f 756//3508 852//3602 798//3549
f 853//3603 767//3520 757//3509
f 757//3509 758//3510 853//3603
f 854//3604 758//3510 799//3550
f 759//3511 855//3605 799//3550
f 806//3558 709//3464 760//3512
f 856//3606 760//3512 761//3513
f 857//3607 761//3513 800//3551
f 801//3552 800//3551 705//3459
f 762//3514 802//3553 801//3552
f 858//3608 802//3553 763//3515
f 763//3515 803//3554 858//3608
f 804//3555 859//3609 278//3037
f 860//3610 804//3555 764//3516
f 860//3610 764//3516 805//3556
f 805//3556 765//3517 815//3611
f 771//3557 815//3611 765//3517
f 855//3605 759//3511 806//3558
f 766//3519 807//3559 861//3612
f 767//3520 862//3613 807//3559
f 809//3561 794//3545 713//3468
f 810//3562 808//3560 714//3469
f 808//3560 809//3561 712//3467
f 863//3614 810//3562 768//3521
f 811//3563 863//3614 768//3521
f 861//3612 811//3563 766//3519
f 812//3564 864//3615 769//3522
f 814//3566 717//3472 813//3565
f 813//3565 769//3522 864//3615
f 770//2856 814//2856 865//2856
f 815//2856 770//2856 865//2856
f 816//3567 866//3616 363//3121
f 816//3567 772//3524 867//3617
f 818//3569 817//3568 720//3473
f 817//3568 867//3617 772//3524
f 773//3525 868//3618 818//3569
f 868//3618 773//3525 819//3570
f 774//3526 869//3619 819//3570
f 869//3619 774//3526 820//3571
f 775//3527 870//3620 820//3571
f 870//3620 775//3527 821//3572
f 776//3528 871//3621 821//3572
f 871//3621 776//3528 822//3573
f 830//3580 822//3573 732//3484
f 823//3574 828//3579 727//3480
f 823//3574 777//3529 872//3622
f 777//3529 824//3575 872//3622
f 873//3623 824//3575 278//3037
f 874//3624 825//3576 778//3530
f 825//3576 827//3578 726//3479
f 778//3530 826//3577 874//3624
f 875//3625 826//3577 363//3121
f 803//3554 779//3531 876//3626
f 827//3578 876//3626 779//3531
f 828//2856 782//2856 780//2856
f 781//3532 877//3627 812//3564
f 877//3627 781//3532 829//167
f 829//2856 782//2856 828//2856
f 783//3534 878//3628 830//3580
f 878//3628 783//3534 735//3487
f 784//3535 798//3549 879//3629
f 785//3536 784//3535 880//3630
f 786//3537 785//3536 881//3631
f 787//3538 786//3537 882//3632
f 788//3539 787//3538 883//3633
f 789//3540 788//3539 884//3634
f 790//3541 789//3540 885//3635
f 791//3542 790//3541 886//3636
f 792//3543 791//3542 887//3637
f 878//3628 735//3487 831//3581
f 831//3581 736//3488 832//3582
f 833//3583 832//3582 738//3490
f 888//3638 833//3583 739//3491
f 888//3638 739//3491 834//3584
f 834//3584 740//3492 835//3585
f 835//3585 741//3493 836//3586
f 793//3544 792//3543 889//3639
f 836//3586 793//3544 890//3640
f 849//3599 753//3505 837//3587
f 837//3587 742//3494 838//3588
f 838//3588 743//3495 839//3589
f 839//3589 744//3496 840//3590
f 840//3590 745//3497 841//3591
f 841//3591 746//3498 842//3592
f 842//3592 747//3499 843//3593
f 843//3593 748//3500 844//3594
f 844//3594 749//3501 845//3595
f 845//3595 750//3502 846//3596
f 846//3596 752//3504 848//3598
f 794//3545 809//3561 847//3597
f 847//3597 891//3641 795//3546
f 796//3547 795//3546 892//3642
f 797//3548 796//3547 893//3643
f 848//3598 797//3548 894//3644
f 850//3600 754//3506 849//3599
f 851//3601 755//3507 850//3600
f 852//3602 756//3508 851//3601
f 895//3645 798//3549 852//3602
f 767//3520 853//3603 862//3613
f 896//3646 853//3603 758//3510
f 758//3510 854//3604 896//3646
f 854//3604 799//3550 897//3647
f 898//3648 799//3550 855//3605
f 760//3512 856//3606 806//3558
f 761//3513 857//3607 856//3606
f 800//3551 801//3552 857//3607
f 899//3649 801//3552 802//3553
f 802//3553 858//3608 899//3649
f 876//3626 858//3608 803//3554
f 859//3609 873//3623 278//3037
f 900//3650 859//3609 804//3555
f 900//3650 804//3555 860//3610
f 860//3610 805//3556 865//3651
f 815//3611 865//3651 805//3556
f 806//3558 901//3652 855//3605
f 902//3653 861//3612 807//3559
f 902//3653 807//3559 862//3613
f 808//3560 810//3562 903//3654
f 809//3561 808//3560 891//3641
f 810//3562 863//3614 904//3655
f 811//3563 905//3656 863//3614
f 811//3563 861//3612 905//3656
f 864//3615 812//3564 877//3627
f 814//2856 813//2856 906//2856
f 813//2856 864//2856 907//2856
f 865//2856 814//2856 906//2856
f 866//3616 908//3657 363//3121
f 866//3616 816//3567 909//3658
f 867//3617 909//3658 816//3567
f 817//3568 818//3569 910//3659
f 867//3617 817//3568 911//3660
f 912//3661 818//3569 868//3618
f 819//3570 913//3662 868//3618
f 913//3662 819//3570 869//3619
f 820//3571 914//3663 869//3619
f 914//3663 820//3571 870//3620
f 821//3572 915//3664 870//3620
f 915//3664 821//3572 871//3621
f 822//3573 916//3665 871//3621
f 916//3665 822//3573 830//3580
f 828//3579 823//3574 917//92
f 872//3622 917//92 823//3574
f 872//3622 824//3575 918//3666
f 824//3575 873//3623 918//3666
f 825//3576 874//3624 919//3667
f 827//3578 825//3576 920//3668
f 921//3669 874//3624 826//3577
f 826//3577 875//3625 921//3669
f 908//3657 875//3625 363//3121
f 876//3626 827//3578 922//3670
f 877//2856 829//2856 917//2856
f 917//2856 829//2856 828//2856
f 923//3671 830//3580 878//3628
f 895//3645 879//3629 798//3549
f 879//3629 880//3630 784//3535
f 880//3630 881//3631 785//3536
f 881//3631 882//3632 786//3537
f 882//3632 883//3633 787//3538
f 883//3633 884//3634 788//3539
f 884//3634 885//3635 789//3540
f 885//3635 886//3636 790//3541
f 886//3636 887//3637 791//3542
f 887//3637 889//3639 792//3543
f 831//3581 924//3672 878//3628
f 832//3582 925//3673 831//3581
f 833//3583 926//3674 832//3582
f 888//3638 927//3675 833//3583
f 834//3584 928//3676 888//3638
f 835//3585 929//3677 834//3584
f 836//3586 930//3678 835//3585
f 889//3639 890//3640 793//3544
f 836//3586 890//3640 930//3678
f 837//3587 931//3679 849//3599
f 838//3588 932//3680 837//3587
f 839//3589 933//3681 838//3588
f 840//3590 934//3682 839//3589
f 841//3591 935//3683 840//3590
f 842//3592 936//3684 841//3591
f 843//3593 937//3685 842//3592
f 844//3594 938//3686 843//3593
f 845//3595 939//3687 844//3594
f 846//3596 940//3688 845//3595
f 848//3598 941//3689 846//3596
f 891//3641 847//3597 809//3561
f 942//3690 795//3546 891//3641
f 942//3690 892//3642 795//3546
f 892//3642 893//3643 796//3547
f 893//3643 894//3644 797//3548
f 894//3644 943//3691 848//3598
f 849//3599 944//3692 850//3600
f 850//3600 945//3693 851//3601
f 851//3601 946//3694 852//3602
f 852//3602 947//3695 895//3645
f 948//3696 862//3613 853//3603
f 853//3603 896//3646 948//3696
f 949//3697 896//3646 854//3604
f 898//3648 897//3647 799//3550
f 897//3647 950//3698 854//3604
f 855//3605 951//3699 898//3648
f 901//3652 806//3558 856//3606
f 952//3700 856//3606 857//3607
f 953//3701 857//3607 801//3552
f 801//3552 899//3649 953//3701
f 954//3702 899//3649 858//3608
f 858//3608 876//3626 954//3702
f 955//3703 873//3623 859//3609
f 955//3703 859//3609 900//3650
f 900//3650 860//3610 906//55
f 865//3651 906//55 860//3610
f 951//3699 855//3605 901//3652
f 861//3612 902//3653 956//3704
f 902//3653 862//3613 957//3705
f 904//3655 903//3654 810//3562
f 903//3654 891//3641 808//3560
f 958//3706 904//3655 863//3614
f 905//3656 958//3706 863//3614
f 956//3704 905//3656 861//3612
f 864//2856 877//2856 959//2856
f 906//2856 813//2856 907//2856
f 907//2856 864//2856 959//2856
f 908//3657 866//3616 960//3707
f 909//3658 960//3707 866//3616
f 909//3658 867//3617 961//3708
f 912//3661 910//3659 818//3569
f 910//3659 911//3660 817//3568
f 911//3660 961//3708 867//3617
f 868//3618 962//3709 912//3661
f 962//3709 868//3618 913//3662
f 869//3619 963//3710 913//3662
f 963//3710 869//3619 914//3663
f 870//3620 964//3711 914//3663
f 964//3711 870//3620 915//3664
f 871//3621 965//3712 915//3664
f 965//3712 871//3621 916//3665
f 923//3671 916//3665 830//3580
f 917//92 872//3622 959//76
f 918//3666 959//76 872//3622
f 918//3666 873//3623 955//3703
f 966//3713 919//3667 874//3624
f 919//3667 920//3668 825//3576
f 920//3668 922//3670 827//3578
f 874//3624 921//3669 966//3713
f 967//3714 921//3669 875//3625
f 875//3625 908//3657 967//3714
f 922//3670 954//3702 876//3626
f 959//2856 877//2856 917//2856
f 923//3671 878//3628 924//3672
f 879//3629 895//3645 968//3715
f 880//3630 879//3629 969//3716
f 881//3631 880//3630 970//3717
f 882//3632 881//3631 971//3718
f 883//3633 882//3632 972//3719
f 884//3634 883//3633 973//3720
f 885//3635 884//3634 974//3721
f 886//3636 885//3635 975//3722
f 887//3637 886//3636 976//3723
f 889//3639 887//3637 977//3724
f 924//3672 831//3581 925//3673
f 925//3673 832//3582 926//3674
f 926//3674 833//3583 927//3675
f 927//3675 888//3638 928//3676
f 928//3676 834//3584 929//3677
f 929//3677 835//3585 930//3678
f 890//3640 889//3639 978//3725
f 979//3726 930//3678 890//3640
f 944//3692 849//3599 931//3679
f 931//3679 837//3587 932//3680
f 932//3680 838//3588 933//3681
f 933//3681 839//3589 934//3682
f 934//3682 840//3590 935//3683
f 935//3683 841//3591 936//3684
f 936//3684 842//3592 937//3685
f 937//3685 843//3593 938//3686
f 938//3686 844//3594 939//3687
f 939//3687 845//3595 940//3688
f 940//3688 846//3596 941//3689
f 941//3689 848//3598 943//3691
f 891//3641 903//3654 942//3690
f 892//3642 942//3690 980//3727
f 893//3643 892//3642 981//3728
f 894//3644 893//3643 982//3729
f 943//3691 894//3644 983//3730
f 945//3693 850//3600 944//3692
f 946//3694 851//3601 945//3693
f 947//3695 852//3602 946//3694
f 984//3731 895//3645 947//3695
f 948//3696 985//3732 862//3613
f 986//3733 948//3696 896//3646
f 896//3646 949//3697 986//3733
f 949//3697 854//3604 950//3698
f 898//3648 987//3734 897//3647
f 897//3647 988//3735 950//3698
f 987//3734 898//3648 951//3699
f 856//3606 952//3700 901//3652
f 857//3607 953//3701 952//3700
f 989//3736 953//3701 899//3649
f 899//3649 954//3702 989//3736
f 900//3650 906//55 955//3703
f 901//3652 990//3737 951//3699
f 957//3705 956//3704 902//3653
f 991//3738 957//3705 862//3613
f 903//3654 904//3655 992//3739
f 904//3655 958//3706 993//3740
f 958//3706 905//3656 994//3741
f 905//3656 956//3704 995//3742
f 907//3743 955//3703 906//55
f 959//76 918//3666 907//3743
f 960//3707 967//3714 908//3657
f 960//3707 909//3658 996//3744
f 961//3708 996//3744 909//3658
f 910//3659 912//3661 997//3745
f 911//3660 910//3659 998//3746
f 961//3708 911//3660 999//3747
f 1000//3748 912//3661 962//3709
f 913//3662 1001//3749 962//3709
f 1001//3749 913//3662 963//3710
f 914//3663 1002//3750 963//3710
f 1002//3750 914//3663 964//3711
f 915//3664 1003//3751 964//3711
f 1003//3751 915//3664 965//3712
f 916//3665 1004//3752 965//3712
f 1004//3752 916//3665 923//3671
f 955//3703 907//3743 918//3666
f 919//3667 966//3713 1005//3753
f 920//3668 919//3667 1006//3754
f 922//3670 920//3668 1007//3755
f 1008//3756 966//3713 921//3669
f 921//3669 967//3714 1008//3756
f 954//3702 922//3670 1009//3757
f 924//3672 1004//3752 923//3671
f 984//3731 968//3715 895//3645
f 968//3715 969//3716 879//3629
f 969//3716 970//3717 880//3630
f 970//3717 971//3718 881//3631
f 971//3718 972//3719 882//3632
f 972//3719 973//3720 883//3633
f 973//3720 974//3721 884//3634
f 974//3721 975//3722 885//3635
f 975//3722 976//3723 886//3636
f 976//3723 977//3724 887//3637
f 977//3724 978//3725 889//3639
f 924//3672 925//3673 1010//3758
f 925//3673 926//3674 1011//3759
f 926//3674 927//3675 1012//3760
f 928//3676 1013//3761 927//3675
f 928//3676 929//3677 1013//3761
f 929//3677 930//3678 1014//3762
f 978//3725 1015//3763 890//3640
f 930//3678 979//3726 1016//3764
f 979//3726 890//3640 1015//3763
f 931//3679 1017//3765 944//3692
f 932//3680 1018//3766 931//3679
f 933//3681 1019//3767 932//3680
f 934//3682 1020//3768 933//3681
f 935//3683 1021//3769 934//3682
f 936//3684 1022//3770 935//3683
f 937//3685 1023//3771 936//3684
f 938//3686 1024//3772 937//3685
f 939//3687 1025//3773 938//3686
f 940//3688 1026//3774 939//3687
f 941//3689 1027//3775 940//3688
f 943//3691 1028//3776 941//3689
f 992//3739 942//3690 903//3654
f 992//3739 980//3727 942//3690
f 980//3727 981//3728 892//3642
f 981//3728 982//3729 893//3643
f 982//3729 983//3730 894//3644
f 983//3730 1029//3777 943//3691
f 944//3692 1030//3778 945//3693
f 945//3693 1031//3779 946//3694
f 946//3694 1032//3780 947//3695
f 947//3695 1033//3781 984//3731
f 991//3738 862//3613 985//3732
f 985//3732 948//3696 1034//3782
f 986//3733 1034//3782 948//3696
f 1035//3783 986//3733 949//3697
f 950//3698 1036//3784 949//3697
f 988//3735 897//3647 987//3734
f 1037//3785 950//3698 988//3735
f 951//3699 1038//3786 987//3734
f 990//3737 901//3652 952//3700
f 1039//3787 952//3700 953//3701
f 953//3701 989//3736 1039//3787
f 1009//3757 989//3736 954//3702
f 1038//3786 951//3699 990//3737
f 956//3704 957//3705 1040//3788
f 957//3705 991//3738 1041//3789
f 993//3740 992//3739 904//3655
f 994//3741 993//3740 958//3706
f 995//3742 994//3741 905//3656
f 1040//3788 995//3742 956//3704
f 967//3714 960//3707 1042//3790
f 996//3744 1042//3790 960//3707
f 996//3744 961//3708 1043//3791
f 1000//3748 997//3745 912//3661
f 997//3745 998//3746 910//3659
f 998//3746 999//3747 911//3660
f 999//3747 1043//3791 961//3708
f 962//3709 1044//3792 1000//3748
f 1044//3792 962//3709 1001//3749
f 963//3710 1045//3793 1001//3749
f 1045//3793 963//3710 1002//3750
f 964//3711 1046//3794 1002//3750
f 1046//3794 964//3711 1003//3751
f 965//3712 1047//3795 1003//3751
f 1047//3795 965//3712 1004//3752
f 1048//3796 1005//3753 966//3713
f 1005//3753 1006//3754 919//3667
f 1006//3754 1007//3755 920//3668
f 1007//3755 1009//3757 922//3670
f 966//3713 1008//3756 1048//3796
f 1042//3790 1008//3756 967//3714
f 1010//3758 1004//3752 924//3672
f 968//3715 984//3731 1049//3797
f 969//3716 968//3715 1050//3798
f 970//3717 969//3716 1051//3799
f 971//3718 970//3717 1052//3800
f 972//3719 971//3718 1053//3801
f 973//3720 972//3719 1054//3802
f 973//3720 1054//3802 974//3721
f 975//3722 974//3721 1055//3803
f 976//3723 975//3722 1056//3804
f 977//3724 976//3723 1057//3805
f 977//3724 1057//3805 978//3725
f 925//3673 1011//3759 1010//3758
f 926//3674 1012//3760 1011//3759
f 927//3675 1058//3806 1012//3760
f 1058//3806 927//3675 1013//3761
f 929//3677 1014//3762 1013//3761
f 930//3678 1016//3764 1014//3762
f 1015//3763 978//3725 1059//3807
f 979//3726 1060//3808 1016//3764
f 979//3726 1015//3763 1060//3808
f 1030//3778 944//3692 1017//3765
f 1017//3765 931//3679 1018//3766
f 1018//3766 932//3680 1019//3767
f 1019//3767 933//3681 1020//3768
f 1020//3768 934//3682 1021//3769
f 1021//3769 935//3683 1022//3770
f 1022//3770 936//3684 1023//3771
f 1023//3771 937//3685 1024//3772
f 1024//3772 938//3686 1025//3773
f 1025//3773 939//3687 1026//3774
f 1026//3774 940//3688 1027//3775
f 1027//3775 941//3689 1028//3776
f 1028//3776 943//3691 1029//3777
f 980//3727 992//3739 1061//3809
f 981//3728 980//3727 1062//3810
f 982//3729 981//3728 1063//3811
f 983//3730 982//3729 1064//3812
f 1029//3777 983//3730 1065//3813
f 1031//3779 945//3693 1030//3778
f 1032//3780 946//3694 1031//3779
f 1033//3781 947//3695 1032//3780
f 1066//3814 984//3731 1033//3781
f 991//3738 985//3732 1067//3815
f 985//3732 1034//3782 1068//3816
f 986//3733 1035//3783 1034//3782
f 1035//3783 949//3697 1036//3784
f 950//3698 1037//3785 1036//3784
f 988//3735 987//3734 1069//3817
f 988//3735 1069//3817 1037//3785
f 1070//3818 987//3734 1038//3786
f 952//3700 1039//3787 990//3737
f 1071//3819 1039//3787 989//3736
f 989//3736 1009//3757 1071//3819
f 990//3737 1072//3820 1038//3786
f 1041//3789 1040//3788 957//3705
f 1067//3815 1041//3789 991//3738
f 993//3740 1061//3809 992//3739
f 994//3741 1073//3821 993//3740
f 995//3742 1074//3822 994//3741
f 995//3742 1040//3788 1074//3822
f 1042//3790 996//3744 1075//3823
f 1043//3791 1075//3823 996//3744
f 997//3745 1000//3748 1076//3824
f 998//3746 997//3745 1077//3825
f 999//3747 998//3746 1078//3826
f 1043//3791 999//3747 1079//3827
f 1080//3828 1000//3748 1044//3792
f 1001//3749 1081//3829 1044//3792
f 1081//3829 1001//3749 1045//3793
f 1002//3750 1082//3830 1045//3793
f 1082//3830 1002//3750 1046//3794
f 1003//3751 1083//3831 1046//3794
f 1083//3831 1003//3751 1047//3795
f 1004//3752 1010//3758 1047//3795
f 1005//3753 1048//3796 1084//3832
f 1006//3754 1005//3753 1085//3833
f 1007//3755 1006//3754 1086//3834
f 1009//3757 1007//3755 1087//3835
f 1088//3836 1048//3796 1008//3756
f 1008//3756 1042//3790 1088//3836
f 1066//3814 1049//3797 984//3731
f 1049//3797 1050//3798 968//3715
f 1050//3798 1051//3799 969//3716
f 1051//3799 1052//3800 970//3717
f 1052//3800 1053//3801 971//3718
f 1053//3801 1054//3802 972//3719
f 1089//3837 974//3721 1054//3802
f 1089//3837 1055//3803 974//3721
f 1055//3803 1056//3804 975//3722
f 1056//3804 1057//3805 976//3723
f 1090//3838 978//3725 1057//3805
f 1011//3759 1091//3839 1010//3758
f 1011//3759 1012//3760 1091//3839
f 1012//3760 1058//3806 1092//3840
f 1013//3761 1093//3841 1058//3806
f 1013//3761 1014//3762 1093//3841
f 1016//3764 1094//3842 1014//3762
f 1090//3838 1059//3807 978//3725
f 1015//3763 1059//3807 1095//3843
f 1060//3808 1096//3844 1016//3764
f 1015//3763 1095//3843 1060//3808
f 1017//3765 1097//3845 1030//3778
f 1018//3766 1098//3846 1017//3765
f 1019//3767 1099//3847 1018//3766
f 1020//3768 1100//3848 1019//3767
f 1021//3769 1101//3849 1020//3768
f 1022//3770 1102//3850 1021//3769
f 1023//3771 1103//3851 1022//3770
f 1024//3772 1104//3852 1023//3771
f 1025//3773 1105//3853 1024//3772
f 1026//3774 1106//3854 1025//3773
f 1027//3775 1107//3855 1026//3774
f 1028//3776 1108//3856 1027//3775
f 1029//3777 1109//3857 1028//3776
f 1061//3809 1062//3810 980//3727
f 1062//3810 1063//3811 981//3728
f 1063//3811 1064//3812 982//3729
f 1064//3812 1065//3813 983//3730
f 1065//3813 1110//3858 1029//3777
f 1030//3778 1111//3859 1031//3779
f 1031//3779 1112//3860 1032//3780
f 1032//3780 1113//3861 1033//3781
f 1033//3781 1114//3862 1066//3814
f 1068//3816 1067//3815 985//3732
f 1115//3863 1068//3816 1034//3782
f 1116//3864 1034//3782 1035//3783
f 1035//3783 1036//3784 1116//3864
f 1117//3865 1036//3784 1037//3785
f 1070//3818 1069//3817 987//3734
f 1118//3866 1037//3785 1069//3817
f 1038//3786 1119//3867 1070//3818
f 1072//3820 990//3737 1039//3787
f 1039//3787 1071//3819 1072//3820
f 1087//3835 1071//3819 1009//3757
f 1119//3867 1038//3786 1072//3820
f 1041//3789 1120//3868 1040//3788
f 1067//3815 1121//3869 1041//3789
f 1061//3809 993//3740 1073//3821
f 1074//3822 1073//3821 994//3741
f 1122//3870 1074//3822 1040//3788
f 1075//3823 1088//3836 1042//3790
f 1075//3823 1043//3791 1123//3871
f 1080//3828 1076//3824 1000//3748
f 1076//3824 1077//3825 997//3745
f 1077//3825 1078//3826 998//3746
f 1078//3826 1079//3827 999//3747
f 1079//3827 1123//3871 1043//3791
f 1044//3792 1124//3872 1080//3828
f 1124//3872 1044//3792 1081//3829
f 1045//3793 1125//3873 1081//3829
f 1125//3873 1045//3793 1082//3830
f 1046//3794 1126//3874 1082//3830
f 1126//3874 1046//3794 1083//3831
f 1047//3795 1127//3875 1083//3831
f 1127//3875 1047//3795 1010//3758
f 1128//3876 1084//3832 1048//3796
f 1084//3832 1085//3833 1005//3753
f 1085//3833 1086//3834 1006//3754
f 1086//3834 1087//3835 1007//3755
f 1048//3796 1088//3836 1128//3876
f 1066//3814 1129//3877 1049//3797
f 1050//3798 1049//3797 1130//3878
f 1051//3799 1050//3798 1131//3879
f 1052//3800 1051//3799 1132//3880
f 1052//3800 1132//3880 1053//3801
f 1054//3802 1053//3801 1133//3881
f 1089//3837 1054//3802 1134//3882
f 1089//3837 1134//3882 1055//3803
f 1056//3804 1055//3803 1135//3883
f 1057//3805 1056//3804 1136//3884
f 1137//3885 1090//3838 1057//3805
f 1127//3875 1010//3758 1091//3839
f 1092//3840 1091//3839 1012//3760
f 1138//3886 1092//3840 1058//3806
f 1138//3886 1058//3806 1093//3841
f 1139//3887 1093//3841 1014//3762
f 1139//3887 1014//3762 1094//3842
f 1094//3842 1016//3764 1096//3844
f 1059//3807 1090//3838 1140//3888
f 1059//3807 1141//3889 1095//3843
f 1096//3844 1060//3808 1142//3890
f 1095//3843 1142//3890 1060//3808
f 1111//3859 1030//3778 1097//3845
f 1097//3845 1017//3765 1098//3846
f 1098//3846 1018//3766 1099//3847
f 1099//3847 1019//3767 1100//3848
f 1100//3848 1020//3768 1101//3849
f 1101//3849 1021//3769 1102//3850
f 1102//3850 1022//3770 1103//3851
f 1103//3851 1023//3771 1104//3852
f 1104//3852 1024//3772 1105//3853
f 1105//3853 1025//3773 1106//3854
f 1106//3854 1026//3774 1107//3855
f 1107//3855 1027//3775 1108//3856
f 1108//3856 1028//3776 1109//3857
f 1109//3857 1029//3777 1110//3858
f 1062//3810 1061//3809 1143//3891
f 1063//3811 1062//3810 1144//3892
f 1064//3812 1063//3811 1145//3893
f 1065//3813 1064//3812 1146//3894
f 1110//3858 1065//3813 1147//3895
f 1112//3860 1031//3779 1111//3859
f 1113//3861 1032//3780 1112//3860
f 1114//3862 1033//3781 1113//3861
f 1129//3877 1066//3814 1114//3862
f 1067//3815 1068//3816 1121//3869
f 1068//3816 1115//3863 1148//3896
f 1034//3782 1116//3864 1115//3863
f 1149//3897 1116//3864 1036//3784
f 1117//3865 1150//3898 1036//3784
f 1037//3785 1118//3866 1117//3865
f 1070//3818 1151//3899 1069//3817
f 1069//3817 1152//3900 1118//3866
f 1151//3899 1070//3818 1119//3867
f 1153//3901 1072//3820 1071//3819
f 1071//3819 1087//3835 1153//3901
f 1072//3820 1153//3901 1119//3867
f 1122//3870 1040//3788 1120//3868
f 1120//3868 1041//3789 1121//3869
f 1073//3821 1143//3891 1061//3809
f 1074//3822 1154//3902 1073//3821
f 1074//3822 1122//3870 1154//3902
f 1088//3836 1075//3823 1155//3903
f 1123//3871 1155//3903 1075//3823
f 1076//3824 1080//3828 1156//3904
f 1077//3825 1076//3824 1157//3905
f 1078//3826 1077//3825 1158//3906
f 1079//3827 1078//3826 1159//3907
f 1123//3871 1079//3827 1160//3908
f 1161//3909 1080//3828 1124//3872
f 1081//3829 1162//3910 1124//3872
f 1162//3910 1081//3829 1125//3873
f 1082//3830 1163//3911 1125//3873
f 1163//3911 1082//3830 1126//3874
f 1126//3874 1083//3831 1164//3912
f 1165//3913 1083//3831 1127//3875
f 1084//3832 1128//3876 1166//3914
f 1085//3833 1084//3832 1167//3915
f 1086//3834 1085//3833 1168//3916
f 1087//3835 1086//3834 1169//3917
f 1155//3903 1128//3876 1088//3836
f 1170//3918 1049//3797 1129//3877
f 1170//3918 1130//3878 1049//3797
f 1130//3878 1131//3879 1050//3798
f 1131//3879 1132//3880 1051//3799
f 1171//3919 1053//3801 1132//3880
f 1171//3919 1133//3881 1053//3801
f 1133//3881 1134//3882 1054//3802
f 1172//3920 1055//3803 1134//3882
f 1172//3920 1135//3883 1055//3803
f 1135//3883 1136//3884 1056//3804
f 1136//3884 1137//3885 1057//3805
f 1137//3885 1140//3888 1090//3838
f 1091//3839 1173//3921 1127//3875
f 1092//3840 1174//3922 1091//3839
f 1138//3886 1175//3923 1092//3840
f 1093//3841 1176//3924 1138//3886
f 1139//3887 1177//3925 1093//3841
f 1139//3887 1094//3842 1177//3925
f 1094//3842 1096//3844 1178//3926
f 1059//3807 1140//3888 1141//3889
f 1141//3889 1179//3927 1095//3843
f 1096//3844 1142//3890 1180//3928
f 1142//3890 1095//3843 1179//3927
f 1097//3845 1181//3929 1111//3859
f 1098//3846 1182//3930 1097//3845
f 1099//3847 1183//3931 1098//3846
f 1100//3848 1184//3932 1099//3847
f 1101//3849 1185//3933 1100//3848
f 1102//3850 1186//3934 1101//3849
f 1103//3851 1187//3935 1102//3850
f 1104//3852 1188//3936 1103//3851
f 1105//3853 1189//3937 1104//3852
f 1106//3854 1190//3938 1105//3853
f 1107//3855 1191//3939 1106//3854
f 1108//3856 1192//3940 1107//3855
f 1109//3857 1193//3941 1108//3856
f 1110//3858 1194//3942 1109//3857
f 1143//3891 1144//3892 1062//3810
f 1144//3892 1145//3893 1063//3811
f 1145//3893 1146//3894 1064//3812
f 1146//3894 1147//3895 1065//3813
f 1147//3895 1195//3943 1110//3858
f 1111//3859 1196//3944 1112//3860
f 1112//3860 1197//3945 1113//3861
f 1113//3861 1198//3946 1114//3862
f 1114//3862 1199//3947 1129//3877
f 1148//3896 1121//3869 1068//3816
f 1200//3948 1148//3896 1115//3863
f 1201//3949 1115//3863 1116//3864
f 1116//3864 1149//3897 1201//3949
f 1149//3897 1036//3784 1150//3898
f 1117//3865 1202//3950 1150//3898
f 1202//3950 1117//3865 1118//3866
f 1152//3900 1069//3817 1151//3899
f 1203//3951 1118//3866 1152//3900
f 1119//3867 1204//3952 1151//3899
f 1169//3917 1153//3901 1087//3835
f 1204//3952 1119//3867 1153//3901
f 1120//3868 1205//3953 1122//3870
f 1120//3868 1121//3869 1205//3953
f 1154//3902 1143//3891 1073//3821
f 1206//3954 1154//3902 1122//3870
f 1155//3903 1123//3871 1207//3955
f 1161//3909 1156//3904 1080//3828
f 1156//3904 1157//3905 1076//3824
f 1157//3905 1158//3906 1077//3825
f 1158//3906 1159//3907 1078//3826
f 1159//3907 1160//3908 1079//3827
f 1160//3908 1207//3955 1123//3871
f 1124//3872 1208//3956 1161//3909
f 1208//3956 1124//3872 1162//3910
f 1125//3873 1209//3957 1162//3910
f 1209//3957 1125//3873 1163//3911
f 1163//3911 1126//3874 1210//3958
f 1165//3913 1164//3912 1083//3831
f 1164//3912 1210//3958 1126//3874
f 1165//3913 1127//3875 1173//3921
f 1211//3959 1166//3914 1128//3876
f 1166//3914 1167//3915 1084//3832
f 1167//3915 1168//3916 1085//3833
f 1168//3916 1169//3917 1086//3834
f 1128//3876 1155//3903 1211//3959
f 1170//3918 1129//3877 1212//3960
f 1130//3878 1170//3918 1213//3961
f 1131//3879 1130//3878 1214//3962
f 1132//3880 1131//3879 1215//3963
f 1171//3919 1132//3880 1216//3964
f 1133//3881 1171//3919 1217//3965
f 1134//3882 1133//3881 1218//3966
f 1172//3920 1134//3882 1219//3967
f 1135//3883 1172//3920 1220//3968
f 1136//3884 1135//3883 1221//3969
f 1136//3884 1221//3969 1137//3885
f 1140//3888 1137//3885 1222//3970
f 1173//3921 1091//3839 1174//3922
f 1174//3922 1092//3840 1175//3923
f 1175//3923 1138//3886 1176//3924
f 1176//3924 1093//3841 1177//3925
f 1178//3926 1177//3925 1094//3842
f 1180//3928 1178//3926 1096//3844
f 1140//3888 1223//3971 1141//3889
f 1179//3927 1141//3889 1224//3972
f 1225//3973 1180//3928 1142//3890
f 1142//3890 1179//3927 1225//3973
f 1196//3944 1111//3859 1181//3929
f 1181//3929 1097//3845 1182//3930
f 1182//3930 1098//3846 1183//3931
f 1183//3931 1099//3847 1184//3932
f 1184//3932 1100//3848 1185//3933
f 1185//3933 1101//3849 1186//3934
f 1186//3934 1102//3850 1187//3935
f 1187//3935 1103//3851 1188//3936
f 1188//3936 1104//3852 1189//3937
f 1189//3937 1105//3853 1190//3938
f 1190//3938 1106//3854 1191//3939
f 1191//3939 1107//3855 1192//3940
f 1192//3940 1108//3856 1193//3941
f 1193//3941 1109//3857 1194//3942
f 1194//3942 1110//3858 1195//3943
f 1154//3902 1144//3892 1143//3891
f 1226//3974 1145//3893 1144//3892
f 1146//3894 1145//3893 1227//3975
f 1228//3976 1147//3895 1146//3894
f 1195//3943 1147//3895 1229//3977
f 1197//3945 1112//3860 1196//3944
f 1198//3946 1113//3861 1197//3945
f 1199//3947 1114//3862 1198//3946
f 1230//3978 1129//3877 1199//3947
f 1121//3869 1148//3896 1231//3979
f 1148//3896 1200//3948 1232//3980
f 1115//3863 1201//3949 1200//3948
f 1233//3981 1201//3949 1149//3897
f 1149//3897 1150//3898 1233//3981
f 1234//3982 1150//3898 1202//3950
f 1118//3866 1203//3951 1202//3950
f 1152//3900 1151//3899 1235//3983
f 1152//3900 1235//3983 1203//3951
f 1236//3984 1151//3899 1204//3952
f 1153//3901 1169//3917 1204//3952
f 1206//3954 1122//3870 1205//3953
f 1231//3979 1205//3953 1121//3869
f 1154//3902 1206//3954 1226//3974
f 1207//3955 1211//3959 1155//3903
f 1156//3904 1161//3909 1237//3985
f 1157//3905 1156//3904 1238//3986
f 1158//3906 1157//3905 1239//3987
f 1159//3907 1158//3906 1240//3988
f 1160//3908 1159//3907 1241//3989
f 1207//3955 1160//3908 1242//3990
f 1243//3991 1161//3909 1208//3956
f 1162//3910 1244//3992 1208//3956
f 1244//3992 1162//3910 1209//3957
f 1209//3957 1163//3911 1245//3993
f 1210//3958 1245//3993 1163//3911
f 1164//3912 1165//3913 1246//3994
f 1210//3958 1164//3912 1247//3995
f 1173//3921 1246//3994 1165//3913
f 1166//3914 1211//3959 1248//3996
f 1167//3915 1166//3914 1249//3997
f 1168//3916 1167//3915 1250//3998
f 1169//3917 1168//3916 1251//3999
f 1230//3978 1212//3960 1129//3877
f 1212//3960 1213//3961 1170//3918
f 1213//3961 1214//3962 1130//3878
f 1214//3962 1215//3963 1131//3879
f 1215//3963 1216//3964 1132//3880
f 1216//3964 1217//3965 1171//3919
f 1217//3965 1218//3966 1133//3881
f 1218//3966 1219//3967 1134//3882
f 1219//3967 1220//3968 1172//3920
f 1220//3968 1221//3969 1135//3883
f 1252//4000 1137//3885 1221//3969
f 1252//4000 1222//3970 1137//3885
f 1140//3888 1222//3970 1223//3971
f 1174//3922 1253//4001 1173//3921
f 1175//3923 1254//4002 1174//3922
f 1176//3924 1255//4003 1175//3923
f 1177//3925 1256//4004 1176//3924
f 1177//3925 1178//3926 1256//4004
f 1178//3926 1180//3928 1257//4005
f 1223//3971 1224//3972 1141//3889
f 1179//3927 1224//3972 1258//4006
f 1180//3928 1225//3973 1259//4007
f 1258//4006 1225//3973 1179//3927
f 1181//3929 1260//4008 1196//3944
f 1182//3930 1261//4009 1181//3929
f 1183//3931 1262//4010 1182//3930
f 1184//3932 1263//4011 1183//3931
f 1185//3933 1264//4012 1184//3932
f 1186//3934 1265//4013 1185//3933
f 1187//3935 1266//4014 1186//3934
f 1188//3936 1267//4015 1187//3935
f 1189//3937 1268//4016 1188//3936
f 1190//3938 1269//4017 1189//3937
f 1191//3939 1270//4018 1190//3938
f 1192//3940 1271//4019 1191//3939
f 1193//3941 1272//4020 1192//3940
f 1194//3942 1273//4021 1193//3941
f 1195//3943 1274//4022 1194//3942
f 1226//3974 1144//3892 1154//3902
f 1227//3975 1145//3893 1226//3974
f 1228//3976 1146//3894 1227//3975
f 1229//3977 1147//3895 1228//3976
f 1275//4023 1195//3943 1229//3977
f 1196//3944 1276//4024 1197//3945
f 1197//3945 1277//4025 1198//3946
f 1198//3946 1278//4026 1199//3947
f 1199//3947 1279//4027 1230//3978
f 1232//3980 1231//3979 1148//3896
f 1280//4028 1232//3980 1200//3948
f 1281//4029 1200//3948 1201//3949
f 1201//3949 1233//3981 1281//4029
f 1282//4030 1233//3981 1150//3898
f 1150//3898 1234//3982 1282//4030
f 1202//3950 1283//4031 1234//3982
f 1283//4031 1202//3950 1203//3951
f 1236//3984 1235//3983 1151//3899
f 1284//4032 1203//3951 1235//3983
f 1204//3952 1251//3999 1236//3984
f 1251//3999 1204//3952 1169//3917
f 1206//3954 1205//3953 1285//4033
f 1231//3979 1286//4034 1205//3953
f 1285//4033 1226//3974 1206//3954
f 1211//3959 1207//3955 1287//4035
f 1243//3991 1237//3985 1161//3909
f 1237//3985 1238//3986 1156//3904
f 1238//3986 1239//3987 1157//3905
f 1239//3987 1240//3988 1158//3906
f 1240//3988 1241//3989 1159//3907
f 1241//3989 1242//3990 1160//3908
f 1242//3990 1287//4035 1207//3955
f 1208//3956 1288//4036 1243//3991
f 1288//4036 1208//3956 1244//3992
f 1244//3992 1209//3957 1289//4037
f 1245//3993 1289//4037 1209//3957
f 1245//3993 1210//3958 1290//4038
f 1246//3994 1247//3995 1164//3912
f 1247//3995 1290//4038 1210//3958
f 1246//3994 1173//3921 1253//4001
f 1287//4035 1248//3996 1211//3959
f 1248//3996 1249//3997 1166//3914
f 1249//3997 1250//3998 1167//3915
f 1250//3998 1251//3999 1168//3916
f 1212//3960 1230//3978 1291//4039
f 1212//3960 1291//4039 1213//3961
f 1214//3962 1213//3961 1292//4040
f 1215//3963 1214//3962 1293//4041
f 1215//3963 1293//4041 1216//3964
f 1217//3965 1216//3964 1294//4042
f 1218//3966 1217//3965 1295//4043
f 1219//3967 1218//3966 1296//4044
f 1220//3968 1219//3967 1297//4045
f 1221//3969 1220//3968 1298//4046
f 1221//3969 1298//4046 1252//4000
f 1252//4000 1299//4047 1222//3970
f 1222//3970 1300//4048 1223//3971
f 1253//4001 1174//3922 1254//4002
f 1254//4002 1175//3923 1255//4003
f 1255//4003 1176//3924 1256//4004
f 1257//4005 1256//4004 1178//3926
f 1259//4007 1257//4005 1180//3928
f 1224//3972 1223//3971 1301//4049
f 1302//4050 1258//4006 1224//3972
f 1303//4051 1259//4007 1225//3973
f 1225//3973 1258//4006 1303//4051
f 1276//4024 1196//3944 1260//4008
f 1260//4008 1181//3929 1261//4009
f 1261//4009 1182//3930 1262//4010
f 1262//4010 1183//3931 1263//4011
f 1263//4011 1184//3932 1264//4012
f 1264//4012 1185//3933 1265//4013
f 1265//4013 1186//3934 1266//4014
f 1266//4014 1187//3935 1267//4015
f 1267//4015 1188//3936 1268//4016
f 1268//4016 1189//3937 1269//4017
f 1269//4017 1190//3938 1270//4018
f 1270//4018 1191//3939 1271//4019
f 1271//4019 1192//3940 1272//4020
f 1272//4020 1193//3941 1273//4021
f 1273//4021 1194//3942 1274//4022
f 1275//4023 1274//4022 1195//3943
f 1226//3974 1285//4033 1227//3975
f 1227//3975 1304//4052 1228//3976
f 1229//3977 1228//3976 1305//4053
f 1229//3977 1305//4053 1275//4023
f 1277//4025 1197//3945 1276//4024
f 1278//4026 1198//3946 1277//4025
f 1279//4027 1199//3947 1278//4026
f 1306//4054 1230//3978 1279//4027
f 1231//3979 1232//3980 1286//4034
f 1280//4028 1307//4055 1232//3980
f 1280//4028 1200//3948 1308//4056
f 1281//4029 1308//4056 1200//3948
f 1309//4057 1281//4029 1233//3981
f 1233//3981 1282//4030 1309//4057
f 1310//4058 1282//4030 1234//3982
f 1311//4059 1234//3982 1283//4031
f 1203//3951 1284//4032 1283//4031
f 1236//3984 1312//4060 1235//3983
f 1235//3983 1313//4061 1284//4032
f 1312//4060 1236//3984 1251//3999
f 1314//4062 1285//4033 1205//3953
f 1314//4062 1205//3953 1286//4034
f 1237//3985 1243//3991 1315//4063
f 1238//3986 1237//3985 1316//4064
f 1239//3987 1238//3986 1317//4065
f 1240//3988 1239//3987 1318//4066
f 1241//3989 1240//3988 1319//4067
f 1242//3990 1241//3989 1320//4068
f 1287//4035 1242//3990 1321//4069
f 1322//4070 1243//3991 1288//4036
f 1288//4036 1244//3992 1323//4071
f 1289//4037 1323//4071 1244//3992
f 1289//4037 1245//3993 1324//4072
f 1290//4038 1324//4072 1245//3993
f 1247//3995 1246//3994 1325//4073
f 1290//4038 1247//3995 1326//4074
f 1253//4001 1325//4073 1246//3994
f 1248//3996 1287//4035 1327//4075
f 1249//3997 1248//3996 1328//4076
f 1250//3998 1249//3997 1329//4077
f 1251//3999 1250//3998 1312//4060
f 1306//4054 1291//4039 1230//3978
f 1330//4078 1213//3961 1291//4039
f 1330//4078 1292//4040 1213//3961
f 1292//4040 1293//4041 1214//3962
f 1331//4079 1216//3964 1293//4041
f 1331//4079 1294//4042 1216//3964
f 1294//4042 1295//4043 1217//3965
f 1295//4043 1296//4044 1218//3966
f 1296//4044 1297//4045 1219//3967
f 1297//4045 1298//4046 1220//3968
f 1332//4080 1252//4000 1298//4046
f 1222//3970 1299//4047 1300//4048
f 1332//4080 1299//4047 1252//4000
f 1300//4048 1301//4049 1223//3971
f 1254//4002 1333//4081 1253//4001
f 1255//4003 1334//4082 1254//4002
f 1256//4004 1335//4083 1255//4003
f 1256//4004 1257//4005 1335//4083
f 1257//4005 1259//4007 1336//4084
f 1301//4049 1337//4085 1224//3972
f 1258//4006 1302//4050 1338//4086
f 1302//4050 1224//3972 1337//4085
f 1259//4007 1303//4051 1339//4087
f 1338//4086 1303//4051 1258//4006
f 1276//4024 1260//4008 1340//4088
f 1260//4008 1261//4009 1341//4089
f 1261//4009 1262//4010 1342//4090
f 1262//4010 1263//4011 1343//4091
f 1263//4011 1264//4012 1344//4092
f 1264//4012 1265//4013 1345//4093
f 1265//4013 1266//4014 1346//4094
f 1266//4014 1267//4015 1347//4095
f 1267//4015 1268//4016 1348//4096
f 1268//4016 1269//4017 1349//4097
f 1269//4017 1270//4018 1350//4098
f 1270//4018 1271//4019 1351//4099
f 1271//4019 1272//4020 1352//4100
f 1272//4020 1273//4021 1353//4101
f 1273//4021 1274//4022 1354//4102
f 1355//4103 1274//4022 1275//4023
f 1304//4052 1227//3975 1285//4033
f 1356//4104 1228//3976 1304//4052
f 1356//4104 1305//4053 1228//3976
f 1357//4105 1275//4023 1305//4053
f 1276//4024 1340//4088 1277//4025
f 1277//4025 1358//4106 1278//4026
f 1278//4026 1359//4107 1279//4027
f 1279//4027 1360//4108 1306//4054
f 1361//4109 1286//4034 1232//3980
f 1361//4109 1232//3980 1307//4055
f 1280//4028 1308//4056 1307//4055
f 1281//4029 1309//4057 1308//4056
f 1362//4110 1309//4057 1282//4030
f 1310//4058 1363//4111 1282//4030
f 1234//3982 1311//4059 1310//4058
f 1311//4059 1283//4031 1364//4112
f 1365//4113 1283//4031 1284//4032
f 1313//4061 1235//3983 1312//4060
f 1366//4114 1284//4032 1313//4061
f 1314//4062 1367//4115 1285//4033
f 1314//4062 1286//4034 1367//4115
f 1322//4070 1315//4063 1243//3991
f 1315//4063 1316//4064 1237//3985
f 1316//4064 1317//4065 1238//3986
f 1317//4065 1318//4066 1239//3987
f 1318//4066 1319//4067 1240//3988
f 1319//4067 1320//4068 1241//3989
f 1320//4068 1321//4069 1242//3990
f 1321//4069 1327//4075 1287//4035
f 1322//4070 1288//4036 1368//4116
f 1323//4071 1368//4116 1288//4036
f 1323//4071 1289//4037 1369//4117
f 1324//4072 1369//4117 1289//4037
f 1324//4072 1290//4038 1370//4118
f 1325//4073 1326//4074 1247//3995
f 1326//4074 1370//4118 1290//4038
f 1325//4073 1253//4001 1333//4081
f 1327//4075 1328//4076 1248//3996
f 1328//4076 1329//4077 1249//3997
f 1329//4077 1312//4060 1250//3998
f 1291//4039 1306//4054 1371//4119
f 1330//4078 1291//4039 1372//4120
f 1292//4040 1330//4078 1373//4121
f 1293//4041 1292//4040 1374//4122
f 1331//4079 1293//4041 1375//4123
f 1331//4079 1375//4123 1294//4042
f 1295//4043 1294//4042 1376//4124
f 1296//4044 1295//4043 1377//4125
f 1297//4045 1296//4044 1378//4126
f 1297//4045 1379//4127 1298//4046
f 1380//4128 1332//4080 1298//4046
f 1299//4047 1381//4129 1300//4048
f 1299//4047 1332//4080 1382//4130
f 1301//4049 1300//4048 1383//4131
f 1333//4081 1254//4002 1334//4082
f 1334//4082 1255//4003 1335//4083
f 1336//4084 1335//4083 1257//4005
f 1339//4087 1336//4084 1259//4007
f 1337//4085 1301//4049 1384//4132
f 1385//4133 1338//4086 1302//4050
f 1337//4085 1386//4134 1302//4050
f 1387//4135 1339//4087 1303//4051
f 1303//4051 1338//4086 1387//4135
f 1341//4089 1340//4088 1260//4008
f 1342//4090 1341//4089 1261//4009
f 1343//4091 1342//4090 1262//4010
f 1344//4092 1343//4091 1263//4011
f 1345//4093 1344//4092 1264//4012
f 1346//4094 1345//4093 1265//4013
f 1347//4095 1346//4094 1266//4014
f 1348//4096 1347//4095 1267//4015
f 1349//4097 1348//4096 1268//4016
f 1350//4098 1349//4097 1269//4017
f 1351//4099 1350//4098 1270//4018
f 1352//4100 1351//4099 1271//4019
f 1353//4101 1352//4100 1272//4020
f 1354//4102 1353//4101 1273//4021
f 1388//4136 1354//4102 1274//4022
f 1388//4136 1274//4022 1355//4103
f 1275//4023 1357//4105 1355//4103
f 1304//4052 1285//4033 1367//4115
f 1304//4052 1367//4115 1356//4104
f 1356//4104 1389//4137 1305//4053
f 1357//4105 1305//4053 1390//4138
f 1358//4106 1277//4025 1340//4088
f 1359//4107 1278//4026 1358//4106
f 1360//4108 1279//4027 1359//4107
f 1391//4139 1306//4054 1360//4108
f 1286//4034 1361//4109 1392//4140
f 1361//4109 1307//4055 1393//4141
f 1394//4142 1307//4055 1308//4056
f 1395//4143 1308//4056 1309//4057
f 1309//4057 1362//4110 1395//4143
f 1362//4110 1282//4030 1363//4111
f 1310//4058 1396//4144 1363//4111
f 1396//4144 1310//4058 1311//4059
f 1365//4113 1364//4112 1283//4031
f 1311//4059 1364//4112 1396//4144
f 1284//4032 1366//4114 1365//4113
f 1312//4060 1329//4077 1313//4061
f 1313//4061 1397//4145 1366//4114
f 1392//4140 1367//4115 1286//4034
f 1322//4070 1368//4116 1315//4063
f 1315//4063 1398//4146 1316//4064
f 1316//4064 1399//4147 1317//4065
f 1317//4065 1400//4148 1318//4066
f 1319//4067 1318//4066 1401//4149
f 1320//4068 1319//4067 1402//4150
f 1321//4069 1320//4068 1403//4151
f 1327//4075 1321//4069 1404//4152
f 1323//4071 1369//4117 1368//4116
f 1369//4117 1324//4072 1405//4153
f 1370//4118 1405//4153 1324//4072
f 1326//4074 1325//4073 1406//4154
f 1370//4118 1326//4074 1407//4155
f 1333//4081 1406//4154 1325//4073
f 1328//4076 1327//4075 1408//4156
f 1329//4077 1328//4076 1397//4145
f 1391//4139 1371//4119 1306//4054
f 1371//4119 1372//4120 1291//4039
f 1372//4120 1373//4121 1330//4078
f 1373//4121 1374//4122 1292//4040
f 1374//4122 1375//4123 1293//4041
f 1409//4157 1294//4042 1375//4123
f 1409//4157 1376//4124 1294//4042
f 1376//4124 1377//4125 1295//4043
f 1377//4125 1378//4126 1296//4044
f 1378//4126 1379//4127 1297//4045
f 1379//4127 1380//4128 1298//4046
f 1380//4128 1382//4130 1332//4080
f 1381//4129 1383//4131 1300//4048
f 1299//4047 1382//4130 1381//4129
f 1383//4131 1384//4132 1301//4049
f 1334//4082 1410//4158 1333//4081
f 1334//4082 1335//4083 1410//4158
f 1335//4083 1336//4084 1411//4159
f 1336//4084 1339//4087 1412//4160
f 1384//4132 1413//4161 1337//4085
f 1338//4086 1385//4133 1414//4162
f 1385//4133 1302//4050 1386//4134
f 1386//4134 1337//4085 1413//4161
f 1339//4087 1387//4135 1415//4163
f 1414//4162 1387//4135 1338//4086
f 1340//4088 1341//4089 1416//4164
f 1341//4089 1342//4090 1417//4165
f 1342//4090 1343//4091 1418//4166
f 1343//4091 1344//4092 1419//4167
f 1344//4092 1345//4093 1420//4168
f 1345//4093 1346//4094 1421//4169
f 1346//4094 1347//4095 1422//4170
f 1347//4095 1348//4096 1423//4171
f 1348//4096 1349//4097 1424//4172
f 1349//4097 1350//4098 1425//4173
f 1350//4098 1351//4099 1426//4174
f 1351//4099 1352//4100 1427//4175
f 1352//4100 1353//4101 1428//4176
f 1353//4101 1354//4102 1429//4177
f 1354//4102 1388//4136 1430//4178
f 1431//4179 1388//4136 1355//4103
f 1432//4180 1355//4103 1357//4105
f 1389//4137 1356//4104 1367//4115
f 1433//4181 1305//4053 1389//4137
f 1433//4181 1390//4138 1305//4053
f 1357//4105 1390//4138 1432//4180
f 1358//4106 1340//4088 1434//4182
f 1359//4107 1358//4106 1435//4183
f 1360//4108 1359//4107 1436//4184
f 1391//4139 1360//4108 1437//4185
f 1393//4141 1392//4140 1361//4109
f 1438//4186 1393//4141 1307//4055
f 1394//4142 1439//4187 1307//4055
f 1308//4056 1395//4143 1394//4142
f 1440//4188 1395//4143 1362//4110
f 1363//4111 1441//4189 1362//4110
f 1442//4190 1363//4111 1396//4144
f 1365//4113 1443//4191 1364//4112
f 1444//4192 1396//4144 1364//4112
f 1443//4191 1365//4113 1366//4114
f 1397//4145 1313//4061 1329//4077
f 1445//4193 1366//4114 1397//4145
f 1367//4115 1392//4140 1389//4137
f 1398//4146 1315//4063 1368//4116
f 1399//4147 1316//4064 1398//4146
f 1400//4148 1317//4065 1399//4147
f 1446//4194 1318//4066 1400//4148
f 1446//4194 1401//4149 1318//4066
f 1401//4149 1402//4150 1319//4067
f 1402//4150 1403//4151 1320//4068
f 1403//4151 1404//4152 1321//4069
f 1404//4152 1408//4156 1327//4075
f 1447//4195 1368//4116 1369//4117
f 1369//4117 1405//4153 1447//4195
f 1405//4153 1370//4118 1448//4196
f 1406//4154 1407//4155 1326//4074
f 1407//4155 1448//4196 1370//4118
f 1406//4154 1333//4081 1410//4158
f 1408//4156 1397//4145 1328//4076
f 1371//4119 1391//4139 1449//4197
f 1372//4120 1371//4119 1450//4198
f 1373//4121 1372//4120 1451//4199
f 1374//4122 1373//4121 1452//4200
f 1375//4123 1374//4122 1453//4201
f 1409//4157 1375//4123 1454//4202
f 1376//4124 1409//4157 1455//4203
f 1377//4125 1376//4124 1456//4204
f 1377//4125 1457//4205 1378//4126
f 1378//4126 1457//4205 1379//4127
f 1380//4128 1379//4127 1458//4206
f 1382//4130 1380//4128 1459//4207
f 1383//4131 1381//4129 1460//4208
f 1382//4130 1461//4209 1381//4129
f 1384//4132 1383//4131 1462//4210
f 1411//4159 1410//4158 1335//4083
f 1412//4160 1411//4159 1336//4084
f 1415//4163 1412//4160 1339//4087
f 1413//4161 1384//4132 1463//4211
f 1464//4212 1414//4162 1385//4133
f 1386//4134 1465//4213 1385//4133
f 1413//4161 1466//4214 1386//4134
f 1467//4215 1415//4163 1387//4135
f 1387//4135 1414//4162 1467//4215
f 1417//4165 1416//4164 1341//4089
f 1416//4164 1434//4182 1340//4088
f 1418//4166 1417//4165 1342//4090
f 1419//4167 1418//4166 1343//4091
f 1420//4168 1419//4167 1344//4092
f 1421//4169 1420//4168 1345//4093
f 1422//4170 1421//4169 1346//4094
f 1423//4171 1422//4170 1347//4095
f 1424//4172 1423//4171 1348//4096
f 1425//4173 1424//4172 1349//4097
f 1426//4174 1425//4173 1350//4098
f 1427//4175 1426//4174 1351//4099
f 1428//4176 1427//4175 1352//4100
f 1429//4177 1428//4176 1353//4101
f 1430//4178 1429//4177 1354//4102
f 1468//4216 1430//4178 1388//4136
f 1431//4179 1468//4216 1388//4136
f 1355//4103 1432//4180 1431//4179
f 1389//4137 1469//4217 1433//4181
f 1433//4181 1470//4218 1390//4138
f 1471//4219 1432//4180 1390//4138
f 1434//4182 1435//4183 1358//4106
f 1435//4183 1436//4184 1359//4107
f 1436//4184 1437//4185 1360//4108
f 1437//4185 1449//4197 1391//4139
f 1393//4141 1472//4220 1392//4140
f 1393//4141 1438//4186 1472//4220
f 1438//4186 1307//4055 1439//4187
f 1394//4142 1473//4221 1439//4187
f 1473//4221 1394//4142 1395//4143
f 1440//4188 1474//4222 1395//4143
f 1440//4188 1362//4110 1441//4189
f 1363//4111 1442//4190 1441//4189
f 1396//4144 1444//4192 1442//4190
f 1475//4223 1364//4112 1443//4191
f 1364//4112 1475//4223 1444//4192
f 1366//4114 1445//4193 1443//4191
f 1397//4145 1408//4156 1445//4193
f 1469//4217 1389//4137 1392//4140
f 1368//4116 1447//4195 1398//4146
f 1398//4146 1476//4224 1399//4147
f 1399//4147 1477//4225 1400//4148
f 1400//4148 1478//4226 1446//4194
f 1446//4194 1479//4227 1401//4149
f 1401//4149 1480//4228 1402//4150
f 1402//4150 1481//4229 1403//4151
f 1404//4152 1403//4151 1482//4230
f 1408//4156 1404//4152 1483//4231
f 1484//4232 1447//4195 1405//4153
f 1405//4153 1448//4196 1484//4232
f 1407//4155 1406//4154 1485//4233
f 1407//4155 1485//4233 1448//4196
f 1410//4158 1485//4233 1406//4154
f 1449//4197 1450//4198 1371//4119
f 1450//4198 1451//4199 1372//4120
f 1451//4199 1452//4200 1373//4121
f 1452//4200 1453//4201 1374//4122
f 1453//4201 1454//4202 1375//4123
f 1454//4202 1455//4203 1409//4157
f 1455//4203 1456//4204 1376//4124
f 1456//4204 1457//4205 1377//4125
f 1486//4234 1379//4127 1457//4205
f 1486//4234 1458//4206 1379//4127
f 1458//4206 1459//4207 1380//4128
f 1382//4130 1459//4207 1461//4209
f 1461//4209 1460//4208 1381//4129
f 1460//4208 1462//4210 1383//4131
f 1462//4210 1463//4211 1384//4132
f 1410//4158 1411//4159 1485//4233
f 1411//4159 1412//4160 1487//4235
f 1412//4160 1415//4163 1488//4236
f 1463//4211 1489//4237 1413//4161
f 1414//4162 1464//4212 1490//4238
f 1464//4212 1385//4133 1465//4213
f 1465//4213 1386//4134 1466//4214
f 1466//4214 1413//4161 1489//4237
f 1415//4163 1467//4215 1491//4239
f 1490//4238 1467//4215 1414//4162
f 1416//4164 1417//4165 1492//4240
f 1434//4182 1416//4164 1493//4241
f 1417//4165 1418//4166 1494//4242
f 1418//4166 1419//4167 1495//4243
f 1419//4167 1420//4168 1496//4244
f 1420//4168 1421//4169 1497//4245
f 1421//4169 1422//4170 1498//4246
f 1422//4170 1423//4171 1499//4247
f 1423//4171 1424//4172 1500//4248
f 1424//4172 1425//4173 1501//4249
f 1425//4173 1426//4174 1502//4250
f 1426//4174 1427//4175 1503//4251
f 1427//4175 1428//4176 1504//4252
f 1428//4176 1429//4177 1505//4253
f 1429//4177 1430//4178 1506//4254
f 1430//4178 1468//4216 1507//4255
f 1508//4256 1468//4216 1431//4179
f 1509//4257 1431//4179 1432//4180
f 1470//4218 1433//4181 1469//4217
f 1510//4258 1390//4138 1470//4218
f 1432//4180 1471//4219 1509//4257
f 1390//4138 1510//4258 1471//4219
f 1435//4183 1434//4182 1511//4259
f 1436//4184 1435//4183 1512//4260
f 1437//4185 1436//4184 1513//4261
f 1449//4197 1437//4185 1514//4262
f 1469//4217 1392//4140 1472//4220
f 1515//4263 1472//4220 1438//4186
f 1439//4187 1516//4264 1438//4186
f 1517//4265 1439//4187 1473//4221
f 1473//4221 1395//4143 1474//4222
f 1440//4188 1441//4189 1474//4222
f 1518//4266 1441//4189 1442//4190
f 1519//4267 1442//4190 1444//4192
f 1443//4191 1520//4268 1475//4223
f 1521//4269 1444//4192 1475//4223
f 1520//4268 1443//4191 1445//4193
f 1483//4231 1445//4193 1408//4156
f 1476//4224 1398//4146 1447//4195
f 1477//4225 1399//4147 1476//4224
f 1478//4226 1400//4148 1477//4225
f 1479//4227 1446//4194 1478//4226
f 1480//4228 1401//4149 1479//4227
f 1481//4229 1402//4150 1480//4228
f 1522//4270 1403//4151 1481//4229
f 1522//4270 1482//4230 1403//4151
f 1482//4230 1483//4231 1404//4152
f 1447//4195 1484//4232 1476//4224
f 1523//4271 1484//4232 1448//4196
f 1524//4272 1448//4196 1485//4233
f 1450//4198 1449//4197 1525//4273
f 1451//4199 1450//4198 1526//4274
f 1451//4199 1526//4274 1452//4200
f 1453//4201 1452//4200 1527//4275
f 1454//4202 1453//4201 1528//4276
f 1455//4203 1454//4202 1529//4277
f 1456//4204 1455//4203 1530//4278
f 1457//4205 1456//4204 1531//4279
f 1532//4280 1486//4234 1457//4205
f 1458//4206 1486//4234 1533//4281
f 1459//4207 1458//4206 1534//4282
f 1459//4207 1535//4283 1461//4209
f 1460//4208 1461//4209 1536//4284
f 1462//4210 1460//4208 1537//4285
f 1463//4211 1462//4210 1538//4286
f 1487//4235 1485//4233 1411//4159
f 1488//4236 1487//4235 1412//4160
f 1491//4239 1488//4236 1415//4163
f 1489//4237 1463//4211 1539//4287
f 1540//4288 1490//4238 1464//4212
f 1465//4213 1541//4289 1464//4212
f 1466//4214 1542//4290 1465//4213
f 1489//4237 1543//4291 1466//4214
f 1544//4292 1491//4239 1467//4215
f 1467//4215 1490//4238 1544//4292
f 1494//4242 1492//4240 1417//4165
f 1492//4240 1493//4241 1416//4164
f 1493//4241 1511//4259 1434//4182
f 1495//4243 1494//4242 1418//4166
f 1496//4244 1495//4243 1419//4167
f 1497//4245 1496//4244 1420//4168
f 1498//4246 1497//4245 1421//4169
f 1499//4247 1498//4246 1422//4170
f 1500//4248 1499//4247 1423//4171
f 1501//4249 1500//4248 1424//4172
f 1502//4250 1501//4249 1425//4173
f 1503//4251 1502//4250 1426//4174
f 1504//4252 1503//4251 1427//4175
f 1505//4253 1504//4252 1428//4176
f 1506//4254 1505//4253 1429//4177
f 1507//4255 1506//4254 1430//4178
f 1545//4293 1507//4255 1468//4216
f 1545//4293 1468//4216 1508//4256
f 1431//4179 1509//4257 1508//4256
f 1470//4218 1469//4217 1546//4294
f 1470//4218 1546//4294 1510//4258
f 1547//4295 1509//4257 1471//4219
f 1548//4296 1471//4219 1510//4258
f 1511//4259 1512//4260 1435//4183
f 1512//4260 1513//4261 1436//4184
f 1513//4261 1514//4262 1437//4185
f 1514//4262 1525//4273 1449//4197
f 1472//4220 1546//4294 1469//4217
f 1472//4220 1515//4263 1546//4294
f 1515//4263 1438//4186 1516//4264
f 1439//4187 1517//4265 1516//4264
f 1473//4221 1474//4222 1517//4265
f 1549//4297 1474//4222 1441//4189
f 1441//4189 1518//4266 1549//4297
f 1442//4190 1519//4267 1518//4266
f 1444//4192 1521//4269 1519//4267
f 1550//4298 1475//4223 1520//4268
f 1521//4269 1475//4223 1551//4299
f 1520//4268 1445//4193 1552//4300
f 1483//4231 1552//4300 1445//4193
f 1476//4224 1553//4301 1477//4225
f 1477//4225 1554//4302 1478//4226
f 1478//4226 1555//4303 1479//4227
f 1479//4227 1556//4304 1480//4228
f 1480//4228 1557//4305 1481//4229
f 1481//4229 1558//4306 1522//4270
f 1522//4270 1559//4307 1482//4230
f 1482//4230 1560//4308 1483//4231
f 1553//4301 1476//4224 1484//4232
f 1484//4232 1523//4271 1553//4301
f 1448//4196 1524//4272 1523//4271
f 1485//4233 1487//4235 1524//4272
f 1525//4273 1526//4274 1450//4198
f 1561//4309 1452//4200 1526//4274
f 1561//4309 1527//4275 1452//4200
f 1527//4275 1528//4276 1453//4201
f 1528//4276 1529//4277 1454//4202
f 1529//4277 1530//4278 1455//4203
f 1530//4278 1531//4279 1456//4204
f 1531//4279 1532//4280 1457//4205
f 1532//4280 1533//4281 1486//4234
f 1533//4281 1534//4282 1458//4206
f 1459//4207 1534//4282 1535//4283
f 1535//4283 1536//4284 1461//4209
f 1536//4284 1537//4285 1460//4208
f 1537//4285 1538//4286 1462//4210
f 1538//4286 1539//4287 1463//4211
f 1487//4235 1488//4236 1562//4310
f 1488//4236 1491//4239 1563//4311
f 1539//4287 1564//4312 1489//4237
f 1490//4238 1540//4288 1565//4313
f 1540//4288 1464//4212 1541//4289
f 1541//4289 1465//4213 1542//4290
f 1542//4290 1466//4214 1543//4291
f 1543//4291 1489//4237 1564//4312
f 1491//4239 1544//4292 1566//4314
f 1565//4313 1544//4292 1490//4238
f 1492//4240 1494//4242 1567//4315
f 1493//4241 1492//4240 1568//4316
f 1511//4259 1493//4241 1569//4317
f 1494//4242 1495//4243 1570//4318
f 1495//4243 1496//4244 1571//4319
f 1496//4244 1497//4245 1572//4320
f 1497//4245 1498//4246 1573//4321
f 1498//4246 1499//4247 1574//4322
f 1499//4247 1500//4248 1575//4323
f 1500//4248 1501//4249 1576//4324
f 1501//4249 1502//4250 1577//4325
f 1502//4250 1503//4251 1578//4326
f 1503//4251 1504//4252 1579//4327
f 1504//4252 1505//4253 1580//4328
f 1505//4253 1506//4254 1581//4329
f 1506//4254 1507//4255 1582//4330
f 1507//4255 1545//4293 1583//4331
f 1584//4332 1545//4293 1508//4256
f 1585//4333 1508//4256 1509//4257
f 1586//4334 1510//4258 1546//4294
f 1509//4257 1547//4295 1585//4333
f 1471//4219 1548//4296 1547//4295
f 1548//4296 1510//4258 1587//4335
f 1512//4260 1511//4259 1588//4336
f 1513//4261 1512//4260 1589//4337
f 1514//4262 1513//4261 1590//4338
f 1525//4273 1514//4262 1591//4339
f 1592//4340 1546//4294 1515//4263
f 1515//4263 1516//4264 1592//4340
f 1593//4341 1516//4264 1517//4265
f 1594//4342 1517//4265 1474//4222
f 1549//4297 1595//4343 1474//4222
f 1596//4344 1549//4297 1518//4266
f 1597//4345 1518//4266 1519//4267
f 1598//4346 1519//4267 1521//4269
f 1550//4298 1551//4299 1475//4223
f 1520//4268 1552//4300 1550//4298
f 1521//4269 1551//4299 1598//4346
f 1552//4300 1483//4231 1560//4308
f 1554//4302 1477//4225 1553//4301
f 1555//4303 1478//4226 1554//4302
f 1556//4304 1479//4227 1555//4303
f 1557//4305 1480//4228 1556//4304
f 1558//4306 1481//4229 1557//4305
f 1559//4307 1522//4270 1558//4306
f 1560//4308 1482//4230 1559//4307
f 1599//4347 1553//4301 1523//4271
f 1600//4348 1523//4271 1524//4272
f 1562//4310 1524//4272 1487//4235
f 1526//4274 1525//4273 1601//4349
f 1561//4309 1526//4274 1602//4350
f 1527//4275 1561//4309 1603//4351
f 1528//4276 1527//4275 1604//4352
f 1529//4277 1528//4276 1605//4353
f 1530//4278 1529//4277 1606//4354
f 1531//4279 1530//4278 1607//4355
f 1532//4280 1531//4279 1608//4356
f 1533//4281 1532//4280 1609//4357
f 1534//4282 1533//4281 1610//4358
f 1534//4282 1611//4359 1535//4283
f 1536//4284 1535//4283 1612//4360
f 1536//4284 1612//4360 1537//4285
f 1537//4285 1613//4361 1538//4286
f 1538//4286 1614//4362 1539//4287
f 1563//4311 1562//4310 1488//4236
f 1566//4314 1563//4311 1491//4239
f 1539//4287 1615//4363 1564//4312
f 1616//4364 1565//4313 1540//4288
f 1541//4289 1617//4365 1540//4288
f 1542//4290 1618//4366 1541//4289
f 1543//4291 1619//4367 1542//4290
f 1564//4312 1620//4368 1543//4291
f 1621//4369 1566//4314 1544//4292
f 1544//4292 1565//4313 1621//4369
f 1570//4318 1567//4315 1494//4242
f 1567//4315 1568//4316 1492//4240
f 1568//4316 1569//4317 1493//4241
f 1569//4317 1588//4336 1511//4259
f 1571//4319 1570//4318 1495//4243
f 1572//4320 1571//4319 1496//4244
f 1573//4321 1572//4320 1497//4245
f 1574//4322 1573//4321 1498//4246
f 1575//4323 1574//4322 1499//4247
f 1576//4324 1575//4323 1500//4248
f 1577//4325 1576//4324 1501//4249
f 1578//4326 1577//4325 1502//4250
f 1579//4327 1578//4326 1503//4251
f 1580//4328 1579//4327 1504//4252
f 1581//4329 1580//4328 1505//4253
f 1582//4330 1581//4329 1506//4254
f 1583//4331 1582//4330 1507//4255
f 1622//4370 1583//4331 1545//4293
f 1622//4370 1545//4293 1584//4332
f 1508//4256 1585//4333 1584//4332
f 1586//4334 1587//4335 1510//4258
f 1546//4294 1592//4340 1586//4334
f 1623//4371 1585//4333 1547//4295
f 1624//4372 1547//4295 1548//4296
f 1548//4296 1587//4335 1624//4372
f 1588//4336 1589//4337 1512//4260
f 1589//4337 1590//4338 1513//4261
f 1590//4338 1591//4339 1514//4262
f 1591//4339 1601//4349 1525//4273
f 1625//4373 1592//4340 1516//4264
f 1516//4264 1593//4341 1625//4373
f 1593//4341 1517//4265 1626//4374
f 1594//4342 1626//4374 1517//4265
f 1594//4342 1474//4222 1595//4343
f 1549//4297 1596//4344 1595//4343
f 1518//4266 1597//4345 1596//4344
f 1597//4345 1519//4267 1627//4375
f 1598//4346 1627//4375 1519//4267
f 1550//4298 1628//4376 1551//4299
f 1628//4376 1550//4298 1552//4300
f 1629//4377 1598//4346 1551//4299
f 1560//4308 1630//4378 1552//4300
f 1553//4301 1599//4347 1554//4302
f 1554//4302 1631//4379 1555//4303
f 1555//4303 1632//4380 1556//4304
f 1556//4304 1633//4381 1557//4305
f 1557//4305 1634//4382 1558//4306
f 1558//4306 1635//4383 1559//4307
f 1559//4307 1636//4384 1560//4308
f 1523//4271 1600//4348 1599//4347
f 1524//4272 1562//4310 1600//4348
f 1601//4349 1602//4350 1526//4274
f 1602//4350 1603//4351 1561//4309
f 1603//4351 1604//4352 1527//4275
f 1604//4352 1605//4353 1528//4276
f 1605//4353 1606//4354 1529//4277
f 1606//4354 1607//4355 1530//4278
f 1607//4355 1608//4356 1531//4279
f 1608//4356 1609//4357 1532//4280
f 1609//4357 1610//4358 1533//4281
f 1534//4282 1610//4358 1611//4359
f 1611//4359 1612//4360 1535//4283
f 1613//4361 1537//4285 1612//4360
f 1614//4362 1538//4286 1613//4361
f 1615//4363 1539//4287 1614//4362
f 1562//4310 1563//4311 1637//4385
f 1563//4311 1566//4314 1638//4386
f 1639//4387 1564//4312 1615//4363
f 1565//4313 1616//4364 1640//4388
f 1616//4364 1540//4288 1617//4365
f 1617//4365 1541//4289 1618//4366
f 1618//4366 1542//4290 1619//4367
f 1619//4367 1543//4291 1620//4368
f 1564//4312 1639//4387 1620//4368
f 1566//4314 1621//4369 1641//4389
f 1640//4388 1621//4369 1565//4313
f 1567//4315 1570//4318 1642//4390
f 1568//4316 1567//4315 1643//4391
f 1569//4317 1568//4316 1644//4392
f 1588//4336 1569//4317 1645//4393
f 1570//4318 1571//4319 1646//4394
f 1571//4319 1572//4320 1647//4395
f 1572//4320 1573//4321 1648//4396
f 1573//4321 1574//4322 1649//4397
f 1574//4322 1575//4323 1650//4398
f 1575//4323 1576//4324 1651//4399
f 1576//4324 1577//4325 1652//4400
f 1577//4325 1578//4326 1653//4401
f 1578//4326 1579//4327 1654//4402
f 1579//4327 1580//4328 1655//4403
f 1580//4328 1581//4329 1656//4404
f 1581//4329 1582//4330 1657//4405
f 1582//4330 1583//4331 1658//4406
f 1583//4331 1622//4370 1659//4407
f 1660//4408 1622//4370 1584//4332
f 1661//4409 1584//4332 1585//4333
f 1586//4334 1662//4410 1587//4335
f 1662//4410 1586//4334 1592//4340
f 1623//4371 1663//4411 1585//4333
f 1547//4295 1624//4372 1623//4371
f 1664//4412 1624//4372 1587//4335
f 1589//4337 1588//4336 1665//4413
f 1590//4338 1589//4337 1666//4414
f 1591//4339 1590//4338 1667//4415
f 1601//4349 1591//4339 1668//4416
f 1592//4340 1625//4373 1662//4410
f 1669//4417 1625//4373 1593//4341
f 1593//4341 1626//4374 1669//4417
f 1594//4342 1595//4343 1626//4374
f 1670//4418 1595//4343 1596//4344
f 1671//4419 1596//4344 1597//4345
f 1597//4345 1627//4375 1671//4419
f 1598//4346 1629//4377 1627//4375
f 1672//4420 1551//4299 1628//4376
f 1628//4376 1552//4300 1630//4378
f 1629//4377 1551//4299 1673//4421
f 1630//4378 1560//4308 1636//4384
f 1631//4379 1554//4302 1599//4347
f 1632//4380 1555//4303 1631//4379
f 1633//4381 1556//4304 1632//4380
f 1634//4382 1557//4305 1633//4381
f 1635//4383 1558//4306 1634//4382
f 1636//4384 1559//4307 1635//4383
f 1674//4422 1599//4347 1600//4348
f 1637//4385 1600//4348 1562//4310
f 1602//4350 1601//4349 1675//4423
f 1603//4351 1602//4350 1676//4424
f 1604//4352 1603//4351 1677//4425
f 1605//4353 1604//4352 1678//4426
f 1606//4354 1605//4353 1679//4427
f 1607//4355 1606//4354 1680//4428
f 1608//4356 1607//4355 1681//4429
f 1609//4357 1608//4356 1682//4430
f 1610//4358 1609//4357 1683//4431
f 1610//4358 1684//4432 1611//4359
f 1612//4360 1611//4359 1685//4433
f 1612//4360 1685//4433 1613//4361
f 1613//4361 1686//4434 1614//4362
f 1614//4362 1687//4435 1615//4363
f 1638//4386 1637//4385 1563//4311
f 1641//4389 1638//4386 1566//4314
f 1615//4363 1688//4436 1639//4387
f 1689//4437 1640//4388 1616//4364
f 1617//4365 1690//4438 1616//4364
f 1618//4366 1691//4439 1617//4365
f 1619//4367 1692//4440 1618//4366
f 1620//4368 1693//4441 1619//4367
f 1694//4442 1620//4368 1639//4387
f 1695//4443 1641//4389 1621//4369
f 1621//4369 1640//4388 1695//4443
f 1646//4394 1642//4390 1570//4318
f 1642//4390 1643//4391 1567//4315
f 1643//4391 1644//4392 1568//4316
f 1644//4392 1645//4393 1569//4317
f 1645//4393 1665//4413 1588//4336
f 1647//4395 1646//4394 1571//4319
f 1648//4396 1647//4395 1572//4320
f 1649//4397 1648//4396 1573//4321
f 1650//4398 1649//4397 1574//4322
f 1651//4399 1650//4398 1575//4323
f 1652//4400 1651//4399 1576//4324
f 1653//4401 1652//4400 1577//4325
f 1654//4402 1653//4401 1578//4326
f 1655//4403 1654//4402 1579//4327
f 1656//4404 1655//4403 1580//4328
f 1657//4405 1656//4404 1581//4329
f 1658//4406 1657//4405 1582//4330
f 1659//4407 1658//4406 1583//4331
f 1696//4444 1659//4407 1622//4370
f 1660//4408 1697//4445 1622//4370
f 1584//4332 1661//4409 1660//4408
f 1661//4409 1585//4333 1663//4411
f 1698//4446 1587//4335 1662//4410
f 1623//4371 1699//4447 1663//4411
f 1699//4447 1623//4371 1624//4372
f 1664//4412 1700//4448 1624//4372
f 1664//4412 1587//4335 1701//4449
f 1665//4413 1666//4414 1589//4337
f 1666//4414 1667//4415 1590//4338
f 1667//4415 1668//4416 1591//4339
f 1668//4416 1675//4423 1601//4349
f 1702//4450 1662//4410 1625//4373
f 1625//4373 1669//4417 1702//4450
f 1703//4451 1669//4417 1626//4374
f 1704//4452 1626//4374 1595//4343
f 1670//4418 1705//4453 1595//4343
f 1670//4418 1596//4344 1706//4454
f 1671//4419 1706//4454 1596//4344
f 1707//4455 1671//4419 1627//4375
f 1708//4456 1627//4375 1629//4377
f 1672//4420 1673//4421 1551//4299
f 1672//4420 1628//4376 1709//4457
f 1630//4378 1709//4457 1628//4376
f 1629//4377 1673//4421 1708//4456
f 1636//4384 1710//4458 1630//4378
f 1599//4347 1674//4422 1631//4379
f 1631//4379 1711//4459 1632//4380
f 1632//4380 1712//4460 1633//4381
f 1633//4381 1713//4461 1634//4382
f 1634//4382 1714//4462 1635//4383
f 1635//4383 1715//4463 1636//4384
f 1600//4348 1637//4385 1674//4422
f 1675//4423 1676//4424 1602//4350
f 1676//4424 1677//4425 1603//4351
f 1677//4425 1678//4426 1604//4352
f 1678//4426 1679//4427 1605//4353
f 1679//4427 1680//4428 1606//4354
f 1680//4428 1681//4429 1607//4355
f 1681//4429 1682//4430 1608//4356
f 1682//4430 1683//4431 1609//4357
f 1610//4358 1683//4431 1684//4432
f 1684//4432 1685//4433 1611//4359
f 1686//4434 1613//4361 1685//4433
f 1687//4435 1614//4362 1686//4434
f 1688//4436 1615//4363 1687//4435
f 1637//4385 1638//4386 1716//4464
f 1638//4386 1641//4389 1717//4465
f 1718//4466 1639//4387 1688//4436
f 1640//4388 1689//4437 1719//4467
f 1689//4437 1616//4364 1690//4438
f 1690//4438 1617//4365 1691//4439
f 1691//4439 1618//4366 1692//4440
f 1692//4440 1619//4367 1693//4441
f 1620//4368 1694//4442 1693//4441
f 1639//4387 1718//4466 1694//4442
f 1641//4389 1695//4443 1720//4468
f 1719//4467 1695//4443 1640//4388
f 1642//4390 1646//4394 1721//4469
f 1643//4391 1642//4390 1722//4470
f 1644//4392 1643//4391 1723//4471
f 1645//4393 1644//4392 1724//4472
f 1665//4413 1645//4393 1725//4473
f 1646//4394 1647//4395 1726//4474
f 1647//4395 1648//4396 1727//4475
f 1648//4396 1649//4397 1728//4476
f 1649//4397 1650//4398 1729//4477
f 1650//4398 1651//4399 1730//4478
f 1651//4399 1652//4400 1731//4479
f 1652//4400 1653//4401 1732//4480
f 1653//4401 1654//4402 1733//4481
f 1654//4402 1655//4403 1734//4482
f 1655//4403 1656//4404 1735//4483
f 1656//4404 1657//4405 1736//4484
f 1657//4405 1658//4406 1737//4485
f 1658//4406 1659//4407 1738//4486
f 1659//4407 1696//4444 1739//4487
f 1697//4445 1696//4444 1622//4370
f 1660//4408 1740//4488 1697//4445
f 1740//4488 1660//4408 1661//4409
f 1661//4409 1663//4411 1740//4488
f 1698//4446 1701//4449 1587//4335
f 1662//4410 1702//4450 1698//4446
f 1741//4489 1663//4411 1699//4447
f 1699//4447 1624//4372 1700//4448
f 1664//4412 1701//4449 1700//4448
f 1666//4414 1665//4413 1742//4490
f 1667//4415 1666//4414 1743//4491
f 1668//4416 1667//4415 1744//4492
f 1675//4423 1668//4416 1745//4493
f 1746//4494 1702//4450 1669//4417
f 1703//4451 1747//4495 1669//4417
f 1703//4451 1626//4374 1748//4496
f 1704//4452 1748//4496 1626//4374
f 1704//4452 1595//4343 1705//4453
f 1670//4418 1706//4454 1705//4453
f 1671//4419 1707//4455 1706//4454
f 1627//4375 1708//4456 1707//4455
f 1673//4421 1672//4420 1749//4497
f 1709//4457 1749//4497 1672//4420
f 1709//4457 1630//4378 1710//4458
f 1750//4498 1708//4456 1673//4421
f 1710//4458 1636//4384 1715//4463
f 1711//4459 1631//4379 1674//4422
f 1712//4460 1632//4380 1711//4459
f 1713//4461 1633//4381 1712//4460
f 1714//4462 1634//4382 1713//4461
f 1715//4463 1635//4383 1714//4462
f 1716//4464 1674//4422 1637//4385
f 1676//4424 1675//4423 1751//4499
f 1677//4425 1676//4424 1752//4500
f 1678//4426 1677//4425 1753//4501
f 1679//4427 1678//4426 1754//4502
f 1680//4428 1679//4427 1755//4503
f 1681//4429 1680//4428 1756//4504
f 1682//4430 1681//4429 1757//4505
f 1683//4431 1682//4430 1758//4506
f 1683//4431 1759//4507 1684//4432
f 1685//4433 1684//4432 1760//4508
f 1685//4433 1760//4508 1686//4434
f 1686//4434 1761//4509 1687//4435
f 1687//4435 1762//4510 1688//4436
f 1717//4465 1716//4464 1638//4386
f 1720//4468 1717//4465 1641//4389
f 1688//4436 1763//4511 1718//4466
f 1764//4512 1719//4467 1689//4437
f 1690//4438 1765//4513 1689//4437
f 1691//4439 1766//4514 1690//4438
f 1692//4440 1767//4515 1691//4439
f 1693//4441 1768//4516 1692//4440
f 1769//4517 1693//4441 1694//4442
f 1770//4518 1694//4442 1718//4466
f 1771//4519 1720//4468 1695//4443
f 1695//4443 1719//4467 1771//4519
f 1726//4474 1721//4469 1646//4394
f 1721//4469 1722//4470 1642//4390
f 1722//4470 1723//4471 1643//4391
f 1723//4471 1724//4472 1644//4392
f 1724//4472 1725//4473 1645//4393
f 1725//4473 1742//4490 1665//4413
f 1727//4475 1726//4474 1647//4395
f 1728//4476 1727//4475 1648//4396
f 1729//4477 1728//4476 1649//4397
f 1730//4478 1729//4477 1650//4398
f 1731//4479 1730//4478 1651//4399
f 1732//4480 1731//4479 1652//4400
f 1733//4481 1732//4480 1653//4401
f 1734//4482 1733//4481 1654//4402
f 1735//4483 1734//4482 1655//4403
f 1736//4484 1735//4483 1656//4404
f 1737//4485 1736//4484 1657//4405
f 1738//4486 1737//4485 1658//4406
f 1739//4487 1738//4486 1659//4407
f 1772//4520 1739//4487 1696//4444
f 1697//4445 1773//4521 1696//4444
f 1774//4522 1697//4445 1740//4488
f 1775//4523 1740//4488 1663//4411
f 1698//4446 1776//4524 1701//4449
f 1776//4524 1698//4446 1702//4450
f 1663//4411 1741//4489 1775//4523
f 1699//4447 1700//4448 1741//4489
f 1777//4525 1700//4448 1701//4449
f 1742//4490 1743//4491 1666//4414
f 1743//4491 1744//4492 1667//4415
f 1744//4492 1745//4493 1668//4416
f 1745//4493 1751//4499 1675//4423
f 1746//4494 1778//4526 1702//4450
f 1746//4494 1669//4417 1747//4495
f 1703//4451 1748//4496 1747//4495
f 1748//4496 1704//4452 1779//4527
f 1705//4453 1779//4527 1704//4452
f 1780//4528 1705//4453 1706//4454
f 1781//4529 1706//4454 1707//4455
f 1782//4530 1707//4455 1708//4456
f 1749//4497 1783//4531 1673//4421
f 1749//4497 1709//4457 1784//4532
f 1710//4458 1784//4532 1709//4457
f 1750//4498 1785//4533 1708//4456
f 1750//4498 1673//4421 1783//4531
f 1715//4463 1786//4534 1710//4458
f 1674//4422 1716//4464 1711//4459
f 1711//4459 1787//4535 1712//4460
f 1712//4460 1788//4536 1713//4461
f 1713//4461 1789//4537 1714//4462
f 1714//4462 1790//4538 1715//4463
f 1751//4499 1752//4500 1676//4424
f 1752//4500 1753//4501 1677//4425
f 1753//4501 1754//4502 1678//4426
f 1754//4502 1755//4503 1679//4427
f 1755//4503 1756//4504 1680//4428
f 1756//4504 1757//4505 1681//4429
f 1757//4505 1758//4506 1682//4430
f 1683//4431 1758//4506 1759//4507
f 1759//4507 1760//4508 1684//4432
f 1761//4509 1686//4434 1760//4508
f 1762//4510 1687//4435 1761//4509
f 1763//4511 1688//4436 1762//4510
f 1716//4464 1717//4465 1787//4535
f 1717//4465 1720//4468 1791//4539
f 1792//4540 1718//4466 1763//4511
f 1719//4467 1764//4512 1793//4541
f 1764//4512 1689//4437 1765//4513
f 1765//4513 1690//4438 1766//4514
f 1766//4514 1691//4439 1767//4515
f 1767//4515 1692//4440 1768//4516
f 1693//4441 1769//4517 1768//4516
f 1694//4442 1770//4518 1769//4517
f 1718//4466 1792//4540 1770//4518
f 1720//4468 1771//4519 1794//4542
f 1793//4541 1771//4519 1719//4467
f 1721//4469 1726//4474 1795//4543
f 1722//4470 1721//4469 1796//4544
f 1723//4471 1722//4470 1797//4545
f 1724//4472 1723//4471 1798//4546
f 1725//4473 1724//4472 1799//4547
f 1742//4490 1725//4473 1800//4548
f 1726//4474 1727//4475 1801//4549
f 1727//4475 1728//4476 1802//4550
f 1728//4476 1729//4477 1803//4551
f 1729//4477 1730//4478 1804//4552
f 1730//4478 1731//4479 1805//4553
f 1731//4479 1732//4480 1806//4554
f 1732//4480 1733//4481 1807//4555
f 1733//4481 1734//4482 1808//4556
f 1734//4482 1735//4483 1809//4557
f 1735//4483 1736//4484 1810//4558
f 1736//4484 1737//4485 1811//4559
f 1737//4485 1738//4486 1812//4560
f 1738//4486 1739//4487 1813//4561
f 1739//4487 1772//4520 1814//4562
f 1773//4521 1772//4520 1696//4444
f 1697//4445 1774//4522 1773//4521
f 1740//4488 1775//4523 1774//4522
f 1815//4563 1701//4449 1776//4524
f 1776//4524 1702//4450 1778//4526
f 1816//4564 1775//4523 1741//4489
f 1817//4565 1741//4489 1700//4448
f 1777//4525 1818//4566 1700//4448
f 1701//4449 1815//4563 1777//4525
f 1743//4491 1742//4490 1819//4567
f 1744//4492 1743//4491 1820//4568
f 1745//4493 1744//4492 1821//4569
f 1751//4499 1745//4493 1822//4570
f 1746//4494 1747//4495 1778//4526
f 1823//4571 1747//4495 1748//4496
f 1748//4496 1779//4527 1823//4571
f 1705//4453 1780//4528 1779//4527
f 1780//4528 1706//4454 1824//4572
f 1781//4529 1824//4572 1706//4454
f 1707//4455 1782//4530 1781//4529
f 1782//4530 1708//4456 1785//4533
f 1783//4531 1749//4497 1825//4573
f 1784//4532 1825//4573 1749//4497
f 1784//4532 1710//4458 1786//4534
f 1785//4533 1750//4498 1826//4574
f 1783//4531 1826//4574 1750//4498
f 1786//4534 1715//4463 1790//4538
f 1787//4535 1711//4459 1716//4464
f 1788//4536 1712//4460 1787//4535
f 1789//4537 1713//4461 1788//4536
f 1790//4538 1714//4462 1789//4537
f 1752//4500 1751//4499 1827//4575
f 1753//4501 1752//4500 1828//4576
f 1754//4502 1753//4501 1829//4577
f 1755//4503 1754//4502 1830//4578
f 1756//4504 1755//4503 1831//4579
f 1757//4505 1756//4504 1832//4580
f 1758//4506 1757//4505 1833//4581
f 1758//4506 1834//4582 1759//4507
f 1760//4508 1759//4507 1835//4583
f 1760//4508 1835//4583 1761//4509
f 1761//4509 1836//4584 1762//4510
f 1762//4510 1837//4585 1763//4511
f 1791//4539 1787//4535 1717//4465
f 1794//4542 1791//4539 1720//4468
f 1763//4511 1838//4586 1792//4540
f 1839//4587 1793//4541 1764//4512
f 1765//4513 1840//4588 1764//4512
f 1766//4514 1841//4589 1765//4513
f 1767//4515 1842//4590 1766//4514
f 1768//4516 1843//4591 1767//4515
f 1844//4592 1768//4516 1769//4517
f 1845//4593 1769//4517 1770//4518
f 1846//4594 1770//4518 1792//4540
f 1847//4595 1794//4542 1771//4519
f 1771//4519 1793//4541 1847//4595
f 1801//4549 1795//4543 1726//4474
f 1795//4543 1796//4544 1721//4469
f 1796//4544 1797//4545 1722//4470
f 1797//4545 1798//4546 1723//4471
f 1798//4546 1799//4547 1724//4472
f 1799//4547 1800//4548 1725//4473
f 1800//4548 1819//4567 1742//4490
f 1802//4550 1801//4549 1727//4475
f 1803//4551 1802//4550 1728//4476
f 1804//4552 1803//4551 1729//4477
f 1805//4553 1804//4552 1730//4478
f 1806//4554 1805//4553 1731//4479
f 1807//4555 1806//4554 1732//4480
f 1808//4556 1807//4555 1733//4481
f 1809//4557 1808//4556 1734//4482
f 1810//4558 1809//4557 1735//4483
f 1811//4559 1810//4558 1736//4484
f 1812//4560 1811//4559 1737//4485
f 1813//4561 1812//4560 1738//4486
f 1814//4562 1813//4561 1739//4487
f 1848//4596 1814//4562 1772//4520
f 1772//4520 1773//4521 1848//4596
f 1849//4597 1773//4521 1774//4522
f 1850//4598 1774//4522 1775//4523
f 1776//4524 1778//4526 1815//4563
f 1775//4523 1816//4564 1850//4598
f 1741//4489 1817//4565 1816//4564
f 1817//4565 1700//4448 1818//4566
f 1777//4525 1851//4599 1818//4566
f 1851//4599 1777//4525 1815//4563
f 1819//4567 1820//4568 1743//4491
f 1820//4568 1821//4569 1744//4492
f 1821//4569 1822//4570 1745//4493
f 1822//4570 1827//4575 1751//4499
f 1852//4600 1778//4526 1747//4495
f 1747//4495 1823//4571 1852//4600
f 1853//4601 1823//4571 1779//4527
f 1854//4602 1779//4527 1780//4528
f 1824//4572 1855//4603 1780//4528
f 1781//4529 1856//4604 1824//4572
f 1856//4604 1781//4529 1782//4530
f 1782//4530 1785//4533 1856//4604
f 1825//4573 1857//4605 1783//4531
f 1825//4573 1784//4532 1858//4606
f 1786//4534 1858//4606 1784//4532
f 1826//4574 1859//4607 1785//4533
f 1826//4574 1783//4531 1857//4605
f 1790//4538 1860//4608 1786//4534
f 1787//4535 1791//4539 1788//4536
f 1788//4536 1861//4609 1789//4537
f 1789//4537 1862//4610 1790//4538
f 1827//4575 1828//4576 1752//4500
f 1828//4576 1829//4577 1753//4501
f 1829//4577 1830//4578 1754//4502
f 1830//4578 1831//4579 1755//4503
f 1831//4579 1832//4580 1756//4504
f 1832//4580 1833//4581 1757//4505
f 1833//4581 1863//4611 1758//4506
f 1834//4582 1835//4583 1759//4507
f 1834//4582 1758//4506 1863//4611
f 1836//4584 1761//4509 1835//4583
f 1837//4585 1762//4510 1836//4584
f 1838//4586 1763//4511 1837//4585
f 1791//4539 1794//4542 1861//4609
f 1864//4612 1792//4540 1838//4586
f 1793//4541 1839//4587 1865//4613
f 1839//4587 1764//4512 1840//4588
f 1840//4588 1765//4513 1841//4589
f 1841//4589 1766//4514 1842//4590
f 1842//4590 1767//4515 1843//4591
f 1768//4516 1844//4592 1843//4591
f 1769//4517 1845//4593 1844//4592
f 1770//4518 1846//4594 1845//4593
f 1792//4540 1864//4612 1846//4594
f 1794//4542 1847//4595 1866//4614
f 1865//4613 1847//4595 1793//4541
f 1795//4543 1801//4549 1867//4615
f 1796//4544 1795//4543 1868//4616
f 1797//4545 1796//4544 1869//4617
f 1798//4546 1797//4545 1870//4618
f 1799//4547 1798//4546 1871//4619
f 1800//4548 1799//4547 1872//4620
f 1819//4567 1800//4548 1873//4621
f 1801//4549 1802//4550 1874//4622
f 1802//4550 1803//4551 1875//4623
f 1803//4551 1804//4552 1876//4624
f 1804//4552 1805//4553 1877//4625
f 1805//4553 1806//4554 1878//4626
f 1806//4554 1807//4555 1879//4627
f 1807//4555 1808//4556 1880//4628
f 1808//4556 1809//4557 1881//4629
f 1809//4557 1810//4558 1882//4630
f 1810//4558 1811//4559 1883//4631
f 1811//4559 1812//4560 1884//4632
f 1813//4561 1885//4633 1812//4560
f 1814//4562 1886//4634 1813//4561
f 1848//4596 1887//4635 1814//4562
f 1888//4636 1848//4596 1773//4521
f 1773//4521 1849//4597 1888//4636
f 1774//4522 1850//4598 1849//4597
f 1889//4637 1815//4563 1778//4526
f 1890//4638 1850//4598 1816//4564
f 1891//4639 1816//4564 1817//4565
f 1817//4565 1818//4566 1891//4639
f 1892//4640 1818//4566 1851//4599
f 1815//4563 1889//4637 1851//4599
f 1820//4568 1819//4567 1893//4641
f 1821//4569 1820//4568 1894//4642
f 1822//4570 1821//4569 1895//4643
f 1827//4575 1822//4570 1896//4644
f 1778//4526 1852//4600 1889//4637
f 1897//4645 1852//4600 1823//4571
f 1823//4571 1853//4601 1897//4645
f 1853//4601 1779//4527 1898//4646
f 1854//4602 1898//4646 1779//4527
f 1854//4602 1780//4528 1855//4603
f 1824//4572 1899//4647 1855//4603
f 1899//4647 1824//4572 1856//4604
f 1900//4648 1856//4604 1785//4533
f 1857//4605 1825//4573 1901//4649
f 1858//4606 1901//4649 1825//4573
f 1858//4606 1786//4534 1860//4608
f 1900//4648 1785//4533 1859//4607
f 1859//4607 1826//4574 1902//4650
f 1857//4605 1902//4650 1826//4574
f 1860//4608 1790//4538 1862//4610
f 1861//4609 1788//4536 1791//4539
f 1862//4610 1789//4537 1861//4609
f 1828//4576 1827//4575 1903//4651
f 1829//4577 1828//4576 1904//4652
f 1830//4578 1829//4577 1905//4653
f 1831//4579 1830//4578 1906//4654
f 1832//4580 1831//4579 1907//4655
f 1833//4581 1832//4580 1908//4656
f 1833//4581 1908//4656 1863//4611
f 1835//4583 1834//4582 1909//4657
f 1863//4611 1909//4657 1834//4582
f 1835//4583 1909//4657 1836//4584
f 1836//4584 1910//4658 1837//4585
f 1837//4585 1911//4659 1838//4586
f 1866//4614 1861//4609 1794//4542
f 1838//4586 1912//4660 1864//4612
f 1913//4661 1865//4613 1839//4587
f 1840//4588 1914//4662 1839//4587
f 1841//4589 1915//4663 1840//4588
f 1842//4590 1916//4664 1841//4589
f 1843//4591 1917//4665 1842//4590
f 1918//4666 1843//4591 1844//4592
f 1919//4667 1844//4592 1845//4593
f 1920//4668 1845//4593 1846//4594
f 1921//4669 1846//4594 1864//4612
f 1922//4670 1866//4614 1847//4595
f 1847//4595 1865//4613 1922//4670
f 1874//4622 1867//4615 1801//4549
f 1867//4615 1868//4616 1795//4543
f 1868//4616 1869//4617 1796//4544
f 1869//4617 1870//4618 1797//4545
f 1870//4618 1871//4619 1798//4546
f 1871//4619 1872//4620 1799//4547
f 1872//4620 1873//4621 1800//4548
f 1873//4621 1893//4641 1819//4567
f 1875//4623 1874//4622 1802//4550
f 1876//4624 1875//4623 1803//4551
f 1877//4625 1876//4624 1804//4552
f 1878//4626 1877//4625 1805//4553
f 1879//4627 1878//4626 1806//4554
f 1880//4628 1879//4627 1807//4555
f 1881//4629 1880//4628 1808//4556
f 1882//4630 1881//4629 1809//4557
f 1883//4631 1882//4630 1810//4558
f 1884//4632 1883//4631 1811//4559
f 1923//4671 1884//4632 1812//4560
f 1923//4671 1812//4560 1885//4633
f 1885//4633 1813//4561 1886//4634
f 1886//4634 1814//4562 1887//4635
f 1924//4672 1887//4635 1848//4596
f 1888//4636 1924//4672 1848//4596
f 1925//4673 1888//4636 1849//4597
f 1926//4674 1849//4597 1850//4598
f 1850//4598 1890//4638 1926//4674
f 1816//4564 1891//4639 1890//4638
f 1927//4675 1891//4639 1818//4566
f 1818//4566 1892//4640 1927//4675
f 1851//4599 1928//4676 1892//4640
f 1928//4676 1851//4599 1889//4637
f 1893//4641 1894//4642 1820//4568
f 1894//4642 1895//4643 1821//4569
f 1895//4643 1896//4644 1822//4570
f 1896//4644 1903//4651 1827//4575
f 1929//4677 1889//4637 1852//4600
f 1852//4600 1897//4645 1929//4677
f 1930//4678 1897//4645 1853//4601
f 1853//4601 1898//4646 1930//4678
f 1854//4602 1855//4603 1898//4646
f 1931//4679 1855//4603 1899//4647
f 1899//4647 1856//4604 1932//4680
f 1900//4648 1932//4680 1856//4604
f 1901//4649 1933//4681 1857//4605
f 1901//4649 1858//4606 1934//4682
f 1860//4608 1934//4682 1858//4606
f 1859//4607 1935//4683 1900//4648
f 1902//4650 1936//4684 1859//4607
f 1902//4650 1857//4605 1933//4681
f 1862//4610 1937//4685 1860//4608
f 1861//4609 1866//4614 1862//4610
f 1903//4651 1904//4652 1828//4576
f 1904//4652 1905//4653 1829//4577
f 1905//4653 1906//4654 1830//4578
f 1906//4654 1907//4655 1831//4579
f 1907//4655 1908//4656 1832//4580
f 1908//4656 1938//4686 1863//4611
f 1909//4657 1863//4611 1939//4687
f 1910//4658 1836//4584 1909//4657
f 1911//4659 1837//4585 1910//4658
f 1912//4660 1838//4586 1911//4659
f 1940//4688 1864//4612 1912//4660
f 1865//4613 1913//4661 1941//4689
f 1913//4661 1839//4587 1914//4662
f 1914//4662 1840//4588 1915//4663
f 1915//4663 1841//4589 1916//4664
f 1916//4664 1842//4590 1917//4665
f 1843//4591 1918//4666 1917//4665
f 1844//4592 1919//4667 1918//4666
f 1845//4593 1920//4668 1919//4667
f 1846//4594 1921//4669 1920//4668
f 1864//4612 1940//4688 1921//4669
f 1866//4614 1922//4670 1937//4685
f 1941//4689 1922//4670 1865//4613
f 1867//4615 1874//4622 1942//4690
f 1868//4616 1867//4615 1943//4691
f 1869//4617 1868//4616 1944//4692
f 1870//4618 1869//4617 1945//4693
f 1871//4619 1870//4618 1946//4694
f 1872//4620 1871//4619 1947//4695
f 1873//4621 1872//4620 1948//4696
f 1893//4641 1873//4621 1949//4697
f 1874//4622 1875//4623 1950//4698
f 1875//4623 1876//4624 1951//4699
f 1876//4624 1877//4625 1952//4700
f 1877//4625 1878//4626 1953//4701
f 1878//4626 1879//4627 1954//4702
f 1879//4627 1880//4628 1955//4703
f 1880//4628 1881//4629 1956//4704
f 1881//4629 1882//4630 1957//4705
f 1883//4631 1958//4706 1882//4630
f 1884//4632 1959//4707 1883//4631
f 1923//4671 1960//4708 1884//4632
f 1885//4633 1961//4709 1923//4671
f 1886//4634 1962//4710 1885//4633
f 1887//4635 1963//4711 1886//4634
f 1924//4672 1964//4712 1887//4635
f 1888//4636 1925//4673 1924//4672
f 1849//4597 1926//4674 1925//4673
f 1965//4713 1926//4674 1890//4638
f 1966//4714 1890//4638 1891//4639
f 1891//4639 1927//4675 1966//4714
f 1967//4715 1927//4675 1892//4640
f 1968//4716 1892//4640 1928//4676
f 1889//4637 1929//4677 1928//4676
f 1894//4642 1893//4641 1969//4717
f 1895//4643 1894//4642 1970//4718
f 1896//4644 1895//4643 1971//4719
f 1903//4651 1896//4644 1972//4720
f 1973//4721 1929//4677 1897//4645
f 1897//4645 1930//4678 1973//4721
f 1974//4722 1930//4678 1898//4646
f 1975//4723 1898//4646 1855//4603
f 1855//4603 1931//4679 1975//4723
f 1931//4679 1899//4647 1976//4724
f 1932//4680 1976//4724 1899//4647
f 1932//4680 1900//4648 1935//4683
f 1933//4681 1901//4649 1977//4725
f 1934//4682 1977//4725 1901//4649
f 1934//4682 1860//4608 1937//4685
f 1935//4683 1859//4607 1936//4684
f 1936//4684 1902//4650 1978//4726
f 1933//4681 1978//4726 1902//4650
f 1937//4685 1862//4610 1866//4614
f 1904//4652 1903//4651 1979//4727
f 1905//4653 1904//4652 1980//4728
f 1906//4654 1905//4653 1981//4729
f 1907//4655 1906//4654 1982//4730
f 1908//4656 1907//4655 1983//4731
f 1938//4686 1939//4687 1863//4611
f 1908//4656 1983//4731 1938//4686
f 1909//4657 1939//4687 1910//4658
f 1910//4658 1984//4732 1911//4659
f 1911//4659 1985//4733 1912//4660
f 1912//4660 1986//4734 1940//4688
f 1987//4735 1941//4689 1913//4661
f 1914//4662 1988//4736 1913//4661
f 1915//4663 1989//4737 1914//4662
f 1916//4664 1990//4738 1915//4663
f 1917//4665 1991//4739 1916//4664
f 1992//4740 1917//4665 1918//4666
f 1993//4741 1918//4666 1919//4667
f 1994//4742 1919//4667 1920//4668
f 1995//4743 1920//4668 1921//4669
f 1996//4744 1921//4669 1940//4688
f 1997//4745 1937//4685 1922//4670
f 1922//4670 1941//4689 1997//4745
f 1950//4698 1942//4690 1874//4622
f 1942//4690 1943//4691 1867//4615
f 1943//4691 1944//4692 1868//4616
f 1944//4692 1945//4693 1869//4617
f 1945//4693 1946//4694 1870//4618
f 1946//4694 1947//4695 1871//4619
f 1947//4695 1948//4696 1872//4620
f 1948//4696 1949//4697 1873//4621
f 1949//4697 1969//4717 1893//4641
f 1951//4699 1950//4698 1875//4623
f 1952//4700 1951//4699 1876//4624
f 1953//4701 1952//4700 1877//4625
f 1954//4702 1953//4701 1878//4626
f 1955//4703 1954//4702 1879//4627
f 1956//4704 1955//4703 1880//4628
f 1957//4705 1956//4704 1881//4629
f 1998//4746 1957//4705 1882//4630
f 1998//4746 1882//4630 1958//4706
f 1958//4706 1883//4631 1959//4707
f 1959//4707 1884//4632 1960//4708
f 1960//4708 1923//4671 1961//4709
f 1961//4709 1885//4633 1962//4710
f 1962//4710 1886//4634 1963//4711
f 1964//4712 1963//4711 1887//4635
f 1924//4672 1999//4747 1964//4712
f 1999//4747 1924//4672 1925//4673
f 2000//4748 1925//4673 1926//4674
f 1926//4674 1965//4713 2000//4748
f 1890//4638 1966//4714 1965//4713
f 2001//4749 1966//4714 1927//4675
f 1927//4675 1967//4715 2001//4749
f 1892//4640 1968//4716 1967//4715
f 1928//4676 2002//4750 1968//4716
f 2002//4750 1928//4676 1929//4677
f 1969//4717 1970//4718 1894//4642
f 1970//4718 1971//4719 1895//4643
f 1971//4719 1972//4720 1896//4644
f 1972//4720 1979//4727 1903//4651
f 1929//4677 1973//4721 2002//4750
f 2003//4751 1973//4721 1930//4678
f 1974//4722 2004//4752 1930//4678
f 1974//4722 1898//4646 2005//4753
f 1975//4723 2005//4753 1898//4646
f 2006//4754 1975//4723 1931//4679
f 1931//4679 1976//4724 2006//4754
f 1976//4724 1932//4680 2007//4755
f 1935//4683 2007//4755 1932//4680
f 1977//4725 2008//4756 1933//4681
f 1977//4725 1934//4682 1997//4745
f 1937//4685 1997//4745 1934//4682
f 1936//4684 2009//4757 1935//4683
f 1978//4726 2010//4758 1936//4684
f 1978//4726 1933//4681 2008//4756
f 1979//4727 1980//4728 1904//4652
f 1980//4728 1981//4729 1905//4653
f 1981//4729 1982//4730 1906//4654
f 1982//4730 1983//4731 1907//4655
f 1939//4687 1938//4686 2011//4759
f 1983//4731 2012//4760 1938//4686
f 1984//4732 1910//4658 1939//4687
f 1985//4733 1911//4659 1984//4732
f 1986//4734 1912//4660 1985//4733
f 2013//4761 1940//4688 1986//4734
f 1941//4689 1987//4735 2014//4762
f 1987//4735 1913//4661 1988//4736
f 1988//4736 1914//4662 1989//4737
f 1989//4737 1915//4663 1990//4738
f 1990//4738 1916//4664 1991//4739
f 1917//4665 1992//4740 1991//4739
f 1918//4666 1993//4741 1992//4740
f 1919//4667 1994//4742 1993//4741
f 1920//4668 1995//4743 1994//4742
f 1921//4669 1996//4744 1995//4743
f 1940//4688 2013//4761 1996//4744
f 2014//4762 1997//4745 1941//4689
f 1942//4690 1950//4698 2015//4763
f 1943//4691 1942//4690 2016//4764
f 1944//4692 1943//4691 2017//4765
f 1945//4693 1944//4692 2018//4766
f 1946//4694 1945//4693 2019//4767
f 1947//4695 1946//4694 2020//4768
f 1948//4696 1947//4695 2021//4769
f 1949//4697 1948//4696 2022//4770
f 1969//4717 1949//4697 2023//4771
f 1950//4698 1951//4699 2024//4772
f 1951//4699 1952//4700 2025//4773
f 1952//4700 1953//4701 2026//4774
f 1953//4701 1954//4702 2027//4775
f 1954//4702 1955//4703 2028//4776
f 1955//4703 1956//4704 2029//4777
f 1956//4704 1957//4705 2030//4778
f 1998//4746 2031//4779 1957//4705
f 1958//4706 2032//4780 1998//4746
f 1959//4707 2033//4781 1958//4706
f 1960//4708 2034//4782 1959//4707
f 1961//4709 2035//4783 1960//4708
f 1962//4710 2036//4784 1961//4709
f 1963//4711 2037//4785 1962//4710
f 1964//4712 2038//4786 1963//4711
f 2039//4787 1964//4712 1999//4747
f 1925//4673 2000//4748 1999//4747
f 2040//4788 2000//4748 1965//4713
f 2041//4789 1965//4713 1966//4714
f 1966//4714 2001//4749 2041//4789
f 2042//4790 2001//4749 1967//4715
f 2043//4791 1967//4715 1968//4716
f 2044//4792 1968//4716 2002//4750
f 1970//4718 1969//4717 2045//4793
f 1971//4719 1970//4718 2046//4794
f 1972//4720 1971//4719 2047//4795
f 1979//4727 1972//4720 2048//4796
f 2049//4797 2002//4750 1973//4721
f 2003//4751 2050//4798 1973//4721
f 2003//4751 1930//4678 2004//4752
f 1974//4722 2005//4753 2004//4752
f 1975//4723 2006//4754 2005//4753
f 2051//4799 2006//4754 1976//4724
f 2007//4755 2052//4800 1976//4724
f 2007//4755 1935//4683 2009//4757
f 2008//4756 1977//4725 2014//4762
f 1997//4745 2014//4762 1977//4725
f 2009//4757 1936//4684 2010//4758
f 2010//4758 1978//4726 2053//4801
f 2008//4756 2053//4801 1978//4726
f 1980//4728 1979//4727 2054//4802
f 1981//4729 1980//4728 2055//4803
f 1982//4730 1981//4729 2056//4804
f 1983//4731 1982//4730 2057//4805
f 2012//4760 2011//4759 1938//4686
f 1939//4687 2011//4759 1984//4732
f 1983//4731 2057//4805 2012//4760
f 1984//4732 2058//4806 1985//4733
f 1985//4733 2059//4807 1986//4734
f 1986//4734 2060//4808 2013//4761
f 2061//4809 2014//4762 1987//4735
f 1988//4736 2062//4810 1987//4735
f 1989//4737 2063//4811 1988//4736
f 1990//4738 2064//4812 1989//4737
f 1991//4739 2065//4813 1990//4738
f 2066//4814 1991//4739 1992//4740
f 2067//4815 1992//4740 1993//4741
f 2068//4816 1993//4741 1994//4742
f 2069//4817 1994//4742 1995//4743
f 2070//4818 1995//4743 1996//4744
f 2071//4819 1996//4744 2013//4761
f 2024//4772 2015//4763 1950//4698
f 2015//4763 2016//4764 1942//4690
f 2016//4764 2017//4765 1943//4691
f 2017//4765 2018//4766 1944//4692
f 2018//4766 2019//4767 1945//4693
f 2019//4767 2020//4768 1946//4694
f 2020//4768 2021//4769 1947//4695
f 2021//4769 2022//4770 1948//4696
f 2022//4770 2023//4771 1949//4697
f 2023//4771 2045//4793 1969//4717
f 2025//4773 2024//4772 1951//4699
f 2026//4774 2025//4773 1952//4700
f 2027//4775 2026//4774 1953//4701
f 2028//4776 2027//4775 1954//4702
f 2029//4777 2028//4776 1955//4703
f 2030//4778 2029//4777 1956//4704
f 2072//4820 2030//4778 1957//4705
f 2072//4820 1957//4705 2031//4779
f 2031//4779 1998//4746 2032//4780
f 2032//4780 1958//4706 2033//4781
f 2033//4781 1959//4707 2034//4782
f 2034//4782 1960//4708 2035//4783
f 2035//4783 1961//4709 2036//4784
f 2036//4784 1962//4710 2037//4785
f 2038//4786 2037//4785 1963//4711
f 1964//4712 2039//4787 2038//4786
f 1999//4747 2073//4821 2039//4787
f 2073//4821 1999//4747 2000//4748
f 2000//4748 2040//4788 2073//4821
f 1965//4713 2041//4789 2040//4788
f 2074//4822 2041//4789 2001//4749
f 2001//4749 2042//4790 2074//4822
f 1967//4715 2043//4791 2042//4790
f 1968//4716 2044//4792 2043//4791
f 2044//4792 2002//4750 2075//4823
f 2045//4793 2046//4794 1970//4718
f 2046//4794 2047//4795 1971//4719
f 2047//4795 2048//4796 1972//4720
f 2048//4796 2054//4802 1979//4727
f 2049//4797 2075//4823 2002//4750
f 2049//4797 1973//4721 2050//4798
f 2003//4751 2004//4752 2050//4798
f 2076//4824 2004//4752 2005//4753
f 2077//4825 2005//4753 2006//4754
f 2006//4754 2051//4799 2077//4825
f 2051//4799 1976//4724 2052//4800
f 2007//4755 2009//4757 2052//4800
f 2014//4762 2061//4809 2008//4756
f 2009//4757 2010//4758 2078//4826
f 2010//4758 2053//4801 2079//4827
f 2053//4801 2008//4756 2061//4809
f 2054//4802 2055//4803 1980//4728
f 2055//4803 2056//4804 1981//4729
f 2056//4804 2057//4805 1982//4730
f 2011//4759 2012//4760 2080//4828
f 2058//4806 1984//4732 2011//4759
f 2057//4805 2081//4829 2012//4760
f 2059//4807 1985//4733 2058//4806
f 2060//4808 1986//4734 2059//4807
f 2082//4830 2013//4761 2060//4808
f 2061//4809 1987//4735 2062//4810
f 2062//4810 1988//4736 2063//4811
f 2063//4811 1989//4737 2064//4812
f 2064//4812 1990//4738 2065//4813
f 1991//4739 2066//4814 2065//4813
f 1992//4740 2067//4815 2066//4814
f 1993//4741 2068//4816 2067//4815
f 1994//4742 2069//4817 2068//4816
f 1995//4743 2070//4818 2069//4817
f 1996//4744 2071//4819 2070//4818
f 2013//4761 2082//4830 2071//4819
f 2015//4763 2024//4772 2083//4831
f 2016//4764 2015//4763 2084//4832
f 2017//4765 2016//4764 2085//4833
f 2018//4766 2017//4765 2086//4834
f 2019//4767 2018//4766 2087//4835
f 2020//4768 2019//4767 2088//4836
f 2021//4769 2020//4768 2089//4837
f 2022//4770 2021//4769 2090//4838
f 2023//4771 2022//4770 2091//4839
f 2045//4793 2023//4771 2092//4840
f 2024//4772 2025//4773 2093//4841
f 2025//4773 2026//4774 2094//4842
f 2026//4774 2027//4775 2095//4843
f 2027//4775 2028//4776 2096//4844
f 2028//4776 2029//4777 2097//4845
f 2029//4777 2030//4778 2098//4846
f 2072//4820 2099//4847 2030//4778
f 2031//4779 2100//4848 2072//4820
f 2032//4780 2101//4849 2031//4779
f 2033//4781 2102//4850 2032//4780
f 2034//4782 2103//4851 2033//4781
f 2035//4783 2104//4852 2034//4782
f 2036//4784 2105//4853 2035//4783
f 2036//4784 2037//4785 2105//4853
f 2038//4786 2106//4854 2037//4785
f 2107//4855 2038//4786 2039//4787
f 2108//4856 2039//4787 2073//4821
f 2109//4857 2073//4821 2040//4788
f 2110//4858 2040//4788 2041//4789
f 2041//4789 2074//4822 2110//4858
f 2111//4859 2074//4822 2042//4790
f 2112//4860 2042//4790 2043//4791
f 2113//4861 2043//4791 2044//4792
f 2044//4792 2075//4823 2113//4861
f 2046//4794 2045//4793 2114//4862
f 2047//4795 2046//4794 2115//4863
f 2048//4796 2047//4795 2116//4864
f 2054//4802 2048//4796 2117//4865
f 2049//4797 2050//4798 2075//4823
f 2118//4866 2050//4798 2004//4752
f 2004//4752 2076//4824 2118//4866
f 2005//4753 2077//4825 2076//4824
f 2119//4867 2077//4825 2051//4799
f 2051//4799 2052//4800 2119//4867
f 2078//4826 2052//4800 2009//4757
f 2079//4827 2078//4826 2010//4758
f 2120//4868 2079//4827 2053//4801
f 2053//4801 2061//4809 2120//4868
f 2055//4803 2054//4802 2121//4869
f 2056//4804 2055//4803 2122//4870
f 2057//4805 2056//4804 2123//4871
f 2081//4829 2080//4828 2012//4760
f 2011//4759 2080//4828 2058//4806
f 2081//4829 2057//4805 2123//4871
f 2058//4806 2124//4872 2059//4807
f 2059//4807 2125//4873 2060//4808
f 2060//4808 2126//4874 2082//4830
f 2062//4810 2120//4868 2061//4809
f 2063//4811 2127//4875 2062//4810
f 2064//4812 2128//4876 2063//4811
f 2065//4813 2129//4877 2064//4812
f 2130//4878 2065//4813 2066//4814
f 2131//4879 2066//4814 2067//4815
f 2132//4880 2067//4815 2068//4816
f 2133//4881 2068//4816 2069//4817
f 2134//4882 2069//4817 2070//4818
f 2135//4883 2070//4818 2071//4819
f 2136//4884 2071//4819 2082//4830
f 2093//4841 2083//4831 2024//4772
f 2083//4831 2084//4832 2015//4763
f 2084//4832 2085//4833 2016//4764
f 2085//4833 2086//4834 2017//4765
f 2086//4834 2087//4835 2018//4766
f 2087//4835 2088//4836 2019//4767
f 2088//4836 2089//4837 2020//4768
f 2089//4837 2090//4838 2021//4769
f 2090//4838 2091//4839 2022//4770
f 2091//4839 2092//4840 2023//4771
f 2092//4840 2114//4862 2045//4793
f 2094//4842 2093//4841 2025//4773
f 2095//4843 2094//4842 2026//4774
f 2096//4844 2095//4843 2027//4775
f 2097//4845 2096//4844 2028//4776
f 2098//4846 2097//4845 2029//4777
f 2137//4885 2098//4846 2030//4778
f 2137//4885 2030//4778 2099//4847
f 2099//4847 2072//4820 2100//4848
f 2100//4848 2031//4779 2101//4849
f 2101//4849 2032//4780 2102//4850
f 2102//4850 2033//4781 2103//4851
f 2103//4851 2034//4782 2104//4852
f 2104//4852 2035//4783 2105//4853
f 2138//4886 2105//4853 2037//4785
f 2106//4854 2138//4886 2037//4785
f 2038//4786 2107//4855 2106//4854
f 2039//4787 2108//4856 2107//4855
f 2073//4821 2109//4857 2108//4856
f 2040//4788 2110//4858 2109//4857
f 2139//4887 2110//4858 2074//4822
f 2074//4822 2111//4859 2139//4887
f 2042//4790 2112//4860 2111//4859
f 2043//4791 2113//4861 2112//4860
f 2140//4888 2113//4861 2075//4823
f 2114//4862 2115//4863 2046//4794
f 2115//4863 2116//4864 2047//4795
f 2116//4864 2117//4865 2048//4796
f 2117//4865 2121//4869 2054//4802
f 2141//4889 2075//4823 2050//4798
f 2050//4798 2118//4866 2141//4889
f 2142//4890 2118//4866 2076//4824
f 2143//4891 2076//4824 2077//4825
f 2077//4825 2119//4867 2143//4891
f 2144//4892 2119//4867 2052//4800
f 2052//4800 2078//4826 2144//4892
f 2078//4826 2079//4827 2145//4893
f 2079//4827 2120//4868 2146//4894
f 2121//4869 2122//4870 2055//4803
f 2122//4870 2123//4871 2056//4804
f 2080//4828 2081//4829 2147//4895
f 2124//4872 2058//4806 2080//4828
f 2148//4896 2081//4829 2123//4871
f 2125//4873 2059//4807 2124//4872
f 2126//4874 2060//4808 2125//4873
f 2149//4897 2082//4830 2126//4874
f 2120//4868 2062//4810 2127//4875
f 2127//4875 2063//4811 2128//4876
f 2128//4876 2064//4812 2129//4877
f 2065//4813 2130//4878 2129//4877
f 2066//4814 2131//4879 2130//4878
f 2067//4815 2132//4880 2131//4879
f 2068//4816 2133//4881 2132//4880
f 2069//4817 2134//4882 2133//4881
f 2070//4818 2135//4883 2134//4882
f 2071//4819 2136//4884 2135//4883
f 2082//4830 2149//4897 2136//4884
f 2083//4831 2093//4841 2150//4898
f 2084//4832 2083//4831 2151//4899
f 2085//4833 2084//4832 2152//4900
f 2086//4834 2085//4833 2153//4901
f 2087//4835 2086//4834 2154//4902
f 2088//4836 2087//4835 2155//4903
f 2089//4837 2088//4836 2156//4904
f 2090//4838 2089//4837 2157//4905
f 2091//4839 2090//4838 2158//4906
f 2092//4840 2091//4839 2159//4907
f 2114//4862 2092//4840 2160//4908
f 2093//4841 2094//4842 2161//4909
f 2094//4842 2095//4843 2162//4910
f 2095//4843 2096//4844 2163//4911
f 2096//4844 2097//4845 2164//4912
f 2097//4845 2098//4846 2165//4913
f 2137//4885 2166//4914 2098//4846
f 2099//4847 2167//4915 2137//4885
f 2100//4848 2168//4916 2099//4847
f 2101//4849 2169//4917 2100//4848
f 2102//4850 2170//4918 2101//4849
f 2103//4851 2171//4919 2102//4850
f 2103//4851 2104//4852 2171//4919
f 2104//4852 2105//4853 2172//4920
f 2105//4853 2138//4886 2173//4921
f 2106//4854 2174//4922 2138//4886
f 2175//4923 2106//4854 2107//4855
f 2176//4924 2107//4855 2108//4856
f 2177//4925 2108//4856 2109//4857
f 2178//4926 2109//4857 2110//4858
f 2110//4858 2139//4887 2178//4926
f 2179//4927 2139//4887 2111//4859
f 2180//4928 2111//4859 2112//4860
f 2181//4929 2112//4860 2113//4861
f 2113//4861 2140//4888 2181//4929
f 2075//4823 2141//4889 2140//4888
f 2115//4863 2114//4862 2182//4930
f 2116//4864 2115//4863 2183//4931
f 2117//4865 2116//4864 2184//4932
f 2121//4869 2117//4865 2185//4933
f 2186//4934 2141//4889 2118//4866
f 2118//4866 2142//4890 2186//4934
f 2142//4890 2076//4824 2187//4935
f 2143//4891 2187//4935 2076//4824
f 2188//4936 2143//4891 2119//4867
f 2119//4867 2144//4892 2188//4936
f 2145//4893 2144//4892 2078//4826
f 2146//4894 2145//4893 2079//4827
f 2127//4875 2146//4894 2120//4868
f 2122//4870 2121//4869 2189//4937
f 2123//4871 2122//4870 2190//4938
f 2148//4896 2147//4895 2081//4829
f 2147//4895 2191//4939 2080//4828
f 2124//4872 2080//4828 2191//4939
f 2148//4896 2123//4871 2190//4938
f 2124//4872 2191//4939 2125//4873
f 2125//4873 2192//4940 2126//4874
f 2126//4874 2193//4941 2149//4897
f 2128//4876 2194//4942 2127//4875
f 2129//4877 2195//4943 2128//4876
f 2196//4944 2129//4877 2130//4878
f 2197//4945 2130//4878 2131//4879
f 2198//4946 2131//4879 2132//4880
f 2199//4947 2132//4880 2133//4881
f 2200//4948 2133//4881 2134//4882
f 2201//4949 2134//4882 2135//4883
f 2202//4950 2135//4883 2136//4884
f 2203//4951 2136//4884 2149//4897
f 2161//4909 2150//4898 2093//4841
f 2150//4898 2151//4899 2083//4831
f 2151//4899 2152//4900 2084//4832
f 2152//4900 2153//4901 2085//4833
f 2153//4901 2154//4902 2086//4834
f 2154//4902 2155//4903 2087//4835
f 2155//4903 2156//4904 2088//4836
f 2156//4904 2157//4905 2089//4837
f 2157//4905 2158//4906 2090//4838
f 2158//4906 2159//4907 2091//4839
f 2159//4907 2160//4908 2092//4840
f 2160//4908 2182//4930 2114//4862
f 2162//4910 2161//4909 2094//4842
f 2163//4911 2162//4910 2095//4843
f 2164//4912 2163//4911 2096//4844
f 2165//4913 2164//4912 2097//4845
f 2204//4952 2165//4913 2098//4846
f 2204//4952 2098//4846 2166//4914
f 2166//4914 2137//4885 2167//4915
f 2167//4915 2099//4847 2168//4916
f 2168//4916 2100//4848 2169//4917
f 2169//4917 2101//4849 2170//4918
f 2170//4918 2102//4850 2171//4919
f 2172//4920 2171//4919 2104//4852
f 2173//4921 2172//4920 2105//4853
f 2205//4953 2173//4921 2138//4886
f 2174//4922 2205//4953 2138//4886
f 2106//4854 2175//4923 2174//4922
f 2107//4855 2176//4924 2175//4923
f 2108//4856 2177//4925 2176//4924
f 2109//4857 2178//4926 2177//4925
f 2206//4954 2178//4926 2139//4887
f 2139//4887 2179//4927 2206//4954
f 2111//4859 2180//4928 2179//4927
f 2112//4860 2181//4929 2180//4928
f 2207//4955 2181//4929 2140//4888
f 2208//4956 2140//4888 2141//4889
f 2182//4930 2183//4931 2115//4863
f 2183//4931 2184//4932 2116//4864
f 2184//4932 2185//4933 2117//4865
f 2185//4933 2189//4937 2121//4869
f 2141//4889 2186//4934 2208//4956
f 2209//4957 2186//4934 2142//4890
f 2142//4890 2187//4935 2209//4957
f 2143//4891 2188//4936 2187//4935
f 2210//4958 2188//4936 2144//4892
f 2144//4892 2145//4893 2210//4958
f 2145//4893 2146//4894 2211//4959
f 2146//4894 2127//4875 2194//4942
f 2189//4937 2190//4938 2122//4870
f 2147//4895 2148//4896 2212//4960
f 2191//4939 2147//4895 2213//4961
f 2214//4962 2148//4896 2190//4938
f 2192//4940 2125//4873 2191//4939
f 2193//4941 2126//4874 2192//4940
f 2215//4963 2149//4897 2193//4941
f 2194//4942 2128//4876 2195//4943
f 2129//4877 2196//4944 2195//4943
f 2130//4878 2197//4945 2196//4944
f 2131//4879 2198//4946 2197//4945
f 2198//4946 2132//4880 2216//4964
f 2199//4947 2216//4964 2132//4880
f 2133//4881 2200//4948 2199//4947
f 2134//4882 2201//4949 2200//4948
f 2135//4883 2202//4950 2201//4949
f 2136//4884 2203//4951 2202//4950
f 2149//4897 2215//4963 2203//4951
f 2150//4898 2161//4909 2217//4965
f 2151//4899 2150//4898 2218//4966
f 2152//4900 2151//4899 2219//4967
f 2152//4900 2219//4967 2153//4901
f 2153//4901 2220//4968 2154//4902
f 2154//4902 2221//4969 2155//4903
f 2155//4903 2222//4970 2156//4904
f 2156//4904 2223//4971 2157//4905
f 2158//4906 2157//4905 2224//4972
f 2159//4907 2158//4906 2225//4973
f 2160//4908 2159//4907 2226//4974
f 2182//4930 2160//4908 2227//4975
f 2161//4909 2162//4910 2228//4976
f 2162//4910 2163//4911 2229//4977
f 2163//4911 2164//4912 2230//4978
f 2164//4912 2165//4913 2231//4979
f 2204//4952 2232//4980 2165//4913
f 2166//4914 2233//4981 2204//4952
f 2167//4915 2234//4982 2166//4914
f 2168//4916 2235//4983 2167//4915
f 2169//4917 2236//4984 2168//4916
f 2170//4918 2237//4985 2169//4917
f 2171//4919 2238//4986 2170//4918
f 2171//4919 2172//4920 2238//4986
f 2172//4920 2173//4921 2239//4987
f 2173//4921 2205//4953 2240//4988
f 2174//4922 2241//4989 2205//4953
f 2242//4990 2174//4922 2175//4923
f 2243//4991 2175//4923 2176//4924
f 2244//4992 2176//4924 2177//4925
f 2245//4993 2177//4925 2178//4926
f 2178//4926 2206//4954 2245//4993
f 2246//4994 2206//4954 2179//4927
f 2247//4995 2179//4927 2180//4928
f 2248//4996 2180//4928 2181//4929
f 2181//4929 2207//4955 2248//4996
f 2140//4888 2208//4956 2207//4955
f 2183//4931 2182//4930 2249//4997
f 2184//4932 2183//4931 2250//4998
f 2185//4933 2184//4932 2251//4999
f 2189//4937 2185//4933 2252//5000
f 2253//5001 2208//4956 2186//4934
f 2186//4934 2209//4957 2253//5001
f 2254//5002 2209//4957 2187//4935
f 2255//5003 2187//4935 2188//4936
f 2210//4958 2256//5004 2188//4936
f 2211//4959 2210//4958 2145//4893
f 2194//4942 2211//4959 2146//4894
f 2190//4938 2189//4937 2257//5005
f 2214//4962 2212//4960 2148//4896
f 2212//4960 2213//4961 2147//4895
f 2213//4961 2258//5006 2191//4939
f 2214//4962 2190//4938 2257//5005
f 2192//4940 2191//4939 2258//5006
f 2193//4941 2192//4940 2259//5007
f 2215//4963 2193//4941 2260//5008
f 2195//4943 2261//5009 2194//4942
f 2262//5010 2195//4943 2196//4944
f 2263//5011 2196//4944 2197//4945
f 2264//5012 2197//4945 2198//4946
f 2216//4964 2265//5013 2198//4946
f 2216//4964 2199//4947 2266//5014
f 2267//5015 2199//4947 2200//4948
f 2268//5016 2200//4948 2201//4949
f 2269//5017 2201//4949 2202//4950
f 2270//5018 2202//4950 2203//4951
f 2271//5019 2203//4951 2215//4963
f 2228//4976 2217//4965 2161//4909
f 2217//4965 2218//4966 2150//4898
f 2218//4966 2219//4967 2151//4899
f 2220//4968 2153//4901 2219//4967
f 2221//4969 2154//4902 2220//4968
f 2222//4970 2155//4903 2221//4969
f 2223//4971 2156//4904 2222//4970
f 2272//5020 2157//4905 2223//4971
f 2272//5020 2224//4972 2157//4905
f 2224//4972 2225//4973 2158//4906
f 2225//4973 2226//4974 2159//4907
f 2226//4974 2227//4975 2160//4908
f 2227//4975 2249//4997 2182//4930
f 2229//4977 2228//4976 2162//4910
f 2230//4978 2229//4977 2163//4911
f 2231//4979 2230//4978 2164//4912
f 2273//5021 2231//4979 2165//4913
f 2273//5021 2165//4913 2232//4980
f 2232//4980 2204//4952 2233//4981
f 2233//4981 2166//4914 2234//4982
f 2234//4982 2167//4915 2235//4983
f 2235//4983 2168//4916 2236//4984
f 2236//4984 2169//4917 2237//4985
f 2237//4985 2170//4918 2238//4986
f 2239//4987 2238//4986 2172//4920
f 2240//4988 2239//4987 2173//4921
f 2274//5022 2240//4988 2205//4953
f 2241//4989 2274//5022 2205//4953
f 2174//4922 2242//4990 2241//4989
f 2175//4923 2243//4991 2242//4990
f 2176//4924 2244//4992 2243//4991
f 2177//4925 2245//4993 2244//4992
f 2275//5023 2245//4993 2206//4954
f 2206//4954 2246//4994 2275//5023
f 2179//4927 2247//4995 2246//4994
f 2180//4928 2248//4996 2247//4995
f 2276//5024 2248//4996 2207//4955
f 2277//5025 2207//4955 2208//4956
f 2249//4997 2250//4998 2183//4931
f 2250//4998 2251//4999 2184//4932
f 2251//4999 2252//5000 2185//4933
f 2252//5000 2257//5005 2189//4937
f 2208//4956 2253//5001 2277//5025
f 2278//5026 2253//5001 2209//4957
f 2209//4957 2254//5002 2278//5026
f 2187//4935 2255//5003 2254//5002
f 2255//5003 2188//4936 2256//5004
f 2210//4958 2211//4959 2256//5004
f 2211//4959 2194//4942 2261//5009
f 2212//4960 2214//4962 2279//5027
f 2213//4961 2212//4960 2280//5028
f 2258//5006 2213//4961 2281//5029
f 2282//5030 2214//4962 2257//5005
f 2258//5006 2259//5007 2192//4940
f 2259//5007 2260//5008 2193//4941
f 2260//5008 2283//5031 2215//4963
f 2195//4943 2262//5010 2261//5009
f 2196//4944 2263//5011 2262//5010
f 2197//4945 2264//5012 2263//5011
f 2264//5012 2198//4946 2265//5013
f 2265//5013 2216//4964 2284//5032
f 2267//5015 2266//5014 2199//4947
f 2266//5014 2284//5032 2216//4964
f 2267//5015 2200//4948 2285//5033
f 2268//5016 2285//5033 2200//4948
f 2201//4949 2269//5017 2268//5016
f 2202//4950 2270//5018 2269//5017
f 2203//4951 2271//5019 2270//5018
f 2271//5019 2215//4963 2283//5031
f 2228//4976 2286//5034 2217//4965
f 2217//4965 2287//5035 2218//4966
f 2218//4966 2288//5036 2219//4967
f 2219//4967 2289//5037 2220//4968
f 2220//4968 2290//5038 2221//4969
f 2221//4969 2291//5039 2222//4970
f 2222//4970 2292//5040 2223//4971
f 2272//5020 2223//4971 2293//5041
f 2224//4972 2272//5020 2294//5042
f 2225//4973 2224//4972 2295//5043
f 2226//4974 2225//4973 2296//5044
f 2227//4975 2226//4974 2297//5045
f 2249//4997 2227//4975 2298//5046
f 2229//4977 2299//5047 2228//4976
f 2230//4978 2300//5048 2229//4977
f 2231//4979 2301//5049 2230//4978
f 2273//5021 2302//5050 2231//4979
f 2232//4980 2303//5051 2273//5021
f 2233//4981 2304//5052 2232//4980
f 2234//4982 2305//5053 2233//4981
f 2235//4983 2306//5054 2234//4982
f 2236//4984 2307//5055 2235//4983
f 2237//4985 2308//5056 2236//4984
f 2238//4986 2309//5057 2237//4985
f 2238//4986 2239//4987 2309//5057
f 2239//4987 2240//4988 2310//5058
f 2240//4988 2274//5022 2311//5059
f 2241//4989 2312//5060 2274//5022
f 2313//5061 2241//4989 2242//4990
f 2314//5062 2242//4990 2243//4991
f 2315//5063 2243//4991 2244//4992
f 2316//5064 2244//4992 2245//4993
f 2245//4993 2275//5023 2316//5064
f 2317//5065 2275//5023 2246//4994
f 2318//5066 2246//4994 2247//4995
f 2319//5067 2247//4995 2248//4996
f 2248//4996 2276//5024 2319//5067
f 2207//4955 2277//5025 2276//5024
f 2250//4998 2249//4997 2320//5068
f 2251//4999 2250//4998 2321//5069
f 2252//5000 2251//4999 2322//5070
f 2257//5005 2252//5000 2323//5071
f 2324//5072 2277//5025 2253//5001
f 2253//5001 2278//5026 2324//5072
f 2325//5073 2278//5026 2254//5002
f 2326//5074 2254//5002 2255//5003
f 2256//5004 2327//5075 2255//5003
f 2261//5009 2256//5004 2211//4959
f 2282//5030 2279//5027 2214//4962
f 2279//5027 2280//5028 2212//4960
f 2280//5028 2281//5029 2213//4961
f 2281//5029 2328//5076 2258//5006
f 2282//5030 2257//5005 2323//5071
f 2259//5007 2258//5006 2328//5076
f 2260//5008 2259//5007 2329//5077
f 2283//5031 2260//5008 2330//5078
f 2331//5079 2261//5009 2262//5010
f 2332//5080 2262//5010 2263//5011
f 2333//5081 2263//5011 2264//5012
f 2265//5013 2334//5082 2264//5012
f 2284//5032 2335//5083 2265//5013
f 2266//5014 2267//5015 2336//5084
f 2284//5032 2266//5014 2337//5085
f 2285//5033 2336//5084 2267//5015
f 2285//5033 2268//5016 2338//5086
f 2339//5087 2268//5016 2269//5017
f 2340//5088 2269//5017 2270//5018
f 2341//5089 2270//5018 2271//5019
f 2271//5019 2283//5031 2341//5089
f 2287//5035 2217//4965 2286//5034
f 2286//5034 2228//4976 2299//5047
f 2288//5036 2218//4966 2287//5035
f 2289//5037 2219//4967 2288//5036
f 2290//5038 2220//4968 2289//5037
f 2291//5039 2221//4969 2290//5038
f 2292//5040 2222//4970 2291//5039
f 2342//5090 2223//4971 2292//5040
f 2342//5090 2293//5041 2223//4971
f 2293//5041 2294//5042 2272//5020
f 2294//5042 2295//5043 2224//4972
f 2295//5043 2296//5044 2225//4973
f 2296//5044 2297//5045 2226//4974
f 2297//5045 2298//5046 2227//4975
f 2298//5046 2320//5068 2249//4997
f 2299//5047 2229//4977 2300//5048
f 2300//5048 2230//4978 2301//5049
f 2301//5049 2231//4979 2302//5050
f 2302//5050 2273//5021 2303//5051
f 2303//5051 2232//4980 2304//5052
f 2304//5052 2233//4981 2305//5053
f 2305//5053 2234//4982 2306//5054
f 2306//5054 2235//4983 2307//5055
f 2307//5055 2236//4984 2308//5056
f 2308//5056 2237//4985 2309//5057
f 2310//5058 2309//5057 2239//4987
f 2311//5059 2310//5058 2240//4988
f 2343//5091 2311//5059 2274//5022
f 2312//5060 2343//5091 2274//5022
f 2241//4989 2313//5061 2312//5060
f 2242//4990 2314//5062 2313//5061
f 2243//4991 2315//5063 2314//5062
f 2244//4992 2316//5064 2315//5063
f 2344//5092 2316//5064 2275//5023
f 2275//5023 2317//5065 2344//5092
f 2246//4994 2318//5066 2317//5065
f 2247//4995 2319//5067 2318//5066
f 2345//5093 2319//5067 2276//5024
f 2346//5094 2276//5024 2277//5025
f 2320//5068 2321//5069 2250//4998
f 2321//5069 2322//5070 2251//4999
f 2322//5070 2323//5071 2252//5000
f 2277//5025 2324//5072 2346//5094
f 2347//5095 2324//5072 2278//5026
f 2278//5026 2325//5073 2347//5095
f 2254//5002 2326//5074 2325//5073
f 2326//5074 2255//5003 2327//5075
f 2327//5075 2256//5004 2331//5079
f 2261//5009 2331//5079 2256//5004
f 2279//5027 2282//5030 2348//5096
f 2280//5028 2279//5027 2349//5097
f 2281//5029 2280//5028 2350//5098
f 2328//5076 2281//5029 2351//5099
f 2352//5100 2282//5030 2323//5071
f 2328//5076 2329//5077 2259//5007
f 2329//5077 2330//5078 2260//5008
f 2330//5078 2353//5101 2283//5031
f 2262//5010 2332//5080 2331//5079
f 2263//5011 2333//5081 2332//5080
f 2333//5081 2264//5012 2334//5082
f 2334//5082 2265//5013 2335//5083
f 2335//5083 2284//5032 2354//5102
f 2336//5084 2337//5085 2266//5014
f 2337//5085 2354//5102 2284//5032
f 2336//5084 2285//5033 2355//5103
f 2339//5087 2338//5086 2268//5016
f 2338//5086 2355//5103 2285//5033
f 2269//5017 2340//5088 2339//5087
f 2270//5018 2341//5089 2340//5088
f 2356//5104 2341//5089 2283//5031
f 2286//5034 2357//5105 2287//5035
f 2299//5047 2358//5106 2286//5034
f 2287//5035 2359//5107 2288//5036
f 2288//5036 2360//5108 2289//5037
f 2289//5037 2361//5109 2290//5038
f 2290//5038 2362//5110 2291//5039
f 2291//5039 2363//5111 2292//5040
f 2292//5040 2364//5112 2342//5090
f 2293//5041 2342//5090 2365//5113
f 2294//5042 2293//5041 2366//5114
f 2295//5043 2294//5042 2367//5115
f 2296//5044 2295//5043 2368//5116
f 2297//5045 2296//5044 2369//5117
f 2298//5046 2297//5045 2370//5118
f 2320//5068 2298//5046 2371//5119
f 2300//5048 2372//5120 2299//5047
f 2301//5049 2373//5121 2300//5048
f 2302//5050 2374//5122 2301//5049
f 2303//5051 2375//5123 2302//5050
f 2304//5052 2376//5124 2303//5051
f 2305//5053 2377//5125 2304//5052
f 2306//5054 2378//5126 2305//5053
f 2307//5055 2379//5127 2306//5054
f 2308//5056 2380//5128 2307//5055
f 2309//5057 2381//5129 2308//5056
f 2309//5057 2310//5058 2381//5129
f 2310//5058 2311//5059 2382//5130
f 2311//5059 2343//5091 2383//5131
f 2312//5060 2384//5132 2343//5091
f 2385//5133 2312//5060 2313//5061
f 2386//5134 2313//5061 2314//5062
f 2387//5135 2314//5062 2315//5063
f 2388//5136 2315//5063 2316//5064
f 2316//5064 2344//5092 2388//5136
f 2389//5137 2344//5092 2317//5065
f 2390//5138 2317//5065 2318//5066
f 2391//5139 2318//5066 2319//5067
f 2319//5067 2345//5093 2391//5139
f 2276//5024 2346//5094 2345//5093
f 2321//5069 2320//5068 2392//5140
f 2322//5070 2321//5069 2393//5141
f 2323//5071 2322//5070 2394//5142
f 2395//5143 2346//5094 2324//5072
f 2324//5072 2347//5095 2395//5143
f 2396//5144 2347//5095 2325//5073
f 2397//5145 2325//5073 2326//5074
f 2327//5075 2398//5146 2326//5074
f 2331//5079 2399//5147 2327//5075
f 2352//5100 2348//5096 2282//5030
f 2348//5096 2349//5097 2279//5027
f 2349//5097 2350//5098 2280//5028
f 2350//5098 2351//5099 2281//5029
f 2351//5099 2400//5148 2328//5076
f 2352//5100 2323//5071 2394//5142
f 2329//5077 2328//5076 2400//5148
f 2330//5078 2329//5077 2401//5149
f 2356//5104 2283//5031 2353//5101
f 2353//5101 2330//5078 2402//5150
f 2399//5147 2331//5079 2332//5080
f 2403//5151 2332//5080 2333//5081
f 2334//5082 2404//5152 2333//5081
f 2335//5083 2405//5153 2334//5082
f 2354//5102 2406//5154 2335//5083
f 2337//5085 2336//5084 2407//5155
f 2354//5102 2337//5085 2408//5156
f 2355//5103 2407//5155 2336//5084
f 2338//5086 2339//5087 2409//5157
f 2355//5103 2338//5086 2410//5158
f 2411//5159 2339//5087 2340//5088
f 2412//5160 2340//5088 2341//5089
f 2341//5089 2356//5104 2412//5160
f 2359//5107 2287//5035 2357//5105
f 2357//5105 2286//5034 2358//5106
f 2358//5106 2299//5047 2372//5120
f 2360//5108 2288//5036 2359//5107
f 2361//5109 2289//5037 2360//5108
f 2362//5110 2290//5038 2361//5109
f 2363//5111 2291//5039 2362//5110
f 2364//5112 2292//5040 2363//5111
f 2413//5161 2342//5090 2364//5112
f 2413//5161 2365//5113 2342//5090
f 2365//5113 2366//5114 2293//5041
f 2366//5114 2367//5115 2294//5042
f 2367//5115 2368//5116 2295//5043
f 2368//5116 2369//5117 2296//5044
f 2369//5117 2370//5118 2297//5045
f 2370//5118 2371//5119 2298//5046
f 2371//5119 2392//5140 2320//5068
f 2372//5120 2300//5048 2373//5121
f 2373//5121 2301//5049 2374//5122
f 2374//5122 2302//5050 2375//5123
f 2375//5123 2303//5051 2376//5124
f 2376//5124 2304//5052 2377//5125
f 2377//5125 2305//5053 2378//5126
f 2378//5126 2306//5054 2379//5127
f 2379//5127 2307//5055 2380//5128
f 2380//5128 2308//5056 2381//5129
f 2382//5130 2381//5129 2310//5058
f 2383//5131 2382//5130 2311//5059
f 2414//5162 2383//5131 2343//5091
f 2384//5132 2414//5162 2343//5091
f 2312//5060 2385//5133 2384//5132
f 2313//5061 2386//5134 2385//5133
f 2314//5062 2387//5135 2386//5134
f 2315//5063 2388//5136 2387//5135
f 2415//5163 2388//5136 2344//5092
f 2344//5092 2389//5137 2415//5163
f 2317//5065 2390//5138 2389//5137
f 2318//5066 2391//5139 2390//5138
f 2416//5164 2391//5139 2345//5093
f 2417//5165 2345//5093 2346//5094
f 2392//5140 2393//5141 2321//5069
f 2393//5141 2394//5142 2322//5070
f 2346//5094 2395//5143 2417//5165
f 2418//5166 2395//5143 2347//5095
f 2347//5095 2396//5144 2418//5166
f 2325//5073 2397//5145 2396//5144
f 2397//5145 2326//5074 2398//5146
f 2398//5146 2327//5075 2399//5147
f 2348//5096 2352//5100 2419//5167
f 2349//5097 2348//5096 2420//5168
f 2350//5098 2349//5097 2421//5169
f 2351//5099 2350//5098 2422//5170
f 2400//5148 2351//5099 2423//5171
f 2424//5172 2352//5100 2394//5142
f 2400//5148 2401//5149 2329//5077
f 2401//5149 2402//5150 2330//5078
f 2353//5101 2425//5173 2356//5104
f 2402//5150 2426//5174 2353//5101
f 2399//5147 2332//5080 2427//5175
f 2403//5151 2427//5175 2332//5080
f 2403//5151 2333//5081 2404//5152
f 2404//5152 2334//5082 2405//5153
f 2405//5153 2335//5083 2406//5154
f 2406//5154 2354//5102 2428//5176
f 2407//5155 2408//5156 2337//5085
f 2408//5156 2428//5176 2354//5102
f 2407//5155 2355//5103 2429//5177
f 2411//5159 2409//5157 2339//5087
f 2409//5157 2410//5158 2338//5086
f 2410//5158 2429//5177 2355//5103
f 2340//5088 2412//5160 2411//5159
f 2430//5178 2412//5160 2356//5104
f 2357//5105 2431//5179 2359//5107
f 2358//5106 2432//5180 2357//5105
f 2372//5120 2433//5181 2358//5106
f 2359//5107 2434//5182 2360//5108
f 2360//5108 2435//5183 2361//5109
f 2361//5109 2436//5184 2362//5110
f 2362//5110 2437//5185 2363//5111
f 2363//5111 2438//5186 2364//5112
f 2413//5161 2364//5112 2439//5187
f 2365//5113 2413//5161 2440//5188
f 2366//5114 2365//5113 2441//5189
f 2367//5115 2366//5114 2442//5190
f 2368//5116 2367//5115 2443//5191
f 2369//5117 2368//5116 2444//5192
f 2370//5118 2369//5117 2445//5193
f 2371//5119 2370//5118 2446//5194
f 2392//5140 2371//5119 2447//5195
f 2373//5121 2448//5196 2372//5120
f 2374//5122 2449//5197 2373//5121
f 2375//5123 2450//5198 2374//5122
f 2376//5124 2451//5199 2375//5123
f 2377//5125 2452//5200 2376//5124
f 2378//5126 2453//5201 2377//5125
f 2379//5127 2454//5202 2378//5126
f 2380//5128 2455//5203 2379//5127
f 2381//5129 2456//5204 2380//5128
f 2381//5129 2382//5130 2456//5204
f 2382//5130 2383//5131 2457//5205
f 2383//5131 2414//5162 2458//5206
f 2384//5132 2459//5207 2414//5162
f 2460//5208 2384//5132 2385//5133
f 2461//5209 2385//5133 2386//5134
f 2462//5210 2386//5134 2387//5135
f 2463//5211 2387//5135 2388//5136
f 2388//5136 2415//5163 2463//5211
f 2464//5212 2415//5163 2389//5137
f 2465//5213 2389//5137 2390//5138
f 2466//5214 2390//5138 2391//5139
f 2391//5139 2416//5164 2466//5214
f 2345//5093 2417//5165 2416//5164
f 2393//5141 2392//5140 2467//5215
f 2394//5142 2393//5141 2468//5216
f 2469//5217 2417//5165 2395//5143
f 2395//5143 2418//5166 2469//5217
f 2470//5218 2418//5166 2396//5144
f 2471//5219 2396//5144 2397//5145
f 2397//5145 2398//5146 2471//5219
f 2398//5146 2399//5147 2472//5220
f 2424//5172 2419//5167 2352//5100
f 2419//5167 2420//5168 2348//5096
f 2420//5168 2421//5169 2349//5097
f 2421//5169 2422//5170 2350//5098
f 2422//5170 2423//5171 2351//5099
f 2423//5171 2473//5221 2400//5148
f 2424//5172 2394//5142 2468//5216
f 2401//5149 2400//5148 2473//5221
f 2402//5150 2401//5149 2474//5222
f 2430//5178 2356//5104 2425//5173
f 2425//5173 2353//5101 2426//5174
f 2426//5174 2402//5150 2475//5223
f 2427//5175 2472//5220 2399//5147
f 2427//5175 2403//5151 2476//5224
f 2404//5152 2476//5224 2403//5151
f 2405//5153 2477//5225 2404//5152
f 2406//5154 2478//5226 2405//5153
f 2428//5176 2479//5227 2406//5154
f 2408//5156 2407//5155 2480//5228
f 2428//5176 2408//5156 2481//5229
f 2429//5177 2480//5228 2407//5155
f 2409//5157 2411//5159 2482//5230
f 2410//5158 2409//5157 2483//5231
f 2429//5177 2410//5158 2484//5232
f 2485//5233 2411//5159 2412//5160
f 2412//5160 2430//5178 2485//5233
f 2434//5182 2359//5107 2431//5179
f 2431//5179 2357//5105 2432//5180
f 2432//5180 2358//5106 2433//5181
f 2433//5181 2372//5120 2448//5196
f 2435//5183 2360//5108 2434//5182
f 2436//5184 2361//5109 2435//5183
f 2437//5185 2362//5110 2436//5184
f 2438//5186 2363//5111 2437//5185
f 2486//5234 2364//5112 2438//5186
f 2486//5234 2439//5187 2364//5112
f 2439//5187 2440//5188 2413//5161
f 2440//5188 2441//5189 2365//5113
f 2441//5189 2442//5190 2366//5114
f 2442//5190 2443//5191 2367//5115
f 2443//5191 2444//5192 2368//5116
f 2444//5192 2445//5193 2369//5117
f 2445//5193 2446//5194 2370//5118
f 2446//5194 2447//5195 2371//5119
f 2447//5195 2467//5215 2392//5140
f 2448//5196 2373//5121 2449//5197
f 2449//5197 2374//5122 2450//5198
f 2450//5198 2375//5123 2451//5199
f 2451//5199 2376//5124 2452//5200
f 2452//5200 2377//5125 2453//5201
f 2453//5201 2378//5126 2454//5202
f 2454//5202 2379//5127 2455//5203
f 2455//5203 2380//5128 2456//5204
f 2457//5205 2456//5204 2382//5130
f 2458//5206 2457//5205 2383//5131
f 2487//5235 2458//5206 2414//5162
f 2459//5207 2487//5235 2414//5162
f 2384//5132 2460//5208 2459//5207
f 2385//5133 2461//5209 2460//5208
f 2386//5134 2462//5210 2461//5209
f 2387//5135 2463//5211 2462//5210
f 2488//5236 2463//5211 2415//5163
f 2415//5163 2464//5212 2488//5236
f 2389//5137 2465//5213 2464//5212
f 2390//5138 2466//5214 2465//5213
f 2489//5237 2466//5214 2416//5164
f 2490//5238 2416//5164 2417//5165
f 2467//5215 2468//5216 2393//5141
f 2417//5165 2469//5217 2490//5238
f 2491//5239 2469//5217 2418//5166
f 2418//5166 2470//5218 2491//5239
f 2396//5144 2471//5219 2470//5218
f 2472//5220 2471//5219 2398//5146
f 2419//5167 2424//5172 2492//5240
f 2420//5168 2419//5167 2493//5241
f 2421//5169 2420//5168 2494//5242
f 2422//5170 2421//5169 2495//5243
f 2423//5171 2422//5170 2496//5244
f 2473//5221 2423//5171 2497//5245
f 2498//5246 2424//5172 2468//5216
f 2473//5221 2474//5222 2401//5149
f 2474//5222 2475//5223 2402//5150
f 2430//5178 2425//5173 2499//5247
f 2425//5173 2426//5174 2500//5248
f 2426//5174 2475//5223 2501//5249
f 2472//5220 2427//5175 2502//5250
f 2476//5224 2502//5250 2427//5175
f 2476//5224 2404//5152 2477//5225
f 2477//5225 2405//5153 2478//5226
f 2478//5226 2406//5154 2479//5227
f 2479//5227 2428//5176 2503//5251
f 2480//5228 2481//5229 2408//5156
f 2481//5229 2503//5251 2428//5176
f 2480//5228 2429//5177 2504//5252
f 2485//5233 2482//5230 2411//5159
f 2482//5230 2483//5231 2409//5157
f 2483//5231 2484//5232 2410//5158
f 2484//5232 2504//5252 2429//5177
f 2499//5247 2485//5233 2430//5178
f 2431//5179 2505//5253 2434//5182
f 2432//5180 2506//5254 2431//5179
f 2433//5181 2507//5255 2432//5180
f 2448//5196 2508//5256 2433//5181
f 2434//5182 2509//5257 2435//5183
f 2435//5183 2510//5258 2436//5184
f 2436//5184 2511//5259 2437//5185
f 2437//5185 2512//5260 2438//5186
f 2438//5186 2513//5261 2486//5234
f 2439//5187 2486//5234 2514//5262
f 2440//5188 2439//5187 2515//5263
f 2441//5189 2440//5188 2516//5264
f 2442//5190 2441//5189 2517//5265
f 2443//5191 2442//5190 2518//5266
f 2444//5192 2443//5191 2519//5267
f 2445//5193 2444//5192 2520//5268
f 2446//5194 2445//5193 2521//5269
f 2447//5195 2446//5194 2522//5270
f 2467//5215 2447//5195 2523//5271
f 2449//5197 2524//5272 2448//5196
f 2450//5198 2525//5273 2449//5197
f 2451//5199 2526//5274 2450//5198
f 2452//5200 2527//5275 2451//5199
f 2453//5201 2528//5276 2452//5200
f 2454//5202 2529//5277 2453//5201
f 2455//5203 2530//5278 2454//5202
f 2456//5204 2531//5279 2455//5203
f 2456//5204 2457//5205 2531//5279
f 2457//5205 2458//5206 2532//5280
f 2458//5206 2487//5235 2533//5281
f 2459//5207 2534//5282 2487//5235
f 2535//5283 2459//5207 2460//5208
f 2536//5284 2460//5208 2461//5209
f 2537//5285 2461//5209 2462//5210
f 2538//5286 2462//5210 2463//5211
f 2463//5211 2488//5236 2538//5286
f 2539//5287 2488//5236 2464//5212
f 2540//5288 2464//5212 2465//5213
f 2541//5289 2465//5213 2466//5214
f 2466//5214 2489//5237 2541//5289
f 2416//5164 2490//5238 2489//5237
f 2468//5216 2467//5215 2542//5290
f 2543//5291 2490//5238 2469//5217
f 2469//5217 2491//5239 2543//5291
f 2544//5292 2491//5239 2470//5218
f 2545//5293 2470//5218 2471//5219
f 2471//5219 2472//5220 2545//5293
f 2498//5246 2492//5240 2424//5172
f 2492//5240 2493//5241 2419//5167
f 2493//5241 2494//5242 2420//5168
f 2494//5242 2495//5243 2421//5169
f 2495//5243 2496//5244 2422//5170
f 2496//5244 2497//5245 2423//5171
f 2497//5245 2546//5294 2473//5221
f 2498//5246 2468//5216 2542//5290
f 2474//5222 2473//5221 2546//5294
f 2475//5223 2474//5222 2547//5295
f 2500//5248 2499//5247 2425//5173
f 2501//5249 2500//5248 2426//5174
f 2548//5296 2501//5249 2475//5223
f 2502//5250 2545//5293 2472//5220
f 2502//5250 2476//5224 2549//5297
f 2477//5225 2549//5297 2476//5224
f 2478//5226 2550//5298 2477//5225
f 2479//5227 2551//5299 2478//5226
f 2503//5251 2552//5300 2479//5227
f 2481//5229 2480//5228 2553//5301
f 2503//5251 2481//5229 2554//5302
f 2504//5252 2553//5301 2480//5228
f 2482//5230 2485//5233 2555//5303
f 2483//5231 2482//5230 2556//5304
f 2483//5231 2556//5304 2484//5232
f 2484//5232 2557//5305 2504//5252
f 2499//5247 2555//5303 2485//5233
f 2509//5257 2434//5182 2505//5253
f 2505//5253 2431//5179 2506//5254
f 2506//5254 2432//5180 2507//5255
f 2507//5255 2433//5181 2508//5256
f 2508//5256 2448//5196 2524//5272
f 2510//5258 2435//5183 2509//5257
f 2511//5259 2436//5184 2510//5258
f 2512//5260 2437//5185 2511//5259
f 2513//5261 2438//5186 2512//5260
f 2558//5306 2486//5234 2513//5261
f 2558//5306 2514//5262 2486//5234
f 2514//5262 2515//5263 2439//5187
f 2515//5263 2516//5264 2440//5188
f 2516//5264 2517//5265 2441//5189
f 2517//5265 2518//5266 2442//5190
f 2518//5266 2519//5267 2443//5191
f 2519//5267 2520//5268 2444//5192
f 2520//5268 2521//5269 2445//5193
f 2521//5269 2522//5270 2446//5194
f 2522//5270 2523//5271 2447//5195
f 2523//5271 2542//5290 2467//5215
f 2524//5272 2449//5197 2525//5273
f 2525//5273 2450//5198 2526//5274
f 2526//5274 2451//5199 2527//5275
f 2527//5275 2452//5200 2528//5276
f 2528//5276 2453//5201 2529//5277
f 2529//5277 2454//5202 2530//5278
f 2530//5278 2455//5203 2531//5279
f 2532//5280 2531//5279 2457//5205
f 2533//5281 2532//5280 2458//5206
f 2559//5307 2533//5281 2487//5235
f 2534//5282 2559//5307 2487//5235
f 2459//5207 2535//5283 2534//5282
f 2460//5208 2536//5284 2535//5283
f 2461//5209 2537//5285 2536//5284
f 2462//5210 2538//5286 2537//5285
f 2560//5308 2538//5286 2488//5236
f 2488//5236 2539//5287 2560//5308
f 2464//5212 2540//5288 2539//5287
f 2465//5213 2541//5289 2540//5288
f 2561//5309 2541//5289 2489//5237
f 2562//5310 2489//5237 2490//5238
f 2490//5238 2543//5291 2562//5310
f 2563//5311 2543//5291 2491//5239
f 2491//5239 2544//5292 2563//5311
f 2470//5218 2545//5293 2544//5292
f 2492//5240 2498//5246 2564//5312
f 2493//5241 2492//5240 2565//5313
f 2494//5242 2493//5241 2566//5314
f 2495//5243 2494//5242 2567//5315
f 2496//5244 2495//5243 2568//5316
f 2497//5245 2496//5244 2569//5317
f 2546//5294 2497//5245 2570//5318
f 2571//5319 2498//5246 2542//5290
f 2546//5294 2547//5295 2474//5222
f 2475//5223 2547//5295 2548//5296
f 2499//5247 2500//5248 2555//5303
f 2500//5248 2501//5249 2572//5320
f 2501//5249 2548//5296 2573//5321
f 2545//5293 2502//5250 2574//5322
f 2549//5297 2574//5322 2502//5250
f 2549//5297 2477//5225 2550//5298
f 2550//5298 2478//5226 2551//5299
f 2551//5299 2479//5227 2552//5300
f 2503//5251 2554//5302 2552//5300
f 2553//5301 2554//5302 2481//5229
f 2504//5252 2575//5323 2553//5301
f 2555//5303 2556//5304 2482//5230
f 2557//5305 2484//5232 2556//5304
f 2575//5323 2504//5252 2557//5305
f 2505//5253 2576//5324 2509//5257
f 2506//5254 2577//5325 2505//5253
f 2507//5255 2578//5326 2506//5254
f 2508//5256 2579//5327 2507//5255
f 2524//5272 2580//5328 2508//5256
f 2509//5257 2581//5329 2510//5258
f 2510//5258 2582//5330 2511//5259
f 2511//5259 2583//5331 2512//5260
f 2512//5260 2584//5332 2513//5261
f 2558//5306 2513//5261 2585//5333
f 2514//5262 2558//5306 2586//5334
f 2515//5263 2514//5262 2587//5335
f 2516//5264 2515//5263 2588//5336
f 2517//5265 2516//5264 2589//5337
f 2518//5266 2517//5265 2590//5338
f 2519//5267 2518//5266 2591//5339
f 2520//5268 2519//5267 2592//5340
f 2521//5269 2520//5268 2593//5341
f 2522//5270 2521//5269 2594//5342
f 2523//5271 2522//5270 2595//5343
f 2542//5290 2523//5271 2596//5344
f 2525//5273 2597//5345 2524//5272
f 2526//5274 2598//5346 2525//5273
f 2527//5275 2599//5347 2526//5274
f 2528//5276 2600//5348 2527//5275
f 2529//5277 2601//5349 2528//5276
f 2530//5278 2602//5350 2529//5277
f 2531//5279 2603//5351 2530//5278
f 2531//5279 2532//5280 2603//5351
f 2532//5280 2533//5281 2604//5352
f 2533//5281 2559//5307 2605//5353
f 2534//5282 2606//5354 2559//5307
f 2607//5355 2534//5282 2535//5283
f 2608//5356 2535//5283 2536//5284
f 2609//5357 2536//5284 2537//5285
f 2610//5358 2537//5285 2538//5286
f 2538//5286 2560//5308 2610//5358
f 2611//5359 2560//5308 2539//5287
f 2612//5360 2539//5287 2540//5288
f 2613//5361 2540//5288 2541//5289
f 2541//5289 2561//5309 2613//5361
f 2489//5237 2562//5310 2561//5309
f 2614//5362 2562//5310 2543//5291
f 2543//5291 2563//5311 2614//5362
f 2615//5363 2563//5311 2544//5292
f 2574//5322 2544//5292 2545//5293
f 2571//5319 2564//5312 2498//5246
f 2564//5312 2565//5313 2492//5240
f 2565//5313 2566//5314 2493//5241
f 2566//5314 2567//5315 2494//5242
f 2567//5315 2568//5316 2495//5243
f 2568//5316 2569//5317 2496//5244
f 2569//5317 2570//5318 2497//5245
f 2570//5318 2616//5364 2546//5294
f 2571//5319 2542//5290 2596//5344
f 2547//5295 2546//5294 2616//5364
f 2617//5365 2548//5296 2547//5295
f 2572//5320 2555//5303 2500//5248
f 2573//5321 2572//5320 2501//5249
f 2618//5366 2573//5321 2548//5296
f 2574//5322 2549//5297 2619//5367
f 2550//5298 2619//5367 2549//5297
f 2551//5299 2620//5368 2550//5298
f 2552//5300 2621//5369 2551//5299
f 2622//5370 2552//5300 2554//5302
f 2553//5301 2623//5371 2554//5302
f 2623//5371 2553//5301 2575//5323
f 2555//5303 2572//5320 2556//5304
f 2556//5304 2624//5372 2557//5305
f 2557//5305 2625//5373 2575//5323
f 2581//5329 2509//5257 2576//5324
f 2576//5324 2505//5253 2577//5325
f 2577//5325 2506//5254 2578//5326
f 2578//5326 2507//5255 2579//5327
f 2579//5327 2508//5256 2580//5328
f 2580//5328 2524//5272 2597//5345
f 2582//5330 2510//5258 2581//5329
f 2583//5331 2511//5259 2582//5330
f 2584//5332 2512//5260 2583//5331
f 2626//5374 2513//5261 2584//5332
f 2626//5374 2585//5333 2513//5261
f 2585//5333 2586//5334 2558//5306
f 2586//5334 2587//5335 2514//5262
f 2587//5335 2588//5336 2515//5263
f 2588//5336 2589//5337 2516//5264
f 2589//5337 2590//5338 2517//5265
f 2590//5338 2591//5339 2518//5266
f 2591//5339 2592//5340 2519//5267
f 2592//5340 2593//5341 2520//5268
f 2593//5341 2594//5342 2521//5269
f 2594//5342 2595//5343 2522//5270
f 2595//5343 2596//5344 2523//5271
f 2597//5345 2525//5273 2598//5346
f 2598//5346 2526//5274 2599//5347
f 2599//5347 2527//5275 2600//5348
f 2600//5348 2528//5276 2601//5349
f 2601//5349 2529//5277 2602//5350
f 2602//5350 2530//5278 2603//5351
f 2604//5352 2603//5351 2532//5280
f 2605//5353 2604//5352 2533//5281
f 2627//5375 2605//5353 2559//5307
f 2606//5354 2627//5375 2559//5307
f 2534//5282 2607//5355 2606//5354
f 2535//5283 2608//5356 2607//5355
f 2536//5284 2609//5357 2608//5356
f 2537//5285 2610//5358 2609//5357
f 2628//5376 2610//5358 2560//5308
f 2560//5308 2611//5359 2628//5376
f 2611//5359 2539//5287 2629//5377
f 2612//5360 2629//5377 2539//5287
f 2540//5288 2613//5361 2612//5360
f 2630//5378 2613//5361 2561//5309
f 2631//5379 2561//5309 2562//5310
f 2562//5310 2614//5362 2631//5379
f 2632//5380 2614//5362 2563//5311
f 2563//5311 2615//5363 2632//5380
f 2544//5292 2574//5322 2615//5363
f 2564//5312 2571//5319 2633//5381
f 2565//5313 2564//5312 2634//5382
f 2566//5314 2565//5313 2635//5383
f 2567//5315 2566//5314 2636//5384
f 2568//5316 2567//5315 2637//5385
f 2569//5317 2568//5316 2638//5386
f 2570//5318 2569//5317 2639//5387
f 2616//5364 2570//5318 2640//5388
f 2641//5389 2571//5319 2596//5344
f 2547//5295 2616//5364 2617//5365
f 2548//5296 2617//5365 2618//5366
f 2572//5320 2573//5321 2624//5372
f 2573//5321 2618//5366 2642//5390
f 2619//5367 2615//5363 2574//5322
f 2619//5367 2550//5298 2620//5368
f 2620//5368 2551//5299 2621//5369
f 2552//5300 2622//5370 2621//5369
f 2554//5302 2643//5391 2622//5370
f 2643//5391 2554//5302 2623//5371
f 2575//5323 2644//5392 2623//5371
f 2624//5372 2556//5304 2572//5320
f 2625//5373 2557//5305 2624//5372
f 2644//5392 2575//5323 2625//5373
f 2645//5393 2581//5329 2576//5324
f 2645//5393 2576//5324 2577//5325
f 2645//5393 2577//5325 2578//5326
f 2645//5393 2578//5326 2579//5327
f 2645//5393 2579//5327 2580//5328
f 2645//5393 2580//5328 2597//5345
f 2581//5329 2645//5393 2582//5330
f 2646//5394 2583//5331 2582//5330
f 2646//5394 2584//5332 2583//5331
f 2646//5394 2626//5374 2584//5332
f 2646//5394 2585//5333 2626//5374
f 2586//5334 2585//5333 2646//5394
f 2587//5335 2586//5334 2646//5394
f 2588//5336 2587//5335 2646//5394
f 2589//5337 2588//5336 2646//5394
f 2590//5338 2589//5337 2646//5394
f 2591//5339 2590//5338 2646//5394
f 2592//5340 2591//5339 2646//5394
f 2593//5341 2592//5340 2646//5394
f 2594//5342 2593//5341 2646//5394
f 2595//5343 2594//5342 2646//5394
f 2596//5344 2595//5343 2646//5394
f 2645//5393 2597//5345 2598//5346
f 2645//5393 2598//5346 2599//5347
f 2645//5393 2599//5347 2600//5348
f 2645//5393 2600//5348 2601//5349
f 2645//5393 2601//5349 2602//5350
f 2645//5393 2602//5350 2603//5351
f 2604//5352 2645//5393 2603//5351
f 2605//5353 2645//5393 2604//5352
f 2627//5375 2645//5393 2605//5353
f 2627//5375 2606//5354 2645//5393
f 2647//5395 2606//5354 2607//5355
f 2648//5396 2607//5355 2608//5356
f 2649//5397 2608//5356 2609//5357
f 2650//5398 2609//5357 2610//5358
f 2610//5358 2628//5376 2650//5398
f 2651//5399 2628//5376 2611//5359
f 2629//5377 2652//5400 2611//5359
f 2629//5377 2612//5360 2653//5401
f 2654//5402 2612//5360 2613//5361
f 2613//5361 2630//5378 2654//5402
f 2561//5309 2631//5379 2630//5378
f 2655//5403 2631//5379 2614//5362
f 2614//5362 2632//5380 2655//5403
f 2656//5404 2632//5380 2615//5363
f 2641//5389 2633//5381 2571//5319
f 2633//5381 2634//5382 2564//5312
f 2634//5382 2635//5383 2565//5313
f 2635//5383 2636//5384 2566//5314
f 2636//5384 2637//5385 2567//5315
f 2637//5385 2638//5386 2568//5316
f 2638//5386 2639//5387 2569//5317
f 2639//5387 2640//5388 2570//5318
f 2616//5364 2640//5388 2657//5405
f 2641//5389 2596//5344 2658//5406
f 2657//5405 2617//5365 2616//5364
f 2659//5407 2618//5366 2617//5365
f 2642//5390 2624//5372 2573//5321
f 2660//5408 2642//5390 2618//5366
f 2615//5363 2619//5367 2656//5404
f 2620//5368 2656//5404 2619//5367
f 2621//5369 2661//5409 2620//5368
f 2662//5410 2621//5369 2622//5370
f 2663//5411 2622//5370 2643//5391
f 2623//5371 2664//5412 2643//5391
f 2664//5412 2623//5371 2644//5392
f 2624//5372 2642//5390 2625//5373
f 2625//5373 2665//5413 2644//5392
f 2646//5394 2582//5330 2645//5393
f 2646//5394 2658//5406 2596//5344
f 2666//5414 2645//5393 2606//5354
f 2647//5395 2666//5414 2606//5354
f 2607//5355 2648//5396 2647//5395
f 2608//5356 2649//5397 2648//5396
f 2609//5357 2650//5398 2649//5397
f 2667//5415 2650//5398 2628//5376
f 2628//5376 2651//5399 2667//5415
f 2651//5399 2611//5359 2652//5400
f 2652//5400 2629//5377 2668//5416
f 2654//5402 2653//5401 2612//5360
f 2653//5401 2668//5416 2629//5377
f 2669//5417 2654//5402 2630//5378
f 2670//5418 2630//5378 2631//5379
f 2631//5379 2655//5403 2670//5418
f 2671//5419 2655//5403 2632//5380
f 2632//5380 2656//5404 2671//5419
f 2633//5381 2641//5389 2658//5406
f 2634//5382 2633//5381 2658//5406
f 2635//5383 2634//5382 2658//5406
f 2636//5384 2635//5383 2658//5406
f 2637//5385 2636//5384 2658//5406
f 2638//5386 2637//5385 2658//5406
f 2639//5387 2638//5386 2658//5406
f 2640//5388 2639//5387 2658//5406
f 2672//5420 2657//5405 2640//5388
f 2617//5365 2657//5405 2659//5407
f 2618//5366 2659//5407 2660//5408
f 2642//5390 2660//5408 2665//5413
f 2656//5404 2620//5368 2661//5409
f 2621//5369 2662//5410 2661//5409
f 2622//5370 2663//5411 2662//5410
f 2643//5391 2673//5421 2663//5411
f 2673//5421 2643//5391 2664//5412
f 2644//5392 2674//5422 2664//5412
f 2665//5413 2625//5373 2642//5390
f 2674//5422 2644//5392 2665//5413
f 2645//5393 2666//5414 2646//5394
f 2658//5406 2646//5394 2666//5414
f 2675//5423 2666//5414 2647//5395
f 2675//5423 2647//5395 2648//5396
f 2676//5424 2648//5396 2649//5397
f 2677//5425 2649//5397 2650//5398
f 2650//5398 2667//5415 2677//5425
f 2678//5426 2667//5415 2651//5399
f 2652//5400 2679//5427 2651//5399
f 2668//5416 2680//5428 2652//5400
f 2653//5401 2654//5402 2681//5429
f 2668//5416 2653//5401 2682//5430
f 2669//5417 2681//5429 2654//5402
f 2630//5378 2670//5418 2669//5417
f 2683//5431 2670//5418 2655//5403
f 2655//5403 2671//5419 2683//5431
f 2661//5409 2671//5419 2656//5404
f 2672//5420 2640//5388 2658//5406
f 2657//5405 2672//5420 2684//5432
f 2684//5432 2659//5407 2657//5405
f 2685//5433 2660//5408 2659//5407
f 2686//5434 2665//5413 2660//5408
f 2687//5435 2661//5409 2662//5410
f 2688//5436 2662//5410 2663//5411
f 2689//5437 2663//5411 2673//5421
f 2664//5412 2690//5438 2673//5421
f 2690//5438 2664//5412 2674//5422
f 2665//5413 2686//5434 2674//5422
f 2666//5414 2691//5439 2658//5406
f 2692//5440 2666//5414 2675//5423
f 2648//5396 2676//5424 2675//5423
f 2649//5397 2677//5425 2676//5424
f 2693//5441 2677//5425 2667//5415
f 2667//5415 2678//5426 2693//5441
f 2678//5426 2651//5399 2679//5427
f 2679//5427 2652//5400 2680//5428
f 2680//5428 2668//5416 2694//5442
f 2681//5429 2682//5430 2653//5401
f 2682//5430 2694//5442 2668//5416
f 2681//5429 2669//5417 2695//5443
f 2696//5444 2669//5417 2670//5418
f 2683//5431 2697//5445 2670//5418
f 2698//5446 2683//5431 2671//5419
f 2671//5419 2661//5409 2698//5446
f 2699//5447 2672//5420 2658//5406
f 2699//5447 2684//5432 2672//5420
f 2659//5407 2684//5432 2685//5433
f 2660//5408 2685//5433 2686//5434
f 2687//5435 2698//5446 2661//5409
f 2662//5410 2688//5436 2687//5435
f 2663//5411 2689//5437 2688//5436
f 2673//5421 2700//5448 2689//5437
f 2700//5448 2673//5421 2690//5438
f 2674//5422 2701//5449 2690//5438
f 2701//5449 2674//5422 2686//5434
f 2702//5450 2658//5406 2691//5439
f 2703//5451 2691//5439 2666//5414
f 2704//5452 2666//5414 2692//5440
f 2692//5440 2675//5423 2676//5424
f 2705//5453 2676//5424 2677//5425
f 2677//5425 2693//5441 2705//5453
f 2706//5454 2693//5441 2678//5426
f 2679//5427 2707//5455 2678//5426
f 2680//5428 2708//5456 2679//5427
f 2694//5442 2709//5457 2680//5428
f 2682//5430 2681//5429 2710//5458
f 2694//5442 2682//5430 2711//5459
f 2696//5444 2695//5443 2669//5417
f 2695//5443 2710//5458 2681//5429
f 2696//5444 2670//5418 2697//5445
f 2697//5445 2683//5431 2712//5460
f 2698//5446 2712//5460 2683//5431
f 2713//5461 2699//5447 2658//5406
f 2684//5432 2699//5447 2714//5462
f 2714//5462 2685//5433 2684//5432
f 2715//5463 2686//5434 2685//5433
f 2687//5435 2716//5464 2698//5446
f 2716//5464 2687//5435 2688//5436
f 2717//5465 2688//5436 2689//5437
f 2718//5466 2689//5437 2700//5448
f 2690//5438 2719//5467 2700//5448
f 2719//5467 2690//5438 2701//5449
f 2686//5434 2715//5463 2701//5449
f 2702//5450 2720//5468 2658//5406
f 2691//5439 2721//5469 2702//5450
f 2703//5451 2722//5470 2691//5439
f 2723//5471 2703//5451 2666//5414
f 2724//5472 2666//5414 2704//5452
f 2704//5452 2692//5440 2705//5453
f 2676//5424 2705//5453 2692//5440
f 2725//5473 2705//5453 2693//5441
f 2693//5441 2706//5454 2725//5473
f 2706//5454 2678//5426 2707//5455
f 2707//5455 2679//5427 2708//5456
f 2708//5456 2680//5428 2709//5457
f 2709//5457 2694//5442 2726//5474
f 2710//5458 2711//5459 2682//5430
f 2711//5459 2726//5474 2694//5442
f 2695//5443 2696//5444 2727//5475
f 2710//5458 2695//5443 2728//5476
f 2697//5445 2727//5475 2696//5444
f 2712//5460 2729//5477 2697//5445
f 2712//5460 2698//5446 2716//5464
f 2713//5461 2714//5462 2699//5447
f 2730//5478 2713//5461 2658//5406
f 2685//5433 2714//5462 2715//5463
f 2688//5436 2717//5465 2716//5464
f 2689//5437 2718//5466 2717//5465
f 2700//5448 2731//5479 2718//5466
f 2731//5479 2700//5448 2719//5467
f 2701//5449 2732//5480 2719//5467
f 2732//5480 2701//5449 2715//5463
f 2720//5468 2733//5481 2658//5406
f 2702//5450 2734//5482 2720//5468
f 2734//5482 2702//5450 2721//5469
f 2721//5469 2691//5439 2722//5470
f 2722//5470 2703//5451 2735//5483
f 2723//5471 2735//5483 2703//5451
f 2736//5484 2723//5471 2666//5414
f 2737//5485 2666//5414 2724//5472
f 2724//5472 2704//5452 2725//5473
f 2705//5453 2725//5473 2704//5452
f 2738//5486 2725//5473 2706//5454
f 2707//5455 2739//5487 2706//5454
f 2708//5456 2740//5488 2707//5455
f 2709//5457 2741//5489 2708//5456
f 2726//5474 2742//5490 2709//5457
f 2711//5459 2710//5458 2743//5491
f 2726//5474 2711//5459 2744//5492
f 2727//5475 2728//5476 2695//5443
f 2728//5476 2743//5491 2710//5458
f 2727//5475 2697//5445 2729//5477
f 2729//5477 2712//5460 2745//5493
f 2716//5464 2745//5493 2712//5460
f 2714//5462 2713//5461 2746//5494
f 2730//5478 2746//5494 2713//5461
f 2733//5481 2730//5478 2658//5406
f 2746//5494 2715//5463 2714//5462
f 2745//5493 2716//5464 2717//5465
f 2747//5495 2717//5465 2718//5466
f 2748//5496 2718//5466 2731//5479
f 2719//5467 2749//5497 2731//5479
f 2749//5497 2719//5467 2732//5480
f 2715//5463 2746//5494 2732//5480
f 2720//5468 2750//5498 2733//5481
f 2750//5498 2720//5468 2734//5482
f 2721//5469 2751//5499 2734//5482
f 2722//5470 2752//5500 2721//5469
f 2735//5483 2753//5501 2722//5470
f 2735//5483 2723//5471 2754//5502
f 2736//5484 2754//5502 2723//5471
f 2755//5503 2736//5484 2666//5414
f 2756//5504 2666//5414 2737//5485
f 2737//5485 2724//5472 2738//5486
f 2725//5473 2738//5486 2724//5472
f 2738//5486 2706//5454 2739//5487
f 2739//5487 2707//5455 2740//5488
f 2740//5488 2708//5456 2741//5489
f 2741//5489 2709//5457 2742//5490
f 2742//5490 2726//5474 2757//5505
f 2743//5491 2744//5492 2711//5459
f 2744//5492 2757//5505 2726//5474
f 2728//5476 2727//5475 2758//5506
f 2743//5491 2728//5476 2759//5507
f 2729//5477 2758//5506 2727//5475
f 2745//5493 2760//5508 2729//5477
f 2746//5494 2730//5478 2761//5509
f 2733//5481 2761//5509 2730//5478
f 2717//5465 2747//5495 2745//5493
f 2718//5466 2748//5496 2747//5495
f 2731//5479 2762//5510 2748//5496
f 2762//5510 2731//5479 2749//5497
f 2732//5480 2761//5509 2749//5497
f 2761//5509 2732//5480 2746//5494
f 2761//5509 2733//5481 2750//5498
f 2734//5482 2762//5510 2750//5498
f 2762//5510 2734//5482 2751//5499
f 2751//5499 2721//5469 2752//5500
f 2752//5500 2722//5470 2753//5501
f 2753//5501 2735//5483 2763//5511
f 2754//5502 2763//5511 2735//5483
f 2754//5502 2736//5484 2757//5505
f 2755//5503 2757//5505 2736//5484
f 2764//5512 2755//5503 2666//5414
f 2756//5504 2765//5513 2666//5414
f 2737//5485 2738//5486 2756//5504
f 2739//5487 2756//5504 2738//5486
f 2740//5488 2765//5513 2739//5487
f 2741//5489 2766//5514 2740//5488
f 2742//5490 2764//5512 2741//5489
f 2757//5505 2755//5503 2742//5490
f 2744//5492 2743//5491 2763//5511
f 2757//5505 2744//5492 2754//5502
f 2758//5506 2759//5507 2728//5476
f 2759//5507 2763//5511 2743//5491
f 2758//5506 2729//5477 2760//5508
f 2760//5508 2745//5493 2747//5495
f 2767//5515 2747//5495 2748//5496
f 2751//5499 2748//5496 2762//5510
f 2749//5497 2750//5498 2762//5510
f 2750//5498 2749//5497 2761//5509
f 2752//5500 2767//5515 2751//5499
f 2753//5501 2768//5516 2752//5500
f 2763//5511 2759//5507 2753//5501
f 2763//5511 2754//5502 2744//5492
f 2764//5512 2742//5490 2755//5503
f 2766//5514 2764//5512 2666//5414
f 2765//5513 2766//5514 2666//5414
f 2756//5504 2739//5487 2765//5513
f 2765//5513 2740//5488 2766//5514
f 2766//5514 2741//5489 2764//5512
f 2759//5507 2758//5506 2768//5516
f 2760//5508 2768//5516 2758//5506
f 2747//5495 2767//5515 2760//5508
f 2748//5496 2751//5499 2767//5515
f 2767//5515 2752//5500 2768//5516
f 2768//5516 2753//5501 2759//5507
f 2768//5516 2760//5508 2767//5515
