# SSTK version 0.8.0
# 55
mtllib original-55.mtl
o mesh44/mesh44-geometry#mesh44-geometry
v -0.199509 0.212996 0.542327
v -0.198966 0.206685 0.551494
v -0.199013 0.206685 0.542325
v -0.199463 0.212996 0.551496
v -0.199463 0.200374 0.551496
v -0.200987 0.219152 0.542335
v -0.199200 0.206685 0.552215
v -0.199509 0.200374 0.542327
v -0.200941 0.219152 0.551504
v -0.199694 0.212959 0.552218
v -0.200941 0.194218 0.551504
v -0.199694 0.200411 0.552218
v -0.203410 0.225001 0.542347
v -0.199576 0.206685 0.552692
v -0.200987 0.194218 0.542335
v -0.203364 0.225001 0.551516
v -0.201163 0.219078 0.552225
v -0.200065 0.212900 0.552695
v -0.203364 0.188369 0.551516
v -0.201163 0.194291 0.552225
v -0.200065 0.200470 0.552695
v -0.206717 0.230398 0.542364
v -0.200148 0.206685 0.552994
v -0.203410 0.188369 0.542347
v -0.206671 0.230398 0.551532
v -0.203571 0.224893 0.552237
v -0.201520 0.218961 0.552702
v -0.200630 0.212810 0.552996
v -0.206671 0.182972 0.551532
v -0.203571 0.188477 0.552237
v -0.201520 0.194408 0.552702
v -0.200630 0.200560 0.552996
v -0.210783 0.235212 0.551553
v -0.206717 0.182972 0.542364
v -0.210829 0.235212 0.542384
v -0.206860 0.230259 0.552254
v -0.203906 0.224721 0.552714
v -0.202064 0.218784 0.553003
v -0.210783 0.178158 0.551553
v -0.206860 0.183111 0.552254
v -0.203906 0.188649 0.552714
v -0.202064 0.194585 0.553003
v -0.215596 0.239324 0.551577
v -0.210947 0.235044 0.552274
v -0.201782 0.206685 0.553002
v -0.210829 0.178158 0.542384
v -0.215643 0.239324 0.542409
v -0.215732 0.239131 0.552299
v -0.207163 0.230036 0.552731
v -0.204415 0.224461 0.553015
v -0.202243 0.212554 0.553004
v -0.215596 0.174046 0.551577
v -0.210947 0.178326 0.552274
v -0.207163 0.183333 0.552731
v -0.204415 0.188909 0.553015
v -0.202243 0.200815 0.553004
v -0.220994 0.242631 0.551605
v -0.221098 0.242420 0.552326
v -0.211212 0.234777 0.552751
v -0.202356 0.206685 0.552706
v -0.215643 0.174046 0.542409
v -0.215732 0.174238 0.552299
v -0.202811 0.200905 0.552709
v -0.221040 0.242631 0.542436
v -0.215952 0.238825 0.552775
v -0.207626 0.229699 0.553031
v -0.203618 0.218280 0.553011
v -0.202811 0.212465 0.552709
v -0.220994 0.170738 0.551605
v -0.221098 0.170950 0.552326
v -0.211212 0.178593 0.552751
v -0.207626 0.183670 0.553031
v -0.203618 0.195090 0.553011
v -0.204165 0.195268 0.552715
v -0.226843 0.245054 0.551634
v -0.226913 0.244828 0.552355
v -0.221268 0.242083 0.552802
v -0.211616 0.234371 0.553051
v -0.205871 0.223719 0.553023
v -0.204165 0.218102 0.552715
v -0.202737 0.206685 0.552233
v -0.203187 0.200964 0.552235
v -0.221040 0.170738 0.542436
v -0.215952 0.174544 0.552775
v -0.205871 0.189651 0.553023
v -0.204527 0.195384 0.552242
v -0.226889 0.245054 0.542465
v -0.227027 0.244468 0.552831
v -0.216288 0.238362 0.553075
v -0.208947 0.228739 0.553038
v -0.206383 0.223459 0.552727
v -0.204527 0.217985 0.552242
v -0.203187 0.212406 0.552235
v -0.226843 0.168316 0.551634
v -0.226913 0.168542 0.552355
v -0.221268 0.171287 0.552802
v -0.211616 0.178998 0.553051
v -0.208947 0.184631 0.553038
v -0.206383 0.189911 0.552727
v -0.206723 0.190083 0.552253
v -0.232998 0.246532 0.551665
v -0.233032 0.246297 0.552386
v -0.233089 0.245924 0.552861
v -0.221526 0.241572 0.553101
v -0.212771 0.233216 0.553057
v -0.209413 0.228402 0.552742
v -0.206723 0.223287 0.552253
v -0.202978 0.206685 0.551514
v -0.203425 0.201001 0.551516
v -0.204756 0.195458 0.551523
v -0.226889 0.168316 0.542465
v -0.227027 0.168901 0.552831
v -0.216288 0.175008 0.553075
v -0.209413 0.184968 0.552742
v -0.206938 0.190190 0.551534
v -0.233045 0.246532 0.542496
v -0.227203 0.243923 0.553130
v -0.217248 0.237040 0.553080
v -0.213178 0.232811 0.552761
v -0.209721 0.228180 0.552268
v -0.204756 0.217912 0.551523
v -0.206938 0.223179 0.551534
v -0.203425 0.212368 0.551516
v -0.232998 0.166838 0.551665
v -0.233032 0.167072 0.552386
v -0.233089 0.167446 0.552861
v -0.221526 0.171798 0.553101
v -0.212771 0.180154 0.553057
v -0.213178 0.180559 0.552761
v -0.209721 0.185190 0.552268
v -0.209917 0.185329 0.551549
v -0.239310 0.247029 0.551697
v -0.239306 0.246791 0.552417
v -0.239303 0.246413 0.552892
v -0.233177 0.245357 0.553160
v -0.222268 0.240116 0.553105
v -0.217587 0.236576 0.552783
v -0.213448 0.232543 0.552287
v -0.209917 0.228040 0.551549
v -0.202986 0.206685 0.550032
v -0.203433 0.201001 0.550034
v -0.204764 0.195458 0.550041
v -0.206945 0.190190 0.550052
v -0.233045 0.166838 0.542496
v -0.227203 0.169447 0.553130
v -0.217248 0.176330 0.553080
v -0.213448 0.180826 0.552287
v -0.209924 0.185329 0.550067
v -0.239356 0.247029 0.542528
v -0.227708 0.242369 0.553133
v -0.222530 0.239605 0.552808
v -0.217811 0.236270 0.552309
v -0.213619 0.232375 0.551567
v -0.203433 0.212368 0.550034
v -0.204764 0.217912 0.550041
v -0.206945 0.223179 0.550052
v -0.239309 0.166341 0.551697
v -0.239306 0.166579 0.552417
v -0.239303 0.166957 0.552893
v -0.233177 0.168012 0.553160
v -0.222268 0.173253 0.553105
v -0.217587 0.176794 0.552783
v -0.217811 0.177100 0.552309
v -0.213619 0.180994 0.551567
v -0.245621 0.246532 0.551729
v -0.245580 0.246297 0.552449
v -0.245518 0.245924 0.552924
v -0.239302 0.245840 0.553191
v -0.233432 0.243744 0.553161
v -0.227886 0.241824 0.552835
v -0.222704 0.239268 0.552334
v -0.209924 0.228040 0.550067
v -0.239356 0.166341 0.542528
v -0.227708 0.171000 0.553133
v -0.222530 0.173764 0.552808
v -0.213627 0.180994 0.550085
v -0.245667 0.246532 0.542560
v -0.233524 0.243177 0.552863
v -0.217954 0.236078 0.551589
v -0.213627 0.232375 0.550085
v -0.245621 0.166838 0.551729
v -0.245580 0.167072 0.552449
v -0.245518 0.167446 0.552924
v -0.239302 0.167530 0.553191
v -0.233432 0.169626 0.553161
v -0.227886 0.171546 0.552835
v -0.222704 0.174101 0.552334
v -0.217954 0.177292 0.551589
v -0.251776 0.245054 0.551760
v -0.251699 0.244828 0.552480
v -0.251580 0.244468 0.552954
v -0.245427 0.245357 0.553222
v -0.239302 0.244206 0.553191
v -0.239303 0.243632 0.552892
v -0.228005 0.241464 0.552360
v -0.222815 0.239057 0.551614
v -0.245667 0.166838 0.542560
v -0.233524 0.170192 0.552863
v -0.217962 0.177292 0.550107
v -0.251822 0.245054 0.542591
v -0.233585 0.242804 0.552389
v -0.217962 0.236078 0.550107
v -0.251776 0.168316 0.551760
v -0.251699 0.168542 0.552480
v -0.251580 0.168901 0.552954
v -0.245427 0.168012 0.553222
v -0.239302 0.169164 0.553191
v -0.239303 0.169737 0.552893
v -0.228005 0.171905 0.552360
v -0.222815 0.174313 0.551614
v -0.257625 0.242631 0.551789
v -0.257513 0.242420 0.552509
v -0.257339 0.242083 0.552983
v -0.251401 0.243923 0.553252
v -0.245171 0.243744 0.553221
v -0.245083 0.243177 0.552922
v -0.239306 0.243254 0.552417
v -0.228082 0.241239 0.551640
v -0.222823 0.239057 0.550132
v -0.251822 0.168316 0.542591
v -0.245171 0.169626 0.553221
v -0.233585 0.170566 0.552389
v -0.222823 0.174313 0.550132
v -0.257671 0.242631 0.542620
v -0.250896 0.242369 0.553249
v -0.233626 0.242570 0.551668
v -0.257625 0.170738 0.551789
v -0.257513 0.170950 0.552509
v -0.257339 0.171287 0.552983
v -0.251401 0.169447 0.553252
v -0.250896 0.171000 0.553249
v -0.245083 0.170192 0.552922
v -0.239306 0.170115 0.552417
v -0.228082 0.172131 0.551640
v -0.263023 0.239324 0.551816
v -0.262879 0.239131 0.552536
v -0.257078 0.241572 0.553281
v -0.256336 0.240116 0.553277
v -0.250721 0.241824 0.552950
v -0.245027 0.242804 0.552446
v -0.239310 0.243017 0.551697
v -0.228090 0.241239 0.550158
v -0.257671 0.170738 0.542620
v -0.250721 0.171546 0.552950
v -0.233626 0.170800 0.551668
v -0.228090 0.172131 0.550158
v -0.263069 0.239324 0.542648
v -0.262655 0.238825 0.553010
v -0.256077 0.239605 0.552977
v -0.233633 0.242570 0.550186
v -0.263023 0.174046 0.551816
v -0.262879 0.174238 0.552536
v -0.257078 0.171798 0.553281
v -0.256336 0.173253 0.553277
v -0.256077 0.173764 0.552977
v -0.245027 0.170566 0.552446
v -0.239309 0.170353 0.551697
v -0.267836 0.235212 0.551841
v -0.267665 0.235044 0.552560
v -0.262316 0.238362 0.553307
v -0.261356 0.237040 0.553302
v -0.261020 0.236576 0.553002
v -0.250606 0.241464 0.552474
v -0.244993 0.242570 0.551725
v -0.239317 0.243017 0.550215
v -0.263069 0.174046 0.542648
v -0.262655 0.174544 0.553010
v -0.250606 0.171905 0.552474
v -0.233633 0.170800 0.550186
v -0.267883 0.235212 0.542672
v -0.267395 0.234777 0.553034
v -0.260801 0.236270 0.552526
v -0.255908 0.239268 0.552501
v -0.267836 0.178158 0.551841
v -0.267665 0.178326 0.552560
v -0.261356 0.176330 0.553302
v -0.262316 0.175008 0.553307
v -0.261020 0.176794 0.553002
v -0.255908 0.174101 0.552501
v -0.244993 0.170800 0.551725
v -0.239317 0.170353 0.550215
v -0.271948 0.230398 0.551861
v -0.271752 0.230259 0.552581
v -0.266988 0.234371 0.553330
v -0.265833 0.233216 0.553325
v -0.265429 0.232811 0.553024
v -0.265164 0.232543 0.552548
v -0.250536 0.241239 0.551753
v -0.245000 0.242570 0.550243
v -0.267883 0.178158 0.542672
v -0.267395 0.178593 0.553034
v -0.260801 0.177100 0.552526
v -0.250536 0.172131 0.551753
v -0.271994 0.230398 0.542692
v -0.271444 0.230036 0.553054
v -0.255804 0.239057 0.551780
v -0.260665 0.236078 0.551804
v -0.271948 0.182972 0.551861
v -0.271752 0.183111 0.552581
v -0.265429 0.180559 0.553024
v -0.265833 0.180154 0.553325
v -0.266988 0.178998 0.553330
v -0.265164 0.180826 0.552548
v -0.255804 0.174313 0.551780
v -0.245000 0.170800 0.550243
v -0.275302 0.225001 0.542709
v -0.275255 0.225001 0.551878
v -0.275040 0.224893 0.552597
v -0.270978 0.229699 0.553351
v -0.269657 0.228739 0.553344
v -0.269194 0.228402 0.553043
v -0.268891 0.228180 0.552566
v -0.265000 0.232375 0.551826
v -0.250544 0.241239 0.550271
v -0.271994 0.182972 0.542692
v -0.271444 0.183333 0.553054
v -0.260665 0.177292 0.551804
v -0.250544 0.172131 0.550271
v -0.274701 0.224721 0.553071
v -0.268702 0.228040 0.551845
v -0.255811 0.239057 0.550298
v -0.260672 0.236078 0.550322
v -0.275255 0.188369 0.551878
v -0.275040 0.188477 0.552597
v -0.269194 0.184968 0.553043
v -0.268891 0.185190 0.552566
v -0.269657 0.184631 0.553344
v -0.270978 0.183670 0.553351
v -0.265000 0.180994 0.551826
v -0.255811 0.174313 0.550298
v -0.277724 0.219152 0.542721
v -0.277678 0.219152 0.551890
v -0.277449 0.219078 0.552610
v -0.274189 0.224461 0.553367
v -0.272733 0.223719 0.553359
v -0.272224 0.223459 0.553058
v -0.271889 0.223287 0.552582
v -0.271681 0.223179 0.551860
v -0.265007 0.232375 0.550344
v -0.275302 0.188369 0.542709
v -0.274701 0.188649 0.553071
v -0.268702 0.185329 0.551845
v -0.260672 0.177292 0.550322
v -0.277087 0.218961 0.553083
v -0.268710 0.228040 0.550363
v -0.277678 0.194218 0.551890
v -0.277449 0.194291 0.552610
v -0.272224 0.189911 0.553058
v -0.271889 0.190083 0.552582
v -0.271681 0.190190 0.551860
v -0.272733 0.189651 0.553359
v -0.274189 0.188909 0.553367
v -0.265007 0.180994 0.550344
v -0.279202 0.212996 0.542729
v -0.279156 0.212996 0.551898
v -0.278918 0.212959 0.552617
v -0.276540 0.218784 0.553379
v -0.274986 0.218280 0.553371
v -0.274442 0.218102 0.553070
v -0.274085 0.217985 0.552593
v -0.273863 0.217912 0.551871
v -0.271689 0.223179 0.550378
v -0.277724 0.194218 0.542721
v -0.277087 0.194408 0.553083
v -0.271689 0.190190 0.550378
v -0.268710 0.185329 0.550363
v -0.278542 0.212900 0.553090
v -0.279156 0.200374 0.551898
v -0.278918 0.200411 0.552617
v -0.274442 0.195268 0.553070
v -0.274085 0.195384 0.552593
v -0.273863 0.195458 0.551871
v -0.273870 0.195458 0.550389
v -0.274986 0.195090 0.553371
v -0.276540 0.194585 0.553379
v -0.279699 0.206685 0.542731
v -0.279653 0.206685 0.551900
v -0.279411 0.206685 0.552619
v -0.277974 0.212810 0.553386
v -0.276360 0.212554 0.553378
v -0.275796 0.212465 0.553076
v -0.275425 0.212406 0.552599
v -0.275194 0.212368 0.551878
v -0.273870 0.217912 0.550389
v -0.279202 0.200374 0.542729
v -0.278542 0.200470 0.553090
v -0.279031 0.206685 0.553093
v -0.276822 0.206685 0.553380
v -0.275796 0.200905 0.553076
v -0.275425 0.200964 0.552599
v -0.275194 0.201001 0.551878
v -0.275201 0.201001 0.550395
v -0.276360 0.200815 0.553378
v -0.277974 0.200560 0.553386
v -0.278456 0.206685 0.553388
v -0.276251 0.206685 0.553079
v -0.275875 0.206685 0.552602
v -0.275641 0.206685 0.551880
v -0.275201 0.212368 0.550395
v -0.275648 0.206685 0.550398
vn 0.9876757171686358 0.15643506645589866 -0.004974705856612302
vn 0.9881342448812908 0 0.15359268893043473
vn 0.9999873142653323 0 -0.005036993985275779
vn 0.9759792844290303 0.15445597808725472 0.15364825803928747
vn 0.9759790018010086 -0.15445496847929654 0.15365106818882307
vn 0.9510444956851921 0.30901686725967 -0.00478988266224415
vn 0.8821740674646134 0 0.4709234701020324
vn 0.9876758871113358 -0.15643397293434383 -0.004975352330515102
vn 0.9398128277160658 0.30510717017372424 0.15382283175431014
vn 0.8713414397462922 0.13762902237944433 0.47098019871299984
vn 0.9398128277160658 -0.3051071701737242 0.15382283175431005
vn 0.8713439991339837 -0.13762903126470877 0.4709754610660029
vn 0.8909949761584632 0.4539909900680391 -0.004487025453582393
vn 0.6397592721326 0 0.768575353313106
vn 0.9510444956851921 -0.30901686725967 -0.004789882662244239
vn 0.8805229684509341 0.4482482225201101 0.1541195413888743
vn 0.8391153877869075 0.2718699594091385 0.4711391420271737
vn 0.6319280575731105 0.09947204694912638 0.7686170970825632
vn 0.8805232981125305 -0.44825099494328047 0.1541095941639935
vn 0.8391137001404889 -0.27186797725538986 0.4711432915574631
vn 0.6319280575731105 -0.09947204694912604 0.7686170970825632
vn 0.8090060606678504 0.5877861792636442 -0.004074465527353875
vn 0.32054360435952567 9.99999591821578e-7 0.9472337608548398
vn 0.8909938760941812 -0.45399314791689355 -0.004487137971630476
vn 0.79957101831533 0.5803512155508966 0.15452719268395243
vn 0.7862864314161805 0.3994188871174483 0.4714002549688185
vn 0.608630887053265 0.1964940617417844 0.7687382695202392
vn 0.31666183225048034 0.04939799930828001 0.9472513508357261
vn 0.7995724082618919 -0.580352108734491 0.15451664581431995
vn 0.7862864314161807 -0.3994188871174482 0.4714002549688185
vn 0.6086256480897656 -0.1964920888214195 0.7687429216050761
vn 0.31665288414642223 -0.04939597495664199 0.9472544476643197
vn 0.6989528641098033 0.698162977067441 0.1550269370304101
vn 0.8090060606678505 -0.587786179263644 -0.0040744655273540435
vn 0.7070975144226809 0.7071070796520815 -0.003561320425276008
vn 0.7141528882858013 0.5171311181308605 0.47176377437630146
vn 0.5704427818821356 0.2886771415703362 0.7689346789769274
vn 0.30509220547875676 0.09757801387398474 0.9473105495900047
vn 0.698953742433909 -0.6981628731874526 0.15502344480843505
vn 0.7141609191198182 -0.5171381743236878 0.4717438820579442
vn 0.5704369977736277 -0.28867396429377495 0.7689401627629594
vn 0.30508835670950146 -0.09757696343738176 0.9473118973213817
vn 0.5811443396077175 0.7987821876443421 0.15562221320887623
vn 0.6244932467518267 0.622104133030451 0.47222307485741627
vn -0.3109901838962157 0 0.9504131236047816
vn 0.7070975144226811 -0.7071070796520814 -0.0035613204252762116
vn 0.587780888646403 0.8090147475170538 -0.002960615132410905
vn 0.5195147487091978 0.7117620768738673 0.47275699021571127
vn 0.5183069049513316 0.37375289122689886 0.7691987575258461
vn 0.28611922327861117 0.14335100262146 0.947410301885021
vn -0.3071135025259381 -0.04939998820367921 0.9503898872208852
vn 0.5811458446274154 -0.7987831435341547 0.15561168618706697
vn 0.6245015447735227 -0.6221141449003549 0.47219891072553744
vn 0.5183135494818761 -0.37375913594612686 0.7691912458682194
vn 0.28612136184081904 -0.1433509867403925 0.9474096584365768
vn -0.3071135025259381 0.04939998820367962 0.9503898872208852
vn 0.4490415990880401 0.8797320638733888 0.1563110299419845
vn 0.4018049929661127 0.7838978934627963 0.4733464273152303
vn 0.45350345233859163 0.4496200671163662 0.7695299954928677
vn -0.6319861397280622 0 0.774979689534908
vn 0.5877808886464032 -0.8090147475170537 -0.002960615132411138
vn 0.519518921891485 -0.7117649772996797 0.4727480374219393
vn -0.6241554187199022 0.09947300875655976 0.7749420196450189
vn 0.4539878813043579 0.891004924873141 -0.0022863684280290397
vn 0.3776294156868222 0.5144148506844239 0.7699177785993458
vn 0.2602281729881248 0.18559699017727974 0.9475415849557196
vn -0.29554474246689016 -0.09758302667320154 0.950331972578781
vn -0.6241522737968502 -0.09947204274647808 0.7749446766228313
vn 0.449042386825257 -0.879735053553433 0.15629193959899057
vn 0.4018041855896529 -0.7838970182985081 0.4733485619977566
vn 0.45351229100078705 -0.4496302072296641 0.7695188617947105
vn 0.2602281729881249 -0.18559699017727935 0.9475415849557196
vn -0.2955481556621415 0.0975840081960326 0.9503308103124423
vn -0.6008539343096103 0.19649691377579778 0.7748312800224633
vn 0.3058978965376139 0.9390238245593782 0.15703736435556176
vn 0.2742623737651428 0.8367385609709229 0.4739712342758981
vn 0.29256260456505423 0.5665631539652577 0.7703332493012693
vn 0.22805708765275742 0.22328101777082543 0.9477001381632097
vn -0.2765647191212435 -0.1433549603490267 0.9502427644979553
vn -0.6008529817904281 -0.19649706333789096 0.7748319807372025
vn -0.8773819981128811 0 0.47979248575550676
vn -0.8665457104628623 0.13762802765848822 0.4797468683391768
vn 0.453988484312279 -0.8910046159615007 -0.0022870170831131597
vn 0.37762697104084675 -0.5144117792083385 0.7699210298168423
vn -0.27657658527662343 0.14335804317443177 0.9502388457298093
vn -0.8343204494259092 0.27186998500840986 0.4795790851583043
vn 0.3090083249363154 0.9510580610141809 -0.0015555384917099293
vn 0.2003839417596473 0.6047590592815097 0.7707871016706298
vn 0.19037863849019918 0.2554560998647064 0.9478914257701306
vn -0.25066774208864817 -0.1855950331000417 0.9501158701783553
vn -0.5626711048553096 -0.28868094288837814 0.774638329140756
vn -0.8343212546193276 -0.27187107191602494 0.47957706820245555
vn -0.8665463076175519 -0.13762701935290625 0.4797460789818111
vn 0.30589883879937324 -0.9390269421268324 0.15701688565605268
vn 0.27426226097115514 -0.8367368938875439 0.47397424256431375
vn 0.2925568592200995 -0.5665521952690462 0.7703434910214374
vn 0.22805046196351386 -0.22327501390221896 0.9477031470693721
vn -0.25067940474345496 0.18560300073740088 0.9501112367269106
vn -0.562662864433466 0.28867310365820015 0.774647235980268
vn -0.7814979904677523 0.39941705019174817 0.47929835271048793
vn 0.1552508550406301 0.9751934558235689 0.157781164047038
vn 0.1400223692197888 0.8689669563961082 0.47464741104293556
vn 0.10335681936977163 0.6280448633942906 0.7712827091629965
vn 0.14812733524077842 0.2813350129091982 0.9481080650779462
vn -0.21849126907603136 -0.22327401205166142 0.9499527782368447
vn -0.5105408677238598 -0.37375716023683014 0.7743730415991177
vn -0.7815003470822872 -0.3994210970575409 0.47929113776035454
vn -0.9865358249700568 0 0.16354530274712667
vn -0.9743803298336501 0.15445593230591836 0.16348191890474253
vn -0.9382158442230816 0.3051062028680802 0.16328268316080582
vn 0.30900773713574686 -0.9510582507517716 -0.0015562992082086753
vn 0.2003827447152321 -0.6047537461201973 0.7707915815406771
vn 0.1903741427433298 -0.25545104046332007 0.9478936921938819
vn -0.5105263581880074 0.37374816041106307 0.7743869511972918
vn -0.8789291807047591 0.448247876305119 0.1629642190593119
vn 0.1564299331245007 0.9876887440893858 -0.0007879224556596719
vn 0.10234732565603664 0.30028491070639146 0.9483427636319641
vn -0.18081962460050433 -0.25546290737874616 0.9497594254930722
vn -0.44573931907663494 -0.4496318368365044 0.7740462975378987
vn -0.7093674990910299 -0.5171302908949201 0.47893007158902945
vn -0.9382150690155395 -0.3051079146880251 0.1632839387903524
vn -0.8789253197635563 -0.4482491042625296 0.162981664018902
vn -0.9743810722405923 -0.1544549822190662 0.16347839162097658
vn 0.15525261621870107 -0.9751985675980261 0.15774783330368344
vn 0.1400269190360237 -0.8689724655104123 0.4746359827594554
vn 0.10336076511165516 -0.6280381614592114 0.771287637646596
vn 0.1481303832436458 -0.2813420250248113 0.9481055081134321
vn -0.21849394327769728 0.22327897674672395 0.9499509962592271
vn -0.44573132209842736 0.44962885530900804 0.7740526344983906
vn -0.7093605703057517 0.5171282050703331 0.47894258613766444
vn -0.7979732317701573 0.5803537969603578 0.16256749900268014
vn 0.0007992387024169213 0.987349438354121 0.158557395914849
vn 0.0023942607945954424 0.879790712128567 0.4753552044182923
vn 0.0038885195915073873 0.6358702330464832 0.7717861919863543
vn 0.05416952478224211 0.31185697445969457 0.9485836231275087
vn -0.1385744670580614 -0.2813500816826927 0.9495468648869927
vn -0.36986064248207323 -0.5144318382531383 0.7736685265242764
vn -0.6196996384175654 -0.6221029107288607 0.47849799018158673
vn -0.7979720207079752 -0.5803492287661665 0.16258975010051
vn -0.9999873033178615 0 0.00503916690248443
vn -0.9876757087465682 0.15643502997334566 0.004977524405018866
vn -0.951045389865949 0.3090140496411024 0.004794115051956656
vn -0.8909960082302736 0.4539889023445006 0.0044933134493128435
vn 0.15642993312450104 -0.9876887440893858 -0.0007879224556599569
vn 0.1023550508900293 -0.30030694068127656 0.9483349539777345
vn -0.18082105360574663 0.2554619344364695 0.9497594151293709
vn -0.619697966049911 0.622104647195223 0.4784978984402235
vn -0.8090030577605467 0.5877902761706811 0.004079678085380151
vn 0 1 0
vn -0.09279551885598596 -0.30031290648182446 0.9493161485409838
vn -0.2847865083086565 -0.5665608533822851 0.7732434571983784
vn -0.5147162462700328 -0.7117577040067233 0.4779834271319085
vn -0.6973496036354647 -0.6981599449511376 0.16209941879995887
vn -0.9876758590392075 -0.15643403620322027 0.004978934457591555
vn -0.9510447449271703 -0.30901597900112876 0.004797694069783982
vn -0.8909942815047501 -0.4539922331082737 0.0044991780579013265
vn 0.0007993197274663304 -0.9873568549957955 0.15851120459066853
vn 0.0023949602592034337 -0.8798051229840077 0.4753285282164875
vn 0.0038878507206853404 -0.6358607222621376 0.7717940311385195
vn 0.05417575303789932 -0.3118741704773291 0.9485776138892665
vn -0.13857780261897568 0.28135703572193577 0.9495443175918972
vn -0.3698609785167245 0.5144269969787703 0.7736715849441903
vn -0.5147239166542231 0.711760994234024 0.47797026760158395
vn -0.6973494838979379 0.6981631746542669 0.16208602303701344
vn -0.1536528591228925 0.9751929908287975 0.1593406085144192
vn -0.13523270192484224 0.8689638375168119 0.4760398779704935
vn -0.09558000383463436 0.6280479520331533 0.7722824825243241
vn 0.004780143022573001 0.3157640754377834 0.9488256946855969
vn -0.04461869775188032 -0.31188907583240705 0.9490702693622498
vn -0.192602200769841 -0.604743615120422 0.7727804036268626
vn -0.397013987849206 -0.7838902756001914 0.47738446693574593
vn -0.8090054008028187 -0.5877869986189944 0.004087263919158905
vn 0 -1 0
vn -0.09279745630325437 0.30031987121610976 0.9493137558554521
vn -0.2847830722587991 0.5665501075595482 0.7732525961024017
vn -0.70709365839482 0.7071108983931209 0.003568701655135328
vn -0.15642993312450104 0.9876887440893858 0.0007879224556599569
vn -0.09558427527669158 -0.6280361201131754 0.7722915758656304
vn -0.5795379715645744 -0.798781900195403 0.16150298893531265
vn -0.7070956383419623 -0.7071089299972799 0.003566420596965428
vn -0.15365447598563794 -0.9751983100087657 0.15930649128527807
vn -0.1352367116593158 -0.8689699556716712 0.4760275705876171
vn -0.09558338379759121 -0.6280389879460477 0.772289354038696
vn 0.004780254334781624 -0.3157680988403246 0.9488243551486555
vn -0.0446155418300752 0.31187493854894793 0.9490750634867079
vn -0.1925984818787739 0.6047368249849548 0.7727866440907915
vn -0.3970181025818597 0.7838940810558279 0.4773747960543572
vn -0.5795432482008291 0.798780881442554 0.16148909222201036
vn -0.304300574118039 0.9390242033682498 0.16010841976628157
vn -0.2694722825860492 0.83673519686457 0.47671679144527085
vn -0.1926082374655384 0.6047599197020997 0.7727661395159136
vn -0.04461077467788236 0.31186794483539954 0.9490775857466994
vn 0.004779824936616769 -0.3157799755785247 0.9488204046589648
vn 0.003888076149858279 -0.6358632968550747 0.7717919088565569
vn -0.2694739678936232 -0.8367316740391073 0.47672202202895947
vn -0.4474463259199048 -0.8797313183281961 0.16082472749335758
vn -0.1564299331245007 -0.9876887440893858 0.0007879224556596719
vn -0.09558197863342975 0.6280390187614098 0.7722895028897674
vn -0.5877794145966346 0.8090157894447689 0.002968535917738897
vn -0.30900842462130257 0.9510580263186291 0.0015569482890155435
vn -0.1352350510217121 -0.8689622736810148 0.47604206525713283
vn -0.5877751543497695 -0.8090189223657391 0.002958239896145808
vn -0.30430246467808464 -0.939027125650289 0.1600876862341361
vn -0.2694727570801149 -0.8367356536174498 0.4767157215333057
vn -0.19260230376950288 -0.6047442869170641 0.7727798522372668
vn -0.04461546296207335 -0.3118771628677546 0.9490743362594101
vn 0.004779809085530072 0.31575200519964625 0.9488297131927881
vn 0.0038877572480763 0.6358699162060218 0.7717864568698566
vn -0.26947319887324583 0.8367329918213532 0.4767201437811362
vn -0.4474504900862575 0.8797340677360068 0.1607981000703277
vn -0.44744502805457564 0.8797331342459669 0.16081840497594727
vn -0.3970168976842533 0.7838992988369718 0.47736722995622055
vn -0.2847896169807726 0.5665680191961746 0.7732370617631231
vn -0.09279164394394236 0.3002989769561086 0.9493209337485904
vn 0.05417950802611418 -0.31188589967552266 0.9485735430074139
vn 0.1033636293406446 -0.6280397577826972 0.7712859539585697
vn 0.002394911480054262 -0.8797901667796383 0.47535621047469134
vn -0.30431033064055496 -0.9390256648519402 0.16008130251471453
vn -0.453989834955933 -0.8910039352899506 0.00228408723702785
vn -0.30900842462130224 -0.9510580263186291 0.0015569482890152695
vn 0.05417571924576794 0.31187597594563077 0.9485770222138865
vn -0.1352325480763831 0.8689652748976425 0.476037297869435
vn -0.45399322924453506 0.8910021918969446 0.0022895053962287996
vn -0.4539879679294237 0.8910048771170708 0.002287778159304041
vn 0.10235517458295122 -0.3003109780451659 0.9483336621156341
vn -0.15365535019527746 -0.9751976238561095 0.15930984835145834
vn -0.4474418454293731 -0.8797366709055285 0.16080791281157408
vn -0.3970138541643949 -0.7838960438272371 0.4773751062566406
vn -0.2847796681365173 -0.5665502369412732 0.7732537550105025
vn -0.09279164394394224 -0.3002989769561082 0.9493209337485904
vn 0.10235988375621867 0.30032508302277855 0.94832868706202
vn 0.10335783596498917 0.6280371706951877 0.7712888369280458
vn 0.0023949277400343353 0.8797951522780374 0.4753469831072719
vn -0.30430843094419635 0.9390292579499641 0.16006383592248855
vn -0.5795486650348557 0.7987826420579898 0.16146094141672193
vn -0.5147318470552926 0.7117683596815547 0.4779507587432785
vn -0.13857446705806145 0.2813500816826931 0.9495468648869925
vn 0.14813206790310213 -0.28134912547906493 0.9481031378763157
vn 0.2003831115775013 -0.6047588486963096 0.7707874827201286
vn 0.14002825318314743 -0.8689621979887147 0.47465438666159876
vn 0.000798732266672974 -0.987352765520531 0.15853667855018727
vn -0.3090210777045334 -0.9510539167447438 0.0015559494884666218
vn -0.45398380073987854 -0.8910069995304395 0.0022881113473686553
vn 0.20037376645513452 0.604734237787294 0.7708092211205076
vn -0.15365115241327595 0.9751967220987172 0.15931941680156092
vn -0.3090152891253498 0.9510557991589106 0.0015549832739532054
vn -0.5877819309040021 0.8090139827332148 0.002962675295210319
vn -0.3698590973360497 0.5144229360667497 0.7736751844063676
vn 0.2925637969976222 -0.5665711311054247 0.7703269293515926
vn -0.15643209664670443 -0.9876884021230933 0.0007870516163646005
vn -0.5795482947597167 -0.7987811573035895 0.16146961564902187
vn -0.5147298967746566 -0.7117611810318529 0.4779635493868683
vn -0.13856973539542305 -0.28134093028513263 0.9495502669046745
vn 0.14814013895374725 0.28136098967996054 0.9480983560354259
vn 0.2925555009640925 0.5665448970049797 0.7703493743317155
vn 0.1400227937792276 0.8689649379476505 0.47465098107967285
vn 0.0007985885622922094 0.9873495830497643 0.15855649815685557
vn -0.6973558491419971 0.698163188989659 0.16205857338392787
vn -0.6197112007719094 0.6221121330498919 0.47847102477574527
vn -0.18081909675927305 0.2554580791842255 0.9497608246430606
vn 0.19037934263323855 -0.2554590243695145 0.9478904961896767
vn 0.37763434371479093 -0.5144257441028353 0.7699080829887055
vn 0.27426253712110465 -0.83673310907528 0.4739807642817483
vn 0.1552574205339249 -0.9751958977658309 0.15775960937403105
vn -6.49448048161015e-7 -1 -7.604059657438572e-7
vn -0.5877805324191626 -0.8090149983815655 0.0029627863104326638
vn -0.3698593604746147 -0.5144201477281125 0.7736769125938138
vn 0.2742621948327926 0.8367317418373383 0.47398337596096446
vn -0.1564256989479048 0.9876894155462105 0.0007868460105951654
vn -0.7070976182800913 0.7071069615920721 0.003564139538545746
vn -0.4457323085964248 0.4496260833773198 0.7740536765755156
vn 0.5195087763275908 -0.7117597950413229 0.47276698856978494
vn 0.401802209637938 -0.7838947797640086 0.47335394641727363
vn -0.6973570129388935 -0.6981599263298193 0.16206762098607158
vn -0.6197124159420679 -0.6221131603873256 0.47846811513426785
vn 0.19038223554866135 0.25546197371436946 0.947889120294907
vn -0.18082243641760007 -0.25546189623242044 0.9497591621360327
vn 0.37763101953285494 0.5144178126457232 0.7699150129198458
vn 0.40180618431507426 0.7838899319172027 0.4733586007299372
vn 0.15524950256441764 0.9751969144971762 0.15776111659305647
vn -0.7979710451625691 0.5803511529977043 0.16258766957058104
vn -0.709369260384784 0.5171349237510466 0.47892246038178604
vn -0.21848713172057146 0.22327099288982385 0.9499544394372341
vn 0.2280563282715027 -0.2232790187739703 0.947700791869804
vn 0.45351108409707164 -0.44962887456210415 0.769520351752385
vn 0.6244870188097451 -0.6221017840585545 0.4722344053637777
vn 0.305907334046189 -0.9390227624455821 0.15702533103235713
vn 0.15643807682741867 -0.9876874519273614 -0.0007908373881573089
vn -0.7071005287050707 -0.707104052309792 0.0035639180799541177
vn -0.44574379303535866 -0.44963887595476787 0.7740396321898407
vn 0.5195093184644226 0.711756952057121 0.47277067297685493
vn 0.30590621756663505 0.9390297816615157 0.1569855254690721
vn -0.8090046558256683 0.5877881022886577 0.004075985805965925
vn -0.5105360683222134 0.37375605605668505 0.7743767387409364
vn 0.44903907845854535 -0.8797322469795845 0.15631724038426362
vn 0.5811380894038288 -0.7987826979439744 0.15564293273198448
vn -0.7979721208529904 -0.5803530832162543 0.16257549982321493
vn -0.7093732453689355 -0.5171409191121852 0.4789100839766776
vn 0.45350733861542586 0.4496269306259422 0.7695236949424283
vn 0.22805840019824652 0.22328092250065673 0.9476998447537449
vn -0.21849666625755554 -0.22328299128805582 0.9499494263568943
vn 0.6244838188370355 0.6221008473821952 0.4722398709311479
vn 0.4490486431274288 0.8797349258955316 0.15627468209853587
vn 0.15642644066770747 0.9876892975582365 -0.0007874953648433594
vn -0.8909955348056329 0.45398988726569917 0.004487673885418904
vn -0.8789234510175755 0.4482462414073366 0.16299961446442598
vn -0.7814973134463078 0.3994190928094306 0.4792977544027251
vn -0.2506477156873421 0.1855829717730179 0.9501235094494888
vn 0.26023700685619694 -0.1856020200393581 0.9475381735950469
vn 0.5183221056028745 -0.3737618058307921 0.7691841829792837
vn 0.7141516566583784 -0.5171270982968209 0.4717700451482735
vn 0.698949149913611 -0.698160781146876 0.15505356978613705
vn 0.3090207889580468 -0.9510540023885721 -0.0015609395966024078
vn -0.8090046558256683 -0.5877881022886579 0.004075985805965757
vn -0.5105415689163709 -0.37376380389646185 0.7743693726544573
vn 0.5811420089779661 0.7987819896198283 0.15563193264893435
vn 0.30901421321400774 0.9510561439442604 -0.0015579145040682067
vn -0.562669879179677 0.28867898045455737 0.7746399507562496
vn 0.7995691614329792 -0.5803489147464603 0.15454544068968187
vn 0.4539832843536698 -0.8910072606833688 -0.0022888724241992542
vn 0.5877763369537417 -0.8090180453122927 -0.002963119356073148
vn -0.8789242357223496 -0.44825015725021694 0.1629846139518687
vn -0.7814964636700191 -0.3994199904227075 0.4792983919459554
vn 0.5183147300667629 0.37375797061888716 0.7691910165847426
vn 0.7141468894327064 0.5171261910450667 0.47177825601527124
vn 0.2602457440897719 0.18560898098120568 0.947534410384277
vn -0.250656729555334 -0.18559006596243272 0.9501197457924363
vn 0.6989478437382303 0.69816320092686 0.15504856208697734
vn 0.45399239497684923 0.8910026114062248 -0.002291674163642748
vn -0.9510447853970001 0.30901599744675534 0.004788474826192603
vn -0.9382144777875853 0.3051081087385661 0.16328697330694777
vn -0.8343181393316381 0.271869042600523 0.4795836382297336
vn -0.2765455257919374 0.143342012595105 0.9502503036514355
vn 0.2861212798087306 -0.14335294564035808 0.9474093868106052
vn 0.5704559900953595 -0.2886838991208723 0.7689223431223032
vn 0.7862878414104572 -0.39941816073109254 0.47139851858939347
vn 0.8805220277356521 -0.4482461955122581 0.15413081094019435
vn 0.7070973954812415 -0.707107166328242 -0.003567720685344385
vn -0.8909944347443972 -0.4539920451150077 0.0044877864036798895
vn -0.5626627020075613 -0.2886740203259713 0.7746470123600755
vn 0.7995689527879629 0.5803529812537286 0.1545312489028353
vn 0.5877803866832073 0.8090150808003852 -0.002969186434928557
vn -0.6008549394359521 0.19649503009272506 0.7748309782812491
vn 0.8090062290963128 -0.5877858985516893 -0.00408151285034448
vn -0.9382144777875853 -0.305108108738566 0.16328697330694772
vn -0.8343170593122252 -0.27186707776622926 0.4795866309306922
vn 0.5704516971695135 0.2886810355084914 0.7689266030865148
vn 0.7862870256097235 0.39941685905000923 0.47140098224806365
vn 0.8805240973570068 0.4482469665271589 0.1541167446218234
vn 0.28613186141293134 0.14335808031208647 0.9474054141145725
vn -0.2765497477413045 -0.143343066161584 0.9502489160254889
vn 0.7070947446450817 0.7071097804035562 -0.003574989921805709
vn -0.9876754277980271 0.1564369177581616 0.004973940722424729
vn -0.9743826973929973 0.1544560365198213 0.1634677087492641
vn -0.8665452325677622 0.13762805490520963 0.47974772372267876
vn -0.29554737820922433 0.0975829659316947 0.9503311591196131
vn 0.3050849862629127 -0.09757703049604659 0.9473129758831195
vn 0.6086306478674033 -0.19649598452142222 0.7687379674137749
vn 0.8391149060405898 -0.27187004969377143 0.4711399479347918
vn 0.9398128635838136 -0.3051060069989793 0.15382491974817109
vn 0.8909954840398387 -0.45398990963036645 -0.004495483780973498
vn -0.9510444915086103 -0.3090169019554419 0.004788473346475493
vn -0.6008503780585884 -0.19649306139446296 0.7748350147035711
vn 0.8909959057658989 0.45398906797624217 -0.004496895203167181
vn 0.8090032935113906 0.5877898831341576 -0.004089544333565339
vn -0.6241420385101831 0.09947199945320258 0.7749529257246113
vn -0.9743822560205505 -0.15445503432570445 0.16347128654215673
vn -0.866546546988551 -0.13762895422282814 0.4797450915452391
vn 0.6086314304570085 0.19649599168340565 0.7687373459850968
vn 0.8391168218026156 0.27187110575638546 0.4711359264826639
vn 0.939813263021053 0.30510585379025884 0.1538227832040439
vn 0.9510453856952343 0.309014084338453 -0.004792705735860568
vn 0.30508798747898236 0.09757705305997665 0.9473120070030542
vn -0.2955439650140977 -0.09758198440869309 0.9503323213816351
vn -0.9999873142653323 0 0.005036993985275779
vn -0.9865379566345386 0 0.16353244362923647
vn -0.8773810589010971 0 0.47979420325967836
vn -0.30710876458907815 0.0494000108958407 0.950391417067758
vn 0.3166669395345307 -0.04939800030011733 0.9472496434267914
vn 0.6319226521936648 -0.099472033957122 0.7686215428316836
vn 0.8713402649231619 -0.1376299744476212 0.47098209398785124
vn 0.9759806504290284 -0.154457071347908 0.153638481829123
vn 0.9510450429789338 -0.30901503979202377 -0.004799104867803629
vn -0.9876757368138337 -0.15643496670329016 0.004973942278630559
vn -0.6241442691648175 -0.09947304444645598 0.7749509950295368
vn -0.6319648593869862 0 0.7749970428975755
vn 0.32056066627782737 0 0.9472279869363633
vn 0.6319249059292761 0.09947302963127932 0.768619561058818
vn 0.8713411999008687 0.13763098449545766 0.47098006907100176
vn 0.9759800663349172 0.1544580140302716 0.15364124452345132
vn 0.98767541236046 0.1564370357529846 -0.004973295025895188
vn 0.3166669395345307 0.04939800030011775 0.9472496434267914
vn -0.30710454094673983 -0.049398993999948924 0.9503928347381861
vn -0.3109722525481935 0 0.9504189908377791
vn 0.6397554295578605 0 0.7685785518417994
vn 0.8821730187117552 0 0.4709254347101982
vn 0.9881367437614021 0 0.15357661159373528
vn 0.9876753997305207 -0.15643698102896667 -0.004977522847690985
vn 0.9999873213628572 0 -0.005035584726513084
vn -0.9881342448812908 0 -0.15359268893043473
vn -0.9876757171686358 -0.15643506645589866 0.004974705856612302
vn -0.9759792844290303 -0.15445597808725472 -0.15364825803928747
vn -0.9759790018010086 0.15445496847929654 -0.15365106818882307
vn -0.9510444956851921 -0.30901686725967 0.00478988266224415
vn -0.8821740674646134 0 -0.4709234701020324
vn -0.9876758871113358 0.15643397293434383 0.004975352330515102
vn -0.9398128277160658 -0.30510717017372424 -0.15382283175431014
vn -0.8713414397462922 -0.13762902237944433 -0.47098019871299984
vn -0.9398128277160658 0.3051071701737242 -0.15382283175431005
vn -0.8713439991339837 0.13762903126470877 -0.4709754610660029
vn -0.8909949761584632 -0.4539909900680391 0.004487025453582393
vn -0.6397592721326 0 -0.768575353313106
vn -0.9510444956851921 0.30901686725967 0.004789882662244239
vn -0.8805229684509341 -0.4482482225201101 -0.1541195413888743
vn -0.8391153877869075 -0.2718699594091385 -0.4711391420271737
vn -0.6319280575731105 -0.09947204694912638 -0.7686170970825632
vn -0.8805232981125305 0.44825099494328047 -0.1541095941639935
vn -0.8391137001404889 0.27186797725538986 -0.4711432915574631
vn -0.6319280575731105 0.09947204694912604 -0.7686170970825632
vn -0.8090060606678504 -0.5877861792636442 0.004074465527353875
vn -0.32054360435952567 -9.99999591821578e-7 -0.9472337608548398
vn -0.8909938760941812 0.45399314791689355 0.004487137971630476
vn -0.79957101831533 -0.5803512155508966 -0.15452719268395243
vn -0.7862864314161805 -0.3994188871174483 -0.4714002549688185
vn -0.608630887053265 -0.1964940617417844 -0.7687382695202392
vn -0.31666183225048034 -0.04939799930828001 -0.9472513508357261
vn -0.7995724082618919 0.580352108734491 -0.15451664581431995
vn -0.7862864314161807 0.3994188871174482 -0.4714002549688185
vn -0.6086256480897656 0.1964920888214195 -0.7687429216050761
vn -0.31665288414642223 0.04939597495664199 -0.9472544476643197
vn -0.6989528641098033 -0.698162977067441 -0.1550269370304101
vn -0.8090060606678505 0.587786179263644 0.0040744655273540435
vn -0.7070975144226809 -0.7071070796520815 0.003561320425276008
vn -0.7141528882858013 -0.5171311181308605 -0.47176377437630146
vn -0.5704427818821356 -0.2886771415703362 -0.7689346789769274
vn -0.30509220547875676 -0.09757801387398474 -0.9473105495900047
vn -0.698953742433909 0.6981628731874526 -0.15502344480843505
vn -0.7141609191198182 0.5171381743236878 -0.4717438820579442
vn -0.5704369977736277 0.28867396429377495 -0.7689401627629594
vn -0.30508835670950146 0.09757696343738176 -0.9473118973213817
vn -0.5811443396077175 -0.7987821876443421 -0.15562221320887623
vn -0.6244932467518267 -0.622104133030451 -0.47222307485741627
vn 0.3109901838962157 0 -0.9504131236047816
vn -0.7070975144226811 0.7071070796520814 0.0035613204252762116
vn -0.587780888646403 -0.8090147475170538 0.002960615132410905
vn -0.5195147487091978 -0.7117620768738673 -0.47275699021571127
vn -0.5183069049513316 -0.37375289122689886 -0.7691987575258461
vn -0.28611922327861117 -0.14335100262146 -0.947410301885021
vn 0.3071135025259381 0.04939998820367921 -0.9503898872208852
vn -0.5811458446274154 0.7987831435341547 -0.15561168618706697
vn -0.6245015447735227 0.6221141449003549 -0.47219891072553744
vn -0.5183135494818761 0.37375913594612686 -0.7691912458682194
vn -0.28612136184081904 0.1433509867403925 -0.9474096584365768
vn 0.3071135025259381 -0.04939998820367962 -0.9503898872208852
vn -0.4490415990880401 -0.8797320638733888 -0.1563110299419845
vn -0.4018049929661127 -0.7838978934627963 -0.4733464273152303
vn -0.45350345233859163 -0.4496200671163662 -0.7695299954928677
vn 0.6319861397280622 0 -0.774979689534908
vn -0.5877808886464032 0.8090147475170537 0.002960615132411138
vn -0.519518921891485 0.7117649772996797 -0.4727480374219393
vn 0.6241554187199022 -0.09947300875655976 -0.7749420196450189
vn -0.4539878813043579 -0.891004924873141 0.0022863684280290397
vn -0.3776294156868222 -0.5144148506844239 -0.7699177785993458
vn -0.2602281729881248 -0.18559699017727974 -0.9475415849557196
vn 0.29554474246689016 0.09758302667320154 -0.950331972578781
vn 0.6241522737968502 0.09947204274647808 -0.7749446766228313
vn -0.449042386825257 0.879735053553433 -0.15629193959899057
vn -0.4018041855896529 0.7838970182985081 -0.4733485619977566
vn -0.45351229100078705 0.4496302072296641 -0.7695188617947105
vn -0.2602281729881249 0.18559699017727935 -0.9475415849557196
vn 0.2955481556621415 -0.0975840081960326 -0.9503308103124423
vn 0.6008539343096103 -0.19649691377579778 -0.7748312800224633
vn -0.3058978965376139 -0.9390238245593782 -0.15703736435556176
vn -0.2742623737651428 -0.8367385609709229 -0.4739712342758981
vn -0.29256260456505423 -0.5665631539652577 -0.7703332493012693
vn -0.22805708765275742 -0.22328101777082543 -0.9477001381632097
vn 0.2765647191212435 0.1433549603490267 -0.9502427644979553
vn 0.6008529817904281 0.19649706333789096 -0.7748319807372025
vn 0.8773819981128811 0 -0.47979248575550676
vn 0.8665457104628623 -0.13762802765848822 -0.4797468683391768
vn -0.453988484312279 0.8910046159615007 0.0022870170831131597
vn -0.37762697104084675 0.5144117792083385 -0.7699210298168423
vn 0.27657658527662343 -0.14335804317443177 -0.9502388457298093
vn 0.8343204494259092 -0.27186998500840986 -0.4795790851583043
vn -0.3090083249363154 -0.9510580610141809 0.0015555384917099293
vn -0.2003839417596473 -0.6047590592815097 -0.7707871016706298
vn -0.19037863849019918 -0.2554560998647064 -0.9478914257701306
vn 0.25066774208864817 0.1855950331000417 -0.9501158701783553
vn 0.5626711048553096 0.28868094288837814 -0.774638329140756
vn 0.8343212546193276 0.27187107191602494 -0.47957706820245555
vn 0.8665463076175519 0.13762701935290625 -0.4797460789818111
vn -0.30589883879937324 0.9390269421268324 -0.15701688565605268
vn -0.27426226097115514 0.8367368938875439 -0.47397424256431375
vn -0.2925568592200995 0.5665521952690462 -0.7703434910214374
vn -0.22805046196351386 0.22327501390221896 -0.9477031470693721
vn 0.25067940474345496 -0.18560300073740088 -0.9501112367269106
vn 0.562662864433466 -0.28867310365820015 -0.774647235980268
vn 0.7814979904677523 -0.39941705019174817 -0.47929835271048793
vn -0.1552508550406301 -0.9751934558235689 -0.157781164047038
vn -0.1400223692197888 -0.8689669563961082 -0.47464741104293556
vn -0.10335681936977163 -0.6280448633942906 -0.7712827091629965
vn -0.14812733524077842 -0.2813350129091982 -0.9481080650779462
vn 0.21849126907603136 0.22327401205166142 -0.9499527782368447
vn 0.5105408677238598 0.37375716023683014 -0.7743730415991177
vn 0.7815003470822872 0.3994210970575409 -0.47929113776035454
vn 0.9865358249700568 0 -0.16354530274712667
vn 0.9743803298336501 -0.15445593230591836 -0.16348191890474253
vn 0.9382158442230816 -0.3051062028680802 -0.16328268316080582
vn -0.30900773713574686 0.9510582507517716 0.0015562992082086753
vn -0.2003827447152321 0.6047537461201973 -0.7707915815406771
vn -0.1903741427433298 0.25545104046332007 -0.9478936921938819
vn 0.5105263581880074 -0.37374816041106307 -0.7743869511972918
vn 0.8789291807047591 -0.448247876305119 -0.1629642190593119
vn -0.10234732565603664 -0.30028491070639146 -0.9483427636319641
vn 0.18081962460050433 0.25546290737874616 -0.9497594254930722
vn 0.44573931907663494 0.4496318368365044 -0.7740462975378987
vn 0.7093674990910299 0.5171302908949201 -0.47893007158902945
vn 0.9382150690155395 0.3051079146880251 -0.1632839387903524
vn 0.8789253197635563 0.4482491042625296 -0.162981664018902
vn 0.9743810722405923 0.1544549822190662 -0.16347839162097658
vn -0.15525261621870107 0.9751985675980261 -0.15774783330368344
vn -0.1400269190360237 0.8689724655104123 -0.4746359827594554
vn -0.10336076511165516 0.6280381614592114 -0.771287637646596
vn -0.1481303832436458 0.2813420250248113 -0.9481055081134321
vn 0.21849394327769728 -0.22327897674672395 -0.9499509962592271
vn 0.44573132209842736 -0.44962885530900804 -0.7740526344983906
vn 0.7093605703057517 -0.5171282050703331 -0.47894258613766444
vn 0.7979732317701573 -0.5803537969603578 -0.16256749900268014
vn -0.0007992387024169213 -0.987349438354121 -0.158557395914849
vn -0.0023942607945954424 -0.879790712128567 -0.4753552044182923
vn -0.0038885195915073873 -0.6358702330464832 -0.7717861919863543
vn -0.05416952478224211 -0.31185697445969457 -0.9485836231275087
vn 0.1385744670580614 0.2813500816826927 -0.9495468648869927
vn 0.36986064248207323 0.5144318382531383 -0.7736685265242764
vn 0.6196996384175654 0.6221029107288607 -0.47849799018158673
vn 0.7979720207079752 0.5803492287661665 -0.16258975010051
vn 0.9999873033178615 0 -0.00503916690248443
vn 0.9876757087465682 -0.15643502997334566 -0.004977524405018866
vn 0.951045389865949 -0.3090140496411024 -0.004794115051956656
vn 0.8909960082302736 -0.4539889023445006 -0.0044933134493128435
vn -0.1023550508900293 0.30030694068127656 -0.9483349539777345
vn 0.18082105360574663 -0.2554619344364695 -0.9497594151293709
vn 0.619697966049911 -0.622104647195223 -0.4784978984402235
vn 0.8090030577605467 -0.5877902761706811 -0.004079678085380151
vn 0.09279551885598596 0.30031290648182446 -0.9493161485409838
vn 0.2847865083086565 0.5665608533822851 -0.7732434571983784
vn 0.5147162462700328 0.7117577040067233 -0.4779834271319085
vn 0.6973496036354647 0.6981599449511376 -0.16209941879995887
vn 0.9876758590392075 0.15643403620322027 -0.004978934457591555
vn 0.9510447449271703 0.30901597900112876 -0.004797694069783982
vn 0.8909942815047501 0.4539922331082737 -0.0044991780579013265
vn -0.0007993197274663304 0.9873568549957955 -0.15851120459066853
vn -0.0023949602592034337 0.8798051229840077 -0.4753285282164875
vn -0.0038878507206853404 0.6358607222621376 -0.7717940311385195
vn -0.05417575303789932 0.3118741704773291 -0.9485776138892665
vn 0.13857780261897568 -0.28135703572193577 -0.9495443175918972
vn 0.3698609785167245 -0.5144269969787703 -0.7736715849441903
vn 0.5147239166542231 -0.711760994234024 -0.47797026760158395
vn 0.6973494838979379 -0.6981631746542669 -0.16208602303701344
vn 0.1536528591228925 -0.9751929908287975 -0.1593406085144192
vn 0.13523270192484224 -0.8689638375168119 -0.4760398779704935
vn 0.09558000383463436 -0.6280479520331533 -0.7722824825243241
vn -0.004780143022573001 -0.3157640754377834 -0.9488256946855969
vn 0.04461869775188032 0.31188907583240705 -0.9490702693622498
vn 0.192602200769841 0.604743615120422 -0.7727804036268626
vn 0.397013987849206 0.7838902756001914 -0.47738446693574593
vn 0.8090054008028187 0.5877869986189944 -0.004087263919158905
vn 0.09279745630325437 -0.30031987121610976 -0.9493137558554521
vn 0.2847830722587991 -0.5665501075595482 -0.7732525961024017
vn 0.70709365839482 -0.7071108983931209 -0.003568701655135328
vn 0.09558427527669158 0.6280361201131754 -0.7722915758656304
vn 0.5795379715645744 0.798781900195403 -0.16150298893531265
vn 0.7070956383419623 0.7071089299972799 -0.003566420596965428
vn 0.15365447598563794 0.9751983100087657 -0.15930649128527807
vn 0.1352367116593158 0.8689699556716712 -0.4760275705876171
vn 0.09558338379759121 0.6280389879460477 -0.772289354038696
vn -0.004780254334781624 0.3157680988403246 -0.9488243551486555
vn 0.0446155418300752 -0.31187493854894793 -0.9490750634867079
vn 0.1925984818787739 -0.6047368249849548 -0.7727866440907915
vn 0.3970181025818597 -0.7838940810558279 -0.4773747960543572
vn 0.5795432482008291 -0.798780881442554 -0.16148909222201036
vn 0.304300574118039 -0.9390242033682498 -0.16010841976628157
vn 0.2694722825860492 -0.83673519686457 -0.47671679144527085
vn 0.1926082374655384 -0.6047599197020997 -0.7727661395159136
vn 0.04461077467788236 -0.31186794483539954 -0.9490775857466994
vn -0.004779824936616769 0.3157799755785247 -0.9488204046589648
vn -0.003888076149858279 0.6358632968550747 -0.7717919088565569
vn 0.2694739678936232 0.8367316740391073 -0.47672202202895947
vn 0.4474463259199048 0.8797313183281961 -0.16082472749335758
vn 0.09558197863342975 -0.6280390187614098 -0.7722895028897674
vn 0.5877794145966346 -0.8090157894447689 -0.002968535917738897
vn 0.30900842462130257 -0.9510580263186291 -0.0015569482890155435
vn 0.1352350510217121 0.8689622736810148 -0.47604206525713283
vn 0.5877751543497695 0.8090189223657391 -0.002958239896145808
vn 0.30430246467808464 0.939027125650289 -0.1600876862341361
vn 0.2694727570801149 0.8367356536174498 -0.4767157215333057
vn 0.19260230376950288 0.6047442869170641 -0.7727798522372668
vn 0.04461546296207335 0.3118771628677546 -0.9490743362594101
vn -0.004779809085530072 -0.31575200519964625 -0.9488297131927881
vn -0.0038877572480763 -0.6358699162060218 -0.7717864568698566
vn 0.26947319887324583 -0.8367329918213532 -0.4767201437811362
vn 0.4474504900862575 -0.8797340677360068 -0.1607981000703277
vn 0.44744502805457564 -0.8797331342459669 -0.16081840497594727
vn 0.3970168976842533 -0.7838992988369718 -0.47736722995622055
vn 0.2847896169807726 -0.5665680191961746 -0.7732370617631231
vn 0.09279164394394236 -0.3002989769561086 -0.9493209337485904
vn -0.05417950802611418 0.31188589967552266 -0.9485735430074139
vn -0.1033636293406446 0.6280397577826972 -0.7712859539585697
vn -0.002394911480054262 0.8797901667796383 -0.47535621047469134
vn 0.30431033064055496 0.9390256648519402 -0.16008130251471453
vn 0.453989834955933 0.8910039352899506 -0.00228408723702785
vn 0.30900842462130224 0.9510580263186291 -0.0015569482890152695
vn -0.05417571924576794 -0.31187597594563077 -0.9485770222138865
vn 0.1352325480763831 -0.8689652748976425 -0.476037297869435
vn 0.45399322924453506 -0.8910021918969446 -0.0022895053962287996
vn 0.4539879679294237 -0.8910048771170708 -0.002287778159304041
vn -0.10235517458295122 0.3003109780451659 -0.9483336621156341
vn 0.15365535019527746 0.9751976238561095 -0.15930984835145834
vn 0.4474418454293731 0.8797366709055285 -0.16080791281157408
vn 0.3970138541643949 0.7838960438272371 -0.4773751062566406
vn 0.2847796681365173 0.5665502369412732 -0.7732537550105025
vn 0.09279164394394224 0.3002989769561082 -0.9493209337485904
vn -0.10235988375621867 -0.30032508302277855 -0.94832868706202
vn -0.10335783596498917 -0.6280371706951877 -0.7712888369280458
vn -0.0023949277400343353 -0.8797951522780374 -0.4753469831072719
vn 0.30430843094419635 -0.9390292579499641 -0.16006383592248855
vn 0.5795486650348557 -0.7987826420579898 -0.16146094141672193
vn 0.5147318470552926 -0.7117683596815547 -0.4779507587432785
vn 0.13857446705806145 -0.2813500816826931 -0.9495468648869925
vn -0.14813206790310213 0.28134912547906493 -0.9481031378763157
vn -0.2003831115775013 0.6047588486963096 -0.7707874827201286
vn -0.14002825318314743 0.8689621979887147 -0.47465438666159876
vn -0.000798732266672974 0.987352765520531 -0.15853667855018727
vn 0.3090210777045334 0.9510539167447438 -0.0015559494884666218
vn 0.45398380073987854 0.8910069995304395 -0.0022881113473686553
vn -0.20037376645513452 -0.604734237787294 -0.7708092211205076
vn 0.15365115241327595 -0.9751967220987172 -0.15931941680156092
vn 0.3090152891253498 -0.9510557991589106 -0.0015549832739532054
vn 0.5877819309040021 -0.8090139827332148 -0.002962675295210319
vn 0.3698590973360497 -0.5144229360667497 -0.7736751844063676
vn -0.2925637969976222 0.5665711311054247 -0.7703269293515926
vn 0.15643209664670443 0.9876884021230933 -0.0007870516163646005
vn 0.5795482947597167 0.7987811573035895 -0.16146961564902187
vn 0.5147298967746566 0.7117611810318529 -0.4779635493868683
vn 0.13856973539542305 0.28134093028513263 -0.9495502669046745
vn -0.14814013895374725 -0.28136098967996054 -0.9480983560354259
vn -0.2925555009640925 -0.5665448970049797 -0.7703493743317155
vn -0.1400227937792276 -0.8689649379476505 -0.47465098107967285
vn -0.0007985885622922094 -0.9873495830497643 -0.15855649815685557
vn 0.6973558491419971 -0.698163188989659 -0.16205857338392787
vn 0.6197112007719094 -0.6221121330498919 -0.47847102477574527
vn 0.18081909675927305 -0.2554580791842255 -0.9497608246430606
vn -0.19037934263323855 0.2554590243695145 -0.9478904961896767
vn -0.37763434371479093 0.5144257441028353 -0.7699080829887055
vn -0.27426253712110465 0.83673310907528 -0.4739807642817483
vn -0.1552574205339249 0.9751958977658309 -0.15775960937403105
vn 6.49448048161015e-7 1 7.604059657438572e-7
vn 0.5877805324191626 0.8090149983815655 -0.0029627863104326638
vn 0.3698593604746147 0.5144201477281125 -0.7736769125938138
vn -0.2742621948327926 -0.8367317418373383 -0.47398337596096446
vn 0.1564256989479048 -0.9876894155462105 -0.0007868460105951654
vn 0.7070976182800913 -0.7071069615920721 -0.003564139538545746
vn 0.4457323085964248 -0.4496260833773198 -0.7740536765755156
vn -0.5195087763275908 0.7117597950413229 -0.47276698856978494
vn -0.401802209637938 0.7838947797640086 -0.47335394641727363
vn 0.6973570129388935 0.6981599263298193 -0.16206762098607158
vn 0.6197124159420679 0.6221131603873256 -0.47846811513426785
vn -0.19038223554866135 -0.25546197371436946 -0.947889120294907
vn 0.18082243641760007 0.25546189623242044 -0.9497591621360327
vn -0.37763101953285494 -0.5144178126457232 -0.7699150129198458
vn -0.40180618431507426 -0.7838899319172027 -0.4733586007299372
vn -0.15524950256441764 -0.9751969144971762 -0.15776111659305647
vn 0.7979710451625691 -0.5803511529977043 -0.16258766957058104
vn 0.709369260384784 -0.5171349237510466 -0.47892246038178604
vn 0.21848713172057146 -0.22327099288982385 -0.9499544394372341
vn -0.2280563282715027 0.2232790187739703 -0.947700791869804
vn -0.45351108409707164 0.44962887456210415 -0.769520351752385
vn -0.6244870188097451 0.6221017840585545 -0.4722344053637777
vn -0.305907334046189 0.9390227624455821 -0.15702533103235713
vn -0.15643807682741867 0.9876874519273614 0.0007908373881573089
vn 0.7071005287050707 0.707104052309792 -0.0035639180799541177
vn 0.44574379303535866 0.44963887595476787 -0.7740396321898407
vn -0.5195093184644226 -0.711756952057121 -0.47277067297685493
vn -0.30590621756663505 -0.9390297816615157 -0.1569855254690721
vn 0.8090046558256683 -0.5877881022886577 -0.004075985805965925
vn 0.5105360683222134 -0.37375605605668505 -0.7743767387409364
vn -0.44903907845854535 0.8797322469795845 -0.15631724038426362
vn -0.5811380894038288 0.7987826979439744 -0.15564293273198448
vn 0.7979721208529904 0.5803530832162543 -0.16257549982321493
vn 0.7093732453689355 0.5171409191121852 -0.4789100839766776
vn -0.45350733861542586 -0.4496269306259422 -0.7695236949424283
vn -0.22805840019824652 -0.22328092250065673 -0.9476998447537449
vn 0.21849666625755554 0.22328299128805582 -0.9499494263568943
vn -0.6244838188370355 -0.6221008473821952 -0.4722398709311479
vn -0.4490486431274288 -0.8797349258955316 -0.15627468209853587
vn -0.15642644066770747 -0.9876892975582365 0.0007874953648433594
vn 0.8909955348056329 -0.45398988726569917 -0.004487673885418904
vn 0.8789234510175755 -0.4482462414073366 -0.16299961446442598
vn 0.7814973134463078 -0.3994190928094306 -0.4792977544027251
vn 0.2506477156873421 -0.1855829717730179 -0.9501235094494888
vn -0.26023700685619694 0.1856020200393581 -0.9475381735950469
vn -0.5183221056028745 0.3737618058307921 -0.7691841829792837
vn -0.7141516566583784 0.5171270982968209 -0.4717700451482735
vn -0.698949149913611 0.698160781146876 -0.15505356978613705
vn -0.3090207889580468 0.9510540023885721 0.0015609395966024078
vn 0.8090046558256683 0.5877881022886579 -0.004075985805965757
vn 0.5105415689163709 0.37376380389646185 -0.7743693726544573
vn -0.5811420089779661 -0.7987819896198283 -0.15563193264893435
vn -0.30901421321400774 -0.9510561439442604 0.0015579145040682067
vn 0.562669879179677 -0.28867898045455737 -0.7746399507562496
vn -0.7995691614329792 0.5803489147464603 -0.15454544068968187
vn -0.4539832843536698 0.8910072606833688 0.0022888724241992542
vn -0.5877763369537417 0.8090180453122927 0.002963119356073148
vn 0.8789242357223496 0.44825015725021694 -0.1629846139518687
vn 0.7814964636700191 0.3994199904227075 -0.4792983919459554
vn -0.5183147300667629 -0.37375797061888716 -0.7691910165847426
vn -0.7141468894327064 -0.5171261910450667 -0.47177825601527124
vn -0.2602457440897719 -0.18560898098120568 -0.947534410384277
vn 0.250656729555334 0.18559006596243272 -0.9501197457924363
vn -0.6989478437382303 -0.69816320092686 -0.15504856208697734
vn -0.45399239497684923 -0.8910026114062248 0.002291674163642748
vn 0.9510447853970001 -0.30901599744675534 -0.004788474826192603
vn 0.9382144777875853 -0.3051081087385661 -0.16328697330694777
vn 0.8343181393316381 -0.271869042600523 -0.4795836382297336
vn 0.2765455257919374 -0.143342012595105 -0.9502503036514355
vn -0.2861212798087306 0.14335294564035808 -0.9474093868106052
vn -0.5704559900953595 0.2886838991208723 -0.7689223431223032
vn -0.7862878414104572 0.39941816073109254 -0.47139851858939347
vn -0.8805220277356521 0.4482461955122581 -0.15413081094019435
vn -0.7070973954812415 0.707107166328242 0.003567720685344385
vn 0.8909944347443972 0.4539920451150077 -0.0044877864036798895
vn 0.5626627020075613 0.2886740203259713 -0.7746470123600755
vn -0.7995689527879629 -0.5803529812537286 -0.1545312489028353
vn -0.5877803866832073 -0.8090150808003852 0.002969186434928557
vn 0.6008549394359521 -0.19649503009272506 -0.7748309782812491
vn -0.8090062290963128 0.5877858985516893 0.00408151285034448
vn 0.9382144777875853 0.305108108738566 -0.16328697330694772
vn 0.8343170593122252 0.27186707776622926 -0.4795866309306922
vn -0.5704516971695135 -0.2886810355084914 -0.7689266030865148
vn -0.7862870256097235 -0.39941685905000923 -0.47140098224806365
vn -0.8805240973570068 -0.4482469665271589 -0.1541167446218234
vn -0.28613186141293134 -0.14335808031208647 -0.9474054141145725
vn 0.2765497477413045 0.143343066161584 -0.9502489160254889
vn -0.7070947446450817 -0.7071097804035562 0.003574989921805709
vn 0.9876754277980271 -0.1564369177581616 -0.004973940722424729
vn 0.9743826973929973 -0.1544560365198213 -0.1634677087492641
vn 0.8665452325677622 -0.13762805490520963 -0.47974772372267876
vn 0.29554737820922433 -0.0975829659316947 -0.9503311591196131
vn -0.3050849862629127 0.09757703049604659 -0.9473129758831195
vn -0.6086306478674033 0.19649598452142222 -0.7687379674137749
vn -0.8391149060405898 0.27187004969377143 -0.4711399479347918
vn -0.9398128635838136 0.3051060069989793 -0.15382491974817109
vn -0.8909954840398387 0.45398990963036645 0.004495483780973498
vn 0.9510444915086103 0.3090169019554419 -0.004788473346475493
vn 0.6008503780585884 0.19649306139446296 -0.7748350147035711
vn -0.8909959057658989 -0.45398906797624217 0.004496895203167181
vn -0.8090032935113906 -0.5877898831341576 0.004089544333565339
vn 0.6241420385101831 -0.09947199945320258 -0.7749529257246113
vn 0.9743822560205505 0.15445503432570445 -0.16347128654215673
vn 0.866546546988551 0.13762895422282814 -0.4797450915452391
vn -0.6086314304570085 -0.19649599168340565 -0.7687373459850968
vn -0.8391168218026156 -0.27187110575638546 -0.4711359264826639
vn -0.939813263021053 -0.30510585379025884 -0.1538227832040439
vn -0.9510453856952343 -0.309014084338453 0.004792705735860568
vn -0.30508798747898236 -0.09757705305997665 -0.9473120070030542
vn 0.2955439650140977 0.09758198440869309 -0.9503323213816351
vn 0.9865379566345386 0 -0.16353244362923647
vn 0.8773810589010971 0 -0.47979420325967836
vn 0.30710876458907815 -0.0494000108958407 -0.950391417067758
vn -0.3166669395345307 0.04939800030011733 -0.9472496434267914
vn -0.6319226521936648 0.099472033957122 -0.7686215428316836
vn -0.8713402649231619 0.1376299744476212 -0.47098209398785124
vn -0.9759806504290284 0.154457071347908 -0.153638481829123
vn -0.9510450429789338 0.30901503979202377 0.004799104867803629
vn 0.9876757368138337 0.15643496670329016 -0.004973942278630559
vn 0.6241442691648175 0.09947304444645598 -0.7749509950295368
vn 0.6319648593869862 0 -0.7749970428975755
vn -0.32056066627782737 0 -0.9472279869363633
vn -0.6319249059292761 -0.09947302963127932 -0.768619561058818
vn -0.8713411999008687 -0.13763098449545766 -0.47098006907100176
vn -0.9759800663349172 -0.1544580140302716 -0.15364124452345132
vn -0.98767541236046 -0.1564370357529846 0.004973295025895188
vn -0.3166669395345307 -0.04939800030011775 -0.9472496434267914
vn 0.30710454094673983 0.049398993999948924 -0.9503928347381861
vn 0.3109722525481935 0 -0.9504189908377791
vn -0.6397554295578605 0 -0.7685785518417994
vn -0.8821730187117552 0 -0.4709254347101982
vn -0.9881367437614021 0 -0.15357661159373528
vn -0.9876753997305207 0.15643698102896667 0.004977522847690985
vn -0.9999873213628572 0 0.005035584726513084
usemtl material_0_0
f 1//1 2//2 3//3
f 2//2 1//1 4//4
f 5//5 3//3 2//2
f 6//6 4//4 1//1
f 4//4 7//7 2//2
f 3//3 5//5 8//8
f 7//7 5//5 2//2
f 4//4 6//6 9//9
f 7//7 4//4 10//10
f 11//11 8//8 5//5
f 5//5 7//7 12//12
f 13//13 9//9 6//6
f 9//9 10//10 4//4
f 10//10 14//14 7//7
f 8//8 11//11 15//15
f 12//12 11//11 5//5
f 14//14 12//12 7//7
f 9//9 13//13 16//16
f 10//10 9//9 17//17
f 14//14 10//10 18//18
f 19//19 15//15 11//11
f 11//11 12//12 20//20
f 12//12 14//14 21//21
f 22//22 16//16 13//13
f 16//16 17//17 9//9
f 17//17 18//18 10//10
f 18//18 23//23 14//14
f 15//15 19//19 24//24
f 20//20 19//19 11//11
f 21//21 20//20 12//12
f 23//23 21//21 14//14
f 16//16 22//22 25//25
f 17//17 16//16 26//26
f 18//18 17//17 27//27
f 23//23 18//18 28//28
f 29//29 24//24 19//19
f 19//19 20//20 30//30
f 20//20 21//21 31//31
f 21//21 23//23 32//32
f 22//22 33//33 25//25
f 25//25 26//26 16//16
f 26//26 27//27 17//17
f 27//27 28//28 18//18
f 28//28 32//32 23//23
f 24//24 29//29 34//34
f 30//30 29//29 19//19
f 31//31 30//30 20//20
f 32//32 31//31 21//21
f 33//33 22//22 35//35
f 33//33 36//36 25//25
f 26//26 25//25 36//36
f 27//27 26//26 37//37
f 28//28 27//27 38//38
f 32//32 28//28 38//38
f 39//39 34//34 29//29
f 29//29 30//30 40//40
f 30//30 31//31 41//41
f 31//31 32//32 42//42
f 35//35 43//43 33//33
f 36//36 33//33 44//44
f 36//36 37//37 26//26
f 37//37 38//38 27//27
f 32//32 38//38 45//45
f 34//34 39//39 46//46
f 40//40 39//39 29//29
f 41//41 40//40 30//30
f 42//42 41//41 31//31
f 45//45 42//42 32//32
f 43//43 35//35 47//47
f 48//48 33//33 43//43
f 33//33 48//48 44//44
f 44//44 49//49 36//36
f 37//37 36//36 49//49
f 38//38 37//37 50//50
f 45//45 38//38 51//51
f 52//52 46//46 39//39
f 39//39 40//40 53//53
f 40//40 41//41 54//54
f 41//41 42//42 55//55
f 42//42 45//45 56//56
f 47//47 57//57 43//43
f 43//43 58//58 48//48
f 48//48 59//59 44//44
f 49//49 44//44 59//59
f 49//49 50//50 37//37
f 51//51 38//38 50//50
f 51//51 60//60 45//45
f 46//46 52//52 61//61
f 39//39 62//62 52//52
f 54//54 53//53 40//40
f 62//62 39//39 53//53
f 55//55 54//54 41//41
f 42//42 56//56 55//55
f 45//45 63//63 56//56
f 57//57 47//47 64//64
f 58//58 43//43 57//57
f 58//58 65//65 48//48
f 59//59 48//48 65//65
f 59//59 66//66 49//49
f 50//50 49//49 66//66
f 51//51 50//50 67//67
f 60//60 51//51 68//68
f 63//63 45//45 60//60
f 69//69 61//61 52//52
f 70//70 52//52 62//62
f 53//53 54//54 71//71
f 71//71 62//62 53//53
f 54//54 55//55 72//72
f 55//55 56//56 73//73
f 74//74 56//56 63//63
f 64//64 75//75 57//57
f 57//57 76//76 58//58
f 65//65 58//58 77//77
f 65//65 78//78 59//59
f 66//66 59//59 78//78
f 79//79 50//50 66//66
f 67//67 50//50 79//79
f 80//80 51//51 67//67
f 51//51 80//80 68//68
f 68//68 81//81 60//60
f 60//60 82//82 63//63
f 61//61 69//69 83//83
f 52//52 70//70 69//69
f 84//84 70//70 62//62
f 72//72 71//71 54//54
f 62//62 71//71 84//84
f 55//55 85//85 72//72
f 56//56 74//74 73//73
f 55//55 73//73 85//85
f 63//63 86//86 74//74
f 75//75 64//64 87//87
f 76//76 57//57 75//75
f 88//88 58//58 76//76
f 58//58 88//88 77//77
f 77//77 89//89 65//65
f 78//78 65//65 89//89
f 90//90 66//66 78//78
f 79//79 66//66 90//90
f 91//91 67//67 79//79
f 67//67 91//91 80//80
f 92//92 68//68 80//80
f 81//81 68//68 93//93
f 82//82 60//60 81//81
f 86//86 63//63 82//82
f 94//94 83//83 69//69
f 95//95 69//69 70//70
f 70//70 84//84 96//96
f 71//71 72//72 97//97
f 97//97 84//84 71//71
f 72//72 85//85 98//98
f 99//99 73//73 74//74
f 73//73 99//99 85//85
f 100//100 74//74 86//86
f 87//87 101//101 75//75
f 75//75 102//102 76//76
f 76//76 103//103 88//88
f 88//88 104//104 77//77
f 89//89 77//77 104//104
f 105//105 78//78 89//89
f 90//90 78//78 105//105
f 106//106 79//79 90//90
f 79//79 106//106 91//91
f 107//107 80//80 91//91
f 68//68 92//92 93//93
f 80//80 107//107 92//92
f 93//93 108//108 81//81
f 81//81 109//109 82//82
f 82//82 110//110 86//86
f 83//83 94//94 111//111
f 69//69 95//95 94//94
f 70//70 112//112 95//95
f 113//113 96//96 84//84
f 112//112 70//70 96//96
f 72//72 98//98 97//97
f 84//84 97//97 113//113
f 85//85 114//114 98//98
f 74//74 100//100 99//99
f 114//114 85//85 99//99
f 86//86 115//115 100//100
f 101//101 87//87 116//116
f 102//102 75//75 101//101
f 103//103 76//76 102//102
f 103//103 117//117 88//88
f 104//104 88//88 117//117
f 118//118 89//89 104//104
f 105//105 89//89 118//118
f 119//119 90//90 105//105
f 90//90 119//119 106//106
f 120//120 91//91 106//106
f 91//91 120//120 107//107
f 121//121 93//93 92//92
f 122//122 92//92 107//107
f 108//108 93//93 123//123
f 109//109 81//81 108//108
f 110//110 82//82 109//109
f 115//115 86//86 110//110
f 124//124 111//111 94//94
f 125//125 94//94 95//95
f 126//126 95//95 112//112
f 96//96 113//113 127//127
f 127//127 112//112 96//96
f 97//97 98//98 128//128
f 97//97 128//128 113//113
f 129//129 98//98 114//114
f 130//130 99//99 100//100
f 99//99 130//130 114//114
f 131//131 100//100 115//115
f 116//116 132//132 101//101
f 101//101 133//133 102//102
f 102//102 134//134 103//103
f 117//117 103//103 135//135
f 136//136 104//104 117//117
f 118//118 104//104 136//136
f 137//137 105//105 118//118
f 105//105 137//137 119//119
f 138//138 106//106 119//119
f 106//106 138//138 120//120
f 139//139 107//107 120//120
f 93//93 121//121 123//123
f 92//92 122//122 121//121
f 107//107 139//139 122//122
f 123//123 140//140 108//108
f 108//108 141//141 109//109
f 109//109 142//142 110//110
f 110//110 143//143 115//115
f 111//111 124//124 144//144
f 94//94 125//125 124//124
f 95//95 126//126 125//125
f 145//145 126//126 112//112
f 113//113 146//146 127//127
f 112//112 127//127 145//145
f 98//98 129//129 128//128
f 113//113 128//128 146//146
f 114//114 147//147 129//129
f 100//100 131//131 130//130
f 147//147 114//114 130//130
f 115//115 148//148 131//131
f 132//132 116//116 149//149
f 133//133 101//101 132//132
f 134//134 102//102 133//133
f 134//134 135//135 103//103
f 150//150 117//117 135//135
f 136//136 117//117 150//150
f 151//151 118//118 136//136
f 118//118 151//151 137//137
f 152//152 119//119 137//137
f 119//119 152//152 138//138
f 153//153 120//120 138//138
f 120//120 153//153 139//139
f 121//121 154//154 123//123
f 122//122 155//155 121//121
f 139//139 156//156 122//122
f 140//140 123//123 154//154
f 141//141 108//108 140//140
f 142//142 109//109 141//141
f 143//143 110//110 142//142
f 148//148 115//115 143//143
f 157//157 144//144 124//124
f 158//158 124//124 125//125
f 159//159 125//125 126//126
f 126//126 145//145 160//160
f 127//127 146//146 161//161
f 127//127 161//161 145//145
f 162//162 128//128 129//129
f 128//128 162//162 146//146
f 163//163 129//129 147//147
f 164//164 130//130 131//131
f 130//130 164//164 147//147
f 148//148 164//164 131//131
f 149//149 165//165 132//132
f 132//132 166//166 133//133
f 133//133 167//167 134//134
f 135//135 134//134 168//168
f 150//150 135//135 169//169
f 170//170 136//136 150//150
f 136//136 170//170 151//151
f 171//171 137//137 151//151
f 137//137 171//171 152//152
f 152//152 153//153 138//138
f 153//153 172//172 139//139
f 154//154 121//121 155//155
f 155//155 122//122 156//156
f 156//156 139//139 172//172
f 144//144 157//157 173//173
f 124//124 158//158 157//157
f 125//125 159//159 158//158
f 160//160 159//159 126//126
f 145//145 174//174 160//160
f 146//146 175//175 161//161
f 145//145 161//161 174//174
f 129//129 163//163 162//162
f 175//175 146//146 162//162
f 164//164 163//163 147//147
f 164//164 148//148 176//176
f 165//165 149//149 177//177
f 166//166 132//132 165//165
f 167//167 133//133 166//166
f 167//167 168//168 134//134
f 169//169 135//135 168//168
f 178//178 150//150 169//169
f 150//150 178//178 170//170
f 170//170 171//171 151//151
f 171//171 179//179 152//152
f 153//153 152//152 179//179
f 172//172 153//153 180//180
f 181//181 173//173 157//157
f 182//182 157//157 158//158
f 183//183 158//158 159//159
f 159//159 160//160 184//184
f 160//160 174//174 185//185
f 186//186 161//161 175//175
f 161//161 186//186 174//174
f 187//187 162//162 163//163
f 162//162 187//187 175//175
f 163//163 164//164 188//188
f 176//176 188//188 164//164
f 177//177 189//189 165//165
f 165//165 190//190 166//166
f 166//166 191//191 167//167
f 168//168 167//167 192//192
f 169//169 168//168 193//193
f 169//169 194//194 178//178
f 178//178 195//195 170//170
f 171//171 170//170 195//195
f 179//179 171//171 196//196
f 179//179 180//180 153//153
f 173//173 181//181 197//197
f 157//157 182//182 181//181
f 158//158 183//183 182//182
f 184//184 183//183 159//159
f 160//160 185//185 184//184
f 174//174 198//198 185//185
f 187//187 186//186 175//175
f 198//198 174//174 186//186
f 188//188 187//187 163//163
f 188//188 176//176 199//199
f 189//189 177//177 200//200
f 190//190 165//165 189//189
f 191//191 166//166 190//190
f 191//191 192//192 167//167
f 193//193 168//168 192//192
f 194//194 169//169 193//193
f 194//194 201//201 178//178
f 195//195 178//178 201//201
f 195//195 196//196 171//171
f 196//196 202//202 179//179
f 180//180 179//179 202//202
f 203//203 197//197 181//181
f 204//204 181//181 182//182
f 205//205 182//182 183//183
f 183//183 184//184 206//206
f 184//184 185//185 207//207
f 208//208 185//185 198//198
f 186//186 187//187 209//209
f 209//209 198//198 186//186
f 187//187 188//188 210//210
f 199//199 210//210 188//188
f 200//200 211//211 189//189
f 189//189 212//212 190//190
f 190//190 213//213 191//191
f 192//192 191//191 214//214
f 193//193 192//192 215//215
f 193//193 216//216 194//194
f 201//201 194//194 217//217
f 201//201 218//218 195//195
f 196//196 195//195 218//218
f 202//202 196//196 219//219
f 197//197 203//203 220//220
f 181//181 204//204 203//203
f 182//182 205//205 204//204
f 206//206 205//205 183//183
f 184//184 221//221 206//206
f 185//185 208//208 207//207
f 184//184 207//207 221//221
f 222//222 208//208 198//198
f 210//210 209//209 187//187
f 198//198 209//209 222//222
f 210//210 199//199 223//223
f 211//211 200//200 224//224
f 212//212 189//189 211//211
f 213//213 190//190 212//212
f 213//213 214//214 191//191
f 225//225 192//192 214//214
f 215//215 192//192 225//225
f 216//216 193//193 215//215
f 216//216 217//217 194//194
f 217//217 226//226 201//201
f 218//218 201//201 226//226
f 218//218 219//219 196//196
f 227//227 220//220 203//203
f 228//228 203//203 204//204
f 229//229 204//204 205//205
f 205//205 206//206 230//230
f 206//206 221//221 231//231
f 232//232 207//207 208//208
f 207//207 232//232 221//221
f 208//208 222//222 233//233
f 209//209 210//210 234//234
f 234//234 222//222 209//209
f 223//223 234//234 210//210
f 224//224 235//235 211//211
f 211//211 236//236 212//212
f 236//236 213//213 212//212
f 214//214 213//213 237//237
f 225//225 214//214 238//238
f 239//239 215//215 225//225
f 215//215 239//239 216//216
f 217//217 216//216 240//240
f 226//226 217//217 241//241
f 226//226 242//242 218//218
f 219//219 218//218 242//242
f 220//220 227//227 243//243
f 203//203 228//228 227//227
f 204//204 229//229 228//228
f 230//230 229//229 205//205
f 206//206 231//231 230//230
f 221//221 244//244 231//231
f 233//233 232//232 208//208
f 244//244 221//221 232//232
f 245//245 233//233 222//222
f 222//222 234//234 245//245
f 234//234 223//223 246//246
f 235//235 224//224 247//247
f 236//236 211//211 235//235
f 213//213 236//236 248//248
f 248//248 237//237 213//213
f 238//238 214//214 237//237
f 249//249 225//225 238//238
f 225//225 249//249 239//239
f 239//239 240//240 216//216
f 240//240 241//241 217//217
f 241//241 250//250 226//226
f 242//242 226//226 250//250
f 251//251 243//243 227//227
f 252//252 227//227 228//228
f 229//229 252//252 228//228
f 229//229 230//230 253//253
f 230//230 231//231 254//254
f 255//255 231//231 244//244
f 232//232 233//233 256//256
f 256//256 244//244 232//232
f 233//233 245//245 257//257
f 246//246 245//245 234//234
f 247//247 258//258 235//235
f 235//235 259//259 236//236
f 259//259 248//248 236//236
f 237//237 248//248 260//260
f 238//238 237//237 261//261
f 238//238 262//262 249//249
f 249//249 263//263 239//239
f 240//240 239//239 263//263
f 241//241 240//240 264//264
f 250//250 241//241 265//265
f 243//243 251//251 266//266
f 227//227 252//252 251//251
f 252//252 229//229 267//267
f 230//230 254//254 253//253
f 253//253 267//267 229//229
f 231//231 255//255 254//254
f 268//268 255//255 244//244
f 257//257 256//256 233//233
f 244//244 256//256 268//268
f 269//269 257//257 245//245
f 245//245 246//246 269//269
f 258//258 247//247 270//270
f 259//259 235//235 258//258
f 248//248 259//259 271//271
f 271//271 260//260 248//248
f 261//261 237//237 260//260
f 262//262 238//238 261//261
f 272//272 249//249 262//262
f 263//263 249//249 273//273
f 263//263 264//264 240//240
f 264//264 265//265 241//241
f 274//274 266//266 251//251
f 275//275 251//251 252//252
f 267//267 275//275 252//252
f 253//253 254//254 276//276
f 267//267 253//253 277//277
f 278//278 254//254 255//255
f 255//255 268//268 279//279
f 256//256 257//257 280//280
f 280//280 268//268 256//256
f 257//257 269//269 281//149
f 270//270 282//281 258//258
f 282//281 259//259 258//258
f 283//282 271//271 259//259
f 260//260 271//271 284//283
f 261//261 260//260 285//284
f 261//261 286//285 262//262
f 249//249 272//272 273//273
f 262//262 287//286 272//272
f 273//273 288//287 263//263
f 264//264 263//263 288//287
f 265//265 264//264 289//288
f 266//266 274//274 290//289
f 251//251 275//275 274//274
f 275//275 267//267 291//290
f 254//254 278//278 276//276
f 253//253 276//276 277//277
f 277//277 291//290 267//267
f 255//255 292//291 278//278
f 293//292 279//279 268//268
f 292//291 255//255 279//279
f 281//149 280//280 257//257
f 268//268 280//280 293//292
f 282//281 270//270 294//293
f 259//259 282//281 283//282
f 271//271 283//282 295//294
f 295//294 284//283 271//271
f 285//284 260//260 284//283
f 286//285 261//261 285//284
f 287//286 262//262 286//285
f 272//272 296//295 273//273
f 287//286 297//296 272//272
f 288//287 273//273 296//295
f 288//287 289//288 264//264
f 298//297 290//289 274//274
f 275//275 298//297 274//274
f 291//290 299//298 275//275
f 300//299 276//276 278//278
f 277//277 276//276 301//300
f 291//290 277//277 302//301
f 303//302 278//278 292//291
f 279//279 293//292 304//303
f 304//303 292//291 279//279
f 280//280 281//149 305//304
f 305//304 293//292 280//280
f 306//305 282//281 294//293
f 307//306 283//282 282//281
f 308//307 295//294 283//282
f 284//283 295//294 309//308
f 285//284 284//283 310//309
f 285//284 311//310 286//285
f 286//285 312//311 287//286
f 296//295 272//272 297//296
f 297//296 287//286 313//312
f 296//295 314//313 288//287
f 289//288 288//287 314//313
f 290//289 298//297 315//314
f 298//297 275//275 299//298
f 299//298 291//290 316//315
f 276//276 300//299 301//300
f 278//278 303//302 300//299
f 277//277 301//300 302//301
f 302//301 316//315 291//290
f 317//316 303//302 292//291
f 318//317 304//303 293//292
f 292//291 304//303 317//316
f 293//292 305//304 318//317
f 282//281 306//305 307//306
f 283//282 307//306 308//307
f 295//294 308//307 319//318
f 319//318 309//308 295//294
f 310//309 284//283 309//308
f 311//310 285//284 310//309
f 312//311 286//285 311//310
f 320//319 287//286 312//311
f 297//296 321//320 296//295
f 287//286 320//319 313//312
f 313//312 322//321 297//296
f 314//313 296//295 321//320
f 323//322 315//314 298//297
f 299//298 323//322 298//297
f 316//315 324//323 299//298
f 325//324 301//300 300//299
f 326//325 300//299 303//302
f 302//301 301//300 327//326
f 316//315 302//301 328//327
f 303//302 317//316 329//328
f 304//303 318//317 330//329
f 330//329 317//316 304//303
f 331//330 307//306 306//305
f 332//331 308//307 307//306
f 333//332 319//318 308//307
f 309//308 319//318 334//333
f 310//309 309//308 335//334
f 310//309 336//335 311//310
f 311//310 337//336 312//311
f 312//311 338//337 320//319
f 321//320 297//296 322//321
f 320//319 339//338 313//312
f 322//321 313//312 339//338
f 315//314 323//322 340//339
f 323//322 299//298 324//323
f 324//323 316//315 341//340
f 301//300 325//324 327//326
f 300//299 326//325 325//324
f 303//302 342//341 326//325
f 302//301 327//326 328//327
f 328//327 341//340 316//315
f 343//342 329//328 317//316
f 342//341 303//302 329//328
f 317//316 330//329 343//342
f 307//306 331//330 332//331
f 308//307 332//331 333//332
f 319//318 333//332 344//343
f 344//343 334//333 319//318
f 335//334 309//308 334//333
f 336//335 310//309 335//334
f 337//336 311//310 336//335
f 338//337 312//311 337//336
f 338//337 345//344 320//319
f 339//338 320//319 345//344
f 346//345 340//339 323//322
f 324//323 346//345 323//322
f 341//340 347//346 324//323
f 348//347 327//326 325//324
f 349//348 325//324 326//325
f 350//349 326//325 342//341
f 328//327 327//326 351//350
f 341//340 328//327 352//351
f 329//328 343//342 353//352
f 353//352 342//341 329//328
f 354//353 332//331 331//330
f 355//354 333//332 332//331
f 356//355 344//343 333//332
f 334//333 344//343 357//356
f 335//334 334//333 358//357
f 335//334 359//358 336//335
f 336//335 360//359 337//336
f 337//336 361//360 338//337
f 345//344 338//337 362//361
f 340//339 346//345 363//362
f 346//345 324//323 347//346
f 347//346 341//340 364//363
f 327//326 348//347 351//350
f 325//324 349//348 348//347
f 326//325 350//349 349//348
f 342//341 365//364 350//349
f 328//327 351//350 352//351
f 352//351 364//363 341//340
f 342//341 353//352 366//365
f 332//331 354//353 355//354
f 333//332 355//354 356//355
f 344//343 356//355 367//366
f 367//366 357//356 344//343
f 358//357 334//333 357//356
f 359//358 335//334 358//357
f 360//359 336//335 359//358
f 361//360 337//336 360//359
f 361//360 362//361 338//337
f 368//367 363//362 346//345
f 347//346 368//367 346//345
f 364//363 369//368 347//346
f 370//369 351//350 348//347
f 371//370 348//347 349//348
f 372//371 349//348 350//349
f 365//364 342//341 366//365
f 373//372 350//349 365//364
f 352//351 351//350 374//373
f 364//363 352//351 375//374
f 376//375 355//354 354//353
f 377//376 356//355 355//354
f 378//377 367//366 356//355
f 357//356 367//366 379//378
f 358//357 357//356 380//379
f 358//357 381//380 359//358
f 359//358 382//381 360//359
f 360//359 383//382 361//360
f 362//361 361//360 384//383
f 363//362 368//367 385//384
f 368//367 347//346 369//368
f 369//368 364//363 386//385
f 351//350 370//369 374//373
f 348//347 371//370 370//369
f 349//348 372//371 371//370
f 350//349 373//372 372//371
f 352//351 374//373 375//374
f 375//374 386//385 364//363
f 355//354 376//375 377//376
f 356//355 377//376 378//377
f 367//366 378//377 387//386
f 387//386 379//378 367//366
f 388//387 357//356 379//378
f 380//379 357//356 388//387
f 381//380 358//357 380//379
f 382//381 359//358 381//380
f 383//382 360//359 382//381
f 383//382 384//383 361//360
f 377//376 385//384 368//367
f 369//368 377//376 368//367
f 386//385 378//377 369//368
f 389//388 374//373 370//369
f 390//389 370//369 371//370
f 391//390 371//370 372//371
f 392//391 372//371 373//372
f 375//374 374//373 393//392
f 386//385 375//374 394//393
f 385//384 377//376 376//375
f 377//376 369//368 378//377
f 378//377 386//385 387//386
f 379//378 387//386 395//394
f 394//393 388//387 379//378
f 396//395 380//379 388//387
f 380//379 396//395 381//380
f 381//380 397//396 382//381
f 382//381 398//397 383//382
f 384//383 383//382 399//398
f 374//373 389//388 393//392
f 370//369 390//389 389//388
f 371//370 391//390 390//389
f 372//371 392//391 391//390
f 375//374 393//392 388//387
f 375//374 388//387 394//393
f 394//393 387//386 386//385
f 387//386 394//393 395//394
f 394//393 379//378 395//394
f 393//392 396//395 388//387
f 397//396 381//380 396//395
f 398//397 382//381 397//396
f 398//397 399//398 383//382
f 396//395 393//392 389//388
f 397//396 389//388 390//389
f 398//397 390//389 391//390
f 400//399 391//390 392//391
f 389//388 397//396 396//395
f 390//389 398//397 397//396
f 399//398 398//397 400//399
f 391//390 400//399 398//397
usemtl material_1_0
f 3//375 2//400 1//401
f 4//402 1//401 2//400
f 2//400 3//375 5//403
f 1//401 4//402 6//404
f 2//400 7//405 4//402
f 8//406 5//403 3//375
f 2//400 5//403 7//405
f 9//407 6//404 4//402
f 10//408 4//402 7//405
f 5//403 8//406 11//409
f 12//410 7//405 5//403
f 6//404 9//407 13//411
f 4//402 10//408 9//407
f 7//405 14//412 10//408
f 15//413 11//409 8//406
f 5//403 11//409 12//410
f 7//405 12//410 14//412
f 16//414 13//411 9//407
f 17//415 9//407 10//408
f 18//416 10//408 14//412
f 11//409 15//413 19//417
f 20//418 12//410 11//409
f 21//419 14//412 12//410
f 13//411 16//414 22//420
f 9//407 17//415 16//414
f 10//408 18//416 17//415
f 14//412 23//421 18//416
f 24//422 19//417 15//413
f 11//409 19//417 20//418
f 12//410 20//418 21//419
f 14//412 21//419 23//421
f 25//423 22//420 16//414
f 26//424 16//414 17//415
f 27//425 17//415 18//416
f 28//426 18//416 23//421
f 19//417 24//422 29//427
f 30//428 20//418 19//417
f 31//429 21//419 20//418
f 32//430 23//421 21//419
f 25//423 33//431 22//420
f 16//414 26//424 25//423
f 17//415 27//425 26//424
f 18//416 28//426 27//425
f 23//421 32//430 28//426
f 34//432 29//427 24//422
f 19//417 29//427 30//428
f 20//418 30//428 31//429
f 21//419 31//429 32//430
f 35//433 22//420 33//431
f 25//423 36//434 33//431
f 36//434 25//423 26//424
f 37//435 26//424 27//425
f 38//436 27//425 28//426
f 38//436 28//426 32//430
f 29//427 34//432 39//437
f 40//438 30//428 29//427
f 41//439 31//429 30//428
f 42//440 32//430 31//429
f 33//431 43//441 35//433
f 44//442 33//431 36//434
f 26//424 37//435 36//434
f 27//425 38//436 37//435
f 45//443 38//436 32//430
f 46//444 39//437 34//432
f 29//427 39//437 40//438
f 30//428 40//438 41//439
f 31//429 41//439 42//440
f 32//430 42//440 45//443
f 47//445 35//433 43//441
f 43//441 33//431 48//446
f 44//442 48//446 33//431
f 36//434 49//447 44//442
f 49//447 36//434 37//435
f 50//448 37//435 38//436
f 51//449 38//436 45//443
f 39//437 46//444 52//450
f 53//451 40//438 39//437
f 54//452 41//439 40//438
f 55//453 42//440 41//439
f 56//454 45//443 42//440
f 43//441 57//455 47//445
f 48//446 58//456 43//441
f 44//442 59//457 48//446
f 59//457 44//442 49//447
f 37//435 50//448 49//447
f 50//448 38//436 51//449
f 45//443 60//458 51//449
f 61//459 52//450 46//444
f 52//450 62//460 39//437
f 40//438 53//451 54//452
f 53//451 39//437 62//460
f 41//439 54//452 55//453
f 55//453 56//454 42//440
f 56//454 63//461 45//443
f 64//462 47//445 57//455
f 57//455 43//441 58//456
f 48//446 65//463 58//456
f 65//463 48//446 59//457
f 49//447 66//464 59//457
f 66//464 49//447 50//448
f 67//465 50//448 51//449
f 68//466 51//449 60//458
f 60//458 45//443 63//461
f 52//450 61//459 69//467
f 62//460 52//450 70//468
f 71//469 54//452 53//451
f 53//451 62//460 71//469
f 72//470 55//453 54//452
f 73//471 56//454 55//453
f 63//461 56//454 74//472
f 57//455 75//473 64//462
f 58//456 76//474 57//455
f 77//475 58//456 65//463
f 59//457 78//476 65//463
f 78//476 59//457 66//464
f 66//464 50//448 79//477
f 79//477 50//448 67//465
f 67//465 51//449 80//478
f 68//466 80//478 51//449
f 60//458 81//479 68//466
f 63//461 82//480 60//458
f 83//481 69//467 61//459
f 69//467 70//468 52//450
f 62//460 70//468 84//482
f 54//452 71//469 72//470
f 84//482 71//469 62//460
f 72//470 85//483 55//453
f 73//471 74//472 56//454
f 85//483 73//471 55//453
f 74//472 86//484 63//461
f 87//485 64//462 75//473
f 75//473 57//455 76//474
f 76//474 58//456 88//486
f 77//475 88//486 58//456
f 65//463 89//487 77//475
f 89//487 65//463 78//476
f 78//476 66//464 90//488
f 90//488 66//464 79//477
f 79//477 67//465 91//489
f 80//478 91//489 67//465
f 80//478 68//466 92//490
f 93//491 68//466 81//479
f 81//479 60//458 82//480
f 82//480 63//461 86//484
f 69//467 83//481 94//492
f 70//468 69//467 95//493
f 96//494 84//482 70//468
f 97//495 72//470 71//469
f 71//469 84//482 97//495
f 98//496 85//483 72//470
f 74//472 73//471 99//497
f 85//483 99//497 73//471
f 86//484 74//472 100//498
f 75//473 101//499 87//485
f 76//474 102//500 75//473
f 88//486 103//501 76//474
f 77//475 104//502 88//486
f 104//502 77//475 89//487
f 89//487 78//476 105//503
f 105//503 78//476 90//488
f 90//488 79//477 106//504
f 91//489 106//504 79//477
f 91//489 80//478 107//505
f 93//491 92//490 68//466
f 92//490 107//505 80//478
f 81//479 108//506 93//491
f 82//480 109//507 81//479
f 86//484 110//508 82//480
f 111//509 94//492 83//481
f 94//492 95//493 69//467
f 95//493 112//510 70//468
f 84//482 96//494 113//511
f 96//494 70//468 112//510
f 97//495 98//496 72//470
f 113//511 97//495 84//482
f 98//496 114//512 85//483
f 99//497 100//498 74//472
f 99//497 85//483 114//512
f 100//498 115//513 86//484
f 116//197 87//485 101//499
f 101//499 75//473 102//500
f 102//500 76//474 103//501
f 88//486 117//514 103//501
f 117//514 88//486 104//502
f 104//502 89//487 118//515
f 118//515 89//487 105//503
f 105//503 90//488 119//516
f 106//504 119//516 90//488
f 106//504 91//489 120//517
f 107//505 120//517 91//489
f 92//490 93//491 121//518
f 107//505 92//490 122//519
f 123//520 93//491 108//506
f 108//506 81//479 109//507
f 109//507 82//480 110//508
f 110//508 86//484 115//513
f 94//492 111//509 124//521
f 95//493 94//492 125//522
f 112//510 95//493 126//523
f 127//524 113//511 96//494
f 96//494 112//510 127//524
f 128//525 98//496 97//495
f 113//511 128//525 97//495
f 114//512 98//496 129//526
f 100//498 99//497 130//527
f 114//512 130//527 99//497
f 115//513 100//498 131//528
f 101//499 132//529 116//197
f 102//500 133//530 101//499
f 103//501 134//531 102//500
f 135//532 103//501 117//514
f 117//514 104//502 136//533
f 136//533 104//502 118//515
f 118//515 105//503 137//534
f 119//516 137//534 105//503
f 119//516 106//504 138//535
f 120//517 138//535 106//504
f 120//517 107//505 139//536
f 123//520 121//518 93//491
f 121//518 122//519 92//490
f 122//519 139//536 107//505
f 108//506 140//537 123//520
f 109//507 141//538 108//506
f 110//508 142//539 109//507
f 115//513 143//540 110//508
f 144//177 124//521 111//509
f 124//521 125//522 94//492
f 125//522 126//523 95//493
f 112//510 126//523 145//541
f 127//524 146//542 113//511
f 145//541 127//524 112//510
f 128//525 129//526 98//496
f 146//542 128//525 113//511
f 129//526 147//543 114//512
f 130//527 131//528 100//498
f 130//527 114//512 147//543
f 131//528 148//544 115//513
f 149//173 116//197 132//529
f 132//529 101//499 133//530
f 133//530 102//500 134//531
f 103//501 135//532 134//531
f 135//532 117//514 150//545
f 150//545 117//514 136//533
f 136//533 118//515 151//546
f 137//534 151//546 118//515
f 137//534 119//516 152//547
f 138//535 152//547 119//516
f 138//535 120//517 153//548
f 139//536 153//548 120//517
f 123//520 154//549 121//518
f 121//518 155//550 122//519
f 122//519 156//551 139//536
f 154//549 123//520 140//537
f 140//537 108//506 141//538
f 141//538 109//507 142//539
f 142//539 110//508 143//540
f 143//540 115//513 148//544
f 124//521 144//177 157//552
f 125//522 124//521 158//553
f 126//523 125//522 159//554
f 160//555 145//541 126//523
f 161//556 146//542 127//524
f 145//541 161//556 127//524
f 129//526 128//525 162//557
f 146//542 162//557 128//525
f 147//543 129//526 163//558
f 131//528 130//527 164//559
f 147//543 164//559 130//527
f 131//528 164//559 148//544
f 132//529 165//560 149//173
f 133//530 166//561 132//529
f 134//531 167//562 133//530
f 168//563 134//531 135//532
f 169//564 135//532 150//545
f 150//545 136//533 170//565
f 151//546 170//565 136//533
f 151//546 137//534 171//566
f 152//547 171//566 137//534
f 138//535 153//548 152//547
f 139//536 172//567 153//548
f 155//550 121//518 154//549
f 156//551 122//519 155//550
f 172//567 139//536 156//551
f 173//149 157//552 144//177
f 157//552 158//553 124//521
f 158//553 159//554 125//522
f 126//523 159//554 160//555
f 160//555 174//568 145//541
f 161//556 175//569 146//542
f 174//568 161//556 145//541
f 162//557 163//558 129//526
f 162//557 146//542 175//569
f 147//543 163//558 164//559
f 176//570 148//544 164//559
f 177//144 149//173 165//560
f 165//560 132//529 166//561
f 166//561 133//530 167//562
f 134//531 168//563 167//562
f 168//563 135//532 169//564
f 169//564 150//545 178//571
f 170//565 178//571 150//545
f 151//546 171//566 170//565
f 152//547 179//572 171//566
f 179//572 152//547 153//548
f 180//573 153//548 172//567
f 157//552 173//149 181//574
f 158//553 157//552 182//575
f 159//554 158//553 183//576
f 184//577 160//555 159//554
f 185//578 174//568 160//555
f 175//569 161//556 186//579
f 174//568 186//579 161//556
f 163//558 162//557 187//580
f 175//569 187//580 162//557
f 188//581 164//559 163//558
f 164//559 188//581 176//570
f 165//560 189//582 177//144
f 166//561 190//583 165//560
f 167//562 191//584 166//561
f 192//585 167//562 168//563
f 193//586 168//563 169//564
f 178//571 194//587 169//564
f 170//565 195//588 178//571
f 195//588 170//565 171//566
f 196//589 171//566 179//572
f 153//548 180//573 179//572
f 197//116 181//574 173//149
f 181//574 182//575 157//552
f 182//575 183//576 158//553
f 159//554 183//576 184//577
f 184//577 185//578 160//555
f 185//578 198//590 174//568
f 175//569 186//579 187//580
f 186//579 174//568 198//590
f 163//558 187//580 188//581
f 199//591 176//570 188//581
f 200//592 177//144 189//582
f 189//582 165//560 190//583
f 190//583 166//561 191//584
f 167//562 192//585 191//584
f 192//585 168//563 193//586
f 193//586 169//564 194//587
f 178//571 201//593 194//587
f 201//593 178//571 195//588
f 171//566 196//589 195//588
f 179//572 202//594 196//589
f 202//594 179//572 180//573
f 181//574 197//116 203//595
f 182//575 181//574 204//596
f 183//576 182//575 205//597
f 206//598 184//577 183//576
f 207//599 185//578 184//577
f 198//590 185//578 208//600
f 209//601 187//580 186//579
f 186//579 198//590 209//601
f 210//602 188//581 187//580
f 188//581 210//602 199//591
f 189//582 211//603 200//592
f 190//583 212//604 189//582
f 191//584 213//605 190//583
f 214//606 191//584 192//585
f 215//607 192//585 193//586
f 194//587 216//608 193//586
f 217//609 194//587 201//593
f 195//588 218//610 201//593
f 218//610 195//588 196//589
f 219//611 196//589 202//594
f 220//612 203//595 197//116
f 203//595 204//596 181//574
f 204//596 205//597 182//575
f 183//576 205//597 206//598
f 206//598 221//613 184//577
f 207//599 208//600 185//578
f 221//613 207//599 184//577
f 198//590 208//600 222//614
f 187//580 209//601 210//602
f 222//614 209//601 198//590
f 223//615 199//591 210//602
f 224//616 200//592 211//603
f 211//603 189//582 212//604
f 212//604 190//583 213//605
f 191//584 214//606 213//605
f 214//606 192//585 225//617
f 225//617 192//585 215//607
f 215//607 193//586 216//608
f 194//587 217//609 216//608
f 201//593 226//618 217//609
f 226//618 201//593 218//610
f 196//589 219//611 218//610
f 203//595 220//612 227//619
f 204//596 203//595 228//620
f 205//597 204//596 229//621
f 230//622 206//598 205//597
f 231//623 221//613 206//598
f 208//600 207//599 232//624
f 221//613 232//624 207//599
f 233//625 222//614 208//600
f 234//626 210//602 209//601
f 209//601 222//614 234//626
f 210//602 234//626 223//615
f 211//603 235//627 224//616
f 212//604 236//628 211//603
f 212//604 213//605 236//628
f 237//629 213//605 214//606
f 238//630 214//606 225//617
f 225//617 215//607 239//631
f 216//608 239//631 215//607
f 240//632 216//608 217//609
f 241//633 217//609 226//618
f 218//610 242//634 226//618
f 242//634 218//610 219//611
f 243//635 227//619 220//612
f 227//619 228//620 203//595
f 228//620 229//621 204//596
f 205//597 229//621 230//622
f 230//622 231//623 206//598
f 231//623 244//636 221//613
f 208//600 232//624 233//625
f 232//624 221//613 244//636
f 222//614 233//625 245//637
f 245//637 234//626 222//614
f 246//638 223//615 234//626
f 247//639 224//616 235//627
f 235//627 211//603 236//628
f 248//640 236//628 213//605
f 213//605 237//629 248//640
f 237//629 214//606 238//630
f 238//630 225//617 249//641
f 239//631 249//641 225//617
f 216//608 240//632 239//631
f 217//609 241//633 240//632
f 226//618 250//642 241//633
f 250//642 226//618 242//634
f 227//619 243//635 251//643
f 228//620 227//619 252//644
f 228//620 252//644 229//621
f 253//645 230//622 229//621
f 254//646 231//623 230//622
f 244//636 231//623 255//647
f 256//648 233//625 232//624
f 232//624 244//636 256//648
f 257//649 245//637 233//625
f 234//626 245//637 246//638
f 235//627 258//650 247//639
f 236//628 259//651 235//627
f 236//628 248//640 259//651
f 260//652 248//640 237//629
f 261//653 237//629 238//630
f 249//641 262//654 238//630
f 239//631 263//655 249//641
f 263//655 239//631 240//632
f 264//656 240//632 241//633
f 265//657 241//633 250//642
f 266//658 251//643 243//635
f 251//643 252//644 227//619
f 267//659 229//621 252//644
f 253//645 254//646 230//622
f 229//621 267//659 253//645
f 254//646 255//647 231//623
f 244//636 255//647 268//660
f 233//625 256//648 257//649
f 268//660 256//648 244//636
f 245//637 257//649 269//661
f 269//661 246//638 245//637
f 270//662 247//639 258//650
f 258//650 235//627 259//651
f 271//663 259//651 248//640
f 248//640 260//652 271//663
f 260//652 237//629 261//653
f 261//653 238//630 262//654
f 262//654 249//641 272//664
f 273//665 249//641 263//655
f 240//632 264//656 263//655
f 241//633 265//657 264//656
f 251//643 266//658 274//666
f 252//644 251//643 275//667
f 252//644 275//667 267//659
f 276//668 254//646 253//645
f 277//669 253//645 267//659
f 255//647 254//646 278//670
f 279//671 268//660 255//647
f 280//672 257//649 256//648
f 256//648 268//660 280//672
f 281//173 269//661 257//649
f 258//650 282//673 270//662
f 258//650 259//651 282//673
f 259//651 271//663 283//674
f 284//675 271//663 260//652
f 285//676 260//652 261//653
f 262//654 286//677 261//653
f 273//665 272//664 249//641
f 272//664 287//678 262//654
f 263//655 288//679 273//665
f 288//679 263//655 264//656
f 289//680 264//656 265//657
f 290//681 274//666 266//658
f 274//666 275//667 251//643
f 291//682 267//659 275//667
f 276//668 278//670 254//646
f 277//669 276//668 253//645
f 267//659 291//682 277//669
f 278//670 292//683 255//647
f 268//660 279//671 293//684
f 279//671 255//647 292//683
f 257//649 280//672 281//173
f 293//684 280//672 268//660
f 294//685 270//662 282//673
f 283//674 282//673 259//651
f 295//686 283//674 271//663
f 271//663 284//675 295//686
f 284//675 260//652 285//676
f 285//676 261//653 286//677
f 286//677 262//654 287//678
f 273//665 296//687 272//664
f 272//664 297//688 287//678
f 296//687 273//665 288//679
f 264//656 289//680 288//679
f 274//666 290//681 298//689
f 274//666 298//689 275//667
f 275//667 299//690 291//682
f 278//670 276//668 300//691
f 301//692 276//668 277//669
f 302//693 277//669 291//682
f 292//683 278//670 303//694
f 304//695 293//684 279//671
f 279//671 292//683 304//695
f 305//696 281//173 280//672
f 280//672 293//684 305//696
f 294//685 282//673 306//697
f 282//673 283//674 307//698
f 283//674 295//686 308//699
f 309//700 295//686 284//675
f 310//701 284//675 285//676
f 286//677 311//702 285//676
f 287//678 312//703 286//677
f 297//688 272//664 296//687
f 313//704 287//678 297//688
f 288//679 314//705 296//687
f 314//705 288//679 289//680
f 315//706 298//689 290//681
f 299//690 275//667 298//689
f 316//707 291//682 299//690
f 301//692 300//691 276//668
f 300//691 303//694 278//670
f 302//693 301//692 277//669
f 291//682 316//707 302//693
f 292//683 303//694 317//708
f 293//684 304//695 318//709
f 317//708 304//695 292//683
f 318//709 305//696 293//684
f 307//698 306//697 282//673
f 308//699 307//698 283//674
f 319//710 308//699 295//686
f 295//686 309//700 319//710
f 309//700 284//675 310//701
f 310//701 285//676 311//702
f 311//702 286//677 312//703
f 312//703 287//678 320//711
f 296//687 321//712 297//688
f 313//704 320//711 287//678
f 297//688 322//713 313//704
f 321//712 296//687 314//705
f 298//689 315//706 323//714
f 298//689 323//714 299//690
f 299//690 324//715 316//707
f 300//691 301//692 325//716
f 303//694 300//691 326//717
f 327//718 301//692 302//693
f 328//719 302//693 316//707
f 329//720 317//708 303//694
f 330//721 318//709 304//695
f 304//695 317//708 330//721
f 306//697 307//698 331//722
f 307//698 308//699 332//723
f 308//699 319//710 333//724
f 334//725 319//710 309//700
f 335//726 309//700 310//701
f 311//702 336//727 310//701
f 312//703 337//728 311//702
f 320//711 338//729 312//703
f 322//713 297//688 321//712
f 313//704 339//730 320//711
f 339//730 313//704 322//713
f 340//731 323//714 315//706
f 324//715 299//690 323//714
f 341//732 316//707 324//715
f 327//718 325//716 301//692
f 325//716 326//717 300//691
f 326//717 342//733 303//694
f 328//719 327//718 302//693
f 316//707 341//732 328//719
f 317//708 329//720 343//734
f 329//720 303//694 342//733
f 343//734 330//721 317//708
f 332//723 331//722 307//698
f 333//724 332//723 308//699
f 344//735 333//724 319//710
f 319//710 334//725 344//735
f 334//725 309//700 335//726
f 335//726 310//701 336//727
f 336//727 311//702 337//728
f 337//728 312//703 338//729
f 320//711 345//736 338//729
f 345//736 320//711 339//730
f 323//714 340//731 346//737
f 323//714 346//737 324//715
f 324//715 347//738 341//732
f 325//716 327//718 348//739
f 326//717 325//716 349//740
f 342//733 326//717 350//741
f 351//742 327//718 328//719
f 352//743 328//719 341//732
f 353//744 343//734 329//720
f 329//720 342//733 353//744
f 331//722 332//723 354//745
f 332//723 333//724 355//746
f 333//724 344//735 356//747
f 357//748 344//735 334//725
f 358//749 334//725 335//726
f 336//727 359//750 335//726
f 337//728 360//751 336//727
f 338//729 361//752 337//728
f 362//753 338//729 345//736
f 363//754 346//737 340//731
f 347//738 324//715 346//737
f 364//755 341//732 347//738
f 351//742 348//739 327//718
f 348//739 349//740 325//716
f 349//740 350//741 326//717
f 350//741 365//756 342//733
f 352//743 351//742 328//719
f 341//732 364//755 352//743
f 366//757 353//744 342//733
f 355//746 354//745 332//723
f 356//747 355//746 333//724
f 367//758 356//747 344//735
f 344//735 357//748 367//758
f 357//748 334//725 358//749
f 358//749 335//726 359//750
f 359//750 336//727 360//751
f 360//751 337//728 361//752
f 338//729 362//753 361//752
f 346//737 363//754 368//759
f 346//737 368//759 347//738
f 347//738 369//760 364//755
f 348//739 351//742 370//761
f 349//740 348//739 371//762
f 350//741 349//740 372//763
f 366//757 342//733 365//756
f 365//756 350//741 373//764
f 374//765 351//742 352//743
f 375//766 352//743 364//755
f 354//745 355//746 376//3
f 355//746 356//747 377//767
f 356//747 367//758 378//768
f 379//769 367//758 357//748
f 380//770 357//748 358//749
f 359//750 381//771 358//749
f 360//751 382//772 359//750
f 361//752 383//773 360//751
f 384//774 361//752 362//753
f 385//775 368//759 363//754
f 369//760 347//738 368//759
f 386//776 364//755 369//760
f 374//765 370//761 351//742
f 370//761 371//762 348//739
f 371//762 372//763 349//740
f 372//763 373//764 350//741
f 375//766 374//765 352//743
f 364//755 386//776 375//766
f 377//767 376//3 355//746
f 378//768 377//767 356//747
f 387//777 378//768 367//758
f 367//758 379//769 387//777
f 379//769 357//748 388//778
f 388//778 357//748 380//770
f 380//770 358//749 381//771
f 381//771 359//750 382//772
f 382//772 360//751 383//773
f 361//752 384//774 383//773
f 368//759 385//775 377//767
f 368//759 377//767 369//760
f 369//760 378//768 386//776
f 370//761 374//765 389//779
f 371//762 370//761 390//780
f 372//763 371//762 391//781
f 373//764 372//763 392//782
f 393//783 374//765 375//766
f 394//784 375//766 386//776
f 376//3 377//767 385//775
f 378//768 369//760 377//767
f 387//777 386//776 378//768
f 395//785 387//777 379//769
f 379//769 388//778 394//784
f 388//778 380//770 396//786
f 381//771 396//786 380//770
f 382//772 397//787 381//771
f 383//773 398//788 382//772
f 399//789 383//773 384//774
f 393//783 389//779 374//765
f 389//779 390//780 370//761
f 390//780 391//781 371//762
f 391//781 392//782 372//763
f 388//778 393//783 375//766
f 394//784 388//778 375//766
f 386//776 387//777 394//784
f 395//785 394//784 387//777
f 395//785 379//769 394//784
f 388//778 396//786 393//783
f 396//786 381//771 397//787
f 397//787 382//772 398//788
f 383//773 399//789 398//788
f 389//779 393//783 396//786
f 390//780 389//779 397//787
f 391//781 390//780 398//788
f 392//782 391//781 400//790
f 396//786 397//787 389//779
f 397//787 398//788 390//780
f 400//790 398//788 399//789
f 398//788 400//790 391//781
