# SSTK version 0.8.0
# 106
mtllib original-106.mtl
o #ID779
v 0.263148 0.471623 0.458290
v 0.262271 0.475439 0.456805
v 0.262776 0.471606 0.458244
v 0.262632 0.475540 0.456818
v 0.262632 0.475540 0.456818
v 0.263148 0.471623 0.458290
v 0.262271 0.475439 0.456805
v 0.262776 0.471606 0.458244
v 0.262271 0.467772 0.459684
v 0.262632 0.467705 0.459761
v 0.262271 0.467772 0.459684
v 0.262632 0.467705 0.459761
v 0.263301 0.471645 0.458349
v 0.263494 0.471673 0.458424
v 0.262968 0.475670 0.456922
v 0.262968 0.475670 0.456922
v 0.263494 0.471673 0.458424
v 0.263301 0.471645 0.458349
v 0.260795 0.479003 0.455467
v 0.261122 0.479186 0.455450
v 0.261122 0.479186 0.455450
v 0.260795 0.479003 0.455467
v 0.260795 0.464208 0.461022
v 0.261122 0.464059 0.461130
v 0.260795 0.464208 0.461022
v 0.261122 0.464059 0.461130
v 0.262968 0.467676 0.459924
v 0.262968 0.467676 0.459924
v 0.263791 0.471752 0.458635
v 0.263256 0.475817 0.457109
v 0.263256 0.475817 0.457109
v 0.263791 0.471752 0.458635
v 0.261426 0.479391 0.455525
v 0.261426 0.479391 0.455525
v 0.258455 0.482052 0.454321
v 0.258726 0.482308 0.454278
v 0.258726 0.482308 0.454278
v 0.258455 0.482052 0.454321
v 0.258455 0.461158 0.462168
v 0.258726 0.460937 0.462303
v 0.258455 0.461158 0.462168
v 0.258726 0.460937 0.462303
v 0.261426 0.463955 0.461321
v 0.261426 0.463955 0.461321
v 0.263256 0.467687 0.460162
v 0.263256 0.467687 0.460162
v 0.263478 0.475973 0.457365
v 0.264020 0.471856 0.458911
v 0.263478 0.475973 0.457365
v 0.264020 0.471856 0.458911
v 0.261688 0.479603 0.455687
v 0.261688 0.479603 0.455687
v 0.258979 0.482580 0.454327
v 0.258979 0.482580 0.454327
v 0.255420 0.484381 0.453447
v 0.255615 0.484695 0.453381
v 0.255615 0.484695 0.453381
v 0.255420 0.484381 0.453447
v 0.255420 0.458830 0.463041
v 0.255615 0.458550 0.463198
v 0.255420 0.458830 0.463041
v 0.255615 0.458550 0.463198
v 0.258979 0.460765 0.462519
v 0.258979 0.460765 0.462519
v 0.261688 0.463902 0.461583
v 0.261688 0.463902 0.461583
v 0.263478 0.467739 0.460457
v 0.263478 0.467739 0.460457
v 0.263617 0.476127 0.457675
v 0.264163 0.471977 0.459233
v 0.263617 0.476127 0.457675
v 0.264163 0.471977 0.459233
v 0.261889 0.479809 0.455925
v 0.261889 0.479809 0.455925
v 0.259196 0.482851 0.454467
v 0.259196 0.482851 0.454467
v 0.255797 0.485022 0.453410
v 0.255797 0.485022 0.453410
v 0.251901 0.485839 0.452899
v 0.252003 0.486191 0.452819
v 0.252003 0.486191 0.452819
v 0.251901 0.485839 0.452899
v 0.251901 0.457372 0.463589
v 0.252003 0.457054 0.463761
v 0.251901 0.457372 0.463589
v 0.252003 0.457054 0.463761
v 0.255797 0.458323 0.463436
v 0.255797 0.458323 0.463436
v 0.259196 0.460654 0.462802
v 0.259196 0.460654 0.462802
v 0.261889 0.463904 0.461898
v 0.261889 0.463904 0.461898
v 0.263617 0.467827 0.460792
v 0.263617 0.467827 0.460792
v 0.263664 0.476268 0.458017
v 0.264212 0.472107 0.459579
v 0.263664 0.476268 0.458017
v 0.264212 0.472107 0.459579
v 0.262015 0.479993 0.456223
v 0.262015 0.479993 0.456223
v 0.259363 0.483101 0.454689
v 0.259363 0.483101 0.454689
v 0.255953 0.485339 0.453533
v 0.255953 0.485339 0.453533
v 0.252099 0.486554 0.452836
v 0.252099 0.486554 0.452836
v 0.248135 0.486335 0.452714
v 0.248135 0.486700 0.452628
v 0.248135 0.486700 0.452628
v 0.248135 0.486335 0.452714
v 0.248135 0.456876 0.463775
v 0.248135 0.456545 0.463951
v 0.248135 0.456876 0.463775
v 0.248135 0.456545 0.463951
v 0.252099 0.456792 0.464012
v 0.252099 0.456792 0.464012
v 0.255953 0.458165 0.463738
v 0.255953 0.458165 0.463738
v 0.259363 0.460611 0.463134
v 0.259363 0.460611 0.463134
v 0.262015 0.463960 0.462244
v 0.262015 0.463960 0.462244
v 0.263664 0.467946 0.461142
v 0.263664 0.467946 0.461142
v 0.263664 0.476936 0.459796
v 0.264212 0.472107 0.459579
v 0.264212 0.472775 0.461358
v 0.263664 0.476268 0.458017
v 0.263664 0.476268 0.458017
v 0.263664 0.476936 0.459796
v 0.264212 0.472107 0.459579
v 0.264212 0.472775 0.461358
v 0.262058 0.480145 0.456560
v 0.262058 0.480145 0.456560
v 0.259467 0.483313 0.454977
v 0.259467 0.483313 0.454977
v 0.256073 0.485625 0.453741
v 0.256073 0.485625 0.453741
v 0.252181 0.486902 0.452947
v 0.252181 0.486902 0.452947
v 0.248135 0.486802 0.452632
v 0.248135 0.487076 0.452639
v 0.248135 0.487076 0.452639
v 0.248135 0.486802 0.452632
v 0.244267 0.486191 0.452819
v 0.244369 0.485839 0.452899
v 0.244267 0.486191 0.452819
v 0.244369 0.485839 0.452899
v 0.244267 0.457054 0.463761
v 0.244369 0.457372 0.463589
v 0.244369 0.457372 0.463589
v 0.244267 0.457054 0.463761
v 0.248135 0.456470 0.464021
v 0.248135 0.456270 0.464207
v 0.248135 0.456470 0.464021
v 0.248135 0.456270 0.464207
v 0.252181 0.456603 0.464324
v 0.252181 0.456603 0.464324
v 0.256073 0.458087 0.464082
v 0.256073 0.458087 0.464082
v 0.259467 0.460640 0.463490
v 0.259467 0.460640 0.463490
v 0.262058 0.464068 0.462597
v 0.262058 0.464068 0.462597
v 0.263664 0.467946 0.461142
v 0.263664 0.468614 0.462921
v 0.263664 0.467946 0.461142
v 0.263664 0.468614 0.462921
v 0.262058 0.480813 0.458339
v 0.262058 0.480145 0.456560
v 0.262058 0.480145 0.456560
v 0.262058 0.480813 0.458339
v 0.263712 0.477077 0.460137
v 0.264212 0.472775 0.461358
v 0.264261 0.472905 0.461704
v 0.263664 0.476936 0.459796
v 0.263664 0.476936 0.459796
v 0.263712 0.477077 0.460137
v 0.264212 0.472775 0.461358
v 0.264261 0.472905 0.461704
v 0.259503 0.483475 0.455310
v 0.259503 0.483475 0.455310
v 0.256148 0.485861 0.454020
v 0.256148 0.485861 0.454020
v 0.252243 0.487211 0.453146
v 0.252243 0.487211 0.453146
v 0.248135 0.487434 0.452746
v 0.248135 0.487434 0.452746
v 0.244172 0.486554 0.452836
v 0.244172 0.486554 0.452836
v 0.240656 0.484695 0.453381
v 0.240851 0.484381 0.453447
v 0.240656 0.484695 0.453381
v 0.240851 0.484381 0.453447
v 0.240656 0.458550 0.463198
v 0.240851 0.458830 0.463041
v 0.240851 0.458830 0.463041
v 0.240656 0.458550 0.463198
v 0.244172 0.456792 0.464012
v 0.244172 0.456792 0.464012
v 0.248135 0.456070 0.464523
v 0.248135 0.456070 0.464523
v 0.252243 0.456501 0.464678
v 0.252243 0.456501 0.464678
v 0.256148 0.458093 0.464447
v 0.256148 0.458093 0.464447
v 0.259503 0.460739 0.463848
v 0.259503 0.460739 0.463848
v 0.262058 0.464068 0.462597
v 0.262058 0.464736 0.464376
v 0.262058 0.464068 0.462597
v 0.262058 0.464736 0.464376
v 0.263664 0.468614 0.462921
v 0.263712 0.468732 0.463271
v 0.263664 0.468614 0.462921
v 0.263712 0.468732 0.463271
v 0.262101 0.480965 0.458677
v 0.262058 0.480813 0.458339
v 0.262058 0.480813 0.458339
v 0.262101 0.480965 0.458677
v 0.259503 0.484143 0.457090
v 0.259503 0.483475 0.455310
v 0.259503 0.483475 0.455310
v 0.259503 0.484143 0.457090
v 0.263851 0.477230 0.460446
v 0.264404 0.473025 0.462025
v 0.263851 0.477230 0.460446
v 0.264404 0.473025 0.462025
v 0.256174 0.486029 0.454350
v 0.256174 0.486029 0.454350
v 0.252283 0.487462 0.453418
v 0.252283 0.487462 0.453418
v 0.248135 0.487752 0.452943
v 0.248135 0.487752 0.452943
v 0.244090 0.486902 0.452947
v 0.244090 0.486902 0.452947
v 0.240474 0.485022 0.453410
v 0.240474 0.485022 0.453410
v 0.237544 0.482308 0.454278
v 0.237816 0.482052 0.454321
v 0.237544 0.482308 0.454278
v 0.237816 0.482052 0.454321
v 0.237544 0.460937 0.462303
v 0.237816 0.461158 0.462168
v 0.237816 0.461158 0.462168
v 0.237544 0.460937 0.462303
v 0.240474 0.458323 0.463436
v 0.240474 0.458323 0.463436
v 0.244090 0.456603 0.464324
v 0.244090 0.456603 0.464324
v 0.248135 0.455960 0.464881
v 0.248135 0.455960 0.464881
v 0.252283 0.456492 0.465048
v 0.252283 0.456492 0.465048
v 0.256174 0.458184 0.464807
v 0.256174 0.458184 0.464807
v 0.259503 0.460739 0.463848
v 0.259503 0.461407 0.465627
v 0.259503 0.460739 0.463848
v 0.259503 0.461407 0.465627
v 0.262058 0.464736 0.464376
v 0.262101 0.464844 0.464730
v 0.262058 0.464736 0.464376
v 0.262101 0.464844 0.464730
v 0.263851 0.468820 0.463605
v 0.263851 0.468820 0.463605
v 0.262227 0.481150 0.458975
v 0.262227 0.481150 0.458975
v 0.259539 0.484304 0.457423
v 0.259503 0.484143 0.457090
v 0.259503 0.484143 0.457090
v 0.259539 0.484304 0.457423
v 0.256174 0.486698 0.456130
v 0.256174 0.486029 0.454350
v 0.256174 0.486698 0.456130
v 0.256174 0.486029 0.454350
v 0.264072 0.477386 0.460704
v 0.264633 0.473129 0.462301
v 0.264072 0.477386 0.460704
v 0.264633 0.473129 0.462301
v 0.252296 0.487636 0.453748
v 0.252296 0.487636 0.453748
v 0.248135 0.488008 0.453213
v 0.248135 0.488008 0.453213
v 0.244027 0.487211 0.453146
v 0.244027 0.487211 0.453146
v 0.240318 0.485339 0.453533
v 0.240318 0.485339 0.453533
v 0.237292 0.482580 0.454327
v 0.237292 0.482580 0.454327
v 0.235149 0.479186 0.455450
v 0.235476 0.479003 0.455467
v 0.235149 0.479186 0.455450
v 0.235476 0.479003 0.455467
v 0.236348 0.462496 0.461717
v 0.236648 0.462681 0.461595
v 0.236648 0.462681 0.461595
v 0.236348 0.462496 0.461717
v 0.237292 0.460765 0.462519
v 0.237292 0.460765 0.462519
v 0.240318 0.458165 0.463738
v 0.240318 0.458165 0.463738
v 0.244027 0.456501 0.464678
v 0.244027 0.456501 0.464678
v 0.248135 0.455946 0.465254
v 0.248135 0.455946 0.465254
v 0.252296 0.456578 0.465411
v 0.252296 0.456578 0.465411
v 0.256174 0.458184 0.464807
v 0.256174 0.458852 0.466586
v 0.256174 0.458184 0.464807
v 0.256174 0.458852 0.466586
v 0.259503 0.461407 0.465627
v 0.259539 0.461505 0.465984
v 0.259503 0.461407 0.465627
v 0.259539 0.461505 0.465984
v 0.262227 0.464901 0.465076
v 0.262227 0.464901 0.465076
v 0.264072 0.468872 0.463901
v 0.264072 0.468872 0.463901
v 0.262428 0.481355 0.459213
v 0.262428 0.481355 0.459213
v 0.259644 0.484517 0.457710
v 0.259644 0.484517 0.457710
v 0.256199 0.486866 0.456461
v 0.256174 0.486698 0.456130
v 0.256199 0.486866 0.456461
v 0.256174 0.486698 0.456130
v 0.252296 0.487636 0.453748
v 0.252296 0.488304 0.455527
v 0.252296 0.487636 0.453748
v 0.252296 0.488304 0.455527
v 0.264930 0.473209 0.462514
v 0.264361 0.477534 0.460889
v 0.264361 0.477534 0.460889
v 0.264930 0.473209 0.462514
v 0.248135 0.488183 0.453542
v 0.248135 0.488183 0.453542
v 0.243988 0.487462 0.453418
v 0.243988 0.487462 0.453418
v 0.240198 0.485625 0.453741
v 0.240198 0.485625 0.453741
v 0.237074 0.482851 0.454467
v 0.237074 0.482851 0.454467
v 0.234844 0.479391 0.455525
v 0.234844 0.479391 0.455525
v 0.233639 0.475540 0.456818
v 0.234000 0.475439 0.456805
v 0.233639 0.475540 0.456818
v 0.234000 0.475439 0.456805
v 0.236648 0.462681 0.461595
v 0.235149 0.464059 0.461130
v 0.235476 0.464208 0.461022
v 0.235476 0.464208 0.461022
v 0.236648 0.462681 0.461595
v 0.235149 0.464059 0.461130
v 0.236069 0.462359 0.461920
v 0.236069 0.462359 0.461920
v 0.237074 0.460654 0.462802
v 0.237074 0.460654 0.462802
v 0.240198 0.458087 0.464082
v 0.240198 0.458087 0.464082
v 0.243988 0.456492 0.465048
v 0.243988 0.456492 0.465048
v 0.248135 0.456030 0.465616
v 0.248135 0.456030 0.465616
v 0.252296 0.456578 0.465411
v 0.252296 0.457246 0.467190
v 0.252296 0.456578 0.465411
v 0.252296 0.457246 0.467190
v 0.256199 0.458943 0.466947
v 0.256174 0.458852 0.466586
v 0.256199 0.458943 0.466947
v 0.256174 0.458852 0.466586
v 0.259644 0.461534 0.466341
v 0.259644 0.461534 0.466341
v 0.262428 0.464903 0.465391
v 0.262428 0.464903 0.465391
v 0.264361 0.468884 0.464138
v 0.264361 0.468884 0.464138
v 0.262690 0.481568 0.459375
v 0.262690 0.481568 0.459375
v 0.259810 0.484767 0.457931
v 0.259810 0.484767 0.457931
v 0.256275 0.487102 0.456740
v 0.256275 0.487102 0.456740
v 0.252310 0.488478 0.455855
v 0.252296 0.488304 0.455527
v 0.252310 0.488478 0.455855
v 0.252296 0.488304 0.455527
v 0.248135 0.488851 0.455322
v 0.248135 0.488183 0.453542
v 0.248135 0.488851 0.455322
v 0.248135 0.488183 0.453542
v 0.265277 0.473259 0.462647
v 0.264697 0.477663 0.460993
v 0.264697 0.477663 0.460993
v 0.265277 0.473259 0.462647
v 0.243974 0.487636 0.453748
v 0.243974 0.487636 0.453748
v 0.240123 0.485861 0.454020
v 0.240123 0.485861 0.454020
v 0.236908 0.483101 0.454689
v 0.236908 0.483101 0.454689
v 0.234582 0.479603 0.455687
v 0.234582 0.479603 0.455687
v 0.233303 0.475670 0.456922
v 0.233303 0.475670 0.456922
v 0.233123 0.471623 0.458290
v 0.233495 0.471606 0.458244
v 0.233123 0.471623 0.458290
v 0.233495 0.471606 0.458244
v 0.233639 0.467705 0.459761
v 0.234000 0.467772 0.459684
v 0.234000 0.467772 0.459684
v 0.233639 0.467705 0.459761
v 0.234844 0.463955 0.461321
v 0.234844 0.463955 0.461321
v 0.235829 0.462277 0.462193
v 0.235829 0.462277 0.462193
v 0.236908 0.460611 0.463134
v 0.236908 0.460611 0.463134
v 0.240123 0.458093 0.464447
v 0.240123 0.458093 0.464447
v 0.243974 0.456578 0.465411
v 0.243974 0.456578 0.465411
v 0.248135 0.456030 0.465616
v 0.248135 0.456698 0.467395
v 0.248135 0.456030 0.465616
v 0.248135 0.456698 0.467395
v 0.252310 0.457331 0.467552
v 0.252296 0.457246 0.467190
v 0.252310 0.457331 0.467552
v 0.252296 0.457246 0.467190
v 0.256275 0.458949 0.467311
v 0.256275 0.458949 0.467311
v 0.259810 0.461491 0.466672
v 0.259810 0.461491 0.466672
v 0.262690 0.464850 0.465653
v 0.262690 0.464850 0.465653
v 0.264697 0.468855 0.464301
v 0.264697 0.468855 0.464301
v 0.260027 0.485037 0.458072
v 0.260027 0.485037 0.458072
v 0.256394 0.487388 0.456948
v 0.256394 0.487388 0.456948
v 0.252349 0.488728 0.456129
v 0.252349 0.488728 0.456129
v 0.248135 0.489027 0.455649
v 0.248135 0.488851 0.455322
v 0.248135 0.489027 0.455649
v 0.248135 0.488851 0.455322
v 0.243974 0.488304 0.455527
v 0.243974 0.487636 0.453748
v 0.243974 0.488304 0.455527
v 0.243974 0.487636 0.453748
v 0.265648 0.473276 0.462693
v 0.265057 0.477765 0.461008
v 0.265057 0.477765 0.461008
v 0.265648 0.473276 0.462693
v 0.240097 0.486029 0.454350
v 0.240097 0.486029 0.454350
v 0.236803 0.483313 0.454977
v 0.236803 0.483313 0.454977
v 0.234382 0.479809 0.455925
v 0.234382 0.479809 0.455925
v 0.233014 0.475817 0.457109
v 0.233014 0.475817 0.457109
v 0.232969 0.471645 0.458349
v 0.232777 0.471673 0.458424
v 0.232777 0.471673 0.458424
v 0.232969 0.471645 0.458349
v 0.233303 0.467676 0.459924
v 0.233303 0.467676 0.459924
v 0.234582 0.463902 0.461583
v 0.234582 0.463902 0.461583
v 0.235645 0.462257 0.462516
v 0.235645 0.462257 0.462516
v 0.236803 0.460640 0.463490
v 0.236803 0.460640 0.463490
v 0.240097 0.458184 0.464807
v 0.240097 0.458184 0.464807
v 0.243974 0.456578 0.465411
v 0.243974 0.457246 0.467190
v 0.243974 0.456578 0.465411
v 0.243974 0.457246 0.467190
v 0.248135 0.456698 0.467395
v 0.248135 0.456782 0.467758
v 0.248135 0.456698 0.467395
v 0.248135 0.456782 0.467758
v 0.252349 0.457323 0.467922
v 0.252349 0.457323 0.467922
v 0.256394 0.458870 0.467657
v 0.256394 0.458870 0.467657
v 0.260027 0.461380 0.466955
v 0.260027 0.461380 0.466955
v 0.262995 0.464746 0.465844
v 0.262995 0.464746 0.465844
v 0.265057 0.468787 0.464379
v 0.265057 0.468787 0.464379
v 0.262995 0.481772 0.459451
v 0.260280 0.485309 0.458122
v 0.260280 0.485309 0.458122
v 0.262995 0.481772 0.459451
v 0.256551 0.487705 0.457071
v 0.256551 0.487705 0.457071
v 0.252412 0.489038 0.456328
v 0.252412 0.489038 0.456328
v 0.248135 0.489283 0.455920
v 0.248135 0.489283 0.455920
v 0.243974 0.488304 0.455527
v 0.243961 0.488478 0.455855
v 0.243974 0.488304 0.455527
v 0.243961 0.488478 0.455855
v 0.240097 0.486029 0.454350
v 0.240097 0.486698 0.456130
v 0.240097 0.486029 0.454350
v 0.240097 0.486698 0.456130
v 0.236767 0.483475 0.455310
v 0.236767 0.483475 0.455310
v 0.234256 0.479993 0.456223
v 0.234256 0.479993 0.456223
v 0.232793 0.475973 0.457365
v 0.232793 0.475973 0.457365
v 0.232479 0.471752 0.458635
v 0.232479 0.471752 0.458635
v 0.233014 0.467687 0.460162
v 0.233014 0.467687 0.460162
v 0.234382 0.463904 0.461898
v 0.234382 0.463904 0.461898
v 0.235529 0.462300 0.462868
v 0.235529 0.462300 0.462868
v 0.236767 0.460739 0.463848
v 0.236767 0.460739 0.463848
v 0.240097 0.458184 0.464807
v 0.240097 0.458852 0.466586
v 0.240097 0.458184 0.464807
v 0.240097 0.458852 0.466586
v 0.243974 0.457246 0.467190
v 0.243961 0.457331 0.467552
v 0.243974 0.457246 0.467190
v 0.243961 0.457331 0.467552
v 0.248135 0.456768 0.468130
v 0.248135 0.456768 0.468130
v 0.252412 0.457221 0.468276
v 0.252412 0.457221 0.468276
v 0.256551 0.458712 0.467957
v 0.256551 0.458712 0.467957
v 0.260280 0.461208 0.467173
v 0.260280 0.461208 0.467173
v 0.263322 0.464597 0.465951
v 0.263322 0.464597 0.465951
v 0.263322 0.481955 0.459434
v 0.260552 0.485565 0.458078
v 0.260552 0.485565 0.458078
v 0.263322 0.481955 0.459434
v 0.256732 0.488032 0.457100
v 0.256732 0.488032 0.457100
v 0.252494 0.489386 0.456439
v 0.252494 0.489386 0.456439
v 0.248135 0.489601 0.456117
v 0.248135 0.489601 0.456117
v 0.243921 0.488728 0.456129
v 0.243921 0.488728 0.456129
v 0.240097 0.486698 0.456130
v 0.240071 0.486866 0.456461
v 0.240097 0.486698 0.456130
v 0.240071 0.486866 0.456461
v 0.236767 0.483475 0.455310
v 0.236767 0.484143 0.457090
v 0.236767 0.483475 0.455310
v 0.236767 0.484143 0.457090
v 0.234212 0.480145 0.456560
v 0.234212 0.480145 0.456560
v 0.232654 0.476127 0.457675
v 0.232654 0.476127 0.457675
v 0.232251 0.471856 0.458911
v 0.232251 0.471856 0.458911
v 0.232793 0.467739 0.460457
v 0.232793 0.467739 0.460457
v 0.234256 0.463960 0.462244
v 0.234256 0.463960 0.462244
v 0.235490 0.462403 0.463222
v 0.235490 0.462403 0.463222
v 0.236767 0.460739 0.463848
v 0.236767 0.461407 0.465627
v 0.236767 0.460739 0.463848
v 0.236767 0.461407 0.465627
v 0.240097 0.458852 0.466586
v 0.240071 0.458943 0.466947
v 0.240097 0.458852 0.466586
v 0.240071 0.458943 0.466947
v 0.243921 0.457323 0.467922
v 0.243921 0.457323 0.467922
v 0.248135 0.456658 0.468487
v 0.248135 0.456658 0.468487
v 0.252494 0.457032 0.468588
v 0.252494 0.457032 0.468588
v 0.256732 0.458486 0.468195
v 0.256732 0.458486 0.468195
v 0.260552 0.460987 0.467308
v 0.260552 0.460987 0.467308
v 0.256927 0.488346 0.457033
v 0.256927 0.488346 0.457033
v 0.252589 0.489748 0.456455
v 0.252589 0.489748 0.456455
v 0.248135 0.489959 0.456223
v 0.248135 0.489959 0.456223
v 0.243859 0.489038 0.456328
v 0.243859 0.489038 0.456328
v 0.239996 0.487102 0.456740
v 0.239996 0.487102 0.456740
v 0.236767 0.484143 0.457090
v 0.236732 0.484304 0.457423
v 0.236767 0.484143 0.457090
v 0.236732 0.484304 0.457423
v 0.234212 0.480145 0.456560
v 0.234212 0.480813 0.458339
v 0.234212 0.480145 0.456560
v 0.234212 0.480813 0.458339
v 0.232606 0.476268 0.458017
v 0.232606 0.476268 0.458017
v 0.232107 0.471977 0.459233
v 0.232107 0.471977 0.459233
v 0.232654 0.467827 0.460792
v 0.232654 0.467827 0.460792
v 0.234212 0.464068 0.462597
v 0.235490 0.462403 0.463222
v 0.234212 0.464068 0.462597
v 0.235490 0.462403 0.463222
v 0.235490 0.463072 0.465001
v 0.235490 0.462403 0.463222
v 0.235490 0.462403 0.463222
v 0.235490 0.463072 0.465001
v 0.236767 0.461407 0.465627
v 0.236732 0.461505 0.465984
v 0.236767 0.461407 0.465627
v 0.236732 0.461505 0.465984
v 0.239996 0.458949 0.467311
v 0.239996 0.458949 0.467311
v 0.243859 0.457221 0.468276
v 0.243859 0.457221 0.468276
v 0.248135 0.456458 0.468804
v 0.248135 0.456458 0.468804
v 0.252589 0.456770 0.468839
v 0.252589 0.456770 0.468839
v 0.256927 0.458206 0.468352
v 0.256927 0.458206 0.468352
v 0.252691 0.490101 0.456375
v 0.252691 0.490101 0.456375
v 0.248135 0.490334 0.456235
v 0.248135 0.490334 0.456235
v 0.243777 0.489386 0.456439
v 0.243777 0.489386 0.456439
v 0.239876 0.487388 0.456948
v 0.239876 0.487388 0.456948
v 0.236627 0.484517 0.457710
v 0.236627 0.484517 0.457710
v 0.234212 0.480813 0.458339
v 0.234169 0.480965 0.458677
v 0.234212 0.480813 0.458339
v 0.234169 0.480965 0.458677
v 0.232606 0.476268 0.458017
v 0.232606 0.476936 0.459796
v 0.232606 0.476268 0.458017
v 0.232606 0.476936 0.459796
v 0.232059 0.472107 0.459579
v 0.232059 0.472107 0.459579
v 0.232606 0.467946 0.461142
v 0.232606 0.467946 0.461142
v 0.235490 0.462403 0.463222
v 0.234212 0.464736 0.464376
v 0.235490 0.463072 0.465001
v 0.234212 0.464068 0.462597
v 0.234212 0.464068 0.462597
v 0.235490 0.462403 0.463222
v 0.234212 0.464736 0.464376
v 0.235490 0.463072 0.465001
v 0.235450 0.463175 0.465357
v 0.235490 0.463072 0.465001
v 0.235490 0.463072 0.465001
v 0.235450 0.463175 0.465357
v 0.236627 0.461534 0.466341
v 0.236627 0.461534 0.466341
v 0.239876 0.458870 0.467657
v 0.239876 0.458870 0.467657
v 0.243777 0.457032 0.468588
v 0.243777 0.457032 0.468588
v 0.248135 0.456183 0.469059
v 0.248135 0.456183 0.469059
v 0.252691 0.456451 0.469011
v 0.252691 0.456451 0.469011
v 0.248135 0.490700 0.456150
v 0.248135 0.490700 0.456150
v 0.243681 0.489748 0.456455
v 0.243681 0.489748 0.456455
v 0.239720 0.487705 0.457071
v 0.239720 0.487705 0.457071
v 0.236460 0.484767 0.457931
v 0.236460 0.484767 0.457931
v 0.234043 0.481150 0.458975
v 0.234043 0.481150 0.458975
v 0.232606 0.476936 0.459796
v 0.232559 0.477077 0.460137
v 0.232606 0.476936 0.459796
v 0.232559 0.477077 0.460137
v 0.232059 0.472107 0.459579
v 0.232059 0.472775 0.461358
v 0.232059 0.472107 0.459579
v 0.232059 0.472775 0.461358
v 0.232606 0.468614 0.462921
v 0.232606 0.467946 0.461142
v 0.232606 0.467946 0.461142
v 0.232606 0.468614 0.462921
v 0.235490 0.463072 0.465001
v 0.234169 0.464844 0.464730
v 0.234212 0.464736 0.464376
v 0.234212 0.464736 0.464376
v 0.235490 0.463072 0.465001
v 0.234169 0.464844 0.464730
v 0.235335 0.463218 0.465709
v 0.235335 0.463218 0.465709
v 0.236460 0.461491 0.466672
v 0.236460 0.461491 0.466672
v 0.239720 0.458712 0.467957
v 0.239720 0.458712 0.467957
v 0.243681 0.456770 0.468839
v 0.243681 0.456770 0.468839
v 0.248135 0.455852 0.469235
v 0.248135 0.455852 0.469235
v 0.243579 0.490101 0.456375
v 0.243579 0.490101 0.456375
v 0.239538 0.488032 0.457100
v 0.239538 0.488032 0.457100
v 0.236243 0.485037 0.458072
v 0.236243 0.485037 0.458072
v 0.233842 0.481355 0.459213
v 0.233842 0.481355 0.459213
v 0.232420 0.477230 0.460446
v 0.232420 0.477230 0.460446
v 0.232059 0.472775 0.461358
v 0.232010 0.472905 0.461704
v 0.232059 0.472775 0.461358
v 0.232010 0.472905 0.461704
v 0.232559 0.468732 0.463271
v 0.232606 0.468614 0.462921
v 0.232606 0.468614 0.462921
v 0.232559 0.468732 0.463271
v 0.234043 0.464901 0.465076
v 0.234043 0.464901 0.465076
v 0.235151 0.463198 0.466031
v 0.235151 0.463198 0.466031
v 0.236243 0.461380 0.466955
v 0.236243 0.461380 0.466955
v 0.239538 0.458486 0.468195
v 0.239538 0.458486 0.468195
v 0.243579 0.456451 0.469011
v 0.243579 0.456451 0.469011
v 0.239343 0.488346 0.457033
v 0.239343 0.488346 0.457033
v 0.235990 0.485309 0.458122
v 0.235990 0.485309 0.458122
v 0.233581 0.481568 0.459375
v 0.233581 0.481568 0.459375
v 0.232198 0.477386 0.460704
v 0.232198 0.477386 0.460704
v 0.231866 0.473025 0.462025
v 0.231866 0.473025 0.462025
v 0.232420 0.468820 0.463605
v 0.232420 0.468820 0.463605
v 0.233842 0.464903 0.465391
v 0.233842 0.464903 0.465391
v 0.234911 0.463116 0.466304
v 0.234911 0.463116 0.466304
v 0.235990 0.461208 0.467173
v 0.235990 0.461208 0.467173
v 0.239343 0.458206 0.468352
v 0.239343 0.458206 0.468352
v 0.235719 0.485565 0.458078
v 0.235719 0.485565 0.458078
v 0.233276 0.481772 0.459451
v 0.233276 0.481772 0.459451
v 0.231910 0.477534 0.460889
v 0.231910 0.477534 0.460889
v 0.231638 0.473129 0.462301
v 0.231638 0.473129 0.462301
v 0.232198 0.468872 0.463901
v 0.232198 0.468872 0.463901
v 0.233581 0.464850 0.465653
v 0.233581 0.464850 0.465653
v 0.234632 0.462979 0.466508
v 0.234632 0.462979 0.466508
v 0.235719 0.460987 0.467308
v 0.235719 0.460987 0.467308
v 0.232949 0.481955 0.459434
v 0.232949 0.481955 0.459434
v 0.231574 0.477663 0.460993
v 0.231574 0.477663 0.460993
v 0.231340 0.473209 0.462514
v 0.231340 0.473209 0.462514
v 0.231910 0.468884 0.464138
v 0.231910 0.468884 0.464138
v 0.233276 0.464746 0.465844
v 0.233276 0.464746 0.465844
v 0.234332 0.462794 0.466628
v 0.234332 0.462794 0.466628
v 0.231213 0.477765 0.461008
v 0.231213 0.477765 0.461008
v 0.230994 0.473259 0.462647
v 0.230994 0.473259 0.462647
v 0.231574 0.468855 0.464301
v 0.231574 0.468855 0.464301
v 0.232949 0.464597 0.465951
v 0.234332 0.462794 0.466628
v 0.232949 0.464597 0.465951
v 0.234332 0.462794 0.466628
v 0.230622 0.473276 0.462693
v 0.230622 0.473276 0.462693
v 0.231213 0.468787 0.464379
v 0.231213 0.468787 0.464379
vt 6.613612 28.68045
vt 6.602331 28.74616
vt 6.609672 28.68016
vt 6.606108 28.74792
vt 6.576699 29.51143
vt 6.569607 29.44434
vt 6.573477 29.44316
vt 6.572759 29.51113
vt 0.4537217 27.59621
vt 0.4408786 27.6621
vt 0.4519898 27.59583
vt 0.4558925 27.59668
vt 0.444557 27.66429
vt 6.823131 27.89176
vt 6.802141 27.95077
vt 6.819349 27.89002
vt 6.805531 27.95388
vt 6.724666 30.20336
vt 6.707262 30.14164
vt 6.710823 30.13901
vt 6.720798 30.20456
vt 0.1301756 30.19161
vt 0.1276468 30.12232
vt 0.1315747 30.12181
vt 0.1262755 30.19074
vt 0.1280063 30.19112
vt -5.511299 25.14312
vt -5.529251 25.20815
vt -5.515139 25.1418
vt -5.525651 25.2106
vt 1.247407 24.96617
vt 1.223676 25.02438
vt 1.243717 24.96404
vt 1.226951 25.02776
vt 7.194878 27.12226
vt 7.165677 27.17069
vt 7.191477 27.11917
vt 7.168463 27.175
vt 7.057698 30.77999
vt 7.031103 30.72811
vt 7.034105 30.72415
vt 7.054148 30.78265
vt 0.3364114 32.48694
vt 0.3236949 32.42104
vt 0.3274396 32.41914
vt 0.3324848 32.48747
vt -6.28142 29.07939
vt -6.2913 29.14841
vt -6.285353 29.07918
vt -6.287469 29.14979
vt -10.94845 22.08647
vt -10.93584 22.01743
vt -10.93208 22.01912
vt -10.95202 22.08392
vt -4.146898 20.84844
vt -4.172215 20.9066
vt -4.150512 20.84604
vt -4.168979 20.91006
vt 2.481272 22.39093
vt 2.450177 22.43861
vt 2.477978 22.38759
vt 2.452869 22.44306
vt 7.717472 26.42753
vt 7.682061 26.46233
vt 7.714667 26.42324
vt 7.684047 26.4676
vt 7.576429 31.1917
vt 7.542505 31.15354
vt 7.544701 31.14847
vt 7.573455 31.19571
vt 1.15576 34.42318
vt 1.133129 34.36526
vt 1.136442 34.36195
vt 1.152037 34.42519
vt -6.409554 32.61479
vt -6.416283 32.54551
vt -6.412399 32.54452
vt -6.413486 32.61458
vt -12.08047 26.73143
vt -12.07412 26.66037
vt -12.07023 26.66125
vt -12.08423 26.72966
vt -15.59267 19.08714
vt -15.57905 19.01779
vt -15.57534 19.01975
vt -15.59624 19.08465
vt -9.249394 16.56701
vt -9.230504 16.50212
vt -9.226938 16.50466
vt -9.25267 16.56367
vt -2.154627 16.4445
vt -2.186479 16.4929
vt -2.157865 16.44105
vt -2.183762 16.49729
vt 4.132369 20.09889
vt 4.095611 20.13327
vt 4.12966 20.09447
vt 4.097543 20.13858
vt 8.366681 25.8726
vt 8.327385 25.89171
vt 8.364669 25.86735
vt 8.328413 25.89759
vt 8.261182 31.3889
vt 8.222417 31.36736
vt 8.223598 31.36154
vt 8.259034 31.39401
vt 2.701269 35.82314
vt 2.669715 35.77811
vt 2.672296 35.7735
vt 2.698041 35.82664
vt -5.70888 35.5665
vt -5.724985 35.50216
vt -5.721336 35.49988
vt -5.712752 35.56759
vt -12.70558 30.41045
vt -12.70566 30.33933
vt -12.70173 30.33937
vt -12.70946 30.40949
vt -16.82678 23.67198
vt -16.81698 23.60111
vt -16.81318 23.60259
vt -16.83048 23.66996
vt -19.2892 16.93521
vt -19.27571 16.8654
vt -19.27204 16.86751
vt -19.29283 16.93292
vt -13.90632 12.97275
vt -13.88836 12.90643
vt -13.8848 12.90896
vt -13.9097 12.9697
vt -6.786202 10.41326
vt -6.817608 10.46387
vt -6.789444 10.40983
vt -6.814753 10.46803
vt 0.5165716 12.38729
vt 0.4792982 12.42301
vt 0.5138906 12.38284
vt 0.4813159 12.42823
vt 6.1357 18.37606
vt 6.095302 18.39504
vt 6.133762 18.37075
vt 6.096319 18.40092
vt 9.098338 25.51913
vt 9.057623 25.52152
vt 9.097278 25.51325
vt 9.057606 25.52762
vt 9.059581 31.33922
vt 9.018891 31.33595
vt 9.018929 31.32985
vt 9.058468 31.34507
vt 5.021505 36.43429
vt 4.983129 36.4071
vt 4.984649 36.40148
vt 5.019122 36.43914
vt -3.803439 37.89263
vt -3.784092 37.95342
vt -3.806567 37.89632
vt -3.780533 37.95082
vt -12.73537 33.12621
vt -12.7361 33.19628
vt -12.73926 33.12711
vt -12.73217 33.19632
vt -17.76934 26.59267
vt -17.76303 26.52146
vt -17.75917 26.52249
vt -17.77312 26.59107
vt -20.30829 20.80983
vt -20.29607 20.73946
vt -20.29237 20.74141
vt -20.31196 20.8077
vt -20.71429 16.363
vt -20.71632 16.28409
vt -20.69761 16.29501
vt -20.73299 16.35208
vt -17.96977 11.00699
vt -17.95419 10.93884
vt -17.9506 10.94123
vt -17.97332 11.00442
vt -11.47875 5.585029
vt -11.45566 5.523785
vt -11.45235 5.527015
vt -11.48184 5.58131
vt -3.369354 4.404251
vt -3.406132 4.443208
vt -3.372087 4.399898
vt -3.40389 4.448187
vt 3.838825 9.35399
vt 3.797733 9.374312
vt 3.836908 9.348682
vt 3.798864 9.380134
vt 8.352103 17.48718
vt 8.310341 17.48956
vt 8.351093 17.48129
vt 8.310343 17.49121
vt 8.310347 17.49565
vt 9.850013 25.39761
vt 9.809298 25.39522
vt 9.810358 25.38934
vt 9.85003 25.40371
vt 9.888032 31.05394
vt 9.847342 31.0572
vt 9.887994 31.04784
vt 9.848455 31.06305
vt 7.938905 36.00856
vt 7.897318 36.00145
vt 7.89746 35.99702
vt 7.897265 36.0031
vt 7.937713 36.01437
vt -0.004064129 39.36955
vt 0.02679553 39.4161
vt -0.006201004 39.37465
vt 0.02959527 39.41183
vt -11.76252 35.3628
vt -11.7546 35.43055
vt -11.76621 35.36487
vt -11.75074 35.42943
vt -18.50282 27.75279
vt -18.4998 27.6821
vt -18.4959 27.68271
vt -18.50666 27.75159
vt -21.17584 22.43037
vt -21.16417 22.36039
vt -21.16045 22.36228
vt -21.17952 22.42829
vt -21.53085 19.69251
vt -21.53288 19.61359
vt -21.51417 19.62451
vt -21.54955 19.68159
vt -19.6749 10.85914
vt -19.67599 10.78073
vt -19.65744 10.79225
vt -19.69345 10.84762
vt -19.26711 16.94865
vt -19.25357 16.87866
vt -19.2499 16.88077
vt -19.27074 16.94636
vt -16.06354 3.161492
vt -16.04472 3.096429
vt -16.04127 3.099261
vt -16.06693 3.158482
vt -7.786526 -2.48041
vt -7.82129 -2.436011
vt -7.789416 -2.484498
vt -7.818686 -2.431489
vt 1.196722 -0.3085698
vt 1.155522 -0.2851612
vt 1.194753 -0.3138159
vt 1.156897 -0.279482
vt 7.583549 8.055715
vt 7.540864 8.058659
vt 7.582587 8.049821
vt 7.540964 8.064736
vt 10.57369 17.5362
vt 10.53193 17.53382
vt 10.53294 17.52793
vt 10.57369 17.54229
vt 10.57369 17.53785
vt 10.55559 25.51619
vt 10.51629 25.49708
vt 10.5183 25.49183
vt 10.55456 25.52207
vt 10.65502 30.56852
vt 10.61626 30.59005
vt 10.65384 30.5627
vt 10.6184 30.59517
vt 10.96365 34.56132
vt 10.92207 34.56843
vt 10.96351 34.55689
vt 10.96371 34.56297
vt 10.92326 34.57424
vt 6.050943 38.74008
vt 6.008716 38.73002
vt 6.009242 38.72399
vt 6.049574 38.74577
vt -8.41149 37.80158
vt -8.391222 37.86168
vt -8.41461 37.80527
vt -8.387749 37.85885
vt -19.04188 27.0743
vt -19.04939 27.14297
vt -19.0458 27.07413
vt -19.0455 27.14375
vt -21.97734 21.41426
vt -21.96525 21.3455
vt -21.96155 21.34747
vt -21.98099 21.4121
vt -22.2233 20.62055
vt -22.22439 20.54213
vt -22.20583 20.55366
vt -22.24185 20.60902
vt -20.28596 20.8223
vt -20.27371 20.75175
vt -20.27 20.7537
vt -20.28963 20.82017
vt -17.94815 11.02211
vt -17.93251 10.95378
vt -17.92892 10.95617
vt -17.95169 11.01954
vt -18.18993 3.271631
vt -18.18874 3.194158
vt -18.17059 3.207106
vt -18.20808 3.258683
vt -15.56494 19.10464
vt -15.55109 19.03439
vt -15.54738 19.03635
vt -15.56851 19.10214
vt -12.92735 -6.387585
vt -12.95127 -6.328052
vt -12.95437 -6.331752
vt -12.92417 -6.384054
vt -2.226523 -9.50218
vt -2.262843 -9.462662
vt -2.264628 -9.468048
vt -2.224381 -9.497113
vt 6.67111 -2.123296
vt 6.627704 -2.119056
vt 6.670184 -2.129188
vt 6.627971 -2.113007
vt 11.29594 8.79531
vt 11.25325 8.792366
vt 11.25422 8.786472
vt 11.29584 8.801387
vt 12.58755 18.40786
vt 12.54715 18.38888
vt 12.54909 18.38358
vt 12.58653 18.41375
vt 11.15954 25.82832
vt 11.12413 25.79352
vt 11.12694 25.78923
vt 11.15756 25.83359
vt 11.28771 29.9606
vt 11.25378 29.99876
vt 11.28551 29.95553
vt 11.25676 30.00277
vt 13.5289 32.5184
vt 13.49052 32.54559
vt 13.52738 32.51278
vt 13.49291 32.55045
vt 12.66501 34.84405
vt 12.62468 34.86583
vt 12.62331 34.86013
vt 12.66554 34.85007
vt 1.462527 39.47759
vt 1.421498 39.45532
vt 1.42282 39.44961
vt 1.460598 39.48287
vt -19.28171 25.07649
vt -19.28529 25.14483
vt -19.28562 25.07686
vt -19.28138 25.1451
vt -22.71847 16.91362
vt -22.73987 16.97539
vt -22.7221 16.91134
vt -22.7363 16.97786
vt -22.81096 18.69041
vt -22.80977 18.61294
vt -22.79162 18.62588
vt -22.82911 18.67746
vt -21.15344 22.44253
vt -21.14173 22.37235
vt -21.13801 22.37425
vt -21.15712 22.44045
vt -16.79819 23.68582
vt -16.78821 23.61403
vt -16.78441 23.6155
vt -16.80189 23.6838
vt -13.87989 12.99453
vt -13.86164 12.92733
vt -13.85808 12.92987
vt -13.88328 12.99148
vt -16.04279 3.179289
vt -16.02391 3.114047
vt -16.02045 3.116879
vt -16.04618 3.176279
vt -15.70723 -6.436706
vt -15.71311 -6.360852
vt -15.73032 -6.376577
vt -15.69002 -6.420981
vt -10.91678 22.10612
vt -10.90361 22.03478
vt -10.89984 22.03648
vt -10.92034 22.10357
vt -7.218049 -16.36508
vt -7.249957 -16.31675
vt -7.25239 -16.32148
vt -7.215507 -16.36048
vt 5.344502 -12.36911
vt 5.388315 -12.37592
vt 5.345033 -12.36311
vt 5.387373 -12.3818
vt 12.12404 -0.1492076
vt 12.08063 -0.1534478
vt 12.08156 -0.1593396
vt 12.12377 -0.1431586
vt 14.4936 11.16877
vt 14.4525 11.14844
vt 14.45442 11.14314
vt 14.49247 11.17459
vt 14.24913 19.79526
vt 14.21237 19.76089
vt 14.21508 19.75646
vt 14.2472 19.80057
vt 11.62979 26.27827
vt 11.60059 26.22984
vt 11.60399 26.22675
vt 11.62701 26.28258
vt 11.75039 29.29753
vt 11.7356 29.32146
vt 11.74739 29.29357
vt 11.73888 29.32475
vt 15.34761 30.44435
vt 15.31605 30.48938
vt 15.34503 30.43974
vt 15.31928 30.49288
vt 17.24745 29.7859
vt 17.21659 29.83245
vt 17.21379 29.82818
vt 17.24958 29.791
vt 16.27742 29.69755
vt 16.23964 29.73081
vt 16.23771 29.72553
vt 16.27874 29.70326
vt -17.68673 25.21031
vt -17.70038 25.14572
vt -17.69661 25.14405
vt -17.6906 25.21135
vt -23.11974 7.012971
vt -23.14667 7.068042
vt -23.1231 7.009862
vt -23.14339 7.071335
vt -23.15591 13.0226
vt -23.15003 12.94675
vt -23.13282 12.96247
vt -23.17311 13.00688
vt -21.95505 21.4269
vt -21.94292 21.35795
vt -21.93922 21.35993
vt -21.95871 21.42474
vt -17.74018 26.60323
vt -17.73372 26.53106
vt -17.72986 26.5321
vt -17.74396 26.60163
vt -12.04735 26.74418
vt -12.04065 26.67074
vt -12.03676 26.67162
vt -12.05111 26.74241
vt -9.219955 16.59368
vt -9.200284 16.52662
vt -9.196717 16.52916
vt -9.223231 16.59034
vt -11.45442 5.612003
vt -11.43096 5.549936
vt -11.42764 5.553166
vt -11.45751 5.608284
vt -12.90829 -6.365754
vt -12.93229 -6.306053
vt -12.93539 -6.309753
vt -12.90511 -6.362224
vt -10.70043 -17.68343
vt -10.65542 -17.71289
vt -10.68577 -17.66244
vt -10.67008 -17.73388
vt -5.47666 25.15827
vt -5.495529 25.22762
vt -5.4805 25.15695
vt -5.491929 25.23007
vt 3.055827 -21.99758
vt 3.099409 -22.00998
vt 3.056806 -21.99173
vt 3.098293 -22.01577
vt 13.19378 -8.46551
vt 13.23612 -8.446828
vt 13.19284 -8.459638
vt 13.23665 -8.452822
vt 16.46818 4.636401
vt 16.42698 4.612993
vt 16.42895 4.607747
vt 16.46681 4.642081
vt 16.92566 14.26976
vt 16.88839 14.23404
vt 16.89107 14.22959
vt 16.92365 14.27498
vt 15.51111 21.38179
vt 15.48002 21.33412
vt 15.48331 21.33077
vt 15.50842 21.38624
vt 11.95382 26.81637
vt 11.93283 26.75736
vt 11.93661 26.75562
vt 11.95043 26.81948
vt 11.72379 29.34941
vt 11.72734 29.35207
vt 16.45412 28.64139
vt 16.44115 28.66868
vt 16.45081 28.63808
vt 16.44467 28.67132
vt 19.52444 26.22336
vt 19.50509 26.28414
vt 19.50153 26.28154
vt 19.52756 26.22705
vt 21.65365 19.19814
vt 21.63339 19.25824
vt 21.62991 19.2554
vt 21.65677 19.20182
vt 22.87626 -2.662266
vt 22.87024 -2.594966
vt 22.86638 -2.596006
vt 22.88003 -2.660595
vt -19.18072 -14.52559
vt -19.14437 -14.56469
vt -19.14236 -14.55951
vt -19.18261 -14.53089
vt -22.43859 1.874289
vt -22.4229 1.802851
vt -22.40824 1.823839
vt -22.45325 1.853301
vt -22.69662 16.92793
vt -22.71807 16.9899
vt -22.70024 16.92565
vt -22.7145 16.99237
vt -18.47325 27.76023
vt -18.47014 27.68855
vt -18.46623 27.68916
vt -18.47709 27.75903
vt -12.67163 30.41605
vt -12.67158 30.34246
vt -12.66766 30.34249
vt -12.67551 30.4151
vt -6.245562 29.08442
vt -6.255829 29.15795
vt -6.249495 29.08422
vt -6.251998 29.15933
vt -4.114698 20.8733
vt -4.141462 20.9355
vt -4.118312 20.8709
vt -4.138226 20.93895
vt -6.759095 10.44527
vt -6.791538 10.49787
vt -6.762336 10.44185
vt -6.788682 10.50204
vt -7.765256 -2.44786
vt -7.8005 -2.402732
vt -7.768146 -2.451948
vt -7.797896 -2.39821
vt -7.202907 -16.33686
vt -7.234924 -16.28839
vt -7.237357 -16.29313
vt -7.200365 -16.33227
vt 0.94043 -26.2728
vt 0.9059283 -26.22015
vt 0.8989741 -26.24908
vt 0.9473842 -26.24387
vt 0.4907101 27.60692
vt 0.4745422 27.67922
vt 0.4868074 27.60607
vt 0.4782207 27.68141
vt 15.03772 -14.79771
vt 15.0792 -14.77367
vt 15.0366 -14.79192
vt 15.08018 -14.77952
vt 18.65249 -0.01274165
vt 18.68881 0.02677581
vt 18.65035 -0.007675128
vt 18.6906 0.02138988
vt 19.33306 10.11227
vt 19.29629 10.07332
vt 19.29902 10.06896
vt 19.33082 10.11725
vt 18.61666 17.26713
vt 18.58481 17.21873
vt 18.58805 17.21528
vt 18.61395 17.27152
vt 16.39143 22.95202
vt 16.3677 22.89382
vt 16.37139 22.89168
vt 16.38815 22.95541
vt 12.1292 27.4088
vt 12.11792 27.34309
vt 12.12186 27.3428
vt 12.12542 27.41056
vt 12.03737 28.62555
vt 12.01996 28.68727
vt 12.03381 28.62292
vt 12.02383 28.68847
vt 16.43149 28.69931
vt 16.43521 28.70132
vt 20.49044 24.35779
vt 20.48056 24.38881
vt 20.48679 24.35551
vt 20.48432 24.39048
vt 22.65181 16.55725
vt 22.64389 16.625
vt 22.64003 16.62388
vt 22.6555 16.55932
vt 22.33944 -1.568242
vt 22.34302 -1.499901
vt 22.3391 -1.499632
vt 22.34335 -1.567875
vt 3.064812 -29.38229
vt 3.10506 -29.35368
vt 3.103175 -29.34838
vt 3.066821 -29.38748
vt -16.64649 -16.17811
vt -16.61199 -16.23075
vt -16.60504 -16.20183
vt -16.65345 -16.20704
vt -23.09957 7.032295
vt -23.12657 7.08755
vt -23.10292 7.029186
vt -23.12329 7.090843
vt -19.01199 27.07748
vt -19.01955 27.14718
vt -19.01591 27.07731
vt -19.01566 27.14797
vt -12.70139 33.12121
vt -12.70199 33.19383
vt -12.70527 33.12212
vt -12.69807 33.19387
vt -6.373556 32.61361
vt -6.380471 32.53972
vt -6.376588 32.53873
vt -6.377489 32.61339
vt 0.1654578 30.19684
vt 0.1630714 30.12044
vt 0.1669992 30.11993
vt 0.1615577 30.19596
vt -2.126254 16.4787
vt -2.160099 16.53071
vt -2.129492 16.47525
vt -2.157382 16.53511
vt -3.346991 4.444048
vt -3.385089 4.484684
vt -3.349724 4.439694
vt -3.382848 4.489663
vt -2.211185 -9.462477
vt -2.248104 -9.422422
vt -2.24989 -9.427808
vt -2.209043 -9.45741
vt 3.104714 -21.98051
vt 3.063089 -21.95641
vt 3.062111 -21.96226
vt 3.10583 -21.97471
vt 16.65918 -16.20376
vt 16.61077 -16.19855
vt 16.61772 -16.22748
vt 16.65223 -16.17483
vt 6.646044 28.684
vt 6.633669 28.75954
vt 6.642104 28.6837
vt 6.637447 28.76129
vt 21.20601 -0.6015115
vt 21.23792 -0.553178
vt 21.20347 -0.5969151
vt 21.24035 -0.5579123
vt 21.45676 8.366618
vt 21.422 8.32222
vt 21.42489 8.318132
vt 21.45416 8.37114
vt 21.01784 14.68935
vt 20.98644 14.63874
vt 20.98968 14.63532
vt 21.01499 14.69351
vt 19.72215 19.69708
vt 19.69684 19.63891
vt 19.70045 19.63651
vt 19.71892 19.70053
vt 16.92613 24.41825
vt 16.91328 24.35235
vt 16.91502 24.35197
vt 16.91111 24.35282
vt 16.92245 24.42043
vt 12.15759 27.96974
vt 12.1505 28.03683
vt 12.15372 27.96856
vt 12.15444 28.03653
vt 17.0042 27.11259
vt 16.99149 27.17849
vt 17.00046 27.11069
vt 16.99541 27.17902
vt 20.47433 24.42213
vt 20.4782 24.42322
vt 22.83796 17.1618
vt 22.84026 17.19728
vt 22.83635 17.19685
vt 22.84184 17.16271
vt 22.4428 4.016391
vt 22.4503 4.085056
vt 22.44641 4.085843
vt 22.44672 4.01622
vt 14.79974 -16.42662
vt 14.82668 -16.37155
vt 14.82339 -16.36826
vt 14.8031 -16.42973
vt -0.9531164 -26.24715
vt -0.9047064 -26.25236
vt -0.9116605 -26.22343
vt -0.9461623 -26.27608
vt -19.16898 -14.49376
vt -19.1325 -14.53296
vt -19.13049 -14.52778
vt -19.17086 -14.49905
vt -19.25176 25.0756
vt -19.25533 25.14501
vt -19.25567 25.07597
vt -19.25142 25.14528
vt -11.72982 35.34765
vt -11.72145 35.41795
vt -11.73351 35.34972
vt -11.71759 35.41682
vt -5.673894 35.55336
vt -5.690852 35.48446
vt -5.687202 35.48218
vt -5.677766 35.55445
vt 0.3715295 32.47953
vt 0.3578767 32.40655
vt 0.3616213 32.40464
vt 0.3676029 32.48005
vt 6.609201 29.51276
vt 6.601639 29.43572
vt 6.60551 29.43454
vt 6.605261 29.51246
vt 2.509871 22.42324
vt 2.475679 22.47661
vt 2.506577 22.4199
vt 2.47837 22.48106
vt 0.5394552 12.43018
vt 0.4996426 12.46885
vt 0.5367743 12.42574
vt 0.5016603 12.47407
vt 1.212112 -0.2615557
vt 1.16932 -0.236984
vt 1.210144 -0.2668019
vt 1.170695 -0.2313048
vt 5.393362 -12.33651
vt 5.350329 -12.31762
vt 5.349798 -12.32362
vt 5.394305 -12.33064
vt 15.0313 -14.76245
vt 15.07292 -14.73835
vt 15.03018 -14.75665
vt 15.0739 -14.7442
vt 22.43416 1.821568
vt 22.44985 1.893007
vt 22.4195 1.842557
vt 22.46451 1.872019
vt 22.93075 10.24896
vt 22.95468 10.3085
vt 22.92758 10.2525
vt 22.95777 10.3048
vt 22.60563 14.24422
vt 22.62871 14.30546
vt 22.60231 14.24745
vt 22.63181 14.30174
vt 21.9337 17.68039
vt 21.95259 17.74528
vt 21.93013 17.68293
vt 21.95586 17.74194
vt 20.39871 21.43751
vt 20.38075 21.37248
vt 20.38459 21.37115
vt 20.39511 21.43996
vt 17.13279 25.72856
vt 17.13026 25.79785
vt 17.12886 25.72805
vt 17.13243 25.79736
vt 17.13416 25.79697
vt 20.80347 23.36357
vt 20.79674 23.43285
vt 20.79959 23.36258
vt 20.80068 23.43263
vt 22.83868 17.23187
vt 22.83475 17.23192
vt 22.64969 9.490327
vt 22.64924 9.525972
vt 22.64579 9.490936
vt 22.65311 9.525063
vt 18.4015 -4.779232
vt 18.4229 -4.717456
vt 18.41933 -4.714984
vt 18.40513 -4.78151
vt 10.64416 -17.73161
vt 10.68917 -17.70214
vt 10.67451 -17.68116
vt 10.65882 -17.75259
vt 3.052945 -29.35057
vt 3.093317 -29.32184
vt 3.091432 -29.31655
vt 3.054954 -29.35575
vt -17.65746 25.20047
vt -17.67127 25.13482
vt -17.6675 25.13315
vt -17.66132 25.20151
vt -8.383219 37.77205
vt -8.362002 37.83444
vt -8.386339 37.77574
vt -8.358528 37.83161
vt -3.773528 37.86169
vt -3.752532 37.92667
vt -3.776656 37.86539
vt -3.748973 37.92407
vt 1.188599 34.40259
vt 1.163861 34.33798
vt 1.167174 34.33468
vt 1.184876 34.40459
vt 6.756396 30.19239
vt 6.736923 30.12105
vt 6.740483 30.11843
vt 6.752527 30.19359
vt 7.222512 27.14872
vt 7.189182 27.20539
vt 7.219111 27.14563
vt 7.191969 27.20971
vt 4.155351 20.14054
vt 4.114591 20.17948
vt 4.152642 20.13612
vt 4.116523 20.18479
vt 3.854359 9.404112
vt 3.810254 9.426405
vt 3.852441 9.398805
vt 3.811384 9.432227
vt 6.677207 -2.071472
vt 6.632028 -2.066809
vt 6.67628 -2.077364
vt 6.632295 -2.06076
vt 13.18779 -8.420223
vt 13.23083 -8.401336
vt 13.18685 -8.414351
vt 13.23136 -8.40733
vt 21.19087 -0.5732951
vt 21.22288 -0.5248238
vt 21.18833 -0.5686987
vt 21.22532 -0.5295581
vt 23.16138 12.97631
vt 23.16726 13.05216
vt 23.14417 12.99203
vt 23.18446 13.03643
vt 23.13276 16.5018
vt 23.15157 16.56686
vt 23.1293 16.50463
vt 23.15497 16.56385
vt 23.0302 17.45678
vt 23.04816 17.5231
vt 23.02664 17.45931
vt 23.05155 17.52005
vt 22.44607 19.1667
vt 22.45868 19.23574
vt 22.4423 19.1684
vt 22.46224 19.23319
vt 20.74863 22.59229
vt 20.73875 22.52326
vt 20.74268 22.52306
vt 20.7448 22.59366
vt 22.8333 18.45087
vt 22.83321 18.522
vt 22.82937 18.45091
vt 22.83709 18.52104
vt 22.6527 9.561012
vt 22.65654 9.559812
vt 20.06908 4.295081
vt 20.07327 4.330447
vt 20.06537 4.297053
vt 20.07695 4.328377
vt 15.67867 -6.450539
vt 15.71897 -6.406136
vt 15.70176 -6.390411
vt 15.69588 -6.466264
vt 14.77957 -16.4073
vt 14.80658 -16.35204
vt 14.80329 -16.34875
vt 14.78293 -16.41041
vt 22.84714 -2.673158
vt 22.84097 -2.604797
vt 22.83711 -2.605837
vt 22.85091 -2.671488
vt 1.477517 39.43027
vt 1.434857 39.40685
vt 1.436179 39.40114
vt 1.475588 39.43555
vt 0.01736661 39.32489
vt 0.05076401 39.37464
vt 0.01522974 39.33
vt 0.05356375 39.37036
vt 2.729189 35.78943
vt 2.694307 35.7387
vt 2.696888 35.73409
vt 2.725961 35.79293
vt 7.086616 30.75703
vt 7.056333 30.69642
vt 7.059335 30.69246
vt 7.083066 30.75969
vt 7.740033 26.46369
vt 7.699111 26.5051
vt 7.737228 26.45941
vt 7.701097 26.51037
vt 6.151438 18.42508
vt 6.106299 18.44705
vt 6.1495 18.41977
vt 6.107316 18.45294
vt 7.590084 8.110352
vt 7.5441 8.113995
vt 7.589123 8.104458
vt 7.5442 8.120071
vt 12.11971 -0.09696114
vt 12.07453 -0.1016239
vt 12.07546 -0.1075156
vt 12.11944 -0.09091212
vt 18.63715 0.0269612
vt 18.67407 0.06701594
vt 18.63501 0.03202772
vt 18.67586 0.06163001
vt 22.91169 10.2708
vt 22.93569 10.3305
vt 22.90851 10.27433
vt 22.93879 10.3268
vt 22.81896 18.64359
vt 22.82015 18.72107
vt 22.80081 18.65654
vt 22.8383 18.70812
vt 22.85827 19.10108
vt 22.87385 19.16923
vt 22.85467 19.10347
vt 22.87739 19.16666
vt 23.10844 18.24892
vt 23.12207 18.31827
vt 23.10474 18.25088
vt 23.12564 18.31578
vt 22.71282 19.30731
vt 22.71918 19.37836
vt 22.70894 19.30819
vt 22.72294 19.37659
vt 22.85506 13.95573
vt 22.86138 14.02694
vt 22.8512 13.95676
vt 22.86516 14.02534
vt 20.08116 4.36384
vt 20.08482 4.361676
vt 18.17955 3.163501
vt 18.17107 3.208712
vt 18.1614 3.176449
vt 18.18922 3.195764
vt 18.37965 -4.764915
vt 18.4011 -4.702946
vt 18.39753 -4.700474
vt 18.38327 -4.767194
vt 22.30948 -1.56913
vt 22.31306 -1.499719
vt 22.30914 -1.49945
vt 22.31339 -1.568763
vt 16.26406 29.64908
vt 16.22465 29.68349
vt 16.22272 29.67821
vt 16.26538 29.65479
vt 6.061276 38.68685
vt 6.015819 38.67555
vt 6.016345 38.66952
vt 6.059907 38.69255
vt 5.041374 36.38898
vt 4.998561 36.35784
vt 5.000081 36.35222
vt 5.038991 36.39383
vt 7.600418 31.15779
vt 7.561262 31.1125
vt 7.563459 31.10744
vt 7.597444 31.1618
vt 8.382562 25.91643
vt 8.336648 25.93986
vt 8.38055 25.91118
vt 8.337677 25.94575
vt 8.359288 17.54075
vt 8.312359 17.54418
vt 8.358277 17.53487
vt 8.312365 17.55028
vt 11.2927 8.850646
vt 11.24672 8.847003
vt 11.24768 8.841109
vt 11.2926 8.856722
vt 16.45438 4.684579
vt 16.41159 4.660007
vt 16.41356 4.654761
vt 16.45301 4.690258
vt 21.43597 8.399898
vt 21.40073 8.35477
vt 21.40362 8.350682
vt 21.43337 8.40442
vt 23.11194 16.51942
vt 23.13082 16.58466
vt 23.10848 16.52225
vt 23.13422 16.58165
vt 22.23029 20.56474
vt 22.2292 20.64316
vt 22.21174 20.57627
vt 22.24775 20.63163
vt 22.39993 18.81194
vt 22.41343 18.88176
vt 22.39626 18.81405
vt 22.41706 18.87946
vt 23.02253 16.97798
vt 23.03234 17.04885
vt 23.01873 16.97945
vt 23.03603 17.04683
vt 21.08612 11.23179
vt 21.09779 11.30177
vt 21.0824 11.23368
vt 21.10146 11.29969
vt 18.18074 3.240974
vt 18.19889 3.228026
vt 20.04675 4.307533
vt 20.05096 4.342995
vt 20.04304 4.309505
vt 20.05464 4.340926
vt 22.41291 4.019568
vt 22.42047 4.089269
vt 22.41658 4.090055
vt 22.41683 4.019397
vt 21.62538 19.16861
vt 21.60417 19.231
vt 21.60069 19.22816
vt 21.6285 19.1723
vt 12.65791 34.78958
vt 12.61435 34.81261
vt 12.61298 34.80691
vt 12.65844 34.79561
vt 7.947743 35.95558
vt 7.900974 35.94869
vt 7.901169 35.9426
vt 7.946551 35.96138
vt 8.278195 31.34609
vt 8.23293 31.31983
vt 8.234112 31.31401
vt 8.276048 31.35121
vt 9.106276 25.56784
vt 9.058314 25.57174
vt 9.105215 25.56196
vt 9.058298 25.57784
vt 10.57168 17.59082
vt 10.52475 17.58739
vt 10.52576 17.58151
vt 10.57167 17.59692
vt 14.48108 11.22086
vt 14.43697 11.19857
vt 14.43889 11.19326
vt 14.47995 11.22668
vt 19.31202 10.15375
vt 19.27392 10.11311
vt 19.27666 10.10876
vt 19.30978 10.15873
vt 22.58092 14.27037
vt 22.60439 14.33244
vt 22.57761 14.2736
vt 22.60748 14.32872
vt 22.83659 19.11602
vt 22.85222 19.18435
vt 22.83299 19.11841
vt 22.85577 19.18178
vt 21.53491 19.62187
vt 21.53288 19.70078
vt 21.5162 19.63279
vt 21.55158 19.68987
vt 21.82014 16.10359
vt 21.83235 16.17396
vt 21.81643 16.10554
vt 21.83602 16.17183
vt 19.67009 10.75812
vt 19.669 10.83653
vt 19.65154 10.76964
vt 19.68755 10.82501
vt 20.05887 4.376483
vt 20.06253 4.374319
vt 22.62002 9.496778
vt 22.61963 9.532929
vt 22.61612 9.497387
vt 22.6235 9.53202
vt 22.61911 16.5421
vt 22.61074 16.6124
vt 22.60688 16.61127
vt 22.62281 16.54417
vt 17.22602 29.74125
vt 17.19262 29.79099
vt 17.18982 29.78672
vt 17.22815 29.74635
vt 10.96 34.50855
vt 10.91323 34.51544
vt 10.9598 34.50247
vt 10.91442 34.52125
vt 9.067957 31.29068
vt 9.020035 31.28575
vt 9.020073 31.27965
vt 9.066844 31.29653
vt 9.849322 25.44783
vt 9.80136 25.44393
vt 9.802421 25.43806
vt 9.849338 25.45393
vt 12.57655 18.45988
vt 12.53141 18.4379
vt 12.53335 18.4326
vt 12.57554 18.46576
vt 16.90532 14.3156
vt 16.86551 14.27693
vt 16.86819 14.27249
vt 16.9033 14.32082
vt 20.99177 14.72336
vt 20.95933 14.67076
vt 20.96257 14.66733
vt 20.98892 14.72752
vt 23.00348 17.47769
vt 23.02174 17.54488
vt 22.99992 17.48022
vt 23.02512 17.54183
vt 22.3778 18.8252
vt 22.39134 18.89519
vt 22.37413 18.82731
vt 22.39497 18.8929
vt 20.71429 16.27581
vt 20.71226 16.35473
vt 20.69558 16.28673
vt 20.73096 16.34381
vt 21.06367 11.24375
vt 21.07539 11.31393
vt 21.05995 11.24565
vt 21.07906 11.31185
vt 22.62313 9.568458
vt 22.62698 9.567258
vt 22.80397 17.15681
vt 22.80622 17.19358
vt 22.80231 17.19315
vt 22.80785 17.15771
vt 19.49453 26.19242
vt 19.47353 26.25739
vt 19.46997 26.25479
vt 19.49765 26.19611
vt 13.51347 32.46914
vt 13.47065 32.50028
vt 13.51195 32.46352
vt 13.47304 32.50514
vt 9.886888 31.00374
vt 9.838966 31.00867
vt 9.886849 30.99764
vt 9.840079 31.01452
vt 10.54632 25.56434
vt 10.50041 25.54091
vt 10.50242 25.53566
vt 10.54529 25.57023
vt 14.23015 19.84147
vt 14.18939 19.80254
vt 14.1921 19.79811
vt 14.22822 19.84678
vt 18.59028 17.30494
vt 18.55644 17.25293
vt 18.55968 17.24948
vt 18.58757 17.30934
vt 21.90348 17.70489
vt 21.92315 17.77195
vt 21.89991 17.70742
vt 21.92642 17.76861
vt 23.08048 18.26551
vt 23.09434 18.33576
vt 23.07678 18.26748
vt 23.09791 18.33327
vt 21.79777 16.11588
vt 21.81003 16.18643
vt 21.79406 16.11783
vt 21.81369 16.1843
vt 22.82576 13.96533
vt 22.83221 14.0375
vt 22.82189 13.96637
vt 22.83599 14.0359
vt 22.80458 17.22942
vt 22.80065 17.22947
vt 20.4563 24.34009
vt 20.44599 24.37343
vt 20.45265 24.33782
vt 20.44976 24.3751
vt 15.32302 30.40494
vt 15.28813 30.45567
vt 15.32044 30.40033
vt 15.29136 30.45917
vt 10.64451 30.52098
vt 10.59924 30.54725
vt 10.64333 30.51516
vt 10.60139 30.55236
vt 11.14249 25.87109
vt 11.10157 25.82969
vt 11.10438 25.8254
vt 11.14051 25.87636
vt 15.48561 21.41979
vt 15.45142 21.36643
vt 15.45471 21.36309
vt 15.48292 21.42424
vt 19.6914 19.72597
vt 19.66464 19.66377
vt 19.66825 19.66137
vt 19.68817 19.72943
vt 22.41384 19.18406
vt 22.427 19.25539
vt 22.41007 19.18575
vt 22.43057 19.25284
vt 22.99377 16.99089
vt 23.00375 17.06269
vt 22.98997 16.99237
vt 23.00744 17.06067
vt 22.79922 18.454
vt 22.79927 18.5276
vt 22.79529 18.45404
vt 22.80315 18.52664
vt 20.43934 24.40899
vt 20.44322 24.41008
vt 16.42339 28.61411
vt 16.40935 28.6448
vt 16.42007 28.61081
vt 16.41287 28.64744
vt 11.26895 29.91956
vt 11.2298 29.96485
vt 11.26675 29.9145
vt 11.23277 29.96886
vt 11.60629 26.31297
vt 11.57296 26.2563
vt 11.57636 26.25321
vt 11.6035 26.31729
vt 16.36103 22.98015
vt 16.33517 22.91552
vt 16.33886 22.91339
vt 16.35776 22.98354
vt 20.36498 21.45698
vt 20.34611 21.38763
vt 20.34995 21.38631
vt 20.36138 21.45942
vt 22.67935 19.31767
vt 22.68606 19.39111
vt 22.67547 19.31856
vt 22.68981 19.38934
vt 20.76766 23.35778
vt 20.76075 23.43167
vt 20.76378 23.35679
vt 20.76468 23.43145
vt 16.39865 28.67872
vt 16.40237 28.68072
vt 11.72516 29.26583
vt 11.7085 29.2942
vt 11.72216 29.26188
vt 11.71178 29.2975
vt 11.92551 26.84105
vt 11.90189 26.77276
vt 11.90567 26.77102
vt 11.92212 26.84417
vt 16.89246 24.43537
vt 16.8763 24.36306
vt 16.8802 24.36221
vt 16.88879 24.43755
vt 20.71316 22.60182
vt 20.70289 22.52829
vt 20.70682 22.52809
vt 20.70933 22.6032
vt 16.97002 27.0981
vt 16.95637 27.17108
vt 16.96628 27.0962
vt 16.9603 27.17161
vt 11.69488 29.32644
vt 11.69843 29.3291
vt 12.09786 27.42218
vt 12.08548 27.34664
vt 12.08942 27.34634
vt 12.09408 27.42393
vt 17.09737 25.72667
vt 17.09498 25.80307
vt 17.09344 25.72617
vt 17.09888 25.8022
vt 12.00771 28.60496
vt 11.98823 28.6763
vt 12.00414 28.60234
vt 11.9921 28.6775
vt 12.12556 27.96112
vt 12.118 28.03816
vt 12.12169 27.95994
vt 12.12194 28.03786
vn -0.26647059946453133 0.33883099931912397 0.9023230981867953
vn -0.12563760233932633 0.3190124059398944 0.939386117491027
vn -0.12956249837875464 0.34857859563815563 0.9282814883842003
vn -0.25847628607416523 0.2779977850224122 0.9251525501558858
vn -0.12563759681972989 0.3781462904279658 0.9171807767833621
vn -0.2584763084508171 0.3996549130666154 0.8794691287540194
vn -0.3802263864298954 0.3251385883959534 0.8658595690978709
vn -0.5048329748997303 0.303456684912149 0.808119859820322
vn -0.4896163885646961 0.18822939560378185 0.8513785801155087
vn -0.11386849663217358 0.29083849139802836 0.9499720719031942
vn -0.2344624084462165 0.21991720792224353 0.9469233341117348
vn -0.11386850505014004 0.4063243180207397 0.9066060402085501
vn -0.2344624089794638 0.4577098175294143 0.8576299328455934
vn -0.4896164322407879 0.4186773275695134 0.764843150364212
vn -0.7095817729817663 0.24770439056833832 0.6596485748830367
vn -0.6881700659907132 0.08575418576203767 0.7204638643947574
vn -0.44394722671453846 0.0783179047127822 0.8926237537136628
vn -0.09438953801546793 0.2656738944142286 0.9594310798280427
vn -0.19459199753712497 0.16786809787535872 0.9664130877684864
vn -0.0943895432210252 0.43149511472468854 0.8971636306155383
vn -0.19459200820221678 0.509722621485237 0.8380434353242358
vn -0.44394722785270607 0.5285706331618749 0.7235495453946136
vn -0.6881700894792903 0.4096554937372073 0.5988357908450286
vn -0.8408132220135607 -0.022680120593794553 0.540850014160142
vn -0.8669779542870757 0.17518949076282853 0.4665381754009613
vn -0.6239211276509434 -0.06868460304396516 0.7784631344999378
vn -0.36823862258244777 -0.020023991227983113 0.9295156570030884
vn -0.0677883169937254 0.24544628911495384 0.9670371571138601
vn -0.13993379342473228 0.12586359408586847 0.9821287538513227
vn -0.06778831721606428 0.45172968144833114 0.8895757634668356
vn -0.13993380307215295 0.5516893121119693 0.8222271180514459
vn -0.3682385945614179 0.6268885907413694 0.6865937898595728
vn -0.6239211299959886 0.5640982271199084 0.5408471260020754
vn -0.8408132109303954 0.3730657048497758 0.3922437050990859
vn -0.9369796544691166 -0.1297882075449334 0.3243827188572292
vn -0.9661332031681076 0.09071316029746311 0.24157350079215872
vn -0.7623049803932074 -0.2113633945636481 0.6117324842659929
vn -0.5174513850728316 -0.2068113940340127 0.8303451760466343
vn -0.26464180266351384 -0.09923840099879502 0.9592270096542361
vn -0.035500820890737396 0.23219690582596275 0.9720207243885968
vn -0.07335752978372913 0.09825039971034036 0.9924542970740706
vn -0.035500821648200016 0.4649845215878803 0.8846067410697211
vn -0.07335752785377625 0.5792738830521635 0.8118253762483967
vn -0.2646418074888684 0.7060803199807529 0.6568221185868381
vn -0.5174514031144132 0.7022343042265761 0.48898980294310995
vn -0.7623049782459355 0.5617687839686808 0.32141399082773847
vn -0.9369796313511705 0.31122041041337906 0.15877980531274385
vn -0.9614032236735837 -0.18001970443280352 0.20807870512372798
vn -0.9913165891642445 0.04622660949471211 0.12310369865439398
vn -0.8495022382021633 -0.3400592152924821 0.40336791813947787
vn -0.632212992741727 -0.3801091956360653 0.6751471922488105
vn -0.37182508751603616 -0.31802288932243594 0.8721281707184454
vn -0.1386673006861022 -0.1512248007482348 0.9787249048425644
vn 0 0.2275674070040639 0.9737623299704332
vn 0 0.08858116661444675 0.9960689619304596
vn 0 0.4696161107312681 0.8828707201746115
vn 0 0.5889323994690626 0.8081822992714037
vn -0.13866730059236312 0.7580512032382658 0.6372831027223653
vn -0.37182509767846167 0.8134602949210548 0.44724539720756534
vn -0.63221297706815 0.7305468735013485 0.2580852906386404
vn -0.8495022504207888 0.5215087309532807 0.07984090473882381
vn -0.9614032374451299 0.27248431061283135 0.03815908148623571
vn -0.9698267117127319 -0.22823440275641863 0.08570418103506125
vn -1 0 0
vn -0.8716461648859747 -0.395764484056737 0.2891425883519705
vn -0.7045433120643392 -0.5281237090433952 0.4740296081171076
vn -0.45428560288911785 -0.5159690032814056 0.7262235046185599
vn -0.19480930154799952 -0.39098030310681964 0.8995464071480026
vn 0 -0.030027329341534847 0.999549078081019
vn 0 -0.16941039887278406 0.9855455934424161
vn 0.07335752978372913 0.09825039971034036 0.9924542970740706
vn 0.035500820890737396 0.23219690582596275 0.9720207243885968
vn 0.07335752785377625 0.5792738830521635 0.8118253762483967
vn 0.035500821648200016 0.4649845215878803 0.8846067410697211
vn 0 0.6805159071176177 0.7327333076637677
vn 0 0.7762314913464741 0.6304479929716872
vn -0.19480930013899936 0.8864322006324826 0.4198658002995808
vn -0.45428562137949496 0.8664459407764977 0.20711350974713288
vn -0.704543343263083 0.7096006435736308 0.009252248568142347
vn -0.8716461793809832 0.4882617884500406 -0.04281779898713373
vn -0.9698267117127319 0.22823440275641863 -0.08570418103506125
vn -0.8792887011449966 -0.4458887005806297 0.16743550021803189
vn -0.9356199951614178 -0.12764279933989214 0.3291238982979275
vn -0.9647431961045617 0.09252330962640949 0.2463939990051108
vn -0.7229097222947314 -0.5887221181563496 0.3616736111541119
vn -0.5062719997257525 -0.6795513996318872 0.5309411997123891
vn -0.23801180723122006 -0.6050959183838855 0.7597429230823349
vn 0 -0.41649630416653555 0.909137409094806
vn 0.1386673006861022 -0.1512248007482348 0.9787249048425644
vn 0.13993379342473228 0.12586359408586847 0.9821287538513227
vn 0.0677883169937254 0.24544628911495384 0.9670371571138601
vn 0.13993380307215295 0.5516893121119693 0.8222271180514459
vn 0.06778831721606428 0.45172968144833114 0.8895757634668356
vn 0.13866730059236312 0.7580512032382658 0.6372831027223653
vn 0 0.9119544804001787 0.4102913911819746
vn -0.2380118061148875 0.955606724550999 0.17368410446221066
vn -0.5062719770408924 0.8610606609514543 -0.04757334784257916
vn -0.7229097042519597 0.6812679040070339 -0.1152198006776916
vn -0.8792887011449966 0.4458887005806297 -0.16743550021803189
vn -0.9356199830145211 0.31272589432269593 0.16376129702703657
vn -0.848239908661929 -0.33755050344694765 0.4081038041674131
vn -0.729254895794234 -0.640568496305707 0.2405395986127575
vn -0.8357648094972135 -0.018346400208479444 0.5487810062360731
vn -0.8618163649842897 0.1783090927552784 0.47484568070695865
vn -0.5194710190360444 -0.7440892272671913 0.42009651539446
vn -0.26525440344652873 -0.7789013101204948 0.5682894073839517
vn 0 -0.6362672897786907 0.7714686876067489
vn 0.19480930154799952 -0.39098030310681964 0.8995464071480026
vn 0.26464180266351384 -0.09923840099879502 0.9592270096542361
vn 0.19459199753712497 0.16786809787535872 0.9664130877684864
vn 0.09438953801546793 0.2656738944142286 0.9594310798280427
vn 0.19459200820221678 0.509722621485237 0.8380434353242358
vn 0.0943895432210252 0.43149511472468854 0.8971636306155383
vn 0.2646418074888684 0.7060803199807529 0.6568221185868381
vn 0.19480930013899936 0.8864322006324826 0.4198658002995808
vn 0 0.9867916619003989 0.1619944937454626
vn -0.26525439659491573 0.9604377876708109 -0.08484904891078819
vn -0.5194709852636681 0.8366883762648579 -0.17350059507814194
vn -0.729254895794234 0.640568496305707 -0.2405395986127575
vn -0.8482399474067537 0.5227372292149352 0.08505751475372653
vn -0.8357648272720348 0.3750233122374721 0.4010669130873071
vn -0.7576191130416138 -0.20576790354207752 0.6194133106625467
vn -0.7034608968021194 -0.5252419976122894 0.47881479782334374
vn -0.5240359045983652 -0.797334306996533 0.2994067026272652
vn -0.6781434275313528 0.09172091372369712 0.7291836296034895
vn -0.6993290878736128 0.25128189564276426 0.669175788396472
vn -0.27217059897620166 -0.8460241968175912 0.45843889827553375
vn 0 -0.8136503885721136 0.5813544918347567
vn 0.23801180723122006 -0.6050959183838855 0.7597429230823349
vn 0.37182508751603616 -0.31802288932243594 0.8721281707184454
vn 0.36823862258244777 -0.020023991227983113 0.9295156570030884
vn 0.2344624084462165 0.21991720792224353 0.9469233341117348
vn 0.11386849663217358 0.29083849139802836 0.9499720719031942
vn 0.21020490305305176 0.48092580698504805 0.8511899123628273
vn 0.10600940112856126 0.4198254044694023 0.9013926095960997
vn 0.3682385945614179 0.6268885907413694 0.6865937898595728
vn 0.37182509767846167 0.8134602949210548 0.44724539720756534
vn 0.2380118061148875 0.955606724550999 0.17368410446221066
vn 0 0.9951977010166978 -0.0978853200999998
vn -0.27217059538878785 0.9386659840967833 -0.2117293964128042
vn -0.5240359045983652 0.797334306996533 -0.2994067026272652
vn -0.7034609289774308 0.7105808292707186 0.014751490607653382
vn -0.7576191144421486 0.5626119107248149 0.3308793063074018
vn -0.6781434304556729 0.4109029184538024 0.6093277273651344
vn -0.614617591664977 -0.060276469182571964 0.7865188893337693
vn -0.6281964048184046 -0.3732556028629528 0.6826782052362919
vn -0.5054668835087743 -0.6763288779342772 0.5358007825191085
vn -0.2745645993744965 -0.9001938979492099 0.33803139922990844
vn -0.489558595693495 0.30653389730351005 0.8163144928191183
vn -0.5159924030712849 0.19386690115393246 0.834366504966308
vn 0 -0.8816777766721994 0.47185198751554186
vn 0.26525440344652873 -0.7789013101204948 0.5682894073839517
vn 0.45428560288911785 -0.5159690032814056 0.7262235046185599
vn 0.5174513850728316 -0.2068113940340127 0.8303451760466343
vn 0.44394722671453846 0.0783179047127822 0.8926237537136628
vn 0.25847628607416523 0.2779977850224122 0.9251525501558858
vn 0.12563760233932633 0.3190124059398944 0.939386117491027
vn 0.2344624089794638 0.4577098175294143 0.8576299328455934
vn 0.11386850505014004 0.4063243180207397 0.9066060402085501
vn 0.4060846012808295 0.5775357018216024 0.7082004022337316
vn 0.5174514031144132 0.7022343042265761 0.48898980294310995
vn 0.45428562137949496 0.8664459407764977 0.20711350974713288
vn 0.26525439659491573 0.9604377876708109 -0.08484904891078819
vn 0 0.9743359190921027 -0.22509890441081057
vn -0.2745645993744965 0.9001938979492099 -0.33803139922990844
vn -0.5054669058937958 0.8618332100490633 -0.04179384048732026
vn -0.6281964123913597 0.7303442144062552 0.26826590529162436
vn -0.6146175690129927 0.5630706716118186 0.5524460721474764
vn -0.4746804990485576 0.41826459916163655 0.7744243984477556
vn -0.4552511986503622 0.048819969855268104 0.8890235973644004
vn -0.5094804262731395 -0.1959997101074105 0.8378626432073165
vn -0.4512992775127821 -0.5079863746881929 0.7336748634426479
vn -0.2648215032798183 -0.7754326096037447 0.573213607099259
vn 0 -0.9361722540249108 0.3515416202868696
vn -0.24756340202879568 0.34059870279122484 0.9070308074331676
vn -0.24737019963592427 0.3119051995409424 0.9173456986498646
vn 0.27217059897620166 -0.8460241968175912 0.45843889827553375
vn 0.5062719997257525 -0.6795513996318872 0.5309411997123891
vn 0.632212992741727 -0.3801091956360653 0.6751471922488105
vn 0.6239211276509434 -0.06868460304396516 0.7784631344999378
vn 0.4896163885646961 0.18822939560378185 0.8513785801155087
vn 0.26647059946453133 0.33883099931912397 0.9023230981867953
vn 0.12956249837875464 0.34857859563815563 0.9282814883842003
vn 0.2584763084508171 0.3996549130666154 0.8794691287540194
vn 0.12563759681972989 0.3781462904279658 0.9171807767833621
vn 0.44394722785270607 0.5285706331618749 0.7235495453946136
vn 0.5742903784148228 0.6347874761409894 0.5169481805700766
vn 0.63221297706815 0.7305468735013485 0.2580852906386404
vn 0.5062719770408924 0.8610606609514543 -0.04757334784257916
vn 0.27217059538878785 0.9386659840967833 -0.2117293964128042
vn 0 0.9361722540249108 -0.3515416202868696
vn -0.2648214898235284 0.9610675630684171 -0.0788588469696384
vn -0.451299292168019 0.8653408849826191 0.21797729621715795
vn -0.5094804072937394 0.6990429100075227 0.5017656071832941
vn -0.43009288986940725 0.5247177876405716 0.7346368826960473
vn -0.2399895051648418 0.3970864085457422 0.8858484190644461
vn -0.3563744894343805 -0.006328434812377816 0.9343217722996774
vn -0.3659017922545013 -0.30507259354214894 0.8792306813882297
vn -0.23640640117746936 -0.5963058029700206 0.7671580038209838
vn 0 -0.810091064365707 0.5863040742096508
vn 0.2745645993744965 -0.9001938979492099 0.33803139922990844
vn -0.12954600405309033 0.3335868104368904 0.9337760292149391
vn 0.5194710190360444 -0.7440892272671913 0.42009651539446
vn 0.7045433120643392 -0.5281237090433952 0.4740296081171076
vn 0.7623049803932074 -0.2113633945636481 0.6117324842659929
vn 0.6881700659907132 0.08575418576203767 0.7204638643947574
vn 0.3802263864298954 0.3251385883959534 0.8658595690978709
vn 0.5048329748997303 0.303456684912149 0.808119859820322
vn 0.4896164322407879 0.4186773275695134 0.764843150364212
vn 0.6239211299959886 0.5640982271199084 0.5408471260020754
vn 0.7033592120460358 0.6487795111112801 0.2904668049746611
vn 0.704543343263083 0.7096006435736308 0.009252248568142347
vn 0.5194709852636681 0.8366883762648579 -0.17350059507814194
vn 0.2745645993744965 0.9001938979492099 -0.33803139922990844
vn 0 0.9957759653406675 -0.09181626680421014
vn -0.2364064120522545 0.9538698486293162 0.18505220943416192
vn -0.3659017884313126 0.808385774441332 0.4611163854209205
vn -0.3563744983295391 0.6197414970950391 0.6992264967224633
vn -0.21731848827772154 0.4508381756815414 0.86574685330114
vn -0.20224680902296452 0.20445650912154706 0.9577545427289077
vn -0.17991599718391707 0.1826390971412943 0.966578084870917
vn -0.2558301044609952 -0.0824490214376914 0.9631994167956308
vn -0.19162640726733773 -0.37650811427888625 0.9063779343739395
vn 0 -0.6271808617806972 0.7788736525368039
vn 0.2648215032798183 -0.7754326096037447 0.573213607099259
vn 0.5240359045983652 -0.797334306996533 0.2994067026272652
vn 0.7229097222947314 -0.5887221181563496 0.3616736111541119
vn 0.8495022382021633 -0.3400592152924821 0.40336791813947787
vn 0.8408132220135607 -0.022680120593794553 0.540850014160142
vn 0.7095817729817663 0.24770439056833832 0.6596485748830367
vn 0.6881700894792903 0.4096554937372073 0.5988357908450286
vn 0.7623049782459355 0.5617687839686808 0.32141399082773847
vn 0.7844951906136781 0.6185583925990774 0.044190619471268566
vn 0.7229097042519597 0.6812679040070339 -0.1152198006776916
vn 0.5240359045983652 0.797334306996533 -0.2994067026272652
vn 0.2648214898235284 0.9610675630684171 -0.0788588469696384
vn 0 0.9848250605626763 0.17354999305019003
vn -0.1916263955929599 0.880033579760913 0.4345344900065392
vn -0.25583010121147576 0.696055303296149 0.6708636031768546
vn -0.1799160017614487 0.49871110488257847 0.8478900083011781
vn -0.10600940053617117 0.2772429014022306 0.9549337048298351
vn -0.1290377978406467 0.14438289758385744 0.9810722835824718
vn -0.13393439321931974 -0.1322415933050211 0.9821271502779678
vn 0 -0.4014671166187379 0.9158734379125953
vn 0.23640640117746936 -0.5963058029700206 0.7671580038209838
vn 0.5054668835087743 -0.6763288779342772 0.5358007825191085
vn 0.729254895794234 -0.640568496305707 0.2405395986127575
vn 0.8716461648859747 -0.395764484056737 0.2891425883519705
vn 0.9369796544691166 -0.1297882075449334 0.3243827188572292
vn 0.8669779542870757 0.17518949076282853 0.4665381754009613
vn 0.8408132109303954 0.3730657048497758 0.3922437050990859
vn 0.8495022504207888 0.5215087309532807 0.07984090473882381
vn 0.8052210205236303 0.5873961149716667 -0.08114747206830246
vn 0.729254895794234 0.640568496305707 -0.2405395986127575
vn 0.5054669058937958 0.8618332100490633 -0.04179384048732026
vn 0.2364064120522545 0.9538698486293162 0.18505220943416192
vn 0 0.9050736219973756 0.4252549103356147
vn -0.13393440392238026 0.7459993218472096 0.6523393191042988
vn -0.12903780200420614 0.5370519083414526 0.8336213129477481
vn -0.0675068879744163 0.11942069641671185 0.9905460702780851
vn 0 -0.14962560396667604 0.9887427262122375
vn 0.19162640726733773 -0.37650811427888625 0.9063779343739395
vn 0.4512992775127821 -0.5079863746881929 0.7336748634426479
vn 0.7034608968021194 -0.5252419976122894 0.47881479782334374
vn 0.8792887011449966 -0.4458887005806297 0.16743550021803189
vn 0.9614032236735837 -0.18001970443280352 0.20807870512372798
vn 0.9661332031681076 0.09071316029746311 0.24157350079215872
vn 0.9369796313511705 0.31122041041337906 0.15877980531274385
vn 0.8716461793809832 0.4882617884500406 -0.04281779898713373
vn 0.8121692258705913 0.5461834173979603 -0.20509710653310068
vn 0.7034609289774308 0.7105808292707186 0.014751490607653382
vn 0.451299292168019 0.8653408849826191 0.21797729621715795
vn 0.1916263955929599 0.880033579760913 0.4345344900065392
vn 0 0.7634410777932323 0.6458774812128908
vn -0.06750689144897733 0.5620801120645655 0.8243232176933886
vn 0 0.11071879706392113 0.9938517736447011
vn 0.13393439321931974 -0.1322415933050211 0.9821271502779678
vn 0.3659017922545013 -0.30507259354214894 0.8792306813882297
vn 0.6281964048184046 -0.3732556028629528 0.6826782052362919
vn 0.848239908661929 -0.33755050344694765 0.4081038041674131
vn 0.9698267117127319 -0.22823440275641863 0.08570418103506125
vn 0.9913165891642445 0.04622660949471211 0.12310369865439398
vn 0.9614032374451299 0.27248431061283135 0.03815908148623571
vn 0.8792887011449966 0.4458887005806297 -0.16743550021803189
vn 0.6281964123913597 0.7303442144062552 0.26826590529162436
vn 0.3659017884313126 0.808385774441332 0.4611163854209205
vn 0.13393440392238026 0.7459993218472096 0.6523393191042988
vn 0 0.5708069831738973 0.8210842757962876
vn 0.0675068879744163 0.11942069641671185 0.9905460702780851
vn 0.2558301044609952 -0.0824490214376914 0.9631994167956308
vn 0.5094804262731395 -0.1959997101074105 0.8378626432073165
vn 0.7576191130416138 -0.20576790354207752 0.6194133106625467
vn 0.9356199951614178 -0.12764279933989214 0.3291238982979275
vn 1 0 0
vn 0.9698267117127319 0.22823440275641863 -0.08570418103506125
vn 0.8482399474067537 0.5227372292149352 0.08505751475372653
vn 0.5094804072937394 0.6990429100075227 0.5017656071832941
vn 0.25583010121147576 0.696055303296149 0.6708636031768546
vn 0.06750689144897733 0.5620801120645655 0.8243232176933886
vn 0.1290377978406467 0.14438289758385744 0.9810722835824718
vn 0.3563744894343805 -0.006328434812377816 0.9343217722996774
vn 0.614617591664977 -0.060276469182571964 0.7865188893337693
vn 0.8357648094972135 -0.018346400208479444 0.5487810062360731
vn 0.9647431961045617 0.09252330962640949 0.2463939990051108
vn 0.9356199830145211 0.31272589432269593 0.16376129702703657
vn 0.7576191144421486 0.5626119107248149 0.3308793063074018
vn 0.3563744983295391 0.6197414970950391 0.6992264967224633
vn 0.12903780200420614 0.5370519083414526 0.8336213129477481
vn 0.17991599718391707 0.1826390971412943 0.966578084870917
vn 0.4300929149549889 0.08851620307784366 0.8984347312399507
vn 0.6781434275313528 0.09172091372369712 0.7291836296034895
vn 0.8618163649842897 0.1783090927552784 0.47484568070695865
vn 0.8357648272720348 0.3750233122374721 0.4010669130873071
vn 0.6146175690129927 0.5630706716118186 0.5524460721474764
vn 0.1799160017614487 0.49871110488257847 0.8478900083011781
vn 0.21731849948338394 0.23043299945220755 0.9485110977451711
vn 0.4746805007092178 0.19484660029111917 0.8583200012824117
vn 0.6993290878736128 0.25128189564276426 0.669175788396472
vn 0.6781434304556729 0.4109029184538024 0.6093277273651344
vn 0.43009288986940725 0.5247177876405716 0.7346368826960473
vn 0.23998949684717877 0.284130396267285 0.9282644878050832
vn 0.489558595693495 0.30653389730351005 0.8163144928191183
vn 0.4746804990485576 0.41826459916163655 0.7744243984477556
vn 0.21731848827772154 0.4508381756815414 0.86574685330114
vn 0.24756340202879568 0.34059870279122484 0.9070308074331676
vn 0.2399895051648418 0.3970864085457422 0.8858484190644461
vn 0.25847628607416523 -0.2779977850224122 -0.9251525501558858
vn 0.26647059946453133 -0.33883099931912397 -0.9023230981867953
vn 0.12563760233932633 -0.3190124059398944 -0.939386117491027
vn 0.12956249837875464 -0.34857859563815563 -0.9282814883842003
vn 0.12563759681972989 -0.3781462904279658 -0.9171807767833621
vn 0.2584763084508171 -0.3996549130666154 -0.8794691287540194
vn 0.4896163885646961 -0.18822939560378185 -0.8513785801155087
vn 0.5048329748997303 -0.303456684912149 -0.808119859820322
vn 0.3802263864298954 -0.3251385883959534 -0.8658595690978709
vn 0.2344624084462165 -0.21991720792224353 -0.9469233341117348
vn 0.11386849663217358 -0.29083849139802836 -0.9499720719031942
vn 0.11386850505014004 -0.4063243180207397 -0.9066060402085501
vn 0.2344624089794638 -0.4577098175294143 -0.8576299328455934
vn 0.4896164322407879 -0.4186773275695134 -0.764843150364212
vn 0.6881700659907132 -0.08575418576203767 -0.7204638643947574
vn 0.7095817729817663 -0.24770439056833832 -0.6596485748830367
vn 0.44394722671453846 -0.0783179047127822 -0.8926237537136628
vn 0.19459199753712497 -0.16786809787535872 -0.9664130877684864
vn 0.09438953801546793 -0.2656738944142286 -0.9594310798280427
vn 0.0943895432210252 -0.43149511472468854 -0.8971636306155383
vn 0.19459200820221678 -0.509722621485237 -0.8380434353242358
vn 0.44394722785270607 -0.5285706331618749 -0.7235495453946136
vn 0.6881700894792903 -0.4096554937372073 -0.5988357908450286
vn 0.8408132220135607 0.022680120593794553 -0.540850014160142
vn 0.8669779542870757 -0.17518949076282853 -0.4665381754009613
vn 0.6239211276509434 0.06868460304396516 -0.7784631344999378
vn 0.36823862258244777 0.020023991227983113 -0.9295156570030884
vn 0.13993379342473228 -0.12586359408586847 -0.9821287538513227
vn 0.0677883169937254 -0.24544628911495384 -0.9670371571138601
vn 0.06778831721606428 -0.45172968144833114 -0.8895757634668356
vn 0.13993380307215295 -0.5516893121119693 -0.8222271180514459
vn 0.3682385945614179 -0.6268885907413694 -0.6865937898595728
vn 0.6239211299959886 -0.5640982271199084 -0.5408471260020754
vn 0.8408132109303954 -0.3730657048497758 -0.3922437050990859
vn 0.9369796544691166 0.1297882075449334 -0.3243827188572292
vn 0.9661332031681076 -0.09071316029746311 -0.24157350079215872
vn 0.7623049803932074 0.2113633945636481 -0.6117324842659929
vn 0.5174513850728316 0.2068113940340127 -0.8303451760466343
vn 0.26464180266351384 0.09923840099879502 -0.9592270096542361
vn 0.07335752978372913 -0.09825039971034036 -0.9924542970740706
vn 0.035500820890737396 -0.23219690582596275 -0.9720207243885968
vn 0.035500821648200016 -0.4649845215878803 -0.8846067410697211
vn 0.07335752785377625 -0.5792738830521635 -0.8118253762483967
vn 0.2646418074888684 -0.7060803199807529 -0.6568221185868381
vn 0.5174514031144132 -0.7022343042265761 -0.48898980294310995
vn 0.7623049782459355 -0.5617687839686808 -0.32141399082773847
vn 0.9369796313511705 -0.31122041041337906 -0.15877980531274385
vn 0.9614032236735837 0.18001970443280352 -0.20807870512372798
vn 0.9913165891642445 -0.04622660949471211 -0.12310369865439398
vn 0.8495022382021633 0.3400592152924821 -0.40336791813947787
vn 0.632212992741727 0.3801091956360653 -0.6751471922488105
vn 0.37182508751603616 0.31802288932243594 -0.8721281707184454
vn 0.1386673006861022 0.1512248007482348 -0.9787249048425644
vn 0 -0.08858116661444675 -0.9960689619304596
vn 0 -0.2275674070040639 -0.9737623299704332
vn 0 -0.4696161107312681 -0.8828707201746115
vn 0 -0.5889323994690626 -0.8081822992714037
vn 0.13866730059236312 -0.7580512032382658 -0.6372831027223653
vn 0.37182509767846167 -0.8134602949210548 -0.44724539720756534
vn 0.63221297706815 -0.7305468735013485 -0.2580852906386404
vn 0.8495022504207888 -0.5215087309532807 -0.07984090473882381
vn 0.9614032374451299 -0.27248431061283135 -0.03815908148623571
vn 0.8716461648859747 0.395764484056737 -0.2891425883519705
vn 0.7045433120643392 0.5281237090433952 -0.4740296081171076
vn 0.45428560288911785 0.5159690032814056 -0.7262235046185599
vn 0.19480930154799952 0.39098030310681964 -0.8995464071480026
vn 0 0.16941039887278406 -0.9855455934424161
vn 0 0.030027329341534847 -0.999549078081019
vn -0.07335752978372913 -0.09825039971034036 -0.9924542970740706
vn -0.035500820890737396 -0.23219690582596275 -0.9720207243885968
vn -0.035500821648200016 -0.4649845215878803 -0.8846067410697211
vn -0.07335752785377625 -0.5792738830521635 -0.8118253762483967
vn 0 -0.6805159071176177 -0.7327333076637677
vn 0 -0.7762314913464741 -0.6304479929716872
vn 0.19480930013899936 -0.8864322006324826 -0.4198658002995808
vn 0.45428562137949496 -0.8664459407764977 -0.20711350974713288
vn 0.704543343263083 -0.7096006435736308 -0.009252248568142347
vn 0.8716461793809832 -0.4882617884500406 0.04281779898713373
vn 0.9356199951614178 0.12764279933989214 -0.3291238982979275
vn 0.9647431961045617 -0.09252330962640949 -0.2463939990051108
vn 0.7229097222947314 0.5887221181563496 -0.3616736111541119
vn 0.5062719997257525 0.6795513996318872 -0.5309411997123891
vn 0.23801180723122006 0.6050959183838855 -0.7597429230823349
vn 0 0.41649630416653555 -0.909137409094806
vn -0.1386673006861022 0.1512248007482348 -0.9787249048425644
vn -0.13993379342473228 -0.12586359408586847 -0.9821287538513227
vn -0.0677883169937254 -0.24544628911495384 -0.9670371571138601
vn -0.06778831721606428 -0.45172968144833114 -0.8895757634668356
vn -0.13993380307215295 -0.5516893121119693 -0.8222271180514459
vn -0.13866730059236312 -0.7580512032382658 -0.6372831027223653
vn 0 -0.9119544804001787 -0.4102913911819746
vn 0.2380118061148875 -0.955606724550999 -0.17368410446221066
vn 0.5062719770408924 -0.8610606609514543 0.04757334784257916
vn 0.7229097042519597 -0.6812679040070339 0.1152198006776916
vn 0.9356199830145211 -0.31272589432269593 -0.16376129702703657
vn 0.848239908661929 0.33755050344694765 -0.4081038041674131
vn 0.8357648094972135 0.018346400208479444 -0.5487810062360731
vn 0.8618163649842897 -0.1783090927552784 -0.47484568070695865
vn 0.5194710190360444 0.7440892272671913 -0.42009651539446
vn 0.26525440344652873 0.7789013101204948 -0.5682894073839517
vn 0 0.6362672897786907 -0.7714686876067489
vn -0.19480930154799952 0.39098030310681964 -0.8995464071480026
vn -0.26464180266351384 0.09923840099879502 -0.9592270096542361
vn -0.19459199753712497 -0.16786809787535872 -0.9664130877684864
vn -0.09438953801546793 -0.2656738944142286 -0.9594310798280427
vn -0.0943895432210252 -0.43149511472468854 -0.8971636306155383
vn -0.19459200820221678 -0.509722621485237 -0.8380434353242358
vn -0.2646418074888684 -0.7060803199807529 -0.6568221185868381
vn -0.19480930013899936 -0.8864322006324826 -0.4198658002995808
vn 0 -0.9867916619003989 -0.1619944937454626
vn 0.26525439659491573 -0.9604377876708109 0.08484904891078819
vn 0.5194709852636681 -0.8366883762648579 0.17350059507814194
vn 0.8482399474067537 -0.5227372292149352 -0.08505751475372653
vn 0.8357648272720348 -0.3750233122374721 -0.4010669130873071
vn 0.7576191130416138 0.20576790354207752 -0.6194133106625467
vn 0.7034608968021194 0.5252419976122894 -0.47881479782334374
vn 0.6781434275313528 -0.09172091372369712 -0.7291836296034895
vn 0.6993290878736128 -0.25128189564276426 -0.669175788396472
vn 0.27217059897620166 0.8460241968175912 -0.45843889827553375
vn 0 0.8136503885721136 -0.5813544918347567
vn -0.23801180723122006 0.6050959183838855 -0.7597429230823349
vn -0.37182508751603616 0.31802288932243594 -0.8721281707184454
vn -0.36823862258244777 0.020023991227983113 -0.9295156570030884
vn -0.2344624084462165 -0.21991720792224353 -0.9469233341117348
vn -0.11386849663217358 -0.29083849139802836 -0.9499720719031942
vn -0.10600940112856126 -0.4198254044694023 -0.9013926095960997
vn -0.21020490305305176 -0.48092580698504805 -0.8511899123628273
vn -0.3682385945614179 -0.6268885907413694 -0.6865937898595728
vn -0.37182509767846167 -0.8134602949210548 -0.44724539720756534
vn -0.2380118061148875 -0.955606724550999 -0.17368410446221066
vn 0 -0.9951977010166978 0.0978853200999998
vn 0.27217059538878785 -0.9386659840967833 0.2117293964128042
vn 0.7034609289774308 -0.7105808292707186 -0.014751490607653382
vn 0.7576191144421486 -0.5626119107248149 -0.3308793063074018
vn 0.6781434304556729 -0.4109029184538024 -0.6093277273651344
vn 0.614617591664977 0.060276469182571964 -0.7865188893337693
vn 0.6281964048184046 0.3732556028629528 -0.6826782052362919
vn 0.5054668835087743 0.6763288779342772 -0.5358007825191085
vn 0.5159924030712849 -0.19386690115393246 -0.834366504966308
vn 0.489558595693495 -0.30653389730351005 -0.8163144928191183
vn 0 0.8816777766721994 -0.47185198751554186
vn -0.26525440344652873 0.7789013101204948 -0.5682894073839517
vn -0.45428560288911785 0.5159690032814056 -0.7262235046185599
vn -0.5174513850728316 0.2068113940340127 -0.8303451760466343
vn -0.44394722671453846 -0.0783179047127822 -0.8926237537136628
vn -0.25847628607416523 -0.2779977850224122 -0.9251525501558858
vn -0.12563760233932633 -0.3190124059398944 -0.939386117491027
vn -0.11386850505014004 -0.4063243180207397 -0.9066060402085501
vn -0.2344624089794638 -0.4577098175294143 -0.8576299328455934
vn -0.4060846012808295 -0.5775357018216024 -0.7082004022337316
vn -0.5174514031144132 -0.7022343042265761 -0.48898980294310995
vn -0.45428562137949496 -0.8664459407764977 -0.20711350974713288
vn -0.26525439659491573 -0.9604377876708109 0.08484904891078819
vn 0 -0.9743359190921027 0.22509890441081057
vn 0.5054669058937958 -0.8618332100490633 0.04179384048732026
vn 0.6281964123913597 -0.7303442144062552 -0.26826590529162436
vn 0.6146175690129927 -0.5630706716118186 -0.5524460721474764
vn 0.4746804990485576 -0.41826459916163655 -0.7744243984477556
vn 0.4552511986503622 -0.048819969855268104 -0.8890235973644004
vn 0.5094804262731395 0.1959997101074105 -0.8378626432073165
vn 0.4512992775127821 0.5079863746881929 -0.7336748634426479
vn 0.2648215032798183 0.7754326096037447 -0.573213607099259
vn 0.24737019963592427 -0.3119051995409424 -0.9173456986498646
vn 0.24756340202879568 -0.34059870279122484 -0.9070308074331676
vn -0.27217059897620166 0.8460241968175912 -0.45843889827553375
vn -0.5062719997257525 0.6795513996318872 -0.5309411997123891
vn -0.632212992741727 0.3801091956360653 -0.6751471922488105
vn -0.6239211276509434 0.06868460304396516 -0.7784631344999378
vn -0.4896163885646961 -0.18822939560378185 -0.8513785801155087
vn -0.26647059946453133 -0.33883099931912397 -0.9023230981867953
vn -0.12956249837875464 -0.34857859563815563 -0.9282814883842003
vn -0.12563759681972989 -0.3781462904279658 -0.9171807767833621
vn -0.2584763084508171 -0.3996549130666154 -0.8794691287540194
vn -0.44394722785270607 -0.5285706331618749 -0.7235495453946136
vn -0.5742903784148228 -0.6347874761409894 -0.5169481805700766
vn -0.63221297706815 -0.7305468735013485 -0.2580852906386404
vn -0.5062719770408924 -0.8610606609514543 0.04757334784257916
vn -0.27217059538878785 -0.9386659840967833 0.2117293964128042
vn 0.2648214898235284 -0.9610675630684171 0.0788588469696384
vn 0.451299292168019 -0.8653408849826191 -0.21797729621715795
vn 0.5094804072937394 -0.6990429100075227 -0.5017656071832941
vn 0.43009288986940725 -0.5247177876405716 -0.7346368826960473
vn 0.2399895051648418 -0.3970864085457422 -0.8858484190644461
vn 0.3563744894343805 0.006328434812377816 -0.9343217722996774
vn 0.3659017922545013 0.30507259354214894 -0.8792306813882297
vn 0.23640640117746936 0.5963058029700206 -0.7671580038209838
vn 0 0.810091064365707 -0.5863040742096508
vn 0.12954600405309033 -0.3335868104368904 -0.9337760292149391
vn -0.5194710190360444 0.7440892272671913 -0.42009651539446
vn -0.7045433120643392 0.5281237090433952 -0.4740296081171076
vn -0.7623049803932074 0.2113633945636481 -0.6117324842659929
vn -0.6881700659907132 -0.08575418576203767 -0.7204638643947574
vn -0.5048329748997303 -0.303456684912149 -0.808119859820322
vn -0.3802263864298954 -0.3251385883959534 -0.8658595690978709
vn -0.4896164322407879 -0.4186773275695134 -0.764843150364212
vn -0.6239211299959886 -0.5640982271199084 -0.5408471260020754
vn -0.7033592120460358 -0.6487795111112801 -0.2904668049746611
vn -0.704543343263083 -0.7096006435736308 -0.009252248568142347
vn -0.5194709852636681 -0.8366883762648579 0.17350059507814194
vn 0 -0.9957759653406675 0.09181626680421014
vn 0.2364064120522545 -0.9538698486293162 -0.18505220943416192
vn 0.3659017884313126 -0.808385774441332 -0.4611163854209205
vn 0.3563744983295391 -0.6197414970950391 -0.6992264967224633
vn 0.21731848827772154 -0.4508381756815414 -0.86574685330114
vn 0.17991599718391707 -0.1826390971412943 -0.966578084870917
vn 0.20224680902296452 -0.20445650912154706 -0.9577545427289077
vn 0.2558301044609952 0.0824490214376914 -0.9631994167956308
vn 0.19162640726733773 0.37650811427888625 -0.9063779343739395
vn 0 0.6271808617806972 -0.7788736525368039
vn -0.2648215032798183 0.7754326096037447 -0.573213607099259
vn -0.7229097222947314 0.5887221181563496 -0.3616736111541119
vn -0.8495022382021633 0.3400592152924821 -0.40336791813947787
vn -0.8408132220135607 0.022680120593794553 -0.540850014160142
vn -0.7095817729817663 -0.24770439056833832 -0.6596485748830367
vn -0.6881700894792903 -0.4096554937372073 -0.5988357908450286
vn -0.7623049782459355 -0.5617687839686808 -0.32141399082773847
vn -0.7844951906136781 -0.6185583925990774 -0.044190619471268566
vn -0.7229097042519597 -0.6812679040070339 0.1152198006776916
vn -0.2648214898235284 -0.9610675630684171 0.0788588469696384
vn 0 -0.9848250605626763 -0.17354999305019003
vn 0.1916263955929599 -0.880033579760913 -0.4345344900065392
vn 0.25583010121147576 -0.696055303296149 -0.6708636031768546
vn 0.1799160017614487 -0.49871110488257847 -0.8478900083011781
vn 0.10600940053617117 -0.2772429014022306 -0.9549337048298351
vn 0.1290377978406467 -0.14438289758385744 -0.9810722835824718
vn 0.13393439321931974 0.1322415933050211 -0.9821271502779678
vn 0 0.4014671166187379 -0.9158734379125953
vn -0.23640640117746936 0.5963058029700206 -0.7671580038209838
vn -0.5054668835087743 0.6763288779342772 -0.5358007825191085
vn -0.8716461648859747 0.395764484056737 -0.2891425883519705
vn -0.9369796544691166 0.1297882075449334 -0.3243827188572292
vn -0.8669779542870757 -0.17518949076282853 -0.4665381754009613
vn -0.8408132109303954 -0.3730657048497758 -0.3922437050990859
vn -0.8495022504207888 -0.5215087309532807 -0.07984090473882381
vn -0.8052210205236303 -0.5873961149716667 0.08114747206830246
vn -0.5054669058937958 -0.8618332100490633 0.04179384048732026
vn -0.2364064120522545 -0.9538698486293162 -0.18505220943416192
vn 0 -0.9050736219973756 -0.4252549103356147
vn 0.13393440392238026 -0.7459993218472096 -0.6523393191042988
vn 0.12903780200420614 -0.5370519083414526 -0.8336213129477481
vn 0.0675068879744163 -0.11942069641671185 -0.9905460702780851
vn 0 0.14962560396667604 -0.9887427262122375
vn -0.19162640726733773 0.37650811427888625 -0.9063779343739395
vn -0.4512992775127821 0.5079863746881929 -0.7336748634426479
vn -0.7034608968021194 0.5252419976122894 -0.47881479782334374
vn -0.9614032236735837 0.18001970443280352 -0.20807870512372798
vn -0.9661332031681076 -0.09071316029746311 -0.24157350079215872
vn -0.9369796313511705 -0.31122041041337906 -0.15877980531274385
vn -0.8716461793809832 -0.4882617884500406 0.04281779898713373
vn -0.8121692258705913 -0.5461834173979603 0.20509710653310068
vn -0.7034609289774308 -0.7105808292707186 -0.014751490607653382
vn -0.451299292168019 -0.8653408849826191 -0.21797729621715795
vn -0.1916263955929599 -0.880033579760913 -0.4345344900065392
vn 0 -0.7634410777932323 -0.6458774812128908
vn 0.06750689144897733 -0.5620801120645655 -0.8243232176933886
vn 0 -0.11071879706392113 -0.9938517736447011
vn -0.13393439321931974 0.1322415933050211 -0.9821271502779678
vn -0.3659017922545013 0.30507259354214894 -0.8792306813882297
vn -0.6281964048184046 0.3732556028629528 -0.6826782052362919
vn -0.848239908661929 0.33755050344694765 -0.4081038041674131
vn -0.9913165891642445 -0.04622660949471211 -0.12310369865439398
vn -0.9614032374451299 -0.27248431061283135 -0.03815908148623571
vn -0.6281964123913597 -0.7303442144062552 -0.26826590529162436
vn -0.3659017884313126 -0.808385774441332 -0.4611163854209205
vn -0.13393440392238026 -0.7459993218472096 -0.6523393191042988
vn 0 -0.5708069831738973 -0.8210842757962876
vn -0.0675068879744163 -0.11942069641671185 -0.9905460702780851
vn -0.2558301044609952 0.0824490214376914 -0.9631994167956308
vn -0.5094804262731395 0.1959997101074105 -0.8378626432073165
vn -0.7576191130416138 0.20576790354207752 -0.6194133106625467
vn -0.9356199951614178 0.12764279933989214 -0.3291238982979275
vn -0.8482399474067537 -0.5227372292149352 -0.08505751475372653
vn -0.5094804072937394 -0.6990429100075227 -0.5017656071832941
vn -0.25583010121147576 -0.696055303296149 -0.6708636031768546
vn -0.06750689144897733 -0.5620801120645655 -0.8243232176933886
vn -0.1290377978406467 -0.14438289758385744 -0.9810722835824718
vn -0.3563744894343805 0.006328434812377816 -0.9343217722996774
vn -0.614617591664977 0.060276469182571964 -0.7865188893337693
vn -0.8357648094972135 0.018346400208479444 -0.5487810062360731
vn -0.9647431961045617 -0.09252330962640949 -0.2463939990051108
vn -0.9356199830145211 -0.31272589432269593 -0.16376129702703657
vn -0.7576191144421486 -0.5626119107248149 -0.3308793063074018
vn -0.3563744983295391 -0.6197414970950391 -0.6992264967224633
vn -0.12903780200420614 -0.5370519083414526 -0.8336213129477481
vn -0.17991599718391707 -0.1826390971412943 -0.966578084870917
vn -0.4300929149549889 -0.08851620307784366 -0.8984347312399507
vn -0.6781434275313528 -0.09172091372369712 -0.7291836296034895
vn -0.8618163649842897 -0.1783090927552784 -0.47484568070695865
vn -0.8357648272720348 -0.3750233122374721 -0.4010669130873071
vn -0.6146175690129927 -0.5630706716118186 -0.5524460721474764
vn -0.1799160017614487 -0.49871110488257847 -0.8478900083011781
vn -0.21731849948338394 -0.23043299945220755 -0.9485110977451711
vn -0.4746805007092178 -0.19484660029111917 -0.8583200012824117
vn -0.6993290878736128 -0.25128189564276426 -0.669175788396472
vn -0.6781434304556729 -0.4109029184538024 -0.6093277273651344
vn -0.43009288986940725 -0.5247177876405716 -0.7346368826960473
vn -0.23998949684717877 -0.284130396267285 -0.9282644878050832
vn -0.489558595693495 -0.30653389730351005 -0.8163144928191183
vn -0.4746804990485576 -0.41826459916163655 -0.7744243984477556
vn -0.21731848827772154 -0.4508381756815414 -0.86574685330114
vn -0.24756340202879568 -0.34059870279122484 -0.9070308074331676
vn -0.2399895051648418 -0.3970864085457422 -0.8858484190644461
usemtl material_0_0
f 1/1/1 2/2/2 3/3/3
f 2/2/2 1/1/1 4/4/4
f 1/5/1 9/6/5 10/7/6
f 9/6/5 1/5/1 3/8/3
f 13/9/7 4/10/4 1/11/1
f 4/10/4 13/9/7 14/12/8
f 4/10/4 14/12/8 15/13/9
f 4/14/4 19/15/10 2/16/2
f 19/15/10 4/14/4 20/17/11
f 10/18/6 23/19/12 24/20/13
f 23/19/12 10/18/6 9/21/5
f 14/22/8 10/23/6 27/24/14
f 10/23/6 14/22/8 1/25/1
f 1/25/1 14/22/8 13/26/7
f 29/27/15 15/28/9 14/29/8
f 15/28/9 29/27/15 30/30/16
f 15/31/9 20/32/11 4/33/4
f 20/32/11 15/31/9 33/34/17
f 20/35/11 35/36/18 19/37/10
f 35/36/18 20/35/11 36/38/19
f 24/39/13 39/40/20 40/41/21
f 39/40/20 24/39/13 23/42/12
f 27/43/14 24/44/13 43/45/22
f 24/44/13 27/43/14 10/46/6
f 45/47/23 14/48/8 27/49/14
f 14/48/8 45/47/23 29/50/15
f 47/51/24 29/52/15 48/53/25
f 29/52/15 47/51/24 30/54/16
f 30/55/16 33/56/17 15/57/9
f 33/56/17 30/55/16 51/58/26
f 33/59/17 36/60/19 20/61/11
f 36/60/19 33/59/17 53/62/27
f 36/63/19 55/64/28 35/65/18
f 55/64/28 36/63/19 56/66/29
f 40/67/21 59/68/30 60/69/31
f 59/68/30 40/67/21 39/70/20
f 43/71/22 40/72/21 63/73/32
f 40/72/21 43/71/22 24/74/13
f 45/75/23 43/76/22 65/77/33
f 43/76/22 45/75/23 27/78/14
f 48/79/25 45/80/23 67/81/34
f 45/80/23 48/79/25 29/82/15
f 69/83/35 48/84/25 70/85/36
f 48/84/25 69/83/35 47/86/24
f 73/87/37 30/88/16 47/89/24
f 30/88/16 73/87/37 51/90/26
f 51/91/26 53/92/27 33/93/17
f 53/92/27 51/91/26 75/94/38
f 53/95/27 56/96/29 36/97/19
f 56/96/29 53/95/27 77/98/39
f 56/99/29 79/100/40 55/101/28
f 79/100/40 56/99/29 80/102/41
f 60/103/31 83/104/42 84/105/43
f 83/104/42 60/103/31 59/106/30
f 63/107/32 60/108/31 87/109/44
f 60/108/31 63/107/32 40/110/21
f 65/111/33 63/112/32 89/113/45
f 63/112/32 65/111/33 43/114/22
f 67/115/34 65/116/33 91/117/46
f 65/116/33 67/115/34 45/118/23
f 70/119/36 67/120/34 93/121/47
f 67/120/34 70/119/36 48/122/25
f 95/123/48 70/124/36 96/125/49
f 70/124/36 95/123/48 69/126/35
f 99/127/50 47/128/24 69/129/35
f 47/128/24 99/127/50 73/130/37
f 73/131/37 75/132/38 51/133/26
f 75/132/38 73/131/37 101/134/51
f 75/135/38 77/136/39 53/137/27
f 77/136/39 75/135/38 103/138/52
f 77/139/39 80/140/41 56/141/29
f 80/140/41 77/139/39 105/142/53
f 80/143/41 107/144/54 79/145/40
f 107/144/54 80/143/41 108/146/55
f 84/147/43 111/148/56 112/149/57
f 111/148/56 84/147/43 83/150/42
f 87/151/44 84/152/43 115/153/58
f 84/152/43 87/151/44 60/154/31
f 117/155/59 63/156/32 87/157/44
f 63/156/32 117/155/59 89/158/45
f 119/159/60 65/160/33 89/161/45
f 65/160/33 119/159/60 91/162/46
f 93/163/47 91/164/46 121/165/61
f 91/164/46 93/163/47 67/166/34
f 96/167/49 93/168/47 123/169/62
f 93/168/47 96/167/49 70/170/36
f 125/171/63 126/172/64 127/173/64
f 126/172/64 125/171/63 128/174/63
f 133/175/65 69/176/35 95/177/48
f 69/176/35 133/175/65 99/178/50
f 135/179/66 73/180/37 99/181/50
f 73/180/37 135/179/66 101/182/51
f 101/183/51 103/184/52 75/185/38
f 103/184/52 101/183/51 137/186/67
f 103/187/52 105/188/53 77/189/39
f 105/188/53 103/187/52 139/190/68
f 105/191/53 108/192/55 80/193/41
f 108/192/55 105/191/53 141/194/69
f 141/194/69 105/191/53 142/195/70
f 107/196/54 145/197/71 146/198/72
f 145/197/71 107/196/54 108/199/55
f 111/200/56 149/201/73 112/202/57
f 149/201/73 111/200/56 150/203/74
f 115/204/58 153/205/75 154/206/76
f 153/205/75 115/204/58 112/207/57
f 112/207/57 115/204/58 84/208/43
f 157/209/77 87/210/44 115/211/58
f 87/210/44 157/209/77 117/212/59
f 159/213/78 89/214/45 117/215/59
f 89/214/45 159/213/78 119/216/60
f 121/217/61 119/218/60 161/219/79
f 119/218/60 121/217/61 91/220/46
f 123/221/62 121/222/61 163/223/80
f 121/222/61 123/221/62 93/224/47
f 127/225/64 165/226/81 166/227/81
f 165/226/81 127/225/64 126/228/64
f 169/229/82 128/230/63 125/231/63
f 128/230/63 169/229/82 170/232/82
f 173/233/83 174/234/49 175/235/84
f 174/234/49 173/233/83 176/236/48
f 181/237/85 99/238/50 133/239/65
f 99/238/50 181/237/85 135/240/66
f 135/241/66 137/242/67 101/243/51
f 137/242/67 135/241/66 183/244/86
f 137/245/67 139/246/68 103/247/52
f 139/246/68 137/245/67 185/248/87
f 139/249/68 142/250/70 105/251/53
f 142/250/70 139/249/68 187/252/88
f 108/253/55 189/254/89 145/255/71
f 189/254/89 108/253/55 142/256/70
f 142/256/70 108/253/55 141/257/69
f 146/258/72 191/259/90 192/260/91
f 191/259/90 146/258/72 145/261/71
f 150/262/74 195/263/92 149/264/73
f 195/263/92 150/262/74 196/265/93
f 153/266/75 199/267/94 154/268/76
f 199/267/94 153/266/75 112/269/57
f 199/267/94 112/269/57 149/270/73
f 157/271/77 154/272/76 201/273/95
f 154/272/76 157/271/77 115/274/58
f 203/275/96 117/276/59 157/277/77
f 117/276/59 203/275/96 159/278/78
f 205/279/97 119/280/60 159/281/78
f 119/280/60 205/279/97 161/282/79
f 163/283/80 161/284/79 207/285/98
f 161/284/79 163/283/80 121/286/61
f 166/287/81 209/288/99 210/289/99
f 209/288/99 166/287/81 165/290/81
f 175/291/84 213/292/62 214/293/100
f 213/292/62 175/291/84 174/294/49
f 217/295/101 176/296/48 173/297/83
f 176/296/48 217/295/101 218/298/65
f 221/299/102 170/300/82 169/301/82
f 170/300/82 221/299/102 222/302/102
f 225/303/103 175/304/84 226/305/104
f 175/304/84 225/303/103 173/306/83
f 135/307/66 229/308/105 183/309/86
f 229/308/105 135/307/66 181/310/85
f 137/311/67 231/312/106 185/313/87
f 231/312/106 137/311/67 183/314/86
f 185/315/87 187/316/88 139/317/68
f 187/316/88 185/315/87 233/318/107
f 142/319/70 235/320/108 189/321/89
f 235/320/108 142/319/70 187/322/88
f 145/323/71 237/324/109 191/325/90
f 237/324/109 145/323/71 189/326/89
f 192/327/91 239/328/110 240/329/111
f 239/328/110 192/327/91 191/330/90
f 196/331/93 243/332/112 195/333/92
f 243/332/112 196/331/93 244/334/113
f 149/335/73 247/336/114 199/337/94
f 247/336/114 149/335/73 195/338/92
f 201/339/95 199/340/94 249/341/115
f 199/340/94 201/339/95 154/342/76
f 203/343/96 201/344/95 251/345/116
f 201/344/95 203/343/96 157/346/77
f 253/347/117 159/348/78 203/349/96
f 159/348/78 253/347/117 205/350/97
f 255/351/118 161/352/79 205/353/97
f 161/352/79 255/351/118 207/354/98
f 210/355/99 257/356/119 258/357/119
f 257/356/119 210/355/99 209/358/99
f 214/359/100 261/360/80 262/361/120
f 261/360/80 214/359/100 213/362/62
f 226/363/104 214/364/100 265/365/121
f 214/364/100 226/363/104 175/366/84
f 267/367/122 173/368/83 225/369/103
f 173/368/83 267/367/122 217/370/101
f 269/371/123 218/372/65 217/373/101
f 218/372/65 269/371/123 270/374/85
f 222/375/102 273/376/124 274/377/124
f 273/376/124 222/375/102 221/378/102
f 277/379/125 226/380/104 278/381/126
f 226/380/104 277/379/125 225/382/103
f 183/383/86 281/384/127 231/385/106
f 281/384/127 183/383/86 229/386/105
f 233/387/107 231/388/106 283/389/128
f 231/388/106 233/387/107 185/390/87
f 187/391/88 285/392/129 235/393/108
f 285/392/129 187/391/88 233/394/107
f 189/395/89 287/396/130 237/397/109
f 287/396/130 189/395/89 235/398/108
f 191/399/90 289/400/131 239/401/110
f 289/400/131 191/399/90 237/402/109
f 240/403/111 291/404/132 292/405/133
f 291/404/132 240/403/111 239/406/110
f 244/407/113 295/408/134 243/409/112
f 295/408/134 244/407/113 296/410/135
f 195/411/92 299/412/136 247/413/114
f 299/412/136 195/411/92 243/414/112
f 249/415/115 247/416/114 301/417/137
f 247/416/114 249/415/115 199/418/94
f 251/419/116 249/420/115 303/421/138
f 249/420/115 251/419/116 201/422/95
f 253/423/117 251/424/116 305/425/139
f 251/424/116 253/423/117 203/426/96
f 307/427/140 205/428/97 253/429/117
f 205/428/97 307/427/140 255/430/118
f 258/431/119 309/432/141 310/433/141
f 309/432/141 258/431/119 257/434/119
f 262/435/120 313/436/98 314/437/142
f 313/436/98 262/435/120 261/438/80
f 265/439/121 262/440/120 317/441/143
f 262/440/120 265/439/121 214/442/100
f 278/443/126 265/444/121 319/445/144
f 265/444/121 278/443/126 226/446/104
f 321/447/145 225/448/103 277/449/125
f 225/448/103 321/447/145 267/450/122
f 323/451/146 217/452/101 267/453/122
f 217/452/101 323/451/146 269/454/123
f 270/455/85 325/456/147 326/457/105
f 325/456/147 270/455/85 269/458/123
f 329/459/148 273/460/124 330/461/148
f 273/460/124 329/459/148 274/462/124
f 333/463/149 277/464/125 278/465/126
f 277/464/125 333/463/149 334/466/150
f 283/467/128 281/468/127 337/469/151
f 281/468/127 283/467/128 231/470/106
f 285/471/129 283/472/128 339/473/152
f 283/472/128 285/471/129 233/474/107
f 235/475/108 341/476/153 287/477/130
f 341/476/153 235/475/108 285/478/129
f 237/479/109 343/480/154 289/481/131
f 343/480/154 237/479/109 287/482/130
f 239/483/110 345/484/155 291/485/132
f 345/484/155 239/483/110 289/486/131
f 292/487/133 347/488/156 348/489/157
f 347/488/156 292/487/133 291/490/132
f 351/410/135 352/491/158 295/408/134
f 352/491/158 351/410/135 353/492/159
f 243/493/112 357/494/160 299/495/136
f 357/494/160 243/493/112 295/496/134
f 301/497/137 299/498/136 359/499/161
f 299/498/136 301/497/137 247/500/114
f 303/501/138 301/502/137 361/503/162
f 301/502/137 303/501/138 249/504/115
f 305/505/139 303/506/138 363/507/163
f 303/506/138 305/505/139 251/508/116
f 307/509/140 305/510/139 365/511/164
f 305/510/139 307/509/140 253/512/117
f 310/513/141 367/514/165 368/515/165
f 367/514/165 310/513/141 309/516/141
f 371/517/166 313/518/98 372/519/118
f 313/518/98 371/517/166 314/520/142
f 317/521/143 314/522/142 375/523/167
f 314/522/142 317/521/143 262/524/120
f 319/525/144 317/526/143 377/527/168
f 317/526/143 319/525/144 265/528/121
f 379/529/169 278/530/126 319/531/144
f 278/530/126 379/529/169 333/532/149
f 334/533/150 321/534/145 277/535/125
f 321/534/145 334/533/150 381/536/170
f 321/537/145 323/538/146 267/539/122
f 323/538/146 321/537/145 383/540/171
f 323/541/146 325/542/147 269/543/123
f 325/542/147 323/541/146 385/544/172
f 326/545/105 387/546/173 388/547/127
f 387/546/173 326/545/105 325/548/147
f 329/549/148 391/550/174 392/551/174
f 391/550/174 329/549/148 330/552/148
f 395/553/175 334/554/150 333/555/149
f 334/554/150 395/553/175 396/556/176
f 339/557/152 337/558/151 399/559/177
f 337/558/151 339/557/152 283/560/128
f 341/561/153 339/562/152 401/563/178
f 339/562/152 341/561/153 285/564/129
f 287/565/130 403/566/179 343/567/154
f 403/566/179 287/565/130 341/568/153
f 289/569/131 405/570/180 345/571/155
f 405/570/180 289/569/131 343/572/154
f 291/573/132 407/574/181 347/575/156
f 407/574/181 291/573/132 345/576/155
f 348/577/157 409/578/182 410/579/183
f 409/578/182 348/577/157 347/580/156
f 353/581/159 413/582/184 352/583/158
f 413/582/184 353/581/159 414/584/185
f 295/496/134 417/585/186 357/494/160
f 417/585/186 295/496/134 352/586/158
f 299/587/136 419/588/187 359/589/161
f 419/588/187 299/587/136 357/590/160
f 361/591/162 359/592/161 421/593/188
f 359/592/161 361/591/162 301/594/137
f 363/595/163 361/596/162 423/597/189
f 361/596/162 363/595/163 303/598/138
f 365/599/164 363/600/163 425/601/190
f 363/600/163 365/599/164 305/602/139
f 368/603/165 427/604/191 428/605/191
f 427/604/191 368/603/165 367/606/165
f 431/607/192 372/608/118 432/609/140
f 372/608/118 431/607/192 371/610/166
f 435/611/193 314/612/142 371/613/166
f 314/612/142 435/611/193 375/614/167
f 437/615/194 317/616/143 375/617/167
f 317/616/143 437/615/194 377/618/168
f 379/619/169 377/620/168 439/621/195
f 377/620/168 379/619/169 319/622/144
f 395/623/175 379/624/169 441/625/196
f 379/624/169 395/623/175 333/626/149
f 381/627/170 383/628/171 321/629/145
f 383/628/171 381/627/170 443/630/197
f 383/631/171 385/632/172 323/633/146
f 385/632/172 383/631/171 445/634/198
f 325/635/147 447/636/199 387/637/173
f 447/636/199 325/635/147 385/638/172
f 388/639/127 449/640/200 450/641/151
f 449/640/200 388/639/127 387/642/173
f 392/643/174 453/644/201 454/645/201
f 453/644/201 392/643/174 391/646/174
f 457/647/3 396/648/176 395/649/175
f 396/648/176 457/647/3 458/650/202
f 401/651/178 399/652/177 461/653/203
f 399/652/177 401/651/178 339/654/152
f 341/655/153 463/656/204 403/657/179
f 463/656/204 341/655/153 401/658/178
f 343/659/154 465/660/205 405/661/180
f 465/660/205 343/659/154 403/662/179
f 345/663/155 467/664/206 407/665/181
f 467/664/206 345/663/155 405/666/180
f 347/667/156 469/668/207 409/669/182
f 469/668/207 347/667/156 470/670/208
f 470/670/208 347/667/156 407/671/181
f 414/672/185 409/673/182 413/674/184
f 409/673/182 414/672/185 410/675/183
f 352/676/158 473/677/209 417/678/186
f 473/677/209 352/676/158 413/679/184
f 357/590/160 475/680/210 419/588/187
f 475/680/210 357/590/160 417/681/186
f 421/682/188 419/683/187 477/684/211
f 419/683/187 421/682/188 359/685/161
f 423/686/189 421/687/188 479/688/212
f 421/687/188 423/686/189 361/689/162
f 425/690/190 423/691/189 481/692/213
f 423/691/189 425/690/190 363/693/163
f 428/694/191 483/695/214 484/696/214
f 483/695/214 428/694/191 427/697/191
f 431/698/192 487/699/164 488/700/215
f 487/699/164 431/698/192 432/701/140
f 491/702/216 371/703/166 431/704/192
f 371/703/166 491/702/216 435/705/193
f 493/706/217 375/707/167 435/708/193
f 375/707/167 493/706/217 437/709/194
f 439/710/195 437/711/194 495/712/218
f 437/711/194 439/710/195 377/713/168
f 441/714/196 439/715/195 497/716/219
f 439/715/195 441/714/196 379/717/169
f 457/718/3 441/719/196 499/720/5
f 441/719/196 457/718/3 395/721/175
f 501/722/220 443/723/197 381/724/170
f 443/723/197 501/722/220 502/725/221
f 443/726/197 445/727/198 383/728/171
f 445/727/198 443/726/197 505/729/222
f 445/730/198 447/731/199 385/732/172
f 447/731/199 445/730/198 507/733/223
f 387/734/173 509/735/224 449/736/200
f 509/735/224 387/734/173 447/737/199
f 511/738/177 449/739/200 512/740/225
f 449/739/200 511/738/177 450/741/151
f 515/742/226 453/743/201 516/744/226
f 453/743/201 515/742/226 454/745/201
f 463/746/204 461/747/203 519/748/227
f 461/747/203 463/746/204 401/749/178
f 465/750/205 463/751/204 521/752/228
f 463/751/204 465/750/205 403/753/179
f 467/754/206 465/755/205 523/756/229
f 465/755/205 467/754/206 405/757/180
f 407/758/181 525/759/230 470/760/208
f 525/759/230 407/758/181 467/761/206
f 413/762/184 470/763/208 473/764/209
f 470/763/208 413/762/184 469/765/207
f 469/765/207 413/762/184 409/766/182
f 417/767/186 527/768/231 475/769/210
f 527/768/231 417/767/186 473/770/209
f 477/684/211 475/771/210 529/772/232
f 475/771/210 477/684/211 419/683/187
f 421/773/188 531/774/233 479/775/212
f 531/774/233 421/773/188 477/776/211
f 481/777/213 479/778/212 533/779/234
f 479/778/212 481/777/213 423/780/189
f 484/781/214 535/782/235 536/783/235
f 535/782/235 484/781/214 483/784/214
f 488/785/215 539/786/190 540/787/236
f 539/786/190 488/785/215 487/788/164
f 491/789/216 488/790/215 543/791/237
f 488/790/215 491/789/216 431/792/192
f 545/793/238 435/794/193 491/795/216
f 435/794/193 545/793/238 493/796/217
f 547/797/239 437/798/194 493/799/217
f 437/798/194 547/797/239 495/800/218
f 497/801/219 495/802/218 549/803/240
f 495/802/218 497/801/219 439/804/195
f 499/805/5 497/806/219 551/807/12
f 497/806/219 499/805/5 441/808/196
f 553/809/241 502/810/221 501/811/220
f 502/810/221 553/809/241 554/812/18
f 502/813/221 505/814/222 443/815/197
f 505/814/222 502/813/221 557/816/242
f 505/817/222 507/818/223 445/819/198
f 507/818/223 505/817/222 559/820/243
f 507/821/223 509/822/224 447/823/199
f 509/822/224 507/821/223 561/824/244
f 512/825/225 509/826/224 563/827/245
f 509/826/224 512/825/225 449/828/200
f 565/829/203 512/830/225 566/831/246
f 512/830/225 565/829/203 511/832/177
f 569/833/247 516/834/226 570/835/247
f 516/834/226 569/833/247 515/836/226
f 521/837/228 519/838/227 573/839/248
f 519/838/227 521/837/228 463/840/204
f 523/841/229 521/842/228 575/843/249
f 521/842/228 523/841/229 465/844/205
f 525/845/230 523/846/229 577/847/250
f 523/846/229 525/845/230 467/848/206
f 470/849/208 527/850/231 473/851/209
f 527/850/231 470/849/208 525/852/230
f 475/853/210 579/854/251 529/855/232
f 579/854/251 475/853/210 527/856/231
f 477/776/211 581/857/252 531/774/233
f 581/857/252 477/776/211 529/858/232
f 479/859/212 583/860/253 533/861/234
f 583/860/253 479/859/212 531/862/233
f 536/863/235 585/864/254 586/865/254
f 585/864/254 536/863/235 535/866/235
f 540/867/236 589/868/213 590/869/255
f 589/868/213 540/867/236 539/870/190
f 543/871/237 540/872/236 593/873/256
f 540/872/236 543/871/237 488/874/215
f 545/875/238 543/876/237 595/877/257
f 543/876/237 545/875/238 491/878/216
f 597/879/258 493/880/217 545/881/238
f 493/880/217 597/879/258 547/882/239
f 549/883/240 547/884/239 599/885/259
f 547/884/239 549/883/240 495/886/218
f 551/887/12 549/888/240 601/889/20
f 549/888/240 551/887/12 497/890/219
f 554/891/18 557/892/242 502/893/221
f 557/892/242 554/891/18 603/894/28
f 557/895/242 559/896/243 505/897/222
f 559/896/243 557/895/242 605/898/260
f 559/899/243 561/900/244 507/901/223
f 561/900/244 559/899/243 607/902/261
f 509/903/224 609/904/262 563/905/245
f 609/904/262 509/903/224 561/906/244
f 566/907/246 563/908/245 611/909/263
f 563/908/245 566/907/246 512/910/225
f 613/911/227 566/912/246 614/913/264
f 566/912/246 613/911/227 565/914/203
f 617/915/265 570/916/247 618/917/265
f 570/916/247 617/915/265 569/918/247
f 575/919/249 573/920/248 621/921/266
f 573/920/248 575/919/249 521/922/228
f 577/923/250 575/924/249 623/925/267
f 575/924/249 577/923/250 523/926/229
f 527/927/231 577/928/250 579/929/251
f 577/928/250 527/927/231 525/930/230
f 529/931/232 625/932/268 581/933/252
f 625/932/268 529/931/232 579/934/251
f 531/862/233 627/935/269 628/860/253
f 627/935/269 531/862/233 581/936/252
f 585/937/254 631/938/270 586/939/254
f 631/938/270 585/937/254 632/940/270
f 590/941/255 635/942/234 636/943/271
f 635/942/234 590/941/255 589/944/213
f 593/945/256 590/946/255 639/947/272
f 590/946/255 593/945/256 540/948/236
f 595/949/257 593/950/256 641/951/273
f 593/950/256 595/949/257 543/952/237
f 597/953/258 595/954/257 643/955/274
f 595/954/257 597/953/258 545/956/238
f 599/957/259 597/958/258 645/959/275
f 597/958/258 599/957/259 547/960/239
f 601/961/20 599/962/259 647/963/30
f 599/962/259 601/961/20 549/964/240
f 603/965/28 605/966/260 557/967/242
f 605/966/260 603/965/28 649/968/40
f 605/969/260 607/970/261 559/971/243
f 607/970/261 605/969/260 651/972/276
f 561/973/244 653/974/277 609/975/262
f 653/974/277 561/973/244 607/976/261
f 563/977/245 655/978/278 611/979/263
f 655/978/278 563/977/245 609/980/262
f 566/981/246 657/982/279 614/983/264
f 657/982/279 566/981/246 611/984/263
f 659/985/248 614/986/264 660/987/280
f 614/986/264 659/985/248 613/988/227
f 663/989/281 618/990/265 664/991/281
f 618/990/265 663/989/281 617/992/265
f 623/993/267 621/994/266 667/995/282
f 621/994/266 623/993/267 575/996/249
f 579/997/251 623/998/267 625/999/268
f 623/998/267 579/997/251 577/1000/250
f 581/1001/252 669/1002/283 627/1003/269
f 669/1002/283 581/1001/252 625/1004/268
f 671/940/270 672/1005/284 673/938/270
f 672/1005/284 671/940/270 674/1006/284
f 635/1007/234 679/1008/233 636/1009/271
f 679/1008/233 635/1007/234 680/1010/253
f 639/1011/272 636/1012/271 683/1013/285
f 636/1012/271 639/1011/272 590/1014/255
f 641/1015/273 639/1016/272 685/1017/286
f 639/1016/272 641/1015/273 593/1018/256
f 643/1019/274 641/1020/273 687/1021/287
f 641/1020/273 643/1019/274 595/1022/257
f 645/1023/275 643/1024/274 689/1025/288
f 643/1024/274 645/1023/275 597/1026/258
f 647/1027/30 645/1028/275 691/1029/42
f 645/1028/275 647/1027/30 599/1030/259
f 649/1031/40 651/1032/276 605/1033/260
f 651/1032/276 649/1031/40 693/1034/54
f 607/1035/261 695/1036/289 653/1037/277
f 695/1036/289 607/1035/261 651/1038/276
f 609/1039/262 697/1040/290 655/1041/278
f 697/1040/290 609/1039/262 653/1042/277
f 611/1043/263 699/1044/291 657/1045/279
f 699/1044/291 611/1043/263 655/1046/278
f 660/1047/280 657/1048/279 701/1049/292
f 657/1048/279 660/1047/280 614/1050/264
f 703/1051/266 660/1052/280 704/1053/293
f 660/1052/280 703/1051/266 659/1054/248
f 707/1055/294 664/1056/281 708/1057/294
f 664/1056/281 707/1055/294 663/1058/281
f 625/1059/268 667/1060/282 669/1061/283
f 667/1060/282 625/1059/268 623/1062/267
f 674/1063/284 711/1064/295 672/1065/284
f 711/1064/295 674/1063/284 712/1066/295
f 715/1010/253 716/1067/296 679/1008/233
f 716/1067/296 715/1010/253 717/1068/269
f 636/1069/271 721/1070/211 683/1071/285
f 721/1070/211 636/1069/271 679/1072/233
f 685/1073/286 683/1074/285 723/1075/297
f 683/1074/285 685/1073/286 639/1076/272
f 687/1077/287 685/1078/286 725/1079/298
f 685/1078/286 687/1077/287 641/1080/273
f 643/1081/274 727/1082/299 689/1083/288
f 727/1082/299 643/1081/274 687/1084/287
f 691/1085/42 689/1086/288 729/1087/56
f 689/1086/288 691/1085/42 645/1088/275
f 651/1089/276 731/1090/72 695/1091/289
f 731/1090/72 651/1089/276 693/1092/54
f 653/1093/277 733/1094/300 697/1095/290
f 733/1094/300 653/1093/277 695/1096/289
f 655/1097/278 735/1098/301 699/1099/291
f 735/1098/301 655/1097/278 697/1100/290
f 657/1101/279 737/1102/302 701/1103/292
f 737/1102/302 657/1101/279 699/1104/291
f 704/1105/293 701/1106/292 739/1107/303
f 701/1106/292 704/1105/293 660/1108/280
f 741/1109/282 704/1110/293 742/1111/304
f 704/1110/293 741/1109/282 703/1112/266
f 712/1113/295 708/1114/294 711/1115/295
f 708/1114/294 712/1113/295 707/1116/294
f 717/1117/269 745/1118/305 716/1119/296
f 745/1118/305 717/1117/269 746/1120/283
f 679/1072/233 749/1121/306 721/1070/211
f 749/1121/306 679/1072/233 716/1122/296
f 723/1123/297 721/1124/211 751/1125/187
f 721/1124/211 723/1123/297 683/1126/285
f 725/1127/298 723/1128/297 753/1129/307
f 723/1128/297 725/1127/298 685/1130/286
f 687/1131/287 755/1132/308 727/1133/299
f 755/1132/308 687/1131/287 725/1134/298
f 689/1135/288 757/1136/74 729/1137/56
f 757/1136/74 689/1135/288 727/1138/299
f 695/1139/289 759/1140/91 733/1141/300
f 759/1140/91 695/1139/289 731/1142/72
f 697/1143/290 761/1144/309 735/1145/301
f 761/1144/309 697/1143/290 733/1146/300
f 699/1147/291 763/1148/310 737/1149/302
f 763/1148/310 699/1147/291 735/1150/301
f 739/1151/303 737/1152/302 765/1153/311
f 737/1152/302 739/1151/303 701/1154/292
f 742/1155/304 739/1156/303 767/1157/312
f 739/1156/303 742/1155/304 704/1158/293
f 746/1159/283 742/1160/304 745/1161/305
f 742/1160/304 746/1159/283 741/1162/282
f 716/1163/296 769/1164/313 749/1165/306
f 769/1164/313 716/1163/296 745/1166/305
f 751/1125/187 749/1167/306 771/1168/314
f 749/1167/306 751/1125/187 721/1124/211
f 723/1169/297 773/1170/160 753/1171/307
f 773/1170/160 723/1169/297 751/1172/187
f 725/1173/298 775/1174/315 755/1175/308
f 775/1174/315 725/1173/298 753/1176/307
f 727/1177/299 777/1178/93 757/1179/74
f 777/1178/93 727/1177/299 755/1180/308
f 733/1181/300 779/1182/111 761/1183/309
f 779/1182/111 733/1181/300 759/1184/91
f 735/1185/301 781/1186/316 763/1187/310
f 781/1186/316 735/1185/301 761/1188/309
f 737/1189/302 783/1190/317 765/1191/311
f 783/1190/317 737/1189/302 763/1192/310
f 767/1193/312 765/1194/311 785/1195/318
f 765/1194/311 767/1193/312 739/1196/303
f 745/1197/305 767/1198/312 769/1199/313
f 767/1198/312 745/1197/305 742/1200/304
f 749/1201/306 787/1202/319 771/1203/314
f 787/1202/319 749/1201/306 769/1204/313
f 751/1172/187 789/1205/320 773/1170/160
f 789/1205/320 751/1172/187 771/1206/314
f 753/1207/307 791/1208/134 775/1209/315
f 791/1208/134 753/1207/307 773/1210/160
f 755/1211/308 793/1212/113 777/1213/93
f 793/1212/113 755/1211/308 775/1214/315
f 761/1215/309 795/1216/133 781/1217/316
f 795/1216/133 761/1215/309 779/1218/111
f 763/1219/310 797/1220/321 783/1221/317
f 797/1220/321 763/1219/310 781/1222/316
f 765/1223/311 799/1224/322 785/1225/318
f 799/1224/322 765/1223/311 783/1226/317
f 769/1227/313 785/1228/318 787/1229/319
f 785/1228/318 769/1227/313 767/1230/312
f 771/1231/314 801/1232/323 789/1233/320
f 801/1232/323 771/1231/314 787/1234/319
f 773/1210/160 803/1235/324 791/1208/134
f 803/1235/324 773/1210/160 789/1236/320
f 775/1237/315 805/1238/135 793/1239/113
f 805/1238/135 775/1237/315 791/1240/134
f 781/1241/316 807/1242/157 797/1243/321
f 807/1242/157 781/1241/316 795/1244/133
f 783/1245/317 809/1246/325 799/1247/322
f 809/1246/325 783/1245/317 797/1248/321
f 785/1249/318 801/1250/323 787/1251/319
f 801/1250/323 785/1249/318 799/1252/322
f 789/1253/320 811/1254/326 803/1255/324
f 811/1254/326 789/1253/320 801/1256/323
f 791/1240/134 813/1257/159 814/1238/135
f 813/1257/159 791/1240/134 803/1258/324
f 797/1259/321 817/1260/183 809/1261/325
f 817/1260/183 797/1259/321 807/1262/157
f 801/1263/323 809/1264/325 811/1265/326
f 809/1264/325 801/1263/323 799/1266/322
f 803/1267/324 819/1268/185 813/1269/159
f 819/1268/185 803/1267/324 811/1270/326
f 811/1271/326 817/1272/183 819/1273/185
f 817/1272/183 811/1271/326 809/1274/325
usemtl material_1_0
f 5//327 6//328 7//329
f 8//330 7//329 6//328
f 8//330 6//328 11//331
f 12//332 11//331 6//328
f 16//333 17//334 5//327
f 17//334 18//335 5//327
f 6//328 5//327 18//335
f 21//336 5//327 22//337
f 7//329 22//337 5//327
f 11//331 12//332 25//338
f 26//339 25//338 12//332
f 18//335 17//334 6//328
f 6//328 17//334 12//332
f 28//340 12//332 17//334
f 31//341 32//342 16//333
f 17//334 16//333 32//342
f 34//343 16//333 21//336
f 5//327 21//336 16//333
f 37//344 21//336 38//345
f 22//337 38//345 21//336
f 25//338 26//339 41//346
f 42//347 41//346 26//339
f 12//332 28//340 26//339
f 44//348 26//339 28//340
f 32//342 46//349 17//334
f 28//340 17//334 46//349
f 31//341 49//350 32//342
f 50//351 32//342 49//350
f 52//352 31//341 34//343
f 16//333 34//343 31//341
f 54//353 34//343 37//344
f 21//336 37//344 34//343
f 57//354 37//344 58//355
f 38//345 58//355 37//344
f 41//346 42//347 61//356
f 62//357 61//356 42//347
f 26//339 44//348 42//347
f 64//358 42//347 44//348
f 28//340 46//349 44//348
f 66//359 44//348 46//349
f 32//342 50//351 46//349
f 68//360 46//349 50//351
f 49//350 71//361 50//351
f 72//362 50//351 71//361
f 52//352 74//363 31//341
f 49//350 31//341 74//363
f 76//364 52//352 54//353
f 34//343 54//353 52//352
f 78//365 54//353 57//354
f 37//344 57//354 54//353
f 81//366 57//354 82//367
f 58//355 82//367 57//354
f 61//356 62//357 85//368
f 86//369 85//368 62//357
f 42//347 64//358 62//357
f 88//370 62//357 64//358
f 44//348 66//359 64//358
f 90//371 64//358 66//359
f 46//349 68//360 66//359
f 92//372 66//359 68//360
f 50//351 72//362 68//360
f 94//373 68//360 72//362
f 71//361 97//374 72//362
f 98//375 72//362 97//374
f 74//363 100//376 49//350
f 71//361 49//350 100//376
f 102//377 74//363 76//364
f 52//352 76//364 74//363
f 104//378 76//364 78//365
f 54//353 78//365 76//364
f 106//379 78//365 81//366
f 57//354 81//366 78//365
f 109//380 81//366 110//381
f 82//367 110//381 81//366
f 85//368 86//369 113//382
f 114//383 113//382 86//369
f 62//357 88//370 86//369
f 116//384 86//369 88//370
f 90//371 118//385 64//358
f 88//370 64//358 118//385
f 92//372 120//386 66//359
f 90//371 66//359 120//386
f 68//360 94//373 92//372
f 122//387 92//372 94//373
f 72//362 98//375 94//373
f 124//388 94//373 98//375
f 129//295 130//295 131//294
f 132//294 131//294 130//295
f 100//376 134//389 71//361
f 97//374 71//361 134//389
f 102//377 136//390 74//363
f 100//376 74//363 136//390
f 138//391 102//377 104//378
f 76//364 104//378 102//377
f 140//392 104//378 106//379
f 78//365 106//379 104//378
f 143//393 106//379 144//394
f 144//394 106//379 109//380
f 81//366 109//380 106//379
f 109//380 110//381 147//395
f 148//396 147//395 110//381
f 151//397 113//382 152//398
f 114//383 152//398 113//382
f 86//369 116//384 114//383
f 114//383 116//384 155//399
f 156//400 155//399 116//384
f 118//385 158//401 88//370
f 116//384 88//370 158//401
f 120//386 160//402 90//371
f 118//385 90//371 160//402
f 92//372 122//387 120//386
f 162//403 120//386 122//387
f 94//373 124//388 122//387
f 164//404 122//387 124//388
f 131//294 132//294 167//281
f 168//281 167//281 132//294
f 171//284 172//284 129//295
f 130//295 129//295 172//284
f 177//374 178//405 179//375
f 180//406 179//375 178//405
f 136//390 182//407 100//376
f 134//389 100//376 182//407
f 184//408 136//390 138//391
f 102//377 138//391 136//390
f 186//409 138//391 140//392
f 104//378 140//392 138//391
f 188//410 140//392 143//393
f 106//379 143//393 140//392
f 144//394 109//380 143//393
f 143//393 109//380 190//411
f 147//395 190//411 109//380
f 147//395 148//396 193//412
f 194//413 193//412 148//396
f 197//414 151//397 198//415
f 152//398 198//415 151//397
f 152//398 114//383 200//416
f 114//383 155//399 200//416
f 156//400 200//416 155//399
f 116//384 158//401 156//400
f 202//417 156//400 158//401
f 160//402 204//418 118//385
f 158//401 118//385 204//418
f 162//403 206//419 120//386
f 160//402 120//386 206//419
f 122//387 164//404 162//403
f 208//420 162//403 164//404
f 167//281 168//281 211//265
f 212//265 211//265 168//281
f 179//375 180//406 215//388
f 216//421 215//388 180//406
f 219//389 220//422 177//374
f 178//405 177//374 220//422
f 223//254 224//254 171//284
f 172//284 171//284 224//254
f 178//405 227//423 180//406
f 228//424 180//406 227//423
f 182//407 136//390 230//425
f 184//408 230//425 136//390
f 184//408 138//391 232//426
f 186//409 232//426 138//391
f 234//427 186//409 188//410
f 140//392 188//410 186//409
f 188//410 143//393 236//428
f 190//411 236//428 143//393
f 190//411 147//395 238//429
f 193//412 238//429 147//395
f 193//412 194//413 241//430
f 242//431 241//430 194//413
f 245//432 197//414 246//433
f 198//415 246//433 197//414
f 198//415 152//398 248//434
f 200//416 248//434 152//398
f 156//400 202//417 200//416
f 250//435 200//416 202//417
f 158//401 204//418 202//417
f 252//436 202//417 204//418
f 206//419 254//437 160//402
f 204//418 160//402 254//437
f 208//420 256//438 162//403
f 206//419 162//403 256//438
f 211//265 212//265 259//247
f 260//247 259//247 212//265
f 215//388 216//421 263//404
f 264//439 263//404 216//421
f 180//406 228//424 216//421
f 266//440 216//421 228//424
f 220//422 268//441 178//405
f 227//423 178//405 268//441
f 271//407 272//442 219//389
f 220//422 219//389 272//442
f 224//254 223//254 275//235
f 276//235 275//235 223//254
f 227//423 279//443 228//424
f 280//444 228//424 279//443
f 230//425 184//408 282//445
f 232//426 282//445 184//408
f 186//409 234//427 232//426
f 284//446 232//426 234//427
f 234//427 188//410 286//447
f 236//428 286//447 188//410
f 236//428 190//411 288//448
f 238//429 288//448 190//411
f 238//429 193//412 290//449
f 241//430 290//449 193//412
f 241//430 242//431 293//450
f 294//451 293//450 242//431
f 297//452 245//432 298//453
f 246//433 298//453 245//432
f 246//433 198//415 300//454
f 248//434 300//454 198//415
f 200//416 250//435 248//434
f 302//455 248//434 250//435
f 202//417 252//436 250//435
f 304//456 250//435 252//436
f 204//418 254//437 252//436
f 306//457 252//436 254//437
f 256//438 308//458 206//419
f 254//437 206//419 308//458
f 259//247 260//247 311//226
f 312//226 311//226 260//247
f 263//404 264//439 315//420
f 316//459 315//420 264//439
f 216//421 266//440 264//439
f 318//460 264//439 266//440
f 228//424 280//444 266//440
f 320//461 266//440 280//444
f 268//441 322//462 227//423
f 279//443 227//423 322//462
f 272//442 324//463 220//422
f 268//441 220//422 324//463
f 272//442 271//407 327//464
f 328//425 327//464 271//407
f 276//235 331//214 275//235
f 332//214 275//235 331//214
f 335//465 336//466 279//443
f 280//444 279//443 336//466
f 232//426 284//446 282//445
f 338//467 282//445 284//446
f 234//427 286//447 284//446
f 340//468 284//446 286//447
f 286//447 236//428 342//469
f 288//448 342//469 236//428
f 288//448 238//429 344//470
f 290//449 344//470 238//429
f 290//449 241//430 346//471
f 293//450 346//471 241//430
f 293//450 294//451 349//472
f 350//473 349//472 294//451
f 354//474 355//452 356//475
f 298//453 356//475 355//452
f 298//453 246//433 358//476
f 300//454 358//476 246//433
f 248//434 302//455 300//454
f 360//477 300//454 302//455
f 250//435 304//456 302//455
f 362//478 302//455 304//456
f 252//436 306//457 304//456
f 364//479 304//456 306//457
f 254//437 308//458 306//457
f 366//480 306//457 308//458
f 311//226 312//226 369//201
f 370//201 369//201 312//226
f 316//459 373//481 315//420
f 374//438 315//420 373//481
f 264//439 318//460 316//459
f 376//482 316//459 318//460
f 266//440 320//461 318//460
f 378//483 318//460 320//461
f 336//466 380//484 280//444
f 320//461 280//444 380//484
f 382//485 335//465 322//462
f 279//443 322//462 335//465
f 384//486 322//462 324//463
f 268//441 324//463 322//462
f 386//487 324//463 327//464
f 272//442 327//464 324//463
f 327//464 328//425 389//488
f 390//445 389//488 328//425
f 332//214 331//214 393//191
f 394//191 393//191 331//214
f 397//489 398//490 335//465
f 336//466 335//465 398//490
f 284//446 340//468 338//467
f 400//491 338//467 340//468
f 286//447 342//469 340//468
f 402//492 340//468 342//469
f 342//469 288//448 404//493
f 344//470 404//493 288//448
f 344//470 290//449 406//494
f 346//471 406//494 290//449
f 346//471 293//450 408//495
f 349//472 408//495 293//450
f 349//472 350//473 411//496
f 412//497 411//496 350//473
f 415//498 354//474 416//499
f 356//475 416//499 354//474
f 356//475 298//453 418//500
f 358//476 418//500 298//453
f 358//476 300//454 420//501
f 360//477 420//501 300//454
f 302//455 362//478 360//477
f 422//502 360//477 362//478
f 304//456 364//479 362//478
f 424//503 362//478 364//479
f 306//457 366//480 364//479
f 426//504 364//479 366//480
f 369//201 370//201 429//174
f 430//174 429//174 370//201
f 373//481 433//505 374//438
f 434//458 374//438 433//505
f 376//482 436//506 316//459
f 373//481 316//459 436//506
f 378//483 438//507 318//460
f 376//482 318//460 438//507
f 320//461 380//484 378//483
f 440//508 378//483 380//484
f 336//466 398//490 380//484
f 442//509 380//484 398//490
f 444//510 382//485 384//486
f 322//462 384//486 382//485
f 446//511 384//486 386//487
f 324//463 386//487 384//486
f 386//487 327//464 448//512
f 389//488 448//512 327//464
f 389//488 390//445 451//513
f 452//467 451//513 390//445
f 393//191 394//191 455//165
f 456//165 455//165 394//191
f 459//514 460//330 397//489
f 398//490 397//489 460//330
f 340//468 402//492 400//491
f 462//515 400//491 402//492
f 402//492 342//469 464//516
f 404//493 464//516 342//469
f 404//493 344//470 466//517
f 406//494 466//517 344//470
f 406//494 346//471 468//518
f 408//495 468//518 346//471
f 408//495 349//472 471//519
f 471//519 349//472 472//520
f 411//496 472//520 349//472
f 412//497 415//498 411//496
f 416//499 411//496 415//498
f 416//499 356//475 474//521
f 418//500 474//521 356//475
f 418//500 358//476 476//522
f 420//501 476//522 358//476
f 360//477 422//502 420//501
f 478//523 420//501 422//502
f 362//478 424//503 422//502
f 480//524 422//502 424//503
f 364//479 426//504 424//503
f 482//525 424//503 426//504
f 429//174 430//174 485//148
f 486//148 485//148 430//174
f 434//458 433//505 489//480
f 490//526 489//480 433//505
f 436//506 492//527 373//481
f 433//505 373//481 492//527
f 438//507 494//528 376//482
f 436//506 376//482 494//528
f 378//483 440//508 438//507
f 496//529 438//507 440//508
f 380//484 442//509 440//508
f 498//530 440//508 442//509
f 398//490 460//330 442//509
f 500//331 442//509 460//330
f 503//531 504//532 444//510
f 382//485 444//510 504//532
f 506//533 444//510 446//511
f 384//486 446//511 444//510
f 508//534 446//511 448//512
f 386//487 448//512 446//511
f 448//512 389//488 510//535
f 451//513 510//535 389//488
f 452//467 513//491 451//513
f 514//536 451//513 513//491
f 456//165 517//141 455//165
f 518//141 455//165 517//141
f 402//492 464//516 462//515
f 520//537 462//515 464//516
f 404//493 466//517 464//516
f 522//538 464//516 466//517
f 406//494 468//518 466//517
f 524//539 466//517 468//518
f 468//518 408//495 526//540
f 471//519 526//540 408//495
f 411//496 416//499 472//520
f 472//520 416//499 471//519
f 474//521 471//519 416//499
f 474//521 418//500 528//541
f 476//522 528//541 418//500
f 420//501 478//523 476//522
f 530//542 476//522 478//523
f 478//523 422//502 532//543
f 480//524 532//543 422//502
f 424//503 482//525 480//524
f 534//544 480//524 482//525
f 485//148 486//148 537//124
f 538//124 537//124 486//148
f 489//480 490//526 541//504
f 542//545 541//504 490//526
f 433//505 492//527 490//526
f 544//546 490//526 492//527
f 494//528 546//547 436//506
f 492//527 436//506 546//547
f 496//529 548//548 438//507
f 494//528 438//507 548//548
f 440//508 498//530 496//529
f 550//549 496//529 498//530
f 442//509 500//331 498//530
f 552//338 498//530 500//331
f 555//345 556//550 503//531
f 504//532 503//531 556//550
f 558//551 503//531 506//533
f 444//510 506//533 503//531
f 560//552 506//533 508//534
f 446//511 508//534 506//533
f 562//553 508//534 510//535
f 448//512 510//535 508//534
f 451//513 514//536 510//535
f 564//554 510//535 514//536
f 513//491 567//515 514//536
f 568//555 514//536 567//515
f 517//141 571//119 518//141
f 572//119 518//141 571//119
f 464//516 522//538 520//537
f 574//556 520//537 522//538
f 466//517 524//539 522//538
f 576//557 522//538 524//539
f 468//518 526//540 524//539
f 578//558 524//539 526//540
f 526//540 471//519 528//541
f 474//521 528//541 471//519
f 528//541 476//522 580//559
f 530//542 580//559 476//522
f 530//542 478//523 582//560
f 532//543 582//560 478//523
f 532//543 480//524 584//561
f 534//544 584//561 480//524
f 537//124 538//124 587//102
f 588//102 587//102 538//124
f 541//504 542//545 591//525
f 592//562 591//525 542//545
f 490//526 544//546 542//545
f 594//563 542//545 544//546
f 492//527 546//547 544//546
f 596//564 544//546 546//547
f 548//548 598//565 494//528
f 546//547 494//528 598//565
f 496//529 550//549 548//548
f 600//566 548//548 550//549
f 498//530 552//338 550//549
f 602//346 550//549 552//338
f 604//355 555//345 558//551
f 503//531 558//551 555//345
f 606//567 558//551 560//552
f 506//533 560//552 558//551
f 608//568 560//552 562//553
f 508//534 562//553 560//552
f 562//553 510//535 610//569
f 564//554 610//569 510//535
f 514//536 568//555 564//554
f 612//570 564//554 568//555
f 567//515 615//537 568//555
f 616//571 568//555 615//537
f 571//119 619//99 572//119
f 620//99 572//119 619//99
f 522//538 576//557 574//556
f 622//572 574//556 576//557
f 524//539 578//558 576//557
f 624//573 576//557 578//558
f 526//540 528//541 578//558
f 580//559 578//558 528//541
f 580//559 530//542 626//574
f 582//560 626//574 530//542
f 582//560 532//543 629//575
f 630//561 629//575 532//543
f 633//576 587//102 634//576
f 588//102 634//576 587//102
f 591//525 592//562 637//544
f 638//577 637//544 592//562
f 542//545 594//563 592//562
f 640//578 592//562 594//563
f 544//546 596//564 594//563
f 642//579 594//563 596//564
f 546//547 598//565 596//564
f 644//580 596//564 598//565
f 548//548 600//566 598//565
f 646//581 598//565 600//566
f 550//549 602//346 600//566
f 648//356 600//566 602//346
f 650//367 604//355 606//567
f 558//551 606//567 604//355
f 652//582 606//567 608//568
f 560//552 608//568 606//567
f 608//568 562//553 654//583
f 610//569 654//583 562//553
f 610//569 564//554 656//584
f 612//570 656//584 564//554
f 612//570 568//555 658//585
f 616//571 658//585 568//555
f 615//537 661//556 616//571
f 662//586 616//571 661//556
f 619//99 665//81 620//99
f 666//81 620//99 665//81
f 576//557 624//573 622//572
f 668//587 622//572 624//573
f 578//558 580//559 624//573
f 626//574 624//573 580//559
f 626//574 582//560 670//588
f 629//575 670//588 582//560
f 675//82 676//576 677//82
f 678//576 677//82 676//576
f 681//561 637//544 682//543
f 638//577 682//543 637//544
f 592//562 640//578 638//577
f 684//589 638//577 640//578
f 594//563 642//579 640//578
f 686//590 640//578 642//579
f 596//564 644//580 642//579
f 688//591 642//579 644//580
f 598//565 646//581 644//580
f 690//592 644//580 646//581
f 600//566 648//356 646//581
f 692//368 646//581 648//356
f 694//381 650//367 652//582
f 606//567 652//582 650//367
f 652//582 608//568 696//593
f 654//583 696//593 608//568
f 654//583 610//569 698//594
f 656//584 698//594 610//569
f 656//584 612//570 700//595
f 658//585 700//595 612//570
f 616//571 662//586 658//585
f 702//596 658//585 662//586
f 661//556 705//572 662//586
f 706//597 662//586 705//572
f 665//81 709//64 666//81
f 710//64 666//81 709//64
f 624//573 626//574 668//587
f 670//588 668//587 626//574
f 713//63 675//82 714//63
f 677//82 714//63 675//82
f 718//575 719//561 720//598
f 682//543 720//598 719//561
f 682//543 638//577 722//523
f 684//589 722//523 638//577
f 640//578 686//590 684//589
f 724//599 684//589 686//590
f 642//579 688//591 686//590
f 726//600 686//590 688//591
f 688//591 644//580 728//601
f 690//592 728//601 644//580
f 646//581 692//368 690//592
f 730//382 690//592 692//368
f 694//381 652//582 732//396
f 696//593 732//396 652//582
f 696//593 654//583 734//602
f 698//594 734//602 654//583
f 698//594 656//584 736//603
f 700//595 736//603 656//584
f 700//595 658//585 738//604
f 702//596 738//604 658//585
f 662//586 706//597 702//596
f 740//605 702//596 706//597
f 705//572 743//587 706//597
f 744//606 706//597 743//587
f 709//64 713//63 710//64
f 714//63 710//64 713//63
f 747//588 718//575 748//607
f 720//598 748//607 718//575
f 720//598 682//543 750//608
f 722//523 750//608 682//543
f 684//589 724//599 722//523
f 752//501 722//523 724//599
f 686//590 726//600 724//599
f 754//609 724//599 726//600
f 726//600 688//591 756//610
f 728//601 756//610 688//591
f 728//601 690//592 758//397
f 730//382 758//397 690//592
f 732//396 696//593 760//413
f 734//602 760//413 696//593
f 734//602 698//594 762//611
f 736//603 762//611 698//594
f 736//603 700//595 764//612
f 738//604 764//612 700//595
f 702//596 740//605 738//604
f 766//613 738//604 740//605
f 706//597 744//606 740//605
f 768//614 740//605 744//606
f 743//587 747//588 744//606
f 748//607 744//606 747//588
f 748//607 720//598 770//615
f 750//608 770//615 720//598
f 722//523 752//501 750//608
f 772//616 750//608 752//501
f 752//501 724//599 774//476
f 754//609 774//476 724//599
f 754//609 726//600 776//617
f 756//610 776//617 726//600
f 756//610 728//601 778//414
f 758//397 778//414 728//601
f 760//413 734//602 780//431
f 762//611 780//431 734//602
f 762//611 736//603 782//618
f 764//612 782//618 736//603
f 764//612 738//604 784//619
f 766//613 784//619 738//604
f 740//605 768//614 766//613
f 786//620 766//613 768//614
f 744//606 748//607 768//614
f 770//615 768//614 748//607
f 770//615 750//608 788//621
f 772//616 788//621 750//608
f 772//616 752//501 790//622
f 774//476 790//622 752//501
f 774//476 754//609 792//453
f 776//617 792//453 754//609
f 776//617 756//610 794//432
f 778//414 794//432 756//610
f 780//431 762//611 796//451
f 782//618 796//451 762//611
f 782//618 764//612 798//623
f 784//619 798//623 764//612
f 784//619 766//613 800//624
f 786//620 800//624 766//613
f 768//614 770//615 786//620
f 788//621 786//620 770//615
f 788//621 772//616 802//625
f 790//622 802//625 772//616
f 790//622 774//476 804//626
f 792//453 804//626 774//476
f 792//453 776//617 806//452
f 794//432 806//452 776//617
f 796//451 782//618 808//473
f 798//623 808//473 782//618
f 798//623 784//619 810//627
f 800//624 810//627 784//619
f 800//624 786//620 802//625
f 788//621 802//625 786//620
f 802//625 790//622 812//628
f 804//626 812//628 790//622
f 804//626 792//453 815//474
f 816//452 815//474 792//453
f 808//473 798//623 818//497
f 810//627 818//497 798//623
f 800//624 802//625 810//627
f 812//628 810//627 802//625
f 812//628 804//626 820//498
f 815//474 820//498 804//626
f 810//627 812//628 818//497
f 820//498 818//497 812//628
