# SSTK version 0.8.0
# 90
mtllib original-90.mtl
o #ID671
v 0.225724 0.142670 0.514682
v 0.244929 0.112409 0.521334
v 0.225724 0.142670 0.521334
v 0.244929 0.112409 0.514682
v 0.244929 0.112409 0.514682
v 0.225724 0.142670 0.514682
v 0.244929 0.112409 0.521334
v 0.225724 0.142670 0.521334
v 0.260189 0.079980 0.514682
v 0.260189 0.079980 0.521334
v 0.260189 0.079980 0.514682
v 0.260189 0.079980 0.521334
v 0.225724 0.142670 0.521334
v 0.244971 0.112433 0.521703
v 0.225764 0.142699 0.521703
v 0.244929 0.112409 0.521334
v 0.244929 0.112409 0.521334
v 0.225724 0.142670 0.521334
v 0.244971 0.112433 0.521703
v 0.225764 0.142699 0.521703
v 0.202879 0.170286 0.514682
v 0.202879 0.170286 0.521334
v 0.202879 0.170286 0.514682
v 0.202879 0.170286 0.521334
v 0.225685 0.142642 0.514313
v 0.244929 0.112409 0.514682
v 0.225724 0.142670 0.514682
v 0.244886 0.112386 0.514313
v 0.244886 0.112386 0.514313
v 0.225685 0.142642 0.514313
v 0.244929 0.112409 0.514682
v 0.225724 0.142670 0.514682
v 0.271264 0.045893 0.521334
v 0.271264 0.045893 0.514682
v 0.271264 0.045893 0.514682
v 0.271264 0.045893 0.521334
v 0.260189 0.079980 0.521334
v 0.260234 0.079998 0.521703
v 0.260189 0.079980 0.521334
v 0.260234 0.079998 0.521703
v 0.260144 0.079962 0.514313
v 0.260189 0.079980 0.514682
v 0.260144 0.079962 0.514313
v 0.260189 0.079980 0.514682
v 0.245096 0.112501 0.522047
v 0.225879 0.142783 0.522047
v 0.245096 0.112501 0.522047
v 0.225879 0.142783 0.522047
v 0.202879 0.170286 0.521334
v 0.202914 0.170319 0.521703
v 0.202879 0.170286 0.521334
v 0.202914 0.170319 0.521703
v 0.176752 0.194821 0.521334
v 0.176752 0.194821 0.514682
v 0.176752 0.194821 0.521334
v 0.176752 0.194821 0.514682
v 0.202843 0.170253 0.514313
v 0.202879 0.170286 0.514682
v 0.202843 0.170253 0.514313
v 0.202879 0.170286 0.514682
v 0.225570 0.142558 0.513969
v 0.244761 0.112317 0.513969
v 0.244761 0.112317 0.513969
v 0.225570 0.142558 0.513969
v 0.271264 0.045893 0.514682
v 0.271217 0.045881 0.514313
v 0.271217 0.045881 0.514313
v 0.271264 0.045893 0.514682
v 0.277980 0.010688 0.521334
v 0.277980 0.010688 0.514682
v 0.277980 0.010688 0.514682
v 0.277980 0.010688 0.521334
v 0.271311 0.045906 0.521703
v 0.271264 0.045893 0.521334
v 0.271264 0.045893 0.521334
v 0.271311 0.045906 0.521703
v 0.260367 0.080050 0.522047
v 0.260367 0.080050 0.522047
v 0.260011 0.079909 0.513969
v 0.260011 0.079909 0.513969
v 0.245295 0.112611 0.522341
v 0.226063 0.142916 0.522341
v 0.245295 0.112611 0.522341
v 0.226063 0.142916 0.522341
v 0.203018 0.170417 0.522047
v 0.203018 0.170417 0.522047
v 0.176783 0.194858 0.521703
v 0.176752 0.194821 0.521334
v 0.176783 0.194858 0.521703
v 0.176752 0.194821 0.521334
v 0.147757 0.215887 0.521334
v 0.147757 0.215887 0.514682
v 0.147757 0.215887 0.521334
v 0.147757 0.215887 0.514682
v 0.176752 0.194821 0.514682
v 0.176721 0.194783 0.514313
v 0.176752 0.194821 0.514682
v 0.176721 0.194783 0.514313
v 0.202739 0.170155 0.513969
v 0.202739 0.170155 0.513969
v 0.225386 0.142425 0.513673
v 0.244562 0.112208 0.513673
v 0.244562 0.112208 0.513673
v 0.225386 0.142425 0.513673
v 0.271079 0.045846 0.513969
v 0.271079 0.045846 0.513969
v 0.277980 0.010688 0.514682
v 0.277932 0.010682 0.514313
v 0.277932 0.010682 0.514313
v 0.277980 0.010688 0.514682
v 0.280231 -0.025082 0.521334
v 0.280231 -0.025082 0.514682
v 0.280231 -0.025082 0.514682
v 0.280231 -0.025082 0.521334
v 0.278028 0.010694 0.521703
v 0.277980 0.010688 0.521334
v 0.277980 0.010688 0.521334
v 0.278028 0.010694 0.521703
v 0.271450 0.045941 0.522047
v 0.271450 0.045941 0.522047
v 0.260578 0.080134 0.522341
v 0.260578 0.080134 0.522341
v 0.259800 0.079826 0.513673
v 0.259800 0.079826 0.513673
v 0.245555 0.112753 0.522568
v 0.226302 0.143090 0.522568
v 0.226302 0.143090 0.522568
v 0.245555 0.112753 0.522568
v 0.203184 0.170573 0.522341
v 0.203184 0.170573 0.522341
v 0.176874 0.194968 0.522047
v 0.176874 0.194968 0.522047
v 0.147783 0.215928 0.521703
v 0.147757 0.215887 0.521334
v 0.147783 0.215928 0.521703
v 0.147757 0.215887 0.521334
v 0.116349 0.233154 0.521334
v 0.116349 0.233154 0.514682
v 0.116349 0.233154 0.521334
v 0.116349 0.233154 0.514682
v 0.147757 0.215887 0.514682
v 0.147730 0.215846 0.514313
v 0.147757 0.215887 0.514682
v 0.147730 0.215846 0.514313
v 0.176630 0.194673 0.513969
v 0.176630 0.194673 0.513969
v 0.202574 0.170000 0.513673
v 0.202574 0.170000 0.513673
v 0.225147 0.142251 0.513448
v 0.244303 0.112065 0.513448
v 0.225147 0.142251 0.513448
v 0.244303 0.112065 0.513448
v 0.270859 0.045789 0.513673
v 0.270859 0.045789 0.513673
v 0.277790 0.010664 0.513969
v 0.277790 0.010664 0.513969
v 0.280231 -0.025082 0.514682
v 0.280182 -0.025082 0.514313
v 0.280182 -0.025082 0.514313
v 0.280231 -0.025082 0.514682
v 0.277980 -0.060852 0.521334
v 0.277980 -0.060852 0.514682
v 0.277980 -0.060852 0.514682
v 0.277980 -0.060852 0.521334
v 0.280279 -0.025082 0.521703
v 0.280231 -0.025082 0.521334
v 0.280231 -0.025082 0.521334
v 0.280279 -0.025082 0.521703
v 0.278170 0.010712 0.522047
v 0.278170 0.010712 0.522047
v 0.271670 0.045997 0.522341
v 0.271670 0.045997 0.522341
v 0.260853 0.080243 0.522568
v 0.260853 0.080243 0.522568
v 0.259525 0.079717 0.513448
v 0.259525 0.079717 0.513448
v 0.245856 0.112919 0.522711
v 0.226581 0.143293 0.522711
v 0.226581 0.143293 0.522711
v 0.245856 0.112919 0.522711
v 0.203399 0.170775 0.522568
v 0.203399 0.170775 0.522568
v 0.177019 0.195143 0.522341
v 0.177019 0.195143 0.522341
v 0.147859 0.216049 0.522047
v 0.147859 0.216049 0.522047
v 0.116370 0.233198 0.521703
v 0.116349 0.233154 0.521334
v 0.116370 0.233198 0.521703
v 0.116349 0.233154 0.521334
v 0.083025 0.246347 0.521334
v 0.083025 0.246347 0.514682
v 0.083025 0.246347 0.521334
v 0.083025 0.246347 0.514682
v 0.116349 0.233154 0.514682
v 0.116329 0.233109 0.514313
v 0.116349 0.233154 0.514682
v 0.116329 0.233109 0.514313
v 0.147654 0.215726 0.513969
v 0.147654 0.215726 0.513969
v 0.176485 0.194498 0.513673
v 0.176485 0.194498 0.513673
v 0.202358 0.169797 0.513448
v 0.202358 0.169797 0.513448
v 0.224868 0.142048 0.513305
v 0.244001 0.111899 0.513305
v 0.224868 0.142048 0.513305
v 0.244001 0.111899 0.513305
v 0.270573 0.045716 0.513448
v 0.270573 0.045716 0.513448
v 0.277565 0.010635 0.513673
v 0.277565 0.010635 0.513673
v 0.280039 -0.025082 0.513969
v 0.280039 -0.025082 0.513969
v 0.277980 -0.060852 0.514682
v 0.277932 -0.060846 0.514313
v 0.277932 -0.060846 0.514313
v 0.277980 -0.060852 0.514682
v 0.273106 -0.086405 0.514682
v 0.273106 -0.086405 0.521334
v 0.273106 -0.086405 0.514682
v 0.273106 -0.086405 0.521334
v 0.278028 -0.060858 0.521703
v 0.277980 -0.060852 0.521334
v 0.277980 -0.060852 0.521334
v 0.278028 -0.060858 0.521703
v 0.280422 -0.025082 0.522047
v 0.280422 -0.025082 0.522047
v 0.278395 0.010740 0.522341
v 0.278395 0.010740 0.522341
v 0.271956 0.046071 0.522568
v 0.271956 0.046071 0.522568
v 0.261173 0.080369 0.522711
v 0.261173 0.080369 0.522711
v 0.259205 0.079590 0.513305
v 0.259205 0.079590 0.513305
v 0.246180 0.113097 0.522759
v 0.226880 0.143510 0.522759
v 0.226880 0.143510 0.522759
v 0.246180 0.113097 0.522759
v 0.203651 0.171011 0.522711
v 0.203651 0.171011 0.522711
v 0.177207 0.195371 0.522568
v 0.177207 0.195371 0.522568
v 0.147981 0.216240 0.522341
v 0.147981 0.216240 0.522341
v 0.116431 0.233327 0.522047
v 0.116431 0.233327 0.522047
v 0.083041 0.246394 0.521703
v 0.083025 0.246347 0.521334
v 0.083041 0.246394 0.521703
v 0.083025 0.246347 0.521334
v 0.048311 0.255261 0.521334
v 0.048311 0.255261 0.514682
v 0.048311 0.255261 0.521334
v 0.048311 0.255261 0.514682
v 0.083025 0.246347 0.514682
v 0.083011 0.246301 0.514313
v 0.083025 0.246347 0.514682
v 0.083011 0.246301 0.514313
v 0.116268 0.232980 0.513969
v 0.116268 0.232980 0.513969
v 0.147532 0.215534 0.513673
v 0.147532 0.215534 0.513673
v 0.176297 0.194270 0.513448
v 0.176297 0.194270 0.513448
v 0.202107 0.169561 0.513305
v 0.202107 0.169561 0.513305
v 0.224569 0.141831 0.513256
v 0.243677 0.111721 0.513256
v 0.224569 0.141831 0.513256
v 0.243677 0.111721 0.513256
v 0.270239 0.045630 0.513305
v 0.270239 0.045630 0.513305
v 0.277272 0.010598 0.513448
v 0.277272 0.010598 0.513448
v 0.279812 -0.025082 0.513673
v 0.279812 -0.025082 0.513673
v 0.277790 -0.060828 0.513969
v 0.277790 -0.060828 0.513969
v 0.273058 -0.086396 0.514313
v 0.273106 -0.086405 0.514682
v 0.273058 -0.086396 0.514313
v 0.273106 -0.086405 0.514682
v 0.273106 -0.086405 0.514682
v 0.271264 -0.096058 0.521334
v 0.273106 -0.086405 0.521334
v 0.271264 -0.096058 0.514682
v 0.271264 -0.096058 0.514682
v 0.273106 -0.086405 0.514682
v 0.271264 -0.096058 0.521334
v 0.273106 -0.086405 0.521334
v 0.273106 -0.086405 0.521334
v 0.273153 -0.086414 0.521703
v 0.273106 -0.086405 0.521334
v 0.273153 -0.086414 0.521703
v 0.278170 -0.060876 0.522047
v 0.278170 -0.060876 0.522047
v 0.280649 -0.025082 0.522341
v 0.280649 -0.025082 0.522341
v 0.278689 0.010777 0.522568
v 0.278689 0.010777 0.522568
v 0.272290 0.046157 0.522711
v 0.272290 0.046157 0.522711
v 0.261517 0.080506 0.522759
v 0.261517 0.080506 0.522759
v 0.258861 0.079454 0.513256
v 0.258861 0.079454 0.513256
v 0.203920 0.171264 0.522759
v 0.203920 0.171264 0.522759
v 0.177427 0.195636 0.522711
v 0.177427 0.195636 0.522711
v 0.148139 0.216490 0.522568
v 0.148139 0.216490 0.522568
v 0.116527 0.233532 0.522341
v 0.116527 0.233532 0.522341
v 0.083085 0.246529 0.522047
v 0.083085 0.246529 0.522047
v 0.048320 0.255308 0.521703
v 0.048311 0.255261 0.521334
v 0.048320 0.255308 0.521703
v 0.048311 0.255261 0.521334
v 0.012753 0.259752 0.521334
v 0.012753 0.259752 0.514682
v 0.012753 0.259752 0.521334
v 0.012753 0.259752 0.514682
v 0.048311 0.255261 0.514682
v 0.048302 0.255213 0.514313
v 0.048311 0.255261 0.514682
v 0.048302 0.255213 0.514313
v 0.082966 0.246165 0.513969
v 0.082966 0.246165 0.513969
v 0.116171 0.232775 0.513673
v 0.116171 0.232775 0.513673
v 0.147374 0.215284 0.513448
v 0.147374 0.215284 0.513448
v 0.176077 0.194005 0.513305
v 0.176077 0.194005 0.513305
v 0.201838 0.169308 0.513256
v 0.201838 0.169308 0.513256
v 0.048043 -0.304022 0.513256
v 0.012075 -0.299135 0.513256
v -0.022409 -0.299135 0.513256
v 0.082584 -0.295153 0.513256
v 0.046287 -0.294813 0.513256
v 0.115741 -0.282025 0.513256
v 0.079687 -0.286238 0.513256
v 0.111750 -0.273543 0.513256
v 0.146991 -0.264846 0.513256
v 0.141968 -0.256931 0.513256
v 0.175842 -0.243884 0.513256
v 0.169866 -0.236661 0.513256
v 0.201838 -0.219473 0.513256
v 0.195004 -0.213056 0.513256
v 0.224569 -0.191995 0.513256
v 0.216985 -0.186485 0.513256
v 0.243677 -0.161885 0.513256
v 0.235462 -0.157369 0.513256
v 0.258861 -0.129618 0.513256
v 0.250145 -0.126167 0.513256
v 0.269881 -0.095702 0.513256
v 0.260801 -0.093371 0.513256
v 0.271705 -0.086138 0.513256
v 0.262515 -0.084384 0.513256
v 0.276563 -0.060673 0.513256
v 0.267263 -0.059498 0.513256
v 0.278802 -0.025082 0.513256
v 0.269428 -0.025082 0.513256
v 0.276563 0.010509 0.513256
v 0.267263 0.009334 0.513256
v 0.260801 0.043207 0.513256
v 0.269881 0.045538 0.513256
v 0.250145 0.076003 0.513256
v 0.258861 0.079454 0.513256
v 0.235462 0.107205 0.513256
v 0.243677 0.111721 0.513256
v 0.216985 0.136321 0.513256
v 0.224569 0.141831 0.513256
v 0.195004 0.162891 0.513256
v 0.201838 0.169308 0.513256
v 0.169866 0.186497 0.513256
v 0.175842 0.193720 0.513256
v 0.141968 0.206766 0.513256
v 0.146991 0.214681 0.513256
v 0.111750 0.223379 0.513256
v 0.115741 0.231861 0.513256
v 0.079687 0.236073 0.513256
v 0.082584 0.244989 0.513256
v 0.046287 0.244649 0.513256
v 0.012075 0.248971 0.513256
v 0.048043 0.253857 0.513256
v -0.022409 0.248971 0.513256
v 0.012663 -0.308491 0.513256
v -0.058378 -0.304022 0.513256
v -0.022998 -0.308491 0.513256
v -0.092919 -0.295153 0.513256
v -0.056621 -0.294813 0.513256
v -0.126076 -0.282025 0.513256
v -0.090022 -0.286238 0.513256
v -0.122084 -0.273543 0.513256
v -0.157326 -0.264846 0.513256
v -0.152303 -0.256931 0.513256
v -0.186176 -0.243884 0.513256
v -0.180201 -0.236661 0.513256
v -0.212172 -0.219473 0.513256
v -0.205339 -0.213056 0.513256
v -0.234903 -0.191995 0.513256
v -0.227319 -0.186485 0.513256
v -0.254012 -0.161885 0.513256
v -0.245797 -0.157369 0.513256
v -0.269195 -0.129618 0.513256
v -0.260479 -0.126167 0.513256
v -0.280215 -0.095702 0.513256
v -0.271135 -0.093371 0.513256
v -0.282040 -0.086138 0.513256
v -0.272850 -0.084384 0.513256
v -0.286898 -0.060673 0.513256
v -0.277597 -0.059498 0.513256
v -0.289137 -0.025082 0.513256
v -0.279762 -0.025082 0.513256
v -0.286898 0.010509 0.513256
v -0.277597 0.009334 0.513256
v -0.271135 0.043207 0.513256
v -0.280215 0.045538 0.513256
v -0.260479 0.076003 0.513256
v -0.269195 0.079454 0.513256
v -0.245797 0.107205 0.513256
v -0.254012 0.111721 0.513256
v -0.227319 0.136321 0.513256
v -0.234903 0.141831 0.513256
v -0.205339 0.162891 0.513256
v -0.212172 0.169308 0.513256
v -0.180201 0.186497 0.513256
v -0.186176 0.193720 0.513256
v -0.152303 0.206766 0.513256
v -0.157326 0.214681 0.513256
v -0.122084 0.223379 0.513256
v -0.126076 0.231861 0.513256
v -0.090022 0.236073 0.513256
v -0.092919 0.244989 0.513256
v -0.056621 0.244649 0.513256
v -0.058378 0.253857 0.513256
v 0.012663 0.258327 0.513256
v -0.022998 0.258327 0.513256
v -0.022998 0.258327 0.513256
v 0.012663 0.258327 0.513256
v -0.058378 0.253857 0.513256
v 0.048043 0.253857 0.513256
v -0.022409 0.248971 0.513256
v -0.092919 0.244989 0.513256
v -0.056621 0.244649 0.513256
v -0.090022 0.236073 0.513256
v -0.126076 0.231861 0.513256
v -0.122084 0.223379 0.513256
v -0.157326 0.214681 0.513256
v -0.152303 0.206766 0.513256
v -0.186176 0.193720 0.513256
v -0.180201 0.186497 0.513256
v -0.212172 0.169308 0.513256
v -0.205339 0.162891 0.513256
v -0.234903 0.141831 0.513256
v -0.227319 0.136321 0.513256
v -0.254012 0.111721 0.513256
v -0.245797 0.107205 0.513256
v -0.269195 0.079454 0.513256
v -0.260479 0.076003 0.513256
v -0.280215 0.045538 0.513256
v -0.271135 0.043207 0.513256
v -0.286898 0.010509 0.513256
v -0.277597 0.009334 0.513256
v -0.279762 -0.025082 0.513256
v -0.289137 -0.025082 0.513256
v -0.277597 -0.059498 0.513256
v -0.286898 -0.060673 0.513256
v -0.272850 -0.084384 0.513256
v -0.282040 -0.086138 0.513256
v -0.271135 -0.093371 0.513256
v -0.280215 -0.095702 0.513256
v -0.260479 -0.126167 0.513256
v -0.269195 -0.129618 0.513256
v -0.245797 -0.157369 0.513256
v -0.254012 -0.161885 0.513256
v -0.227319 -0.186485 0.513256
v -0.234903 -0.191995 0.513256
v -0.205339 -0.213056 0.513256
v -0.212172 -0.219473 0.513256
v -0.180201 -0.236661 0.513256
v -0.186176 -0.243884 0.513256
v -0.152303 -0.256931 0.513256
v -0.157326 -0.264846 0.513256
v -0.122084 -0.273543 0.513256
v -0.126076 -0.282025 0.513256
v -0.090022 -0.286238 0.513256
v -0.056621 -0.294813 0.513256
v -0.092919 -0.295153 0.513256
v -0.022409 -0.299135 0.513256
v 0.048043 -0.304022 0.513256
v -0.058378 -0.304022 0.513256
v 0.012663 -0.308491 0.513256
v -0.022998 -0.308491 0.513256
v 0.012075 0.248971 0.513256
v 0.082584 0.244989 0.513256
v 0.046287 0.244649 0.513256
v 0.079687 0.236073 0.513256
v 0.115741 0.231861 0.513256
v 0.111750 0.223379 0.513256
v 0.146991 0.214681 0.513256
v 0.141968 0.206766 0.513256
v 0.175842 0.193720 0.513256
v 0.169866 0.186497 0.513256
v 0.201838 0.169308 0.513256
v 0.195004 0.162891 0.513256
v 0.224569 0.141831 0.513256
v 0.216985 0.136321 0.513256
v 0.243677 0.111721 0.513256
v 0.235462 0.107205 0.513256
v 0.258861 0.079454 0.513256
v 0.250145 0.076003 0.513256
v 0.269881 0.045538 0.513256
v 0.260801 0.043207 0.513256
v 0.276563 0.010509 0.513256
v 0.267263 0.009334 0.513256
v 0.269428 -0.025082 0.513256
v 0.278802 -0.025082 0.513256
v 0.267263 -0.059498 0.513256
v 0.276563 -0.060673 0.513256
v 0.262515 -0.084384 0.513256
v 0.271705 -0.086138 0.513256
v 0.260801 -0.093371 0.513256
v 0.269881 -0.095702 0.513256
v 0.250145 -0.126167 0.513256
v 0.258861 -0.129618 0.513256
v 0.235462 -0.157369 0.513256
v 0.243677 -0.161885 0.513256
v 0.216985 -0.186485 0.513256
v 0.224569 -0.191995 0.513256
v 0.195004 -0.213056 0.513256
v 0.201838 -0.219473 0.513256
v 0.169866 -0.236661 0.513256
v 0.175842 -0.243884 0.513256
v 0.141968 -0.256931 0.513256
v 0.146991 -0.264846 0.513256
v 0.111750 -0.273543 0.513256
v 0.115741 -0.282025 0.513256
v 0.079687 -0.286238 0.513256
v 0.046287 -0.294813 0.513256
v 0.082584 -0.295153 0.513256
v 0.012075 -0.299135 0.513256
v 0.269881 0.045538 0.513256
v 0.269881 0.045538 0.513256
v 0.276930 0.010555 0.513305
v 0.276930 0.010555 0.513305
v 0.279516 -0.025082 0.513448
v 0.279516 -0.025082 0.513448
v 0.277565 -0.060799 0.513673
v 0.277565 -0.060799 0.513673
v 0.272918 -0.086369 0.513969
v 0.272918 -0.086369 0.513969
v 0.271264 -0.096058 0.514682
v 0.273106 -0.086405 0.514682
v 0.271217 -0.096046 0.514313
v 0.271217 -0.096046 0.514313
v 0.271264 -0.096058 0.514682
v 0.273106 -0.086405 0.514682
v 0.260189 -0.130144 0.521334
v 0.260189 -0.130144 0.514682
v 0.260189 -0.130144 0.514682
v 0.260189 -0.130144 0.521334
v 0.273106 -0.086405 0.521334
v 0.271311 -0.096070 0.521703
v 0.271264 -0.096058 0.521334
v 0.271264 -0.096058 0.521334
v 0.273106 -0.086405 0.521334
v 0.271311 -0.096070 0.521703
v 0.273293 -0.086440 0.522047
v 0.273293 -0.086440 0.522047
v 0.278395 -0.060904 0.522341
v 0.278395 -0.060904 0.522341
v 0.280945 -0.025082 0.522568
v 0.280945 -0.025082 0.522568
v 0.279030 0.010820 0.522711
v 0.279030 0.010820 0.522711
v 0.272648 0.046249 0.522759
v 0.272648 0.046249 0.522759
v 0.177663 0.195921 0.522759
v 0.177663 0.195921 0.522759
v 0.148324 0.216781 0.522711
v 0.148324 0.216781 0.522711
v 0.116653 0.233800 0.522568
v 0.116653 0.233800 0.522568
v 0.083155 0.246745 0.522341
v 0.083155 0.246745 0.522341
v 0.048347 0.255448 0.522047
v 0.048347 0.255448 0.522047
v 0.012756 0.259801 0.521703
v 0.012753 0.259752 0.521334
v 0.012756 0.259801 0.521703
v 0.012753 0.259752 0.521334
v -0.023088 0.259752 0.521334
v -0.023088 0.259752 0.514682
v -0.023088 0.259752 0.521334
v -0.023088 0.259752 0.514682
v 0.012753 0.259752 0.514682
v 0.012750 0.259704 0.514313
v 0.012753 0.259752 0.514682
v 0.012750 0.259704 0.514313
v 0.048275 0.255072 0.513969
v 0.048275 0.255072 0.513969
v 0.082896 0.245949 0.513673
v 0.082896 0.245949 0.513673
v 0.116045 0.232507 0.513448
v 0.116045 0.232507 0.513448
v 0.147189 0.214993 0.513305
v 0.147189 0.214993 0.513305
v 0.175842 0.193720 0.513256
v 0.175842 0.193720 0.513256
v 0.115741 0.231861 0.513256
v 0.146991 0.214681 0.513256
v 0.115899 0.232196 0.513305
v 0.115899 0.232196 0.513305
v 0.115741 0.231861 0.513256
v 0.146991 0.214681 0.513256
v 0.082584 0.244989 0.513256
v 0.082698 0.245341 0.513305
v 0.082698 0.245341 0.513305
v 0.082584 0.244989 0.513256
v 0.048043 0.253857 0.513256
v 0.048113 0.254221 0.513305
v 0.048113 0.254221 0.513305
v 0.048043 0.253857 0.513256
v 0.012663 0.258327 0.513256
v 0.012687 0.258696 0.513305
v 0.012687 0.258696 0.513305
v 0.012663 0.258327 0.513256
v -0.022998 0.258327 0.513256
v -0.023021 0.258696 0.513305
v -0.023021 0.258696 0.513305
v -0.022998 0.258327 0.513256
v -0.058447 0.254221 0.513305
v -0.058378 0.253857 0.513256
v -0.058447 0.254221 0.513305
v -0.058378 0.253857 0.513256
v -0.093033 0.245341 0.513305
v -0.092919 0.244989 0.513256
v -0.093033 0.245341 0.513305
v -0.092919 0.244989 0.513256
v -0.126233 0.232196 0.513305
v -0.126076 0.231861 0.513256
v -0.126233 0.232196 0.513305
v -0.126076 0.231861 0.513256
v -0.157524 0.214993 0.513305
v -0.157326 0.214681 0.513256
v -0.157524 0.214993 0.513305
v -0.157326 0.214681 0.513256
v -0.186412 0.194005 0.513305
v -0.186176 0.193720 0.513256
v -0.186412 0.194005 0.513305
v -0.186176 0.193720 0.513256
v -0.212442 0.169561 0.513305
v -0.212172 0.169308 0.513256
v -0.212442 0.169561 0.513305
v -0.212172 0.169308 0.513256
v -0.235203 0.142048 0.513305
v -0.234903 0.141831 0.513256
v -0.235203 0.142048 0.513305
v -0.234903 0.141831 0.513256
v -0.254336 0.111899 0.513305
v -0.254012 0.111721 0.513256
v -0.254336 0.111899 0.513305
v -0.254012 0.111721 0.513256
v -0.269539 0.079590 0.513305
v -0.269195 0.079454 0.513256
v -0.269539 0.079590 0.513305
v -0.269195 0.079454 0.513256
v -0.280573 0.045630 0.513305
v -0.280215 0.045538 0.513256
v -0.280573 0.045630 0.513305
v -0.280215 0.045538 0.513256
v -0.287264 0.010555 0.513305
v -0.286898 0.010509 0.513256
v -0.287264 0.010555 0.513305
v -0.286898 0.010509 0.513256
v -0.289506 -0.025082 0.513305
v -0.289137 -0.025082 0.513256
v -0.289506 -0.025082 0.513305
v -0.289137 -0.025082 0.513256
v -0.286898 -0.060673 0.513256
v -0.287264 -0.060719 0.513305
v -0.286898 -0.060673 0.513256
v -0.287264 -0.060719 0.513305
v -0.282040 -0.086138 0.513256
v -0.282402 -0.086207 0.513305
v -0.282040 -0.086138 0.513256
v -0.282402 -0.086207 0.513305
v -0.280215 -0.095702 0.513256
v -0.280573 -0.095794 0.513305
v -0.282040 -0.086138 0.513256
v -0.282040 -0.086138 0.513256
v -0.280215 -0.095702 0.513256
v -0.280573 -0.095794 0.513305
v -0.269195 -0.129618 0.513256
v -0.269539 -0.129754 0.513305
v -0.269195 -0.129618 0.513256
v -0.269539 -0.129754 0.513305
v -0.254012 -0.161885 0.513256
v -0.254336 -0.162064 0.513305
v -0.254012 -0.161885 0.513256
v -0.254336 -0.162064 0.513305
v -0.234903 -0.191995 0.513256
v -0.235203 -0.192213 0.513305
v -0.234903 -0.191995 0.513256
v -0.235203 -0.192213 0.513305
v -0.212172 -0.219473 0.513256
v -0.212442 -0.219726 0.513305
v -0.212172 -0.219473 0.513256
v -0.212442 -0.219726 0.513305
v -0.186176 -0.243884 0.513256
v -0.186412 -0.244169 0.513305
v -0.186176 -0.243884 0.513256
v -0.186412 -0.244169 0.513305
v -0.157326 -0.264846 0.513256
v -0.157524 -0.265158 0.513305
v -0.157326 -0.264846 0.513256
v -0.157524 -0.265158 0.513305
v -0.126076 -0.282025 0.513256
v -0.126233 -0.282360 0.513305
v -0.126076 -0.282025 0.513256
v -0.126233 -0.282360 0.513305
v -0.092919 -0.295153 0.513256
v -0.093033 -0.295505 0.513305
v -0.092919 -0.295153 0.513256
v -0.093033 -0.295505 0.513305
v -0.058378 -0.304022 0.513256
v -0.058447 -0.304385 0.513305
v -0.058378 -0.304022 0.513256
v -0.058447 -0.304385 0.513305
v -0.022998 -0.308491 0.513256
v -0.023021 -0.308860 0.513305
v -0.022998 -0.308491 0.513256
v -0.023021 -0.308860 0.513305
v 0.012687 -0.308860 0.513305
v 0.012663 -0.308491 0.513256
v 0.012663 -0.308491 0.513256
v 0.012687 -0.308860 0.513305
v 0.048113 -0.304385 0.513305
v 0.048043 -0.304022 0.513256
v 0.048043 -0.304022 0.513256
v 0.048113 -0.304385 0.513305
v 0.082698 -0.295505 0.513305
v 0.082584 -0.295153 0.513256
v 0.082584 -0.295153 0.513256
v 0.082698 -0.295505 0.513305
v 0.115899 -0.282360 0.513305
v 0.115741 -0.282025 0.513256
v 0.115741 -0.282025 0.513256
v 0.115899 -0.282360 0.513305
v 0.147189 -0.265158 0.513305
v 0.146991 -0.264846 0.513256
v 0.146991 -0.264846 0.513256
v 0.147189 -0.265158 0.513305
v 0.176077 -0.244169 0.513305
v 0.175842 -0.243884 0.513256
v 0.175842 -0.243884 0.513256
v 0.176077 -0.244169 0.513305
v 0.202107 -0.219726 0.513305
v 0.201838 -0.219473 0.513256
v 0.201838 -0.219473 0.513256
v 0.202107 -0.219726 0.513305
v 0.224868 -0.192213 0.513305
v 0.224569 -0.191995 0.513256
v 0.224569 -0.191995 0.513256
v 0.224868 -0.192213 0.513305
v 0.244001 -0.162064 0.513305
v 0.243677 -0.161885 0.513256
v 0.243677 -0.161885 0.513256
v 0.244001 -0.162064 0.513305
v 0.259205 -0.129754 0.513305
v 0.258861 -0.129618 0.513256
v 0.258861 -0.129618 0.513256
v 0.259205 -0.129754 0.513305
v 0.270239 -0.095794 0.513305
v 0.269881 -0.095702 0.513256
v 0.269881 -0.095702 0.513256
v 0.270239 -0.095794 0.513305
v 0.272068 -0.086207 0.513305
v 0.271705 -0.086138 0.513256
v 0.271705 -0.086138 0.513256
v 0.272068 -0.086207 0.513305
v 0.276930 -0.060719 0.513305
v 0.271705 -0.086138 0.513256
v 0.276563 -0.060673 0.513256
v 0.276563 -0.060673 0.513256
v 0.276930 -0.060719 0.513305
v 0.271705 -0.086138 0.513256
v 0.279172 -0.025082 0.513305
v 0.278802 -0.025082 0.513256
v 0.278802 -0.025082 0.513256
v 0.279172 -0.025082 0.513305
v 0.276563 0.010509 0.513256
v 0.276563 0.010509 0.513256
v 0.277272 -0.060762 0.513448
v 0.277272 -0.060762 0.513448
v 0.272696 -0.086326 0.513673
v 0.272696 -0.086326 0.513673
v 0.271079 -0.096010 0.513969
v 0.271079 -0.096010 0.513969
v 0.260189 -0.130144 0.514682
v 0.260144 -0.130126 0.514313
v 0.260144 -0.130126 0.514313
v 0.260189 -0.130144 0.514682
v 0.244929 -0.162574 0.521334
v 0.244929 -0.162574 0.514682
v 0.244929 -0.162574 0.514682
v 0.244929 -0.162574 0.521334
v 0.260234 -0.130162 0.521703
v 0.260189 -0.130144 0.521334
v 0.260189 -0.130144 0.521334
v 0.260234 -0.130162 0.521703
v 0.271450 -0.096105 0.522047
v 0.271450 -0.096105 0.522047
v 0.273516 -0.086483 0.522341
v 0.273516 -0.086483 0.522341
v 0.278689 -0.060942 0.522568
v 0.278689 -0.060942 0.522568
v 0.281289 -0.025082 0.522711
v 0.281289 -0.025082 0.522711
v 0.279397 0.010867 0.522759
v 0.279397 0.010867 0.522759
v 0.148522 0.217093 0.522759
v 0.148522 0.217093 0.522759
v 0.116800 0.234111 0.522711
v 0.116800 0.234111 0.522711
v 0.083246 0.247026 0.522568
v 0.083246 0.247026 0.522568
v 0.048389 0.255671 0.522341
v 0.048389 0.255671 0.522341
v 0.012765 0.259944 0.522047
v 0.012765 0.259944 0.522047
v -0.023088 0.259752 0.521334
v -0.023091 0.259801 0.521703
v -0.023088 0.259752 0.521334
v -0.023091 0.259801 0.521703
v -0.058646 0.255261 0.521334
v -0.058646 0.255261 0.514682
v -0.058646 0.255261 0.521334
v -0.058646 0.255261 0.514682
v -0.023084 0.259704 0.514313
v -0.023088 0.259752 0.514682
v -0.023084 0.259704 0.514313
v -0.023088 0.259752 0.514682
v 0.012741 0.259562 0.513969
v 0.012741 0.259562 0.513969
v 0.048233 0.254850 0.513673
v 0.048233 0.254850 0.513673
v 0.082805 0.245668 0.513448
v 0.082805 0.245668 0.513448
v 0.048177 0.254559 0.513448
v 0.048177 0.254559 0.513448
v 0.012708 0.259040 0.513448
v 0.012708 0.259040 0.513448
v -0.023043 0.259040 0.513448
v -0.023043 0.259040 0.513448
v -0.058512 0.254559 0.513448
v -0.058512 0.254559 0.513448
v -0.093139 0.245668 0.513448
v -0.093139 0.245668 0.513448
v -0.126380 0.232507 0.513448
v -0.126380 0.232507 0.513448
v -0.157708 0.215284 0.513448
v -0.157708 0.215284 0.513448
v -0.186631 0.194270 0.513448
v -0.186631 0.194270 0.513448
v -0.212693 0.169797 0.513448
v -0.212693 0.169797 0.513448
v -0.235481 0.142251 0.513448
v -0.235481 0.142251 0.513448
v -0.254637 0.112065 0.513448
v -0.254637 0.112065 0.513448
v -0.269859 0.079717 0.513448
v -0.269859 0.079717 0.513448
v -0.280907 0.045716 0.513448
v -0.280907 0.045716 0.513448
v -0.287606 0.010598 0.513448
v -0.287606 0.010598 0.513448
v -0.289851 -0.025082 0.513448
v -0.289851 -0.025082 0.513448
v -0.287606 -0.060762 0.513448
v -0.287606 -0.060762 0.513448
v -0.282740 -0.086271 0.513448
v -0.282740 -0.086271 0.513448
v -0.280907 -0.095880 0.513448
v -0.280907 -0.095880 0.513448
v -0.269859 -0.129881 0.513448
v -0.269859 -0.129881 0.513448
v -0.254637 -0.162230 0.513448
v -0.254637 -0.162230 0.513448
v -0.235481 -0.192415 0.513448
v -0.235481 -0.192415 0.513448
v -0.212693 -0.219961 0.513448
v -0.212693 -0.219961 0.513448
v -0.186631 -0.244435 0.513448
v -0.186631 -0.244435 0.513448
v -0.157708 -0.265448 0.513448
v -0.157708 -0.265448 0.513448
v -0.126380 -0.282672 0.513448
v -0.126380 -0.282672 0.513448
v -0.093139 -0.295832 0.513448
v -0.093139 -0.295832 0.513448
v -0.058512 -0.304723 0.513448
v -0.058512 -0.304723 0.513448
v -0.023043 -0.309204 0.513448
v -0.023043 -0.309204 0.513448
v 0.012708 -0.309204 0.513448
v 0.012708 -0.309204 0.513448
v 0.048177 -0.304723 0.513448
v 0.048177 -0.304723 0.513448
v 0.082805 -0.295832 0.513448
v 0.082805 -0.295832 0.513448
v 0.116045 -0.282672 0.513448
v 0.116045 -0.282672 0.513448
v 0.147374 -0.265448 0.513448
v 0.147374 -0.265448 0.513448
v 0.176297 -0.244435 0.513448
v 0.176297 -0.244435 0.513448
v 0.202358 -0.219961 0.513448
v 0.202358 -0.219961 0.513448
v 0.225147 -0.192415 0.513448
v 0.225147 -0.192415 0.513448
v 0.244303 -0.162230 0.513448
v 0.244303 -0.162230 0.513448
v 0.259525 -0.129881 0.513448
v 0.259525 -0.129881 0.513448
v 0.270573 -0.095880 0.513448
v 0.270573 -0.095880 0.513448
v 0.272406 -0.086271 0.513448
v 0.272406 -0.086271 0.513448
v 0.270859 -0.095954 0.513673
v 0.270859 -0.095954 0.513673
v 0.260011 -0.130074 0.513969
v 0.260011 -0.130074 0.513969
v 0.244929 -0.162574 0.514682
v 0.244886 -0.162550 0.514313
v 0.244886 -0.162550 0.514313
v 0.244929 -0.162574 0.514682
v 0.225724 -0.192835 0.521334
v 0.225724 -0.192835 0.514682
v 0.225724 -0.192835 0.514682
v 0.225724 -0.192835 0.521334
v 0.244971 -0.162597 0.521703
v 0.244929 -0.162574 0.521334
v 0.244929 -0.162574 0.521334
v 0.244971 -0.162597 0.521703
v 0.260367 -0.130214 0.522047
v 0.260367 -0.130214 0.522047
v 0.271670 -0.096162 0.522341
v 0.271670 -0.096162 0.522341
v 0.273806 -0.086538 0.522568
v 0.273806 -0.086538 0.522568
v 0.279030 -0.060985 0.522711
v 0.279030 -0.060985 0.522711
v 0.281659 -0.025082 0.522759
v 0.281659 -0.025082 0.522759
v 0.116957 0.234446 0.522759
v 0.116957 0.234446 0.522759
v 0.083353 0.247354 0.522711
v 0.083353 0.247354 0.522711
v 0.048445 0.255962 0.522568
v 0.048445 0.255962 0.522568
v 0.012779 0.260170 0.522341
v 0.012779 0.260170 0.522341
v -0.023100 0.259944 0.522047
v -0.023100 0.259944 0.522047
v -0.058646 0.255261 0.521334
v -0.058655 0.255308 0.521703
v -0.058646 0.255261 0.521334
v -0.058655 0.255308 0.521703
v -0.093360 0.246347 0.521334
v -0.093360 0.246347 0.514682
v -0.093360 0.246347 0.521334
v -0.093360 0.246347 0.514682
v -0.058636 0.255213 0.514313
v -0.058646 0.255261 0.514682
v -0.058636 0.255213 0.514313
v -0.058646 0.255261 0.514682
v -0.023075 0.259562 0.513969
v -0.023075 0.259562 0.513969
v 0.012727 0.259335 0.513673
v 0.012727 0.259335 0.513673
v -0.023061 0.259335 0.513673
v -0.023061 0.259335 0.513673
v -0.058567 0.254850 0.513673
v -0.058567 0.254850 0.513673
v -0.093231 0.245949 0.513673
v -0.093231 0.245949 0.513673
v -0.126506 0.232775 0.513673
v -0.126506 0.232775 0.513673
v -0.157867 0.215534 0.513673
v -0.157867 0.215534 0.513673
v -0.186820 0.194498 0.513673
v -0.186820 0.194498 0.513673
v -0.212908 0.170000 0.513673
v -0.212908 0.170000 0.513673
v -0.235721 0.142425 0.513673
v -0.235721 0.142425 0.513673
v -0.254897 0.112208 0.513673
v -0.254897 0.112208 0.513673
v -0.270134 0.079826 0.513673
v -0.270134 0.079826 0.513673
v -0.281194 0.045789 0.513673
v -0.281194 0.045789 0.513673
v -0.287900 0.010635 0.513673
v -0.287900 0.010635 0.513673
v -0.290147 -0.025082 0.513673
v -0.290147 -0.025082 0.513673
v -0.287900 -0.060799 0.513673
v -0.287900 -0.060799 0.513673
v -0.283030 -0.086326 0.513673
v -0.283030 -0.086326 0.513673
v -0.281194 -0.095954 0.513673
v -0.281194 -0.095954 0.513673
v -0.270134 -0.129990 0.513673
v -0.270134 -0.129990 0.513673
v -0.254897 -0.162372 0.513673
v -0.254897 -0.162372 0.513673
v -0.235721 -0.192589 0.513673
v -0.235721 -0.192589 0.513673
v -0.212908 -0.220164 0.513673
v -0.212908 -0.220164 0.513673
v -0.186820 -0.244663 0.513673
v -0.186820 -0.244663 0.513673
v -0.157867 -0.265698 0.513673
v -0.157867 -0.265698 0.513673
v -0.126506 -0.282939 0.513673
v -0.126506 -0.282939 0.513673
v -0.093231 -0.296114 0.513673
v -0.093231 -0.296114 0.513673
v -0.058567 -0.305014 0.513673
v -0.058567 -0.305014 0.513673
v -0.023061 -0.309499 0.513673
v -0.023061 -0.309499 0.513673
v 0.012727 -0.309499 0.513673
v 0.012727 -0.309499 0.513673
v 0.048233 -0.305014 0.513673
v 0.048233 -0.305014 0.513673
v 0.082896 -0.296114 0.513673
v 0.082896 -0.296114 0.513673
v 0.116171 -0.282939 0.513673
v 0.116171 -0.282939 0.513673
v 0.147532 -0.265698 0.513673
v 0.147532 -0.265698 0.513673
v 0.176485 -0.244663 0.513673
v 0.176485 -0.244663 0.513673
v 0.202574 -0.220164 0.513673
v 0.202574 -0.220164 0.513673
v 0.225386 -0.192589 0.513673
v 0.225386 -0.192589 0.513673
v 0.244562 -0.162372 0.513673
v 0.244562 -0.162372 0.513673
v 0.259800 -0.129990 0.513673
v 0.259800 -0.129990 0.513673
v 0.244761 -0.162481 0.513969
v 0.244761 -0.162481 0.513969
v 0.225724 -0.192835 0.514682
v 0.225685 -0.192806 0.514313
v 0.225685 -0.192806 0.514313
v 0.225724 -0.192835 0.514682
v 0.202879 -0.220450 0.521334
v 0.202879 -0.220450 0.514682
v 0.202879 -0.220450 0.514682
v 0.202879 -0.220450 0.521334
v 0.225764 -0.192863 0.521703
v 0.225724 -0.192835 0.521334
v 0.225724 -0.192835 0.521334
v 0.225764 -0.192863 0.521703
v 0.245096 -0.162666 0.522047
v 0.245096 -0.162666 0.522047
v 0.260578 -0.130298 0.522341
v 0.260578 -0.130298 0.522341
v 0.271956 -0.096235 0.522568
v 0.271956 -0.096235 0.522568
v 0.274143 -0.086603 0.522711
v 0.274143 -0.086603 0.522711
v 0.279397 -0.061031 0.522759
v 0.279397 -0.061031 0.522759
v 0.083467 0.247706 0.522759
v 0.083467 0.247706 0.522759
v 0.048509 0.256300 0.522711
v 0.048509 0.256300 0.522711
v 0.012798 0.260465 0.522568
v 0.012798 0.260465 0.522568
v -0.023114 0.260170 0.522341
v -0.023114 0.260170 0.522341
v -0.058681 0.255448 0.522047
v -0.058681 0.255448 0.522047
v -0.093360 0.246347 0.521334
v -0.093375 0.246394 0.521703
v -0.093360 0.246347 0.521334
v -0.093375 0.246394 0.521703
v -0.126684 0.233154 0.521334
v -0.126684 0.233154 0.514682
v -0.126684 0.233154 0.521334
v -0.126684 0.233154 0.514682
v -0.093345 0.246301 0.514313
v -0.093360 0.246347 0.514682
v -0.093345 0.246301 0.514313
v -0.093360 0.246347 0.514682
v -0.058610 0.255072 0.513969
v -0.058610 0.255072 0.513969
v -0.093301 0.246165 0.513969
v -0.093301 0.246165 0.513969
v -0.126602 0.232980 0.513969
v -0.126602 0.232980 0.513969
v -0.157989 0.215726 0.513969
v -0.157989 0.215726 0.513969
v -0.186965 0.194673 0.513969
v -0.186965 0.194673 0.513969
v -0.213074 0.170155 0.513969
v -0.213074 0.170155 0.513969
v -0.235904 0.142558 0.513969
v -0.235904 0.142558 0.513969
v -0.255096 0.112317 0.513969
v -0.255096 0.112317 0.513969
v -0.270346 0.079909 0.513969
v -0.270346 0.079909 0.513969
v -0.281413 0.045846 0.513969
v -0.281413 0.045846 0.513969
v -0.288125 0.010664 0.513969
v -0.288125 0.010664 0.513969
v -0.290374 -0.025082 0.513969
v -0.290374 -0.025082 0.513969
v -0.288125 -0.060828 0.513969
v -0.288125 -0.060828 0.513969
v -0.283253 -0.086369 0.513969
v -0.283253 -0.086369 0.513969
v -0.281413 -0.096010 0.513969
v -0.281413 -0.096010 0.513969
v -0.270346 -0.130074 0.513969
v -0.270346 -0.130074 0.513969
v -0.255096 -0.162481 0.513969
v -0.255096 -0.162481 0.513969
v -0.235904 -0.192722 0.513969
v -0.235904 -0.192722 0.513969
v -0.213074 -0.220319 0.513969
v -0.213074 -0.220319 0.513969
v -0.186965 -0.244838 0.513969
v -0.186965 -0.244838 0.513969
v -0.157989 -0.265890 0.513969
v -0.157989 -0.265890 0.513969
v -0.126602 -0.283145 0.513969
v -0.126602 -0.283145 0.513969
v -0.093301 -0.296330 0.513969
v -0.093301 -0.296330 0.513969
v -0.058610 -0.305237 0.513969
v -0.058610 -0.305237 0.513969
v -0.023075 -0.309726 0.513969
v -0.023075 -0.309726 0.513969
v 0.012741 -0.309726 0.513969
v 0.012741 -0.309726 0.513969
v 0.048275 -0.305237 0.513969
v 0.048275 -0.305237 0.513969
v 0.082966 -0.296330 0.513969
v 0.082966 -0.296330 0.513969
v 0.116268 -0.283145 0.513969
v 0.116268 -0.283145 0.513969
v 0.147654 -0.265890 0.513969
v 0.147654 -0.265890 0.513969
v 0.176630 -0.244838 0.513969
v 0.176630 -0.244838 0.513969
v 0.202739 -0.220319 0.513969
v 0.202739 -0.220319 0.513969
v 0.225570 -0.192722 0.513969
v 0.225570 -0.192722 0.513969
v 0.202879 -0.220450 0.514682
v 0.202843 -0.220417 0.514313
v 0.202843 -0.220417 0.514313
v 0.202879 -0.220450 0.514682
v 0.176752 -0.244985 0.514682
v 0.176752 -0.244985 0.521334
v 0.176752 -0.244985 0.514682
v 0.176752 -0.244985 0.521334
v 0.202914 -0.220484 0.521703
v 0.202879 -0.220450 0.521334
v 0.202879 -0.220450 0.521334
v 0.202914 -0.220484 0.521703
v 0.225879 -0.192947 0.522047
v 0.225879 -0.192947 0.522047
v 0.245295 -0.162775 0.522341
v 0.245295 -0.162775 0.522341
v 0.260853 -0.130407 0.522568
v 0.260853 -0.130407 0.522568
v 0.272290 -0.096321 0.522711
v 0.272290 -0.096321 0.522711
v 0.274506 -0.086672 0.522759
v 0.274506 -0.086672 0.522759
v 0.048579 0.256664 0.522759
v 0.048579 0.256664 0.522759
v 0.012819 0.260809 0.522711
v 0.012819 0.260809 0.522711
v -0.023132 0.260465 0.522568
v -0.023132 0.260465 0.522568
v -0.058724 0.255671 0.522341
v -0.058724 0.255671 0.522341
v -0.093419 0.246529 0.522047
v -0.093419 0.246529 0.522047
v -0.126684 0.233154 0.521334
v -0.126704 0.233198 0.521703
v -0.126684 0.233154 0.521334
v -0.126704 0.233198 0.521703
v -0.158091 0.215887 0.521334
v -0.158091 0.215887 0.514682
v -0.158091 0.215887 0.521334
v -0.158091 0.215887 0.514682
v -0.126663 0.233109 0.514313
v -0.126684 0.233154 0.514682
v -0.126663 0.233109 0.514313
v -0.126684 0.233154 0.514682
v -0.158065 0.215846 0.514313
v -0.158065 0.215846 0.514313
v -0.187056 0.194783 0.514313
v -0.187056 0.194783 0.514313
v -0.213178 0.170253 0.514313
v -0.213178 0.170253 0.514313
v -0.236020 0.142642 0.514313
v -0.236020 0.142642 0.514313
v -0.255221 0.112386 0.514313
v -0.255221 0.112386 0.514313
v -0.270478 0.079962 0.514313
v -0.270478 0.079962 0.514313
v -0.281552 0.045881 0.514313
v -0.281552 0.045881 0.514313
v -0.288266 0.010682 0.514313
v -0.288266 0.010682 0.514313
v -0.290516 -0.025082 0.514313
v -0.290516 -0.025082 0.514313
v -0.288266 -0.060846 0.514313
v -0.288266 -0.060846 0.514313
v -0.283392 -0.086396 0.514313
v -0.283392 -0.086396 0.514313
v -0.281552 -0.096046 0.514313
v -0.281552 -0.096046 0.514313
v -0.270478 -0.130126 0.514313
v -0.270478 -0.130126 0.514313
v -0.255221 -0.162550 0.514313
v -0.255221 -0.162550 0.514313
v -0.236020 -0.192806 0.514313
v -0.236020 -0.192806 0.514313
v -0.213178 -0.220417 0.514313
v -0.213178 -0.220417 0.514313
v -0.187056 -0.244947 0.514313
v -0.187056 -0.244947 0.514313
v -0.158065 -0.266010 0.514313
v -0.158065 -0.266010 0.514313
v -0.126663 -0.283274 0.514313
v -0.126663 -0.283274 0.514313
v -0.093345 -0.296465 0.514313
v -0.093345 -0.296465 0.514313
v -0.058636 -0.305377 0.514313
v -0.058636 -0.305377 0.514313
v -0.023084 -0.309868 0.514313
v -0.023084 -0.309868 0.514313
v 0.012750 -0.309868 0.514313
v 0.012750 -0.309868 0.514313
v 0.048302 -0.305377 0.514313
v 0.048302 -0.305377 0.514313
v 0.083011 -0.296465 0.514313
v 0.083011 -0.296465 0.514313
v 0.116329 -0.283274 0.514313
v 0.116329 -0.283274 0.514313
v 0.147730 -0.266010 0.514313
v 0.147730 -0.266010 0.514313
v 0.176721 -0.244947 0.514313
v 0.176721 -0.244947 0.514313
v 0.176752 -0.244985 0.514682
v 0.176752 -0.244985 0.514682
v 0.147757 -0.266051 0.514682
v 0.147757 -0.266051 0.521334
v 0.147757 -0.266051 0.514682
v 0.147757 -0.266051 0.521334
v 0.176783 -0.245022 0.521703
v 0.176752 -0.244985 0.521334
v 0.176783 -0.245022 0.521703
v 0.176752 -0.244985 0.521334
v 0.203018 -0.220581 0.522047
v 0.203018 -0.220581 0.522047
v 0.226063 -0.193081 0.522341
v 0.226063 -0.193081 0.522341
v 0.245555 -0.162918 0.522568
v 0.245555 -0.162918 0.522568
v 0.261173 -0.130534 0.522711
v 0.261173 -0.130534 0.522711
v 0.274506 -0.086672 0.522759
v 0.272648 -0.096413 0.522759
v 0.274506 -0.086672 0.522759
v 0.272648 -0.096413 0.522759
v 0.012843 0.261178 0.522759
v 0.012843 0.261178 0.522759
v -0.023154 0.260809 0.522711
v -0.023154 0.260809 0.522711
v -0.058779 0.255962 0.522568
v -0.058779 0.255962 0.522568
v -0.093489 0.246745 0.522341
v -0.093489 0.246745 0.522341
v -0.126765 0.233327 0.522047
v -0.126765 0.233327 0.522047
v -0.158091 0.215887 0.521334
v -0.158117 0.215928 0.521703
v -0.158091 0.215887 0.521334
v -0.158117 0.215928 0.521703
v -0.187087 0.194821 0.521334
v -0.187087 0.194821 0.514682
v -0.187087 0.194821 0.521334
v -0.187087 0.194821 0.514682
v -0.158091 0.215887 0.514682
v -0.158091 0.215887 0.514682
v -0.187087 0.194821 0.514682
v -0.187087 0.194821 0.514682
v -0.213213 0.170286 0.514682
v -0.213213 0.170286 0.514682
v -0.236059 0.142670 0.514682
v -0.236059 0.142670 0.514682
v -0.255263 0.112409 0.514682
v -0.255263 0.112409 0.514682
v -0.270523 0.079980 0.514682
v -0.270523 0.079980 0.514682
v -0.281599 0.045893 0.514682
v -0.281599 0.045893 0.514682
v -0.288315 0.010688 0.514682
v -0.288315 0.010688 0.514682
v -0.290565 -0.025082 0.514682
v -0.290565 -0.025082 0.514682
v -0.288315 -0.060852 0.514682
v -0.288315 -0.060852 0.514682
v -0.283440 -0.086405 0.514682
v -0.283440 -0.086405 0.514682
v -0.283440 -0.086405 0.514682
v -0.281599 -0.096058 0.514682
v -0.283440 -0.086405 0.514682
v -0.281599 -0.096058 0.514682
v -0.270523 -0.130144 0.514682
v -0.270523 -0.130144 0.514682
v -0.255263 -0.162574 0.514682
v -0.255263 -0.162574 0.514682
v -0.236059 -0.192835 0.514682
v -0.236059 -0.192835 0.514682
v -0.213213 -0.220450 0.514682
v -0.213213 -0.220450 0.514682
v -0.187087 -0.244985 0.514682
v -0.187087 -0.244985 0.514682
v -0.158091 -0.266051 0.514682
v -0.158091 -0.266051 0.514682
v -0.126684 -0.283318 0.514682
v -0.126684 -0.283318 0.514682
v -0.093360 -0.296512 0.514682
v -0.093360 -0.296512 0.514682
v -0.058646 -0.305425 0.514682
v -0.058646 -0.305425 0.514682
v -0.023088 -0.309917 0.514682
v -0.023088 -0.309917 0.514682
v 0.012753 -0.309917 0.514682
v 0.012753 -0.309917 0.514682
v 0.048311 -0.305425 0.514682
v 0.048311 -0.305425 0.514682
v 0.083025 -0.296512 0.514682
v 0.083025 -0.296512 0.514682
v 0.116349 -0.283318 0.514682
v 0.116349 -0.283318 0.514682
v 0.147757 -0.266051 0.514682
v 0.147757 -0.266051 0.514682
v 0.116349 -0.283318 0.521334
v 0.116349 -0.283318 0.514682
v 0.116349 -0.283318 0.521334
v 0.116349 -0.283318 0.514682
v 0.147783 -0.266093 0.521703
v 0.147757 -0.266051 0.521334
v 0.147783 -0.266093 0.521703
v 0.147757 -0.266051 0.521334
v 0.176874 -0.245132 0.522047
v 0.176874 -0.245132 0.522047
v 0.203184 -0.220737 0.522341
v 0.203184 -0.220737 0.522341
v 0.226302 -0.193255 0.522568
v 0.226302 -0.193255 0.522568
v 0.245856 -0.163084 0.522711
v 0.245856 -0.163084 0.522711
v 0.261517 -0.130670 0.522759
v 0.261517 -0.130670 0.522759
v -0.023177 0.261178 0.522759
v -0.023177 0.261178 0.522759
v -0.058844 0.256300 0.522711
v -0.058844 0.256300 0.522711
v -0.093581 0.247026 0.522568
v -0.093581 0.247026 0.522568
v -0.126862 0.233532 0.522341
v -0.126862 0.233532 0.522341
v -0.158194 0.216049 0.522047
v -0.158194 0.216049 0.522047
v -0.187087 0.194821 0.521334
v -0.187118 0.194858 0.521703
v -0.187087 0.194821 0.521334
v -0.187118 0.194858 0.521703
v -0.213213 0.170286 0.521334
v -0.213213 0.170286 0.514682
v -0.213213 0.170286 0.521334
v -0.213213 0.170286 0.514682
v -0.236059 0.142670 0.514682
v -0.236059 0.142670 0.521334
v -0.236059 0.142670 0.514682
v -0.236059 0.142670 0.521334
v -0.255263 0.112409 0.514682
v -0.255263 0.112409 0.521334
v -0.255263 0.112409 0.514682
v -0.255263 0.112409 0.521334
v -0.270523 0.079980 0.514682
v -0.270523 0.079980 0.521334
v -0.270523 0.079980 0.514682
v -0.270523 0.079980 0.521334
v -0.281599 0.045893 0.514682
v -0.281599 0.045893 0.521334
v -0.281599 0.045893 0.514682
v -0.281599 0.045893 0.521334
v -0.288315 0.010688 0.514682
v -0.288315 0.010688 0.521334
v -0.288315 0.010688 0.514682
v -0.288315 0.010688 0.521334
v -0.290565 -0.025082 0.514682
v -0.290565 -0.025082 0.521334
v -0.290565 -0.025082 0.514682
v -0.290565 -0.025082 0.521334
v -0.288315 -0.060852 0.514682
v -0.288315 -0.060852 0.521334
v -0.288315 -0.060852 0.514682
v -0.288315 -0.060852 0.521334
v -0.283440 -0.086405 0.514682
v -0.283440 -0.086405 0.521334
v -0.283440 -0.086405 0.514682
v -0.283440 -0.086405 0.521334
v -0.281599 -0.096058 0.514682
v -0.283440 -0.086405 0.521334
v -0.281599 -0.096058 0.521334
v -0.283440 -0.086405 0.514682
v -0.283440 -0.086405 0.514682
v -0.281599 -0.096058 0.514682
v -0.283440 -0.086405 0.521334
v -0.281599 -0.096058 0.521334
v -0.270523 -0.130144 0.521334
v -0.270523 -0.130144 0.514682
v -0.270523 -0.130144 0.514682
v -0.270523 -0.130144 0.521334
v -0.255263 -0.162574 0.514682
v -0.255263 -0.162574 0.521334
v -0.255263 -0.162574 0.514682
v -0.255263 -0.162574 0.521334
v -0.236059 -0.192835 0.514682
v -0.236059 -0.192835 0.521334
v -0.236059 -0.192835 0.514682
v -0.236059 -0.192835 0.521334
v -0.213213 -0.220450 0.514682
v -0.213213 -0.220450 0.521334
v -0.213213 -0.220450 0.514682
v -0.213213 -0.220450 0.521334
v -0.187087 -0.244985 0.521334
v -0.187087 -0.244985 0.514682
v -0.187087 -0.244985 0.514682
v -0.187087 -0.244985 0.521334
v -0.158091 -0.266051 0.521334
v -0.158091 -0.266051 0.514682
v -0.158091 -0.266051 0.514682
v -0.158091 -0.266051 0.521334
v -0.126684 -0.283318 0.514682
v -0.126684 -0.283318 0.521334
v -0.126684 -0.283318 0.521334
v -0.126684 -0.283318 0.514682
v -0.093360 -0.296512 0.521334
v -0.093360 -0.296512 0.514682
v -0.093360 -0.296512 0.514682
v -0.093360 -0.296512 0.521334
v -0.058646 -0.305425 0.521334
v -0.058646 -0.305425 0.514682
v -0.058646 -0.305425 0.514682
v -0.058646 -0.305425 0.521334
v -0.023088 -0.309917 0.521334
v -0.023088 -0.309917 0.514682
v -0.023088 -0.309917 0.514682
v -0.023088 -0.309917 0.521334
v 0.012753 -0.309917 0.514682
v 0.012753 -0.309917 0.521334
v 0.012753 -0.309917 0.521334
v 0.012753 -0.309917 0.514682
v 0.048311 -0.305425 0.521334
v 0.048311 -0.305425 0.514682
v 0.048311 -0.305425 0.514682
v 0.048311 -0.305425 0.521334
v 0.083025 -0.296512 0.521334
v 0.083025 -0.296512 0.514682
v 0.083025 -0.296512 0.514682
v 0.083025 -0.296512 0.521334
v 0.116370 -0.283362 0.521703
v 0.116349 -0.283318 0.521334
v 0.116370 -0.283362 0.521703
v 0.116349 -0.283318 0.521334
v 0.147859 -0.266213 0.522047
v 0.147859 -0.266213 0.522047
v 0.177019 -0.245307 0.522341
v 0.177019 -0.245307 0.522341
v 0.203399 -0.220939 0.522568
v 0.203399 -0.220939 0.522568
v 0.226581 -0.193457 0.522711
v 0.226581 -0.193457 0.522711
v 0.246180 -0.163262 0.522759
v 0.246180 -0.163262 0.522759
v -0.058913 0.256664 0.522759
v -0.058913 0.256664 0.522759
v -0.093687 0.247354 0.522711
v -0.093687 0.247354 0.522711
v -0.126988 0.233800 0.522568
v -0.126988 0.233800 0.522568
v -0.158315 0.216240 0.522341
v -0.158315 0.216240 0.522341
v -0.187209 0.194968 0.522047
v -0.187209 0.194968 0.522047
v -0.213213 0.170286 0.521334
v -0.213249 0.170319 0.521703
v -0.213213 0.170286 0.521334
v -0.213249 0.170319 0.521703
v -0.236059 0.142670 0.521334
v -0.236098 0.142699 0.521703
v -0.236059 0.142670 0.521334
v -0.236098 0.142699 0.521703
v -0.255263 0.112409 0.521334
v -0.255306 0.112433 0.521703
v -0.255263 0.112409 0.521334
v -0.255306 0.112433 0.521703
v -0.270523 0.079980 0.521334
v -0.270569 0.079998 0.521703
v -0.270523 0.079980 0.521334
v -0.270569 0.079998 0.521703
v -0.281599 0.045893 0.521334
v -0.281646 0.045906 0.521703
v -0.281599 0.045893 0.521334
v -0.281646 0.045906 0.521703
v -0.288315 0.010688 0.521334
v -0.288363 0.010694 0.521703
v -0.288315 0.010688 0.521334
v -0.288363 0.010694 0.521703
v -0.290565 -0.025082 0.521334
v -0.290614 -0.025082 0.521703
v -0.290565 -0.025082 0.521334
v -0.290614 -0.025082 0.521703
v -0.288315 -0.060852 0.521334
v -0.288363 -0.060858 0.521703
v -0.288315 -0.060852 0.521334
v -0.288363 -0.060858 0.521703
v -0.283440 -0.086405 0.521334
v -0.283488 -0.086414 0.521703
v -0.283440 -0.086405 0.521334
v -0.283488 -0.086414 0.521703
v -0.281599 -0.096058 0.521334
v -0.281646 -0.096070 0.521703
v -0.283440 -0.086405 0.521334
v -0.283440 -0.086405 0.521334
v -0.281599 -0.096058 0.521334
v -0.281646 -0.096070 0.521703
v -0.270569 -0.130162 0.521703
v -0.270523 -0.130144 0.521334
v -0.270523 -0.130144 0.521334
v -0.270569 -0.130162 0.521703
v -0.255263 -0.162574 0.521334
v -0.255306 -0.162597 0.521703
v -0.255263 -0.162574 0.521334
v -0.255306 -0.162597 0.521703
v -0.236059 -0.192835 0.521334
v -0.236098 -0.192863 0.521703
v -0.236059 -0.192835 0.521334
v -0.236098 -0.192863 0.521703
v -0.213213 -0.220450 0.521334
v -0.213249 -0.220484 0.521703
v -0.213213 -0.220450 0.521334
v -0.213249 -0.220484 0.521703
v -0.187118 -0.245022 0.521703
v -0.187087 -0.244985 0.521334
v -0.187087 -0.244985 0.521334
v -0.187118 -0.245022 0.521703
v -0.158117 -0.266093 0.521703
v -0.158091 -0.266051 0.521334
v -0.158091 -0.266051 0.521334
v -0.158117 -0.266093 0.521703
v -0.126704 -0.283362 0.521703
v -0.126684 -0.283318 0.521334
v -0.126684 -0.283318 0.521334
v -0.126704 -0.283362 0.521703
v -0.093375 -0.296558 0.521703
v -0.093360 -0.296512 0.521334
v -0.093360 -0.296512 0.521334
v -0.093375 -0.296558 0.521703
v -0.058655 -0.305473 0.521703
v -0.058646 -0.305425 0.521334
v -0.058646 -0.305425 0.521334
v -0.058655 -0.305473 0.521703
v -0.023091 -0.309965 0.521703
v -0.023088 -0.309917 0.521334
v -0.023088 -0.309917 0.521334
v -0.023091 -0.309965 0.521703
v 0.012756 -0.309965 0.521703
v 0.012753 -0.309917 0.521334
v 0.012753 -0.309917 0.521334
v 0.012756 -0.309965 0.521703
v 0.048311 -0.305425 0.521334
v 0.048320 -0.305473 0.521703
v 0.048320 -0.305473 0.521703
v 0.048311 -0.305425 0.521334
v 0.083025 -0.296512 0.521334
v 0.083041 -0.296558 0.521703
v 0.083041 -0.296558 0.521703
v 0.083025 -0.296512 0.521334
v 0.116431 -0.283491 0.522047
v 0.116431 -0.283491 0.522047
v 0.147981 -0.266405 0.522341
v 0.147981 -0.266405 0.522341
v 0.177207 -0.245535 0.522568
v 0.177207 -0.245535 0.522568
v 0.203651 -0.221175 0.522711
v 0.203651 -0.221175 0.522711
v 0.226880 -0.193674 0.522759
v 0.226880 -0.193674 0.522759
v -0.093801 0.247706 0.522759
v -0.093801 0.247706 0.522759
v -0.127134 0.234111 0.522711
v -0.127134 0.234111 0.522711
v -0.158474 0.216490 0.522568
v -0.158474 0.216490 0.522568
v -0.187353 0.195143 0.522341
v -0.187353 0.195143 0.522341
v -0.213353 0.170417 0.522047
v -0.213353 0.170417 0.522047
v -0.236214 0.142783 0.522047
v -0.236214 0.142783 0.522047
v -0.255431 0.112501 0.522047
v -0.255431 0.112501 0.522047
v -0.270701 0.080050 0.522047
v -0.270701 0.080050 0.522047
v -0.281784 0.045941 0.522047
v -0.281784 0.045941 0.522047
v -0.288505 0.010712 0.522047
v -0.288505 0.010712 0.522047
v -0.290756 -0.025082 0.522047
v -0.290756 -0.025082 0.522047
v -0.288505 -0.060876 0.522047
v -0.288505 -0.060876 0.522047
v -0.283628 -0.086440 0.522047
v -0.283628 -0.086440 0.522047
v -0.281784 -0.096105 0.522047
v -0.281784 -0.096105 0.522047
v -0.270701 -0.130214 0.522047
v -0.270701 -0.130214 0.522047
v -0.255431 -0.162666 0.522047
v -0.255431 -0.162666 0.522047
v -0.236214 -0.192947 0.522047
v -0.236214 -0.192947 0.522047
v -0.213353 -0.220581 0.522047
v -0.213353 -0.220581 0.522047
v -0.187209 -0.245132 0.522047
v -0.187209 -0.245132 0.522047
v -0.158194 -0.266213 0.522047
v -0.158194 -0.266213 0.522047
v -0.126765 -0.283491 0.522047
v -0.126765 -0.283491 0.522047
v -0.093419 -0.296694 0.522047
v -0.093419 -0.296694 0.522047
v -0.058681 -0.305613 0.522047
v -0.058681 -0.305613 0.522047
v -0.023100 -0.310108 0.522047
v -0.023100 -0.310108 0.522047
v 0.012765 -0.310108 0.522047
v 0.012765 -0.310108 0.522047
v 0.048347 -0.305613 0.522047
v 0.048347 -0.305613 0.522047
v 0.083085 -0.296694 0.522047
v 0.083085 -0.296694 0.522047
v 0.116527 -0.283696 0.522341
v 0.116527 -0.283696 0.522341
v 0.148139 -0.266654 0.522568
v 0.148139 -0.266654 0.522568
v 0.177427 -0.245801 0.522711
v 0.177427 -0.245801 0.522711
v 0.203920 -0.221428 0.522759
v 0.203920 -0.221428 0.522759
v -0.127292 0.234446 0.522759
v -0.127292 0.234446 0.522759
v -0.158658 0.216781 0.522711
v -0.158658 0.216781 0.522711
v -0.187542 0.195371 0.522568
v -0.187542 0.195371 0.522568
v -0.213518 0.170573 0.522341
v -0.213518 0.170573 0.522341
v -0.236397 0.142916 0.522341
v -0.236397 0.142916 0.522341
v -0.255630 0.112611 0.522341
v -0.255630 0.112611 0.522341
v -0.270912 0.080134 0.522341
v -0.270912 0.080134 0.522341
v -0.282004 0.045997 0.522341
v -0.282004 0.045997 0.522341
v -0.288730 0.010740 0.522341
v -0.288730 0.010740 0.522341
v -0.290983 -0.025082 0.522341
v -0.290983 -0.025082 0.522341
v -0.288730 -0.060904 0.522341
v -0.288730 -0.060904 0.522341
v -0.283850 -0.086483 0.522341
v -0.283850 -0.086483 0.522341
v -0.282004 -0.096162 0.522341
v -0.282004 -0.096162 0.522341
v -0.270912 -0.130298 0.522341
v -0.270912 -0.130298 0.522341
v -0.255630 -0.162775 0.522341
v -0.255630 -0.162775 0.522341
v -0.236397 -0.193081 0.522341
v -0.236397 -0.193081 0.522341
v -0.213518 -0.220737 0.522341
v -0.213518 -0.220737 0.522341
v -0.187353 -0.245307 0.522341
v -0.187353 -0.245307 0.522341
v -0.158315 -0.266405 0.522341
v -0.158315 -0.266405 0.522341
v -0.126862 -0.283696 0.522341
v -0.126862 -0.283696 0.522341
v -0.093489 -0.296910 0.522341
v -0.093489 -0.296910 0.522341
v -0.058724 -0.305836 0.522341
v -0.058724 -0.305836 0.522341
v -0.023114 -0.310334 0.522341
v -0.023114 -0.310334 0.522341
v 0.012779 -0.310334 0.522341
v 0.012779 -0.310334 0.522341
v 0.048389 -0.305836 0.522341
v 0.048389 -0.305836 0.522341
v 0.083155 -0.296910 0.522341
v 0.083155 -0.296910 0.522341
v 0.116653 -0.283964 0.522568
v 0.116653 -0.283964 0.522568
v 0.148324 -0.266945 0.522711
v 0.148324 -0.266945 0.522711
v 0.177663 -0.246085 0.522759
v 0.177663 -0.246085 0.522759
v -0.158856 0.217093 0.522759
v -0.158856 0.217093 0.522759
v -0.187761 0.195636 0.522711
v -0.187761 0.195636 0.522711
v -0.213734 0.170775 0.522568
v -0.213734 0.170775 0.522568
v -0.236637 0.143090 0.522568
v -0.236637 0.143090 0.522568
v -0.255889 0.112753 0.522568
v -0.255889 0.112753 0.522568
v -0.271188 0.080243 0.522568
v -0.271188 0.080243 0.522568
v -0.282291 0.046071 0.522568
v -0.282291 0.046071 0.522568
v -0.289023 0.010777 0.522568
v -0.289023 0.010777 0.522568
v -0.291279 -0.025082 0.522568
v -0.291279 -0.025082 0.522568
v -0.289023 -0.060942 0.522568
v -0.289023 -0.060942 0.522568
v -0.284140 -0.086538 0.522568
v -0.284140 -0.086538 0.522568
v -0.282291 -0.096235 0.522568
v -0.282291 -0.096235 0.522568
v -0.271188 -0.130407 0.522568
v -0.271188 -0.130407 0.522568
v -0.255889 -0.162918 0.522568
v -0.255889 -0.162918 0.522568
v -0.236637 -0.193255 0.522568
v -0.236637 -0.193255 0.522568
v -0.213734 -0.220939 0.522568
v -0.213734 -0.220939 0.522568
v -0.187542 -0.245535 0.522568
v -0.187542 -0.245535 0.522568
v -0.158474 -0.266654 0.522568
v -0.158474 -0.266654 0.522568
v -0.126988 -0.283964 0.522568
v -0.126988 -0.283964 0.522568
v -0.093581 -0.297191 0.522568
v -0.093581 -0.297191 0.522568
v -0.058779 -0.306126 0.522568
v -0.058779 -0.306126 0.522568
v -0.023132 -0.310630 0.522568
v -0.023132 -0.310630 0.522568
v 0.012798 -0.310630 0.522568
v 0.012798 -0.310630 0.522568
v 0.048445 -0.306126 0.522568
v 0.048445 -0.306126 0.522568
v 0.083246 -0.297191 0.522568
v 0.083246 -0.297191 0.522568
v 0.116800 -0.284276 0.522711
v 0.116800 -0.284276 0.522711
v 0.148522 -0.267257 0.522759
v 0.148522 -0.267257 0.522759
v -0.187997 0.195921 0.522759
v -0.187997 0.195921 0.522759
v -0.213985 0.171011 0.522711
v -0.213985 0.171011 0.522711
v -0.236915 0.143293 0.522711
v -0.236915 0.143293 0.522711
v -0.256191 0.112919 0.522711
v -0.256191 0.112919 0.522711
v -0.271508 0.080369 0.522711
v -0.271508 0.080369 0.522711
v -0.282624 0.046157 0.522711
v -0.282624 0.046157 0.522711
v -0.289365 0.010820 0.522711
v -0.289365 0.010820 0.522711
v -0.291624 -0.025082 0.522711
v -0.291624 -0.025082 0.522711
v -0.289365 -0.060985 0.522711
v -0.289365 -0.060985 0.522711
v -0.284478 -0.086603 0.522711
v -0.284478 -0.086603 0.522711
v -0.282624 -0.096321 0.522711
v -0.282624 -0.096321 0.522711
v -0.271508 -0.130534 0.522711
v -0.271508 -0.130534 0.522711
v -0.256191 -0.163084 0.522711
v -0.256191 -0.163084 0.522711
v -0.236915 -0.193457 0.522711
v -0.236915 -0.193457 0.522711
v -0.213985 -0.221175 0.522711
v -0.213985 -0.221175 0.522711
v -0.187761 -0.245801 0.522711
v -0.187761 -0.245801 0.522711
v -0.158658 -0.266945 0.522711
v -0.158658 -0.266945 0.522711
v -0.127134 -0.284276 0.522711
v -0.127134 -0.284276 0.522711
v -0.093687 -0.297518 0.522711
v -0.093687 -0.297518 0.522711
v -0.058844 -0.306465 0.522711
v -0.058844 -0.306465 0.522711
v -0.023154 -0.310973 0.522711
v -0.023154 -0.310973 0.522711
v 0.012819 -0.310973 0.522711
v 0.012819 -0.310973 0.522711
v 0.048509 -0.306465 0.522711
v 0.048509 -0.306465 0.522711
v 0.083353 -0.297518 0.522711
v 0.083353 -0.297518 0.522711
v 0.116957 -0.284610 0.522759
v 0.116957 -0.284610 0.522759
v -0.214255 0.171264 0.522759
v -0.214255 0.171264 0.522759
v -0.237214 0.143510 0.522759
v -0.237214 0.143510 0.522759
v -0.256515 0.113097 0.522759
v -0.256515 0.113097 0.522759
v -0.271851 0.080506 0.522759
v -0.271851 0.080506 0.522759
v -0.282982 0.046249 0.522759
v -0.282982 0.046249 0.522759
v -0.289732 0.010867 0.522759
v -0.289732 0.010867 0.522759
v -0.291993 -0.025082 0.522759
v -0.291993 -0.025082 0.522759
v -0.289732 -0.061031 0.522759
v -0.289732 -0.061031 0.522759
v -0.284840 -0.086672 0.522759
v -0.284840 -0.086672 0.522759
v -0.284840 -0.086672 0.522759
v -0.282982 -0.096413 0.522759
v -0.284840 -0.086672 0.522759
v -0.282982 -0.096413 0.522759
v -0.271851 -0.130670 0.522759
v -0.271851 -0.130670 0.522759
v -0.256515 -0.163262 0.522759
v -0.256515 -0.163262 0.522759
v -0.237214 -0.193674 0.522759
v -0.237214 -0.193674 0.522759
v -0.214255 -0.221428 0.522759
v -0.214255 -0.221428 0.522759
v -0.187997 -0.246085 0.522759
v -0.187997 -0.246085 0.522759
v -0.158856 -0.267257 0.522759
v -0.158856 -0.267257 0.522759
v -0.127292 -0.284610 0.522759
v -0.127292 -0.284610 0.522759
v -0.093801 -0.297870 0.522759
v -0.093801 -0.297870 0.522759
v -0.058913 -0.306828 0.522759
v -0.058913 -0.306828 0.522759
v -0.023177 -0.311342 0.522759
v -0.023177 -0.311342 0.522759
v 0.012843 -0.311342 0.522759
v 0.012843 -0.311342 0.522759
v 0.048579 -0.306828 0.522759
v 0.048579 -0.306828 0.522759
v 0.083467 -0.297870 0.522759
v 0.083467 -0.297870 0.522759
vt -20.57294 3.284906
vt -20.50294 2.703096
vt -20.50294 3.284906
vt -20.57294 2.703096
vt -20.50294 5.054382
vt -20.57294 4.472571
vt -20.50294 4.472571
vt -20.57294 5.054382
vt -18.83773 0.8888861
vt -18.8027 0.3095106
vt -18.83383 0.8894342
vt -18.8066 0.3090614
vt -20.57294 1.468214
vt -20.50294 0.8864032
vt -20.50294 1.468214
vt -20.57294 0.8864032
vt -18.9108 0.8794995
vt -18.87577 0.3002229
vt -18.9069 0.8800476
vt -18.87967 0.2997736
vt -20.57294 6.748734
vt -20.50294 6.166923
vt -20.50294 6.748734
vt -20.57294 6.166923
vt -18.92881 3.270357
vt -18.9096 2.689221
vt -18.90569 2.689542
vt -18.93272 3.269937
vt -19.00199 3.263374
vt -18.98278 2.682337
vt -18.97887 2.682657
vt -19.0059 3.262954
vt -14.34284 -1.99326
vt -14.25 -2.557448
vt -14.33906 -1.991693
vt -14.25383 -2.558732
vt -18.69774 -1.637982
vt -18.65336 -2.215831
vt -18.69385 -1.637284
vt -18.65726 -2.21643
vt -20.57294 -0.9488561
vt -20.50294 -0.3670455
vt -20.57294 -0.3670455
vt -20.50294 -0.9488561
vt -18.77063 -1.650174
vt -18.72626 -2.227924
vt -18.76674 -1.649476
vt -18.73015 -2.228523
vt -14.41681 -2.021223
vt -14.32404 -2.584936
vt -14.41302 -2.019656
vt -14.32786 -2.58622
vt -19.0686 5.507144
vt -19.04871 4.926161
vt -19.06469 5.507449
vt -19.05262 4.925955
vt -20.57294 8.341243
vt -20.50294 7.759432
vt -20.50294 8.341243
vt -20.57294 7.759432
vt -18.99535 5.511986
vt -18.97546 4.930904
vt -18.99144 5.512291
vt -18.97937 4.930698
vt -14.71314 1.048458
vt -14.65012 0.4745462
vt -14.64625 0.4754737
vt -14.71697 1.047244
vt -14.78805 1.027397
vt -14.7251 0.4539662
vt -14.72123 0.4548937
vt -14.79189 1.026183
vt -8.965755 -1.82185
vt -8.826048 -2.362971
vt -8.962157 -1.819457
vt -8.829755 -2.364932
vt -13.80362 -5.201564
vt -13.68601 -5.754652
vt -13.79991 -5.199602
vt -13.68977 -5.756336
vt -18.43815 -4.911698
vt -18.4862 -4.334547
vt -18.49007 -4.335427
vt -18.43427 -4.910915
vt -20.57294 -2.773739
vt -20.50294 -2.191929
vt -20.57294 -2.191929
vt -20.50294 -2.773739
vt -18.51078 -4.927221
vt -18.55881 -4.350168
vt -18.56269 -4.351048
vt -18.50689 -4.926438
vt -13.87617 -5.237255
vt -13.75866 -5.789876
vt -13.87246 -5.235293
vt -13.76242 -5.791561
vt -9.034449 -1.863458
vt -8.895033 -2.403419
vt -9.030851 -1.861065
vt -8.898739 -2.40538
vt -15.04306 3.914901
vt -14.99266 3.338525
vt -15.03918 3.915791
vt -14.99655 3.337924
vt -19.10615 7.609866
vt -19.09285 7.028436
vt -19.10223 7.610066
vt -19.09676 7.028335
vt -20.57294 9.806792
vt -20.50294 9.224982
vt -20.50294 9.806792
vt -20.57294 9.224982
vt -19.03285 7.612731
vt -19.01955 7.031202
vt -19.02894 7.612931
vt -19.02347 7.031101
vt -14.96751 3.92964
vt -14.91707 3.352778
vt -14.96363 3.93053
vt -14.92096 3.352177
vt -9.532774 1.04532
vt -9.43257 0.4837445
vt -9.428765 0.4851857
vt -9.536497 1.043434
vt -9.603607 1.01337
vt -9.503625 0.4529898
vt -9.49982 0.4544309
vt -9.60733 1.011484
vt -3.228311 0.5180552
vt -3.401741 1.036032
vt -3.231896 0.5156079
vt -3.398331 1.039018
vt -8.185303 -4.715281
vt -8.011993 -5.232754
vt -8.181874 -4.712358
vt -8.015558 -5.235264
vt -12.88957 -9.128104
vt -13.02833 -8.586808
vt -13.03192 -8.589222
vt -12.88591 -9.125959
vt -18.10476 -7.835962
vt -18.1676 -7.262202
vt -18.17145 -7.263319
vt -18.1009 -7.834942
vt -20.57294 -4.559466
vt -20.50294 -3.977656
vt -20.57294 -3.977656
vt -20.50294 -4.559466
vt -18.17693 -7.855913
vt -18.23975 -7.282251
vt -18.2436 -7.283368
vt -18.17307 -7.854893
vt -12.96015 -9.172213
vt -13.09879 -8.63137
vt -13.10238 -8.633784
vt -12.95649 -9.170068
vt -8.251033 -4.767045
vt -8.078085 -5.283407
vt -8.247603 -4.764121
vt -8.08165 -5.285917
vt -3.287967 0.4730114
vt -3.460724 0.9889261
vt -3.291552 0.4705641
vt -3.457315 0.991912
vt -10.00527 3.82598
vt -9.928325 3.257009
vt -10.00145 3.827379
vt -9.932195 3.256064
vt -15.19566 6.651919
vt -15.1643 6.072337
vt -15.19176 6.652504
vt -15.16822 6.072042
vt -19.12251 9.564815
vt -19.1155 8.983123
vt -19.11859 9.564914
vt -19.11941 8.983123
vt -20.57294 11.12227
vt -20.50294 10.54046
vt -20.50294 11.12227
vt -20.57294 10.54046
vt -19.04919 9.565793
vt -19.04218 8.984002
vt -19.04528 9.565892
vt -19.0461 8.984002
vt -15.11972 6.660717
vt -15.08834 6.080646
vt -15.11582 6.661302
vt -15.09226 6.080351
vt -9.93295 3.84868
vt -9.855851 3.27849
vt -9.929138 3.85008
vt -9.859722 3.277545
vt -3.808828 2.579679
vt -3.944659 3.123714
vt -3.812565 2.577849
vt -3.941059 3.126109
vt -3.871309 2.544926
vt -4.006617 3.086798
vt -3.875046 2.543096
vt -4.003017 3.089194
vt 2.138979 5.066927
vt 1.944259 5.567335
vt 2.135486 5.064175
vt 1.947522 5.570693
vt -2.48657 -1.458289
vt -2.697187 -0.9742328
vt -2.489951 -1.461352
vt -2.69402 -0.9706661
vt -6.939124 -8.071029
vt -7.147777 -7.585592
vt -6.942491 -8.074121
vt -7.144573 -7.582112
vt -11.74216 -12.67643
vt -11.91452 -12.15863
vt -11.91794 -12.16157
vt -11.73865 -12.67374
vt -17.5636 -11.11942
vt -17.64691 -10.5519
vt -17.65072 -10.55335
vt -17.55978 -11.11808
vt -20.57294 -6.277876
vt -20.50294 -5.696065
vt -20.57294 -5.696065
vt -20.50294 -6.277876
vt -17.63494 -11.1455
vt -17.71824 -10.57808
vt -17.72204 -10.57953
vt -17.63112 -11.14416
vt -11.80961 -12.73096
vt -11.98183 -12.21359
vt -11.98525 -12.21654
vt -11.8061 -12.72828
vt -7.001267 -8.132437
vt -7.209482 -7.648043
vt -7.004635 -8.135529
vt -7.206278 -7.644563
vt -2.542504 -1.513542
vt -2.7523 -1.031416
vt -2.545885 -1.516605
vt -2.749133 -1.027849
vt 2.091368 5.025957
vt 1.897833 5.523247
vt 2.087875 5.023205
vt 1.901095 5.526605
vt -4.302778 4.657854
vt -4.400522 5.218622
vt -4.306618 4.656638
vt -4.396779 5.220422
vt -10.25302 6.560026
vt -10.20567 5.983413
vt -10.24914 6.560952
vt -10.20958 5.982946
vt -15.26417 9.242482
vt -15.25118 8.66123
vt -15.26026 9.242773
vt -15.2551 8.66123
vt -19.11941 11.36482
vt -19.11859 10.78303
vt -19.1155 11.36482
vt -19.12251 10.78312
vt -20.50294 12.26693
vt -20.57294 11.84465
vt -20.50294 11.84465
vt -20.57294 12.26693
vt -19.0461 11.36394
vt -19.04528 10.78205
vt -19.04218 11.36394
vt -19.04919 10.78215
vt -15.18804 9.245555
vt -15.17505 8.663814
vt -15.18413 9.245846
vt -15.17896 8.663814
vt -10.17976 6.573776
vt -10.13232 5.995928
vt -10.17589 6.574702
vt -10.13623 5.995461
vt -4.238279 4.682311
vt -4.336397 5.245315
vt -4.24212 4.681095
vt -4.332654 5.247114
vt 1.792031 6.077669
vt 1.63761 6.610486
vt 1.788349 6.075582
vt 1.64111 6.613216
vt 1.741579 6.045802
vt 1.588092 6.575304
vt 1.737897 6.043715
vt 1.591593 6.578035
vt 7.113686 10.09689
vt 6.908655 10.58826
vt 7.110241 10.09399
vt 6.911839 10.5918
vt 2.56229 4.135481
vt 2.329454 4.595505
vt 2.559041 4.132092
vt 2.332427 4.599453
vt -1.574111 -3.294703
vt -1.820971 -2.853285
vt -1.577229 -3.298371
vt -1.818106 -2.849156
vt -5.552409 -10.79612
vt -5.791879 -10.3458
vt -5.794784 -10.34986
vt -5.549312 -10.79242
vt -10.06751 -16.36672
vt -10.27984 -15.88555
vt -10.283 -15.88913
vt -10.06424 -16.36339
vt -16.5884 -15.0469
vt -16.70277 -14.49241
vt -16.70648 -14.49434
vt -16.58467 -15.04506
vt -20.57294 -7.901867
vt -20.50294 -7.320057
vt -20.57294 -7.320057
vt -20.50294 -7.901867
vt -16.65804 -15.08227
vt -16.77239 -14.52787
vt -16.7761 -14.5298
vt -16.65431 -15.08042
vt -10.1301 -16.43364
vt -10.34225 -15.95287
vt -10.34541 -15.95644
vt -10.12683 -16.4303
vt -5.609234 -10.86876
vt -5.848186 -10.4194
vt -5.851091 -10.42346
vt -5.606136 -10.86506
vt -1.625327 -3.359943
vt -1.871221 -2.920288
vt -1.628444 -3.363611
vt -1.868356 -2.916159
vt 2.518274 4.085857
vt 2.286861 4.54301
vt 2.515025 4.082468
vt 2.289834 4.546957
vt 7.079902 10.06709
vt 6.876621 10.55417
vt 7.076458 10.06419
vt 6.879806 10.55771
vt 1.471842 7.121161
vt 1.359997 7.674938
vt 1.468026 7.11976
vt 1.363682 7.677011
vt -4.59128 6.776273
vt -4.651473 7.349488
vt -4.595181 6.775667
vt -4.647631 7.35069
vt -10.36603 9.201069
vt -10.3477 8.620537
vt -10.36212 9.201531
vt -10.35162 8.620537
vt -15.2551 11.69192
vt -15.26026 11.11038
vt -15.25118 11.69192
vt -15.26417 11.11067
vt -19.09285 13.00414
vt -19.10357 12.58213
vt -19.09966 12.58198
vt -19.09676 13.00424
vt -20.50294 11.68512
vt -20.57294 11.68512
vt -19.01955 13.00137
vt -19.03028 12.57932
vt -19.02637 12.57917
vt -19.02347 13.00147
vt -15.17896 11.68934
vt -15.18413 11.1073
vt -15.17505 11.68934
vt -15.18804 11.10759
vt -10.2923 9.206047
vt -10.27394 8.624273
vt -10.28839 9.20651
vt -10.27786 8.624273
vt -4.525502 6.790463
vt -4.585919 7.365961
vt -4.529403 6.789857
vt -4.582076 7.367163
vt 1.524381 7.143605
vt 1.411864 7.700844
vt 1.520566 7.142205
vt 1.415549 7.702917
vt 7.105459 10.04782
vt 6.941767 10.57481
vt 7.101807 10.0456
vt 6.945212 10.57771
vt 7.06953 10.02475
vt 6.907227 10.54716
vt 7.065878 10.02254
vt 6.910673 10.55005
vt 7.116985 10.14984
vt 6.873748 10.59782
vt 7.113803 10.1463
vt 6.876621 10.60194
vt 3.057368 3.307789
vt 2.789263 3.719581
vt 3.054417 3.303802
vt 2.791895 3.724068
vt -0.4852535 -4.925505
vt -0.7665781 -4.536242
vt -0.4880423 -4.929756
vt -0.7640776 -4.531583
vt -3.783541 -13.26662
vt -4.061109 -12.87177
vt -4.063623 -12.87641
vt -3.780805 -13.26229
vt -7.586198 -20.04292
vt -7.845593 -19.62021
vt -7.848343 -19.62451
vt -7.583317 -20.03883
vt -14.50941 -20.24351
vt -14.67684 -19.72209
vt -14.68031 -19.72487
vt -14.5059 -20.24081
vt -20.57294 -9.405829
vt -20.50294 -8.824019
vt -20.57294 -8.824019
vt -20.50294 -9.405829
vt -14.57478 -20.29472
vt -14.74218 -19.77339
vt -14.74565 -19.77617
vt -14.57127 -20.29203
vt -7.641064 -20.12439
vt -7.900238 -19.70203
vt -7.902989 -19.70633
vt -7.638183 -20.1203
vt -3.833301 -13.35069
vt -4.110271 -12.95668
vt -4.112784 -12.96132
vt -3.830565 -13.34636
vt -0.5306594 -5.000285
vt -0.8108804 -4.612582
vt -0.5334482 -5.004537
vt -0.8083799 -4.607923
vt 3.017694 3.250107
vt 2.751232 3.659323
vt 3.014743 3.24612
vt 2.753863 3.66381
vt 7.085881 10.11376
vt 6.844729 10.55782
vt 7.082699 10.11022
vt 6.847601 10.56194
vt 7.349985 5.66563
vt 6.971503 5.744951
vt 6.608644 5.744951
vt 7.713443 5.809597
vt 7.331501 5.815111
vt 8.062339 6.022703
vt 7.682961 5.954324
vt 8.020339 6.160396
vt 8.391171 6.30159
vt 8.338316 6.430076
vt 8.694752 6.641858
vt 8.631875 6.759112
vt 8.968295 7.038142
vt 8.896389 7.142313
vt 9.207487 7.484191
vt 9.127684 7.573638
vt 9.408554 7.972971
vt 9.322114 8.046283
vt 9.568327 8.496775
vt 9.476612 8.552794
vt 9.684284 9.04734
vt 9.588742 9.085185
vt 9.703484 9.20261
vt 9.606781 9.231069
vt 9.754599 9.615985
vt 9.656735 9.635058
vt 9.778161 10.19374
vt 9.679519 10.19374
vt 9.754599 10.7715
vt 9.656735 10.75243
vt 9.588742 11.3023
vt 9.684284 11.34014
vt 9.476612 11.83469
vt 9.568327 11.89071
vt 9.322114 12.3412
vt 9.408554 12.41451
vt 9.127684 12.81385
vt 9.207487 12.90329
vt 8.896389 13.24517
vt 8.968295 13.34934
vt 8.631875 13.62837
vt 8.694752 13.74562
vt 8.338316 13.95741
vt 8.391171 14.08589
vt 8.020339 14.22709
vt 8.062339 14.36478
vt 7.682961 14.43316
vt 7.713443 14.57789
vt 7.331501 14.57237
vt 6.971503 14.64253
vt 7.349985 14.72185
vt 6.608644 14.64253
vt 6.977697 5.593075
vt 6.230162 5.66563
vt 6.60245 5.593075
vt 5.866704 5.809597
vt 6.248645 5.815111
vt 5.517808 6.022703
vt 5.897185 5.954324
vt 5.559807 6.160396
vt 5.188976 6.30159
vt 5.241831 6.430076
vt 4.885395 6.641858
vt 4.948271 6.759112
vt 4.611851 7.038142
vt 4.683758 7.142313
vt 4.37266 7.484191
vt 4.452463 7.573638
vt 4.171592 7.972971
vt 4.258033 8.046283
vt 4.01182 8.496775
vt 4.103535 8.552794
vt 3.895862 9.04734
vt 3.991405 9.085185
vt 3.876663 9.20261
vt 3.973366 9.231069
vt 3.825548 9.615985
vt 3.923412 9.635058
vt 3.801986 10.19374
vt 3.900628 10.19374
vt 3.825548 10.7715
vt 3.923412 10.75243
vt 3.991405 11.3023
vt 3.895862 11.34014
vt 4.103535 11.83469
vt 4.01182 11.89071
vt 4.258033 12.3412
vt 4.171592 12.41451
vt 4.452463 12.81385
vt 4.37266 12.90329
vt 4.683758 13.24517
vt 4.611851 13.34934
vt 4.948271 13.62837
vt 4.885395 13.74562
vt 5.241831 13.95741
vt 5.188976 14.08589
vt 5.559807 14.22709
vt 5.517808 14.36478
vt 5.897185 14.43316
vt 5.866704 14.57789
vt 6.248645 14.57237
vt 6.230162 14.72185
vt 6.977697 14.79441
vt 6.60245 14.79441
vt 7.055233 9.986381
vt 6.936372 10.5359
vt 7.051431 9.984887
vt 6.940024 10.53811
vt 1.283912 8.228834
vt 1.214802 8.798986
vt 1.280016 8.228131
vt 1.218619 8.80038
vt -4.743242 8.871652
vt -4.765916 9.451286
vt -4.747162 8.871652
vt -4.762015 9.451888
vt -10.35162 11.74163
vt -10.36212 11.16064
vt -10.3477 11.74163
vt -10.36603 11.1611
vt -15.1643 14.00732
vt -15.18814 13.58664
vt -15.18423 13.5862
vt -15.16822 14.00761
vt -19.10223 12.42251
vt -19.10615 12.42271
vt -20.57294 13.22273
vt -20.50294 12.64091
vt -20.50294 13.22273
vt -20.57294 12.64091
vt -19.02894 12.41964
vt -19.03285 12.41984
vt -15.08834 13.99901
vt -15.11219 13.57809
vt -15.10828 13.57765
vt -15.09226 13.9993
vt -10.27786 11.7379
vt -10.28839 11.15566
vt -10.27394 11.7379
vt -10.2923 11.15612
vt -4.695721 9.458148
vt -4.680794 8.875607
vt -4.676873 8.875607
vt -4.699622 9.457546
vt 1.337792 8.241648
vt 1.268276 8.81536
vt 1.333897 8.240946
vt 1.272092 8.816754
vt 7.092744 10.00236
vt 6.972875 10.55671
vt 7.088942 10.00087
vt 6.976528 10.55892
vt 7.114951 10.20667
vt 6.837256 10.60412
vt 7.112081 10.20255
vt 6.839771 10.60877
vt 3.617465 2.607637
vt 3.317675 2.963656
vt 3.614866 2.603106
vt 3.319917 2.968621
vt 0.7774628 -6.275558
vt 0.4646337 -5.948486
vt 0.7750719 -6.280352
vt 0.4667034 -5.943349
vt -1.589609 -15.28544
vt -1.903963 -14.96283
vt -1.905972 -14.96802
vt -1.587349 -15.2805
vt -3.934523 -23.2295
vt -4.245649 -22.90019
vt -4.247753 -22.90528
vt -3.932263 -23.22456
vt -8.811541 -27.56989
vt -9.079836 -27.16089
vt -9.082536 -27.16526
vt -8.808794 -27.56558
vt -6.978641 31.73815
vt -6.601506 31.63016
vt -6.601506 31.73815
vt -6.978641 31.63016
vt -8.862553 -27.65113
vt -9.130802 -27.2422
vt -9.133502 -27.24657
vt -8.859806 -27.64682
vt -3.977083 -23.32692
vt -4.287946 -22.99788
vt -4.290049 -23.00298
vt -3.974823 -23.32198
vt -1.630182 -15.38054
vt -1.943861 -15.05861
vt -1.94587 -15.0638
vt -1.627922 -15.3756
vt 0.7390206 -6.359115
vt 0.4274216 -6.033358
vt 0.7366297 -6.363909
vt 0.4294912 -6.028221
vt 3.582852 2.542659
vt 3.284904 2.896444
vt 3.580253 2.538128
vt 3.287146 2.901409
vt 7.087021 10.16487
vt 6.811712 10.55883
vt 7.084151 10.16074
vt 6.814228 10.56348
vt 7.073304 10.27922
vt 6.743019 10.55485
vt 7.071192 10.27412
vt 6.744705 10.56032
vt 7.057951 10.34097
vt 6.707785 10.55019
vt 7.056272 10.3355
vt 6.709011 10.55594
vt 7.036829 10.40415
vt 6.672347 10.54353
vt 7.035611 10.3984
vt 6.673093 10.54947
vt 7.010058 10.46718
vt 6.637083 10.53441
vt 7.009321 10.46124
vt 6.637336 10.54045
vt 6.977941 10.5282
vt 6.60245 10.52216
vt 6.977697 10.52216
vt 6.602205 10.5282
vt 6.941215 10.57917
vt 6.56824 10.51194
vt 6.568977 10.506
vt 6.940962 10.58521
vt 6.900526 10.6302
vt 6.536045 10.49083
vt 6.537263 10.48507
vt 6.899781 10.63615
vt 6.856441 10.67327
vt 6.506275 10.46404
vt 6.507954 10.45857
vt 6.855215 10.67902
vt 6.809896 10.70653
vt 6.479611 10.4309
vt 6.481723 10.4258
vt 6.80821 10.712
vt 6.761925 10.72843
vt 6.456737 10.3909
vt 6.459249 10.38625
vt 6.759808 10.73352
vt 6.713619 10.73776
vt 6.43831 10.34379
vt 6.44118 10.33967
vt 6.711104 10.7424
vt 6.666082 10.73373
vt 6.42493 10.28967
vt 6.428112 10.28613
vt 6.66321 10.73786
vt 6.620396 10.71605
vt 6.417115 10.22897
vt 6.420559 10.22607
vt 6.617212 10.71958
vt 6.57758 10.68488
vt 6.415277 10.16248
vt 6.418929 10.16026
vt 6.574135 10.68777
vt 6.53856 10.64089
vt 6.419699 10.09137
vt 6.423501 10.08987
vt 6.534908 10.6431
vt 6.504145 10.5852
vt 6.430518 10.01713
vt 6.434411 10.01638
vt 6.500343 10.58669
vt 6.475 10.51935
vt 6.447715 9.94157
vt 6.451639 9.94157
vt 6.471107 10.5201
vt 6.475 9.867452
vt 6.447715 10.44523
vt 6.471107 9.8667
vt 6.451639 10.44523
vt 6.485104 9.951505
vt 6.430518 10.36425
vt 6.481256 9.950382
vt 6.434411 10.365
vt 6.504145 9.796188
vt 6.500343 9.794696
vt 6.53856 9.730006
vt 6.419699 10.27953
vt 6.534908 9.727795
vt 6.423501 10.28102
vt 6.57758 9.671096
vt 6.415277 10.1935
vt 6.574135 9.6682
vt 6.418929 10.19571
vt 6.620396 9.62151
vt 6.417115 10.10859
vt 6.617212 9.617974
vt 6.420559 10.11149
vt 6.666082 9.583063
vt 6.42493 10.02712
vt 6.66321 9.57894
vt 6.428112 10.03066
vt 6.713619 9.557229
vt 6.43831 9.951192
vt 6.711104 9.552584
vt 6.44118 9.955319
vt 6.761925 9.545067
vt 6.456737 9.882599
vt 6.759808 9.539972
vt 6.459249 9.887249
vt 6.809896 9.54715
vt 6.479611 9.822778
vt 6.80821 9.541684
vt 6.481723 9.827879
vt 6.856441 9.563522
vt 6.506275 9.772746
vt 6.855215 9.557772
vt 6.507954 9.778216
vt 6.900526 9.593693
vt 6.536045 9.733071
vt 6.899781 9.587751
vt 6.537263 9.738824
vt 6.941215 9.63665
vt 6.56824 9.703876
vt 6.940962 9.63061
vt 6.568977 9.709821
vt 6.977941 9.684865
vt 6.60245 9.690906
vt 6.602205 9.684865
vt 6.977697 9.690906
vt 7.010058 9.748636
vt 6.637083 9.681409
vt 6.637336 9.675369
vt 7.009321 9.754581
vt 7.036829 9.819743
vt 6.672347 9.680365
vt 6.673093 9.674423
vt 7.035611 9.825496
vt 7.057951 9.895824
vt 6.707785 9.6866
vt 6.709011 9.68085
vt 7.056272 9.901294
vt 7.073304 9.974457
vt 6.743019 9.698829
vt 6.744705 9.693363
vt 7.071192 9.979558
vt 7.082931 10.05328
vt 6.777743 9.715753
vt 6.779861 9.710657
vt 7.080419 10.05793
vt 7.087021 10.13012
vt 6.811712 9.736155
vt 6.814228 9.73151
vt 7.084151 10.13424
vt 7.085881 10.20304
vt 6.844729 9.758977
vt 6.847601 9.754855
vt 7.082699 10.20658
vt 7.079902 10.27047
vt 6.876621 9.783387
vt 6.879806 9.779851
vt 7.076458 10.27337
vt 7.06953 10.33122
vt 6.907227 9.808819
vt 6.910673 9.805923
vt 7.065878 10.33343
vt 7.055233 10.38451
vt 6.936372 9.834991
vt 6.940024 9.83278
vt 7.051431 10.386
vt 6.986739 10.0161
vt 6.963851 9.861906
vt 6.967653 9.860413
vt 6.982892 10.01722
vt 7.037477 10.42997
vt 7.033584 10.43072
vt 7.016703 10.4676
vt 6.989419 9.88982
vt 6.993312 9.889068
vt 7.01278 10.4676
vt 7.016703 9.919202
vt 6.989419 10.49698
vt 7.01278 9.919202
vt 6.993312 10.49773
vt 7.037477 9.951416
vt 6.963851 10.51948
vt 7.033584 9.950663
vt 6.967653 10.52097
vt 7.082931 10.22021
vt 6.777743 10.55774
vt 7.080419 10.21556
vt 6.779861 10.56284
vt 1.156947 9.926361
vt 1.174854 9.346984
vt 1.178777 9.346984
vt 1.153051 9.92566
vt -4.743242 11.50093
vt -4.765916 10.9213
vt -4.762015 10.9207
vt -4.747162 11.50093
vt -10.20567 14.17753
vt -10.24112 13.75896
vt -10.23723 13.75826
vt -10.20958 14.178
vt -15.19176 13.42715
vt -15.19566 13.42774
vt -19.05262 14.48112
vt -19.06469 13.89963
vt -19.04871 14.48092
vt -19.0686 13.89993
vt -20.57294 13.97458
vt -20.50294 13.39276
vt -20.50294 13.97458
vt -20.57294 13.39276
vt -18.97937 14.47638
vt -18.99144 13.89479
vt -18.97546 14.47617
vt -18.99535 13.89509
vt -15.11582 13.41835
vt -15.11972 13.41894
vt -10.13232 14.16502
vt -10.16782 13.74582
vt -10.16393 13.74513
vt -10.13623 14.16548
vt -4.676873 11.49698
vt -4.699622 10.91504
vt -4.695721 10.91444
vt -4.680794 11.49698
vt 1.211292 9.933044
vt 1.229335 9.350059
vt 1.233257 9.350059
vt 1.207396 9.932343
vt 7.075986 9.960071
vt 7.001748 10.53312
vt 7.072093 9.959319
vt 7.00555 10.53461
vt 7.107238 10.26709
vt 6.799399 10.60762
vt 7.104726 10.26244
vt 6.801517 10.61272
vt 4.233283 2.056732
vt 3.906179 2.349982
vt 4.231085 2.05172
vt 3.907985 2.355353
vt 2.198093 -7.265748
vt 1.858228 -7.010837
vt 2.196169 -7.271019
vt 1.859801 -7.005298
vt 1.023735 -16.58926
vt 0.6773936 -16.35735
vt 0.6760101 -16.363
vt 1.025395 -16.58378
vt 1.100972 -24.86001
vt 0.7439232 -24.67181
vt 0.7427852 -24.67759
vt 1.102289 -24.85432
vt 6.601506 -29.42548
vt 6.978673 -29.41944
vt 6.601474 -29.41944
vt 6.978641 -29.42548
vt 20.57294 11.96106
vt 20.50294 11.37925
vt 20.57294 11.37925
vt 20.50294 11.96106
vt 6.601538 -29.53859
vt 6.978641 -29.53255
vt 6.601506 -29.53255
vt 6.978608 -29.53859
vt 1.076949 -24.97149
vt 0.7202019 -24.78345
vt 0.719064 -24.78923
vt 1.078266 -24.9658
vt 0.9946844 -16.69391
vt 0.6490858 -16.46249
vt 0.6477022 -16.46814
vt 0.9963443 -16.68844
vt 2.167767 -7.356908
vt 1.829241 -7.103028
vt 2.165843 -7.362179
vt 1.830815 -7.097489
vt 4.204405 1.985397
vt 3.879314 2.276799
vt 4.202207 1.980385
vt 3.881121 2.28217
vt 4.870258 1.596394
vt 4.523148 1.819306
vt 4.868506 1.59098
vt 4.524481 1.824997
vt 5.565742 1.388071
vt 5.202459 1.537554
vt 5.564474 1.382344
vt 5.203288 1.543468
vt 6.274231 1.365549
vt 5.901203 1.438141
vt 6.273475 1.359611
vt 5.901508 1.444174
vt 6.978169 1.525606
vt 6.602205 1.519565
vt 6.977941 1.519565
vt 6.601978 1.525606
vt 7.66068 1.850521
vt 7.287652 1.777928
vt 7.288408 1.771991
vt 7.660375 1.856553
vt 8.306205 2.333267
vt 7.942922 2.183784
vt 7.94419 2.178058
vt 8.305376 2.339182
vt 8.901825 2.942969
vt 8.554715 2.720057
vt 8.556466 2.714643
vt 8.900492 2.94866
vt 9.43827 3.65165
vt 9.113178 3.360248
vt 9.115376 3.355237
vt 9.436463 3.657021
vt 9.909801 4.430797
vt 9.611853 4.077012
vt 9.614452 4.072481
vt 9.90756 4.435762
vt 10.31385 5.253636
vt 10.04739 4.84442
vt 10.05034 4.840433
vt 10.31122 5.258123
vt 10.65036 6.096823
vt 10.41895 5.63967
vt 10.4222 5.636281
vt 10.64739 6.10077
vt 10.92097 6.941431
vt 10.72744 6.444141
vt 10.73093 6.441388
vt 10.91771 6.944789
vt 11.12827 7.773319
vt 10.97478 7.243816
vt 10.97846 7.24173
vt 11.12477 7.77605
vt 11.27508 8.583001
vt 11.16324 8.029224
vt 11.16705 8.027823
vt 11.2714 8.585074
vt 11.364 9.365164
vt 11.29489 8.795012
vt 11.29878 8.79431
vt 11.36018 9.366559
vt 11.39699 10.11798
vt 11.37127 9.539307
vt 11.37519 9.539307
vt 11.3931 10.11868
vt 11.39699 10.26361
vt 11.37127 10.84229
vt 11.3931 10.26291
vt 11.37519 10.84229
vt 11.34617 11.12588
vt 11.29489 11.53999
vt 11.34232 11.12483
vt 11.29878 11.54069
vt 11.364 10.96983
vt 11.36018 10.96844
vt 11.27508 11.66143
vt 11.16324 12.2152
vt 11.2714 11.65935
vt 11.16705 12.2166
vt 11.12827 12.34171
vt 10.97478 12.87121
vt 11.12477 12.33898
vt 10.97846 12.8733
vt 10.92097 13.01284
vt 10.72744 13.51013
vt 10.91771 13.00948
vt 10.73093 13.51288
vt 10.65036 13.6748
vt 10.41895 14.13196
vt 10.64739 13.67086
vt 10.4222 14.13535
vt 10.31385 14.32449
vt 10.04739 14.73371
vt 10.31122 14.32001
vt 10.05034 14.7377
vt 9.909801 14.955
vt 9.611853 15.30879
vt 9.90756 14.95004
vt 9.614452 15.31332
vt 9.43827 15.55528
vt 9.113178 15.84668
vt 9.436463 15.54991
vt 9.115376 15.8517
vt 8.901825 16.11032
vt 8.554715 16.33323
vt 8.900492 16.10463
vt 8.556466 16.33865
vt 8.306205 16.60198
vt 7.942922 16.75146
vt 8.305376 16.59607
vt 7.94419 16.75719
vt 7.66068 17.01042
vt 7.287652 17.08302
vt 7.660375 17.00439
vt 7.288408 17.08895
vt 6.978169 17.30997
vt 6.602205 17.31601
vt 6.601978 17.30997
vt 6.977941 17.31601
vt 6.274231 17.49539
vt 5.901203 17.4228
vt 5.901508 17.41677
vt 6.273475 17.50133
vt 5.565742 17.54718
vt 5.202459 17.3977
vt 5.203288 17.39178
vt 5.564474 17.5529
vt 4.870258 17.4569
vt 4.523148 17.23399
vt 4.524481 17.22829
vt 4.868506 17.46231
vt 4.204405 17.22154
vt 3.879314 16.93013
vt 3.881121 16.92476
vt 4.202207 17.22655
vt 3.582852 16.84314
vt 3.284904 16.48936
vt 3.287146 16.48439
vt 3.580253 16.84767
vt 3.017694 16.32802
vt 2.751232 15.91881
vt 2.753863 15.91432
vt 3.014743 16.33201
vt 2.518274 15.68577
vt 2.286861 15.22862
vt 2.289834 15.22467
vt 2.515025 15.68916
vt 2.091368 14.92831
vt 1.897833 14.43102
vt 1.901095 14.42767
vt 2.087875 14.93107
vt 1.741579 14.06923
vt 1.588092 13.53972
vt 1.591593 13.53699
vt 1.737897 14.07131
vt 1.471842 13.12327
vt 1.359997 12.56949
vt 1.363682 12.56742
vt 1.468026 13.12467
vt 1.236484 11.69101
vt 1.214802 11.53601
vt 1.218619 11.53462
vt 1.232628 11.69206
vt 1.283912 12.10617
vt 1.280016 12.10687
vt 1.178777 11.03461
vt 1.153051 10.45594
vt 1.156947 10.45524
vt 1.174854 11.03461
vt -4.59128 13.47813
vt -4.63607 13.06193
vt -4.632199 13.06102
vt -4.595181 13.47874
vt -10.24914 13.59999
vt -10.25302 13.60092
vt -14.99655 16.20104
vt -15.03918 15.62317
vt -14.99266 16.20044
vt -15.04306 15.62406
vt -18.98278 15.79957
vt -19.00199 15.21854
vt -18.97887 15.79925
vt -19.0059 15.21896
vt -20.57294 14.51063
vt -20.50294 13.92882
vt -20.50294 14.51063
vt -20.57294 13.92882
vt -18.9096 15.79269
vt -18.92881 15.21155
vt -18.90569 15.79237
vt -18.93272 15.21197
vt -14.92096 16.18679
vt -14.96363 15.60843
vt -14.91707 16.18619
vt -14.96751 15.60932
vt -10.17589 13.58624
vt -10.17976 13.58717
vt -4.525502 13.46394
vt -4.570404 13.0466
vt -4.566533 13.04569
vt -4.529403 13.46455
vt 1.233257 11.03154
vt 1.207396 10.44925
vt 1.211292 10.44855
vt 1.229335 11.03154
vt 7.032014 10.50399
vt 7.051687 9.920406
vt 7.05561 9.920406
vt 7.028121 10.50324
vt 7.093595 10.33045
vt 6.760437 10.60854
vt 7.091483 10.32535
vt 6.762122 10.614
vt 4.892804 1.672969
vt 4.543541 1.897304
vt 4.891052 1.667554
vt 4.544874 1.902995
vt 3.742847 -7.823664
vt 3.382118 -7.64991
vt 3.741455 -7.829318
vt 3.383138 -7.64407
vt 3.95312 -16.90396
vt 3.584254 -16.7797
vt 3.583605 -16.78567
vt 3.954063 -16.89809
vt 6.601474 -23.54619
vt 6.978767 -23.54015
vt 6.60138 -23.54015
vt 6.978673 -23.54619
vt 18.64731 -13.36097
vt 18.9156 -12.95196
vt 18.64456 -13.35666
vt 18.9183 -12.95634
vt 20.57294 12.97203
vt 20.50294 12.39022
vt 20.57294 12.39022
vt 20.50294 12.97203
vt 18.69832 -13.44221
vt 18.96657 -13.03327
vt 18.69557 -13.4379
vt 18.96927 -13.03765
vt 6.601632 -23.66368
vt 6.978608 -23.65763
vt 6.601538 -23.65763
vt 6.978514 -23.66368
vt 3.937731 -17.01531
vt 3.569653 -16.8913
vt 3.569005 -16.89727
vt 3.938673 -17.00944
vt 3.721686 -7.920788
vt 3.36238 -7.747745
vt 3.720294 -7.926443
vt 3.3634 -7.741905
vt 5.347751 -7.999821
vt 4.975432 -7.914476
vt 5.346942 -8.005739
vt 4.975854 -7.908463
vt 6.978364 -7.58075
vt 6.601978 -7.586791
vt 6.978169 -7.586791
vt 6.601782 -7.58075
vt 8.542346 -6.703191
vt 8.170027 -6.788536
vt 8.170836 -6.794454
vt 8.541923 -6.697178
vt 9.977062 -5.432241
vt 9.617756 -5.605284
vt 9.619148 -5.610938
vt 9.976042 -5.4264
vt 11.23953 -3.879578
vt 10.901 -4.133458
vt 10.90293 -4.138729
vt 11.23796 -3.874038
vt 12.31028 -2.158239
vt 11.99868 -2.483996
vt 12.00107 -2.48879
vt 12.30821 -2.153102
vt 13.19016 -0.3704446
vt 12.90994 -0.7581485
vt 12.91273 -0.7623999
vt 13.18766 -0.365786
vt 13.89371 1.403053
vt 13.64782 0.9633983
vt 13.65093 0.9597301
vt 13.89085 1.407182
vt 14.44214 3.106006
vt 14.23234 2.62388
vt 14.23572 2.620817
vt 14.43897 3.109573
vt 14.85796 4.70469
vt 14.68521 4.188775
vt 14.68879 4.186328
vt 14.85455 4.707676
vt 15.16171 6.183761
vt 15.0264 5.64189
vt 15.03013 5.640059
vt 15.15811 6.186157
vt 15.37022 7.541874
vt 15.27248 6.981107
vt 15.27632 6.979891
vt 15.36648 7.543674
vt 15.49611 8.787932
vt 15.43592 8.214717
vt 15.43982 8.214111
vt 15.49227 8.789134
vt 15.54765 9.938183
vt 15.52498 9.35855
vt 15.5289 9.35855
vt 15.54375 9.938786
vt 15.54765 10.4344
vt 15.52498 11.01403
vt 15.54375 10.4338
vt 15.5289 11.01403
vt 15.48071 11.62349
vt 15.43592 12.03969
vt 15.47684 11.62258
vt 15.43982 12.0403
vt 15.49611 11.46648
vt 15.49227 11.46527
vt 15.37022 12.48162
vt 15.27248 13.04239
vt 15.36648 12.47982
vt 15.27632 13.0436
vt 15.16171 13.50696
vt 15.0264 14.04884
vt 15.15811 13.50457
vt 15.03013 14.05067
vt 14.85796 14.56768
vt 14.68521 15.08359
vt 14.85455 14.56469
vt 14.68879 15.08604
vt 14.44214 15.68397
vt 14.23234 16.1661
vt 14.43897 15.68041
vt 14.23572 16.16916
vt 13.89371 16.86702
vt 13.64782 17.30668
vt 13.89085 16.86289
vt 13.65093 17.31034
vt 13.19016 18.11394
vt 12.90994 18.50165
vt 13.18766 18.10929
vt 12.91273 18.5059
vt 12.31028 19.40247
vt 11.99868 19.72822
vt 12.30821 19.39733
vt 12.00107 19.73302
vt 11.23953 20.68696
vt 10.901 20.94084
vt 11.23796 20.68142
vt 10.90293 20.94611
vt 9.977062 21.89858
vt 9.617756 22.07162
vt 9.976042 21.89274
vt 9.619148 22.07728
vt 8.542346 22.9523
vt 8.170027 23.03764
vt 8.541923 22.94628
vt 8.170836 23.04356
vt 6.978364 23.75523
vt 6.601978 23.76127
vt 6.601782 23.75523
vt 6.978169 23.76127
vt 5.347751 24.24893
vt 4.975432 24.16358
vt 4.975854 24.15757
vt 5.346942 24.25484
vt 3.721686 24.38713
vt 3.36238 24.21408
vt 3.3634 24.20824
vt 3.720294 24.39278
vt 2.167767 24.16429
vt 1.829241 23.91041
vt 1.830815 23.90487
vt 2.165843 24.16956
vt 0.7390206 23.60334
vt 0.4274216 23.27758
vt 0.4294912 23.27245
vt 0.7366297 23.60814
vt -0.5306594 22.74378
vt -0.8108804 22.35608
vt -0.8083799 22.35142
vt -0.5334482 22.74804
vt -1.625327 21.63002
vt -1.871221 21.19036
vt -1.868356 21.18623
vt -1.628444 21.63369
vt -2.542504 20.30352
vt -2.7523 19.8214
vt -2.749133 19.81783
vt -2.545885 20.30658
vt -3.287967 18.79936
vt -3.460724 18.28344
vt -3.457315 18.28046
vt -3.291552 18.80181
vt -3.871309 17.1458
vt -4.006617 16.60393
vt -4.003017 16.60153
vt -3.875046 17.14763
vt -4.302778 15.36564
vt -4.400522 14.80487
vt -4.396779 14.80307
vt -4.306618 15.36686
vt -4.651473 12.90492
vt -4.647631 12.90372
vt -9.932195 16.50925
vt -10.00145 15.93793
vt -9.928325 16.5083
vt -10.00527 15.93933
vt -14.7251 18.28989
vt -14.78805 17.71646
vt -14.72123 18.28897
vt -14.79189 17.71768
vt -18.87967 16.9729
vt -18.9069 16.39263
vt -18.87577 16.97245
vt -18.9108 16.39318
vt -20.57294 14.82242
vt -20.50294 14.24061
vt -20.50294 14.82242
vt -20.57294 14.24061
vt -18.8066 16.96362
vt -18.83383 16.38324
vt -18.8027 16.96317
vt -18.83773 16.38379
vt -14.65012 18.26931
vt -14.71314 17.6954
vt -14.64625 18.26839
vt -14.71697 17.69662
vt -9.859722 16.48777
vt -9.929138 15.91523
vt -9.855851 16.48682
vt -9.93295 15.91663
vt -4.585919 12.88845
vt -4.582076 12.88724
vt 1.337792 12.09335
vt 1.286305 11.67746
vt 1.290161 11.67641
vt 1.333897 12.09405
vt 7.05561 10.46639
vt 7.028121 9.883556
vt 7.032014 9.882804
vt 7.051687 10.46639
vt 7.073897 10.39573
vt 6.720679 10.60683
vt 7.072218 10.39026
vt 6.721904 10.61258
vt 5.581465 1.468601
vt 5.215924 1.619052
vt 5.580197 1.462874
vt 5.216754 1.624966
vt 5.358934 -7.898819
vt 4.985136 -7.813112
vt 5.358125 -7.904738
vt 4.985559 -7.807099
vt 6.60138 -16.06248
vt 6.978917 -16.05644
vt 6.60123 -16.05644
vt 6.978767 -16.06248
vt 11.89718 -19.29858
vt 12.25423 -19.11039
vt 11.89586 -19.29289
vt 12.25537 -19.11617
vt 20.86313 -2.462833
vt 21.03056 -1.941411
vt 20.85963 -2.460139
vt 21.03404 -1.944192
vt 20.57294 13.78301
vt 20.50294 13.2012
vt 20.57294 13.2012
vt 20.50294 13.78301
vt 20.9285 -2.514045
vt 21.0959 -1.992712
vt 20.925 -2.511352
vt 21.09938 -1.995493
vt 11.9212 -19.41007
vt 12.27795 -19.22202
vt 11.91988 -19.40437
vt 12.27909 -19.2278
vt 6.601782 -16.17632
vt 6.978514 -16.17028
vt 6.601632 -16.17028
vt 6.978364 -16.17632
vt 9.464809 -14.35712
vt 9.832886 -14.23311
vt 9.463866 -14.35125
vt 9.833535 -14.23907
vt 11.92391 -11.73048
vt 12.26951 -11.49906
vt 11.92226 -11.72501
vt 12.2709 -11.50471
vt 13.8742 -8.696047
vt 14.18787 -8.374111
vt 13.87193 -8.691109
vt 14.18988 -8.379301
vt 15.33457 -5.606102
vt 15.61154 -5.212093
vt 15.33184 -5.601774
vt 15.61405 -5.216731
vt 16.38991 -2.691766
vt 16.62886 -2.242404
vt 16.38681 -2.688064
vt 16.63176 -2.246462
vt 17.34314 0.417802
vt 17.13492 -0.06659247
vt 17.13829 -0.06968439
vt 17.33993 0.4212822
vt 17.66435 2.221106
vt 17.8303 2.742903
vt 17.66078 2.223617
vt 17.83373 2.739979
vt 18.03215 4.185445
vt 18.16426 4.72976
vt 18.02844 4.187407
vt 18.16786 4.727368
vt 18.28698 5.850356
vt 18.38696 6.410737
vt 18.28317 5.851797
vt 18.39068 6.408851
vt 18.45949 7.253409
vt 18.52875 7.824724
vt 18.45562 7.254354
vt 18.53257 7.823325
vt 18.56954 8.437319
vt 18.60911 9.015325
vt 18.56563 8.437786
vt 18.61298 9.014399
vt 18.62896 9.447905
vt 18.63947 10.0289
vt 18.62504 9.447905
vt 18.64338 10.02844
vt 18.64338 10.33373
vt 18.62504 10.91427
vt 18.63947 10.33327
vt 18.62896 10.91427
vt 18.60108 11.30458
vt 18.56563 11.72316
vt 18.59719 11.30389
vt 18.56954 11.72363
vt 18.61298 11.14655
vt 18.60911 11.14562
vt 18.52875 11.94059
vt 18.45949 12.5119
vt 18.45562 12.51096
vt 18.53257 11.94199
vt 18.39068 12.78026
vt 18.28317 13.33732
vt 18.38696 12.77838
vt 18.28698 13.33876
vt 18.16786 13.72629
vt 18.02844 14.26625
vt 18.16426 13.7239
vt 18.03215 14.26821
vt 17.83373 14.84847
vt 17.66078 15.36483
vt 17.8303 14.84554
vt 17.66435 15.36734
vt 17.34314 16.21437
vt 17.13492 16.69877
vt 17.33993 16.21089
vt 17.13829 16.70186
vt 16.62886 17.87638
vt 16.38991 18.32574
vt 16.38681 18.32204
vt 16.63176 17.88043
vt 15.61154 19.86654
vt 15.33457 20.26055
vt 15.33184 20.25622
vt 15.61405 19.87118
vt 14.18787 22.13959
vt 13.8742 22.46153
vt 13.87193 22.45659
vt 14.18988 22.14478
vt 12.26951 24.54573
vt 11.92391 24.77716
vt 11.92226 24.77168
vt 12.2709 24.55139
vt 9.832886 26.80869
vt 9.464809 26.9327
vt 9.463866 26.92683
vt 9.833535 26.81465
vt 6.978514 28.5814
vt 6.601782 28.58744
vt 6.601632 28.5814
vt 6.978364 28.58744
vt 3.569653 29.46689
vt 3.937731 29.59089
vt 3.569005 29.47285
vt 3.938673 29.58502
vt 0.6490858 29.50916
vt 0.9946844 29.74059
vt 0.6477022 29.51482
vt 0.9963443 29.73511
vt -1.943861 28.82409
vt -1.630182 29.14602
vt -1.94587 28.82928
vt -1.627922 29.14109
vt -4.110271 27.61113
vt -3.833301 28.00514
vt -4.112784 27.61577
vt -3.830565 28.00081
vt -5.848186 26.05337
vt -5.609234 26.50273
vt -5.851091 26.05743
vt -5.606136 26.49903
vt -7.001267 24.76461
vt -7.209482 24.28022
vt -7.206278 24.27674
vt -7.004635 24.7677
vt -8.08165 22.87436
vt -8.247603 22.35256
vt -8.078085 22.87185
vt -8.251033 22.35549
vt -8.898739 20.85904
vt -9.030851 20.31472
vt -8.895033 20.85708
vt -9.034449 20.31711
vt -9.503625 18.73612
vt -9.603607 18.17574
vt -9.49982 18.73468
vt -9.60733 18.17763
vt -14.32786 20.3003
vt -14.41302 19.73374
vt -14.32404 20.29902
vt -14.41681 19.73531
vt -18.73015 18.02866
vt -18.76674 17.44962
vt -18.72626 18.02807
vt -18.77063 17.45032
vt -20.50294 14.90505
vt -20.57294 14.32324
vt -20.50294 14.32324
vt -20.57294 14.90505
vt -18.65726 18.01657
vt -18.69385 17.43743
vt -18.65336 18.01597
vt -18.69774 17.43812
vt -14.25383 20.27282
vt -14.33906 19.70578
vt -14.25 20.27153
vt -14.34284 19.70734
vt -9.43257 18.70537
vt -9.532774 18.14379
vt -9.428765 18.70393
vt -9.536497 18.14568
vt -4.238279 15.34118
vt -4.336397 14.77818
vt -4.332654 14.77638
vt -4.24212 15.3424
vt 1.268276 11.51964
vt 1.272092 11.51825
vt 7.075986 10.42131
vt 7.021095 10.00608
vt 7.024942 10.00495
vt 7.072093 10.42207
vt 7.048167 10.46158
vt 6.680504 10.60223
vt 7.046949 10.45583
vt 6.681249 10.60817
vt 6.282776 1.448613
vt 5.907427 1.521695
vt 6.28202 1.442675
vt 5.907732 1.527728
vt 6.979112 -7.478292
vt 6.60123 -7.484333
vt 6.978917 -7.484333
vt 6.601034 -7.478292
vt 9.449419 -14.24577
vt 9.818285 -14.12151
vt 9.448477 -14.2399
vt 9.818934 -14.12747
vt 15.5774 -13.5794
vt 15.88852 -13.25009
vt 15.57514 -13.57447
vt 15.89063 -13.25519
vt 21.16143 3.137611
vt 21.2758 3.692108
vt 21.1577 3.139456
vt 21.2795 3.690169
vt 20.57294 14.38121
vt 20.50294 13.7994
vt 20.57294 13.7994
vt 20.50294 14.38121
vt 21.23107 3.102245
vt 21.34542 3.656647
vt 21.22734 3.104089
vt 21.34913 3.654709
vt 15.61996 -13.67682
vt 15.93082 -13.34779
vt 15.6177 -13.67189
vt 15.93292 -13.35288
vt 17.79179 -8.169475
vt 18.05096 -7.747112
vt 17.78891 -8.165381
vt 18.05371 -7.751415
vt 18.98372 -3.572518
vt 19.19588 -3.091757
vt 18.98046 -3.569187
vt 19.19904 -3.095327
vt 19.63231 0.0690134
vt 19.80452 0.5863815
vt 19.6288 0.07169994
vt 19.80794 0.5834376
vt 19.99053 2.899448
vt 20.12917 3.440291
vt 19.98687 2.901593
vt 20.13276 3.437877
vt 20.1926 5.0754
vt 20.30265 5.631668
vt 20.18884 5.077084
vt 20.30635 5.629706
vt 20.30907 6.72488
vt 20.39424 7.291444
vt 20.30525 6.726164
vt 20.39802 7.289877
vt 20.3777 7.947301
vt 20.44066 8.520732
vt 20.37383 7.948229
vt 20.4445 8.519518
vt 20.41914 8.821593
vt 20.46177 9.39946
vt 20.41524 8.822194
vt 20.46564 9.39857
vt 20.44478 9.413935
vt 20.46833 9.994398
vt 20.44087 9.41423
vt 20.47222 9.993813
vt 20.46076 9.783736
vt 20.46592 10.36528
vt 20.45684 9.783736
vt 20.46983 10.36499
vt 20.46983 9.988161
vt 20.45684 10.56941
vt 20.46592 9.98787
vt 20.46076 10.56941
vt 20.4647 10.24475
vt 20.44087 10.66543
vt 20.4608 10.24431
vt 20.44478 10.66572
vt 20.47222 10.08584
vt 20.46833 10.08526
vt 20.46177 10.1395
vt 20.41914 10.71737
vt 20.41524 10.71677
vt 20.46564 10.14039
vt 20.4445 10.22434
vt 20.37383 10.79563
vt 20.44066 10.22313
vt 20.3777 10.79656
vt 20.39802 10.42421
vt 20.30525 10.98792
vt 20.39424 10.42264
vt 20.30907 10.9892
vt 20.30635 10.84753
vt 20.18884 11.40016
vt 20.30265 10.84557
vt 20.1926 11.40184
vt 20.12917 11.63026
vt 19.99053 12.17111
vt 19.98687 12.16896
vt 20.13276 11.63268
vt 19.80452 12.95775
vt 19.63231 13.47512
vt 19.6288 13.47243
vt 19.80794 12.9607
vt 19.19588 15.05879
vt 18.98372 15.53955
vt 18.98046 15.53622
vt 19.19904 15.06236
vt 18.05096 18.18496
vt 17.79179 18.60732
vt 17.78891 18.60322
vt 18.05371 18.18926
vt 15.93082 22.44792
vt 15.61996 22.77695
vt 15.6177 22.77202
vt 15.93292 22.45301
vt 12.27795 27.37331
vt 11.9212 27.56135
vt 11.91988 27.55566
vt 12.27909 27.37909
vt 6.978608 31.45959
vt 6.601632 31.46563
vt 6.601538 31.45959
vt 6.978514 31.46563
vt 0.7202019 32.93473
vt 1.076949 33.12278
vt 0.719064 32.94051
vt 1.078266 33.11709
vt -4.287946 32.09801
vt -3.977083 32.42705
vt -4.290049 32.10311
vt -3.974823 32.42211
vt -7.900238 30.13987
vt -7.641064 30.56224
vt -7.902989 30.14418
vt -7.638183 30.55814
vt -10.34225 27.91991
vt -10.1301 28.40067
vt -10.34541 27.92348
vt -10.12683 28.39734
vt -11.98183 25.75773
vt -11.80961 26.2751
vt -11.98525 25.76067
vt -11.8061 26.27241
vt -13.09879 23.70192
vt -12.96015 24.24277
vt -13.10238 23.70434
vt -12.95649 24.24062
vt -13.76242 22.2688
vt -13.87246 21.71253
vt -13.75866 22.26712
vt -13.87617 21.7145
vt -18.55881 18.44053
vt -18.51078 19.01758
vt -18.56269 18.44141
vt -18.50689 19.0168
vt -20.50294 14.7572
vt -20.57294 14.17539
vt -20.50294 14.17539
vt -20.57294 14.7572
vt -18.4862 18.42491
vt -18.43815 19.00206
vt -18.49007 18.42579
vt -18.43427 19.00128
vt -13.68977 22.23358
vt -13.79991 21.67684
vt -13.68601 22.23189
vt -13.80362 21.6788
vt -8.829755 20.81859
vt -8.962157 20.27311
vt -8.826048 20.81663
vt -8.965755 20.27551
vt -3.808828 17.11105
vt -3.944659 16.56701
vt -3.941059 16.56462
vt -3.812565 17.11288
vt 1.524381 13.10082
vt 1.411864 12.54358
vt 1.415549 12.54151
vt 1.520566 13.10222
vt 7.001748 9.848268
vt 7.00555 9.846776
vt 7.016603 10.52636
vt 6.640368 10.59423
vt 7.015865 10.52042
vt 6.64062 10.60027
vt 6.97934 1.609691
vt 6.601034 1.60365
vt 6.979112 1.60365
vt 6.600807 1.609691
vt 8.532641 -6.601827
vt 8.158844 -6.687534
vt 8.159653 -6.693453
vt 8.532218 -6.595814
vt 11.89486 -11.62583
vt 12.24121 -11.39392
vt 11.8932 -11.62035
vt 12.24259 -11.39957
vt 17.73692 -8.088004
vt 17.99632 -7.66529
vt 17.73404 -8.08391
vt 17.99907 -7.669593
vt 21.14348 6.438565
vt 21.2268 7.006082
vt 21.13966 6.439912
vt 21.2306 7.004639
vt 20.57294 14.7572
vt 20.50294 14.17539
vt 20.57294 14.17539
vt 20.50294 14.7572
vt 21.21482 6.412485
vt 21.29812 6.979906
vt 21.211 6.413832
vt 21.30193 6.978462
vt 21.14508 8.54193
vt 21.2079 9.115592
vt 21.14122 8.542949
vt 21.21175 9.114475
vt 21.07552 9.941735
vt 21.12356 10.51879
vt 21.07163 9.942518
vt 21.12743 10.51791
vt 21.01736 10.8223
vt 21.05395 11.40135
vt 21.01346 10.8229
vt 21.05784 11.40065
vt 20.97188 11.29658
vt 20.99911 11.87685
vt 20.96798 11.29703
vt 21.00301 11.8763
vt 20.93811 11.43406
vt 20.95732 12.0151
vt 20.9342 11.43438
vt 20.96122 12.01468
vt 20.91473 11.28393
vt 20.9268 11.86543
vt 20.91082 11.28414
vt 20.93071 11.86512
vt 20.90073 10.88595
vt 20.9062 11.46768
vt 20.89682 10.88605
vt 20.91012 11.46748
vt 20.89542 10.27615
vt 20.8946 10.85794
vt 20.8915 10.27615
vt 20.89852 10.85784
vt 20.89852 9.490101
vt 20.8915 10.07179
vt 20.8946 9.490002
vt 20.89542 10.07179
vt 20.90754 8.724519
vt 20.89682 9.146523
vt 20.90363 8.724369
vt 20.90073 9.146624
vt 20.91012 8.565093
vt 20.9062 8.564893
vt 20.9268 7.541651
vt 20.91473 8.123145
vt 20.91082 8.122939
vt 20.93071 7.541957
vt 20.96122 6.467229
vt 20.9342 7.047525
vt 20.95732 6.466809
vt 20.93811 7.047846
vt 21.00301 5.396374
vt 20.96798 5.975651
vt 20.99911 5.395826
vt 20.97188 5.9761
vt 21.05784 4.399488
vt 21.01346 4.977238
vt 21.05395 4.39879
vt 21.01736 4.977838
vt 21.12356 3.571576
vt 21.07552 4.148629
vt 21.07163 4.147847
vt 21.12743 3.572457
vt 21.2079 3.05972
vt 21.14508 3.633382
vt 21.14122 3.632363
vt 21.21175 3.060837
vt 21.29812 3.114876
vt 21.21482 3.682297
vt 21.211 3.68095
vt 21.30193 3.11632
vt 21.34542 4.24581
vt 21.23107 4.800212
vt 21.22734 4.798368
vt 21.34913 4.247748
vt 21.0959 7.68042
vt 20.9285 8.201753
vt 20.925 8.19906
vt 21.09938 7.683201
vt 18.96657 16.70743
vt 18.69832 17.11636
vt 18.69557 17.11205
vt 18.96927 16.7118
vt 6.978641 32.19365
vt 6.601538 32.19969
vt 6.601506 32.19365
vt 6.978608 32.19969
vt -9.130802 30.91635
vt -8.862553 31.32528
vt -9.133502 30.92073
vt -8.859806 31.32098
vt -14.74218 25.46109
vt -14.57478 25.98243
vt -14.74565 25.46388
vt -14.57127 25.97973
vt -16.77239 22.43032
vt -16.65804 22.98473
vt -16.7761 22.43226
vt -16.65431 22.98288
vt -17.71824 20.67286
vt -17.63494 21.24028
vt -17.72204 20.67431
vt -17.63112 21.23894
vt -18.23975 19.45756
vt -18.17693 20.03123
vt -18.2436 19.45868
vt -18.17307 20.03021
vt -20.50294 13.7994
vt -20.57294 14.38121
vt -20.57294 13.7994
vt -20.50294 14.38121
vt -18.1676 19.43751
vt -18.10476 20.01127
vt -18.17145 19.43863
vt -18.1009 20.01025
vt -13.02833 23.65736
vt -12.88957 24.19866
vt -13.03192 23.65978
vt -12.88591 24.19651
vt -8.015558 22.82371
vt -8.181874 22.3008
vt -8.011993 22.8212
vt -8.185303 22.30373
vt -3.228311 18.75431
vt -3.401741 18.23634
vt -3.398331 18.23335
vt -3.231896 18.75676
vt 1.792031 14.03736
vt 1.63761 13.50454
vt 1.64111 13.50181
vt 1.788349 14.03945
vt 7.092744 10.36853
vt 6.972875 9.814187
vt 6.976528 9.811976
vt 7.088942 10.37003
vt 6.979584 10.58818
vt 6.600807 10.58214
vt 6.97934 10.58214
vt 6.600562 10.58818
vt 7.654456 1.934075
vt 7.279108 1.860993
vt 7.279864 1.855055
vt 7.654151 1.940107
vt 9.957324 -5.334406
vt 9.596595 -5.508159
vt 9.597987 -5.513814
vt 9.956304 -5.328565
vt 13.83362 -8.600947
vt 14.14798 -8.278333
vt 13.83136 -8.596009
vt 14.14998 -8.283523
vt 18.92113 -3.505601
vt 19.13347 -3.024438
vt 18.91787 -3.502269
vt 19.13663 -3.028008
vt 21.07291 8.561881
vt 21.13575 9.135641
vt 21.06905 8.562901
vt 21.1396 9.134524
vt 20.57294 14.90505
vt 20.50294 14.32324
vt 20.57294 14.32324
vt 20.50294 14.90505
vt 20.57294 14.24061
vt 20.50294 14.82242
vt 20.50294 14.24061
vt 20.57294 14.82242
vt 20.57294 13.92882
vt 20.50294 14.51063
vt 20.50294 13.92882
vt 20.57294 14.51063
vt 20.57294 13.39276
vt 20.50294 13.97458
vt 20.50294 13.39276
vt 20.57294 13.97458
vt 20.57294 12.64091
vt 20.50294 13.22273
vt 20.50294 12.64091
vt 20.57294 13.22273
vt 20.57294 11.68512
vt 20.50294 12.26693
vt 20.50294 11.68512
vt 20.57294 12.26693
vt 20.57294 10.54046
vt 20.50294 11.12227
vt 20.50294 10.54046
vt 20.57294 11.12227
vt 20.57294 9.224982
vt 20.50294 9.806792
vt 20.50294 9.224982
vt 20.57294 9.806792
vt 20.57294 7.918957
vt 20.50294 8.341243
vt 20.50294 7.918957
vt 20.57294 8.341243
vt 20.57294 7.759432
vt 20.50294 7.759432
vt 20.50294 6.166923
vt 20.57294 6.748734
vt 20.50294 6.748734
vt 20.57294 6.166923
vt 20.57294 4.472571
vt 20.50294 5.054382
vt 20.50294 4.472571
vt 20.57294 5.054382
vt 20.57294 2.703096
vt 20.50294 3.284906
vt 20.50294 2.703096
vt 20.57294 3.284906
vt 20.57294 0.8864032
vt 20.50294 1.468214
vt 20.50294 0.8864032
vt 20.57294 1.468214
vt 20.50294 -0.9488561
vt 20.57294 -0.3670455
vt 20.50294 -0.3670455
vt 20.57294 -0.9488561
vt 20.50294 -2.773739
vt 20.57294 -2.191929
vt 20.50294 -2.191929
vt 20.57294 -2.773739
vt 20.50294 -3.977656
vt 20.57294 -4.559466
vt 20.57294 -3.977656
vt 20.50294 -4.559466
vt 20.50294 -6.277876
vt 20.57294 -5.696065
vt 20.50294 -5.696065
vt 20.57294 -6.277876
vt 20.50294 -7.901867
vt 20.57294 -7.320057
vt 20.50294 -7.320057
vt 20.57294 -7.901867
vt 20.50294 -9.405829
vt 20.57294 -8.824019
vt 20.50294 -8.824019
vt 20.57294 -9.405829
vt 6.601506 31.63016
vt 6.978641 31.73815
vt 6.601506 31.73815
vt 6.978641 31.63016
vt -20.50294 11.96106
vt -20.57294 11.37925
vt -20.50294 11.37925
vt -20.57294 11.96106
vt -20.50294 12.97203
vt -20.57294 12.39022
vt -20.50294 12.39022
vt -20.57294 12.97203
vt -20.50294 13.78301
vt -20.57294 13.2012
vt -20.50294 13.2012
vt -20.57294 13.78301
vt -17.64691 20.64669
vt -17.5636 21.2142
vt -17.65072 20.64813
vt -17.55978 21.21286
vt -11.91452 25.70276
vt -11.74216 26.22056
vt -11.91794 25.70571
vt -11.73865 26.21788
vt -6.939124 24.7032
vt -7.147777 24.21776
vt -7.144573 24.21428
vt -6.942491 24.70629
vt -2.48657 20.24827
vt -2.697187 19.76421
vt -2.69402 19.76065
vt -2.489951 20.25133
vt 2.138979 14.88734
vt 1.944259 14.38694
vt 1.947522 14.38358
vt 2.135486 14.8901
vt 7.105459 10.30816
vt 6.941767 9.781162
vt 6.945212 9.778267
vt 7.101807 10.31037
vt 6.93793 10.63899
vt 6.561696 10.57112
vt 6.562433 10.56518
vt 6.937678 10.64503
vt 8.29274 2.414765
vt 7.927199 2.264314
vt 7.928467 2.258588
vt 8.291911 2.42068
vt 11.21054 -3.787387
vt 10.87068 -4.042298
vt 10.8726 -4.047569
vt 11.20897 -3.781847
vt 15.28481 -5.522025
vt 15.56238 -5.127182
vt 15.28208 -5.517697
vt 15.56489 -5.131821
vt 19.56485 0.123546
vt 19.73722 0.641347
vt 19.56135 0.1262325
vt 19.74064 0.6384031
vt 21.00289 9.957258
vt 21.05094 10.53441
vt 20.99901 9.95804
vt 21.05481 10.53353
vt 20.94446 10.8344
vt 20.98106 11.41354
vt 20.94056 10.835
vt 20.98495 11.41285
vt 20.89882 11.30586
vt 20.92605 11.88624
vt 20.89491 11.30631
vt 20.92995 11.88569
vt 20.86493 11.44095
vt 20.88414 12.02208
vt 20.86101 11.44127
vt 20.88805 12.02166
vt 20.84148 11.28868
vt 20.85355 11.87027
vt 20.83757 11.28888
vt 20.85746 11.86996
vt 20.82744 10.88871
vt 20.83291 11.47054
vt 20.82352 10.88881
vt 20.83682 11.47034
vt 20.82211 10.27703
vt 20.82129 10.85892
vt 20.81819 10.27703
vt 20.8252 10.85882
vt 20.8252 9.489123
vt 20.81819 10.07091
vt 20.82129 9.489024
vt 20.82211 10.07091
vt 20.83425 8.721704
vt 20.82352 9.143757
vt 20.83033 8.721554
vt 20.82744 9.143858
vt 20.83682 8.562228
vt 20.83291 8.562028
vt 20.85355 7.536809
vt 20.84148 8.118402
vt 20.83757 8.118196
vt 20.85746 7.537114
vt 20.88805 6.460245
vt 20.86101 7.040641
vt 20.88414 6.459825
vt 20.86493 7.040961
vt 20.92995 5.386988
vt 20.89491 5.966363
vt 20.92605 5.38644
vt 20.89882 5.966812
vt 20.98495 4.387296
vt 20.94056 4.965145
vt 20.98106 4.386598
vt 20.94446 4.965744
vt 21.05094 3.555955
vt 21.00289 4.133107
vt 20.99901 4.132324
vt 21.05481 3.556836
vt 21.13575 3.039671
vt 21.07291 3.613431
vt 21.06905 3.612412
vt 21.1396 3.040788
vt 21.2268 3.088699
vt 21.14348 3.656217
vt 21.13966 3.65487
vt 21.2306 3.090143
vt 21.2758 4.210349
vt 21.16143 4.764846
vt 21.1577 4.763002
vt 21.2795 4.212288
vt 21.03056 7.629119
vt 20.86313 8.150541
vt 20.85963 8.147847
vt 21.03404 7.631901
vt 18.9156 16.62612
vt 18.64731 17.03512
vt 18.64456 17.03081
vt 18.9183 16.63049
vt 6.978673 32.08054
vt 6.601506 32.08658
vt 6.601474 32.08054
vt 6.978641 32.08658
vt -9.079836 30.83504
vt -8.811541 31.24404
vt -9.082536 30.83942
vt -8.808794 31.23974
vt -14.67684 25.40979
vt -14.50941 25.93122
vt -14.68031 25.41258
vt -14.5059 25.92852
vt -16.70277 22.39486
vt -16.5884 22.94936
vt -16.70648 22.3968
vt -16.58467 22.94752
vt -10.27984 27.85259
vt -10.06751 28.33375
vt -10.283 27.85616
vt -10.06424 28.33042
vt -5.791879 25.97978
vt -5.552409 26.43009
vt -5.794784 25.98383
vt -5.549312 26.42639
vt -1.574111 21.56478
vt -1.820971 21.12336
vt -1.818106 21.11923
vt -1.577229 21.56845
vt 2.56229 15.63615
vt 2.329454 15.17612
vt 2.332427 15.17217
vt 2.559041 15.63953
vt 7.113686 10.24067
vt 6.908655 9.749299
vt 6.911839 9.745763
vt 7.110241 10.24357
vt 6.89237 10.6889
vt 6.524707 10.54826
vt 6.525925 10.5425
vt 6.891625 10.69485
vt 8.881432 3.020967
vt 8.532169 2.796631
vt 8.533921 2.791217
vt 8.880099 3.026658
vt 12.27307 -2.073367
vt 11.96024 -2.400439
vt 11.96263 -2.405233
vt 12.271 -2.06823
vt 16.33308 -2.619124
vt 16.57255 -2.16881
vt 16.32999 -2.615422
vt 16.57546 -2.172867
vt 19.91995 2.943557
vt 20.05871 3.484853
vt 19.91629 2.945702
vt 20.0623 3.482439
vt 20.11995 5.110625
vt 20.23009 5.667359
vt 20.11619 5.112309
vt 20.2338 5.665397
vt 20.23504 6.752367
vt 20.32027 7.319407
vt 20.23121 6.753651
vt 20.32405 7.31784
vt 20.30273 7.967881
vt 20.36574 8.541793
vt 20.29886 7.968809
vt 20.36958 8.540579
vt 20.34355 8.835846
vt 20.38622 9.414199
vt 20.33965 8.836447
vt 20.39009 9.413309
vt 20.36882 9.422245
vt 20.39239 10.0032
vt 20.36491 9.422539
vt 20.39629 10.00261
vt 20.38463 9.78632
vt 20.38979 10.36835
vt 20.38071 9.78632
vt 20.39371 10.36806
vt 20.39371 9.985089
vt 20.38071 10.56683
vt 20.38979 9.984798
vt 20.38463 10.56683
vt 20.38875 10.2362
vt 20.36491 10.65712
vt 20.38485 10.23576
vt 20.36882 10.65741
vt 20.39629 10.07705
vt 20.39239 10.07646
vt 20.38622 10.12476
vt 20.34355 10.70312
vt 20.33965 10.70252
vt 20.39009 10.12565
vt 20.36958 10.20328
vt 20.29886 10.77505
vt 20.36574 10.20207
vt 20.30273 10.77598
vt 20.32405 10.39624
vt 20.23121 10.96043
vt 20.32027 10.39468
vt 20.23504 10.96172
vt 20.2338 10.81184
vt 20.11619 11.36493
vt 20.23009 10.80988
vt 20.11995 11.36662
vt 20.05871 11.5857
vt 19.91995 12.127
vt 19.91629 12.12485
vt 20.0623 11.58811
vt 19.73722 12.90279
vt 19.56485 13.42059
vt 19.56135 13.4179
vt 19.74064 12.90573
vt 19.13347 14.99147
vt 18.92113 15.47264
vt 18.91787 15.4693
vt 19.13663 14.99504
vt 17.99632 18.10313
vt 17.73692 18.52585
vt 17.73404 18.52175
vt 17.99907 18.10744
vt 15.88852 22.35022
vt 15.5774 22.67953
vt 15.57514 22.6746
vt 15.89063 22.35532
vt 12.25423 27.26167
vt 11.89718 27.44987
vt 11.89586 27.44418
vt 12.25537 27.26745
vt 6.978767 31.34211
vt 6.601474 31.34815
vt 6.60138 31.34211
vt 6.978673 31.34815
vt 0.7439232 32.8231
vt 1.100972 33.01129
vt 0.7427852 32.82888
vt 1.102289 33.0056
vt -4.245649 32.00032
vt -3.934523 32.32963
vt -4.247753 32.00541
vt -3.932263 32.32469
vt -7.845593 30.05805
vt -7.586198 30.48077
vt -7.848343 30.06235
vt -7.583317 30.47667
vt -4.061109 27.52622
vt -3.783541 27.92106
vt -4.063623 27.53086
vt -3.780805 27.91673
vt -0.4852535 22.669
vt -0.7665781 22.27974
vt -0.7640776 22.27508
vt -0.4880423 22.67326
vt 3.057368 16.27034
vt 2.789263 15.85855
vt 2.791895 15.85406
vt 3.054417 16.27433
vt 7.116985 10.16696
vt 6.873748 9.718979
vt 6.876621 9.714857
vt 7.113803 10.1705
vt 6.843547 10.72991
vt 6.490329 10.51881
vt 6.492008 10.51334
vt 6.842322 10.73566
vt 9.411405 3.724833
vt 9.0843 3.431583
vt 9.086498 3.426572
vt 9.409598 3.730204
vt 13.14586 -0.2941049
vt 12.86454 -0.683368
vt 12.86732 -0.6876194
vt 13.14336 -0.2894462
vt 17.28143 0.4802531
vt 17.07278 -0.005184396
vt 17.07615 -0.008276308
vt 17.27823 0.4837333
vt 17.59826 2.271759
vt 17.76457 2.794666
vt 17.59469 2.27427
vt 17.768 2.791742
vt 17.96316 4.225894
vt 18.09556 4.771368
vt 17.95945 4.227855
vt 18.09916 4.768975
vt 18.21592 5.881111
vt 18.31613 6.442686
vt 18.21212 5.882552
vt 18.31985 6.4408
vt 18.38702 7.274891
vt 18.45644 7.847425
vt 18.38315 7.275836
vt 18.46025 7.846026
vt 18.49619 8.449834
vt 18.53585 9.029075
vt 18.49228 8.450301
vt 18.53972 9.028149
vt 18.5552 9.451641
vt 18.56574 10.03388
vt 18.55129 9.451641
vt 18.56965 10.03342
vt 18.56965 10.32876
vt 18.55129 10.91053
vt 18.56574 10.32829
vt 18.5552 10.91053
vt 18.52778 11.29145
vt 18.49228 11.71064
vt 18.52389 11.29076
vt 18.49619 11.71111
vt 18.53972 11.1328
vt 18.53585 11.13187
vt 18.45644 11.91789
vt 18.38702 12.49042
vt 18.38315 12.48948
vt 18.46025 11.91929
vt 18.31985 12.74831
vt 18.21212 13.30656
vt 18.31613 12.74643
vt 18.21592 13.308
vt 18.09916 13.68468
vt 17.95945 14.2258
vt 18.09556 13.68229
vt 17.96316 14.22776
vt 17.768 14.7967
vt 17.59469 15.31417
vt 17.76457 14.79378
vt 17.59826 15.31668
vt 17.28143 16.15192
vt 17.07278 16.63736
vt 17.27823 16.14844
vt 17.07615 16.64045
vt 16.57255 17.80278
vt 16.33308 18.2531
vt 16.32999 18.24939
vt 16.57546 17.80684
vt 15.56238 19.78163
vt 15.28481 20.17647
vt 15.28208 20.17214
vt 15.56489 19.78627
vt 14.14798 22.04382
vt 13.83362 22.36643
vt 13.83136 22.36149
vt 14.14998 22.04901
vt 12.24121 24.44059
vt 11.89486 24.6725
vt 11.8932 24.66702
vt 12.24259 24.44625
vt 9.818285 26.69709
vt 9.449419 26.82135
vt 9.448477 26.81548
vt 9.818934 26.70305
vt 6.978917 28.46755
vt 6.60138 28.47359
vt 6.60123 28.46755
vt 6.978767 28.47359
vt 3.584254 29.35529
vt 3.95312 29.47955
vt 3.583605 29.36125
vt 3.954063 29.47368
vt 0.6773936 29.40402
vt 1.023735 29.63593
vt 0.6760101 29.40968
vt 1.025395 29.63045
vt -1.903963 28.72831
vt -1.589609 29.05092
vt -1.905972 28.7335
vt -1.587349 29.04599
vt 0.7774628 23.51979
vt 0.4646337 23.19271
vt 0.4667034 23.18758
vt 0.7750719 23.52458
vt 3.617465 16.77816
vt 3.317675 16.42214
vt 3.319917 16.41718
vt 3.614866 16.78269
vt 7.114951 10.08831
vt 6.837256 9.690864
vt 6.839771 9.686219
vt 7.112081 10.09244
vt 6.792478 10.76022
vt 6.459319 10.48213
vt 6.461432 10.47703
vt 6.790793 10.76568
vt 9.87703 4.498009
vt 9.57724 4.14199
vt 9.579839 4.137459
vt 9.874788 4.502974
vt 13.84346 1.470056
vt 13.5966 1.028638
vt 13.59972 1.02497
vt 13.8406 1.474185
vt 14.38702 3.163189
vt 14.17641 2.679133
vt 14.17979 2.67607
vt 14.38386 3.166756
vt 14.79898 4.751796
vt 14.62555 4.233819
vt 14.62913 4.231372
vt 14.79557 4.754782
vt 15.09975 6.220677
vt 14.96392 5.676642
vt 14.96765 5.674812
vt 15.09615 6.223072
vt 15.3061 7.568567
vt 15.20798 7.005564
vt 15.21182 7.004348
vt 15.30236 7.570367
vt 15.43056 8.804404
vt 15.37014 8.228907
vt 15.37404 8.228301
vt 15.42672 8.805606
vt 15.48136 9.944444
vt 15.45861 9.362505
vt 15.46253 9.362505
vt 15.47745 9.945046
vt 15.48136 10.42814
vt 15.45861 11.01008
vt 15.47745 10.42754
vt 15.46253 11.01008
vt 15.41505 11.60815
vt 15.37014 12.0255
vt 15.41117 11.60725
vt 15.37404 12.02611
vt 15.43056 11.45
vt 15.42672 11.4488
vt 15.3061 12.45493
vt 15.20798 13.01793
vt 15.30236 12.45313
vt 15.21182 13.01915
vt 15.09975 13.47005
vt 14.96392 14.01408
vt 15.09615 13.46765
vt 14.96765 14.01591
vt 14.79898 14.52057
vt 14.62555 15.03855
vt 14.79557 14.51759
vt 14.62913 15.041
vt 14.38702 15.62679
vt 14.17641 16.11085
vt 14.38386 15.62322
vt 14.17979 16.11391
vt 13.84346 16.80002
vt 13.5966 17.24144
vt 13.8406 16.79589
vt 13.59972 17.2451
vt 13.14586 18.0376
vt 12.86454 18.42687
vt 13.14336 18.03295
vt 12.86732 18.43112
vt 12.27307 19.31759
vt 11.96024 19.64467
vt 12.271 19.31246
vt 11.96263 19.64946
vt 11.21054 20.59477
vt 10.87068 20.84968
vt 11.20897 20.58923
vt 10.8726 20.85495
vt 9.957324 21.80074
vt 9.596595 21.9745
vt 9.956304 21.7949
vt 9.597987 21.98015
vt 8.532641 22.85093
vt 8.158844 22.93664
vt 8.532218 22.84492
vt 8.159653 22.94256
vt 6.979112 23.65277
vt 6.60123 23.65881
vt 6.601034 23.65277
vt 6.978917 23.65881
vt 5.358934 24.14792
vt 4.985136 24.06222
vt 4.985559 24.0562
vt 5.358125 24.15384
vt 3.742847 24.29
vt 3.382118 24.11625
vt 3.383138 24.11041
vt 3.741455 24.29566
vt 2.198093 24.07313
vt 1.858228 23.81822
vt 1.859801 23.81268
vt 2.196169 24.0784
vt 4.233283 17.1502
vt 3.906179 16.85695
vt 3.907985 16.85158
vt 4.231085 17.15521
vt 7.107238 10.0064
vt 6.799399 9.665873
vt 6.801517 9.660778
vt 7.104726 10.01105
vt 6.740269 10.77831
vt 6.43243 10.43778
vt 6.434942 10.43313
vt 6.738151 10.7834
vt 10.27582 5.313895
vt 10.00772 4.902102
vt 10.01067 4.898115
vt 10.27319 5.318382
vt 10.60777 6.149318
vt 10.37493 5.689295
vt 10.37818 5.685905
vt 10.60479 6.153266
vt 10.87455 6.985518
vt 10.67983 6.485111
vt 10.68332 6.482358
vt 10.87128 6.988876
vt 11.07875 7.808501
vt 10.92433 7.275683
vt 10.92801 7.273597
vt 11.07525 7.811231
vt 11.22321 8.608907
vt 11.1107 8.051668
vt 11.11451 8.050268
vt 11.21953 8.61098
vt 11.31053 9.381538
vt 11.24101 8.807827
vt 11.2449 8.807124
vt 11.30671 9.382932
vt 11.32071 9.542382
vt 11.33875 10.12537
vt 11.31679 9.542382
vt 11.34265 10.12467
vt 11.34265 10.25693
vt 11.31679 10.83921
vt 11.33875 10.25623
vt 11.32071 10.83921
vt 11.2925 11.11128
vt 11.24101 11.52717
vt 11.28864 11.11023
vt 11.2449 11.52788
vt 11.31053 10.95346
vt 11.30671 10.95207
vt 11.22321 11.63552
vt 11.1107 12.19276
vt 11.21953 11.63345
vt 11.11451 12.19416
vt 11.07875 12.30653
vt 10.92433 12.83935
vt 11.07525 12.3038
vt 10.92801 12.84143
vt 10.87455 12.96875
vt 10.67983 13.46916
vt 10.87128 12.96539
vt 10.68332 13.47191
vt 10.60777 13.62231
vt 10.37493 14.08233
vt 10.60479 13.61836
vt 10.37818 14.08572
vt 10.27582 14.26424
vt 10.00772 14.67603
vt 10.27319 14.25975
vt 10.01067 14.68002
vt 9.87703 14.88779
vt 9.57724 15.24381
vt 9.874788 14.88283
vt 9.579839 15.24834
vt 9.411405 15.4821
vt 9.0843 15.77535
vt 9.409598 15.47673
vt 9.086498 15.78036
vt 8.881432 16.03232
vt 8.532169 16.25666
vt 8.880099 16.02663
vt 8.533921 16.26207
vt 8.29274 16.52048
vt 7.927199 16.67093
vt 8.291911 16.51457
vt 7.928467 16.67666
vt 7.654456 16.92687
vt 7.279108 16.99995
vt 7.654151 16.92084
vt 7.279864 17.00589
vt 6.97934 17.22589
vt 6.601034 17.23193
vt 6.600807 17.22589
vt 6.979112 17.23193
vt 6.282776 17.41233
vt 5.907427 17.33925
vt 5.907732 17.33322
vt 6.28202 17.41827
vt 5.581465 17.46665
vt 5.215924 17.3162
vt 5.216754 17.31028
vt 5.580197 17.47237
vt 4.892804 17.38032
vt 4.543541 17.15599
vt 4.544874 17.1503
vt 4.891052 17.38574
vt 7.093595 9.92323
vt 6.760437 9.645143
vt 6.762122 9.639677
vt 7.091483 9.928331
vt 6.688075 10.78305
vt 6.41038 10.3856
vt 6.41325 10.38147
vt 6.68556 10.78769
vt 6.637062 10.77373
vt 6.393826 10.32575
vt 6.397008 10.32221
vt 6.63419 10.77785
vt 6.588363 10.75014
vt 6.383332 10.25876
vt 6.386776 10.25587
vt 6.585179 10.75367
vt 6.54304 10.71254
vt 6.379348 10.18554
vt 6.383 10.18333
vt 6.539595 10.71543
vt 6.502057 10.66169
vt 6.382188 10.10734
vt 6.38599 10.10585
vt 6.498405 10.6639
vt 6.466247 10.59883
vt 6.39201 10.02579
vt 6.395903 10.02504
vt 6.462445 10.60033
vt 6.412732 9.942775
vt 6.432404 10.52636
vt 6.408808 9.942775
vt 6.436297 10.52561
vt 6.436297 9.861188
vt 6.408808 10.44402
vt 6.432404 9.860436
vt 6.412732 10.44402
vt 6.446901 9.940358
vt 6.39201 10.3556
vt 6.443053 9.939236
vt 6.395903 10.35635
vt 6.466247 9.782551
vt 6.462445 9.781058
vt 6.502057 9.709202
vt 6.382188 10.26355
vt 6.498405 9.706991
vt 6.38599 10.26504
vt 6.54304 9.643439
vt 6.379348 10.17044
vt 6.539595 9.640544
vt 6.383 10.17265
vt 6.588363 9.587422
vt 6.383332 10.0788
vt 6.585179 9.583886
vt 6.386776 10.08169
vt 6.637062 9.543064
vt 6.393826 9.991046
vt 6.63419 9.538942
vt 6.397008 9.994586
vt 6.688075 9.511938
vt 6.41038 9.909388
vt 6.68556 9.507293
vt 6.41325 9.913514
vt 6.740269 9.495188
vt 6.43243 9.835716
vt 6.738151 9.490093
vt 6.434942 9.840366
vt 6.792478 9.493464
vt 6.459319 9.771551
vt 6.790793 9.487998
vt 6.461432 9.776652
vt 6.843547 9.506879
vt 6.490329 9.717982
vt 6.842322 9.501129
vt 6.492008 9.723453
vt 6.89237 9.534992
vt 6.524707 9.675641
vt 6.891625 9.52905
vt 6.525925 9.681394
vt 6.93793 9.57683
vt 6.561696 9.644697
vt 6.937678 9.570789
vt 6.562433 9.650642
vt 6.979584 9.624884
vt 6.600807 9.630925
vt 6.600562 9.624884
vt 6.97934 9.630925
vt 7.016603 9.689456
vt 6.640368 9.621589
vt 6.64062 9.615549
vt 7.015865 9.695401
vt 7.048167 9.762313
vt 6.680504 9.621664
vt 6.681249 9.615722
vt 7.046949 9.768066
vt 7.073897 9.84106
vt 6.720679 9.629957
vt 6.721904 9.624207
vt 7.072218 9.846531
vn -0.8090169736320784 -0.5877852808425821 0
vn -0.8763066737420931 -0.4817536855645931 0
vn -0.9297764716058311 -0.368124588757952 0
vn -0.8020687028342303 -0.5827370020591887 0.13077990046213028
vn -0.8460279003038044 -0.46510780016701797 0.2605984000935795
vn -0.7810632707960683 -0.5674756787821019 0.2605983902562341
vn -0.868780465942299 -0.4776160812766213 0.1307798948732012
vn -0.7289686175301027 -0.6845471164618626 0
vn -0.7816317994101923 -0.5678887995714796 0.2579806998053315
vn -0.846643750503561 -0.4654463727891006 0.25798068491794773
vn -0.9685831604410063 -0.24868988984297663 0
vn -0.921791023827644 -0.3649629094340323 0.13077990338056764
vn -0.8976502091983833 -0.35540480364189714 0.26059840267039874
vn -0.898303601926677 -0.3556636007628256 0.2579807005533157
vn -0.7573835196839208 -0.4163751108213271 0.5029930130724717
vn -0.6992256954252005 -0.5080171966762138 0.5029929967090853
vn -0.722707825590474 -0.6786678240310546 0.13077990463080588
vn -0.7037808169097384 -0.6608941158793 0.2605984062613965
vn -0.6374240168438534 -0.7705132203607198 0
vn -0.7042931114605604 -0.661375210762182 0.2579807041979728
vn -0.7013448789832682 -0.5095568847304505 0.4984647850628398
vn -0.7596789563251638 -0.41763703096502025 0.49846483695786653
vn -0.9602644119709588 -0.24655400307361994 0.13077990163034342
vn -0.9357966797967957 -0.24027179481269786 0.25798069443037486
vn -0.9921147054673806 -0.1253332006906906 0
vn -0.9351159864653369 -0.24009699652488897 0.2605983962281561
vn -0.803596992695203 -0.31816649710782696 0.5029929954277308
vn -0.806032493791966 -0.31913079754206586 0.4984647961608415
vn -0.6167430593281494 -0.3390573776404604 0.7103999531518348
vn -0.5693846831487958 -0.41368218775688365 0.7103999789753825
vn -0.6300406378170531 -0.5916475355125765 0.5029930301912495
vn -0.6153992975860777 -0.7438898970820697 0.2605983989777948
vn -0.6319494271410498 -0.7638956328078934 0.13077990561675298
vn -0.5358268100958747 -0.8443279159085524 0
vn -0.6158472232093454 -0.7444314280552797 0.2579807097224816
vn -0.631950115752766 -0.5934407147928336 0.49846481242534707
vn -0.5736153970442603 -0.41675599785252954 0.7051806963663273
vn -0.6213256729363372 -0.3415766851216254 0.7051806692837868
vn -0.8396743554065775 -0.21559171422599016 0.4984648328915968
vn -0.9835938534231633 -0.12425679411597748 0.13077989380708432
vn -0.9585316908441676 -0.12109069884334957 0.2579806975357852
vn -1 0 0
vn -0.95783445119018 -0.12100260646682237 0.2605984139273334
vn -0.8371372074350634 -0.21494030190899993 0.50299300446735
vn -0.6543749852379026 -0.25908539415527215 0.71039998397403
vn -0.6592372609487537 -0.2610104845385186 0.7051806582272039
vn -0.43407807955702826 -0.23863648876137922 0.868693759088738
vn -0.4007461886817877 -0.2911590917768392 0.8686937754656167
vn -0.5130467902317841 -0.4817829908270352 0.7103999864742542
vn -0.5509194834981601 -0.6659472800527017 0.5029929849337154
vn -0.517312511513923 -0.8151541181430404 0.2605984058001881
vn -0.531224781456003 -0.8370763707793344 0.13077989543473464
vn -0.42577928015806865 -0.9048270578337482 0
vn -0.5176890923414241 -0.8157474879320153 0.2579806961834915
vn -0.5525891934852386 -0.6679655921250064 0.4984647941233391
vn -0.5168589026397172 -0.4853628024788596 0.7051807036015199
vn -0.40708090679202086 -0.2957616049346924 0.86418181441861
vn -0.4409397043381808 -0.24240870238493578 0.864181808502244
vn -0.6867522640170047 -0.1763279907611384 0.7051806630514325
vn -0.8600740992187904 -0.10865259990131042 0.49846479954724193
vn -0.9914114266223862 0 0.13077990351183474
vn -0.9661500723185931 0 0.2579806926085308
vn -0.9921147054673806 0.1253332006906906 0
vn -0.965447292681982 0 0.2605983980246837
vn -0.8574752990869688 -0.10832429988465747 0.5029929994644181
vn -0.6816870699844123 -0.17502749229330705 0.7103999687201452
vn -0.4605642943573919 -0.18235029776593367 0.8686937893571892
vn -0.4678446913530208 -0.18523279657641933 0.8641817840276869
vn -0.22212769757549616 -0.12211569866711833 0.9673401894415687
vn -0.20507099671590287 -0.14899279761396403 0.9673401845085888
vn -0.36109428057873605 -0.3390900817622204 0.8686937532777681
vn -0.4486178845042787 -0.5422857812688937 0.710399975462057
vn -0.46310999736533026 -0.7297445958484248 0.5029929971384326
vn -0.4110675038676005 -0.8735628082190685 0.2605984024518855
vn -0.42212248417566894 -0.8970558663715876 0.13077989509738402
vn -0.3090170042518809 -0.9510565130859434 0
vn -0.4113667060629138 -0.8741987128843474 0.2579807038022394
vn -0.46451361854746254 -0.7319562292261199 0.4984648199030924
vn -0.4519512785379145 -0.5463151740567989 0.7051806665126563
vn -0.36680220409789227 -0.3444502038481772 0.8641818096545874
vn -0.21294120504414707 -0.1547108036647867 0.9647386228527095
vn -0.23065250399357512 -0.126802302195487 0.9647386167037255
vn -0.487371397952141 -0.1251356994741994 0.8641817963688422
vn -0.7034367678231489 -0.08886472593511872 0.7051806677433788
vn -0.866909929666937 0 0.49846481705820156
vn -0.9835938534231633 0.12425679411597743 0.13077989380708438
vn -0.9585316908441676 0.12109069884334946 0.2579806975357852
vn -0.9822872551433722 0.18738129144314172 0
vn -0.9578344511901802 0.12100260646682229 0.26059841392733346
vn -0.8642904885744039 0 0.5029929933506213
vn -0.6982484970817613 -0.08820929963134086 0.7103999970309756
vn -0.4797871862452596 -0.12318839646838355 0.8686937750959223
vn -0.23568129741359353 -0.09331282897596942 0.9673401893842449
vn -0.24472630300063206 -0.09689400118803451 0.964738611828829
vn -0.1141590956603391 -0.06275949761425131 0.9914781623098012
vn -0.10539309567802146 -0.0765725468598998 0.9914781593412898
vn -0.18478019587421673 -0.1735201961256309 0.9673401784011706
vn -0.3157476822421472 -0.38167337853444383 0.8686937511441044
vn -0.3771138865171493 -0.5942364787544241 0.7103999746012619
vn -0.36799700206564817 -0.7820334043897257 0.5029930028234102
vn -0.29833961232191397 -0.918194937922953 0.26059841076314044
vn -0.30636299750468876 -0.9428882923202222 0.13077989893480407
vn -0.18738129144314172 -0.9822872551433722 0
vn -0.2985568047044163 -0.918863314478704 0.25798070406505075
vn -0.3691123188870017 -0.7844035401369185 0.49846482550580257
vn -0.3799159840279335 -0.5986518748320473 0.7051806703534648
vn -0.32073880497782786 -0.3877066060171603 0.8641818134119982
vn -0.19187170308806958 -0.18017950289989024 0.9647386155269376
vn -0.25494060307529953 -0.0654576207896029 0.9647386116374566
vn -0.4992119959367989 -0.06306513948669855 0.8641817929662259
vn -0.7090276648961193 0 0.7051806650865838
vn -0.8600740992187904 0.1086525999013102 0.49846479954724193
vn -0.9488166245701715 0.1809965046870122 0.25881900670227237
vn -0.9738836512113614 0.18577820976908796 0.13052620686367905
vn -0.9685831604410063 0.24868988984297663 0
vn -0.8574752990869688 0.10832429988465725 0.5029929994644181
vn -0.7037981766609127 0 0.7103999764419864
vn -0.4914434938308047 -0.06208375922064949 0.8686937890951011
vn -0.24551809619289344 -0.06303832902250145 0.9673401850000175
vn -0.12112479501171548 -0.04795668802499912 0.9914781591679378
vn -0.09496492636888766 -0.08917800659015858 0.9914781620894921
vn -0.16157529783269928 -0.1953109973801835 0.9673401870245196
vn -0.26542149819786104 -0.4182373971602833 0.868693794101808
vn -0.2996626996741692 -0.6368155993075746 0.7103999992275641
vn -0.26708040285349105 -0.8219891087821442 0.5029930053739847
vn -0.18090679365918444 -0.9483465667602828 0.2605983908659794
vn -0.18577200010322886 -0.9738508005411446 0.1307799000726709
vn -0.0627905217796479 -0.9980267282866925 0
vn -0.18103849840538125 -0.9490368916407173 0.2579806977276607
vn -0.2678899106554366 -0.8244803327940605 0.4984648198266527
vn -0.30188929463335334 -0.6415473885952957 0.7051806874640947
vn -0.26961719516323335 -0.424848692378476 0.8641817844971103
vn -0.16777620531683138 -0.20280660642694573 0.964738630572587
vn 0 0 1
vn -0.12618019576431158 -0.03239757891245991 0.9914781667174982
vn -0.2611343053364397 -0.03298894067414945 0.9647386197150255
vn -0.5031797015237968 0 0.8641818026170321
vn -0.7034367678231489 0.08886472593511842 0.7051806677433788
vn -0.8506857064169393 0.16227700122409672 0.5000000037716276
vn -0.9602644119709588 0.24655400307361988 0.13077990163034353
vn -0.9357966797967957 0.24027179481269775 0.25798069443037497
vn -0.9297764716058311 0.368124588757952 0
vn -0.9351159864653369 0.24009699652488886 0.2605983962281562
vn -0.6982484970817613 0.08820929963134055 0.7103999970309756
vn -0.49534948877818197 0 0.8686937803203117
vn -0.2514828969701652 -0.03176967961724305 0.9673401883456051
vn -0.0830391365932535 -0.10037709588195017 0.9914781593238213
vn -0.13582229675491878 -0.21402169488657038 0.9673401768882022
vn -0.21090959605578394 -0.4482055916181165 0.8686937837545751
vn -0.21748558779460367 -0.66935186243565 0.7103999601320108
vn -0.16195190297142395 -0.8489815155767483 0.5029930092286995
vn -0.06062094013246028 -0.9635422021053959 0.26059840056942246
vn -0.06225124018546022 -0.9894551029478058 0.13077990038962206
vn 0.0627905217796479 -0.9980267282866925 0
vn -0.060665069622919426 -0.9642435940064764 0.25798069839644916
vn -0.1624426980179156 -0.8515545896095482 0.4984647939178595
vn -0.2191015916894538 -0.6743253744227684 0.7051806732524235
vn -0.21424350094354447 -0.45529060200513416 0.8641818038059215
vn -0.14103490124384813 -0.2222354019599909 0.9647386085084494
vn -0.05546754811608656 -0.11787449599648188 0.9914781663251919
vn -0.06980376757679496 -0.10999309618164149 0.9914781655813006
vn -0.11206930032831766 -0.2381594006977108 0.9647386028262934
vn -0.04025656840760306 -0.12389699509910569 0.9914781607808899
vn -0.08133631126701087 -0.25032740389945835 0.9647386150281503
vn -0.024410729096746613 -0.12796549526498122 0.9914781633130169
vn -0.04932060124830246 -0.2585476065438299 0.9647386244174962
vn -0.008179909729017354 -0.13001589569285593 0.9914781671544813
vn -0.016527080355700403 -0.2626904056536959 0.9647386207633718
vn 0.008179909729017354 -0.13001589569285593 0.9914781671544813
vn 0.016527080355700403 -0.2626904056536959 0.9647386207633718
vn 0.04932060124830246 -0.2585476065438299 0.9647386244174962
vn 0.024410729096746613 -0.12796549526498122 0.9914781633130169
vn 0.08133631126701087 -0.25032740389945835 0.9647386150281503
vn 0.04025656840760306 -0.12389699509910569 0.9914781607808899
vn 0.11206930032831766 -0.2381594006977108 0.9647386028262934
vn 0.05546754811608656 -0.11787449599648188 0.9914781663251919
vn 0.14103490124384813 -0.2222354019599909 0.9647386085084494
vn 0.06980376757679496 -0.10999309618164149 0.9914781655813006
vn 0.16777620531683138 -0.20280660642694573 0.964738630572587
vn 0.0830391365932535 -0.10037709588195017 0.9914781593238213
vn 0.19187170308806958 -0.18017950289989024 0.9647386155269376
vn 0.09496492636888766 -0.08917800659015858 0.9914781620894921
vn 0.21294120504414707 -0.1547108036647867 0.9647386228527095
vn 0.10539309567802146 -0.0765725468598998 0.9914781593412898
vn 0.23065250399357512 -0.126802302195487 0.9647386167037255
vn 0.1141590956603391 -0.06275949761425131 0.9914781623098012
vn 0.24472630300063206 -0.09689400118803451 0.964738611828829
vn 0.12112479501171548 -0.04795668802499912 0.9914781591679378
vn 0.25494060307529953 -0.0654576207896029 0.9647386116374566
vn 0.12618019576431158 -0.03239757891245991 0.9914781667174982
vn 0.2611343053364397 -0.03298894067414945 0.9647386197150255
vn 0.12924579441300613 -0.016327539294198824 0.9914781571407146
vn 0.2632098045869573 0 0.9647386168125001
vn 0.1302729950754047 0 0.9914781625200243
vn 0.12924579441300613 0.016327539294198386 0.9914781571407146
vn 0.2611343053364397 0.03298894067414902 0.9647386197150255
vn 0.12821419532675943 0.024458169108531345 0.9914448638631248
vn 0.25423460961039607 0.048497851833281126 0.9659258365132422
vn 0.12618019576431158 0.032397578912459465 0.9914781667174982
vn 0.25494060307529953 0.06545762078960249 0.9647386116374566
vn 0.12112479501171548 0.047956688024998674 0.9914781591679378
vn 0.24472630300063206 0.0968940011880341 0.964738611828829
vn 0.1141590956603391 0.06275949761425087 0.9914781623098012
vn 0.23065250399357518 0.12680230219548658 0.9647386167037257
vn 0.10539309567802146 0.07657254685989935 0.9914781593412898
vn 0.21294120504414707 0.15471080366478626 0.9647386228527095
vn 0.09496492636888769 0.08917800659015816 0.9914781620894924
vn 0.19187170308806958 0.1801795028998898 0.9647386155269376
vn 0.0830391365932535 0.10037709588194972 0.9914781593238213
vn 0.1677762053168314 0.20280660642694534 0.9647386305725872
vn 0.06980376757679496 0.10999309618164105 0.9914781655813006
vn 0.14103490124384815 0.22223540195999048 0.9647386085084495
vn 0.05546754811608656 0.11787449599648143 0.9914781663251919
vn 0.11206930032831766 0.23815940069771036 0.9647386028262934
vn 0.04025656840760306 0.12389699509910525 0.9914781607808899
vn 0.08133631126701085 0.25032740389945785 0.9647386150281503
vn 0.024410729096746613 0.12796549526498077 0.9914781633130169
vn 0.049320601248302454 0.2585476065438294 0.9647386244174962
vn 0.008179909729017354 0.1300158956928555 0.9914781671544813
vn 0.016527080355700403 0.26269040565369545 0.964738620763372
vn -0.016527080355700403 0.26269040565369545 0.964738620763372
vn -0.008179909729017354 0.1300158956928555 0.9914781671544813
vn -0.049320601248302454 0.2585476065438294 0.9647386244174962
vn -0.024410729096746613 0.12796549526498077 0.9914781633130169
vn -0.08133631126701085 0.25032740389945785 0.9647386150281503
vn -0.04025656840760306 0.12389699509910525 0.9914781607808899
vn -0.11206930032831766 0.23815940069771036 0.9647386028262934
vn -0.05546754811608656 0.11787449599648143 0.9914781663251919
vn -0.14103490124384815 0.22223540195999048 0.9647386085084495
vn -0.06980376757679496 0.10999309618164105 0.9914781655813006
vn -0.1677762053168314 0.20280660642694534 0.9647386305725872
vn -0.0830391365932535 0.10037709588194972 0.9914781593238213
vn -0.19187170308806958 0.1801795028998898 0.9647386155269376
vn -0.09496492636888769 0.08917800659015816 0.9914781620894924
vn -0.21294120504414707 0.15471080366478626 0.9647386228527095
vn -0.10539309567802146 0.07657254685989935 0.9914781593412898
vn -0.23065250399357518 0.12680230219548658 0.9647386167037257
vn -0.1141590956603391 0.06275949761425087 0.9914781623098012
vn -0.24472630300063206 0.0968940011880341 0.964738611828829
vn -0.12112479501171548 0.047956688024998674 0.9914781591679378
vn -0.25494060307529953 0.06545762078960249 0.9647386116374566
vn -0.12618019576431158 0.032397578912459465 0.9914781667174982
vn -0.25423460961039607 0.048497851833281126 0.9659258365132422
vn -0.12821419532675943 0.024458169108531345 0.9914448638631248
vn -0.2611343053364397 0.03298894067414902 0.9647386197150255
vn -0.12924579441300613 0.016327539294198386 0.9914781571407146
vn -0.2632098045869573 0 0.9647386168125001
vn -0.1302729950754047 0 0.9914781625200243
vn -0.12924579441300613 -0.016327539294198824 0.9914781571407146
vn -0.4992119959367989 0.06306513948669816 0.8641817929662259
vn -0.6945819790471709 0.13249859600303399 0.7071067786693465
vn -0.8396743554065775 0.21559171422598994 0.49846483289159693
vn -0.921791023827644 0.3649629094340322 0.1307799033805678
vn -0.8983036019266772 0.35566360076282555 0.25798070055331584
vn -0.8763066737420931 0.4817536855645931 0
vn -0.8976502091983833 0.355404803641897 0.26059840267039885
vn -0.8371372074350634 0.2149403019089997 0.50299300446735
vn -0.4914434938308048 0.06208375922064911 0.8686937890951012
vn -0.25348169559310285 0 0.9673401831823413
vn -0.1079272976287434 -0.22935709496082535 0.9673401787466949
vn -0.15307139467575145 -0.47110538361364557 0.8686937697844161
vn -0.1318785960857141 -0.6913319794805897 0.7103999789146326
vn -0.05426925022332984 -0.8625850035497262 0.502993002069926
vn 0.06225124018546022 -0.9894551029478058 0.13077990038962206
vn 0.06062094013246028 -0.9635422021053959 0.26059840056942246
vn 0.18738129144314172 -0.9822872551433722 0
vn 0.060665069622919426 -0.9642435940064764 0.25798069839644916
vn -0.054433719579973956 -0.8651992933238767 0.49846479615370387
vn -0.13285850066109195 -0.6964688034655663 0.7051807035089157
vn -0.1554911023739029 -0.47855230730612053 0.8641818131935761
vn -0.09428647051078277 -0.49426700267761736 0.8641818046815749
vn -0.031594919928669946 -0.5021867988662416 0.8641817980489858
vn 0.031594919928669946 -0.5021867988662416 0.8641817980489858
vn 0.09428647051078277 -0.49426700267761736 0.8641818046815749
vn 0.1554911023739029 -0.47855230730612053 0.8641818131935761
vn 0.21424350094354447 -0.45529060200513416 0.8641818038059215
vn 0.26961719516323335 -0.424848692378476 0.8641817844971103
vn 0.32073880497782786 -0.3877066060171603 0.8641818134119982
vn 0.36680220409789227 -0.3444502038481772 0.8641818096545874
vn 0.40708090679202086 -0.2957616049346924 0.86418181441861
vn 0.4409397043381808 -0.24240870238493578 0.864181808502244
vn 0.4678446913530208 -0.18523279657641933 0.8641817840276869
vn 0.487371397952141 -0.1251356994741994 0.8641817963688422
vn 0.4992119959367989 -0.06306513948669855 0.8641817929662259
vn 0.5031797015237968 0 0.8641818026170321
vn 0.4992119959367989 0.06306513948669816 0.8641817929662259
vn 0.4911436076035526 0.09369066145045514 0.8660254134072186
vn 0.487371397952141 0.125135699474199 0.8641817963688422
vn 0.4678446913530208 0.18523279657641895 0.8641817840276869
vn 0.4409397043381809 0.24240870238493545 0.8641818085022442
vn 0.40708090679202086 0.29576160493469206 0.8641818144186102
vn 0.36680220409789227 0.3444502038481769 0.8641818096545876
vn 0.32073880497782775 0.38770660601715984 0.8641818134119982
vn 0.26961719516323335 0.42484869237847567 0.8641817844971105
vn 0.21424350094354447 0.4552906020051338 0.8641818038059217
vn 0.1554911023739029 0.4785523073061202 0.8641818131935763
vn 0.09428647051078277 0.49426700267761703 0.8641818046815751
vn 0.031594919928669946 0.5021867988662412 0.864181798048986
vn -0.031594919928669946 0.5021867988662412 0.864181798048986
vn -0.09428647051078277 0.49426700267761703 0.8641818046815751
vn -0.1554911023739029 0.4785523073061202 0.8641818131935763
vn -0.21424350094354447 0.4552906020051338 0.8641818038059217
vn -0.26961719516323335 0.42484869237847567 0.8641817844971105
vn -0.32073880497782775 0.38770660601715984 0.8641818134119982
vn -0.36680220409789227 0.3444502038481769 0.8641818096545876
vn -0.40708090679202086 0.29576160493469206 0.8641818144186102
vn -0.4409397043381809 0.24240870238493545 0.8641818085022442
vn -0.4678446913530208 0.18523279657641895 0.8641817840276869
vn -0.487371397952141 0.125135699474199 0.8641817963688422
vn -0.4911436076035526 0.09369066145045514 0.8660254134072186
vn -0.686752264017005 0.17632799076113811 0.7051806630514326
vn -0.806032493791966 0.31913079754206564 0.4984647961608416
vn -0.868780465942299 0.4776160812766212 0.13077989487320144
vn -0.846643750503561 0.4654463727891005 0.25798068491794796
vn -0.8090169736320784 0.5877852808425821 0
vn -0.8460279003038044 0.46510780016701786 0.2605984000935797
vn -0.8035969926952028 0.31816649710782663 0.5029929954277309
vn -0.6816870699844123 0.17502749229330672 0.7103999687201452
vn -0.2514828969701652 0.03176967961724262 0.9673401883456051
vn -0.07833014908274523 -0.24107539717698048 0.9673401886723386
vn -0.09281923783393004 -0.48657548864506367 0.8686937797277853
vn -0.044191849009775956 -0.7024093842608383 0.7103999840817897
vn 0.05426925022332984 -0.8625850035497262 0.502993002069926
vn 0.18577200010322886 -0.9738508005411446 0.1307799000726709
vn 0.18090679365918444 -0.9483465667602828 0.2605983908659794
vn 0.3090170042518809 -0.9510565130859434 0
vn 0.18103849840538125 -0.9490368916407173 0.2579806977276607
vn 0.054433719579973956 -0.8651992933238767 0.49846479615370387
vn -0.044520217658697424 -0.7076285627860631 0.7051806629147971
vn 0.044520217658697424 -0.7076285627860631 0.7051806629147971
vn 0.13285850066109195 -0.6964688034655663 0.7051807035089157
vn 0.2191015916894538 -0.6743253744227684 0.7051806732524235
vn 0.30188929463335334 -0.6415473885952957 0.7051806874640947
vn 0.3799159840279335 -0.5986518748320473 0.7051806703534648
vn 0.4519512785379145 -0.5463151740567989 0.7051806665126563
vn 0.5168589026397172 -0.4853628024788596 0.7051807036015199
vn 0.5736153970442603 -0.41675599785252954 0.7051806963663273
vn 0.6213256729363372 -0.3415766851216254 0.7051806692837868
vn 0.6592372609487537 -0.2610104845385186 0.7051806582272039
vn 0.6867522640170047 -0.1763279907611384 0.7051806630514325
vn 0.7034367678231489 -0.08886472593511872 0.7051806677433788
vn 0.7090276648961193 0 0.7051806650865838
vn 0.7034367678231489 0.08886472593511842 0.7051806677433788
vn 0.6945819790471709 0.13249859600303399 0.7071067786693465
vn 0.686752264017005 0.17632799076113811 0.7051806630514326
vn 0.6592372609487537 0.2610104845385183 0.7051806582272041
vn 0.6213256729363372 0.3415766851216251 0.705180669283787
vn 0.5736153970442602 0.4167559978525291 0.7051806963663273
vn 0.5168589026397173 0.4853628024788594 0.7051807036015203
vn 0.4519512785379144 0.5463151740567985 0.7051806665126563
vn 0.3799159840279335 0.5986518748320471 0.705180670353465
vn 0.30188929463335334 0.6415473885952955 0.7051806874640949
vn 0.2191015916894538 0.6743253744227682 0.7051806732524237
vn 0.13285850066109195 0.696468803465566 0.7051807035089159
vn 0.044520217658697424 0.7076285627860629 0.7051806629147973
vn -0.044520217658697424 0.7076285627860629 0.7051806629147973
vn -0.13285850066109195 0.696468803465566 0.7051807035089159
vn -0.2191015916894538 0.6743253744227682 0.7051806732524237
vn -0.30188929463335334 0.6415473885952955 0.7051806874640949
vn -0.3799159840279335 0.5986518748320471 0.705180670353465
vn -0.4519512785379144 0.5463151740567985 0.7051806665126563
vn -0.5168589026397173 0.4853628024788594 0.7051807036015203
vn -0.5736153970442602 0.4167559978525291 0.7051806963663273
vn -0.6213256729363372 0.3415766851216251 0.705180669283787
vn -0.6592372609487537 0.2610104845385183 0.7051806582272041
vn -0.7596789563251638 0.41763703096502003 0.49846483695786675
vn -0.80206870283423 0.5827370020591885 0.13077990046213053
vn -0.7816317994101925 0.5678887995714795 0.2579806998053318
vn -0.7289686175301027 0.6845471164618626 0
vn -0.7810632707960683 0.5674756787821017 0.2605983902562343
vn -0.7573835196839208 0.4163751108213269 0.5029930130724719
vn -0.6543749852379025 0.25908539415527176 0.7103999839740301
vn -0.4797871862452596 0.12318839646838316 0.8686937750959223
vn -0.04749772968275238 -0.24899179833693008 0.9673401935389253
vn -0.03110324838920305 -0.4943720743971107 0.8686937550114753
vn 0.044191849009775956 -0.7024093842608383 0.7103999840817897
vn 0.16195190297142395 -0.8489815155767483 0.5029930092286995
vn 0.30636299750468876 -0.9428882923202222 0.13077989893480407
vn 0.29833961232191397 -0.918194937922953 0.26059841076314044
vn 0.42577928015806865 -0.9048270578337482 0
vn 0.2985568047044163 -0.918863314478704 0.25798070406505075
vn 0.1624426980179156 -0.8515545896095482 0.4984647939178595
vn 0.2678899106554366 -0.8244803327940605 0.4984648198266527
vn 0.3691123188870017 -0.7844035401369185 0.49846482550580257
vn 0.46451361854746254 -0.7319562292261199 0.4984648199030924
vn 0.5525891934852386 -0.6679655921250064 0.4984647941233391
vn 0.631950115752766 -0.5934407147928336 0.49846481242534707
vn 0.7013448789832682 -0.5095568847304505 0.4984647850628398
vn 0.7596789563251638 -0.41763703096502025 0.49846483695786653
vn 0.806032493791966 -0.31913079754206586 0.4984647961608415
vn 0.8396743554065775 -0.21559171422599016 0.4984648328915968
vn 0.8600740992187904 -0.10865259990131042 0.49846479954724193
vn 0.866909929666937 0 0.49846481705820156
vn 0.8600740992187904 0.1086525999013102 0.49846479954724193
vn 0.8506857064169393 0.16227700122409672 0.5000000037716276
vn 0.8396743554065775 0.21559171422598994 0.49846483289159693
vn 0.806032493791966 0.31913079754206564 0.4984647961608416
vn 0.7596789563251638 0.41763703096502003 0.49846483695786675
vn 0.7013448789832682 0.5095568847304502 0.49846478506284003
vn 0.631950115752766 0.5934407147928333 0.4984648124253473
vn 0.5525891934852386 0.6679655921250062 0.49846479412333944
vn 0.46451361854746254 0.7319562292261197 0.4984648199030927
vn 0.3691123188870017 0.7844035401369183 0.4984648255058029
vn 0.2678899106554366 0.8244803327940603 0.498464819826653
vn 0.1624426980179156 0.851554589609548 0.49846479391785986
vn 0.054433719579973956 0.8651992933238765 0.4984647961537042
vn -0.054433719579973956 0.8651992933238765 0.4984647961537042
vn -0.1624426980179156 0.851554589609548 0.49846479391785986
vn -0.2678899106554366 0.8244803327940603 0.498464819826653
vn -0.3691123188870017 0.7844035401369183 0.4984648255058029
vn -0.46451361854746254 0.7319562292261197 0.4984648199030927
vn -0.5525891934852386 0.6679655921250062 0.49846479412333944
vn -0.631950115752766 0.5934407147928333 0.4984648124253473
vn -0.7013448789832682 0.5095568847304502 0.49846478506284003
vn -0.722707825590474 0.6786678240310546 0.13077990463080616
vn -0.7042931114605604 0.6613752107621818 0.25798070419797314
vn -0.6374240168438534 0.7705132203607198 0
vn -0.7037808169097384 0.6608941158792998 0.26059840626139685
vn -0.6992256954252005 0.5080171966762136 0.5029929967090855
vn -0.6167430593281493 0.33905737764045996 0.7103999531518348
vn -0.460564294357392 0.18235029776593334 0.8686937893571894
vn -0.24551809619289344 0.06303832902250103 0.9673401850000175
vn -0.01591624977007105 -0.25298149634538497 0.9673401860256331
vn 0.03110324838920305 -0.4943720743971107 0.8686937550114753
vn 0.1318785960857141 -0.6913319794805897 0.7103999789146326
vn 0.26708040285349105 -0.8219891087821442 0.5029930053739847
vn 0.42212248417566894 -0.8970558663715876 0.13077989509738402
vn 0.4110675038676005 -0.8735628082190685 0.2605984024518855
vn 0.5358268100958747 -0.8443279159085524 0
vn 0.4113667060629138 -0.8741987128843474 0.2579807038022394
vn 0.5176890923414241 -0.8157474879320153 0.2579806961834915
vn 0.6158472232093454 -0.7444314280552797 0.2579807097224816
vn 0.7042931114605604 -0.661375210762182 0.2579807041979728
vn 0.7816317994101923 -0.5678887995714796 0.2579806998053315
vn 0.846643750503561 -0.4654463727891006 0.25798068491794773
vn 0.898303601926677 -0.3556636007628256 0.2579807005533157
vn 0.9357966797967957 -0.24027179481269786 0.25798069443037486
vn 0.9585316908441676 -0.12109069884334957 0.2579806975357852
vn 0.9661500723185931 0 0.2579806926085308
vn 0.9585316908441676 0.12109069884334946 0.2579806975357852
vn 0.9488166245701715 0.1809965046870122 0.25881900670227237
vn 0.9357966797967957 0.24027179481269775 0.25798069443037497
vn 0.8983036019266772 0.35566360076282555 0.25798070055331584
vn 0.846643750503561 0.4654463727891005 0.25798068491794796
vn 0.7816317994101925 0.5678887995714795 0.2579806998053318
vn 0.7042931114605604 0.6613752107621818 0.25798070419797314
vn 0.6158472232093455 0.7444314280552797 0.257980709722482
vn 0.5176890923414241 0.8157474879320151 0.25798069618349184
vn 0.4113667060629138 0.8741987128843471 0.25798070380223975
vn 0.29855680470441637 0.918863314478704 0.25798070406505125
vn 0.18103849840538125 0.949036891640717 0.25798069772766113
vn 0.06066506962291944 0.9642435940064764 0.25798069839644966
vn -0.06066506962291944 0.9642435940064764 0.25798069839644966
vn -0.18103849840538125 0.949036891640717 0.25798069772766113
vn -0.29855680470441637 0.918863314478704 0.25798070406505125
vn -0.4113667060629138 0.8741987128843471 0.25798070380223975
vn -0.5176890923414241 0.8157474879320151 0.25798069618349184
vn -0.6158472232093455 0.7444314280552797 0.257980709722482
vn -0.6319494271410498 0.7638956328078934 0.13077990561675332
vn -0.5358268100958747 0.8443279159085524 0
vn -0.6153992975860778 0.7438898970820695 0.2605983989777952
vn -0.6300406378170531 0.5916475355125763 0.5029930301912497
vn -0.5693846831487958 0.4136821877568833 0.7103999789753828
vn -0.43407807955702826 0.23863648876137883 0.868693759088738
vn -0.23568129741359353 0.093312828975969 0.9673401893842449
vn 0.01591624977007105 -0.25298149634538497 0.9673401860256331
vn 0.09281923783393004 -0.48657548864506367 0.8686937797277853
vn 0.21748558779460367 -0.66935186243565 0.7103999601320108
vn 0.36799700206564817 -0.7820334043897257 0.5029930028234102
vn 0.531224781456003 -0.8370763707793344 0.13077989543473464
vn 0.517312511513923 -0.8151541181430404 0.2605984058001881
vn 0.6374240168438534 -0.7705132203607198 0
vn 0.6319494271410498 -0.7638956328078934 0.13077990561675298
vn 0.722707825590474 -0.6786678240310546 0.13077990463080588
vn 0.8020687028342303 -0.5827370020591887 0.13077990046213028
vn 0.868780465942299 -0.4776160812766213 0.1307798948732012
vn 0.921791023827644 -0.3649629094340323 0.13077990338056764
vn 0.9602644119709588 -0.24655400307361994 0.13077990163034342
vn 0.9835938534231633 -0.12425679411597748 0.13077989380708432
vn 0.9914114266223862 0 0.13077990351183474
vn 0.9835938534231633 0.12425679411597743 0.13077989380708438
vn 0.9738836512113614 0.18577820976908796 0.13052620686367905
vn 0.9602644119709588 0.24655400307361988 0.13077990163034353
vn 0.921791023827644 0.3649629094340322 0.1307799033805678
vn 0.868780465942299 0.4776160812766212 0.13077989487320144
vn 0.80206870283423 0.5827370020591885 0.13077990046213053
vn 0.722707825590474 0.6786678240310546 0.13077990463080616
vn 0.6319494271410498 0.7638956328078934 0.13077990561675332
vn 0.531224781456003 0.8370763707793344 0.13077989543473503
vn 0.4221224841756689 0.8970558663715874 0.13077989509738439
vn 0.3063629975046887 0.942888292320222 0.1307798989348045
vn 0.18577200010322886 0.9738508005411446 0.13077990007267135
vn 0.06225124018546022 0.9894551029478058 0.1307799003896225
vn -0.06225124018546022 0.9894551029478058 0.1307799003896225
vn -0.18577200010322886 0.9738508005411446 0.13077990007267135
vn -0.3063629975046887 0.942888292320222 0.1307798989348045
vn -0.4221224841756689 0.8970558663715874 0.13077989509738439
vn -0.531224781456003 0.8370763707793344 0.13077989543473503
vn -0.42577928015806865 0.9048270578337482 0
vn -0.517312511513923 0.8151541181430402 0.26059840580018845
vn -0.5509194834981603 0.6659472800527017 0.5029929849337157
vn -0.5130467902317841 0.48178299082703485 0.7103999864742544
vn -0.40074618868178763 0.2911590917768388 0.8686937754656167
vn -0.22212769757549622 0.12211569866711794 0.967340189441569
vn 0.04749772968275238 -0.24899179833693008 0.9673401935389253
vn 0.15307139467575145 -0.47110538361364557 0.8686937697844161
vn 0.2996626996741692 -0.6368155993075746 0.7103999992275641
vn 0.46310999736533026 -0.7297445958484248 0.5029929971384326
vn 0.6153992975860777 -0.7438898970820697 0.2605983989777948
vn 0.7289686175301027 -0.6845471164618626 0
vn 0.8090169736320784 -0.5877852808425821 0
vn 0.8763066737420931 -0.4817536855645931 0
vn 0.9297764716058311 -0.368124588757952 0
vn 0.9685831604410063 -0.24868988984297663 0
vn 0.9921147054673806 -0.1253332006906906 0
vn 1 0 0
vn 0.9921147054673806 0.1253332006906906 0
vn 0.9822872551433722 0.18738129144314172 0
vn 0.9685831604410063 0.24868988984297663 0
vn 0.9297764716058311 0.368124588757952 0
vn 0.8763066737420931 0.4817536855645931 0
vn 0.8090169736320784 0.5877852808425821 0
vn 0.7289686175301027 0.6845471164618626 0
vn 0.6374240168438534 0.7705132203607198 0
vn 0.5358268100958747 0.8443279159085524 0
vn 0.42577928015806865 0.9048270578337482 0
vn 0.3090170042518809 0.9510565130859434 0
vn 0.18738129144314172 0.9822872551433722 0
vn 0.0627905217796479 0.9980267282866925 0
vn -0.0627905217796479 0.9980267282866925 0
vn -0.18738129144314172 0.9822872551433722 0
vn -0.3090170042518809 0.9510565130859434 0
vn -0.41106750386760055 0.8735628082190685 0.26059840245188587
vn -0.46310999736533026 0.7297445958484245 0.5029929971384328
vn -0.4486178845042787 0.5422857812688935 0.7103999754620572
vn -0.36109428057873605 0.33909008176222005 0.8686937532777683
vn -0.20507099671590287 0.14899279761396358 0.9673401845085888
vn 0.07833014908274523 -0.24107539717698048 0.9673401886723386
vn 0.21090959605578394 -0.4482055916181165 0.8686937837545751
vn 0.3771138865171493 -0.5942364787544241 0.7103999746012619
vn 0.5509194834981601 -0.6659472800527017 0.5029929849337154
vn 0.7037808169097384 -0.6608941158793 0.2605984062613965
vn 0.7810632707960683 -0.5674756787821019 0.2605983902562341
vn 0.8460279003038044 -0.46510780016701797 0.2605984000935795
vn 0.8976502091983833 -0.35540480364189714 0.26059840267039874
vn 0.9351159864653369 -0.24009699652488897 0.2605983962281561
vn 0.95783445119018 -0.12100260646682237 0.2605984139273334
vn 0.965447292681982 0 0.2605983980246837
vn 0.9578344511901802 0.12100260646682229 0.26059841392733346
vn 0.9351159864653369 0.24009699652488886 0.2605983962281562
vn 0.8976502091983833 0.355404803641897 0.26059840267039885
vn 0.8460279003038044 0.46510780016701786 0.2605984000935797
vn 0.7810632707960683 0.5674756787821017 0.2605983902562343
vn 0.7037808169097384 0.6608941158792998 0.26059840626139685
vn 0.6153992975860778 0.7438898970820695 0.2605983989777952
vn 0.517312511513923 0.8151541181430402 0.26059840580018845
vn 0.41106750386760055 0.8735628082190685 0.26059840245188587
vn 0.298339612321914 0.918194937922953 0.26059841076314094
vn 0.18090679365918444 0.9483465667602826 0.26059839086597986
vn 0.06062094013246029 0.9635422021053959 0.26059840056942296
vn -0.06062094013246029 0.9635422021053959 0.26059840056942296
vn -0.18090679365918444 0.9483465667602826 0.26059839086597986
vn -0.298339612321914 0.918194937922953 0.26059841076314094
vn -0.36799700206564817 0.7820334043897255 0.5029930028234106
vn -0.3771138865171493 0.5942364787544239 0.7103999746012621
vn -0.31574768224214717 0.3816733785344434 0.8686937511441045
vn -0.18478019587421676 0.1735201961256305 0.9673401784011707
vn 0.1079272976287434 -0.22935709496082535 0.9673401787466949
vn 0.26542149819786104 -0.4182373971602833 0.868693794101808
vn 0.4486178845042787 -0.5422857812688937 0.710399975462057
vn 0.6300406378170531 -0.5916475355125765 0.5029930301912495
vn 0.6992256954252005 -0.5080171966762138 0.5029929967090853
vn 0.7573835196839208 -0.4163751108213271 0.5029930130724717
vn 0.803596992695203 -0.31816649710782696 0.5029929954277308
vn 0.8371372074350634 -0.21494030190899993 0.50299300446735
vn 0.8574752990869688 -0.10832429988465747 0.5029929994644181
vn 0.8642904885744039 0 0.5029929933506213
vn 0.8574752990869688 0.10832429988465725 0.5029929994644181
vn 0.8371372074350634 0.2149403019089997 0.50299300446735
vn 0.8035969926952028 0.31816649710782663 0.5029929954277309
vn 0.7573835196839208 0.4163751108213269 0.5029930130724719
vn 0.6992256954252005 0.5080171966762136 0.5029929967090855
vn 0.6300406378170531 0.5916475355125763 0.5029930301912497
vn 0.5509194834981603 0.6659472800527017 0.5029929849337157
vn 0.46310999736533026 0.7297445958484245 0.5029929971384328
vn 0.36799700206564817 0.7820334043897255 0.5029930028234106
vn 0.26708040285349105 0.8219891087821439 0.5029930053739852
vn 0.16195190297142392 0.8489815155767478 0.5029930092286998
vn 0.05426925022332984 0.862585003549726 0.5029930020699265
vn -0.05426925022332984 0.862585003549726 0.5029930020699265
vn -0.16195190297142392 0.8489815155767478 0.5029930092286998
vn -0.26708040285349105 0.8219891087821439 0.5029930053739852
vn -0.2996626996741692 0.6368155993075744 0.7103999992275644
vn -0.265421498197861 0.4182373971602829 0.868693794101808
vn -0.16157529783269928 0.19531099738018307 0.9673401870245196
vn 0.13582229675491878 -0.21402169488657038 0.9673401768882022
vn 0.3157476822421472 -0.38167337853444383 0.8686937511441044
vn 0.5130467902317841 -0.4817829908270352 0.7103999864742542
vn 0.5693846831487958 -0.41368218775688365 0.7103999789753825
vn 0.6167430593281494 -0.3390573776404604 0.7103999531518348
vn 0.6543749852379026 -0.25908539415527215 0.71039998397403
vn 0.6816870699844123 -0.17502749229330705 0.7103999687201452
vn 0.6982484970817613 -0.08820929963134086 0.7103999970309756
vn 0.7037981766609127 0 0.7103999764419864
vn 0.6982484970817613 0.08820929963134055 0.7103999970309756
vn 0.6816870699844123 0.17502749229330672 0.7103999687201452
vn 0.6543749852379025 0.25908539415527176 0.7103999839740301
vn 0.6167430593281493 0.33905737764045996 0.7103999531518348
vn 0.5693846831487958 0.4136821877568833 0.7103999789753828
vn 0.5130467902317841 0.48178299082703485 0.7103999864742544
vn 0.4486178845042787 0.5422857812688935 0.7103999754620572
vn 0.3771138865171493 0.5942364787544239 0.7103999746012621
vn 0.2996626996741692 0.6368155993075744 0.7103999992275644
vn 0.21748558779460367 0.6693518624356498 0.710399960132011
vn 0.1318785960857141 0.6913319794805894 0.7103999789146328
vn 0.044191849009775956 0.7024093842608381 0.71039998408179
vn -0.044191849009775956 0.7024093842608381 0.71039998408179
vn -0.1318785960857141 0.6913319794805894 0.7103999789146328
vn -0.21748558779460367 0.6693518624356498 0.710399960132011
vn -0.21090959605578388 0.4482055916181161 0.8686937837545751
vn -0.1358222967549188 0.21402169488657 0.9673401768882024
vn 0.16157529783269928 -0.1953109973801835 0.9673401870245196
vn 0.36109428057873605 -0.3390900817622204 0.8686937532777681
vn 0.4007461886817877 -0.2911590917768392 0.8686937754656167
vn 0.43407807955702826 -0.23863648876137922 0.868693759088738
vn 0.4605642943573919 -0.18235029776593367 0.8686937893571892
vn 0.4797871862452596 -0.12318839646838355 0.8686937750959223
vn 0.4914434938308047 -0.06208375922064949 0.8686937890951011
vn 0.49534948877818197 0 0.8686937803203117
vn 0.4914434938308048 0.06208375922064911 0.8686937890951012
vn 0.4797871862452596 0.12318839646838316 0.8686937750959223
vn 0.460564294357392 0.18235029776593334 0.8686937893571894
vn 0.43407807955702826 0.23863648876137883 0.868693759088738
vn 0.40074618868178763 0.2911590917768388 0.8686937754656167
vn 0.36109428057873605 0.33909008176222005 0.8686937532777683
vn 0.31574768224214717 0.3816733785344434 0.8686937511441045
vn 0.265421498197861 0.4182373971602829 0.868693794101808
vn 0.21090959605578388 0.4482055916181161 0.8686937837545751
vn 0.15307139467575145 0.47110538361364523 0.8686937697844164
vn 0.09281923783393004 0.48657548864506334 0.8686937797277855
vn 0.03110324838920305 0.49437207439711034 0.8686937550114755
vn -0.03110324838920305 0.49437207439711034 0.8686937550114755
vn -0.09281923783393004 0.48657548864506334 0.8686937797277855
vn -0.15307139467575145 0.47110538361364523 0.8686937697844164
vn -0.1079272976287434 0.2293570949608249 0.9673401787466949
vn 0.18478019587421673 -0.1735201961256309 0.9673401784011706
vn 0.20507099671590287 -0.14899279761396403 0.9673401845085888
vn 0.22212769757549616 -0.12211569866711833 0.9673401894415687
vn 0.23568129741359353 -0.09331282897596942 0.9673401893842449
vn 0.24551809619289344 -0.06303832902250145 0.9673401850000175
vn 0.2514828969701652 -0.03176967961724305 0.9673401883456051
vn 0.25348169559310285 0 0.9673401831823413
vn 0.2514828969701652 0.03176967961724262 0.9673401883456051
vn 0.24551809619289344 0.06303832902250103 0.9673401850000175
vn 0.23568129741359353 0.093312828975969 0.9673401893842449
vn 0.22212769757549622 0.12211569866711794 0.967340189441569
vn 0.20507099671590287 0.14899279761396358 0.9673401845085888
vn 0.18478019587421676 0.1735201961256305 0.9673401784011707
vn 0.16157529783269928 0.19531099738018307 0.9673401870245196
vn 0.1358222967549188 0.21402169488657 0.9673401768882024
vn 0.1079272976287434 0.2293570949608249 0.9673401787466949
vn 0.07833014908274526 0.2410753971769801 0.9673401886723388
vn 0.04749772968275239 0.2489917983369297 0.9673401935389255
vn 0.01591624977007105 0.2529814963453845 0.9673401860256333
vn -0.01591624977007105 0.2529814963453845 0.9673401860256333
vn -0.04749772968275239 0.2489917983369297 0.9673401935389255
vn -0.07833014908274526 0.2410753971769801 0.9673401886723388
vn 0.868780465942299 0.4776160812766213 -0.1307798948732012
vn 0.8020687028342303 0.5827370020591887 -0.13077990046213028
vn 0.8460279003038044 0.46510780016701797 -0.2605984000935795
vn 0.7810632707960683 0.5674756787821019 -0.2605983902562341
vn 0.846643750503561 0.4654463727891006 -0.25798068491794773
vn 0.7816317994101923 0.5678887995714796 -0.2579806998053315
vn 0.921791023827644 0.3649629094340323 -0.13077990338056764
vn 0.8976502091983833 0.35540480364189714 -0.26059840267039874
vn 0.898303601926677 0.3556636007628256 -0.2579807005533157
vn 0.7573835196839208 0.4163751108213271 -0.5029930130724717
vn 0.6992256954252005 0.5080171966762138 -0.5029929967090853
vn 0.722707825590474 0.6786678240310546 -0.13077990463080588
vn 0.7037808169097384 0.6608941158793 -0.2605984062613965
vn 0.7042931114605604 0.661375210762182 -0.2579807041979728
vn 0.7596789563251638 0.41763703096502025 -0.49846483695786653
vn 0.7013448789832682 0.5095568847304505 -0.4984647850628398
vn 0.9357966797967957 0.24027179481269786 -0.25798069443037486
vn 0.9602644119709588 0.24655400307361994 -0.13077990163034342
vn 0.9351159864653369 0.24009699652488897 -0.2605983962281561
vn 0.803596992695203 0.31816649710782696 -0.5029929954277308
vn 0.806032493791966 0.31913079754206586 -0.4984647961608415
vn 0.6167430593281494 0.3390573776404604 -0.7103999531518348
vn 0.5693846831487958 0.41368218775688365 -0.7103999789753825
vn 0.6300406378170531 0.5916475355125765 -0.5029930301912495
vn 0.6153992975860777 0.7438898970820697 -0.2605983989777948
vn 0.6319494271410498 0.7638956328078934 -0.13077990561675298
vn 0.6158472232093454 0.7444314280552797 -0.2579807097224816
vn 0.631950115752766 0.5934407147928336 -0.49846481242534707
vn 0.6213256729363372 0.3415766851216254 -0.7051806692837868
vn 0.5736153970442603 0.41675599785252954 -0.7051806963663273
vn 0.8396743554065775 0.21559171422599016 -0.4984648328915968
vn 0.9585316908441676 0.12109069884334957 -0.2579806975357852
vn 0.9835938534231633 0.12425679411597748 -0.13077989380708432
vn 0.95783445119018 0.12100260646682237 -0.2605984139273334
vn 0.8371372074350634 0.21494030190899993 -0.50299300446735
vn 0.6543749852379026 0.25908539415527215 -0.71039998397403
vn 0.6592372609487537 0.2610104845385186 -0.7051806582272039
vn 0.4007461886817877 0.2911590917768392 -0.8686937754656167
vn 0.43407807955702826 0.23863648876137922 -0.868693759088738
vn 0.5130467902317841 0.4817829908270352 -0.7103999864742542
vn 0.5509194834981601 0.6659472800527017 -0.5029929849337154
vn 0.517312511513923 0.8151541181430404 -0.2605984058001881
vn 0.531224781456003 0.8370763707793344 -0.13077989543473464
vn 0.5176890923414241 0.8157474879320153 -0.2579806961834915
vn 0.5525891934852386 0.6679655921250064 -0.4984647941233391
vn 0.5168589026397172 0.4853628024788596 -0.7051807036015199
vn 0.40708090679202086 0.2957616049346924 -0.86418181441861
vn 0.4409397043381808 0.24240870238493578 -0.864181808502244
vn 0.6867522640170047 0.1763279907611384 -0.7051806630514325
vn 0.8600740992187904 0.10865259990131042 -0.49846479954724193
vn 0.9661500723185931 0 -0.2579806926085308
vn 0.9914114266223862 0 -0.13077990351183474
vn 0.965447292681982 0 -0.2605983980246837
vn 0.8574752990869688 0.10832429988465747 -0.5029929994644181
vn 0.6816870699844123 0.17502749229330705 -0.7103999687201452
vn 0.4605642943573919 0.18235029776593367 -0.8686937893571892
vn 0.4678446913530208 0.18523279657641933 -0.8641817840276869
vn 0.20507099671590287 0.14899279761396403 -0.9673401845085888
vn 0.22212769757549616 0.12211569866711833 -0.9673401894415687
vn 0.36109428057873605 0.3390900817622204 -0.8686937532777681
vn 0.4486178845042787 0.5422857812688937 -0.710399975462057
vn 0.46310999736533026 0.7297445958484248 -0.5029929971384326
vn 0.4110675038676005 0.8735628082190685 -0.2605984024518855
vn 0.42212248417566894 0.8970558663715876 -0.13077989509738402
vn 0.4113667060629138 0.8741987128843474 -0.2579807038022394
vn 0.46451361854746254 0.7319562292261199 -0.4984648199030924
vn 0.4519512785379145 0.5463151740567989 -0.7051806665126563
vn 0.36680220409789227 0.3444502038481772 -0.8641818096545874
vn 0.21294120504414707 0.1547108036647867 -0.9647386228527095
vn 0.23065250399357512 0.126802302195487 -0.9647386167037255
vn 0.487371397952141 0.1251356994741994 -0.8641817963688422
vn 0.7034367678231489 0.08886472593511872 -0.7051806677433788
vn 0.866909929666937 0 -0.49846481705820156
vn 0.9585316908441676 -0.12109069884334946 -0.2579806975357852
vn 0.9835938534231633 -0.12425679411597743 -0.13077989380708438
vn 0.9822872551433722 -0.18738129144314172 0
vn 0.9578344511901802 -0.12100260646682229 -0.26059841392733346
vn 0.8642904885744039 0 -0.5029929933506213
vn 0.6982484970817613 0.08820929963134086 -0.7103999970309756
vn 0.4797871862452596 0.12318839646838355 -0.8686937750959223
vn 0.23568129741359353 0.09331282897596942 -0.9673401893842449
vn 0.24472630300063206 0.09689400118803451 -0.964738611828829
vn 0.10539309567802146 0.0765725468598998 -0.9914781593412898
vn 0.1141590956603391 0.06275949761425131 -0.9914781623098012
vn 0.18478019587421673 0.1735201961256309 -0.9673401784011706
vn 0.3157476822421472 0.38167337853444383 -0.8686937511441044
vn 0.3771138865171493 0.5942364787544241 -0.7103999746012619
vn 0.36799700206564817 0.7820334043897257 -0.5029930028234102
vn 0.29833961232191397 0.918194937922953 -0.26059841076314044
vn 0.30636299750468876 0.9428882923202222 -0.13077989893480407
vn 0.2985568047044163 0.918863314478704 -0.25798070406505075
vn 0.3691123188870017 0.7844035401369185 -0.49846482550580257
vn 0.3799159840279335 0.5986518748320473 -0.7051806703534648
vn 0.32073880497782786 0.3877066060171603 -0.8641818134119982
vn 0.19187170308806958 0.18017950289989024 -0.9647386155269376
vn 0.25494060307529953 0.0654576207896029 -0.9647386116374566
vn 0.4992119959367989 0.06306513948669855 -0.8641817929662259
vn 0.7090276648961193 0 -0.7051806650865838
vn 0.8600740992187904 -0.1086525999013102 -0.49846479954724193
vn 0.9488166245701715 -0.1809965046870122 -0.25881900670227237
vn 0.9738836512113614 -0.18577820976908796 -0.13052620686367905
vn 0.8574752990869688 -0.10832429988465725 -0.5029929994644181
vn 0.7037981766609127 0 -0.7103999764419864
vn 0.4914434938308047 0.06208375922064949 -0.8686937890951011
vn 0.24551809619289344 0.06303832902250145 -0.9673401850000175
vn 0.12112479501171548 0.04795668802499912 -0.9914781591679378
vn 0.09496492636888766 0.08917800659015858 -0.9914781620894921
vn 0.16157529783269928 0.1953109973801835 -0.9673401870245196
vn 0.26542149819786104 0.4182373971602833 -0.868693794101808
vn 0.2996626996741692 0.6368155993075746 -0.7103999992275641
vn 0.26708040285349105 0.8219891087821442 -0.5029930053739847
vn 0.18090679365918444 0.9483465667602828 -0.2605983908659794
vn 0.18577200010322886 0.9738508005411446 -0.1307799000726709
vn 0.18103849840538125 0.9490368916407173 -0.2579806977276607
vn 0.2678899106554366 0.8244803327940605 -0.4984648198266527
vn 0.30188929463335334 0.6415473885952957 -0.7051806874640947
vn 0.26961719516323335 0.424848692378476 -0.8641817844971103
vn 0.16777620531683138 0.20280660642694573 -0.964738630572587
vn 0 0 -1
vn 0.12618019576431158 0.03239757891245991 -0.9914781667174982
vn 0.2611343053364397 0.03298894067414945 -0.9647386197150255
vn 0.5031797015237968 0 -0.8641818026170321
vn 0.7034367678231489 -0.08886472593511842 -0.7051806677433788
vn 0.8506857064169393 -0.16227700122409672 -0.5000000037716276
vn 0.9357966797967957 -0.24027179481269775 -0.25798069443037497
vn 0.9602644119709588 -0.24655400307361988 -0.13077990163034353
vn 0.9351159864653369 -0.24009699652488886 -0.2605983962281562
vn 0.6982484970817613 -0.08820929963134055 -0.7103999970309756
vn 0.49534948877818197 0 -0.8686937803203117
vn 0.2514828969701652 0.03176967961724305 -0.9673401883456051
vn 0.0830391365932535 0.10037709588195017 -0.9914781593238213
vn 0.13582229675491878 0.21402169488657038 -0.9673401768882022
vn 0.21090959605578394 0.4482055916181165 -0.8686937837545751
vn 0.21748558779460367 0.66935186243565 -0.7103999601320108
vn 0.16195190297142395 0.8489815155767483 -0.5029930092286995
vn 0.06062094013246028 0.9635422021053959 -0.26059840056942246
vn 0.06225124018546022 0.9894551029478058 -0.13077990038962206
vn 0.060665069622919426 0.9642435940064764 -0.25798069839644916
vn 0.1624426980179156 0.8515545896095482 -0.4984647939178595
vn 0.2191015916894538 0.6743253744227684 -0.7051806732524235
vn 0.21424350094354447 0.45529060200513416 -0.8641818038059215
vn 0.14103490124384813 0.2222354019599909 -0.9647386085084494
vn 0.11206930032831766 0.2381594006977108 -0.9647386028262934
vn 0.05546754811608656 0.11787449599648188 -0.9914781663251919
vn 0.06980376757679496 0.10999309618164149 -0.9914781655813006
vn 0.08133631126701087 0.25032740389945835 -0.9647386150281503
vn 0.04025656840760306 0.12389699509910569 -0.9914781607808899
vn 0.04932060124830246 0.2585476065438299 -0.9647386244174962
vn 0.024410729096746613 0.12796549526498122 -0.9914781633130169
vn 0.016527080355700403 0.2626904056536959 -0.9647386207633718
vn 0.008179909729017354 0.13001589569285593 -0.9914781671544813
vn -0.016527080355700403 0.2626904056536959 -0.9647386207633718
vn -0.008179909729017354 0.13001589569285593 -0.9914781671544813
vn -0.04932060124830246 0.2585476065438299 -0.9647386244174962
vn -0.024410729096746613 0.12796549526498122 -0.9914781633130169
vn -0.08133631126701087 0.25032740389945835 -0.9647386150281503
vn -0.04025656840760306 0.12389699509910569 -0.9914781607808899
vn -0.11206930032831766 0.2381594006977108 -0.9647386028262934
vn -0.05546754811608656 0.11787449599648188 -0.9914781663251919
vn -0.14103490124384813 0.2222354019599909 -0.9647386085084494
vn -0.06980376757679496 0.10999309618164149 -0.9914781655813006
vn -0.16777620531683138 0.20280660642694573 -0.964738630572587
vn -0.0830391365932535 0.10037709588195017 -0.9914781593238213
vn -0.19187170308806958 0.18017950289989024 -0.9647386155269376
vn -0.09496492636888766 0.08917800659015858 -0.9914781620894921
vn -0.21294120504414707 0.1547108036647867 -0.9647386228527095
vn -0.10539309567802146 0.0765725468598998 -0.9914781593412898
vn -0.23065250399357512 0.126802302195487 -0.9647386167037255
vn -0.1141590956603391 0.06275949761425131 -0.9914781623098012
vn -0.24472630300063206 0.09689400118803451 -0.964738611828829
vn -0.12112479501171548 0.04795668802499912 -0.9914781591679378
vn -0.25494060307529953 0.0654576207896029 -0.9647386116374566
vn -0.12618019576431158 0.03239757891245991 -0.9914781667174982
vn -0.2611343053364397 0.03298894067414945 -0.9647386197150255
vn -0.12924579441300613 0.016327539294198824 -0.9914781571407146
vn -0.2632098045869573 0 -0.9647386168125001
vn -0.1302729950754047 0 -0.9914781625200243
vn -0.12924579441300613 -0.016327539294198386 -0.9914781571407146
vn -0.2611343053364397 -0.03298894067414902 -0.9647386197150255
vn -0.12821419532675943 -0.024458169108531345 -0.9914448638631248
vn -0.25423460961039607 -0.048497851833281126 -0.9659258365132422
vn -0.12618019576431158 -0.032397578912459465 -0.9914781667174982
vn -0.25494060307529953 -0.06545762078960249 -0.9647386116374566
vn -0.12112479501171548 -0.047956688024998674 -0.9914781591679378
vn -0.24472630300063206 -0.0968940011880341 -0.964738611828829
vn -0.1141590956603391 -0.06275949761425087 -0.9914781623098012
vn -0.23065250399357518 -0.12680230219548658 -0.9647386167037257
vn -0.10539309567802146 -0.07657254685989935 -0.9914781593412898
vn -0.21294120504414707 -0.15471080366478626 -0.9647386228527095
vn -0.09496492636888769 -0.08917800659015816 -0.9914781620894924
vn -0.19187170308806958 -0.1801795028998898 -0.9647386155269376
vn -0.0830391365932535 -0.10037709588194972 -0.9914781593238213
vn -0.1677762053168314 -0.20280660642694534 -0.9647386305725872
vn -0.06980376757679496 -0.10999309618164105 -0.9914781655813006
vn -0.14103490124384815 -0.22223540195999048 -0.9647386085084495
vn -0.05546754811608656 -0.11787449599648143 -0.9914781663251919
vn -0.11206930032831766 -0.23815940069771036 -0.9647386028262934
vn -0.04025656840760306 -0.12389699509910525 -0.9914781607808899
vn -0.08133631126701085 -0.25032740389945785 -0.9647386150281503
vn -0.024410729096746613 -0.12796549526498077 -0.9914781633130169
vn -0.049320601248302454 -0.2585476065438294 -0.9647386244174962
vn -0.008179909729017354 -0.1300158956928555 -0.9914781671544813
vn -0.016527080355700403 -0.26269040565369545 -0.964738620763372
vn 0.008179909729017354 -0.1300158956928555 -0.9914781671544813
vn 0.016527080355700403 -0.26269040565369545 -0.964738620763372
vn 0.024410729096746613 -0.12796549526498077 -0.9914781633130169
vn 0.049320601248302454 -0.2585476065438294 -0.9647386244174962
vn 0.04025656840760306 -0.12389699509910525 -0.9914781607808899
vn 0.08133631126701085 -0.25032740389945785 -0.9647386150281503
vn 0.05546754811608656 -0.11787449599648143 -0.9914781663251919
vn 0.11206930032831766 -0.23815940069771036 -0.9647386028262934
vn 0.06980376757679496 -0.10999309618164105 -0.9914781655813006
vn 0.14103490124384815 -0.22223540195999048 -0.9647386085084495
vn 0.0830391365932535 -0.10037709588194972 -0.9914781593238213
vn 0.1677762053168314 -0.20280660642694534 -0.9647386305725872
vn 0.09496492636888769 -0.08917800659015816 -0.9914781620894924
vn 0.19187170308806958 -0.1801795028998898 -0.9647386155269376
vn 0.10539309567802146 -0.07657254685989935 -0.9914781593412898
vn 0.21294120504414707 -0.15471080366478626 -0.9647386228527095
vn 0.1141590956603391 -0.06275949761425087 -0.9914781623098012
vn 0.23065250399357518 -0.12680230219548658 -0.9647386167037257
vn 0.12112479501171548 -0.047956688024998674 -0.9914781591679378
vn 0.24472630300063206 -0.0968940011880341 -0.964738611828829
vn 0.12618019576431158 -0.032397578912459465 -0.9914781667174982
vn 0.25494060307529953 -0.06545762078960249 -0.9647386116374566
vn 0.12821419532675943 -0.024458169108531345 -0.9914448638631248
vn 0.25423460961039607 -0.048497851833281126 -0.9659258365132422
vn 0.12924579441300613 -0.016327539294198386 -0.9914781571407146
vn 0.2611343053364397 -0.03298894067414902 -0.9647386197150255
vn 0.1302729950754047 0 -0.9914781625200243
vn 0.2632098045869573 0 -0.9647386168125001
vn 0.12924579441300613 0.016327539294198824 -0.9914781571407146
vn 0.4992119959367989 -0.06306513948669816 -0.8641817929662259
vn 0.6945819790471709 -0.13249859600303399 -0.7071067786693465
vn 0.8396743554065775 -0.21559171422598994 -0.49846483289159693
vn 0.8983036019266772 -0.35566360076282555 -0.25798070055331584
vn 0.921791023827644 -0.3649629094340322 -0.1307799033805678
vn 0.8976502091983833 -0.355404803641897 -0.26059840267039885
vn 0.8371372074350634 -0.2149403019089997 -0.50299300446735
vn 0.4914434938308048 -0.06208375922064911 -0.8686937890951012
vn 0.25348169559310285 0 -0.9673401831823413
vn 0.1079272976287434 0.22935709496082535 -0.9673401787466949
vn 0.15307139467575145 0.47110538361364557 -0.8686937697844161
vn 0.1318785960857141 0.6913319794805897 -0.7103999789146326
vn 0.05426925022332984 0.8625850035497262 -0.502993002069926
vn -0.06225124018546022 0.9894551029478058 -0.13077990038962206
vn -0.06062094013246028 0.9635422021053959 -0.26059840056942246
vn -0.060665069622919426 0.9642435940064764 -0.25798069839644916
vn 0.054433719579973956 0.8651992933238767 -0.49846479615370387
vn 0.13285850066109195 0.6964688034655663 -0.7051807035089157
vn 0.1554911023739029 0.47855230730612053 -0.8641818131935761
vn 0.09428647051078277 0.49426700267761736 -0.8641818046815749
vn 0.031594919928669946 0.5021867988662416 -0.8641817980489858
vn -0.031594919928669946 0.5021867988662416 -0.8641817980489858
vn -0.09428647051078277 0.49426700267761736 -0.8641818046815749
vn -0.1554911023739029 0.47855230730612053 -0.8641818131935761
vn -0.21424350094354447 0.45529060200513416 -0.8641818038059215
vn -0.26961719516323335 0.424848692378476 -0.8641817844971103
vn -0.32073880497782786 0.3877066060171603 -0.8641818134119982
vn -0.36680220409789227 0.3444502038481772 -0.8641818096545874
vn -0.40708090679202086 0.2957616049346924 -0.86418181441861
vn -0.4409397043381808 0.24240870238493578 -0.864181808502244
vn -0.4678446913530208 0.18523279657641933 -0.8641817840276869
vn -0.487371397952141 0.1251356994741994 -0.8641817963688422
vn -0.4992119959367989 0.06306513948669855 -0.8641817929662259
vn -0.5031797015237968 0 -0.8641818026170321
vn -0.4992119959367989 -0.06306513948669816 -0.8641817929662259
vn -0.4911436076035526 -0.09369066145045514 -0.8660254134072186
vn -0.487371397952141 -0.125135699474199 -0.8641817963688422
vn -0.4678446913530208 -0.18523279657641895 -0.8641817840276869
vn -0.4409397043381809 -0.24240870238493545 -0.8641818085022442
vn -0.40708090679202086 -0.29576160493469206 -0.8641818144186102
vn -0.36680220409789227 -0.3444502038481769 -0.8641818096545876
vn -0.32073880497782775 -0.38770660601715984 -0.8641818134119982
vn -0.26961719516323335 -0.42484869237847567 -0.8641817844971105
vn -0.21424350094354447 -0.4552906020051338 -0.8641818038059217
vn -0.1554911023739029 -0.4785523073061202 -0.8641818131935763
vn -0.09428647051078277 -0.49426700267761703 -0.8641818046815751
vn -0.031594919928669946 -0.5021867988662412 -0.864181798048986
vn 0.031594919928669946 -0.5021867988662412 -0.864181798048986
vn 0.09428647051078277 -0.49426700267761703 -0.8641818046815751
vn 0.1554911023739029 -0.4785523073061202 -0.8641818131935763
vn 0.21424350094354447 -0.4552906020051338 -0.8641818038059217
vn 0.26961719516323335 -0.42484869237847567 -0.8641817844971105
vn 0.32073880497782775 -0.38770660601715984 -0.8641818134119982
vn 0.36680220409789227 -0.3444502038481769 -0.8641818096545876
vn 0.40708090679202086 -0.29576160493469206 -0.8641818144186102
vn 0.4409397043381809 -0.24240870238493545 -0.8641818085022442
vn 0.4678446913530208 -0.18523279657641895 -0.8641817840276869
vn 0.487371397952141 -0.125135699474199 -0.8641817963688422
vn 0.4911436076035526 -0.09369066145045514 -0.8660254134072186
vn 0.686752264017005 -0.17632799076113811 -0.7051806630514326
vn 0.806032493791966 -0.31913079754206564 -0.4984647961608416
vn 0.846643750503561 -0.4654463727891005 -0.25798068491794796
vn 0.868780465942299 -0.4776160812766212 -0.13077989487320144
vn 0.8460279003038044 -0.46510780016701786 -0.2605984000935797
vn 0.8035969926952028 -0.31816649710782663 -0.5029929954277309
vn 0.6816870699844123 -0.17502749229330672 -0.7103999687201452
vn 0.2514828969701652 -0.03176967961724262 -0.9673401883456051
vn 0.07833014908274523 0.24107539717698048 -0.9673401886723386
vn 0.09281923783393004 0.48657548864506367 -0.8686937797277853
vn 0.044191849009775956 0.7024093842608383 -0.7103999840817897
vn -0.05426925022332984 0.8625850035497262 -0.502993002069926
vn -0.18577200010322886 0.9738508005411446 -0.1307799000726709
vn -0.18090679365918444 0.9483465667602828 -0.2605983908659794
vn -0.18103849840538125 0.9490368916407173 -0.2579806977276607
vn -0.054433719579973956 0.8651992933238767 -0.49846479615370387
vn 0.044520217658697424 0.7076285627860631 -0.7051806629147971
vn -0.044520217658697424 0.7076285627860631 -0.7051806629147971
vn -0.13285850066109195 0.6964688034655663 -0.7051807035089157
vn -0.2191015916894538 0.6743253744227684 -0.7051806732524235
vn -0.30188929463335334 0.6415473885952957 -0.7051806874640947
vn -0.3799159840279335 0.5986518748320473 -0.7051806703534648
vn -0.4519512785379145 0.5463151740567989 -0.7051806665126563
vn -0.5168589026397172 0.4853628024788596 -0.7051807036015199
vn -0.5736153970442603 0.41675599785252954 -0.7051806963663273
vn -0.6213256729363372 0.3415766851216254 -0.7051806692837868
vn -0.6592372609487537 0.2610104845385186 -0.7051806582272039
vn -0.6867522640170047 0.1763279907611384 -0.7051806630514325
vn -0.7034367678231489 0.08886472593511872 -0.7051806677433788
vn -0.7090276648961193 0 -0.7051806650865838
vn -0.7034367678231489 -0.08886472593511842 -0.7051806677433788
vn -0.6945819790471709 -0.13249859600303399 -0.7071067786693465
vn -0.686752264017005 -0.17632799076113811 -0.7051806630514326
vn -0.6592372609487537 -0.2610104845385183 -0.7051806582272041
vn -0.6213256729363372 -0.3415766851216251 -0.705180669283787
vn -0.5736153970442602 -0.4167559978525291 -0.7051806963663273
vn -0.5168589026397173 -0.4853628024788594 -0.7051807036015203
vn -0.4519512785379144 -0.5463151740567985 -0.7051806665126563
vn -0.3799159840279335 -0.5986518748320471 -0.705180670353465
vn -0.30188929463335334 -0.6415473885952955 -0.7051806874640949
vn -0.2191015916894538 -0.6743253744227682 -0.7051806732524237
vn -0.13285850066109195 -0.696468803465566 -0.7051807035089159
vn -0.044520217658697424 -0.7076285627860629 -0.7051806629147973
vn 0.044520217658697424 -0.7076285627860629 -0.7051806629147973
vn 0.13285850066109195 -0.696468803465566 -0.7051807035089159
vn 0.2191015916894538 -0.6743253744227682 -0.7051806732524237
vn 0.30188929463335334 -0.6415473885952955 -0.7051806874640949
vn 0.3799159840279335 -0.5986518748320471 -0.705180670353465
vn 0.4519512785379144 -0.5463151740567985 -0.7051806665126563
vn 0.5168589026397173 -0.4853628024788594 -0.7051807036015203
vn 0.5736153970442602 -0.4167559978525291 -0.7051806963663273
vn 0.6213256729363372 -0.3415766851216251 -0.705180669283787
vn 0.6592372609487537 -0.2610104845385183 -0.7051806582272041
vn 0.7596789563251638 -0.41763703096502003 -0.49846483695786675
vn 0.7816317994101925 -0.5678887995714795 -0.2579806998053318
vn 0.80206870283423 -0.5827370020591885 -0.13077990046213053
vn 0.7810632707960683 -0.5674756787821017 -0.2605983902562343
vn 0.7573835196839208 -0.4163751108213269 -0.5029930130724719
vn 0.6543749852379025 -0.25908539415527176 -0.7103999839740301
vn 0.4797871862452596 -0.12318839646838316 -0.8686937750959223
vn 0.04749772968275238 0.24899179833693008 -0.9673401935389253
vn 0.03110324838920305 0.4943720743971107 -0.8686937550114753
vn -0.044191849009775956 0.7024093842608383 -0.7103999840817897
vn -0.16195190297142395 0.8489815155767483 -0.5029930092286995
vn -0.30636299750468876 0.9428882923202222 -0.13077989893480407
vn -0.29833961232191397 0.918194937922953 -0.26059841076314044
vn -0.2985568047044163 0.918863314478704 -0.25798070406505075
vn -0.1624426980179156 0.8515545896095482 -0.4984647939178595
vn -0.2678899106554366 0.8244803327940605 -0.4984648198266527
vn -0.3691123188870017 0.7844035401369185 -0.49846482550580257
vn -0.46451361854746254 0.7319562292261199 -0.4984648199030924
vn -0.5525891934852386 0.6679655921250064 -0.4984647941233391
vn -0.631950115752766 0.5934407147928336 -0.49846481242534707
vn -0.7013448789832682 0.5095568847304505 -0.4984647850628398
vn -0.7596789563251638 0.41763703096502025 -0.49846483695786653
vn -0.806032493791966 0.31913079754206586 -0.4984647961608415
vn -0.8396743554065775 0.21559171422599016 -0.4984648328915968
vn -0.8600740992187904 0.10865259990131042 -0.49846479954724193
vn -0.866909929666937 0 -0.49846481705820156
vn -0.8600740992187904 -0.1086525999013102 -0.49846479954724193
vn -0.8506857064169393 -0.16227700122409672 -0.5000000037716276
vn -0.8396743554065775 -0.21559171422598994 -0.49846483289159693
vn -0.806032493791966 -0.31913079754206564 -0.4984647961608416
vn -0.7596789563251638 -0.41763703096502003 -0.49846483695786675
vn -0.7013448789832682 -0.5095568847304502 -0.49846478506284003
vn -0.631950115752766 -0.5934407147928333 -0.4984648124253473
vn -0.5525891934852386 -0.6679655921250062 -0.49846479412333944
vn -0.46451361854746254 -0.7319562292261197 -0.4984648199030927
vn -0.3691123188870017 -0.7844035401369183 -0.4984648255058029
vn -0.2678899106554366 -0.8244803327940603 -0.498464819826653
vn -0.1624426980179156 -0.851554589609548 -0.49846479391785986
vn -0.054433719579973956 -0.8651992933238765 -0.4984647961537042
vn 0.054433719579973956 -0.8651992933238765 -0.4984647961537042
vn 0.1624426980179156 -0.851554589609548 -0.49846479391785986
vn 0.2678899106554366 -0.8244803327940603 -0.498464819826653
vn 0.3691123188870017 -0.7844035401369183 -0.4984648255058029
vn 0.46451361854746254 -0.7319562292261197 -0.4984648199030927
vn 0.5525891934852386 -0.6679655921250062 -0.49846479412333944
vn 0.631950115752766 -0.5934407147928333 -0.4984648124253473
vn 0.7013448789832682 -0.5095568847304502 -0.49846478506284003
vn 0.7042931114605604 -0.6613752107621818 -0.25798070419797314
vn 0.722707825590474 -0.6786678240310546 -0.13077990463080616
vn 0.7037808169097384 -0.6608941158792998 -0.26059840626139685
vn 0.6992256954252005 -0.5080171966762136 -0.5029929967090855
vn 0.6167430593281493 -0.33905737764045996 -0.7103999531518348
vn 0.460564294357392 -0.18235029776593334 -0.8686937893571894
vn 0.24551809619289344 -0.06303832902250103 -0.9673401850000175
vn 0.01591624977007105 0.25298149634538497 -0.9673401860256331
vn -0.03110324838920305 0.4943720743971107 -0.8686937550114753
vn -0.1318785960857141 0.6913319794805897 -0.7103999789146326
vn -0.26708040285349105 0.8219891087821442 -0.5029930053739847
vn -0.42212248417566894 0.8970558663715876 -0.13077989509738402
vn -0.4110675038676005 0.8735628082190685 -0.2605984024518855
vn -0.4113667060629138 0.8741987128843474 -0.2579807038022394
vn -0.5176890923414241 0.8157474879320153 -0.2579806961834915
vn -0.6158472232093454 0.7444314280552797 -0.2579807097224816
vn -0.7042931114605604 0.661375210762182 -0.2579807041979728
vn -0.7816317994101923 0.5678887995714796 -0.2579806998053315
vn -0.846643750503561 0.4654463727891006 -0.25798068491794773
vn -0.898303601926677 0.3556636007628256 -0.2579807005533157
vn -0.9357966797967957 0.24027179481269786 -0.25798069443037486
vn -0.9585316908441676 0.12109069884334957 -0.2579806975357852
vn -0.9661500723185931 0 -0.2579806926085308
vn -0.9585316908441676 -0.12109069884334946 -0.2579806975357852
vn -0.9488166245701715 -0.1809965046870122 -0.25881900670227237
vn -0.9357966797967957 -0.24027179481269775 -0.25798069443037497
vn -0.8983036019266772 -0.35566360076282555 -0.25798070055331584
vn -0.846643750503561 -0.4654463727891005 -0.25798068491794796
vn -0.7816317994101925 -0.5678887995714795 -0.2579806998053318
vn -0.7042931114605604 -0.6613752107621818 -0.25798070419797314
vn -0.6158472232093455 -0.7444314280552797 -0.257980709722482
vn -0.5176890923414241 -0.8157474879320151 -0.25798069618349184
vn -0.4113667060629138 -0.8741987128843471 -0.25798070380223975
vn -0.29855680470441637 -0.918863314478704 -0.25798070406505125
vn -0.18103849840538125 -0.949036891640717 -0.25798069772766113
vn -0.06066506962291944 -0.9642435940064764 -0.25798069839644966
vn 0.06066506962291944 -0.9642435940064764 -0.25798069839644966
vn 0.18103849840538125 -0.949036891640717 -0.25798069772766113
vn 0.29855680470441637 -0.918863314478704 -0.25798070406505125
vn 0.4113667060629138 -0.8741987128843471 -0.25798070380223975
vn 0.5176890923414241 -0.8157474879320151 -0.25798069618349184
vn 0.6158472232093455 -0.7444314280552797 -0.257980709722482
vn 0.6319494271410498 -0.7638956328078934 -0.13077990561675332
vn 0.6153992975860778 -0.7438898970820695 -0.2605983989777952
vn 0.6300406378170531 -0.5916475355125763 -0.5029930301912497
vn 0.5693846831487958 -0.4136821877568833 -0.7103999789753828
vn 0.43407807955702826 -0.23863648876137883 -0.868693759088738
vn 0.23568129741359353 -0.093312828975969 -0.9673401893842449
vn -0.01591624977007105 0.25298149634538497 -0.9673401860256331
vn -0.09281923783393004 0.48657548864506367 -0.8686937797277853
vn -0.21748558779460367 0.66935186243565 -0.7103999601320108
vn -0.36799700206564817 0.7820334043897257 -0.5029930028234102
vn -0.531224781456003 0.8370763707793344 -0.13077989543473464
vn -0.517312511513923 0.8151541181430404 -0.2605984058001881
vn -0.6319494271410498 0.7638956328078934 -0.13077990561675298
vn -0.722707825590474 0.6786678240310546 -0.13077990463080588
vn -0.8020687028342303 0.5827370020591887 -0.13077990046213028
vn -0.868780465942299 0.4776160812766213 -0.1307798948732012
vn -0.921791023827644 0.3649629094340323 -0.13077990338056764
vn -0.9602644119709588 0.24655400307361994 -0.13077990163034342
vn -0.9835938534231633 0.12425679411597748 -0.13077989380708432
vn -0.9914114266223862 0 -0.13077990351183474
vn -0.9835938534231633 -0.12425679411597743 -0.13077989380708438
vn -0.9738836512113614 -0.18577820976908796 -0.13052620686367905
vn -0.9602644119709588 -0.24655400307361988 -0.13077990163034353
vn -0.921791023827644 -0.3649629094340322 -0.1307799033805678
vn -0.868780465942299 -0.4776160812766212 -0.13077989487320144
vn -0.80206870283423 -0.5827370020591885 -0.13077990046213053
vn -0.722707825590474 -0.6786678240310546 -0.13077990463080616
vn -0.6319494271410498 -0.7638956328078934 -0.13077990561675332
vn -0.531224781456003 -0.8370763707793344 -0.13077989543473503
vn -0.4221224841756689 -0.8970558663715874 -0.13077989509738439
vn -0.3063629975046887 -0.942888292320222 -0.1307798989348045
vn -0.18577200010322886 -0.9738508005411446 -0.13077990007267135
vn -0.06225124018546022 -0.9894551029478058 -0.1307799003896225
vn 0.06225124018546022 -0.9894551029478058 -0.1307799003896225
vn 0.18577200010322886 -0.9738508005411446 -0.13077990007267135
vn 0.3063629975046887 -0.942888292320222 -0.1307798989348045
vn 0.4221224841756689 -0.8970558663715874 -0.13077989509738439
vn 0.531224781456003 -0.8370763707793344 -0.13077989543473503
vn 0.517312511513923 -0.8151541181430402 -0.26059840580018845
vn 0.5509194834981603 -0.6659472800527017 -0.5029929849337157
vn 0.5130467902317841 -0.48178299082703485 -0.7103999864742544
vn 0.40074618868178763 -0.2911590917768388 -0.8686937754656167
vn 0.22212769757549622 -0.12211569866711794 -0.967340189441569
vn -0.04749772968275238 0.24899179833693008 -0.9673401935389253
vn -0.15307139467575145 0.47110538361364557 -0.8686937697844161
vn -0.2996626996741692 0.6368155993075746 -0.7103999992275641
vn -0.46310999736533026 0.7297445958484248 -0.5029929971384326
vn -0.6153992975860777 0.7438898970820697 -0.2605983989777948
vn -0.9822872551433722 -0.18738129144314172 0
vn 0.41106750386760055 -0.8735628082190685 -0.26059840245188587
vn 0.46310999736533026 -0.7297445958484245 -0.5029929971384328
vn 0.4486178845042787 -0.5422857812688935 -0.7103999754620572
vn 0.36109428057873605 -0.33909008176222005 -0.8686937532777683
vn 0.20507099671590287 -0.14899279761396358 -0.9673401845085888
vn -0.07833014908274523 0.24107539717698048 -0.9673401886723386
vn -0.21090959605578394 0.4482055916181165 -0.8686937837545751
vn -0.3771138865171493 0.5942364787544241 -0.7103999746012619
vn -0.5509194834981601 0.6659472800527017 -0.5029929849337154
vn -0.7037808169097384 0.6608941158793 -0.2605984062613965
vn -0.7810632707960683 0.5674756787821019 -0.2605983902562341
vn -0.8460279003038044 0.46510780016701797 -0.2605984000935795
vn -0.8976502091983833 0.35540480364189714 -0.26059840267039874
vn -0.9351159864653369 0.24009699652488897 -0.2605983962281561
vn -0.95783445119018 0.12100260646682237 -0.2605984139273334
vn -0.965447292681982 0 -0.2605983980246837
vn -0.9578344511901802 -0.12100260646682229 -0.26059841392733346
vn -0.9351159864653369 -0.24009699652488886 -0.2605983962281562
vn -0.8976502091983833 -0.355404803641897 -0.26059840267039885
vn -0.8460279003038044 -0.46510780016701786 -0.2605984000935797
vn -0.7810632707960683 -0.5674756787821017 -0.2605983902562343
vn -0.7037808169097384 -0.6608941158792998 -0.26059840626139685
vn -0.6153992975860778 -0.7438898970820695 -0.2605983989777952
vn -0.517312511513923 -0.8151541181430402 -0.26059840580018845
vn -0.41106750386760055 -0.8735628082190685 -0.26059840245188587
vn -0.298339612321914 -0.918194937922953 -0.26059841076314094
vn -0.18090679365918444 -0.9483465667602826 -0.26059839086597986
vn -0.06062094013246029 -0.9635422021053959 -0.26059840056942296
vn 0.06062094013246029 -0.9635422021053959 -0.26059840056942296
vn 0.18090679365918444 -0.9483465667602826 -0.26059839086597986
vn 0.298339612321914 -0.918194937922953 -0.26059841076314094
vn 0.36799700206564817 -0.7820334043897255 -0.5029930028234106
vn 0.3771138865171493 -0.5942364787544239 -0.7103999746012621
vn 0.31574768224214717 -0.3816733785344434 -0.8686937511441045
vn 0.18478019587421676 -0.1735201961256305 -0.9673401784011707
vn -0.1079272976287434 0.22935709496082535 -0.9673401787466949
vn -0.26542149819786104 0.4182373971602833 -0.868693794101808
vn -0.4486178845042787 0.5422857812688937 -0.710399975462057
vn -0.6300406378170531 0.5916475355125765 -0.5029930301912495
vn -0.6992256954252005 0.5080171966762138 -0.5029929967090853
vn -0.7573835196839208 0.4163751108213271 -0.5029930130724717
vn -0.803596992695203 0.31816649710782696 -0.5029929954277308
vn -0.8371372074350634 0.21494030190899993 -0.50299300446735
vn -0.8574752990869688 0.10832429988465747 -0.5029929994644181
vn -0.8642904885744039 0 -0.5029929933506213
vn -0.8574752990869688 -0.10832429988465725 -0.5029929994644181
vn -0.8371372074350634 -0.2149403019089997 -0.50299300446735
vn -0.8035969926952028 -0.31816649710782663 -0.5029929954277309
vn -0.7573835196839208 -0.4163751108213269 -0.5029930130724719
vn -0.6992256954252005 -0.5080171966762136 -0.5029929967090855
vn -0.6300406378170531 -0.5916475355125763 -0.5029930301912497
vn -0.5509194834981603 -0.6659472800527017 -0.5029929849337157
vn -0.46310999736533026 -0.7297445958484245 -0.5029929971384328
vn -0.36799700206564817 -0.7820334043897255 -0.5029930028234106
vn -0.26708040285349105 -0.8219891087821439 -0.5029930053739852
vn -0.16195190297142392 -0.8489815155767478 -0.5029930092286998
vn -0.05426925022332984 -0.862585003549726 -0.5029930020699265
vn 0.05426925022332984 -0.862585003549726 -0.5029930020699265
vn 0.16195190297142392 -0.8489815155767478 -0.5029930092286998
vn 0.26708040285349105 -0.8219891087821439 -0.5029930053739852
vn 0.2996626996741692 -0.6368155993075744 -0.7103999992275644
vn 0.265421498197861 -0.4182373971602829 -0.868693794101808
vn 0.16157529783269928 -0.19531099738018307 -0.9673401870245196
vn -0.13582229675491878 0.21402169488657038 -0.9673401768882022
vn -0.3157476822421472 0.38167337853444383 -0.8686937511441044
vn -0.5130467902317841 0.4817829908270352 -0.7103999864742542
vn -0.5693846831487958 0.41368218775688365 -0.7103999789753825
vn -0.6167430593281494 0.3390573776404604 -0.7103999531518348
vn -0.6543749852379026 0.25908539415527215 -0.71039998397403
vn -0.6816870699844123 0.17502749229330705 -0.7103999687201452
vn -0.6982484970817613 0.08820929963134086 -0.7103999970309756
vn -0.7037981766609127 0 -0.7103999764419864
vn -0.6982484970817613 -0.08820929963134055 -0.7103999970309756
vn -0.6816870699844123 -0.17502749229330672 -0.7103999687201452
vn -0.6543749852379025 -0.25908539415527176 -0.7103999839740301
vn -0.6167430593281493 -0.33905737764045996 -0.7103999531518348
vn -0.5693846831487958 -0.4136821877568833 -0.7103999789753828
vn -0.5130467902317841 -0.48178299082703485 -0.7103999864742544
vn -0.4486178845042787 -0.5422857812688935 -0.7103999754620572
vn -0.3771138865171493 -0.5942364787544239 -0.7103999746012621
vn -0.2996626996741692 -0.6368155993075744 -0.7103999992275644
vn -0.21748558779460367 -0.6693518624356498 -0.710399960132011
vn -0.1318785960857141 -0.6913319794805894 -0.7103999789146328
vn -0.044191849009775956 -0.7024093842608381 -0.71039998408179
vn 0.044191849009775956 -0.7024093842608381 -0.71039998408179
vn 0.1318785960857141 -0.6913319794805894 -0.7103999789146328
vn 0.21748558779460367 -0.6693518624356498 -0.710399960132011
vn 0.21090959605578388 -0.4482055916181161 -0.8686937837545751
vn 0.1358222967549188 -0.21402169488657 -0.9673401768882024
vn -0.16157529783269928 0.1953109973801835 -0.9673401870245196
vn -0.36109428057873605 0.3390900817622204 -0.8686937532777681
vn -0.4007461886817877 0.2911590917768392 -0.8686937754656167
vn -0.43407807955702826 0.23863648876137922 -0.868693759088738
vn -0.4605642943573919 0.18235029776593367 -0.8686937893571892
vn -0.4797871862452596 0.12318839646838355 -0.8686937750959223
vn -0.4914434938308047 0.06208375922064949 -0.8686937890951011
vn -0.49534948877818197 0 -0.8686937803203117
vn -0.4914434938308048 -0.06208375922064911 -0.8686937890951012
vn -0.4797871862452596 -0.12318839646838316 -0.8686937750959223
vn -0.460564294357392 -0.18235029776593334 -0.8686937893571894
vn -0.43407807955702826 -0.23863648876137883 -0.868693759088738
vn -0.40074618868178763 -0.2911590917768388 -0.8686937754656167
vn -0.36109428057873605 -0.33909008176222005 -0.8686937532777683
vn -0.31574768224214717 -0.3816733785344434 -0.8686937511441045
vn -0.265421498197861 -0.4182373971602829 -0.868693794101808
vn -0.21090959605578388 -0.4482055916181161 -0.8686937837545751
vn -0.15307139467575145 -0.47110538361364523 -0.8686937697844164
vn -0.09281923783393004 -0.48657548864506334 -0.8686937797277855
vn -0.03110324838920305 -0.49437207439711034 -0.8686937550114755
vn 0.03110324838920305 -0.49437207439711034 -0.8686937550114755
vn 0.09281923783393004 -0.48657548864506334 -0.8686937797277855
vn 0.15307139467575145 -0.47110538361364523 -0.8686937697844164
vn 0.1079272976287434 -0.2293570949608249 -0.9673401787466949
vn -0.18478019587421673 0.1735201961256309 -0.9673401784011706
vn -0.20507099671590287 0.14899279761396403 -0.9673401845085888
vn -0.22212769757549616 0.12211569866711833 -0.9673401894415687
vn -0.23568129741359353 0.09331282897596942 -0.9673401893842449
vn -0.24551809619289344 0.06303832902250145 -0.9673401850000175
vn -0.2514828969701652 0.03176967961724305 -0.9673401883456051
vn -0.25348169559310285 0 -0.9673401831823413
vn -0.2514828969701652 -0.03176967961724262 -0.9673401883456051
vn -0.24551809619289344 -0.06303832902250103 -0.9673401850000175
vn -0.23568129741359353 -0.093312828975969 -0.9673401893842449
vn -0.22212769757549622 -0.12211569866711794 -0.967340189441569
vn -0.20507099671590287 -0.14899279761396358 -0.9673401845085888
vn -0.18478019587421676 -0.1735201961256305 -0.9673401784011707
vn -0.16157529783269928 -0.19531099738018307 -0.9673401870245196
vn -0.1358222967549188 -0.21402169488657 -0.9673401768882024
vn -0.1079272976287434 -0.2293570949608249 -0.9673401787466949
vn -0.07833014908274526 -0.2410753971769801 -0.9673401886723388
vn -0.04749772968275239 -0.2489917983369297 -0.9673401935389255
vn -0.01591624977007105 -0.2529814963453845 -0.9673401860256333
vn 0.01591624977007105 -0.2529814963453845 -0.9673401860256333
vn 0.04749772968275239 -0.2489917983369297 -0.9673401935389255
vn 0.07833014908274526 -0.2410753971769801 -0.9673401886723388
usemtl material_0_0
f 1/1/1 2/2/2 3/3/1
f 2/2/2 1/1/1 4/4/2
f 2/5/2 9/6/3 10/7/3
f 9/6/3 2/5/2 4/8/2
f 13/9/4 14/10/5 15/11/6
f 14/10/5 13/9/4 16/12/7
f 21/13/8 3/14/1 22/15/8
f 3/14/1 21/13/8 1/16/1
f 25/17/9 26/18/7 27/19/4
f 26/18/7 25/17/9 28/20/10
f 9/21/3 33/22/11 10/23/3
f 33/22/11 9/21/3 34/24/11
f 14/25/5 37/26/12 38/27/13
f 37/26/12 14/25/5 16/28/7
f 26/29/7 41/30/14 42/31/12
f 41/30/14 26/29/7 28/32/10
f 15/33/6 45/34/15 46/35/16
f 45/34/15 15/33/6 14/36/5
f 49/37/17 15/38/6 50/39/18
f 15/38/6 49/37/17 13/40/4
f 21/41/8 53/42/19 54/43/19
f 53/42/19 21/41/8 22/44/8
f 57/45/20 27/46/4 58/47/17
f 27/46/4 57/45/20 25/48/9
f 61/49/21 28/50/10 25/51/9
f 28/50/10 61/49/21 62/52/22
f 41/53/14 65/54/23 42/55/12
f 65/54/23 41/53/14 66/56/24
f 34/57/11 69/58/25 33/59/11
f 69/58/25 34/57/11 70/60/25
f 37/61/12 73/62/26 38/63/13
f 73/62/26 37/61/12 74/64/23
f 45/65/15 38/66/13 77/67/27
f 38/66/13 45/65/15 14/68/5
f 28/69/10 79/70/28 41/71/14
f 79/70/28 28/69/10 62/72/22
f 46/73/16 81/74/29 82/75/30
f 81/74/29 46/73/16 45/76/15
f 50/77/18 46/78/16 85/79/31
f 46/78/16 50/77/18 15/80/6
f 49/81/17 87/82/32 88/83/33
f 87/82/32 49/81/17 50/84/18
f 54/85/19 91/86/34 92/87/34
f 91/86/34 54/85/19 53/88/19
f 57/89/20 95/90/33 96/91/35
f 95/90/33 57/89/20 58/92/17
f 99/93/36 25/94/9 57/95/20
f 25/94/9 99/93/36 61/96/21
f 101/97/37 62/98/22 61/99/21
f 62/98/22 101/97/37 102/100/38
f 79/101/28 66/102/24 41/103/14
f 66/102/24 79/101/28 105/104/39
f 66/105/24 107/106/40 65/107/23
f 107/106/40 66/105/24 108/108/41
f 70/109/25 111/110/42 69/111/25
f 111/110/42 70/109/25 112/112/42
f 74/113/23 115/114/43 73/115/26
f 115/114/43 74/113/23 116/116/40
f 38/117/13 119/118/44 77/119/27
f 119/118/44 38/117/13 73/120/26
f 81/121/29 77/122/27 121/123/45
f 77/122/27 81/121/29 45/124/15
f 62/125/22 123/126/46 79/127/28
f 123/126/46 62/125/22 102/128/38
f 125/129/47 82/130/30 81/131/29
f 82/130/30 125/129/47 126/132/48
f 85/133/31 82/134/30 129/135/49
f 82/134/30 85/133/31 46/136/16
f 50/137/18 131/138/50 87/139/32
f 131/138/50 50/137/18 85/140/31
f 88/141/33 133/142/51 134/143/52
f 133/142/51 88/141/33 87/144/32
f 92/145/34 137/146/53 138/147/53
f 137/146/53 92/145/34 91/148/34
f 96/149/35 141/150/52 142/151/54
f 141/150/52 96/149/35 95/152/33
f 99/153/36 96/154/35 145/155/55
f 96/154/35 99/153/36 57/156/20
f 147/157/56 61/158/21 99/159/36
f 61/158/21 147/157/56 101/160/37
f 102/161/38 149/162/57 150/163/58
f 149/162/57 102/161/38 101/164/37
f 123/165/46 105/166/39 79/167/28
f 105/166/39 123/165/46 153/168/59
f 105/169/39 108/170/41 66/171/24
f 108/170/41 105/169/39 155/172/60
f 108/173/41 157/174/61 107/175/40
f 157/174/61 108/173/41 158/176/62
f 112/177/42 161/178/63 111/179/42
f 161/178/63 112/177/42 162/180/63
f 116/181/40 165/182/64 115/183/43
f 165/182/64 116/181/40 166/184/61
f 73/185/26 169/186/65 119/187/44
f 169/186/65 73/185/26 115/188/43
f 77/189/27 171/190/66 121/191/45
f 171/190/66 77/189/27 119/192/44
f 173/193/67 81/194/29 121/195/45
f 81/194/29 173/193/67 125/196/47
f 123/197/46 150/198/58 175/199/68
f 150/198/58 123/197/46 102/200/38
f 177/201/69 126/202/48 125/203/47
f 126/202/48 177/201/69 178/204/70
f 126/205/48 129/206/49 82/207/30
f 129/206/49 126/205/48 181/208/71
f 129/209/49 131/210/50 85/211/31
f 131/210/50 129/209/49 183/212/72
f 87/213/32 185/214/73 133/215/51
f 185/214/73 87/213/32 131/216/50
f 134/217/52 187/218/74 188/219/75
f 187/218/74 134/217/52 133/220/51
f 138/221/53 191/222/76 192/223/76
f 191/222/76 138/221/53 137/224/53
f 142/225/54 195/226/75 196/227/77
f 195/226/75 142/225/54 141/228/52
f 145/229/55 142/230/54 199/231/78
f 142/230/54 145/229/55 96/232/35
f 99/233/36 201/234/79 147/235/56
f 201/234/79 99/233/36 145/236/55
f 101/237/37 203/238/80 149/239/57
f 203/238/80 101/237/37 147/240/56
f 150/241/58 205/242/81 206/243/82
f 205/242/81 150/241/58 149/244/57
f 153/245/59 175/246/68 209/247/83
f 175/246/68 153/245/59 123/248/46
f 153/249/59 155/250/60 105/251/39
f 155/250/60 153/249/59 211/252/84
f 155/253/60 158/254/62 108/255/41
f 158/254/62 155/253/60 213/256/85
f 158/257/62 215/258/86 157/259/61
f 215/258/86 158/257/62 216/260/87
f 161/261/63 219/262/88 220/263/88
f 219/262/88 161/261/63 162/264/63
f 166/265/61 223/266/89 165/267/64
f 223/266/89 166/265/61 224/268/86
f 115/269/43 227/270/90 169/271/65
f 227/270/90 115/269/43 165/272/64
f 119/273/44 229/274/91 171/275/66
f 229/274/91 119/273/44 169/276/65
f 231/277/92 121/278/45 171/279/66
f 121/278/45 231/277/92 173/280/67
f 233/281/93 125/282/47 173/283/67
f 125/282/47 233/281/93 177/284/69
f 175/285/68 206/286/82 235/287/94
f 206/286/82 175/285/68 150/288/58
f 237/289/95 178/290/70 177/291/69
f 178/290/70 237/289/95 238/292/96
f 178/293/70 181/294/71 126/295/48
f 181/294/71 178/293/70 241/296/97
f 181/297/71 183/298/72 129/299/49
f 183/298/72 181/297/71 243/300/98
f 131/301/50 245/302/99 185/303/73
f 245/302/99 131/301/50 183/304/72
f 133/305/51 247/306/100 187/307/74
f 247/306/100 133/305/51 185/308/73
f 188/309/75 249/310/101 250/311/102
f 249/310/101 188/309/75 187/312/74
f 192/313/76 253/314/103 254/315/103
f 253/314/103 192/313/76 191/316/76
f 196/317/77 257/318/102 258/319/104
f 257/318/102 196/317/77 195/320/75
f 199/321/78 196/322/77 261/323/105
f 196/322/77 199/321/78 142/324/54
f 201/325/79 199/326/78 263/327/106
f 199/326/78 201/325/79 145/328/55
f 147/329/56 265/330/107 203/331/80
f 265/330/107 147/329/56 201/332/79
f 149/333/57 267/334/108 205/335/81
f 267/334/108 149/333/57 203/336/80
f 206/337/82 269/338/96 270/339/95
f 269/338/96 206/337/82 205/340/81
f 209/341/83 235/342/94 273/343/109
f 235/342/94 209/341/83 175/344/68
f 211/345/84 209/346/83 275/347/110
f 209/346/83 211/345/84 153/348/59
f 211/349/84 213/350/85 155/351/60
f 213/350/85 211/349/84 277/352/111
f 213/353/85 216/354/87 158/355/62
f 216/354/87 213/353/85 279/356/112
f 215/357/86 281/358/113 282/359/114
f 281/358/113 215/357/86 216/360/87
f 285/262/88 286/361/115 287/263/88
f 286/361/115 285/262/88 288/362/115
f 223/363/89 293/364/114 294/365/113
f 293/364/114 223/363/89 224/366/86
f 165/367/64 297/368/116 227/369/90
f 297/368/116 165/367/64 223/370/89
f 169/371/65 299/372/117 229/373/91
f 299/372/117 169/371/65 227/374/90
f 301/375/118 171/376/66 229/377/91
f 171/376/66 301/375/118 231/378/92
f 303/379/119 173/380/67 231/381/92
f 173/380/67 303/379/119 233/382/93
f 305/383/120 177/384/69 233/385/93
f 177/384/69 305/383/120 237/386/95
f 235/387/94 270/388/95 307/389/120
f 270/388/95 235/387/94 206/390/82
f 238/391/96 241/392/97 178/393/70
f 241/392/97 238/391/96 309/394/121
f 241/395/97 243/396/98 181/397/71
f 243/396/98 241/395/97 311/398/122
f 243/399/98 245/400/99 183/401/72
f 245/400/99 243/399/98 313/402/123
f 185/403/73 315/404/124 247/405/100
f 315/404/124 185/403/73 245/406/99
f 187/407/74 317/408/125 249/409/101
f 317/408/125 187/407/74 247/410/100
f 250/411/102 319/412/126 320/413/127
f 319/412/126 250/411/102 249/414/101
f 254/415/103 323/416/128 324/417/128
f 323/416/128 254/415/103 253/418/103
f 258/419/104 327/420/127 328/421/129
f 327/420/127 258/419/104 257/422/102
f 261/423/105 258/424/104 331/425/130
f 258/424/104 261/423/105 196/426/77
f 263/427/106 261/428/105 333/429/131
f 261/428/105 263/427/106 199/430/78
f 201/431/79 335/432/132 265/433/107
f 335/432/132 201/431/79 263/434/106
f 203/435/80 337/436/133 267/437/108
f 337/436/133 203/435/80 265/438/107
f 205/439/81 339/440/121 269/441/96
f 339/440/121 205/439/81 267/442/108
f 341/443/134 342/444/134 343/445/134
f 342/444/134 341/443/134 344/446/134
f 342/444/134 344/446/134 345/447/134
f 345/447/134 344/446/134 346/448/134
f 345/447/134 346/448/134 347/449/134
f 347/449/134 346/448/134 348/450/134
f 348/450/134 346/448/134 349/451/134
f 348/450/134 349/451/134 350/452/134
f 350/452/134 349/451/134 351/453/134
f 350/452/134 351/453/134 352/454/134
f 352/454/134 351/453/134 353/455/134
f 352/454/134 353/455/134 354/456/134
f 354/456/134 353/455/134 355/457/134
f 354/456/134 355/457/134 356/458/134
f 356/458/134 355/457/134 357/459/134
f 356/458/134 357/459/134 358/460/134
f 358/460/134 357/459/134 359/461/134
f 358/460/134 359/461/134 360/462/134
f 360/462/134 359/461/134 361/463/134
f 360/462/134 361/463/134 362/464/134
f 362/464/134 361/463/134 363/465/134
f 362/464/134 363/465/134 364/466/134
f 364/466/134 363/465/134 365/467/134
f 364/466/134 365/467/134 366/468/134
f 366/468/134 365/467/134 367/469/134
f 366/468/134 367/469/134 368/470/134
f 368/470/134 367/469/134 369/471/134
f 368/470/134 369/471/134 370/472/134
f 370/472/134 369/471/134 371/473/134
f 371/473/134 369/471/134 372/474/134
f 371/473/134 372/474/134 373/475/134
f 373/475/134 372/474/134 374/476/134
f 373/475/134 374/476/134 375/477/134
f 375/477/134 374/476/134 376/478/134
f 375/477/134 376/478/134 377/479/134
f 377/479/134 376/478/134 378/480/134
f 377/479/134 378/480/134 379/481/134
f 379/481/134 378/480/134 380/482/134
f 379/481/134 380/482/134 381/483/134
f 381/483/134 380/482/134 382/484/134
f 381/483/134 382/484/134 383/485/134
f 383/485/134 382/484/134 384/486/134
f 383/485/134 384/486/134 385/487/134
f 385/487/134 384/486/134 386/488/134
f 385/487/134 386/488/134 387/489/134
f 387/489/134 386/488/134 388/490/134
f 387/489/134 388/490/134 389/491/134
f 389/491/134 388/490/134 390/492/134
f 390/492/134 388/490/134 391/493/134
f 390/492/134 391/493/134 392/494/134
f 393/495/134 394/496/134 395/497/134
f 394/496/134 393/495/134 341/443/134
f 394/496/134 341/443/134 396/498/134
f 396/498/134 341/443/134 343/445/134
f 396/498/134 343/445/134 397/499/134
f 396/498/134 397/499/134 398/500/134
f 398/500/134 397/499/134 399/501/134
f 398/500/134 399/501/134 400/502/134
f 398/500/134 400/502/134 401/503/134
f 401/503/134 400/502/134 402/504/134
f 401/503/134 402/504/134 403/505/134
f 403/505/134 402/504/134 404/506/134
f 403/505/134 404/506/134 405/507/134
f 405/507/134 404/506/134 406/508/134
f 405/507/134 406/508/134 407/509/134
f 407/509/134 406/508/134 408/510/134
f 407/509/134 408/510/134 409/511/134
f 409/511/134 408/510/134 410/512/134
f 409/511/134 410/512/134 411/513/134
f 411/513/134 410/512/134 412/514/134
f 411/513/134 412/514/134 413/515/134
f 413/515/134 412/514/134 414/516/134
f 413/515/134 414/516/134 415/517/134
f 415/517/134 414/516/134 416/518/134
f 415/517/134 416/518/134 417/519/134
f 417/519/134 416/518/134 418/520/134
f 417/519/134 418/520/134 419/521/134
f 419/521/134 418/520/134 420/522/134
f 419/521/134 420/522/134 421/523/134
f 421/523/134 420/522/134 422/524/134
f 421/523/134 422/524/134 423/525/134
f 421/523/134 423/525/134 424/526/134
f 424/526/134 423/525/134 425/527/134
f 424/526/134 425/527/134 426/528/134
f 426/528/134 425/527/134 427/529/134
f 426/528/134 427/529/134 428/530/134
f 428/530/134 427/529/134 429/531/134
f 428/530/134 429/531/134 430/532/134
f 430/532/134 429/531/134 431/533/134
f 430/532/134 431/533/134 432/534/134
f 432/534/134 431/533/134 433/535/134
f 432/534/134 433/535/134 434/536/134
f 434/536/134 433/535/134 435/537/134
f 434/536/134 435/537/134 436/538/134
f 436/538/134 435/537/134 437/539/134
f 436/538/134 437/539/134 438/540/134
f 438/540/134 437/539/134 439/541/134
f 438/540/134 439/541/134 440/542/134
f 440/542/134 439/541/134 441/543/134
f 440/542/134 441/543/134 392/494/134
f 440/542/134 392/494/134 442/544/134
f 442/544/134 392/494/134 391/493/134
f 442/544/134 391/493/134 443/545/134
f 442/544/134 443/545/134 444/546/134
f 273/547/109 307/548/120 549/549/135
f 307/548/120 273/547/109 235/550/94
f 275/551/110 273/552/109 551/553/136
f 273/552/109 275/551/110 209/554/83
f 277/555/111 275/556/110 553/557/137
f 275/556/110 277/555/111 211/558/84
f 277/559/111 279/560/112 213/561/85
f 279/560/112 277/559/111 555/562/138
f 216/563/87 557/564/139 281/565/113
f 557/564/139 216/563/87 279/566/112
f 281/358/113 559/567/140 560/359/114
f 559/567/140 281/358/113 561/568/141
f 288/569/115 565/570/142 286/571/115
f 565/570/142 288/569/115 566/572/142
f 569/364/114 570/573/143 294/365/113
f 570/573/143 569/364/114 571/574/140
f 297/575/116 294/576/113 575/577/139
f 294/576/113 297/575/116 223/578/89
f 227/579/90 577/580/144 299/581/117
f 577/580/144 227/579/90 297/582/116
f 301/583/118 299/584/117 579/585/145
f 299/584/117 301/583/118 229/586/91
f 581/587/146 231/588/92 301/589/118
f 231/588/92 581/587/146 303/590/119
f 583/591/135 233/592/93 303/593/119
f 233/592/93 583/591/135 305/594/120
f 309/595/121 311/596/122 241/597/97
f 311/596/122 309/595/121 585/598/147
f 311/599/122 313/600/123 243/601/98
f 313/600/123 311/599/122 587/602/148
f 313/603/123 315/604/124 245/605/99
f 315/604/124 313/603/123 589/606/149
f 247/607/100 591/608/150 317/609/125
f 591/608/150 247/607/100 315/610/124
f 249/611/101 593/612/151 319/613/126
f 593/612/151 249/611/101 317/614/125
f 320/615/127 595/616/152 596/617/153
f 595/616/152 320/615/127 319/618/126
f 324/619/128 599/620/154 600/621/154
f 599/620/154 324/619/128 323/622/128
f 328/623/129 603/624/153 604/625/155
f 603/624/153 328/623/129 327/626/127
f 331/627/130 328/628/129 607/629/156
f 328/628/129 331/627/130 258/630/104
f 333/631/131 331/632/130 609/633/157
f 331/632/130 333/631/131 261/634/105
f 263/635/106 611/636/158 335/637/132
f 611/636/158 263/635/106 333/638/131
f 265/639/107 613/640/159 337/641/133
f 613/640/159 265/639/107 335/642/132
f 267/643/108 615/644/147 339/645/121
f 615/644/147 267/643/108 337/646/133
f 613/647/159 617/648/160 618/649/161
f 617/648/160 613/647/159 619/650/162
f 619/651/162 623/652/163 617/653/160
f 623/652/163 619/651/162 624/654/164
f 624/655/164 627/656/165 623/657/163
f 627/656/165 624/655/164 628/658/166
f 628/659/166 631/660/167 627/661/165
f 631/660/167 628/659/166 632/662/168
f 632/663/168 635/664/169 631/665/167
f 635/664/169 632/663/168 636/666/170
f 635/667/169 639/668/171 640/669/172
f 639/668/171 635/667/169 636/670/170
f 640/671/172 643/672/173 644/673/174
f 643/672/173 640/671/172 639/674/171
f 644/675/174 647/676/175 648/677/176
f 647/676/175 644/675/174 643/678/173
f 648/679/176 651/680/177 652/681/178
f 651/680/177 648/679/176 647/682/175
f 652/683/178 655/684/179 656/685/180
f 655/684/179 652/683/178 651/686/177
f 656/687/180 659/688/181 660/689/182
f 659/688/181 656/687/180 655/690/179
f 660/691/182 663/692/183 664/693/184
f 663/692/183 660/691/182 659/694/181
f 664/695/184 667/696/185 668/697/186
f 667/696/185 664/695/184 663/698/183
f 668/699/186 671/700/187 672/701/188
f 671/700/187 668/699/186 667/702/185
f 672/703/188 675/704/189 676/705/190
f 675/704/189 672/703/188 671/706/187
f 676/707/190 679/708/191 680/709/192
f 679/708/191 676/707/190 675/710/189
f 680/711/192 683/712/193 684/713/194
f 683/712/193 680/711/192 679/714/191
f 687/715/195 683/716/193 688/717/196
f 683/716/193 687/715/195 684/718/194
f 691/719/197 688/720/196 692/721/198
f 688/720/196 691/719/197 687/722/195
f 695/723/199 692/721/198 696/724/200
f 692/721/198 695/723/199 697/719/197
f 701/725/201 696/726/200 702/727/202
f 696/726/200 701/725/201 695/728/199
f 705/729/203 702/730/202 706/731/204
f 702/730/202 705/729/203 701/732/201
f 709/733/205 706/734/204 710/735/206
f 706/734/204 709/733/205 705/736/203
f 713/737/207 710/738/206 714/739/208
f 710/738/206 713/737/207 709/740/205
f 717/741/209 714/742/208 718/743/210
f 714/742/208 717/741/209 713/744/207
f 721/745/211 718/746/210 722/747/212
f 718/746/210 721/745/211 717/748/209
f 725/749/213 722/750/212 726/751/214
f 722/750/212 725/749/213 721/752/211
f 729/753/215 726/754/214 730/755/216
f 726/754/214 729/753/215 725/756/213
f 733/757/217 730/758/216 734/759/218
f 730/758/216 733/757/217 729/760/215
f 737/761/219 734/762/218 738/763/220
f 734/762/218 737/761/219 733/764/217
f 741/765/221 737/766/219 738/767/220
f 737/766/219 741/765/221 742/768/222
f 745/769/223 742/770/222 741/771/221
f 742/770/222 745/769/223 746/772/224
f 749/773/225 746/774/224 745/775/223
f 746/774/224 749/773/225 750/776/226
f 753/777/227 750/778/226 749/779/225
f 750/778/226 753/777/227 754/780/228
f 757/781/229 754/782/228 753/783/227
f 754/782/228 757/781/229 758/784/230
f 761/785/231 758/786/230 757/787/229
f 758/786/230 761/785/231 762/788/232
f 765/789/233 762/790/232 761/791/231
f 762/790/232 765/789/233 766/792/234
f 769/793/235 766/794/234 765/795/233
f 766/794/234 769/793/235 770/796/236
f 773/797/237 770/798/236 769/799/235
f 770/798/236 773/797/237 774/800/238
f 777/801/239 774/802/238 773/803/237
f 774/802/238 777/801/239 778/804/240
f 781/805/241 778/806/240 777/807/239
f 778/806/240 781/805/241 782/808/242
f 785/809/243 782/810/242 781/811/241
f 782/810/242 785/809/243 786/812/244
f 789/813/245 790/812/244 785/809/243
f 790/812/244 789/813/245 791/814/246
f 795/815/247 791/816/246 789/817/245
f 791/816/246 795/815/247 796/818/248
f 795/819/247 799/820/249 796/821/248
f 799/820/249 795/819/247 551/822/136
f 551/823/136 549/824/135 799/825/249
f 549/824/135 551/823/136 273/826/109
f 337/827/133 618/828/161 615/829/147
f 618/828/161 337/827/133 613/830/159
f 275/831/110 795/832/247 553/833/137
f 795/832/247 275/831/110 551/834/136
f 277/835/111 801/836/250 555/837/138
f 801/836/250 277/835/111 553/838/137
f 279/839/112 803/840/251 557/841/139
f 803/840/251 279/839/112 555/842/138
f 557/564/139 561/843/141 281/565/113
f 561/843/141 557/564/139 805/844/252
f 561/845/141 807/846/253 559/847/140
f 807/846/253 561/845/141 808/848/254
f 566/849/142 811/850/255 565/851/142
f 811/850/255 566/849/142 812/852/255
f 571/853/140 815/854/256 570/855/143
f 815/854/256 571/853/140 816/856/253
f 294/576/113 819/857/257 575/577/139
f 819/857/257 294/576/113 570/858/143
f 577/859/144 575/860/139 821/861/251
f 575/860/139 577/859/144 297/862/116
f 579/863/145 577/864/144 823/865/258
f 577/864/144 579/863/145 299/866/117
f 581/867/146 579/868/145 825/869/259
f 579/868/145 581/867/146 301/870/118
f 827/871/249 303/872/119 581/873/146
f 303/872/119 827/871/249 583/874/135
f 585/875/147 587/876/148 311/877/122
f 587/876/148 585/875/147 829/878/161
f 587/879/148 589/880/149 313/881/123
f 589/880/149 587/879/148 831/882/260
f 589/883/149 591/884/150 315/885/124
f 591/884/150 589/883/149 833/886/261
f 317/887/125 835/888/262 593/889/151
f 835/888/262 317/887/125 591/890/150
f 319/891/126 837/892/263 595/893/152
f 837/892/263 319/891/126 593/894/151
f 839/895/264 595/896/152 840/897/265
f 595/896/152 839/895/264 596/898/153
f 600/899/154 843/900/266 844/901/266
f 843/900/266 600/899/154 599/902/154
f 847/903/267 603/904/153 848/905/264
f 603/904/153 847/903/267 604/906/155
f 607/907/156 604/908/155 851/909/268
f 604/908/155 607/907/156 328/910/129
f 609/911/157 607/912/156 853/913/269
f 607/912/156 609/911/157 331/914/130
f 333/915/131 855/916/270 611/917/158
f 855/916/270 333/915/131 609/918/157
f 335/919/132 619/920/162 613/921/159
f 619/920/162 335/919/132 611/922/158
f 611/923/158 624/924/164 619/925/162
f 624/924/164 611/923/158 855/926/270
f 855/927/270 628/928/166 624/929/164
f 628/928/166 855/927/270 857/930/271
f 857/931/271 632/932/168 628/933/166
f 632/932/168 857/931/271 859/934/272
f 859/935/272 636/936/170 632/937/168
f 636/936/170 859/935/272 861/938/273
f 636/939/170 863/940/274 639/941/171
f 863/940/274 636/939/170 861/942/273
f 639/943/171 865/944/275 643/945/173
f 865/944/275 639/943/171 863/946/274
f 643/947/173 867/948/276 647/949/175
f 867/948/276 643/947/173 865/950/275
f 647/951/175 869/952/277 651/953/177
f 869/952/277 647/951/175 867/954/276
f 651/955/177 871/956/278 655/957/179
f 871/956/278 651/955/177 869/958/277
f 655/959/179 873/960/279 659/961/181
f 873/960/279 655/959/179 871/962/278
f 659/963/181 875/964/280 663/965/183
f 875/964/280 659/963/181 873/966/279
f 663/967/183 877/968/281 667/969/185
f 877/968/281 663/967/183 875/970/280
f 667/971/185 879/972/282 671/973/187
f 879/972/282 667/971/185 877/974/281
f 671/975/187 881/976/283 675/977/189
f 881/976/283 671/975/187 879/978/282
f 675/979/189 883/980/284 679/981/191
f 883/980/284 675/979/189 881/982/283
f 679/983/191 885/984/285 683/985/193
f 885/984/285 679/983/191 883/986/284
f 688/987/196 885/988/285 887/989/286
f 885/988/285 688/987/196 683/990/193
f 692/991/198 887/992/286 889/993/287
f 887/992/286 692/991/198 688/994/196
f 696/995/200 889/993/287 891/996/288
f 889/993/287 696/995/200 692/991/198
f 702/997/202 891/998/288 893/999/289
f 891/998/288 702/997/202 696/1000/200
f 706/1001/204 893/1002/289 895/1003/290
f 893/1002/289 706/1001/204 702/1004/202
f 710/1005/206 895/1006/290 897/1007/291
f 895/1006/290 710/1005/206 706/1008/204
f 714/1009/208 897/1010/291 899/1011/292
f 897/1010/291 714/1009/208 710/1012/206
f 718/1013/210 899/1014/292 901/1015/293
f 899/1014/292 718/1013/210 714/1016/208
f 722/1017/212 901/1018/293 903/1019/294
f 901/1018/293 722/1017/212 718/1020/210
f 726/1021/214 903/1022/294 905/1023/295
f 903/1022/294 726/1021/214 722/1024/212
f 730/1025/216 905/1026/295 907/1027/296
f 905/1026/295 730/1025/216 726/1028/214
f 734/1029/218 907/1030/296 909/1031/297
f 907/1030/296 734/1029/218 730/1032/216
f 738/1033/220 909/1034/297 911/1035/298
f 909/1034/297 738/1033/220 734/1036/218
f 913/1037/299 738/1038/220 911/1039/298
f 738/1038/220 913/1037/299 741/1040/221
f 915/1041/300 741/1042/221 913/1043/299
f 741/1042/221 915/1041/300 745/1044/223
f 917/1045/301 745/1046/223 915/1047/300
f 745/1046/223 917/1045/301 749/1048/225
f 919/1049/302 749/1050/225 917/1051/301
f 749/1050/225 919/1049/302 753/1052/227
f 921/1053/303 753/1054/227 919/1055/302
f 753/1054/227 921/1053/303 757/1056/229
f 923/1057/304 757/1058/229 921/1059/303
f 757/1058/229 923/1057/304 761/1060/231
f 925/1061/305 761/1062/231 923/1063/304
f 761/1062/231 925/1061/305 765/1064/233
f 927/1065/306 765/1066/233 925/1067/305
f 765/1066/233 927/1065/306 769/1068/235
f 929/1069/307 769/1070/235 927/1071/306
f 769/1070/235 929/1069/307 773/1072/237
f 931/1073/308 773/1074/237 929/1075/307
f 773/1074/237 931/1073/308 777/1076/239
f 933/1077/309 777/1078/239 931/1079/308
f 777/1078/239 933/1077/309 781/1080/241
f 935/1081/310 781/1082/241 933/1083/309
f 781/1082/241 935/1081/310 785/1084/243
f 801/1085/250 785/1084/243 935/1081/310
f 785/1084/243 801/1085/250 789/1086/245
f 553/1087/137 789/1088/245 801/1089/250
f 789/1088/245 553/1087/137 795/1090/247
f 555/1091/138 935/1092/310 803/1093/251
f 935/1092/310 555/1091/138 801/1094/250
f 803/840/251 805/1095/252 557/841/139
f 805/1095/252 803/840/251 937/1096/311
f 805/1097/252 808/1098/254 561/1099/141
f 808/1098/254 805/1097/252 939/1100/312
f 808/1101/254 941/1102/313 807/1103/253
f 941/1102/313 808/1101/254 942/1104/314
f 812/1105/255 945/1106/315 811/1107/255
f 945/1106/315 812/1105/255 946/1108/315
f 816/1109/253 949/1110/316 815/1111/256
f 949/1110/316 816/1109/253 950/1112/313
f 570/1113/143 953/1114/317 819/1115/257
f 953/1114/317 570/1113/143 815/1116/256
f 575/860/139 955/1117/318 821/861/251
f 955/1117/318 575/860/139 819/1118/257
f 823/1119/258 821/1120/251 957/1121/310
f 821/1120/251 823/1119/258 577/1122/144
f 825/1123/259 823/1124/258 959/1125/319
f 823/1124/258 825/1123/259 579/1126/145
f 827/1127/249 825/1128/259 961/1129/248
f 825/1128/259 827/1127/249 581/1130/146
f 829/1131/161 831/1132/260 587/1133/148
f 831/1132/260 829/1131/161 963/1134/160
f 831/1135/260 833/1136/261 589/1137/149
f 833/1136/261 831/1135/260 965/1138/320
f 833/1139/261 835/1140/262 591/1141/150
f 835/1140/262 833/1139/261 967/1142/321
f 593/1143/151 969/1144/322 837/1145/263
f 969/1144/322 593/1143/151 835/1146/262
f 840/1147/265 837/1148/263 971/1149/323
f 837/1148/263 840/1147/265 595/1150/152
f 973/1151/324 840/1152/265 974/1153/325
f 840/1152/265 973/1151/324 839/1154/264
f 844/1155/266 977/1156/326 978/1157/326
f 977/1156/326 844/1155/266 843/1158/266
f 981/1159/327 848/1160/264 982/1161/324
f 848/1160/264 981/1159/327 847/1162/267
f 985/1163/328 604/1164/155 847/1165/267
f 604/1164/155 985/1163/328 851/1166/268
f 853/1167/269 851/1168/268 987/1169/329
f 851/1168/268 853/1167/269 607/1170/156
f 609/1171/157 857/1172/271 855/1173/270
f 857/1172/271 609/1171/157 853/1174/269
f 853/1175/269 859/1176/272 857/1177/271
f 859/1176/272 853/1175/269 987/1178/329
f 987/1179/329 861/1180/273 859/1181/272
f 861/1180/273 987/1179/329 989/1182/330
f 861/1183/273 991/1184/331 863/1185/274
f 991/1184/331 861/1183/273 989/1186/330
f 863/1187/274 993/1188/332 865/1189/275
f 993/1188/332 863/1187/274 991/1190/331
f 865/1191/275 995/1192/333 867/1193/276
f 995/1192/333 865/1191/275 993/1194/332
f 867/1195/276 997/1196/334 869/1197/277
f 997/1196/334 867/1195/276 995/1198/333
f 869/1199/277 999/1200/335 871/1201/278
f 999/1200/335 869/1199/277 997/1202/334
f 871/1203/278 1001/1204/336 873/1205/279
f 1001/1204/336 871/1203/278 999/1206/335
f 873/1207/279 1003/1208/337 875/1209/280
f 1003/1208/337 873/1207/279 1001/1210/336
f 875/1211/280 1005/1212/338 877/1213/281
f 1005/1212/338 875/1211/280 1003/1214/337
f 877/1215/281 1007/1216/339 879/1217/282
f 1007/1216/339 877/1215/281 1005/1218/338
f 879/1219/282 1009/1220/340 881/1221/283
f 1009/1220/340 879/1219/282 1007/1222/339
f 881/1223/283 1011/1224/341 883/1225/284
f 1011/1224/341 881/1223/283 1009/1226/340
f 883/1227/284 1013/1228/342 885/1229/285
f 1013/1228/342 883/1227/284 1011/1230/341
f 887/1231/286 1013/1232/342 1015/1233/343
f 1013/1232/342 887/1231/286 885/1234/285
f 889/1235/287 1015/1236/343 1017/1237/344
f 1015/1236/343 889/1235/287 887/1238/286
f 891/1239/288 1017/1237/344 1019/1240/345
f 1017/1237/344 891/1239/288 889/1235/287
f 893/1241/289 1019/1242/345 1021/1243/346
f 1019/1242/345 893/1241/289 891/1244/288
f 895/1245/290 1021/1246/346 1023/1247/347
f 1021/1246/346 895/1245/290 893/1248/289
f 897/1249/291 1023/1250/347 1025/1251/348
f 1023/1250/347 897/1249/291 895/1252/290
f 899/1253/292 1025/1254/348 1027/1255/349
f 1025/1254/348 899/1253/292 897/1256/291
f 901/1257/293 1027/1258/349 1029/1259/350
f 1027/1258/349 901/1257/293 899/1260/292
f 903/1261/294 1029/1262/350 1031/1263/351
f 1029/1262/350 903/1261/294 901/1264/293
f 905/1265/295 1031/1266/351 1033/1267/352
f 1031/1266/351 905/1265/295 903/1268/294
f 907/1269/296 1033/1270/352 1035/1271/353
f 1033/1270/352 907/1269/296 905/1272/295
f 909/1273/297 1035/1274/353 1037/1275/354
f 1035/1274/353 909/1273/297 907/1276/296
f 911/1277/298 1037/1278/354 1039/1279/355
f 1037/1278/354 911/1277/298 909/1280/297
f 1041/1281/356 911/1282/298 1039/1283/355
f 911/1282/298 1041/1281/356 913/1284/299
f 1043/1285/357 913/1286/299 1041/1287/356
f 913/1286/299 1043/1285/357 915/1288/300
f 1045/1289/358 915/1290/300 1043/1291/357
f 915/1290/300 1045/1289/358 917/1292/301
f 1047/1293/359 917/1294/301 1045/1295/358
f 917/1294/301 1047/1293/359 919/1296/302
f 1049/1297/360 919/1298/302 1047/1299/359
f 919/1298/302 1049/1297/360 921/1300/303
f 1051/1301/361 921/1302/303 1049/1303/360
f 921/1302/303 1051/1301/361 923/1304/304
f 1053/1305/362 923/1306/304 1051/1307/361
f 923/1306/304 1053/1305/362 925/1308/305
f 1055/1309/363 925/1310/305 1053/1311/362
f 925/1310/305 1055/1309/363 927/1312/306
f 1057/1313/364 927/1314/306 1055/1315/363
f 927/1314/306 1057/1313/364 929/1316/307
f 1059/1317/365 929/1318/307 1057/1319/364
f 929/1318/307 1059/1317/365 931/1320/308
f 937/1321/311 931/1322/308 1059/1323/365
f 931/1322/308 937/1321/311 933/1324/309
f 803/1093/251 933/1325/309 937/1326/311
f 933/1325/309 803/1093/251 935/1092/310
f 937/1327/311 939/1328/312 805/1329/252
f 939/1328/312 937/1327/311 1059/1330/365
f 939/1331/312 942/1332/314 808/1333/254
f 942/1332/314 939/1331/312 1061/1334/366
f 942/1335/314 1063/1336/367 941/1337/313
f 1063/1336/367 942/1335/314 1064/1338/368
f 946/1339/315 1067/1340/369 945/1341/315
f 1067/1340/369 946/1339/315 1068/1342/369
f 950/1343/313 1071/1344/370 949/1345/316
f 1071/1344/370 950/1343/313 1072/1346/367
f 815/1347/256 1075/1348/371 953/1349/317
f 1075/1348/371 815/1347/256 949/1350/316
f 819/1351/257 1077/1352/372 955/1353/318
f 1077/1352/372 819/1351/257 953/1354/317
f 957/1121/310 955/1355/318 1079/1356/373
f 955/1355/318 957/1121/310 821/1120/251
f 959/1357/319 957/1358/310 1081/1359/243
f 957/1358/310 959/1357/319 823/1360/258
f 961/1361/248 959/1362/319 1083/1363/246
f 959/1362/319 961/1361/248 825/1364/259
f 963/1365/160 965/1366/320 831/1367/260
f 965/1366/320 963/1365/160 1085/1368/163
f 965/1369/320 967/1370/321 833/1371/261
f 967/1370/321 965/1369/320 1087/1372/374
f 967/1373/321 969/1374/322 835/1375/262
f 969/1374/322 967/1373/321 1089/1376/375
f 971/1377/323 969/1378/322 1091/1379/376
f 969/1378/322 971/1377/323 837/1380/263
f 974/1381/325 971/1382/323 1093/1383/377
f 971/1382/323 974/1381/325 840/1384/265
f 1095/1385/378 974/1386/325 1096/1387/379
f 974/1386/325 1095/1385/378 973/1388/324
f 978/1389/326 1099/1390/380 1100/1391/380
f 1099/1390/380 978/1389/326 977/1392/326
f 1103/1393/381 982/1394/324 1104/1395/378
f 982/1394/324 1103/1393/381 981/1396/327
f 1107/1397/382 847/1398/267 981/1399/327
f 847/1398/267 1107/1397/382 985/1400/328
f 989/1401/330 851/1402/268 985/1403/328
f 851/1402/268 989/1401/330 987/1404/329
f 991/1405/331 985/1406/328 1107/1407/382
f 985/1406/328 991/1405/331 989/1408/330
f 993/1409/332 1107/1410/382 1109/1411/383
f 1107/1410/382 993/1409/332 991/1412/331
f 995/1413/333 1109/1414/383 1111/1415/384
f 1109/1414/383 995/1413/333 993/1416/332
f 997/1417/334 1111/1418/384 1113/1419/385
f 1111/1418/384 997/1417/334 995/1420/333
f 999/1421/335 1113/1422/385 1115/1423/386
f 1113/1422/385 999/1421/335 997/1424/334
f 999/1425/335 1117/1426/387 1001/1427/336
f 1117/1426/387 999/1425/335 1115/1428/386
f 1003/1429/337 1117/1430/387 1119/1431/388
f 1117/1430/387 1003/1429/337 1001/1432/336
f 1005/1433/338 1119/1434/388 1121/1435/389
f 1119/1434/388 1005/1433/338 1003/1436/337
f 1007/1437/339 1121/1438/389 1123/1439/390
f 1121/1438/389 1007/1437/339 1005/1440/338
f 1009/1441/340 1123/1442/390 1125/1443/391
f 1123/1442/390 1009/1441/340 1007/1444/339
f 1011/1445/341 1125/1446/391 1127/1447/392
f 1125/1446/391 1011/1445/341 1009/1448/340
f 1013/1449/342 1127/1450/392 1129/1451/393
f 1127/1450/392 1013/1449/342 1011/1452/341
f 1015/1453/343 1129/1454/393 1131/1455/394
f 1129/1454/393 1015/1453/343 1013/1456/342
f 1017/1457/344 1131/1458/394 1133/1459/395
f 1131/1458/394 1017/1457/344 1015/1460/343
f 1019/1461/345 1133/1459/395 1135/1462/396
f 1133/1459/395 1019/1461/345 1017/1457/344
f 1137/1463/397 1019/1464/345 1135/1465/396
f 1019/1464/345 1137/1463/397 1021/1466/346
f 1023/1467/347 1137/1468/397 1139/1469/398
f 1137/1468/397 1023/1467/347 1021/1470/346
f 1025/1471/348 1139/1472/398 1141/1473/399
f 1139/1472/398 1025/1471/348 1023/1474/347
f 1027/1475/349 1141/1476/399 1143/1477/400
f 1141/1476/399 1027/1475/349 1025/1478/348
f 1029/1479/350 1143/1480/400 1145/1481/401
f 1143/1480/400 1029/1479/350 1027/1482/349
f 1147/1483/402 1029/1484/350 1145/1485/401
f 1029/1484/350 1147/1483/402 1031/1486/351
f 1149/1487/403 1031/1488/351 1147/1489/402
f 1031/1488/351 1149/1487/403 1033/1490/352
f 1151/1491/404 1033/1492/352 1149/1493/403
f 1033/1492/352 1151/1491/404 1035/1494/353
f 1153/1495/405 1035/1496/353 1151/1497/404
f 1035/1496/353 1153/1495/405 1037/1498/354
f 1155/1499/406 1037/1500/354 1153/1501/405
f 1037/1500/354 1155/1499/406 1039/1502/355
f 1157/1503/407 1039/1504/355 1155/1505/406
f 1039/1504/355 1157/1503/407 1041/1506/356
f 1157/1507/407 1043/1508/357 1041/1509/356
f 1043/1508/357 1157/1507/407 1159/1510/408
f 1159/1511/408 1045/1512/358 1043/1513/357
f 1045/1512/358 1159/1511/408 1161/1514/409
f 1161/1515/409 1047/1516/359 1045/1517/358
f 1047/1516/359 1161/1515/409 1163/1518/410
f 1163/1519/410 1049/1520/360 1047/1521/359
f 1049/1520/360 1163/1519/410 1165/1522/411
f 1165/1523/411 1051/1524/361 1049/1525/360
f 1051/1524/361 1165/1523/411 1167/1526/412
f 1169/1527/413 1051/1528/361 1167/1529/412
f 1051/1528/361 1169/1527/413 1053/1530/362
f 1055/1531/363 1169/1532/413 1171/1533/414
f 1169/1532/413 1055/1531/363 1053/1534/362
f 1057/1535/364 1171/1536/414 1061/1537/366
f 1171/1536/414 1057/1535/364 1055/1538/363
f 1059/1539/365 1061/1540/366 939/1541/312
f 1061/1540/366 1059/1539/365 1057/1542/364
f 1061/1543/366 1064/1544/368 942/1545/314
f 1064/1544/368 1061/1543/366 1171/1546/414
f 1064/1547/368 1173/1548/415 1063/1549/367
f 1173/1548/415 1064/1547/368 1174/1550/416
f 1067/1551/369 1177/1552/417 1178/1553/417
f 1177/1552/417 1067/1551/369 1068/1554/369
f 1072/1555/367 1181/1556/418 1071/1557/370
f 1181/1556/418 1072/1555/367 1182/1558/415
f 949/1559/316 1185/1560/419 1075/1561/371
f 1185/1560/419 949/1559/316 1071/1562/370
f 953/1563/317 1187/1564/420 1077/1565/372
f 1187/1564/420 953/1563/317 1075/1566/371
f 1079/1567/373 1077/1568/372 1189/1569/421
f 1077/1568/372 1079/1567/373 955/1570/318
f 1081/1359/243 1079/1571/373 1191/1572/422
f 1079/1571/373 1081/1359/243 957/1358/310
f 1083/1573/246 1081/1574/243 1193/1575/244
f 1081/1574/243 1083/1573/246 959/1576/319
f 1085/1577/163 1087/1578/374 965/1579/320
f 1087/1578/374 1085/1577/163 1195/1580/165
f 1087/1581/374 1089/1582/375 967/1583/321
f 1089/1582/375 1087/1581/374 1197/1584/423
f 1089/1585/375 1091/1586/376 969/1587/322
f 1091/1586/376 1089/1585/375 1199/1588/424
f 1093/1589/377 1091/1590/376 1201/1591/425
f 1091/1590/376 1093/1589/377 971/1592/323
f 1096/1593/379 1093/1594/377 1203/1595/426
f 1093/1594/377 1096/1593/379 974/1596/325
f 1205/1597/427 1096/1598/379 1206/1599/428
f 1096/1598/379 1205/1597/427 1095/1600/378
f 1100/1601/380 1209/1602/429 1210/1603/429
f 1209/1602/429 1100/1601/380 1099/1604/380
f 1213/1605/430 1104/1606/378 1214/1607/427
f 1104/1606/378 1213/1605/430 1103/1608/381
f 1109/1609/383 981/1610/327 1103/1611/381
f 981/1610/327 1109/1609/383 1107/1612/382
f 1111/1613/384 1103/1614/381 1213/1615/430
f 1103/1614/381 1111/1613/384 1109/1616/383
f 1113/1617/385 1213/1618/430 1217/1619/431
f 1213/1618/430 1113/1617/385 1111/1620/384
f 1115/1621/386 1217/1622/431 1219/1623/432
f 1217/1622/431 1115/1621/386 1113/1624/385
f 1117/1625/387 1219/1626/432 1221/1627/433
f 1219/1626/432 1117/1625/387 1115/1628/386
f 1119/1629/388 1221/1630/433 1223/1631/434
f 1221/1630/433 1119/1629/388 1117/1632/387
f 1121/1633/389 1223/1634/434 1225/1635/435
f 1223/1634/434 1121/1633/389 1119/1636/388
f 1123/1637/390 1225/1638/435 1227/1639/436
f 1225/1638/435 1123/1637/390 1121/1640/389
f 1125/1641/391 1227/1642/436 1229/1643/437
f 1227/1642/436 1125/1641/391 1123/1644/390
f 1127/1645/392 1229/1646/437 1231/1647/438
f 1229/1646/437 1127/1645/392 1125/1648/391
f 1129/1649/393 1231/1650/438 1233/1651/439
f 1231/1650/438 1129/1649/393 1127/1652/392
f 1131/1653/394 1233/1654/439 1235/1655/440
f 1233/1654/439 1131/1653/394 1129/1656/393
f 1133/1657/395 1235/1658/440 1237/1659/441
f 1235/1658/440 1133/1657/395 1131/1660/394
f 1135/1661/396 1237/1659/441 1239/1662/442
f 1237/1659/441 1135/1661/396 1133/1657/395
f 1241/1663/443 1135/1664/396 1239/1665/442
f 1135/1664/396 1241/1663/443 1137/1666/397
f 1139/1667/398 1241/1668/443 1243/1669/444
f 1241/1668/443 1139/1667/398 1137/1670/397
f 1141/1671/399 1243/1672/444 1245/1673/445
f 1243/1672/444 1141/1671/399 1139/1674/398
f 1143/1675/400 1245/1676/445 1247/1677/446
f 1245/1676/445 1143/1675/400 1141/1678/399
f 1249/1679/447 1143/1680/400 1247/1681/446
f 1143/1680/400 1249/1679/447 1145/1682/401
f 1251/1683/448 1145/1684/401 1249/1685/447
f 1145/1684/401 1251/1683/448 1147/1686/402
f 1253/1687/449 1147/1688/402 1251/1689/448
f 1147/1688/402 1253/1687/449 1149/1690/403
f 1255/1691/450 1149/1692/403 1253/1693/449
f 1149/1692/403 1255/1691/450 1151/1694/404
f 1257/1695/451 1151/1696/404 1255/1697/450
f 1151/1696/404 1257/1695/451 1153/1698/405
f 1259/1699/452 1153/1700/405 1257/1701/451
f 1153/1700/405 1259/1699/452 1155/1702/406
f 1261/1703/453 1155/1704/406 1259/1705/452
f 1155/1704/406 1261/1703/453 1157/1706/407
f 1261/1707/453 1159/1708/408 1157/1709/407
f 1159/1708/408 1261/1707/453 1263/1710/454
f 1263/1711/454 1161/1712/409 1159/1713/408
f 1161/1712/409 1263/1711/454 1265/1714/455
f 1265/1715/455 1163/1716/410 1161/1717/409
f 1163/1716/410 1265/1715/455 1267/1718/456
f 1267/1719/456 1165/1720/411 1163/1721/410
f 1165/1720/411 1267/1719/456 1269/1722/457
f 1269/1723/457 1167/1724/412 1165/1725/411
f 1167/1724/412 1269/1723/457 1271/1726/458
f 1271/1727/458 1169/1728/413 1167/1729/412
f 1169/1728/413 1271/1727/458 1174/1730/416
f 1171/1731/414 1174/1732/416 1064/1733/368
f 1174/1732/416 1171/1731/414 1169/1734/413
f 1273/1735/459 1174/1736/416 1271/1737/458
f 1174/1736/416 1273/1735/459 1173/1738/415
f 1178/1739/417 1275/1740/460 1276/1741/460
f 1275/1740/460 1178/1739/417 1177/1742/417
f 1279/1743/461 1182/1744/415 1280/1745/459
f 1182/1744/415 1279/1743/461 1181/1746/418
f 1071/1747/370 1283/1748/462 1185/1749/419
f 1283/1748/462 1071/1747/370 1181/1750/418
f 1075/1751/371 1285/1752/463 1187/1753/420
f 1285/1752/463 1075/1751/371 1185/1754/419
f 1189/1755/421 1187/1756/420 1287/1757/464
f 1187/1756/420 1189/1755/421 1077/1758/372
f 1191/1759/422 1189/1760/421 1289/1761/465
f 1189/1760/421 1191/1759/422 1079/1762/373
f 1291/1575/244 1191/1763/422 1292/1764/242
f 1191/1763/422 1291/1575/244 1081/1574/243
f 1195/1765/165 1197/1766/423 1087/1767/374
f 1197/1766/423 1195/1765/165 1295/1768/167
f 1197/1769/423 1199/1770/424 1089/1771/375
f 1199/1770/424 1197/1769/423 1297/1772/466
f 1091/1773/376 1299/1774/467 1201/1775/425
f 1299/1774/467 1091/1773/376 1199/1776/424
f 1203/1777/426 1201/1778/425 1301/1779/468
f 1201/1778/425 1203/1777/426 1093/1780/377
f 1206/1781/428 1203/1782/426 1303/1783/469
f 1203/1782/426 1206/1781/428 1096/1784/379
f 1305/1785/470 1206/1786/428 1306/1787/471
f 1206/1786/428 1305/1785/470 1205/1788/427
f 1210/1789/429 1309/1790/472 1310/1791/472
f 1309/1790/472 1210/1789/429 1209/1792/429
f 1217/1793/431 1214/1794/427 1313/1795/470
f 1214/1794/427 1217/1793/431 1213/1796/430
f 1219/1797/432 1313/1798/470 1315/1799/473
f 1313/1798/470 1219/1797/432 1217/1800/431
f 1221/1801/433 1315/1802/473 1317/1803/474
f 1315/1802/473 1221/1801/433 1219/1804/432
f 1223/1805/434 1317/1806/474 1319/1807/475
f 1317/1806/474 1223/1805/434 1221/1808/433
f 1225/1809/435 1319/1810/475 1321/1811/476
f 1319/1810/475 1225/1809/435 1223/1812/434
f 1227/1813/436 1321/1814/476 1323/1815/477
f 1321/1814/476 1227/1813/436 1225/1816/435
f 1229/1817/437 1323/1818/477 1325/1819/478
f 1323/1818/477 1229/1817/437 1227/1820/436
f 1231/1821/438 1325/1822/478 1327/1823/479
f 1325/1822/478 1231/1821/438 1229/1824/437
f 1233/1825/439 1327/1826/479 1329/1827/480
f 1327/1826/479 1233/1825/439 1231/1828/438
f 1235/1829/440 1329/1830/480 1331/1831/481
f 1329/1830/480 1235/1829/440 1233/1832/439
f 1237/1833/441 1331/1834/481 1333/1835/482
f 1331/1834/481 1237/1833/441 1235/1836/440
f 1239/1837/442 1335/1835/482 1336/1838/483
f 1335/1835/482 1239/1837/442 1237/1833/441
f 1339/1839/484 1239/1840/442 1336/1841/483
f 1239/1840/442 1339/1839/484 1241/1842/443
f 1243/1843/444 1339/1844/484 1341/1845/485
f 1339/1844/484 1243/1843/444 1241/1846/443
f 1245/1847/445 1341/1848/485 1343/1849/486
f 1341/1848/485 1245/1847/445 1243/1850/444
f 1247/1851/446 1343/1852/486 1345/1853/487
f 1343/1852/486 1247/1851/446 1245/1854/445
f 1347/1855/488 1247/1856/446 1345/1857/487
f 1247/1856/446 1347/1855/488 1249/1858/447
f 1349/1859/489 1249/1860/447 1347/1861/488
f 1249/1860/447 1349/1859/489 1251/1862/448
f 1351/1863/490 1251/1864/448 1349/1865/489
f 1251/1864/448 1351/1863/490 1253/1866/449
f 1353/1867/491 1253/1868/449 1351/1869/490
f 1253/1868/449 1353/1867/491 1255/1870/450
f 1355/1871/492 1255/1872/450 1353/1873/491
f 1255/1872/450 1355/1871/492 1257/1874/451
f 1357/1875/493 1257/1876/451 1355/1877/492
f 1257/1876/451 1357/1875/493 1259/1878/452
f 1359/1879/494 1259/1880/452 1357/1881/493
f 1259/1880/452 1359/1879/494 1261/1882/453
f 1359/1883/494 1263/1884/454 1261/1885/453
f 1263/1884/454 1359/1883/494 1361/1886/495
f 1361/1887/495 1265/1888/455 1263/1889/454
f 1265/1888/455 1361/1887/495 1363/1890/496
f 1363/1891/496 1267/1892/456 1265/1893/455
f 1267/1892/456 1363/1891/496 1365/1894/497
f 1365/1895/497 1269/1896/457 1267/1897/456
f 1269/1896/457 1365/1895/497 1367/1898/498
f 1367/1899/498 1271/1900/458 1269/1901/457
f 1271/1900/458 1367/1899/498 1273/1902/459
f 1369/1903/499 1275/1904/460 1370/1905/499
f 1275/1904/460 1369/1903/499 1276/1906/460
f 1373/1907/500 1280/1908/459 1374/1909/498
f 1280/1908/459 1373/1907/500 1279/1910/461
f 1377/1911/501 1181/1912/418 1279/1913/461
f 1181/1912/418 1377/1911/501 1283/1914/462
f 1185/1915/419 1379/1916/502 1285/1917/463
f 1379/1916/502 1185/1915/419 1283/1918/462
f 1287/1919/464 1285/1920/463 1381/1921/503
f 1285/1920/463 1287/1919/464 1187/1922/420
f 1289/1923/465 1287/1924/464 1383/1925/504
f 1287/1924/464 1289/1923/465 1189/1926/421
f 1292/1927/242 1289/1928/465 1385/1929/240
f 1289/1928/465 1292/1927/242 1191/1930/422
f 1295/1931/167 1297/1932/466 1197/1933/423
f 1297/1932/466 1295/1931/167 1387/1934/169
f 1199/1935/424 1389/1936/505 1299/1937/467
f 1389/1936/505 1199/1935/424 1297/1938/466
f 1201/1939/425 1391/1940/506 1301/1941/468
f 1391/1940/506 1201/1939/425 1299/1942/467
f 1303/1943/469 1301/1944/468 1393/1945/507
f 1301/1944/468 1303/1943/469 1203/1946/426
f 1306/1947/471 1303/1948/469 1395/1949/508
f 1303/1948/469 1306/1947/471 1206/1950/428
f 1397/1951/473 1306/1952/471 1398/1953/509
f 1306/1952/471 1397/1951/473 1305/1954/470
f 1310/1955/472 1401/1956/510 1402/1957/510
f 1401/1956/510 1310/1955/472 1309/1958/472
f 1405/1959/511 1401/1960/510 1406/1961/511
f 1401/1960/510 1405/1959/511 1402/1962/510
f 1409/1963/512 1406/1964/511 1410/1965/512
f 1406/1964/511 1409/1963/512 1405/1966/511
f 1413/1967/513 1410/1968/512 1414/1969/513
f 1410/1968/512 1413/1967/513 1409/1970/512
f 1417/1971/514 1414/1972/513 1418/1973/514
f 1414/1972/513 1417/1971/514 1413/1974/513
f 1421/1975/515 1418/1976/514 1422/1977/515
f 1418/1976/514 1421/1975/515 1417/1978/514
f 1425/1979/516 1422/1980/515 1426/1981/516
f 1422/1980/515 1425/1979/516 1421/1982/515
f 1429/1983/517 1426/1984/516 1430/1985/517
f 1426/1984/516 1429/1983/517 1425/1986/516
f 1433/1987/518 1430/1988/517 1434/1989/518
f 1430/1988/517 1433/1987/518 1429/1990/517
f 1437/1991/519 1438/1989/518 1439/1992/519
f 1438/1989/518 1437/1991/519 1440/1987/518
f 1445/1993/520 1437/1994/519 1439/1995/519
f 1437/1994/519 1445/1993/520 1446/1996/520
f 1449/1997/521 1445/1998/520 1450/1999/521
f 1445/1998/520 1449/1997/521 1446/2000/520
f 1453/2001/522 1450/2002/521 1454/2003/522
f 1450/2002/521 1453/2001/522 1449/2004/521
f 1457/2005/523 1454/2006/522 1458/2007/523
f 1454/2006/522 1457/2005/523 1453/2008/522
f 1461/2009/524 1457/2010/523 1458/2011/523
f 1457/2010/523 1461/2009/524 1462/2012/524
f 1465/2013/525 1462/2014/524 1461/2015/524
f 1462/2014/524 1465/2013/525 1466/2016/525
f 1465/2017/525 1469/2018/526 1466/2019/525
f 1469/2018/526 1465/2017/525 1470/2020/526
f 1473/2021/527 1469/2022/526 1470/2023/526
f 1469/2022/526 1473/2021/527 1474/2024/527
f 1477/2025/528 1474/2026/527 1473/2027/527
f 1474/2026/527 1477/2025/528 1478/2028/528
f 1481/2029/529 1478/2030/528 1477/2031/528
f 1478/2030/528 1481/2029/529 1482/2032/529
f 1481/2033/529 1485/2034/530 1482/2035/529
f 1485/2034/530 1481/2033/529 1486/2036/530
f 1489/2037/531 1485/2038/530 1486/2039/530
f 1485/2038/530 1489/2037/531 1490/2040/531
f 1493/2041/532 1490/2042/531 1489/2043/531
f 1490/2042/531 1493/2041/532 1494/2044/532
f 1369/2045/499 1494/2046/532 1493/2047/532
f 1494/2046/532 1369/2045/499 1370/2048/499
f 1497/2049/533 1374/2050/498 1498/2051/497
f 1374/2050/498 1497/2049/533 1373/2052/500
f 1501/2053/534 1279/2054/461 1373/2055/500
f 1279/2054/461 1501/2053/534 1377/2056/501
f 1379/2057/502 1377/2058/501 1503/2059/535
f 1377/2058/501 1379/2057/502 1283/2060/462
f 1381/2061/503 1379/2062/502 1505/2063/536
f 1379/2062/502 1381/2061/503 1285/2064/463
f 1383/2065/504 1381/2066/503 1507/2067/537
f 1381/2066/503 1383/2065/504 1287/2068/464
f 1385/2069/240 1383/2070/504 1509/2071/238
f 1383/2070/504 1385/2069/240 1289/2072/465
f 1297/2073/466 1511/2074/172 1389/2075/505
f 1511/2074/172 1297/2073/466 1387/2076/169
f 1299/2077/467 1513/2078/538 1391/2079/506
f 1513/2078/538 1299/2077/467 1389/2080/505
f 1301/2081/468 1515/2082/539 1393/2083/507
f 1515/2082/539 1301/2081/468 1391/2084/506
f 1395/2085/508 1393/2086/507 1517/2087/540
f 1393/2086/507 1395/2085/508 1303/2088/469
f 1398/2089/509 1395/2090/508 1519/2091/541
f 1395/2090/508 1398/2089/509 1306/2092/471
f 1521/2093/474 1398/2094/509 1522/2095/542
f 1398/2094/509 1521/2093/474 1397/2096/473
f 1525/2097/475 1522/2098/542 1526/2099/543
f 1522/2098/542 1525/2097/475 1521/2100/474
f 1529/2101/476 1526/2102/543 1530/2103/544
f 1526/2102/543 1529/2101/476 1525/2104/475
f 1533/2105/477 1530/2106/544 1534/2107/545
f 1530/2106/544 1533/2105/477 1529/2108/476
f 1537/2109/478 1534/2110/545 1538/2111/546
f 1534/2110/545 1537/2109/478 1533/2112/477
f 1541/2113/479 1538/2114/546 1542/2115/547
f 1538/2114/546 1541/2113/479 1537/2116/478
f 1545/2117/480 1542/2118/547 1546/2119/548
f 1542/2118/547 1545/2117/480 1541/2120/479
f 1549/2121/481 1546/2122/548 1550/2123/549
f 1546/2122/548 1549/2121/481 1545/2124/480
f 1553/2125/482 1550/2126/549 1554/2127/441
f 1550/2126/549 1553/2125/482 1549/2128/481
f 1557/2129/483 1554/2127/441 1558/2130/550
f 1554/2127/441 1557/2129/483 1559/2125/482
f 1563/2131/551 1557/2132/483 1558/2133/550
f 1557/2132/483 1563/2131/551 1564/2134/484
f 1567/2135/485 1563/2136/551 1568/2137/552
f 1563/2136/551 1567/2135/485 1564/2138/484
f 1571/2139/486 1568/2140/552 1572/2141/553
f 1568/2140/552 1571/2139/486 1567/2142/485
f 1575/2143/487 1572/2144/553 1576/2145/554
f 1572/2144/553 1575/2143/487 1571/2146/486
f 1579/2147/555 1575/2148/487 1576/2149/554
f 1575/2148/487 1579/2147/555 1580/2150/488
f 1583/2151/556 1580/2152/488 1579/2153/555
f 1580/2152/488 1583/2151/556 1584/2154/489
f 1587/2155/557 1584/2156/489 1583/2157/556
f 1584/2156/489 1587/2155/557 1588/2158/490
f 1591/2159/558 1588/2160/490 1587/2161/557
f 1588/2160/490 1591/2159/558 1592/2162/491
f 1595/2163/559 1592/2164/491 1591/2165/558
f 1592/2164/491 1595/2163/559 1596/2166/492
f 1599/2167/560 1596/2168/492 1595/2169/559
f 1596/2168/492 1599/2167/560 1600/2170/493
f 1603/2171/561 1600/2172/493 1599/2173/560
f 1600/2172/493 1603/2171/561 1604/2174/494
f 1603/2175/561 1607/2176/495 1604/2177/494
f 1607/2176/495 1603/2175/561 1608/2178/562
f 1608/2179/562 1611/2180/496 1607/2181/495
f 1611/2180/496 1608/2179/562 1612/2182/563
f 1612/2183/563 1498/2184/497 1611/2185/496
f 1498/2184/497 1612/2183/563 1497/2186/533
f 1615/2187/564 1373/2188/500 1497/2189/533
f 1373/2188/500 1615/2187/564 1501/2190/534
f 1617/2191/565 1377/2192/501 1501/2193/534
f 1377/2192/501 1617/2191/565 1503/2194/535
f 1505/2195/536 1503/2196/535 1619/2197/566
f 1503/2196/535 1505/2195/536 1379/2198/502
f 1507/2199/537 1505/2200/536 1621/2201/567
f 1505/2200/536 1507/2199/537 1381/2202/503
f 1509/2203/238 1507/2204/537 1623/2205/236
f 1507/2204/537 1509/2203/238 1383/2206/504
f 1389/2207/505 1625/2208/174 1513/2209/538
f 1625/2208/174 1389/2207/505 1511/2210/172
f 1391/2211/506 1627/2212/568 1515/2213/539
f 1627/2212/568 1391/2211/506 1513/2214/538
f 1393/2215/507 1629/2216/569 1517/2217/540
f 1629/2216/569 1393/2215/507 1515/2218/539
f 1519/2219/541 1517/2220/540 1631/2221/570
f 1517/2220/540 1519/2219/541 1395/2222/508
f 1522/2223/542 1519/2224/541 1633/2225/571
f 1519/2224/541 1522/2223/542 1398/2226/509
f 1526/2227/543 1633/2228/571 1635/2229/572
f 1633/2228/571 1526/2227/543 1522/2230/542
f 1530/2231/544 1635/2232/572 1637/2233/573
f 1635/2232/572 1530/2231/544 1526/2234/543
f 1534/2235/545 1637/2236/573 1639/2237/574
f 1637/2236/573 1534/2235/545 1530/2238/544
f 1538/2239/546 1639/2240/574 1641/2241/575
f 1639/2240/574 1538/2239/546 1534/2242/545
f 1542/2243/547 1641/2244/575 1643/2245/576
f 1641/2244/575 1542/2243/547 1538/2246/546
f 1546/2247/548 1643/2248/576 1645/2249/577
f 1643/2248/576 1546/2247/548 1542/2250/547
f 1550/2251/549 1645/2252/577 1647/2253/578
f 1645/2252/577 1550/2251/549 1546/2254/548
f 1554/2255/441 1647/2256/578 1649/2257/395
f 1647/2256/578 1554/2255/441 1550/2258/549
f 1558/2259/550 1649/2257/395 1651/2260/579
f 1649/2257/395 1558/2259/550 1554/2255/441
f 1653/2261/580 1558/2262/550 1651/2263/579
f 1558/2262/550 1653/2261/580 1563/2264/551
f 1568/2265/552 1653/2266/580 1655/2267/581
f 1653/2266/580 1568/2265/552 1563/2268/551
f 1572/2269/553 1655/2270/581 1657/2271/582
f 1655/2270/581 1572/2269/553 1568/2272/552
f 1576/2273/554 1657/2274/582 1659/2275/583
f 1657/2274/582 1576/2273/554 1572/2276/553
f 1661/2277/584 1576/2278/554 1659/2279/583
f 1576/2278/554 1661/2277/584 1579/2280/555
f 1663/2281/585 1579/2282/555 1661/2283/584
f 1579/2282/555 1663/2281/585 1583/2284/556
f 1665/2285/586 1583/2286/556 1663/2287/585
f 1583/2286/556 1665/2285/586 1587/2288/557
f 1667/2289/587 1587/2290/557 1665/2291/586
f 1587/2290/557 1667/2289/587 1591/2292/558
f 1669/2293/588 1591/2294/558 1667/2295/587
f 1591/2294/558 1669/2293/588 1595/2296/559
f 1671/2297/589 1595/2298/559 1669/2299/588
f 1595/2298/559 1671/2297/589 1599/2300/560
f 1673/2301/590 1599/2302/560 1671/2303/589
f 1599/2302/560 1673/2301/590 1603/2304/561
f 1673/2305/590 1608/2306/562 1603/2307/561
f 1608/2306/562 1673/2305/590 1675/2308/591
f 1675/2309/591 1612/2310/563 1608/2311/562
f 1612/2310/563 1675/2309/591 1677/2312/592
f 1677/2313/592 1497/2314/533 1612/2315/563
f 1497/2314/533 1677/2313/592 1615/2316/564
f 1679/2317/593 1501/2318/534 1615/2319/564
f 1501/2318/534 1679/2317/593 1617/2320/565
f 1619/2321/566 1617/2322/565 1681/2323/594
f 1617/2322/565 1619/2321/566 1503/2324/535
f 1621/2325/567 1619/2326/566 1683/2327/595
f 1619/2326/566 1621/2325/567 1505/2328/536
f 1623/2329/236 1621/2330/567 1685/2331/234
f 1621/2330/567 1623/2329/236 1507/2332/537
f 1513/2333/538 1687/2334/176 1627/2335/568
f 1687/2334/176 1513/2333/538 1625/2336/174
f 1515/2337/539 1689/2338/596 1629/2339/569
f 1689/2338/596 1515/2337/539 1627/2340/568
f 1517/2341/540 1691/2342/597 1631/2343/570
f 1691/2342/597 1517/2341/540 1629/2344/569
f 1519/2345/541 1693/2346/598 1633/2347/571
f 1693/2346/598 1519/2345/541 1631/2348/570
f 1635/2349/572 1693/2350/598 1695/2351/599
f 1693/2350/598 1635/2349/572 1633/2352/571
f 1637/2353/573 1695/2354/599 1697/2355/600
f 1695/2354/599 1637/2353/573 1635/2356/572
f 1639/2357/574 1697/2358/600 1699/2359/601
f 1697/2358/600 1639/2357/574 1637/2360/573
f 1641/2361/575 1699/2362/601 1701/2363/602
f 1699/2362/601 1641/2361/575 1639/2364/574
f 1643/2365/576 1701/2366/602 1703/2367/603
f 1701/2366/602 1643/2365/576 1641/2368/575
f 1645/2369/577 1703/2370/603 1705/2371/604
f 1703/2370/603 1645/2369/577 1643/2372/576
f 1647/2373/578 1705/2374/604 1707/2375/605
f 1705/2374/604 1647/2373/578 1645/2376/577
f 1649/2377/395 1707/2378/605 1709/2379/344
f 1707/2378/605 1649/2377/395 1647/2380/578
f 1651/2381/579 1709/2379/344 1711/2382/606
f 1709/2379/344 1651/2381/579 1649/2377/395
f 1713/2383/607 1651/2384/579 1711/2385/606
f 1651/2384/579 1713/2383/607 1653/2386/580
f 1655/2387/581 1713/2388/607 1715/2389/608
f 1713/2388/607 1655/2387/581 1653/2390/580
f 1657/2391/582 1715/2392/608 1717/2393/609
f 1715/2392/608 1657/2391/582 1655/2394/581
f 1659/2395/583 1717/2396/609 1719/2397/610
f 1717/2396/609 1659/2395/583 1657/2398/582
f 1661/2399/584 1719/2400/610 1721/2401/611
f 1719/2400/610 1661/2399/584 1659/2402/583
f 1723/2403/612 1661/2404/584 1721/2405/611
f 1661/2404/584 1723/2403/612 1663/2406/585
f 1725/2407/613 1663/2408/585 1723/2409/612
f 1663/2408/585 1725/2407/613 1665/2410/586
f 1727/2411/614 1665/2412/586 1725/2413/613
f 1665/2412/586 1727/2411/614 1667/2414/587
f 1729/2415/615 1667/2416/587 1727/2417/614
f 1667/2416/587 1729/2415/615 1669/2418/588
f 1731/2419/616 1669/2420/588 1729/2421/615
f 1669/2420/588 1731/2419/616 1671/2422/589
f 1733/2423/617 1671/2424/589 1731/2425/616
f 1671/2424/589 1733/2423/617 1673/2426/590
f 1733/2427/617 1675/2428/591 1673/2429/590
f 1675/2428/591 1733/2427/617 1735/2430/618
f 1735/2431/618 1677/2432/592 1675/2433/591
f 1677/2432/592 1735/2431/618 1737/2434/619
f 1737/2435/619 1615/2436/564 1677/2437/592
f 1615/2436/564 1737/2435/619 1679/2438/593
f 1681/2439/594 1679/2440/593 1739/2441/620
f 1679/2440/593 1681/2439/594 1617/2442/565
f 1683/2443/595 1681/2444/594 1741/2445/621
f 1681/2444/594 1683/2443/595 1619/2446/566
f 1685/2447/234 1683/2448/595 1743/2449/232
f 1683/2448/595 1685/2447/234 1621/2450/567
f 1627/2451/568 1745/2452/178 1689/2453/596
f 1745/2452/178 1627/2451/568 1687/2454/176
f 1629/2455/569 1747/2456/622 1691/2457/597
f 1747/2456/622 1629/2455/569 1689/2458/596
f 1631/2459/570 1749/2460/623 1693/2461/598
f 1749/2460/623 1631/2459/570 1691/2462/597
f 1693/2463/598 1751/2464/624 1695/2465/599
f 1751/2464/624 1693/2463/598 1749/2466/623
f 1695/2467/599 1753/2468/625 1697/2469/600
f 1753/2468/625 1695/2467/599 1751/2470/624
f 1697/2471/600 1755/2472/626 1699/2473/601
f 1755/2472/626 1697/2471/600 1753/2474/625
f 1699/2475/601 1757/2476/627 1701/2477/602
f 1757/2476/627 1699/2475/601 1755/2478/626
f 1701/2479/602 1759/2480/628 1703/2481/603
f 1759/2480/628 1701/2479/602 1757/2482/627
f 1703/2483/603 1761/2484/629 1705/2485/604
f 1761/2484/629 1703/2483/603 1759/2486/628
f 1707/2487/605 1761/2488/629 1763/2489/630
f 1761/2488/629 1707/2487/605 1705/2490/604
f 1709/2491/344 1763/2492/630 1765/2493/287
f 1763/2492/630 1709/2491/344 1707/2494/605
f 1711/2495/606 1765/2493/287 1767/2496/631
f 1765/2493/287 1711/2495/606 1709/2491/344
f 1713/2497/607 1767/2498/631 1769/2499/632
f 1767/2498/631 1713/2497/607 1711/2500/606
f 1715/2501/608 1769/2502/632 1771/2503/633
f 1769/2502/632 1715/2501/608 1713/2504/607
f 1717/2505/609 1771/2506/633 1773/2507/634
f 1771/2506/633 1717/2505/609 1715/2508/608
f 1719/2509/610 1773/2510/634 1775/2511/635
f 1773/2510/634 1719/2509/610 1717/2512/609
f 1721/2513/611 1775/2514/635 1777/2515/636
f 1775/2514/635 1721/2513/611 1719/2516/610
f 1723/2517/612 1777/2518/636 1779/2519/637
f 1777/2518/636 1723/2517/612 1721/2520/611
f 1725/2521/613 1779/2522/637 1781/2523/638
f 1779/2522/637 1725/2521/613 1723/2524/612
f 1727/2525/614 1781/2526/638 1783/2527/639
f 1781/2526/638 1727/2525/614 1725/2528/613
f 1729/2529/615 1783/2530/639 1785/2531/640
f 1783/2530/639 1729/2529/615 1727/2532/614
f 1731/2533/616 1785/2534/640 1787/2535/641
f 1785/2534/640 1731/2533/616 1729/2536/615
f 1789/2537/642 1731/2538/616 1787/2539/641
f 1731/2538/616 1789/2537/642 1733/2540/617
f 1791/2541/643 1733/2542/617 1789/2543/642
f 1733/2542/617 1791/2541/643 1735/2544/618
f 1793/2545/644 1735/2546/618 1791/2547/643
f 1735/2546/618 1793/2545/644 1737/2548/619
f 1739/2549/620 1737/2550/619 1793/2551/644
f 1737/2550/619 1739/2549/620 1679/2552/593
f 1741/2553/621 1739/2554/620 1795/2555/645
f 1739/2554/620 1741/2553/621 1681/2556/594
f 1743/2557/232 1741/2558/621 1797/2559/230
f 1741/2558/621 1743/2557/232 1683/2560/595
f 1689/2561/596 1799/2562/180 1747/2563/622
f 1799/2562/180 1689/2561/596 1745/2564/178
f 1691/2565/597 1801/2566/646 1749/2567/623
f 1801/2566/646 1691/2565/597 1747/2568/622
f 1749/2569/623 1803/2570/647 1751/2571/624
f 1803/2570/647 1749/2569/623 1801/2572/646
f 1751/2573/624 1805/2574/648 1753/2575/625
f 1805/2574/648 1751/2573/624 1803/2576/647
f 1753/2577/625 1807/2578/649 1755/2579/626
f 1807/2578/649 1753/2577/625 1805/2580/648
f 1755/2581/626 1809/2582/650 1757/2583/627
f 1809/2582/650 1755/2581/626 1807/2584/649
f 1757/2585/627 1811/2586/651 1759/2587/628
f 1811/2586/651 1757/2585/627 1809/2588/650
f 1761/2589/629 1811/2590/651 1813/2591/652
f 1811/2590/651 1761/2589/629 1759/2592/628
f 1763/2593/630 1813/2594/652 1815/2595/653
f 1813/2594/652 1763/2593/630 1761/2596/629
f 1765/2597/287 1815/2598/653 1817/2599/198
f 1815/2598/653 1765/2597/287 1763/2600/630
f 1767/2601/631 1817/2599/198 1819/2602/654
f 1817/2599/198 1767/2601/631 1765/2597/287
f 1769/2603/632 1819/2604/654 1821/2605/655
f 1819/2604/654 1769/2603/632 1767/2606/631
f 1771/2607/633 1821/2608/655 1823/2609/656
f 1821/2608/655 1771/2607/633 1769/2610/632
f 1773/2611/634 1823/2612/656 1825/2613/657
f 1823/2612/656 1773/2611/634 1771/2614/633
f 1775/2615/635 1825/2616/657 1827/2617/658
f 1825/2616/657 1775/2615/635 1773/2618/634
f 1777/2619/636 1827/2620/658 1829/2621/659
f 1827/2620/658 1777/2619/636 1775/2622/635
f 1779/2623/637 1829/2624/659 1831/2625/660
f 1829/2624/659 1779/2623/637 1777/2626/636
f 1781/2627/638 1831/2628/660 1833/2629/661
f 1831/2628/660 1781/2627/638 1779/2630/637
f 1783/2631/639 1833/2632/661 1835/2633/662
f 1833/2632/661 1783/2631/639 1781/2634/638
f 1785/2635/640 1835/2636/662 1837/2637/663
f 1835/2636/662 1785/2635/640 1783/2638/639
f 1787/2639/641 1837/2640/663 1839/2641/664
f 1837/2640/663 1787/2639/641 1785/2642/640
f 1841/2643/665 1787/2644/641 1839/2645/664
f 1787/2644/641 1841/2643/665 1789/2646/642
f 1843/2647/666 1789/2648/642 1841/2649/665
f 1789/2648/642 1843/2647/666 1791/2650/643
f 1845/2651/667 1791/2652/643 1843/2653/666
f 1791/2652/643 1845/2651/667 1793/2654/644
f 1795/2655/645 1793/2656/644 1845/2657/667
f 1793/2656/644 1795/2655/645 1739/2658/620
f 1797/2659/230 1795/2660/645 1847/2661/228
f 1795/2660/645 1797/2659/230 1741/2662/621
f 1747/2663/622 1849/2664/182 1801/2665/646
f 1849/2664/182 1747/2663/622 1799/2666/180
f 1801/2667/646 1851/2668/184 1803/2669/647
f 1851/2668/184 1801/2667/646 1849/2670/182
f 1803/2671/647 1853/2672/186 1805/2673/648
f 1853/2672/186 1803/2671/647 1851/2674/184
f 1805/2675/648 1855/2676/188 1807/2677/649
f 1855/2676/188 1805/2675/648 1853/2678/186
f 1807/2679/649 1857/2680/190 1809/2681/650
f 1857/2680/190 1807/2679/649 1855/2682/188
f 1809/2683/650 1859/2684/192 1811/2685/651
f 1859/2684/192 1809/2683/650 1857/2686/190
f 1813/2687/652 1859/2688/192 1861/2689/194
f 1859/2688/192 1813/2687/652 1811/2690/651
f 1815/2691/653 1861/2692/194 1863/2693/195
f 1861/2692/194 1815/2691/653 1813/2694/652
f 1817/2695/198 1863/2696/195 1865/2697/197
f 1863/2696/195 1817/2695/198 1815/2698/653
f 1819/2699/654 1867/2697/197 1868/2700/199
f 1867/2697/197 1819/2699/654 1817/2695/198
f 1821/2701/655 1868/2702/199 1871/2703/201
f 1868/2702/199 1821/2701/655 1819/2704/654
f 1823/2705/656 1871/2706/201 1873/2707/203
f 1871/2706/201 1823/2705/656 1821/2708/655
f 1825/2709/657 1873/2710/203 1875/2711/205
f 1873/2710/203 1825/2709/657 1823/2712/656
f 1827/2713/658 1875/2714/205 1877/2715/207
f 1875/2714/205 1827/2713/658 1825/2716/657
f 1829/2717/659 1877/2718/207 1879/2719/209
f 1877/2718/207 1829/2717/659 1827/2720/658
f 1831/2721/660 1879/2722/209 1881/2723/211
f 1879/2722/209 1831/2721/660 1829/2724/659
f 1833/2725/661 1881/2726/211 1883/2727/213
f 1881/2726/211 1833/2725/661 1831/2728/660
f 1835/2729/662 1883/2730/213 1885/2731/215
f 1883/2730/213 1835/2729/662 1833/2732/661
f 1837/2733/663 1885/2734/215 1887/2735/217
f 1885/2734/215 1837/2733/663 1835/2736/662
f 1839/2737/664 1887/2738/217 1889/2739/219
f 1887/2738/217 1839/2737/664 1837/2740/663
f 1891/2741/222 1839/2742/664 1889/2743/219
f 1839/2742/664 1891/2741/222 1841/2744/665
f 1893/2745/224 1841/2746/665 1891/2747/222
f 1841/2746/665 1893/2745/224 1843/2748/666
f 1895/2749/226 1843/2750/666 1893/2751/224
f 1843/2750/666 1895/2749/226 1845/2752/667
f 1847/2753/228 1845/2754/667 1895/2755/226
f 1845/2754/667 1847/2753/228 1795/2756/645
usemtl material_1_0
f 5//521 6//522 7//521
f 8//522 7//521 6//522
f 5//521 7//521 11//520
f 12//520 11//520 7//521
f 17//668 18//669 19//670
f 20//671 19//670 18//669
f 6//522 23//523 8//522
f 24//523 8//522 23//523
f 29//672 30//673 31//668
f 32//669 31//668 30//673
f 35//519 11//520 36//519
f 12//520 36//519 11//520
f 17//668 19//670 39//674
f 40//675 39//674 19//670
f 29//672 31//668 43//676
f 44//674 43//676 31//668
f 19//670 20//671 47//677
f 48//678 47//677 20//671
f 18//669 51//679 20//671
f 52//680 20//671 51//679
f 24//523 23//523 55//524
f 56//524 55//524 23//523
f 30//673 59//681 32//669
f 60//679 32//669 59//681
f 63//682 64//683 29//672
f 30//673 29//672 64//683
f 67//684 43//676 68//685
f 44//674 68//685 43//676
f 71//517 35//519 72//517
f 36//519 72//517 35//519
f 75//685 39//674 76//686
f 40//675 76//686 39//674
f 19//670 47//677 40//675
f 78//687 40//675 47//677
f 63//682 29//672 80//688
f 43//676 80//688 29//672
f 47//677 48//678 83//689
f 84//690 83//689 48//678
f 20//671 52//680 48//678
f 86//691 48//678 52//680
f 52//680 51//679 89//692
f 90//693 89//692 51//679
f 55//524 56//524 93//525
f 94//525 93//525 56//524
f 60//679 59//681 97//693
f 98//694 97//693 59//681
f 64//683 100//695 30//673
f 59//681 30//673 100//695
f 103//696 104//697 63//682
f 64//683 63//682 104//697
f 106//698 80//688 67//684
f 43//676 67//684 80//688
f 109//699 67//684 110//700
f 68//685 110//700 67//684
f 113//516 71//517 114//516
f 72//517 114//516 71//517
f 117//700 75//685 118//701
f 76//686 118//701 75//685
f 76//686 40//675 120//702
f 78//687 120//702 40//675
f 47//677 83//689 78//687
f 122//703 78//687 83//689
f 103//696 63//682 124//704
f 80//688 124//704 63//682
f 127//705 128//706 84//690
f 83//689 84//690 128//706
f 48//678 86//691 84//690
f 130//707 84//690 86//691
f 86//691 52//680 132//708
f 89//692 132//708 52//680
f 89//692 90//693 135//709
f 136//710 135//709 90//693
f 93//525 94//525 139//526
f 140//526 139//526 94//525
f 97//693 98//694 143//710
f 144//711 143//710 98//694
f 59//681 100//695 98//694
f 146//712 98//694 100//695
f 104//697 148//713 64//683
f 100//695 64//683 148//713
f 104//697 103//696 151//714
f 152//715 151//714 103//696
f 154//716 124//704 106//698
f 80//688 106//698 124//704
f 156//717 106//698 109//699
f 67//684 109//699 106//698
f 159//718 109//699 160//719
f 110//700 160//719 109//699
f 163//515 113//516 164//515
f 114//516 164//515 113//516
f 167//719 117//700 168//720
f 118//701 168//720 117//700
f 118//701 76//686 170//721
f 120//702 170//721 76//686
f 120//702 78//687 172//722
f 122//703 172//722 78//687
f 128//706 174//723 83//689
f 122//703 83//689 174//723
f 103//696 124//704 152//715
f 176//724 152//715 124//704
f 179//725 180//726 127//705
f 128//706 127//705 180//726
f 182//727 127//705 130//707
f 84//690 130//707 127//705
f 184//728 130//707 132//708
f 86//691 132//708 130//707
f 132//708 89//692 186//729
f 135//709 186//729 89//692
f 135//709 136//710 189//730
f 190//731 189//730 136//710
f 139//526 140//526 193//527
f 194//527 193//527 140//526
f 143//710 144//711 197//731
f 198//732 197//731 144//711
f 98//694 146//712 144//711
f 200//733 144//711 146//712
f 146//712 100//695 202//734
f 148//713 202//734 100//695
f 148//713 104//697 204//735
f 151//714 204//735 104//697
f 151//714 152//715 207//736
f 208//737 207//736 152//715
f 124//704 154//716 176//724
f 210//738 176//724 154//716
f 212//739 154//716 156//717
f 106//698 156//717 154//716
f 214//740 156//717 159//718
f 109//699 159//718 156//717
f 217//741 159//718 218//742
f 160//719 218//742 159//718
f 163//515 164//515 221//743
f 222//743 221//743 164//515
f 225//742 167//719 226//744
f 168//720 226//744 167//719
f 168//720 118//701 228//745
f 170//721 228//745 118//701
f 170//721 120//702 230//746
f 172//722 230//746 120//702
f 174//723 232//747 122//703
f 172//722 122//703 232//747
f 180//726 234//748 128//706
f 174//723 128//706 234//748
f 152//715 176//724 208//737
f 236//749 208//737 176//724
f 239//750 240//751 179//725
f 180//726 179//725 240//751
f 242//752 179//725 182//727
f 127//705 182//727 179//725
f 244//753 182//727 184//728
f 130//707 184//728 182//727
f 184//728 132//708 246//754
f 186//729 246//754 132//708
f 186//729 135//709 248//755
f 189//730 248//755 135//709
f 189//730 190//731 251//756
f 252//757 251//756 190//731
f 193//527 194//527 255//528
f 256//528 255//528 194//527
f 197//731 198//732 259//757
f 260//758 259//757 198//732
f 144//711 200//733 198//732
f 262//759 198//732 200//733
f 146//712 202//734 200//733
f 264//760 200//733 202//734
f 202//734 148//713 266//761
f 204//735 266//761 148//713
f 204//735 151//714 268//762
f 207//736 268//762 151//714
f 207//736 208//737 271//750
f 272//751 271//750 208//737
f 176//724 210//738 236//749
f 274//763 236//749 210//738
f 154//716 212//739 210//738
f 276//764 210//738 212//739
f 278//765 212//739 214//740
f 156//717 214//740 212//739
f 280//766 214//740 217//741
f 159//718 217//741 214//740
f 217//741 218//742 283//767
f 284//768 283//767 218//742
f 289//514 290//743 291//514
f 292//743 291//514 290//743
f 225//742 226//744 295//768
f 296//767 295//768 226//744
f 226//744 168//720 298//769
f 228//745 298//769 168//720
f 228//745 170//721 300//770
f 230//746 300//770 170//721
f 232//747 302//771 172//722
f 230//746 172//722 302//771
f 234//748 304//772 174//723
f 232//747 174//723 304//772
f 240//751 306//773 180//726
f 234//748 180//726 306//773
f 208//737 236//749 272//751
f 308//773 272//751 236//749
f 310//774 239//750 242//752
f 179//725 242//752 239//750
f 312//775 242//752 244//753
f 182//727 244//753 242//752
f 314//776 244//753 246//754
f 184//728 246//754 244//753
f 246//754 186//729 316//777
f 248//755 316//777 186//729
f 248//755 189//730 318//778
f 251//756 318//778 189//730
f 251//756 252//757 321//779
f 322//780 321//779 252//757
f 255//528 256//528 325//529
f 326//529 325//529 256//528
f 259//757 260//758 329//780
f 330//781 329//780 260//758
f 198//732 262//759 260//758
f 332//782 260//758 262//759
f 200//733 264//760 262//759
f 334//783 262//759 264//760
f 264//760 202//734 336//784
f 266//761 336//784 202//734
f 266//761 204//735 338//785
f 268//762 338//785 204//735
f 268//762 207//736 340//774
f 271//750 340//774 207//736
f 445//786 446//786 447//786
f 446//786 448//786 447//786
f 448//786 449//786 447//786
f 447//786 449//786 450//786
f 449//786 451//786 450//786
f 451//786 452//786 450//786
f 450//786 452//786 453//786
f 452//786 454//786 453//786
f 453//786 454//786 455//786
f 454//786 456//786 455//786
f 455//786 456//786 457//786
f 456//786 458//786 457//786
f 457//786 458//786 459//786
f 458//786 460//786 459//786
f 459//786 460//786 461//786
f 460//786 462//786 461//786
f 461//786 462//786 463//786
f 462//786 464//786 463//786
f 463//786 464//786 465//786
f 464//786 466//786 465//786
f 465//786 466//786 467//786
f 466//786 468//786 467//786
f 467//786 468//786 469//786
f 468//786 470//786 469//786
f 470//786 471//786 469//786
f 469//786 471//786 472//786
f 471//786 473//786 472//786
f 472//786 473//786 474//786
f 473//786 475//786 474//786
f 474//786 475//786 476//786
f 475//786 477//786 476//786
f 476//786 477//786 478//786
f 477//786 479//786 478//786
f 478//786 479//786 480//786
f 479//786 481//786 480//786
f 480//786 481//786 482//786
f 481//786 483//786 482//786
f 482//786 483//786 484//786
f 483//786 485//786 484//786
f 484//786 485//786 486//786
f 485//786 487//786 486//786
f 486//786 487//786 488//786
f 487//786 489//786 488//786
f 488//786 489//786 490//786
f 489//786 491//786 490//786
f 490//786 491//786 492//786
f 491//786 493//786 492//786
f 493//786 494//786 492//786
f 492//786 494//786 495//786
f 494//786 496//786 495//786
f 496//786 497//786 495//786
f 495//786 497//786 498//786
f 497//786 499//786 498//786
f 500//786 498//786 499//786
f 449//786 448//786 501//786
f 448//786 502//786 501//786
f 501//786 502//786 503//786
f 503//786 502//786 504//786
f 502//786 505//786 504//786
f 504//786 505//786 506//786
f 505//786 507//786 506//786
f 506//786 507//786 508//786
f 507//786 509//786 508//786
f 508//786 509//786 510//786
f 509//786 511//786 510//786
f 510//786 511//786 512//786
f 511//786 513//786 512//786
f 512//786 513//786 514//786
f 513//786 515//786 514//786
f 514//786 515//786 516//786
f 515//786 517//786 516//786
f 516//786 517//786 518//786
f 517//786 519//786 518//786
f 518//786 519//786 520//786
f 519//786 521//786 520//786
f 520//786 521//786 522//786
f 522//786 521//786 523//786
f 521//786 524//786 523//786
f 523//786 524//786 525//786
f 524//786 526//786 525//786
f 525//786 526//786 527//786
f 526//786 528//786 527//786
f 527//786 528//786 529//786
f 528//786 530//786 529//786
f 529//786 530//786 531//786
f 530//786 532//786 531//786
f 531//786 532//786 533//786
f 532//786 534//786 533//786
f 533//786 534//786 535//786
f 534//786 536//786 535//786
f 535//786 536//786 537//786
f 536//786 538//786 537//786
f 537//786 538//786 539//786
f 538//786 540//786 539//786
f 539//786 540//786 541//786
f 540//786 542//786 541//786
f 541//786 542//786 543//786
f 542//786 544//786 543//786
f 543//786 544//786 545//786
f 545//786 544//786 546//786
f 544//786 547//786 546//786
f 546//786 547//786 548//786
f 547//786 497//786 548//786
f 496//786 548//786 497//786
f 236//749 274//763 308//773
f 550//787 308//773 274//763
f 210//738 276//764 274//763
f 552//788 274//763 276//764
f 212//739 278//765 276//764
f 554//789 276//764 278//765
f 556//790 278//765 280//766
f 214//740 280//766 278//765
f 280//766 217//741 558//791
f 283//767 558//791 217//741
f 562//792 283//767 563//793
f 564//768 563//793 283//767
f 567//513 289//514 568//513
f 291//514 568//513 289//514
f 572//793 573//768 574//794
f 296//767 574//794 573//768
f 226//744 298//769 296//767
f 576//791 296//767 298//769
f 298//769 228//745 578//795
f 300//770 578//795 228//745
f 230//746 302//771 300//770
f 580//796 300//770 302//771
f 304//772 582//797 232//747
f 302//771 232//747 582//797
f 306//773 584//787 234//748
f 304//772 234//748 584//787
f 586//798 310//774 312//775
f 242//752 312//775 310//774
f 588//799 312//775 314//776
f 244//753 314//776 312//775
f 590//800 314//776 316//777
f 246//754 316//777 314//776
f 316//777 248//755 592//801
f 318//778 592//801 248//755
f 318//778 251//756 594//802
f 321//779 594//802 251//756
f 321//779 322//780 597//803
f 598//804 597//803 322//780
f 325//529 326//529 601//530
f 602//530 601//530 326//529
f 329//780 330//781 605//804
f 606//805 605//804 330//781
f 260//758 332//782 330//781
f 608//806 330//781 332//782
f 262//759 334//783 332//782
f 610//807 332//782 334//783
f 334//783 264//760 612//808
f 336//784 612//808 264//760
f 336//784 266//761 614//809
f 338//785 614//809 266//761
f 338//785 268//762 616//798
f 340//774 616//798 268//762
f 620//810 614//809 621//811
f 622//812 621//811 614//809
f 625//813 620//810 626//814
f 621//811 626//814 620//810
f 629//815 625//813 630//816
f 626//814 630//816 625//813
f 633//817 629//815 634//818
f 630//816 634//818 629//815
f 637//819 633//817 638//820
f 634//818 638//820 633//817
f 637//819 638//820 641//821
f 642//822 641//821 638//820
f 641//821 642//822 645//823
f 646//824 645//823 642//822
f 645//823 646//824 649//825
f 650//826 649//825 646//824
f 649//825 650//826 653//827
f 654//828 653//827 650//826
f 653//827 654//828 657//829
f 658//830 657//829 654//828
f 657//829 658//830 661//831
f 662//832 661//831 658//830
f 661//831 662//832 665//833
f 666//834 665//833 662//832
f 665//833 666//834 669//835
f 670//836 669//835 666//834
f 669//835 670//836 673//837
f 674//838 673//837 670//836
f 673//837 674//838 677//839
f 678//840 677//839 674//838
f 677//839 678//840 681//841
f 682//842 681//841 678//840
f 681//841 682//842 685//843
f 686//844 685//843 682//842
f 686//844 689//845 685//843
f 690//846 685//843 689//845
f 689//845 693//847 690//846
f 694//848 690//846 693//847
f 698//847 699//849 694//848
f 700//850 694//848 699//849
f 699//849 703//851 700//850
f 704//852 700//850 703//851
f 703//851 707//853 704//852
f 708//854 704//852 707//853
f 707//853 711//855 708//854
f 712//856 708//854 711//855
f 711//855 715//857 712//856
f 716//858 712//856 715//857
f 715//857 719//859 716//858
f 720//860 716//858 719//859
f 719//859 723//861 720//860
f 724//862 720//860 723//861
f 723//861 727//863 724//862
f 728//864 724//862 727//863
f 727//863 731//865 728//864
f 732//866 728//864 731//865
f 731//865 735//867 732//866
f 736//868 732//866 735//867
f 735//867 739//869 736//868
f 740//870 736//868 739//869
f 743//871 744//872 739//869
f 740//870 739//869 744//872
f 747//873 748//874 743//871
f 744//872 743//871 748//874
f 751//875 752//876 747//873
f 748//874 747//873 752//876
f 755//877 756//878 751//875
f 752//876 751//875 756//878
f 759//879 760//880 755//877
f 756//878 755//877 760//880
f 763//881 764//882 759//879
f 760//880 759//879 764//882
f 767//883 768//884 763//881
f 764//882 763//881 768//884
f 771//885 772//886 767//883
f 768//884 767//883 772//886
f 775//887 776//888 771//885
f 772//886 771//885 776//888
f 779//889 780//890 775//887
f 776//888 775//887 780//890
f 783//891 784//892 779//889
f 780//890 779//889 784//892
f 787//893 788//894 783//891
f 784//892 783//891 788//894
f 792//895 793//896 794//893
f 788//894 794//893 793//896
f 797//897 798//898 792//895
f 793//896 792//895 798//898
f 552//788 798//898 800//899
f 797//897 800//899 798//898
f 274//763 552//788 550//787
f 800//899 550//787 552//788
f 614//809 338//785 622//812
f 616//798 622//812 338//785
f 552//788 276//764 798//898
f 554//789 798//898 276//764
f 554//789 278//765 802//900
f 556//790 802//900 278//765
f 556//790 280//766 804//901
f 558//791 804//901 280//766
f 806//902 558//791 562//792
f 283//767 562//792 558//791
f 809//903 562//792 810//904
f 563//793 810//904 562//792
f 813//512 567//513 814//512
f 568//513 814//512 567//513
f 817//904 572//793 818//905
f 574//794 818//905 572//793
f 574//794 296//767 820//906
f 576//791 820//906 296//767
f 298//769 578//795 576//791
f 822//901 576//791 578//795
f 300//770 580//796 578//795
f 824//907 578//795 580//796
f 302//771 582//797 580//796
f 826//908 580//796 582//797
f 584//787 828//899 304//772
f 582//797 304//772 828//899
f 830//812 586//798 588//799
f 312//775 588//799 586//798
f 832//909 588//799 590//800
f 314//776 590//800 588//799
f 834//910 590//800 592//801
f 316//777 592//801 590//800
f 592//801 318//778 836//911
f 594//802 836//911 318//778
f 594//802 321//779 838//912
f 597//803 838//912 321//779
f 598//804 841//913 597//803
f 842//914 597//803 841//913
f 601//530 602//530 845//531
f 846//531 845//531 602//530
f 606//805 849//915 605//804
f 850//913 605//804 849//915
f 330//781 608//806 606//805
f 852//916 606//805 608//806
f 332//782 610//807 608//806
f 854//917 608//806 610//807
f 610//807 334//783 856//918
f 612//808 856//918 334//783
f 612//808 336//784 620//810
f 614//809 620//810 336//784
f 856//918 612//808 625//813
f 620//810 625//813 612//808
f 858//919 856//918 629//815
f 625//813 629//815 856//918
f 860//920 858//919 633//817
f 629//815 633//817 858//919
f 862//921 860//920 637//819
f 633//817 637//819 860//920
f 862//921 637//819 864//922
f 641//821 864//922 637//819
f 864//922 641//821 866//923
f 645//823 866//923 641//821
f 866//923 645//823 868//924
f 649//825 868//924 645//823
f 868//924 649//825 870//925
f 653//827 870//925 649//825
f 870//925 653//827 872//926
f 657//829 872//926 653//827
f 872//926 657//829 874//927
f 661//831 874//927 657//829
f 874//927 661//831 876//928
f 665//833 876//928 661//831
f 876//928 665//833 878//929
f 669//835 878//929 665//833
f 878//929 669//835 880//930
f 673//837 880//930 669//835
f 880//930 673//837 882//931
f 677//839 882//931 673//837
f 882//931 677//839 884//932
f 681//841 884//932 677//839
f 884//932 681//841 886//933
f 685//843 886//933 681//841
f 685//843 690//846 886//933
f 888//934 886//933 690//846
f 690//846 694//848 888//934
f 890//935 888//934 694//848
f 694//848 700//850 890//935
f 892//936 890//935 700//850
f 700//850 704//852 892//936
f 894//937 892//936 704//852
f 704//852 708//854 894//937
f 896//938 894//937 708//854
f 708//854 712//856 896//938
f 898//939 896//938 712//856
f 712//856 716//858 898//939
f 900//940 898//939 716//858
f 716//858 720//860 900//940
f 902//941 900//940 720//860
f 720//860 724//862 902//941
f 904//942 902//941 724//862
f 724//862 728//864 904//942
f 906//943 904//942 728//864
f 728//864 732//866 906//943
f 908//944 906//943 732//866
f 732//866 736//868 908//944
f 910//945 908//944 736//868
f 736//868 740//870 910//945
f 912//946 910//945 740//870
f 744//872 914//947 740//870
f 912//946 740//870 914//947
f 748//874 916//948 744//872
f 914//947 744//872 916//948
f 752//876 918//949 748//874
f 916//948 748//874 918//949
f 756//878 920//950 752//876
f 918//949 752//876 920//950
f 760//880 922//951 756//878
f 920//950 756//878 922//951
f 764//882 924//952 760//880
f 922//951 760//880 924//952
f 768//884 926//953 764//882
f 924//952 764//882 926//953
f 772//886 928//954 768//884
f 926//953 768//884 928//954
f 776//888 930//955 772//886
f 928//954 772//886 930//955
f 780//890 932//956 776//888
f 930//955 776//888 932//956
f 784//892 934//957 780//890
f 932//956 780//890 934//957
f 788//894 936//958 784//892
f 934//957 784//892 936//958
f 793//896 802//900 788//894
f 936//958 788//894 802//900
f 798//898 554//789 793//896
f 802//900 793//896 554//789
f 802//900 556//790 936//958
f 804//901 936//958 556//790
f 938//959 804//901 806//902
f 558//791 806//902 804//901
f 940//960 806//902 809//903
f 562//792 809//903 806//902
f 943//961 809//903 944//962
f 810//904 944//962 809//903
f 947//511 813//512 948//511
f 814//512 948//511 813//512
f 951//962 817//904 952//963
f 818//905 952//963 817//904
f 818//905 574//794 954//964
f 820//906 954//964 574//794
f 820//906 576//791 956//965
f 822//901 956//965 576//791
f 578//795 824//907 822//901
f 958//958 822//901 824//907
f 580//796 826//908 824//907
f 960//966 824//907 826//908
f 582//797 828//899 826//908
f 962//897 826//908 828//899
f 964//811 830//812 832//909
f 588//799 832//909 830//812
f 966//967 832//909 834//910
f 590//800 834//910 832//909
f 968//968 834//910 836//911
f 592//801 836//911 834//910
f 836//911 594//802 970//969
f 838//912 970//969 594//802
f 597//803 842//914 838//912
f 972//970 838//912 842//914
f 841//913 975//971 842//914
f 976//972 842//914 975//971
f 845//531 846//531 979//532
f 980//532 979//532 846//531
f 849//915 983//973 850//913
f 984//971 850//913 983//973
f 852//916 986//974 606//805
f 849//915 606//805 986//974
f 608//806 854//917 852//916
f 988//975 852//916 854//917
f 854//917 610//807 858//919
f 856//918 858//919 610//807
f 988//975 854//917 860//920
f 858//919 860//920 854//917
f 990//976 988//975 862//921
f 860//920 862//921 988//975
f 990//976 862//921 992//977
f 864//922 992//977 862//921
f 992//977 864//922 994//978
f 866//923 994//978 864//922
f 994//978 866//923 996//979
f 868//924 996//979 866//923
f 996//979 868//924 998//980
f 870//925 998//980 868//924
f 998//980 870//925 1000//981
f 872//926 1000//981 870//925
f 1000//981 872//926 1002//982
f 874//927 1002//982 872//926
f 1002//982 874//927 1004//983
f 876//928 1004//983 874//927
f 1004//983 876//928 1006//984
f 878//929 1006//984 876//928
f 1006//984 878//929 1008//985
f 880//930 1008//985 878//929
f 1008//985 880//930 1010//986
f 882//931 1010//986 880//930
f 1010//986 882//931 1012//987
f 884//932 1012//987 882//931
f 1012//987 884//932 1014//988
f 886//933 1014//988 884//932
f 886//933 888//934 1014//988
f 1016//989 1014//988 888//934
f 888//934 890//935 1016//989
f 1018//990 1016//989 890//935
f 890//935 892//936 1018//990
f 1020//991 1018//990 892//936
f 892//936 894//937 1020//991
f 1022//992 1020//991 894//937
f 894//937 896//938 1022//992
f 1024//993 1022//992 896//938
f 896//938 898//939 1024//993
f 1026//994 1024//993 898//939
f 898//939 900//940 1026//994
f 1028//995 1026//994 900//940
f 900//940 902//941 1028//995
f 1030//996 1028//995 902//941
f 902//941 904//942 1030//996
f 1032//997 1030//996 904//942
f 904//942 906//943 1032//997
f 1034//998 1032//997 906//943
f 906//943 908//944 1034//998
f 1036//999 1034//998 908//944
f 908//944 910//945 1036//999
f 1038//1000 1036//999 910//945
f 910//945 912//946 1038//1000
f 1040//1001 1038//1000 912//946
f 914//947 1042//1002 912//946
f 1040//1001 912//946 1042//1002
f 916//948 1044//1003 914//947
f 1042//1002 914//947 1044//1003
f 918//949 1046//1004 916//948
f 1044//1003 916//948 1046//1004
f 920//950 1048//1005 918//949
f 1046//1004 918//949 1048//1005
f 922//951 1050//1006 920//950
f 1048//1005 920//950 1050//1006
f 924//952 1052//1007 922//951
f 1050//1006 922//951 1052//1007
f 926//953 1054//1008 924//952
f 1052//1007 924//952 1054//1008
f 928//954 1056//1009 926//953
f 1054//1008 926//953 1056//1009
f 930//955 1058//1010 928//954
f 1056//1009 928//954 1058//1010
f 932//956 1060//1011 930//955
f 1058//1010 930//955 1060//1011
f 934//957 938//959 932//956
f 1060//1011 932//956 938//959
f 936//958 804//901 934//957
f 938//959 934//957 804//901
f 1060//1011 938//959 940//960
f 806//902 940//960 938//959
f 1062//1012 940//960 943//961
f 809//903 943//961 940//960
f 1065//1013 943//961 1066//1014
f 944//962 1066//1014 943//961
f 1069//510 947//511 1070//510
f 948//511 1070//510 947//511
f 1073//1014 951//962 1074//1015
f 952//963 1074//1015 951//962
f 952//963 818//905 1076//1016
f 954//964 1076//1016 818//905
f 954//964 820//906 1078//1017
f 956//965 1078//1017 820//906
f 822//901 958//958 956//965
f 1080//1018 956//965 958//958
f 824//907 960//966 958//958
f 1082//894 958//958 960//966
f 826//908 962//897 960//966
f 1084//895 960//966 962//897
f 1086//814 964//811 966//967
f 832//909 966//967 964//811
f 1088//1019 966//967 968//968
f 834//910 968//968 966//967
f 1090//1020 968//968 970//969
f 836//911 970//969 968//968
f 838//912 972//970 970//969
f 1092//1021 970//969 972//970
f 842//914 976//972 972//970
f 1094//1022 972//970 976//972
f 975//971 1097//1023 976//972
f 1098//1024 976//972 1097//1023
f 979//532 980//532 1101//499
f 1102//499 1101//499 980//532
f 983//973 1105//1025 984//971
f 1106//1023 984//971 1105//1025
f 986//974 1108//1026 849//915
f 983//973 849//915 1108//1026
f 988//975 990//976 852//916
f 986//974 852//916 990//976
f 990//976 992//977 986//974
f 1108//1026 986//974 992//977
f 992//977 994//978 1108//1026
f 1110//1027 1108//1026 994//978
f 994//978 996//979 1110//1027
f 1112//1028 1110//1027 996//979
f 996//979 998//980 1112//1028
f 1114//1029 1112//1028 998//980
f 998//980 1000//981 1114//1029
f 1116//1030 1114//1029 1000//981
f 1116//1030 1000//981 1118//1031
f 1002//982 1118//1031 1000//981
f 1002//982 1004//983 1118//1031
f 1120//1032 1118//1031 1004//983
f 1004//983 1006//984 1120//1032
f 1122//1033 1120//1032 1006//984
f 1006//984 1008//985 1122//1033
f 1124//1034 1122//1033 1008//985
f 1008//985 1010//986 1124//1034
f 1126//1035 1124//1034 1010//986
f 1010//986 1012//987 1126//1035
f 1128//1036 1126//1035 1012//987
f 1012//987 1014//988 1128//1036
f 1130//1037 1128//1036 1014//988
f 1014//988 1016//989 1130//1037
f 1132//1038 1130//1037 1016//989
f 1016//989 1018//990 1132//1038
f 1134//1039 1132//1038 1018//990
f 1018//990 1020//991 1134//1039
f 1136//1040 1134//1039 1020//991
f 1022//992 1138//1041 1020//991
f 1136//1040 1020//991 1138//1041
f 1022//992 1024//993 1138//1041
f 1140//1042 1138//1041 1024//993
f 1024//993 1026//994 1140//1042
f 1142//1043 1140//1042 1026//994
f 1026//994 1028//995 1142//1043
f 1144//1044 1142//1043 1028//995
f 1028//995 1030//996 1144//1044
f 1146//1045 1144//1044 1030//996
f 1032//997 1148//1046 1030//996
f 1146//1045 1030//996 1148//1046
f 1034//998 1150//1047 1032//997
f 1148//1046 1032//997 1150//1047
f 1036//999 1152//1048 1034//998
f 1150//1047 1034//998 1152//1048
f 1038//1000 1154//1049 1036//999
f 1152//1048 1036//999 1154//1049
f 1040//1001 1156//1050 1038//1000
f 1154//1049 1038//1000 1156//1050
f 1042//1002 1158//1051 1040//1001
f 1156//1050 1040//1001 1158//1051
f 1160//1052 1158//1051 1044//1003
f 1042//1002 1044//1003 1158//1051
f 1162//1053 1160//1052 1046//1004
f 1044//1003 1046//1004 1160//1052
f 1164//1054 1162//1053 1048//1005
f 1046//1004 1048//1005 1162//1053
f 1166//1055 1164//1054 1050//1006
f 1048//1005 1050//1006 1164//1054
f 1168//1056 1166//1055 1052//1007
f 1050//1006 1052//1007 1166//1055
f 1054//1008 1170//1057 1052//1007
f 1168//1056 1052//1007 1170//1057
f 1054//1008 1056//1009 1170//1057
f 1172//1058 1170//1057 1056//1009
f 1056//1009 1058//1010 1172//1058
f 1062//1012 1172//1058 1058//1010
f 1058//1010 1060//1011 1062//1012
f 940//960 1062//1012 1060//1011
f 1172//1058 1062//1012 1065//1013
f 943//961 1065//1013 1062//1012
f 1175//1059 1065//1013 1176//1060
f 1066//1014 1176//1060 1065//1013
f 1069//510 1070//510 1179//472
f 1180//472 1179//472 1070//510
f 1183//1060 1073//1014 1184//1061
f 1074//1015 1184//1061 1073//1014
f 1074//1015 952//963 1186//1062
f 1076//1016 1186//1062 952//963
f 1076//1016 954//964 1188//1063
f 1078//1017 1188//1063 954//964
f 956//965 1080//1018 1078//1017
f 1190//1064 1078//1017 1080//1018
f 958//958 1082//894 1080//1018
f 1192//1065 1080//1018 1082//894
f 960//966 1084//895 1082//894
f 1194//893 1082//894 1084//895
f 1196//816 1086//814 1088//1019
f 966//967 1088//1019 1086//814
f 1198//1066 1088//1019 1090//1020
f 968//968 1090//1020 1088//1019
f 1200//1067 1090//1020 1092//1021
f 970//969 1092//1021 1090//1020
f 972//970 1094//1022 1092//1021
f 1202//1068 1092//1021 1094//1022
f 976//972 1098//1024 1094//1022
f 1204//1069 1094//1022 1098//1024
f 1097//1023 1207//1070 1098//1024
f 1208//1071 1098//1024 1207//1070
f 1101//499 1102//499 1211//460
f 1212//460 1211//460 1102//499
f 1105//1025 1215//1072 1106//1023
f 1216//1070 1106//1023 1215//1072
f 1108//1026 1110//1027 983//973
f 1105//1025 983//973 1110//1027
f 1110//1027 1112//1028 1105//1025
f 1215//1072 1105//1025 1112//1028
f 1112//1028 1114//1029 1215//1072
f 1218//1073 1215//1072 1114//1029
f 1114//1029 1116//1030 1218//1073
f 1220//1074 1218//1073 1116//1030
f 1116//1030 1118//1031 1220//1074
f 1222//1075 1220//1074 1118//1031
f 1118//1031 1120//1032 1222//1075
f 1224//1076 1222//1075 1120//1032
f 1120//1032 1122//1033 1224//1076
f 1226//1077 1224//1076 1122//1033
f 1122//1033 1124//1034 1226//1077
f 1228//1078 1226//1077 1124//1034
f 1124//1034 1126//1035 1228//1078
f 1230//1079 1228//1078 1126//1035
f 1126//1035 1128//1036 1230//1079
f 1232//1080 1230//1079 1128//1036
f 1128//1036 1130//1037 1232//1080
f 1234//1081 1232//1080 1130//1037
f 1130//1037 1132//1038 1234//1081
f 1236//1082 1234//1081 1132//1038
f 1132//1038 1134//1039 1236//1082
f 1238//1083 1236//1082 1134//1039
f 1134//1039 1136//1040 1238//1083
f 1240//1084 1238//1083 1136//1040
f 1138//1041 1242//1085 1136//1040
f 1240//1084 1136//1040 1242//1085
f 1138//1041 1140//1042 1242//1085
f 1244//1086 1242//1085 1140//1042
f 1140//1042 1142//1043 1244//1086
f 1246//1087 1244//1086 1142//1043
f 1142//1043 1144//1044 1246//1087
f 1248//1088 1246//1087 1144//1044
f 1146//1045 1250//1089 1144//1044
f 1248//1088 1144//1044 1250//1089
f 1148//1046 1252//1090 1146//1045
f 1250//1089 1146//1045 1252//1090
f 1150//1047 1254//1091 1148//1046
f 1252//1090 1148//1046 1254//1091
f 1152//1048 1256//1092 1150//1047
f 1254//1091 1150//1047 1256//1092
f 1154//1049 1258//1093 1152//1048
f 1256//1092 1152//1048 1258//1093
f 1156//1050 1260//1094 1154//1049
f 1258//1093 1154//1049 1260//1094
f 1158//1051 1262//1095 1156//1050
f 1260//1094 1156//1050 1262//1095
f 1264//1096 1262//1095 1160//1052
f 1158//1051 1160//1052 1262//1095
f 1266//1097 1264//1096 1162//1053
f 1160//1052 1162//1053 1264//1096
f 1268//1098 1266//1097 1164//1054
f 1162//1053 1164//1054 1266//1097
f 1270//1099 1268//1098 1166//1055
f 1164//1054 1166//1055 1268//1098
f 1272//1100 1270//1099 1168//1056
f 1166//1055 1168//1056 1270//1099
f 1175//1059 1272//1100 1170//1057
f 1168//1056 1170//1057 1272//1100
f 1170//1057 1172//1058 1175//1059
f 1065//1013 1175//1059 1172//1058
f 1176//1060 1274//1101 1175//1059
f 1272//1100 1175//1059 1274//1101
f 1179//472 1180//472 1277//429
f 1278//429 1277//429 1180//472
f 1184//1061 1281//1102 1183//1060
f 1282//1101 1183//1060 1281//1102
f 1184//1061 1074//1015 1284//1103
f 1186//1062 1284//1103 1074//1015
f 1186//1062 1076//1016 1286//1104
f 1188//1063 1286//1104 1076//1016
f 1078//1017 1190//1064 1188//1063
f 1288//1105 1188//1063 1190//1064
f 1080//1018 1192//1065 1190//1064
f 1290//1106 1190//1064 1192//1065
f 1082//894 1293//893 1192//1065
f 1294//891 1192//1065 1293//893
f 1296//818 1196//816 1198//1066
f 1088//1019 1198//1066 1196//816
f 1298//1107 1198//1066 1200//1067
f 1090//1020 1200//1067 1198//1066
f 1200//1067 1092//1021 1300//1108
f 1202//1068 1300//1108 1092//1021
f 1094//1022 1204//1069 1202//1068
f 1302//1109 1202//1068 1204//1069
f 1098//1024 1208//1071 1204//1069
f 1304//1110 1204//1069 1208//1071
f 1207//1070 1307//1111 1208//1071
f 1308//1112 1208//1071 1307//1111
f 1211//460 1212//460 1311//417
f 1312//417 1311//417 1212//460
f 1215//1072 1218//1073 1216//1070
f 1314//1111 1216//1070 1218//1073
f 1218//1073 1220//1074 1314//1111
f 1316//1113 1314//1111 1220//1074
f 1220//1074 1222//1075 1316//1113
f 1318//1114 1316//1113 1222//1075
f 1222//1075 1224//1076 1318//1114
f 1320//1115 1318//1114 1224//1076
f 1224//1076 1226//1077 1320//1115
f 1322//1116 1320//1115 1226//1077
f 1226//1077 1228//1078 1322//1116
f 1324//1117 1322//1116 1228//1078
f 1228//1078 1230//1079 1324//1117
f 1326//1118 1324//1117 1230//1079
f 1230//1079 1232//1080 1326//1118
f 1328//1119 1326//1118 1232//1080
f 1232//1080 1234//1081 1328//1119
f 1330//1120 1328//1119 1234//1081
f 1234//1081 1236//1082 1330//1120
f 1332//1121 1330//1120 1236//1082
f 1236//1082 1238//1083 1332//1121
f 1334//1122 1332//1121 1238//1083
f 1238//1083 1240//1084 1337//1122
f 1338//1123 1337//1122 1240//1084
f 1242//1085 1340//1124 1240//1084
f 1338//1123 1240//1084 1340//1124
f 1242//1085 1244//1086 1340//1124
f 1342//1125 1340//1124 1244//1086
f 1244//1086 1246//1087 1342//1125
f 1344//1126 1342//1125 1246//1087
f 1246//1087 1248//1088 1344//1126
f 1346//1127 1344//1126 1248//1088
f 1250//1089 1348//1128 1248//1088
f 1346//1127 1248//1088 1348//1128
f 1252//1090 1350//1129 1250//1089
f 1348//1128 1250//1089 1350//1129
f 1254//1091 1352//1130 1252//1090
f 1350//1129 1252//1090 1352//1130
f 1256//1092 1354//1131 1254//1091
f 1352//1130 1254//1091 1354//1131
f 1258//1093 1356//1132 1256//1092
f 1354//1131 1256//1092 1356//1132
f 1260//1094 1358//1133 1258//1093
f 1356//1132 1258//1093 1358//1133
f 1262//1095 1360//1134 1260//1094
f 1358//1133 1260//1094 1360//1134
f 1362//1135 1360//1134 1264//1096
f 1262//1095 1264//1096 1360//1134
f 1364//1136 1362//1135 1266//1097
f 1264//1096 1266//1097 1362//1135
f 1366//1137 1364//1136 1268//1098
f 1266//1097 1268//1098 1364//1136
f 1368//1138 1366//1137 1270//1099
f 1268//1098 1270//1099 1366//1137
f 1274//1101 1368//1138 1272//1100
f 1270//1099 1272//1100 1368//1138
f 1278//429 1371//380 1277//429
f 1372//380 1277//429 1371//380
f 1281//1102 1375//1139 1282//1101
f 1376//1138 1282//1101 1375//1139
f 1284//1103 1378//1140 1184//1061
f 1281//1102 1184//1061 1378//1140
f 1284//1103 1186//1062 1380//1141
f 1286//1104 1380//1141 1186//1062
f 1188//1063 1288//1105 1286//1104
f 1382//1142 1286//1104 1288//1105
f 1190//1064 1290//1106 1288//1105
f 1384//1143 1288//1105 1290//1106
f 1192//1065 1294//891 1290//1106
f 1386//889 1290//1106 1294//891
f 1388//820 1296//818 1298//1107
f 1198//1066 1298//1107 1296//818
f 1298//1107 1200//1067 1390//1144
f 1300//1108 1390//1144 1200//1067
f 1300//1108 1202//1068 1392//1145
f 1302//1109 1392//1145 1202//1068
f 1204//1069 1304//1110 1302//1109
f 1394//1146 1302//1109 1304//1110
f 1208//1071 1308//1112 1304//1110
f 1396//1147 1304//1110 1308//1112
f 1307//1111 1399//1113 1308//1112
f 1400//1148 1308//1112 1399//1113
f 1311//417 1312//417 1403//369
f 1404//369 1403//369 1312//417
f 1404//369 1407//315 1403//369
f 1408//315 1403//369 1407//315
f 1407//315 1411//255 1408//315
f 1412//255 1408//315 1411//255
f 1411//255 1415//142 1412//255
f 1416//142 1412//255 1415//142
f 1415//142 1419//115 1416//142
f 1420//115 1416//142 1419//115
f 1419//115 1423//63 1420//115
f 1424//63 1420//115 1423//63
f 1423//63 1427//42 1424//63
f 1428//42 1424//63 1427//42
f 1427//42 1431//25 1428//42
f 1432//25 1428//42 1431//25
f 1431//25 1435//1149 1432//25
f 1436//1149 1432//25 1435//1149
f 1441//1149 1442//11 1443//1149
f 1444//11 1443//1149 1442//11
f 1447//3 1448//3 1442//11
f 1444//11 1442//11 1448//3
f 1447//3 1451//2 1448//3
f 1452//2 1448//3 1451//2
f 1451//2 1455//1 1452//2
f 1456//1 1452//2 1455//1
f 1455//1 1459//8 1456//1
f 1460//8 1456//1 1459//8
f 1463//19 1464//19 1459//8
f 1460//8 1459//8 1464//19
f 1467//34 1468//34 1463//19
f 1464//19 1463//19 1468//34
f 1471//53 1468//34 1472//53
f 1467//34 1472//53 1468//34
f 1475//76 1476//76 1472//53
f 1471//53 1472//53 1476//76
f 1479//103 1480//103 1475//76
f 1476//76 1475//76 1480//103
f 1483//128 1484//128 1479//103
f 1480//103 1479//103 1484//128
f 1487//154 1484//128 1488//154
f 1483//128 1488//154 1484//128
f 1491//266 1492//266 1488//154
f 1487//154 1488//154 1492//266
f 1495//326 1496//326 1491//266
f 1492//266 1491//266 1496//326
f 1372//380 1371//380 1495//326
f 1496//326 1495//326 1371//380
f 1375//1139 1499//1150 1376//1138
f 1500//1137 1376//1138 1499//1150
f 1378//1140 1502//1151 1281//1102
f 1375//1139 1281//1102 1502//1151
f 1284//1103 1380//1141 1378//1140
f 1504//1152 1378//1140 1380//1141
f 1286//1104 1382//1142 1380//1141
f 1506//1153 1380//1141 1382//1142
f 1288//1105 1384//1143 1382//1142
f 1508//1154 1382//1142 1384//1143
f 1290//1106 1386//889 1384//1143
f 1510//887 1384//1143 1386//889
f 1388//820 1298//1107 1512//822
f 1390//1144 1512//822 1298//1107
f 1390//1144 1300//1108 1514//1155
f 1392//1145 1514//1155 1300//1108
f 1392//1145 1302//1109 1516//1156
f 1394//1146 1516//1156 1302//1109
f 1304//1110 1396//1147 1394//1146
f 1518//1157 1394//1146 1396//1147
f 1308//1112 1400//1148 1396//1147
f 1520//1158 1396//1147 1400//1148
f 1399//1113 1523//1114 1400//1148
f 1524//1159 1400//1148 1523//1114
f 1523//1114 1527//1115 1524//1159
f 1528//1160 1524//1159 1527//1115
f 1527//1115 1531//1116 1528//1160
f 1532//1161 1528//1160 1531//1116
f 1531//1116 1535//1117 1532//1161
f 1536//1162 1532//1161 1535//1117
f 1535//1117 1539//1118 1536//1162
f 1540//1163 1536//1162 1539//1118
f 1539//1118 1543//1119 1540//1163
f 1544//1164 1540//1163 1543//1119
f 1543//1119 1547//1120 1544//1164
f 1548//1165 1544//1164 1547//1120
f 1547//1120 1551//1121 1548//1165
f 1552//1166 1548//1165 1551//1121
f 1551//1121 1555//1122 1552//1166
f 1556//1083 1552//1166 1555//1122
f 1560//1122 1561//1123 1556//1083
f 1562//1167 1556//1083 1561//1123
f 1565//1124 1566//1168 1561//1123
f 1562//1167 1561//1123 1566//1168
f 1565//1124 1569//1125 1566//1168
f 1570//1169 1566//1168 1569//1125
f 1569//1125 1573//1126 1570//1169
f 1574//1170 1570//1169 1573//1126
f 1573//1126 1577//1127 1574//1170
f 1578//1171 1574//1170 1577//1127
f 1581//1128 1582//1172 1577//1127
f 1578//1171 1577//1127 1582//1172
f 1585//1129 1586//1173 1581//1128
f 1582//1172 1581//1128 1586//1173
f 1589//1130 1590//1174 1585//1129
f 1586//1173 1585//1129 1590//1174
f 1593//1131 1594//1175 1589//1130
f 1590//1174 1589//1130 1594//1175
f 1597//1132 1598//1176 1593//1131
f 1594//1175 1593//1131 1598//1176
f 1601//1133 1602//1177 1597//1132
f 1598//1176 1597//1132 1602//1177
f 1605//1134 1606//1178 1601//1133
f 1602//1177 1601//1133 1606//1178
f 1609//1179 1606//1178 1610//1135
f 1605//1134 1610//1135 1606//1178
f 1613//1180 1609//1179 1614//1136
f 1610//1135 1614//1136 1609//1179
f 1499//1150 1613//1180 1500//1137
f 1614//1136 1500//1137 1613//1180
f 1502//1151 1616//1181 1375//1139
f 1499//1150 1375//1139 1616//1181
f 1504//1152 1618//1182 1378//1140
f 1502//1151 1378//1140 1618//1182
f 1380//1141 1506//1153 1504//1152
f 1620//1183 1504//1152 1506//1153
f 1382//1142 1508//1154 1506//1153
f 1622//1184 1506//1153 1508//1154
f 1384//1143 1510//887 1508//1154
f 1624//885 1508//1154 1510//887
f 1512//822 1390//1144 1626//824
f 1514//1155 1626//824 1390//1144
f 1514//1155 1392//1145 1628//1185
f 1516//1156 1628//1185 1392//1145
f 1516//1156 1394//1146 1630//1186
f 1518//1157 1630//1186 1394//1146
f 1396//1147 1520//1158 1518//1157
f 1632//1187 1518//1157 1520//1158
f 1400//1148 1524//1159 1520//1158
f 1634//1188 1520//1158 1524//1159
f 1524//1159 1528//1160 1634//1188
f 1636//1189 1634//1188 1528//1160
f 1528//1160 1532//1161 1636//1189
f 1638//1190 1636//1189 1532//1161
f 1532//1161 1536//1162 1638//1190
f 1640//1191 1638//1190 1536//1162
f 1536//1162 1540//1163 1640//1191
f 1642//1192 1640//1191 1540//1163
f 1540//1163 1544//1164 1642//1192
f 1644//1193 1642//1192 1544//1164
f 1544//1164 1548//1165 1644//1193
f 1646//1194 1644//1193 1548//1165
f 1548//1165 1552//1166 1646//1194
f 1648//1195 1646//1194 1552//1166
f 1552//1166 1556//1083 1648//1195
f 1650//1039 1648//1195 1556//1083
f 1556//1083 1562//1167 1650//1039
f 1652//1196 1650//1039 1562//1167
f 1566//1168 1654//1197 1562//1167
f 1652//1196 1562//1167 1654//1197
f 1566//1168 1570//1169 1654//1197
f 1656//1198 1654//1197 1570//1169
f 1570//1169 1574//1170 1656//1198
f 1658//1199 1656//1198 1574//1170
f 1574//1170 1578//1171 1658//1199
f 1660//1200 1658//1199 1578//1171
f 1582//1172 1662//1201 1578//1171
f 1660//1200 1578//1171 1662//1201
f 1586//1173 1664//1202 1582//1172
f 1662//1201 1582//1172 1664//1202
f 1590//1174 1666//1203 1586//1173
f 1664//1202 1586//1173 1666//1203
f 1594//1175 1668//1204 1590//1174
f 1666//1203 1590//1174 1668//1204
f 1598//1176 1670//1205 1594//1175
f 1668//1204 1594//1175 1670//1205
f 1602//1177 1672//1206 1598//1176
f 1670//1205 1598//1176 1672//1206
f 1606//1178 1674//1207 1602//1177
f 1672//1206 1602//1177 1674//1207
f 1676//1208 1674//1207 1609//1179
f 1606//1178 1609//1179 1674//1207
f 1678//1209 1676//1208 1613//1180
f 1609//1179 1613//1180 1676//1208
f 1616//1181 1678//1209 1499//1150
f 1613//1180 1499//1150 1678//1209
f 1618//1182 1680//1210 1502//1151
f 1616//1181 1502//1151 1680//1210
f 1504//1152 1620//1183 1618//1182
f 1682//1211 1618//1182 1620//1183
f 1506//1153 1622//1184 1620//1183
f 1684//1212 1620//1183 1622//1184
f 1508//1154 1624//885 1622//1184
f 1686//883 1622//1184 1624//885
f 1626//824 1514//1155 1688//826
f 1628//1185 1688//826 1514//1155
f 1628//1185 1516//1156 1690//1213
f 1630//1186 1690//1213 1516//1156
f 1630//1186 1518//1157 1692//1214
f 1632//1187 1692//1214 1518//1157
f 1632//1187 1520//1158 1694//1215
f 1634//1188 1694//1215 1520//1158
f 1634//1188 1636//1189 1694//1215
f 1696//1216 1694//1215 1636//1189
f 1636//1189 1638//1190 1696//1216
f 1698//1217 1696//1216 1638//1190
f 1638//1190 1640//1191 1698//1217
f 1700//1218 1698//1217 1640//1191
f 1640//1191 1642//1192 1700//1218
f 1702//1219 1700//1218 1642//1192
f 1642//1192 1644//1193 1702//1219
f 1704//1220 1702//1219 1644//1193
f 1644//1193 1646//1194 1704//1220
f 1706//1221 1704//1220 1646//1194
f 1646//1194 1648//1195 1706//1221
f 1708//1222 1706//1221 1648//1195
f 1648//1195 1650//1039 1708//1222
f 1710//990 1708//1222 1650//1039
f 1650//1039 1652//1196 1710//990
f 1712//1223 1710//990 1652//1196
f 1654//1197 1714//1224 1652//1196
f 1712//1223 1652//1196 1714//1224
f 1654//1197 1656//1198 1714//1224
f 1716//1225 1714//1224 1656//1198
f 1656//1198 1658//1199 1716//1225
f 1718//1226 1716//1225 1658//1199
f 1658//1199 1660//1200 1718//1226
f 1720//1227 1718//1226 1660//1200
f 1660//1200 1662//1201 1720//1227
f 1722//1228 1720//1227 1662//1201
f 1664//1202 1724//1229 1662//1201
f 1722//1228 1662//1201 1724//1229
f 1666//1203 1726//1230 1664//1202
f 1724//1229 1664//1202 1726//1230
f 1668//1204 1728//1231 1666//1203
f 1726//1230 1666//1203 1728//1231
f 1670//1205 1730//1232 1668//1204
f 1728//1231 1668//1204 1730//1232
f 1672//1206 1732//1233 1670//1205
f 1730//1232 1670//1205 1732//1233
f 1674//1207 1734//1234 1672//1206
f 1732//1233 1672//1206 1734//1234
f 1736//1235 1734//1234 1676//1208
f 1674//1207 1676//1208 1734//1234
f 1738//1236 1736//1235 1678//1209
f 1676//1208 1678//1209 1736//1235
f 1680//1210 1738//1236 1616//1181
f 1678//1209 1616//1181 1738//1236
f 1618//1182 1682//1211 1680//1210
f 1740//1237 1680//1210 1682//1211
f 1620//1183 1684//1212 1682//1211
f 1742//1238 1682//1211 1684//1212
f 1622//1184 1686//883 1684//1212
f 1744//881 1684//1212 1686//883
f 1688//826 1628//1185 1746//828
f 1690//1213 1746//828 1628//1185
f 1690//1213 1630//1186 1748//1239
f 1692//1214 1748//1239 1630//1186
f 1692//1214 1632//1187 1750//1240
f 1694//1215 1750//1240 1632//1187
f 1750//1240 1694//1215 1752//1241
f 1696//1216 1752//1241 1694//1215
f 1752//1241 1696//1216 1754//1242
f 1698//1217 1754//1242 1696//1216
f 1754//1242 1698//1217 1756//1243
f 1700//1218 1756//1243 1698//1217
f 1756//1243 1700//1218 1758//1244
f 1702//1219 1758//1244 1700//1218
f 1758//1244 1702//1219 1760//1245
f 1704//1220 1760//1245 1702//1219
f 1760//1245 1704//1220 1762//1246
f 1706//1221 1762//1246 1704//1220
f 1706//1221 1708//1222 1762//1246
f 1764//1247 1762//1246 1708//1222
f 1708//1222 1710//990 1764//1247
f 1766//935 1764//1247 1710//990
f 1710//990 1712//1223 1766//935
f 1768//1248 1766//935 1712//1223
f 1712//1223 1714//1224 1768//1248
f 1770//1249 1768//1248 1714//1224
f 1714//1224 1716//1225 1770//1249
f 1772//1250 1770//1249 1716//1225
f 1716//1225 1718//1226 1772//1250
f 1774//1251 1772//1250 1718//1226
f 1718//1226 1720//1227 1774//1251
f 1776//1252 1774//1251 1720//1227
f 1720//1227 1722//1228 1776//1252
f 1778//1253 1776//1252 1722//1228
f 1722//1228 1724//1229 1778//1253
f 1780//1254 1778//1253 1724//1229
f 1724//1229 1726//1230 1780//1254
f 1782//1255 1780//1254 1726//1230
f 1726//1230 1728//1231 1782//1255
f 1784//1256 1782//1255 1728//1231
f 1728//1231 1730//1232 1784//1256
f 1786//1257 1784//1256 1730//1232
f 1730//1232 1732//1233 1786//1257
f 1788//1258 1786//1257 1732//1233
f 1734//1234 1790//1259 1732//1233
f 1788//1258 1732//1233 1790//1259
f 1736//1235 1792//1260 1734//1234
f 1790//1259 1734//1234 1792//1260
f 1738//1236 1794//1261 1736//1235
f 1792//1260 1736//1235 1794//1261
f 1680//1210 1740//1237 1738//1236
f 1794//1261 1738//1236 1740//1237
f 1682//1211 1742//1238 1740//1237
f 1796//1262 1740//1237 1742//1238
f 1684//1212 1744//881 1742//1238
f 1798//879 1742//1238 1744//881
f 1746//828 1690//1213 1800//830
f 1748//1239 1800//830 1690//1213
f 1748//1239 1692//1214 1802//1263
f 1750//1240 1802//1263 1692//1214
f 1802//1263 1750//1240 1804//1264
f 1752//1241 1804//1264 1750//1240
f 1804//1264 1752//1241 1806//1265
f 1754//1242 1806//1265 1752//1241
f 1806//1265 1754//1242 1808//1266
f 1756//1243 1808//1266 1754//1242
f 1808//1266 1756//1243 1810//1267
f 1758//1244 1810//1267 1756//1243
f 1810//1267 1758//1244 1812//1268
f 1760//1245 1812//1268 1758//1244
f 1760//1245 1762//1246 1812//1268
f 1814//1269 1812//1268 1762//1246
f 1762//1246 1764//1247 1814//1269
f 1816//1270 1814//1269 1764//1247
f 1764//1247 1766//935 1816//1270
f 1818//848 1816//1270 1766//935
f 1766//935 1768//1248 1818//848
f 1820//1271 1818//848 1768//1248
f 1768//1248 1770//1249 1820//1271
f 1822//1272 1820//1271 1770//1249
f 1770//1249 1772//1250 1822//1272
f 1824//1273 1822//1272 1772//1250
f 1772//1250 1774//1251 1824//1273
f 1826//1274 1824//1273 1774//1251
f 1774//1251 1776//1252 1826//1274
f 1828//1275 1826//1274 1776//1252
f 1776//1252 1778//1253 1828//1275
f 1830//1276 1828//1275 1778//1253
f 1778//1253 1780//1254 1830//1276
f 1832//1277 1830//1276 1780//1254
f 1780//1254 1782//1255 1832//1277
f 1834//1278 1832//1277 1782//1255
f 1782//1255 1784//1256 1834//1278
f 1836//1279 1834//1278 1784//1256
f 1784//1256 1786//1257 1836//1279
f 1838//1280 1836//1279 1786//1257
f 1786//1257 1788//1258 1838//1280
f 1840//1281 1838//1280 1788//1258
f 1790//1259 1842//1282 1788//1258
f 1840//1281 1788//1258 1842//1282
f 1792//1260 1844//1283 1790//1259
f 1842//1282 1790//1259 1844//1283
f 1794//1261 1846//1284 1792//1260
f 1844//1283 1792//1260 1846//1284
f 1740//1237 1796//1262 1794//1261
f 1846//1284 1794//1261 1796//1262
f 1742//1238 1798//879 1796//1262
f 1848//877 1796//1262 1798//879
f 1800//830 1748//1239 1850//832
f 1802//1263 1850//832 1748//1239
f 1850//832 1802//1263 1852//834
f 1804//1264 1852//834 1802//1263
f 1852//834 1804//1264 1854//836
f 1806//1265 1854//836 1804//1264
f 1854//836 1806//1265 1856//838
f 1808//1266 1856//838 1806//1265
f 1856//838 1808//1266 1858//840
f 1810//1267 1858//840 1808//1266
f 1858//840 1810//1267 1860//842
f 1812//1268 1860//842 1810//1267
f 1812//1268 1814//1269 1860//842
f 1862//844 1860//842 1814//1269
f 1814//1269 1816//1270 1862//844
f 1864//845 1862//844 1816//1270
f 1816//1270 1818//848 1864//845
f 1866//847 1864//845 1818//848
f 1818//848 1820//1271 1869//847
f 1870//849 1869//847 1820//1271
f 1820//1271 1822//1272 1870//849
f 1872//851 1870//849 1822//1272
f 1822//1272 1824//1273 1872//851
f 1874//853 1872//851 1824//1273
f 1824//1273 1826//1274 1874//853
f 1876//855 1874//853 1826//1274
f 1826//1274 1828//1275 1876//855
f 1878//857 1876//855 1828//1275
f 1828//1275 1830//1276 1878//857
f 1880//859 1878//857 1830//1276
f 1830//1276 1832//1277 1880//859
f 1882//861 1880//859 1832//1277
f 1832//1277 1834//1278 1882//861
f 1884//863 1882//861 1834//1278
f 1834//1278 1836//1279 1884//863
f 1886//865 1884//863 1836//1279
f 1836//1279 1838//1280 1886//865
f 1888//867 1886//865 1838//1280
f 1838//1280 1840//1281 1888//867
f 1890//869 1888//867 1840//1281
f 1842//1282 1892//871 1840//1281
f 1890//869 1840//1281 1892//871
f 1844//1283 1894//873 1842//1282
f 1892//871 1842//1282 1894//873
f 1846//1284 1896//875 1844//1283
f 1894//873 1844//1283 1896//875
f 1796//1262 1848//877 1846//1284
f 1896//875 1846//1284 1848//877
