# SSTK version 0.8.0
# 96
mtllib original-96.mtl
o #ID713
v -0.503133 0.586080 0.373502
v -0.502895 0.590038 0.377023
v -0.502895 0.590310 0.376692
v -0.502895 0.590310 0.376692
v -0.502895 0.590038 0.377023
v -0.503133 0.586080 0.373502
v -0.502126 0.594833 0.380103
v -0.502126 0.594272 0.380788
v -0.502126 0.594833 0.380103
v -0.502126 0.594272 0.380788
v -0.502895 0.590554 0.376340
v -0.502895 0.590554 0.376340
v -0.502895 0.589741 0.377331
v -0.502895 0.589741 0.377331
v -0.502126 0.593658 0.381425
v -0.502126 0.593658 0.381425
v -0.500853 0.599263 0.383444
v -0.500853 0.598418 0.384476
v -0.500853 0.599263 0.383444
v -0.500853 0.598418 0.384476
v -0.502126 0.595338 0.379376
v -0.502126 0.595338 0.379376
v -0.502895 0.590769 0.375970
v -0.502895 0.590769 0.375970
v -0.502895 0.589420 0.377614
v -0.502895 0.589420 0.377614
v -0.502126 0.592994 0.382012
v -0.502126 0.592994 0.382012
v -0.500853 0.597492 0.385436
v -0.500853 0.597492 0.385436
v -0.499090 0.603554 0.386680
v -0.499090 0.602432 0.388046
v -0.499090 0.603554 0.386680
v -0.499090 0.602432 0.388046
v -0.500853 0.600022 0.382348
v -0.500853 0.600022 0.382348
v -0.502126 0.595781 0.378609
v -0.502126 0.595781 0.378609
v -0.502895 0.590952 0.375584
v -0.502895 0.590952 0.375584
v -0.502895 0.589079 0.377869
v -0.502895 0.589079 0.377869
v -0.502126 0.592284 0.382541
v -0.502126 0.592284 0.382541
v -0.500853 0.596492 0.386317
v -0.500853 0.596492 0.386317
v -0.499090 0.601206 0.389318
v -0.499090 0.601206 0.389318
v -0.496854 0.607660 0.389776
v -0.496854 0.606275 0.391464
v -0.496854 0.607660 0.389776
v -0.496854 0.606275 0.391464
v -0.499090 0.604559 0.385227
v -0.499090 0.604559 0.385227
v -0.500853 0.600691 0.381195
v -0.500853 0.600691 0.381195
v -0.502126 0.596162 0.377810
v -0.502126 0.596162 0.377810
v -0.502895 0.591104 0.375184
v -0.502895 0.591104 0.375184
v -0.502895 0.588716 0.378098
v -0.502895 0.588716 0.378098
v -0.502126 0.591535 0.383012
v -0.502126 0.591535 0.383012
v -0.500853 0.595424 0.387116
v -0.500853 0.595424 0.387116
v -0.499090 0.599881 0.390488
v -0.499090 0.599881 0.390488
v -0.496854 0.604760 0.393036
v -0.496854 0.604760 0.393036
v -0.494170 0.611539 0.392703
v -0.494170 0.609907 0.394694
v -0.494170 0.611539 0.392703
v -0.494170 0.609907 0.394694
v -0.496854 0.608901 0.387982
v -0.496854 0.608901 0.387982
v -0.499090 0.605445 0.383698
v -0.499090 0.605445 0.383698
v -0.500853 0.601264 0.379990
v -0.500853 0.601264 0.379990
v -0.502126 0.596476 0.376982
v -0.502126 0.596476 0.376982
v -0.502895 0.591224 0.374772
v -0.502895 0.591224 0.374772
v -0.502895 0.588337 0.378296
v -0.502895 0.588337 0.378296
v -0.502126 0.590749 0.383421
v -0.502126 0.590749 0.383421
v -0.500853 0.594295 0.387825
v -0.500853 0.594295 0.387825
v -0.499090 0.598465 0.391545
v -0.499090 0.598465 0.391545
v -0.496854 0.603124 0.394479
v -0.496854 0.603124 0.394479
v -0.494170 0.608119 0.396547
v -0.494170 0.608119 0.396547
v -0.491063 0.615152 0.395428
v -0.491063 0.613287 0.397702
v -0.491063 0.615152 0.395428
v -0.491063 0.613287 0.397702
v -0.494170 0.613005 0.390586
v -0.494170 0.613005 0.390586
v -0.496854 0.609996 0.386093
v -0.496854 0.609996 0.386093
v -0.499090 0.606205 0.382102
v -0.499090 0.606205 0.382102
v -0.500853 0.601738 0.378744
v -0.500853 0.601738 0.378744
v -0.502126 0.596724 0.376133
v -0.502126 0.596724 0.376133
v -0.502895 0.591309 0.374354
v -0.502895 0.591309 0.374354
v -0.503152 0.585107 0.373450
v -0.502895 0.587225 0.378765
v -0.503152 0.585664 0.373214
v -0.503152 0.585899 0.373115
v -0.503152 0.585899 0.373115
v -0.503152 0.585664 0.373214
v -0.503152 0.585107 0.373450
v -0.502895 0.587225 0.378765
v -0.502126 0.589323 0.384025
v -0.502126 0.589323 0.384025
v -0.500853 0.593112 0.388441
v -0.500853 0.593112 0.388441
v -0.499090 0.596969 0.392487
v -0.499090 0.596969 0.392487
v -0.496854 0.601375 0.395785
v -0.496854 0.601375 0.395785
v -0.494170 0.606187 0.398250
v -0.494170 0.606187 0.398250
v -0.491063 0.611247 0.399817
v -0.491063 0.611247 0.399817
v -0.487567 0.618462 0.397924
v -0.487567 0.616386 0.400456
v -0.487567 0.618462 0.397924
v -0.487567 0.616386 0.400456
v -0.491063 0.616826 0.393010
v -0.491063 0.616826 0.393010
v -0.494170 0.614295 0.388358
v -0.494170 0.614295 0.388358
v -0.496854 0.610934 0.384123
v -0.496854 0.610934 0.384123
v -0.499090 0.606833 0.380450
v -0.499090 0.606833 0.380450
v -0.500853 0.602110 0.377464
v -0.500853 0.602110 0.377464
v -0.502126 0.596901 0.375265
v -0.502126 0.596901 0.375265
v -0.502895 0.591361 0.373929
v -0.502895 0.591361 0.373929
v -0.503152 0.425207 0.433494
v -0.502895 0.427101 0.438893
v -0.503152 0.425207 0.433494
v -0.502895 0.427101 0.438893
v -0.502126 0.428976 0.444236
v -0.502126 0.428976 0.444236
v -0.500853 0.591376 0.389175
v -0.500853 0.591376 0.389175
v -0.499090 0.595402 0.393302
v -0.499090 0.595402 0.393302
v -0.496854 0.599527 0.396947
v -0.496854 0.599527 0.396947
v -0.494170 0.604126 0.399792
v -0.494170 0.604126 0.399792
v -0.491063 0.609041 0.401763
v -0.491063 0.609041 0.401763
v -0.487567 0.614112 0.402813
v -0.487567 0.614112 0.402813
v -0.484170 0.621084 0.399901
v -0.484170 0.618839 0.402639
v -0.484170 0.621084 0.399901
v -0.484170 0.618839 0.402639
v -0.487567 0.620326 0.395231
v -0.487567 0.620326 0.395231
v -0.491063 0.618300 0.390466
v -0.491063 0.618300 0.390466
v -0.494170 0.615402 0.386033
v -0.494170 0.615402 0.386033
v -0.496854 0.611710 0.382083
v -0.496854 0.611710 0.382083
v -0.499090 0.607326 0.378753
v -0.499090 0.607326 0.378753
v -0.500853 0.602377 0.376158
v -0.500853 0.602377 0.376158
v -0.502126 0.597008 0.374386
v -0.502126 0.597008 0.374386
v -0.502895 0.591409 0.372724
v -0.503152 0.585655 0.373468
v -0.503152 0.585664 0.373214
v -0.503152 0.585690 0.372608
v -0.503152 0.585690 0.372608
v -0.502895 0.591409 0.372724
v -0.503152 0.585664 0.373214
v -0.503152 0.585655 0.373468
v -0.503152 0.339032 0.461639
v -0.502895 0.340652 0.467128
v -0.503152 0.339032 0.461639
v -0.502895 0.340652 0.467128
v -0.502126 0.342255 0.472559
v -0.502126 0.342255 0.472559
v -0.500853 0.430812 0.449468
v -0.500853 0.430812 0.449468
v -0.499090 0.593365 0.394163
v -0.499090 0.593365 0.394163
v -0.496854 0.597593 0.397955
v -0.496854 0.597593 0.397955
v -0.494170 0.601945 0.401162
v -0.494170 0.601945 0.401162
v -0.491063 0.606687 0.403523
v -0.491063 0.606687 0.403523
v -0.487567 0.611656 0.404980
v -0.487567 0.611656 0.404980
v -0.484170 0.616382 0.405187
v -0.484170 0.616382 0.405187
v 0.005267 0.618839 0.402639
v 0.005267 0.621084 0.399901
v 0.005267 0.621084 0.399901
v 0.005267 0.618839 0.402639
v -0.484170 0.623100 0.396991
v -0.484170 0.623100 0.396991
v -0.487567 0.621968 0.392397
v -0.487567 0.621968 0.392397
v -0.491063 0.619563 0.387811
v -0.491063 0.619563 0.387811
v -0.494170 0.616318 0.383625
v -0.494170 0.616318 0.383625
v -0.496854 0.612318 0.379988
v -0.496854 0.612318 0.379988
v -0.499090 0.607680 0.377022
v -0.499090 0.607680 0.377022
v -0.500853 0.602539 0.374834
v -0.500853 0.602539 0.374834
v -0.502126 0.597071 0.372838
v -0.502126 0.597071 0.372838
v -0.502895 0.591409 -0.593888
v -0.503152 0.585690 -0.593888
v -0.503152 0.585690 -0.593888
v -0.502895 0.591409 -0.593888
v -0.503152 0.251682 0.484717
v -0.502895 0.252984 0.490289
v -0.503152 0.251682 0.484717
v -0.502895 0.252984 0.490289
v -0.502126 0.254273 0.495803
v -0.502126 0.254273 0.495803
v -0.500853 0.343825 0.477878
v -0.500853 0.343825 0.477878
v -0.499090 0.432589 0.454536
v -0.499090 0.432589 0.454536
v -0.496854 0.595269 0.398936
v -0.496854 0.595269 0.398936
v -0.494170 0.599661 0.402352
v -0.494170 0.599661 0.402352
v -0.491063 0.604197 0.405088
v -0.491063 0.604197 0.405088
v -0.487567 0.609032 0.406941
v -0.487567 0.609032 0.406941
v -0.484170 0.613727 0.407529
v -0.484170 0.613727 0.407529
v 0.005267 0.616382 0.405187
v 0.005267 0.616382 0.405187
v 0.494704 0.618839 0.402639
v 0.494704 0.621084 0.399901
v 0.494704 0.621084 0.399901
v 0.494704 0.618839 0.402639
v 0.005267 0.623100 0.396991
v 0.005267 0.623100 0.396991
v -0.484170 0.624874 0.393928
v -0.484170 0.624874 0.393928
v -0.487567 0.623375 0.389440
v -0.487567 0.623375 0.389440
v -0.491063 0.620609 0.385063
v -0.491063 0.620609 0.385063
v -0.494170 0.617036 0.381154
v -0.494170 0.617036 0.381154
v -0.496854 0.612756 0.377849
v -0.496854 0.612756 0.377849
v -0.499090 0.607894 0.375267
v -0.499090 0.607894 0.375267
v -0.500853 0.602615 0.372950
v -0.500853 0.602615 0.372950
v -0.502126 0.597071 -0.593888
v -0.502126 0.597071 -0.593888
v -0.503152 0.585690 -0.593888
v 0.513685 -0.653035 -0.593888
v -0.503152 -0.653035 -0.593888
v 0.513685 0.345960 -0.593888
v 0.513685 0.388725 -0.593888
v 0.513685 0.585690 -0.593888
v -0.502895 0.591409 -0.593888
v 0.513428 0.591409 -0.593888
v -0.502126 0.597071 -0.593888
v 0.512659 0.597071 -0.593888
v -0.500853 0.602615 -0.593888
v 0.511387 0.602615 -0.593888
v -0.499090 0.607983 -0.593888
v 0.509624 0.607983 -0.593888
v -0.496854 0.613122 -0.593888
v 0.507388 0.613122 -0.593888
v -0.494170 0.617978 -0.593888
v 0.504703 0.617978 -0.593888
v -0.491063 0.622499 -0.593888
v 0.501597 0.622499 -0.593888
v -0.487567 0.626641 -0.593888
v 0.498101 0.626641 -0.593888
v -0.484170 0.629923 -0.593888
v 0.494704 0.629923 -0.593888
v 0.494704 0.629923 -0.593888
v -0.484170 0.629923 -0.593888
v 0.498101 0.626641 -0.593888
v -0.487567 0.626641 -0.593888
v 0.501597 0.622499 -0.593888
v -0.491063 0.622499 -0.593888
v 0.504703 0.617978 -0.593888
v -0.494170 0.617978 -0.593888
v 0.507388 0.613122 -0.593888
v -0.496854 0.613122 -0.593888
v 0.509624 0.607983 -0.593888
v -0.499090 0.607983 -0.593888
v 0.511387 0.602615 -0.593888
v -0.500853 0.602615 -0.593888
v 0.512659 0.597071 -0.593888
v -0.502126 0.597071 -0.593888
v 0.513428 0.591409 -0.593888
v -0.502895 0.591409 -0.593888
v 0.513685 0.585690 -0.593888
v -0.503152 0.585690 -0.593888
v 0.513685 0.388725 -0.593888
v 0.513685 0.345960 -0.593888
v 0.513685 -0.653035 -0.593888
v -0.503152 -0.653035 -0.593888
v -0.503152 0.163152 0.502744
v -0.502895 0.164132 0.508382
v -0.503152 0.163152 0.502744
v -0.502895 0.164132 0.508382
v -0.502126 0.165102 0.513962
v -0.502126 0.165102 0.513962
v -0.500853 0.255535 0.501203
v -0.500853 0.255535 0.501203
v -0.499090 0.345345 0.483031
v -0.499090 0.345345 0.483031
v -0.496854 0.434291 0.459386
v -0.496854 0.434291 0.459386
v -0.494170 0.597067 0.403448
v -0.494170 0.597067 0.403448
v -0.491063 0.601590 0.406447
v -0.491063 0.601590 0.406447
v -0.487567 0.606259 0.408684
v -0.487567 0.606259 0.408684
v -0.484170 0.610890 0.409649
v -0.484170 0.610890 0.409649
v 0.005267 0.613727 0.407529
v 0.005267 0.613727 0.407529
v 0.494704 0.616382 0.405187
v 0.494704 0.616382 0.405187
v 0.498101 0.616386 0.400456
v 0.498101 0.618462 0.397924
v 0.498101 0.618462 0.397924
v 0.498101 0.616386 0.400456
v 0.494704 0.623100 0.396991
v 0.494704 0.623100 0.396991
v 0.005267 0.624874 0.393928
v 0.005267 0.624874 0.393928
v -0.484170 0.626396 0.390731
v -0.484170 0.626396 0.390731
v -0.487567 0.624540 0.386378
v -0.487567 0.624540 0.386378
v -0.491063 0.621429 0.382239
v -0.491063 0.621429 0.382239
v -0.494170 0.617553 0.378631
v -0.494170 0.617553 0.378631
v -0.496854 0.613019 0.375683
v -0.496854 0.613019 0.375683
v -0.499090 0.607983 0.373059
v -0.499090 0.607983 0.373059
v -0.500853 0.602615 -0.593888
v -0.500853 0.602615 -0.593888
v -0.499090 0.607983 -0.593888
v -0.499090 0.607983 -0.593888
v -0.496854 0.613122 -0.593888
v -0.496854 0.613122 0.373162
v -0.496854 0.613122 -0.593888
v -0.496854 0.613122 0.373162
v -0.494170 0.617978 -0.593888
v -0.494170 0.617978 0.373260
v -0.494170 0.617978 -0.593888
v -0.494170 0.617978 0.373260
v -0.491063 0.622499 -0.593888
v -0.491063 0.622499 0.373352
v -0.491063 0.622499 -0.593888
v -0.491063 0.622499 0.373352
v -0.487567 0.626641 -0.593888
v -0.487567 0.626641 0.373435
v -0.487567 0.626641 -0.593888
v -0.487567 0.626641 0.373435
v -0.484170 0.629923 0.373502
v -0.484170 0.629923 0.373502
v -0.460981 0.629923 0.350313
v 0.005267 0.629923 0.373502
v 0.005267 0.629923 0.350313
v 0.494704 0.629923 0.373502
v 0.471514 0.629923 0.350313
v 0.471514 0.629923 -0.570699
v -0.460981 0.629923 -0.570699
v 0.494704 0.629923 0.373502
v 0.471514 0.629923 -0.570699
v -0.460981 0.629923 -0.570699
v -0.460981 0.629923 0.350313
v 0.471514 0.629923 0.350313
v 0.005267 0.629923 0.350313
v 0.005267 0.629923 0.373502
v 0.498101 0.626641 0.373435
v 0.498101 0.626641 -0.593888
v 0.498101 0.626641 -0.593888
v 0.498101 0.626641 0.373435
v 0.501597 0.622499 0.373352
v 0.501597 0.622499 -0.593888
v 0.501597 0.622499 -0.593888
v 0.501597 0.622499 0.373352
v 0.504703 0.617978 0.373260
v 0.504703 0.617978 -0.593888
v 0.504703 0.617978 -0.593888
v 0.504703 0.617978 0.373260
v 0.507388 0.613122 0.373162
v 0.507388 0.613122 -0.593888
v 0.507388 0.613122 -0.593888
v 0.507388 0.613122 0.373162
v 0.509624 0.607983 0.373059
v 0.509624 0.607983 -0.593888
v 0.509624 0.607983 -0.593888
v 0.509624 0.607983 0.373059
v 0.511387 0.602615 0.372950
v 0.511387 0.602615 -0.593888
v 0.511387 0.602615 -0.593888
v 0.511387 0.602615 0.372950
v 0.512659 0.597071 0.372838
v 0.512659 0.597071 -0.593888
v 0.512659 0.597071 -0.593888
v 0.512659 0.597071 0.372838
v 0.513428 0.591409 0.372724
v 0.513428 0.591409 -0.593888
v 0.513428 0.591409 -0.593888
v 0.513428 0.591409 0.372724
v 0.513685 0.585690 0.372608
v 0.513685 0.585690 -0.593888
v 0.513685 0.585690 -0.593888
v 0.513685 0.585690 0.372608
v -0.503152 0.073733 0.515663
v -0.502895 0.074388 0.521348
v -0.503152 0.073733 0.515663
v -0.502895 0.074388 0.521348
v -0.502126 0.075037 0.526975
v -0.502126 0.075037 0.526975
v -0.500853 0.166053 0.519425
v -0.500853 0.166053 0.519425
v -0.499090 0.256758 0.506434
v -0.499090 0.256758 0.506434
v -0.496854 0.346801 0.487961
v -0.496854 0.346801 0.487961
v -0.494170 0.435899 0.463968
v -0.494170 0.435899 0.463968
v -0.491063 0.598743 0.407649
v -0.491063 0.598743 0.407649
v -0.487567 0.603354 0.410197
v -0.487567 0.603354 0.410197
v -0.484170 0.607894 0.411533
v -0.484170 0.607894 0.411533
v 0.005267 0.610890 0.409649
v 0.005267 0.610890 0.409649
v 0.494704 0.613727 0.407529
v 0.494704 0.613727 0.407529
v 0.498101 0.614112 0.402813
v 0.498101 0.614112 0.402813
v 0.501597 0.613287 0.397702
v 0.501597 0.615152 0.395428
v 0.501597 0.615152 0.395428
v 0.501597 0.613287 0.397702
v 0.498101 0.620326 0.395231
v 0.498101 0.620326 0.395231
v 0.494704 0.624874 0.393928
v 0.494704 0.624874 0.393928
v 0.005267 0.626396 0.390731
v 0.005267 0.626396 0.390731
v -0.484170 0.627655 0.387421
v -0.484170 0.627655 0.387421
v -0.487567 0.625453 0.383234
v -0.487567 0.625453 0.383234
v -0.491063 0.622018 0.379359
v -0.491063 0.622018 0.379359
v -0.494170 0.617863 0.376075
v -0.494170 0.617863 0.376075
v -0.491063 0.622374 0.376439
v -0.491063 0.622374 0.376439
v -0.487567 0.626506 0.376774
v -0.487567 0.626506 0.376774
v -0.484170 0.629780 0.377039
v -0.484170 0.629780 0.377039
v 0.005267 0.629780 0.377039
v 0.005267 0.629780 0.377039
v 0.494704 0.629780 0.377039
v 0.494704 0.629780 0.377039
v 0.498101 0.626506 0.376774
v 0.498101 0.626506 0.376774
v 0.501597 0.622374 0.376439
v 0.501597 0.622374 0.376439
v 0.504703 0.617863 0.376075
v 0.504703 0.617863 0.376075
v 0.507388 0.613019 0.375683
v 0.507388 0.613019 0.375683
v 0.509624 0.607894 0.375267
v 0.509624 0.607894 0.375267
v 0.511387 0.602539 0.374834
v 0.511387 0.602539 0.374834
v 0.512659 0.597008 0.374386
v 0.512659 0.597008 0.374386
v 0.513428 0.591361 0.373929
v 0.513428 0.591361 0.373929
v 0.513666 0.586080 0.373502
v 0.513685 0.585655 0.373468
v 0.513685 0.585664 0.373214
v 0.513685 0.585664 0.373214
v 0.513685 0.585655 0.373468
v 0.513666 0.586080 0.373502
v -0.503152 -0.016280 0.523432
v -0.502895 -0.015952 0.529146
v -0.503152 -0.016280 0.523432
v -0.502895 -0.015952 0.529146
v -0.502126 -0.015627 0.534799
v -0.502126 -0.015627 0.534799
v -0.500853 0.075672 0.532484
v -0.500853 0.075672 0.532484
v -0.499090 0.166973 0.524717
v -0.499090 0.166973 0.524717
v -0.496854 0.257927 0.511439
v -0.496854 0.257927 0.511439
v -0.494170 0.348175 0.492620
v -0.494170 0.348175 0.492620
v -0.491063 0.437397 0.468236
v -0.491063 0.437397 0.468236
v -0.487567 0.600277 0.411497
v -0.487567 0.600277 0.411497
v -0.484170 0.604754 0.413169
v -0.484170 0.604754 0.413169
v 0.005267 0.607894 0.411533
v 0.005267 0.607894 0.411533
v 0.494704 0.610890 0.409649
v 0.494704 0.610890 0.409649
v 0.498101 0.611656 0.404980
v 0.498101 0.611656 0.404980
v 0.501597 0.611247 0.399817
v 0.501597 0.611247 0.399817
v 0.504703 0.609907 0.394694
v 0.504703 0.611539 0.392703
v 0.504703 0.611539 0.392703
v 0.504703 0.609907 0.394694
v 0.501597 0.616826 0.393010
v 0.501597 0.616826 0.393010
v 0.498101 0.621968 0.392397
v 0.498101 0.621968 0.392397
v 0.494704 0.626396 0.390731
v 0.494704 0.626396 0.390731
v 0.005267 0.627655 0.387421
v 0.005267 0.627655 0.387421
v -0.484170 0.628642 0.384022
v -0.484170 0.628642 0.384022
v -0.487567 0.626110 0.380025
v -0.487567 0.626110 0.380025
v -0.484170 0.629352 0.380554
v -0.484170 0.629352 0.380554
v 0.005267 0.629352 0.380554
v 0.005267 0.629352 0.380554
v 0.494704 0.629352 0.380554
v 0.494704 0.629352 0.380554
v 0.498101 0.626110 0.380025
v 0.498101 0.626110 0.380025
v 0.501597 0.622018 0.379359
v 0.501597 0.622018 0.379359
v 0.504703 0.617553 0.378631
v 0.504703 0.617553 0.378631
v 0.507388 0.612756 0.377849
v 0.507388 0.612756 0.377849
v 0.509624 0.607680 0.377022
v 0.509624 0.607680 0.377022
v 0.511387 0.602377 0.376158
v 0.511387 0.602377 0.376158
v 0.512659 0.596901 0.375265
v 0.512659 0.596901 0.375265
v 0.513428 0.591309 0.374354
v 0.513428 0.591309 0.374354
v -0.503152 -0.106590 0.526025
v -0.502895 -0.106590 0.531747
v -0.503152 -0.106590 0.526025
v -0.502895 -0.106590 0.531747
v -0.502126 -0.106590 0.537411
v -0.502126 -0.106590 0.537411
v -0.500853 -0.015308 0.540337
v -0.500853 -0.015308 0.540337
v -0.499090 0.076288 0.537820
v -0.499090 0.076288 0.537820
v -0.496854 0.167854 0.529782
v -0.496854 0.167854 0.529782
v -0.494170 0.259033 0.516169
v -0.494170 0.259033 0.516169
v -0.491063 0.349456 0.496957
v -0.491063 0.349456 0.496957
v -0.487567 0.438768 0.472145
v -0.487567 0.438768 0.472145
v -0.484170 0.601492 0.414546
v -0.484170 0.601492 0.414546
v 0.005267 0.604754 0.413169
v 0.005267 0.604754 0.413169
v 0.494704 0.607894 0.411533
v 0.494704 0.607894 0.411533
v 0.498101 0.609032 0.406941
v 0.498101 0.609032 0.406941
v 0.501597 0.609041 0.401763
v 0.501597 0.609041 0.401763
v 0.504703 0.608119 0.396547
v 0.504703 0.608119 0.396547
v 0.507388 0.606275 0.391464
v 0.507388 0.607660 0.389776
v 0.507388 0.607660 0.389776
v 0.507388 0.606275 0.391464
v 0.504703 0.613005 0.390586
v 0.504703 0.613005 0.390586
v 0.501597 0.618300 0.390466
v 0.501597 0.618300 0.390466
v 0.498101 0.623375 0.389440
v 0.498101 0.623375 0.389440
v 0.494704 0.627655 0.387421
v 0.494704 0.627655 0.387421
v 0.005267 0.628642 0.384022
v 0.005267 0.628642 0.384022
v 0.494704 0.628642 0.384022
v 0.494704 0.628642 0.384022
v 0.498101 0.625453 0.383234
v 0.498101 0.625453 0.383234
v 0.501597 0.621429 0.382239
v 0.501597 0.621429 0.382239
v 0.504703 0.617036 0.381154
v 0.504703 0.617036 0.381154
v 0.507388 0.612318 0.379988
v 0.507388 0.612318 0.379988
v 0.509624 0.607326 0.378753
v 0.509624 0.607326 0.378753
v 0.511387 0.602110 0.377464
v 0.511387 0.602110 0.377464
v 0.512659 0.596724 0.376133
v 0.512659 0.596724 0.376133
v 0.513428 0.591224 0.374772
v 0.513428 0.591224 0.374772
v -0.502895 -0.197228 0.529146
v -0.503152 -0.196900 0.523432
v -0.503152 -0.196900 0.523432
v -0.502895 -0.197228 0.529146
v -0.502126 -0.197553 0.534799
v -0.502126 -0.197553 0.534799
v -0.500853 -0.106590 0.542957
v -0.500853 -0.106590 0.542957
v -0.499090 -0.015000 0.545699
v -0.499090 -0.015000 0.545699
v -0.496854 0.076876 0.542927
v -0.496854 0.076876 0.542927
v -0.494170 0.168686 0.534568
v -0.494170 0.168686 0.534568
v -0.491063 0.260062 0.520574
v -0.491063 0.260062 0.520574
v -0.487567 0.350629 0.500932
v -0.487567 0.350629 0.500932
v -0.484170 0.439855 0.475242
v -0.484170 0.439855 0.475242
v 0.005267 0.601492 0.414546
v -0.155701 0.601492 0.414546
v -0.151710 0.601492 0.414546
v 0.005267 0.601492 0.414546
v -0.155701 0.601492 0.414546
v -0.151710 0.601492 0.414546
v 0.494704 0.604754 0.413169
v 0.494704 0.604754 0.413169
v 0.498101 0.606259 0.408684
v 0.498101 0.606259 0.408684
v 0.501597 0.606687 0.403523
v 0.501597 0.606687 0.403523
v 0.504703 0.606187 0.398250
v 0.504703 0.606187 0.398250
v 0.507388 0.604760 0.393036
v 0.507388 0.604760 0.393036
v 0.509624 0.602432 0.388046
v 0.509624 0.603554 0.386680
v 0.509624 0.603554 0.386680
v 0.509624 0.602432 0.388046
v 0.507388 0.608901 0.387982
v 0.507388 0.608901 0.387982
v 0.504703 0.614295 0.388358
v 0.504703 0.614295 0.388358
v 0.501597 0.619563 0.387811
v 0.501597 0.619563 0.387811
v 0.498101 0.624540 0.386378
v 0.498101 0.624540 0.386378
v 0.501597 0.620609 0.385063
v 0.501597 0.620609 0.385063
v 0.504703 0.616318 0.383625
v 0.504703 0.616318 0.383625
v 0.507388 0.611710 0.382083
v 0.507388 0.611710 0.382083
v 0.509624 0.606833 0.380450
v 0.509624 0.606833 0.380450
v 0.511387 0.601738 0.378744
v 0.511387 0.601738 0.378744
v 0.512659 0.596476 0.376982
v 0.512659 0.596476 0.376982
v 0.513428 0.591104 0.375184
v 0.513428 0.591104 0.375184
v -0.502895 -0.287568 0.521348
v -0.503152 -0.286913 0.515663
v -0.503152 -0.286913 0.515663
v -0.502895 -0.287568 0.521348
v -0.502126 -0.288217 0.526975
v -0.502126 -0.288217 0.526975
v -0.500853 -0.197871 0.540337
v -0.500853 -0.197871 0.540337
v -0.499090 -0.106590 0.548328
v -0.499090 -0.106590 0.548328
v -0.496854 -0.014705 0.550831
v -0.496854 -0.014705 0.550831
v -0.494170 0.077433 0.547752
v -0.494170 0.077433 0.547752
v -0.491063 0.169461 0.539024
v -0.491063 0.169461 0.539024
v -0.487567 0.261005 0.524609
v -0.487567 0.261005 0.524609
v -0.484170 0.387745 0.492262
v -0.484170 0.351558 0.504081
v -0.484170 0.392420 0.490736
v -0.484170 0.392420 0.490736
v -0.484170 0.387745 0.492262
v -0.484170 0.351558 0.504081
v 0.005267 0.601492 0.414546
v 0.494704 0.601492 0.414546
v 0.005267 0.601492 0.414546
v 0.494704 0.601492 0.414546
v 0.498101 0.603354 0.410197
v 0.498101 0.603354 0.410197
v 0.501597 0.604197 0.405088
v 0.501597 0.604197 0.405088
v 0.504703 0.604126 0.399792
v 0.504703 0.604126 0.399792
v 0.507388 0.603124 0.394479
v 0.507388 0.603124 0.394479
v 0.509624 0.601206 0.389318
v 0.509624 0.601206 0.389318
v 0.511387 0.598418 0.384476
v 0.511387 0.599263 0.383444
v 0.511387 0.599263 0.383444
v 0.511387 0.598418 0.384476
v 0.509624 0.604559 0.385227
v 0.509624 0.604559 0.385227
v 0.507388 0.609996 0.386093
v 0.507388 0.609996 0.386093
v 0.504703 0.615402 0.386033
v 0.504703 0.615402 0.386033
v 0.507388 0.610934 0.384123
v 0.507388 0.610934 0.384123
v 0.509624 0.606205 0.382102
v 0.509624 0.606205 0.382102
v 0.511387 0.601264 0.379990
v 0.511387 0.601264 0.379990
v 0.512659 0.596162 0.377810
v 0.512659 0.596162 0.377810
v 0.513428 0.590952 0.375584
v 0.513428 0.590952 0.375584
v -0.502895 -0.377312 0.508382
v -0.503152 -0.376331 0.502744
v -0.503152 -0.376331 0.502744
v -0.502895 -0.377312 0.508382
v -0.502126 -0.378282 0.513962
v -0.502126 -0.378282 0.513962
v -0.500853 -0.288852 0.532484
v -0.500853 -0.288852 0.532484
v -0.499090 -0.198179 0.545699
v -0.499090 -0.198179 0.545699
v -0.496854 -0.106590 0.553468
v -0.496854 -0.106590 0.553468
v -0.494170 -0.014427 0.555680
v -0.494170 -0.014427 0.555680
v -0.491063 0.077951 0.552246
v -0.491063 0.077951 0.552246
v -0.487567 0.170171 0.543107
v -0.487567 0.170171 0.543107
v -0.484170 0.261752 0.527806
v -0.484170 0.261752 0.527806
v 0.498101 0.600277 0.411497
v 0.498101 0.600277 0.411497
v 0.501597 0.601590 0.406447
v 0.501597 0.601590 0.406447
v 0.504703 0.601945 0.401162
v 0.504703 0.601945 0.401162
v 0.507388 0.601375 0.395785
v 0.507388 0.601375 0.395785
v 0.509624 0.599881 0.390488
v 0.509624 0.599881 0.390488
v 0.511387 0.597492 0.385436
v 0.511387 0.597492 0.385436
v 0.512659 0.594272 0.380788
v 0.512659 0.594833 0.380103
v 0.512659 0.594833 0.380103
v 0.512659 0.594272 0.380788
v 0.511387 0.600022 0.382348
v 0.511387 0.600022 0.382348
v 0.509624 0.605445 0.383698
v 0.509624 0.605445 0.383698
v 0.511387 0.600691 0.381195
v 0.511387 0.600691 0.381195
v 0.512659 0.595781 0.378609
v 0.512659 0.595781 0.378609
v 0.513428 0.590769 0.375970
v 0.513428 0.590769 0.375970
v -0.502895 -0.466164 0.490289
v -0.503152 -0.464862 0.484717
v -0.503152 -0.464862 0.484717
v -0.502895 -0.466164 0.490289
v -0.502126 -0.467453 0.495803
v -0.502126 -0.467453 0.495803
v -0.500853 -0.379232 0.519425
v -0.500853 -0.379232 0.519425
v -0.499090 -0.289467 0.537820
v -0.499090 -0.289467 0.537820
v -0.496854 -0.198474 0.550831
v -0.496854 -0.198474 0.550831
v -0.494170 -0.106590 0.558326
v -0.494170 -0.106590 0.558326
v -0.491063 -0.014167 0.560197
v -0.491063 -0.014167 0.560197
v -0.487567 0.078425 0.556362
v -0.487567 0.078425 0.556362
v -0.484170 0.170734 0.546341
v -0.484170 0.170734 0.546341
v 0.498101 0.438768 0.472145
v 0.494704 0.439855 0.475242
v 0.498101 0.438768 0.472145
v 0.494704 0.439855 0.475242
v 0.501597 0.598743 0.407649
v 0.501597 0.598743 0.407649
v 0.504703 0.599661 0.402352
v 0.504703 0.599661 0.402352
v 0.507388 0.599527 0.396947
v 0.507388 0.599527 0.396947
v 0.509624 0.598465 0.391545
v 0.509624 0.598465 0.391545
v 0.511387 0.596492 0.386317
v 0.511387 0.596492 0.386317
v 0.512659 0.593658 0.381425
v 0.512659 0.593658 0.381425
v 0.513428 0.590038 0.377023
v 0.513428 0.590310 0.376692
v 0.513428 0.590310 0.376692
v 0.513428 0.590038 0.377023
v 0.512659 0.595338 0.379376
v 0.512659 0.595338 0.379376
v 0.513428 0.590554 0.376340
v 0.513428 0.590554 0.376340
v -0.502895 -0.553832 0.467128
v -0.503152 -0.552212 0.461639
v -0.503152 -0.552212 0.461639
v -0.502895 -0.553832 0.467128
v -0.502126 -0.555435 0.472559
v -0.502126 -0.555435 0.472559
v -0.500853 -0.468715 0.501203
v -0.500853 -0.468715 0.501203
v -0.499090 -0.380153 0.524717
v -0.499090 -0.380153 0.524717
v -0.496854 -0.290056 0.542927
v -0.496854 -0.290056 0.542927
v -0.494170 -0.198753 0.555680
v -0.494170 -0.198753 0.555680
v -0.491063 -0.106590 0.562850
v -0.491063 -0.106590 0.562850
v -0.487567 -0.013930 0.564333
v -0.487567 -0.013930 0.564333
v -0.484170 0.078802 0.559623
v -0.484170 0.078802 0.559623
v 0.498101 0.350629 0.500932
v 0.494704 0.387745 0.492262
v 0.494704 0.351558 0.504081
v 0.494704 0.392420 0.490736
v 0.494704 0.392420 0.490736
v 0.494704 0.387745 0.492262
v 0.498101 0.350629 0.500932
v 0.494704 0.351558 0.504081
v 0.501597 0.437397 0.468236
v 0.501597 0.437397 0.468236
v 0.504703 0.597067 0.403448
v 0.504703 0.597067 0.403448
v 0.507388 0.597593 0.397955
v 0.507388 0.597593 0.397955
v 0.509624 0.596969 0.392487
v 0.509624 0.596969 0.392487
v 0.511387 0.595424 0.387116
v 0.511387 0.595424 0.387116
v 0.512659 0.592994 0.382012
v 0.512659 0.592994 0.382012
v 0.513428 0.589741 0.377331
v 0.513428 0.589741 0.377331
v -0.502895 -0.653035 0.434728
v -0.503152 -0.653035 0.428710
v -0.503152 -0.653035 0.428710
v -0.502895 -0.653035 0.434728
v -0.502126 -0.653035 0.440683
v -0.502126 -0.653035 0.440683
v -0.500853 -0.557005 0.477878
v -0.500853 -0.557005 0.477878
v -0.499090 -0.469937 0.506434
v -0.499090 -0.469937 0.506434
v -0.496854 -0.381033 0.529782
v -0.496854 -0.381033 0.529782
v -0.494170 -0.290612 0.547752
v -0.494170 -0.290612 0.547752
v -0.491063 -0.199012 0.560197
v -0.491063 -0.199012 0.560197
v -0.487567 -0.106590 0.566993
v -0.487567 -0.106590 0.566993
v -0.484170 -0.013741 0.567611
v -0.484170 -0.013741 0.567611
v 0.494704 0.261752 0.527806
v 0.498101 0.261005 0.524609
v 0.494704 0.261752 0.527806
v 0.498101 0.261005 0.524609
v 0.501597 0.349456 0.496957
v 0.501597 0.349456 0.496957
v 0.504703 0.435899 0.463968
v 0.504703 0.435899 0.463968
v 0.507388 0.595269 0.398936
v 0.507388 0.595269 0.398936
v 0.509624 0.595402 0.393302
v 0.509624 0.595402 0.393302
v 0.511387 0.594295 0.387825
v 0.511387 0.594295 0.387825
v 0.512659 0.592284 0.382541
v 0.512659 0.592284 0.382541
v 0.513428 0.589420 0.377614
v 0.513428 0.589420 0.377614
v -0.500853 -0.653035 0.446515
v -0.500853 -0.653035 0.446515
v -0.499090 -0.558525 0.483031
v -0.499090 -0.558525 0.483031
v -0.496854 -0.471107 0.511439
v -0.496854 -0.471107 0.511439
v -0.494170 -0.381866 0.534568
v -0.494170 -0.381866 0.534568
v -0.491063 -0.291131 0.552246
v -0.491063 -0.291131 0.552246
v -0.487567 -0.199250 0.564333
v -0.487567 -0.199250 0.564333
v -0.484170 -0.106590 0.570277
v -0.484170 -0.106590 0.570277
v 0.494704 0.170734 0.546341
v 0.498101 0.170171 0.543107
v 0.494704 0.170734 0.546341
v 0.498101 0.170171 0.543107
v 0.501597 0.260062 0.520574
v 0.501597 0.260062 0.520574
v 0.504703 0.348175 0.492620
v 0.504703 0.348175 0.492620
v 0.507388 0.434291 0.459386
v 0.507388 0.434291 0.459386
v 0.509624 0.593365 0.394163
v 0.509624 0.593365 0.394163
v 0.511387 0.593112 0.388441
v 0.511387 0.593112 0.388441
v 0.512659 0.591535 0.383012
v 0.512659 0.591535 0.383012
v 0.513428 0.589079 0.377869
v 0.513428 0.589079 0.377869
v -0.499090 -0.653035 0.452162
v -0.499090 -0.653035 0.452162
v -0.496854 -0.559980 0.487961
v -0.496854 -0.559980 0.487961
v -0.494170 -0.472213 0.516169
v -0.494170 -0.472213 0.516169
v -0.491063 -0.382641 0.539024
v -0.491063 -0.382641 0.539024
v -0.487567 -0.291605 0.556362
v -0.487567 -0.291605 0.556362
v -0.484170 -0.199438 0.567611
v -0.484170 -0.199438 0.567611
v 0.494704 0.078802 0.559623
v 0.498101 0.078425 0.556362
v 0.494704 0.078802 0.559623
v 0.498101 0.078425 0.556362
v 0.501597 0.169461 0.539024
v 0.501597 0.169461 0.539024
v 0.504703 0.259033 0.516169
v 0.504703 0.259033 0.516169
v 0.507388 0.346801 0.487961
v 0.507388 0.346801 0.487961
v 0.509624 0.432589 0.454536
v 0.509624 0.432589 0.454536
v 0.511387 0.591376 0.389175
v 0.511387 0.591376 0.389175
v 0.512659 0.590749 0.383421
v 0.512659 0.590749 0.383421
v 0.513428 0.588716 0.378098
v 0.513428 0.588716 0.378098
v -0.496854 -0.653035 0.457568
v -0.496854 -0.653035 0.457568
v -0.494170 -0.561355 0.492620
v -0.494170 -0.561355 0.492620
v -0.491063 -0.473242 0.520574
v -0.491063 -0.473242 0.520574
v -0.487567 -0.383351 0.543107
v -0.487567 -0.383351 0.543107
v -0.484170 -0.291981 0.559623
v -0.484170 -0.291981 0.559623
v 0.494704 -0.013741 0.567611
v 0.498101 -0.013930 0.564333
v 0.494704 -0.013741 0.567611
v 0.498101 -0.013930 0.564333
v 0.501597 0.077951 0.552246
v 0.501597 0.077951 0.552246
v 0.504703 0.168686 0.534568
v 0.504703 0.168686 0.534568
v 0.507388 0.257927 0.511439
v 0.507388 0.257927 0.511439
v 0.509624 0.345345 0.483031
v 0.509624 0.345345 0.483031
v 0.511387 0.430812 0.449468
v 0.511387 0.430812 0.449468
v 0.512659 0.589323 0.384025
v 0.512659 0.589323 0.384025
v 0.513428 0.588337 0.378296
v 0.513428 0.588337 0.378296
v -0.494170 -0.653035 0.462676
v -0.494170 -0.653035 0.462676
v -0.491063 -0.562636 0.496957
v -0.491063 -0.562636 0.496957
v -0.487567 -0.474185 0.524609
v -0.487567 -0.474185 0.524609
v -0.484170 -0.375959 0.547490
v -0.484170 -0.383913 0.546341
v -0.484170 -0.368159 0.548618
v -0.484170 -0.368159 0.548618
v -0.484170 -0.375959 0.547490
v -0.484170 -0.383913 0.546341
v 0.494704 -0.106590 0.570277
v 0.498101 -0.106590 0.566993
v 0.494704 -0.106590 0.570277
v 0.498101 -0.106590 0.566993
v 0.501597 -0.014167 0.560197
v 0.501597 -0.014167 0.560197
v 0.504703 0.077433 0.547752
v 0.504703 0.077433 0.547752
v 0.507388 0.167854 0.529782
v 0.507388 0.167854 0.529782
v 0.509624 0.256758 0.506434
v 0.509624 0.256758 0.506434
v 0.511387 0.343825 0.477878
v 0.511387 0.343825 0.477878
v 0.512659 0.428976 0.444236
v 0.512659 0.428976 0.444236
v 0.513428 0.587225 0.378765
v 0.513428 0.587225 0.378765
v -0.491063 -0.653035 0.467433
v -0.491063 -0.653035 0.467433
v -0.487567 -0.563808 0.500932
v -0.487567 -0.563808 0.500932
v -0.484170 -0.474932 0.527806
v -0.484170 -0.474932 0.527806
v 0.498101 -0.199250 0.564333
v 0.494704 -0.199438 0.567611
v 0.498101 -0.199250 0.564333
v 0.494704 -0.199438 0.567611
v 0.501597 -0.106590 0.562850
v 0.501597 -0.106590 0.562850
v 0.504703 -0.014427 0.555680
v 0.504703 -0.014427 0.555680
v 0.507388 0.076876 0.542927
v 0.507388 0.076876 0.542927
v 0.509624 0.166973 0.524717
v 0.509624 0.166973 0.524717
v 0.511387 0.255535 0.501203
v 0.511387 0.255535 0.501203
v 0.512659 0.342255 0.472559
v 0.512659 0.342255 0.472559
v 0.513428 0.427101 0.438893
v 0.513428 0.427101 0.438893
v 0.513685 0.585107 0.373450
v 0.513685 0.585664 0.373214
v 0.513685 0.585899 0.373115
v 0.513685 0.585899 0.373115
v 0.513685 0.585664 0.373214
v 0.513685 0.585107 0.373450
v -0.487567 -0.653035 0.471790
v -0.487567 -0.653035 0.471790
v -0.484170 -0.564738 0.504081
v -0.484170 -0.564738 0.504081
v 0.498101 -0.291605 0.556362
v 0.494704 -0.291981 0.559623
v 0.498101 -0.291605 0.556362
v 0.494704 -0.291981 0.559623
v 0.501597 -0.199012 0.560197
v 0.501597 -0.199012 0.560197
v 0.504703 -0.106590 0.558326
v 0.504703 -0.106590 0.558326
v 0.507388 -0.014705 0.550831
v 0.507388 -0.014705 0.550831
v 0.509624 0.076288 0.537820
v 0.509624 0.076288 0.537820
v 0.511387 0.166053 0.519425
v 0.511387 0.166053 0.519425
v 0.512659 0.254273 0.495803
v 0.512659 0.254273 0.495803
v 0.513428 0.340652 0.467128
v 0.513428 0.340652 0.467128
v 0.513685 0.425207 0.433494
v 0.513685 0.425207 0.433494
v -0.484170 -0.653035 0.475242
v -0.484170 -0.653035 0.475242
v 0.498101 -0.383351 0.543107
v 0.494704 -0.375959 0.547490
v 0.494704 -0.383913 0.546341
v 0.494704 -0.368159 0.548618
v 0.494704 -0.368159 0.548618
v 0.494704 -0.375959 0.547490
v 0.498101 -0.383351 0.543107
v 0.494704 -0.383913 0.546341
v 0.501597 -0.291131 0.552246
v 0.501597 -0.291131 0.552246
v 0.504703 -0.198753 0.555680
v 0.504703 -0.198753 0.555680
v 0.507388 -0.106590 0.553468
v 0.507388 -0.106590 0.553468
v 0.509624 -0.015000 0.545699
v 0.509624 -0.015000 0.545699
v 0.511387 0.075672 0.532484
v 0.511387 0.075672 0.532484
v 0.512659 0.165102 0.513962
v 0.512659 0.165102 0.513962
v 0.513428 0.252984 0.490289
v 0.513428 0.252984 0.490289
v 0.513685 0.339032 0.461639
v 0.513685 0.339032 0.461639
v 0.498101 -0.474185 0.524609
v 0.494704 -0.474932 0.527806
v 0.498101 -0.474185 0.524609
v 0.494704 -0.474932 0.527806
v 0.501597 -0.382641 0.539024
v 0.501597 -0.382641 0.539024
v 0.504703 -0.290612 0.547752
v 0.504703 -0.290612 0.547752
v 0.507388 -0.198474 0.550831
v 0.507388 -0.198474 0.550831
v 0.509624 -0.106590 0.548328
v 0.509624 -0.106590 0.548328
v 0.511387 -0.015308 0.540337
v 0.511387 -0.015308 0.540337
v 0.512659 0.075037 0.526975
v 0.512659 0.075037 0.526975
v 0.513428 0.164132 0.508382
v 0.513428 0.164132 0.508382
v 0.513685 0.251682 0.484717
v 0.513685 0.251682 0.484717
v 0.498101 -0.563808 0.500932
v 0.494704 -0.564738 0.504081
v 0.498101 -0.563808 0.500932
v 0.494704 -0.564738 0.504081
v 0.501597 -0.473242 0.520574
v 0.501597 -0.473242 0.520574
v 0.504703 -0.381866 0.534568
v 0.504703 -0.381866 0.534568
v 0.507388 -0.290056 0.542927
v 0.507388 -0.290056 0.542927
v 0.509624 -0.198179 0.545699
v 0.509624 -0.198179 0.545699
v 0.511387 -0.106590 0.542957
v 0.511387 -0.106590 0.542957
v 0.512659 -0.015627 0.534799
v 0.512659 -0.015627 0.534799
v 0.513428 0.074388 0.521348
v 0.513428 0.074388 0.521348
v 0.513685 0.163152 0.502744
v 0.513685 0.163152 0.502744
v 0.494704 -0.653035 0.475242
v 0.498101 -0.653035 0.471790
v 0.498101 -0.653035 0.471790
v 0.494704 -0.653035 0.475242
v 0.501597 -0.562636 0.496957
v 0.501597 -0.562636 0.496957
v 0.504703 -0.472213 0.516169
v 0.504703 -0.472213 0.516169
v 0.507388 -0.381033 0.529782
v 0.507388 -0.381033 0.529782
v 0.509624 -0.289467 0.537820
v 0.509624 -0.289467 0.537820
v 0.511387 -0.197871 0.540337
v 0.511387 -0.197871 0.540337
v 0.512659 -0.106590 0.537411
v 0.512659 -0.106590 0.537411
v 0.513428 -0.015952 0.529146
v 0.513428 -0.015952 0.529146
v 0.513685 0.073733 0.515663
v 0.513685 0.073733 0.515663
v 0.501597 -0.653035 0.467433
v 0.501597 -0.653035 0.467433
v 0.504703 -0.561355 0.492620
v 0.504703 -0.561355 0.492620
v 0.507388 -0.471107 0.511439
v 0.507388 -0.471107 0.511439
v 0.509624 -0.380153 0.524717
v 0.509624 -0.380153 0.524717
v 0.511387 -0.288852 0.532484
v 0.511387 -0.288852 0.532484
v 0.512659 -0.197553 0.534799
v 0.512659 -0.197553 0.534799
v 0.513428 -0.106590 0.531747
v 0.513428 -0.106590 0.531747
v 0.513685 -0.016280 0.523432
v 0.513685 -0.016280 0.523432
v 0.504703 -0.653035 0.462676
v 0.504703 -0.653035 0.462676
v 0.507388 -0.559980 0.487961
v 0.507388 -0.559980 0.487961
v 0.509624 -0.469937 0.506434
v 0.509624 -0.469937 0.506434
v 0.511387 -0.379232 0.519425
v 0.511387 -0.379232 0.519425
v 0.512659 -0.288217 0.526975
v 0.512659 -0.288217 0.526975
v 0.513428 -0.197228 0.529146
v 0.513428 -0.197228 0.529146
v 0.513685 -0.106590 0.526025
v 0.513685 -0.106590 0.526025
v 0.507388 -0.653035 0.457568
v 0.507388 -0.653035 0.457568
v 0.509624 -0.558525 0.483031
v 0.509624 -0.558525 0.483031
v 0.511387 -0.468715 0.501203
v 0.511387 -0.468715 0.501203
v 0.512659 -0.378282 0.513962
v 0.512659 -0.378282 0.513962
v 0.513428 -0.287568 0.521348
v 0.513428 -0.287568 0.521348
v 0.513685 -0.196900 0.523432
v 0.513685 -0.196900 0.523432
v 0.509624 -0.653035 0.452162
v 0.509624 -0.653035 0.452162
v 0.511387 -0.557005 0.477878
v 0.511387 -0.557005 0.477878
v 0.512659 -0.467453 0.495803
v 0.512659 -0.467453 0.495803
v 0.513428 -0.377312 0.508382
v 0.513428 -0.377312 0.508382
v 0.513685 -0.286913 0.515663
v 0.513685 -0.286913 0.515663
v 0.511387 -0.653035 0.446515
v 0.511387 -0.653035 0.446515
v 0.512659 -0.555435 0.472559
v 0.512659 -0.555435 0.472559
v 0.513428 -0.466164 0.490289
v 0.513428 -0.466164 0.490289
v 0.513685 -0.376331 0.502744
v 0.513685 -0.376331 0.502744
v 0.512659 -0.653035 0.440683
v 0.512659 -0.653035 0.440683
v 0.513428 -0.553832 0.467128
v 0.513428 -0.553832 0.467128
v 0.513685 -0.464862 0.484717
v 0.513685 -0.464862 0.484717
v 0.513428 -0.653035 0.434728
v 0.513428 -0.653035 0.434728
v 0.513685 -0.552212 0.461639
v 0.513685 -0.552212 0.461639
v 0.513685 -0.653035 0.428710
v 0.513685 -0.653035 0.428710
vt -22.0054 20.21949
vt -21.96829 20.2838
vt -21.97178 20.2882
vt -21.77415 20.69953
vt -21.80714 20.62127
vt -21.76697 20.69037
vt -21.81061 20.6257
vt -22.01162 20.22162
vt -21.978 20.29034
vt -21.9817 20.2943
vt -21.99942 20.21599
vt -21.95907 20.27547
vt -21.96231 20.28029
vt -21.73828 20.69322
vt -21.77526 20.61933
vt -21.73161 20.6832
vt -21.77849 20.62418
vt -21.49842 21.28203
vt -21.52801 21.19977
vt -21.48768 21.2681
vt -21.53514 21.20902
vt -21.81089 20.69584
vt -21.83967 20.61372
vt -21.80325 20.68761
vt -21.84336 20.6177
vt -22.01799 20.22243
vt -21.98807 20.29511
vt -21.99197 20.2986
vt -21.99374 20.21111
vt -21.95041 20.26537
vt -21.95339 20.27058
vt -21.70384 20.67661
vt -21.74457 20.60755
vt -21.69771 20.66578
vt -21.74753 20.61278
vt -21.42186 21.29419
vt -21.45566 21.2159
vt -21.41189 21.27897
vt -21.46228 21.22601
vt -21.13519 22.03934
vt -21.16168 21.95344
vt -21.12111 22.0206
vt -21.1723 21.96758
vt -21.57612 21.24493
vt -21.60128 21.15923
vt -21.56468 21.23239
vt -21.60887 21.16756
vt -21.84796 20.68271
vt -21.87233 20.59726
vt -21.83992 20.67545
vt -21.87622 20.60077
vt -22.02445 20.222
vt -21.99843 20.29816
vt -22.0025 20.30115
vt -21.98844 20.20484
vt -21.94242 20.25353
vt -21.94511 20.2591
vt -21.67136 20.64957
vt -21.71556 20.5858
vt -21.66582 20.63802
vt -21.71823 20.59138
vt -21.3478 21.28044
vt -21.38558 21.2066
vt -21.33866 21.26402
vt -21.39166 21.2175
vt -21.0034 22.08477
vt -21.03432 22.00247
vt -20.99035 22.06433
vt -21.04416 22.01789
vt -20.66998 22.97803
vt -20.69378 22.88884
vt -20.65286 22.95442
vt -20.70765 22.90795
vt -21.26862 21.94686
vt -21.29047 21.85791
vt -21.2536 21.92996
vt -21.30181 21.87066
vt -21.65358 21.18444
vt -21.67412 21.09587
vt -21.64152 21.17339
vt -21.68213 21.10321
vt -21.88483 20.66085
vt -21.90463 20.57264
vt -21.87643 20.65463
vt -21.90869 20.57565
vt -22.03092 20.2204
vt -22.00898 20.29956
vt -22.01318 20.30203
vt -21.98359 20.19722
vt -21.93517 20.24003
vt -21.93756 20.24591
vt -21.64134 20.61223
vt -21.68872 20.55415
vt -21.63641 20.60003
vt -21.6911 20.56005
vt -21.27757 21.24039
vt -21.31907 21.17146
vt -21.26931 21.22289
vt -21.32455 21.18308
vt -20.87581 22.08147
vt -20.91091 22.00327
vt -20.86387 22.05948
vt -20.91992 22.01986
vt -20.46822 23.06815
vt -20.49663 22.98224
vt -20.45239 23.04248
vt -20.50945 23.00303
vt -20.08211 24.10672
vt -20.10375 24.01458
vt -20.06233 24.07814
vt -20.12051 24.0388
vt -20.87479 22.81111
vt -20.89375 22.7192
vt -20.85647 22.78976
vt -20.90859 22.7365
vt -21.40105 21.81022
vt -21.41808 21.7188
vt -21.38517 21.79529
vt -21.43006 21.73007
vt -21.72943 21.1027
vt -21.74521 21.01183
vt -21.71683 21.0932
vt -21.75358 21.01814
vt -21.92099 20.6312
vt -21.93608 20.5408
vt -21.91229 20.62605
vt -21.94028 20.54329
vt -22.03734 20.21774
vt -22.01961 20.29938
vt -22.02393 20.30132
vt -21.97925 20.18832
vt -21.92875 20.22496
vt -21.93082 20.23112
vt -21.61426 20.56494
vt -21.6645 20.51292
vt -21.60998 20.55217
vt -21.66657 20.51909
vt -21.2124 21.17426
vt -21.25734 21.11067
vt -21.20507 21.15581
vt -21.2622 21.12293
vt -20.75484 22.02889
vt -20.79387 21.95526
vt -20.74407 22.0055
vt -20.802 21.9729
vt -20.2736 23.0794
vt -20.30639 22.99727
vt -20.25916 23.05185
vt -20.31808 23.01958
vt -19.79573 24.24775
vt -19.82215 24.15863
vt -19.77752 24.21679
vt -19.83758 24.18487
vt -19.34305 25.43438
vt -19.36318 25.33966
vt -19.32111 25.40072
vt -19.38239 25.36914
vt -20.37482 23.85101
vt -20.39142 23.75643
vt -20.35357 23.82507
vt -20.40943 23.77842
vt -21.07826 22.5715
vt -21.09218 22.47747
vt -21.05884 22.55258
vt -21.10791 22.49279
vt -21.52982 21.63344
vt -21.54187 21.54015
vt -21.5132 21.62059
vt -21.55442 21.54984
vt -21.80239 21.00232
vt -21.81327 20.90976
vt -21.78932 20.99445
vt -21.82195 20.91498
vt -21.95595 20.59481
vt -21.96623 20.50281
vt -21.94701 20.59076
vt -21.97055 20.50476
vt -22.04364 20.21416
vt -22.03024 20.29774
vt -22.03465 20.29913
vt -21.92497 20.21484
vt -21.97602 20.1624
vt -21.92004 20.1968
vt -21.97547 20.1782
vt -21.9785 20.17147
vt -21.97954 20.17525
vt -21.59054 20.50826
vt -21.64017 20.45097
vt -21.58425 20.48506
vt -21.64507 20.46904
vt -21.15345 21.08288
vt -21.20152 21.02501
vt -21.14709 21.06358
vt -21.20574 21.03783
vt -20.64272 21.92763
vt -20.6854 21.85899
vt -20.63318 21.903
vt -20.6926 21.87758
vt -20.08988 23.01157
vt -20.12677 22.93369
vt -20.07689 22.98234
vt -20.13728 22.95735
vt -19.52158 24.27255
vt -19.55251 24.18696
vt -19.50503 24.23946
vt -19.56654 24.21501
vt -18.95839 25.6249
vt -18.98343 25.53301
vt -18.93829 25.58861
vt -19.00103 25.56479
vt -18.41447 26.96727
vt -18.43389 26.87037
vt -18.39097 26.92839
vt -18.45499 26.90528
vt -19.74061 25.083
vt -19.75553 24.98602
vt -19.71692 25.05229
vt -19.77628 25.01291
vt -20.66725 23.48522
vt -20.6786 23.3888
vt -20.64466 23.46215
vt -20.69775 23.40836
vt -21.27585 22.26532
vt -21.28457 22.16982
vt -21.25547 22.249
vt -21.30108 22.18303
vt -21.65235 21.42161
vt -21.65931 21.3271
vt -21.63509 21.41095
vt -21.67233 21.33514
vt -21.87122 20.88636
vt -21.87713 20.79273
vt -21.85778 20.88018
vt -21.88606 20.79684
vt -21.98929 20.55286
vt -21.99469 20.45988
vt -21.98017 20.54995
vt -21.9991 20.46128
vt -22.04977 20.20978
vt -22.04078 20.29476
vt -22.04525 20.2956
vt -21.91838 20.19133
vt -21.34311 17.5609
vt -21.28624 17.59165
vt -21.97437 20.15692
vt -21.57566 20.46001
vt -21.00393 17.82367
vt -20.94714 17.85414
vt -21.63159 20.42593
vt -21.10174 20.96761
vt -21.14999 20.90585
vt -21.09419 20.93931
vt -21.15619 20.92911
vt -20.54145 21.77937
vt -20.5875 21.71611
vt -20.5332 21.75366
vt -20.59373 21.73551
vt -19.92039 22.8662
vt -19.9611 22.793
vt -19.90892 22.83551
vt -19.97038 22.81786
vt -19.2648 24.18226
vt -19.29995 24.10064
vt -19.24997 24.14728
vt -19.31253 24.13028
vt -18.59432 25.65527
vt -18.62396 25.5667
vt -18.57613 25.61666
vt -18.63989 25.60051
vt -17.92063 27.19515
vt -17.94502 27.10097
vt -17.89922 27.15348
vt -17.96423 27.13838
vt -17.25104 28.69664
vt -17.26576 28.60486
vt -17.22695 28.6528
vt -17.28805 28.64541
vt -18.93292 26.52474
vt -18.94699 26.42567
vt -18.90738 26.48903
vt -18.96991 26.45772
vt -20.14189 24.57413
vt -20.15134 24.47553
vt -20.11658 24.54669
vt -20.17351 24.49956
vt -20.95228 23.0172
vt -20.95818 22.91963
vt -20.92847 22.99723
vt -20.97836 22.93656
vt -21.46302 21.90072
vt -21.46642 21.80441
vt -21.44181 21.88715
vt -21.48359 21.81541
vt -21.7662 21.18082
vt -21.76799 21.08574
vt -21.74842 21.17244
vt -21.7814 21.09207
vt -21.93486 20.75825
vt -21.93574 20.66419
vt -21.92113 20.7538
vt -21.94485 20.66714
vt -22.02062 20.50664
vt -22.02109 20.41329
vt -22.01137 20.50488
vt -22.02556 20.41413
vt -22.06384 20.29135
vt -22.05566 20.20475
vt -22.05116 20.29056
vt -22.05603 20.19784
vt -22.05869 20.19801
vt -22.06506 20.1984
vt -21.28465 17.58546
vt -21.04563 16.15568
vt -20.98782 16.18197
vt -21.34152 17.55471
vt -20.93894 17.82494
vt -20.70108 16.3899
vt -20.64336 16.41595
vt -20.99574 17.79448
vt -21.07414 20.88322
vt -20.5105 18.23873
vt -20.45386 18.26863
vt -21.12994 20.84978
vt -20.4528 21.58675
vt -20.49975 21.52092
vt -20.44414 21.55345
vt -20.50714 21.54932
vt -19.76802 22.64645
vt -19.81226 22.57831
vt -19.75812 22.61449
vt -19.82028 22.60419
vt -19.02972 23.98033
vt -19.06881 23.90309
vt -19.01666 23.94371
vt -19.07988 23.93414
vt -18.25708 25.52955
vt -18.291 25.44472
vt -18.24085 25.48891
vt -18.30522 25.48031
vt -17.46027 27.21408
vt -17.48929 27.12308
vt -17.44102 27.16999
vt -17.50659 27.16266
vt -16.64342 28.93632
vt -16.66279 28.84662
vt -16.62164 28.88969
vt -16.68293 28.88976
vt 6.899867 39.04155
vt 1.749733 39.09902
vt 1.749733 39.04155
vt 6.899867 39.09902
vt -17.90212 28.18349
vt -17.91181 28.09013
vt -17.87573 28.14291
vt -17.93622 28.12767
vt -19.4643 25.86664
vt -19.4727 25.76605
vt -19.43684 25.83452
vt -19.49735 25.79488
vt -20.53639 23.91599
vt -20.54013 23.81648
vt -20.50959 23.89212
vt -20.56359 23.83739
vt -21.22246 22.45828
vt -21.22277 22.36028
vt -21.19761 22.44162
vt -21.24384 22.37441
vt -21.63539 21.48776
vt -21.63338 21.39135
vt -21.61349 21.47706
vt -21.65111 21.40002
vt -21.86918 20.91798
vt -21.86576 20.823
vt -21.851 20.91194
vt -21.87948 20.82756
vt -21.99236 20.62168
vt -21.98819 20.52783
vt -21.97844 20.619
vt -21.99744 20.52961
vt -22.05661 20.45791
vt -22.04517 20.36437
vt -22.04032 20.45688
vt -22.05785 20.36517
vt -32.23794 20.28864
vt -22.06791 20.19568
vt -22.0667 20.28864
vt -32.23794 20.19568
vt -20.98602 16.1734
vt -20.80124 14.72903
vt -20.74254 14.75017
vt -21.04384 16.14711
vt -20.63412 16.37444
vt -20.4502 14.92442
vt -20.39161 14.94536
vt -20.69184 16.3484
vt -20.43478 18.20241
vt -20.20024 16.76137
vt -20.14271 16.78691
vt -20.49143 18.17254
vt -20.40866 21.4548
vt -19.85785 18.8
vt -19.80143 18.82904
vt -20.46428 21.42232
vt -19.63523 22.35691
vt -19.68103 22.28745
vt -19.62565 22.31873
vt -19.68943 22.32091
vt -18.81992 23.67229
vt -18.86265 23.59979
vt -18.80868 23.63426
vt -18.87218 23.63203
vt -17.95156 25.25451
vt -17.98947 25.17379
vt -17.93732 25.21213
vt -18.00193 25.21091
vt -17.03992 27.03324
vt -17.07322 26.94579
vt -17.02283 26.98708
vt -17.08857 26.98724
vt -16.0878 28.91682
vt -16.11144 28.82959
vt -16.06834 28.86782
vt -16.12945 28.87493
vt 6.899867 38.42897
vt 1.749733 38.48644
vt 1.749733 38.42897
vt 6.899867 38.48644
vt 12.05 39.04155
vt 12.05 39.09902
vt 6.899867 39.39936
vt 1.749733 39.45683
vt 1.749733 39.39936
vt 6.899867 39.45683
vt -18.58369 27.38689
vt -18.58797 27.29257
vt -18.55507 27.35009
vt -18.61444 27.32662
vt -19.99414 24.99846
vt -19.99654 24.89711
vt -19.96489 24.97035
vt -20.0228 24.92234
vt -20.91255 23.12231
vt -20.91039 23.02269
vt -20.88445 23.10231
vt -20.93499 23.04021
vt -21.47041 21.82322
vt -21.46504 21.72558
vt -21.44469 21.81005
vt -21.48684 21.73674
vt -21.78896 21.03815
vt -21.78153 20.94238
vt -21.76655 21.03043
vt -21.79968 20.94863
vt -21.95942 20.6406
vt -21.9508 20.54641
vt -21.94098 20.63695
vt -21.96472 20.54916
vt -22.04878 20.48086
vt -22.03379 20.38749
vt -22.02896 20.4796
vt -22.05008 20.38854
vt -32.23794 20.43278
vt -22.0667 20.34003
vt -22.0655 20.43278
vt -32.23794 20.34003
vt -1.55 20.10858
vt -12.24973 6.610418e-18
vt -1.55 0
vt -12.24973 16.21698
vt -12.24973 16.9112
vt -12.24973 20.10858
vt -1.552706 20.20144
vt -12.24703 20.20144
vt -1.560796 20.29334
vt -12.23894 20.29334
vt -1.574187 20.38333
vt -12.22555 20.38333
vt -1.59274 20.47048
vt -12.20699 20.47048
vt -1.616263 20.5539
vt -12.18347 20.5539
vt -1.644515 20.63272
vt -12.15522 20.63272
vt -1.677202 20.70612
vt -12.12253 20.70612
vt -1.713988 20.77336
vt -12.08575 20.77336
vt -1.749733 20.82663
vt -12.05 20.82663
vt -20.7411 14.74121
vt -20.61028 13.28287
vt -20.5509 13.29879
vt -20.7998 14.72007
vt -20.38417 14.90089
vt -20.25404 13.43708
vt -20.19477 13.45284
vt -20.44276 14.87996
vt -20.12121 16.69175
vt -19.93998 15.23565
vt -19.88161 15.25617
vt -20.17876 16.66623
vt -19.76776 18.71195
vt -19.53882 17.2642
vt -19.48155 17.289
vt -19.82419 18.68295
vt -19.5716 22.16596
vt -19.03865 19.49878
vt -18.98251 19.52668
vt -19.627 22.13475
vt -18.63829 23.26538
vt -18.68313 23.19277
vt -18.62801 23.2225
vt -18.69233 23.23117
vt -17.6815 24.83907
vt -17.72309 24.76279
vt -17.66929 24.79521
vt -17.73379 24.80119
vt -16.6641 26.66426
vt -16.70135 26.58069
vt -16.64918 26.61633
vt -16.71474 26.62371
vt -15.58928 28.65482
vt -15.61686 28.57039
vt -15.57211 28.60382
vt -15.63274 28.61757
vt 6.899867 37.56563
vt 1.749733 37.62311
vt 1.749733 37.56563
vt 6.899867 37.62311
vt 12.05 38.42897
vt 12.05 38.48644
vt 24.83595 18.70392
vt 24.82122 18.7957
vt 24.79713 18.75186
vt 24.85823 18.74447
vt 12.05 39.39936
vt 12.05 39.45683
vt 6.899867 39.50008
vt 1.749733 39.55755
vt 1.749733 39.50008
vt 6.899867 39.55755
vt -19.27749 26.30394
vt -19.276 26.20942
vt -19.24675 26.27146
vt -19.30443 26.23946
vt -20.50532 23.93383
vt -20.50146 23.83259
vt -20.47447 23.91014
vt -20.52916 23.85386
vt -21.25836 22.21276
vt -21.25018 22.11389
vt -21.22918 22.19689
vt -21.27573 22.12778
vt -21.68919 21.13002
vt -21.67811 21.03353
vt -21.6628 21.1205
vt -21.70047 21.0416
vt -21.9203 20.56497
vt -21.90746 20.47058
vt -21.89754 20.56031
vt -21.9259 20.47435
vt -22.04012 20.35692
vt -22.02169 20.26389
vt -22.01688 20.35539
vt -22.04151 20.26519
vt -32.23794 20.40995
vt -22.0655 20.31762
vt -22.06432 20.40995
vt -32.23794 20.31762
vt -32.23794 20.21521
vt -22.06432 20.12348
vt -22.06318 20.21521
vt -32.23794 20.12348
vt -32.23794 19.84224
vt -22.06318 19.75127
vt -22.06208 19.84224
vt -32.23794 19.75127
vt -32.23794 19.28372
vt -22.06208 19.19366
vt -22.06105 19.28372
vt -32.23794 19.19366
vt -32.23794 18.53202
vt -22.06105 18.44296
vt -22.06009 18.53202
vt -32.23794 18.44296
vt -32.23794 17.58
vt -22.06009 17.49202
vt -22.05921 17.58
vt -32.23794 17.49202
vt -22.05851 16.41206
vt -32.23794 16.33538
vt -22.05921 16.33538
vt -32.23794 16.41206
vt 1.749733 34.02997
vt 1.993746 34.40641
vt 1.749733 49.73391
vt 6.899867 34.02997
vt 6.899867 34.40641
vt 12.05 34.02997
vt 11.80599 34.40641
vt 11.80599 49.35746
vt 1.993746 49.35746
vt 12.05 49.73391
vt 22.05921 1.024635
vt 32.23794 1.101311
vt 22.05851 1.101311
vt 32.23794 1.024635
vt 22.06009 3.760392
vt 32.23794 3.848375
vt 22.05921 3.848375
vt 32.23794 3.760392
vt 22.06105 6.3884
vt 32.23794 6.477458
vt 22.06009 6.477458
vt 32.23794 6.3884
vt 22.06208 8.891625
vt 32.23794 8.981691
vt 22.06105 8.981691
vt 32.23794 8.891625
vt 22.06318 11.2584
vt 32.23794 11.34937
vt 22.06208 11.34937
vt 32.23794 11.2584
vt 22.06432 13.48103
vt 32.23794 13.57277
vt 22.06318 13.57277
vt 32.23794 13.48103
vt 22.0655 15.55447
vt 32.23794 15.6468
vt 22.06432 15.6468
vt 32.23794 15.55447
vt 22.0667 17.47508
vt 32.23794 17.56782
vt 22.0655 17.56782
vt 32.23794 17.47508
vt 22.06791 19.23956
vt 32.23794 19.33251
vt 22.0667 19.33251
vt 32.23794 19.23956
vt -20.54981 13.2895
vt -20.47338 11.82199
vt -20.4135 11.83263
vt -20.6092 13.27358
vt -20.18916 13.40593
vt -20.1132 11.93306
vt -20.05345 11.9436
vt -20.24843 13.39017
vt -19.86432 15.15326
vt -19.73628 13.68377
vt -19.67725 13.69921
vt -19.9227 15.13275
vt -19.4437 17.11994
vt -19.26705 15.65738
vt -19.20898 15.67728
vt -19.50098 17.09518
vt -18.93139 19.34509
vt -18.71046 17.89001
vt -18.65353 17.91381
vt -18.98754 19.31726
vt -18.55343 23.00411
vt -18.0437 20.32263
vt -17.98789 20.34912
vt -18.60858 22.97448
vt -17.4497 24.29389
vt -17.49384 24.21863
vt -17.43901 24.24651
vt -17.50359 24.26181
vt -16.33578 26.12051
vt -16.37667 26.0411
vt -16.32303 26.07112
vt -16.38812 26.08544
vt -15.15048 28.16824
vt -15.18168 28.08686
vt -15.13557 28.11558
vt -15.19547 28.13558
vt 6.899867 36.45716
vt 1.749733 36.51463
vt 1.749733 36.45716
vt 6.899867 36.51463
vt 12.05 37.62311
vt 12.05 37.56563
vt 24.71543 19.89731
vt 24.69606 19.98701
vt 24.67428 19.94038
vt 24.73557 19.94045
vt 24.94398 17.506
vt 24.92457 17.6029
vt 24.90107 17.56402
vt 24.96508 17.54091
vt 24.91866 17.24704
vt 24.90896 17.3404
vt 24.88258 17.29982
vt 24.94306 17.28458
vt 12.05 39.50008
vt 12.05 39.55755
vt 6.899867 39.34305
vt 1.749733 39.40052
vt 1.749733 39.34305
vt 6.899867 39.40052
vt -19.95961 24.9424
vt -19.95203 24.84858
vt -19.92694 24.9148
vt -19.98226 24.87411
vt -20.97888 22.69607
vt -20.96858 22.5959
vt -20.94667 22.67718
vt -20.9975 22.61286
vt -21.56211 21.21293
vt -21.54786 21.11571
vt -21.53208 21.20143
vt -21.57416 21.12579
vt -21.87274 20.3994
vt -21.85599 20.30488
vt -21.8459 20.39364
vt -21.87874 20.30976
vt -22.0303 20.08244
vt -22.00856 19.98991
vt -22.00378 20.08064
vt -22.0318 19.99149
vt -22.01885 19.65422
vt -21.994 19.56229
vt -21.98925 19.65211
vt -22.02051 19.56418
vt -22.00511 19.07067
vt -21.97738 18.97941
vt -21.97263 19.06821
vt -22.00698 18.98165
vt -21.98804 18.33384
vt -21.9577 18.24326
vt -21.95293 18.33097
vt -21.99017 18.24591
vt -21.92903 17.43914
vt -21.96841 17.36586
vt -21.93331 17.36272
vt -21.96622 17.44247
vt 6.899867 34.78563
vt 1.749733 34.8431
vt 1.749733 34.78563
vt 6.899867 34.8431
vt 12.05 34.78563
vt 12.05 34.8431
vt 22.50951 2.077792
vt 22.54242 2.157551
vt 22.50523 2.154214
vt 22.54461 2.080941
vt 22.4277 4.530787
vt 22.45804 4.621369
vt 22.42293 4.618505
vt 22.46018 4.533436
vt 22.35999 6.93931
vt 22.38772 7.030572
vt 22.35524 7.028116
vt 22.38959 6.941549
vt 22.30202 9.271224
vt 22.32687 9.363155
vt 22.29726 9.361047
vt 22.32853 9.273112
vt 22.25092 11.50527
vt 22.27265 11.59781
vt 22.24614 11.59601
vt 22.27416 11.50685
vt 22.20465 13.62745
vt 22.22308 13.72047
vt 22.19984 13.71895
vt 22.22447 13.62875
vt 22.16169 15.62844
vt 22.17668 15.7218
vt 22.15685 15.72054
vt 22.17798 15.62948
vt 22.12084 17.50179
vt 22.13227 17.59533
vt 22.11598 17.5943
vt 22.13352 17.50259
vt 22.08071 19.2494
vt 22.08889 19.33601
vt 22.07621 19.33522
vt 22.08107 19.24249
vt 22.08374 19.24266
vt 22.09011 19.24306
vt -20.41277 11.8231
vt -20.39099 10.35124
vt -20.33081 10.35657
vt -20.47265 11.81245
vt -20.0497 11.89476
vt -20.02814 10.41762
vt -19.9681 10.42289
vt -20.10945 11.88423
vt -19.66424 13.58988
vt -19.58974 12.11164
vt -19.53024 12.12196
vt -19.72327 13.57445
vt -19.1786 15.49377
vt -19.05415 14.01847
vt -18.99546 14.03344
vt -19.23667 15.47389
vt -18.59622 17.65136
vt -18.42616 16.18202
vt -18.36849 16.20111
vt -18.65317 17.62762
vt -17.9176 20.08988
vt -17.70728 18.62691
vt -17.65074 18.64949
vt -17.97343 20.06348
vt -17.34346 23.9514
vt -16.8627 21.25394
vt -16.80724 21.27874
vt -17.39832 23.92365
vt -16.05684 25.41668
vt -16.10058 25.33933
vt -16.04604 25.36506
vt -16.11057 25.38708
vt -14.77234 27.47556
vt -14.80687 27.39745
vt -14.75966 27.42153
vt -14.8186 27.44744
vt 6.899867 35.16825
vt 1.749733 35.11078
vt 6.899867 35.11078
vt 1.749733 35.16825
vt 12.05 36.51463
vt 12.05 36.45716
vt 24.57383 20.83052
vt 24.55018 20.91775
vt 24.53072 20.86875
vt 24.59183 20.87585
vt 24.92164 18.57355
vt 24.89725 18.66773
vt 24.87585 18.62606
vt 24.94086 18.61097
vt 24.87269 16.7916
vt 24.85256 16.88632
vt 24.83062 16.85266
vt 24.8919 16.82108
vt 24.9248 16.25162
vt 24.91073 16.35069
vt 24.88519 16.31498
vt 24.94773 16.28367
vt 24.94299 15.53242
vt 24.93871 15.62674
vt 24.91009 15.58994
vt 24.96946 15.56647
vt 12.05 39.34305
vt 12.05 39.40052
vt 6.899867 38.92929
vt 1.749733 38.98676
vt 1.749733 38.92929
vt 6.899867 38.98676
vt -20.60107 23.32479
vt -20.58716 23.23271
vt -20.5667 23.30262
vt -20.61896 23.25322
vt -21.39532 21.3191
vt -21.37849 21.22106
vt -21.36203 21.30534
vt -21.40837 21.23341
vt -21.81329 20.15382
vt -21.79302 20.05917
vt -21.78268 20.14684
vt -21.81982 20.06528
vt -21.73642 19.8473
vt -21.7131 19.75248
vt -21.70238 19.83894
vt -21.74365 19.75999
vt -21.59708 19.49481
vt -21.64098 19.42884
vt -21.60703 19.41966
vt -21.63377 19.50473
vt 6.899867 36.1829
vt 1.749733 36.24037
vt 1.749733 36.1829
vt 6.899867 36.24037
vt 12.05 36.1829
vt 12.05 36.24037
vt 23.32003 4.338698
vt 23.34677 4.423772
vt 23.31007 4.413852
vt 23.35397 4.347874
vt 23.1136 6.191894
vt 23.13692 6.286719
vt 23.10289 6.278354
vt 23.14416 6.199404
vt 22.93486 8.134017
vt 22.95513 8.22866
vt 22.92452 8.221685
vt 22.96166 8.140125
vt 22.77622 10.10113
vt 22.79296 10.19566
vt 22.76613 10.1899
vt 22.79896 10.10601
vt 22.63206 12.05159
vt 22.6449 12.14599
vt 22.62214 12.14133
vt 22.6505 12.05537
vt 22.49811 13.95785
vt 22.50673 14.05203
vt 22.48828 14.04839
vt 22.51202 13.9606
vt 22.37091 15.80142
vt 22.37508 15.89527
vt 22.36116 15.89259
vt 22.38016 15.8032
vt 22.24758 17.56971
vt 22.2471 17.66306
vt 22.23785 17.66131
vt 22.25204 17.57056
vt 22.12475 19.26067
vt 22.12023 19.34649
vt 22.11577 19.34565
vt -20.33045 10.34686
vt -20.36337 8.8755
vt -20.3031 8.8755
vt -20.39062 10.34153
vt -19.96622 10.37269
vt -19.99914 8.896045
vt -19.93899 8.896045
vt -20.02626 10.36742
vt -19.52154 12.00757
vt -19.50077 10.52521
vt -19.44099 10.53038
vt -19.58104 11.99726
vt -18.97262 13.83792
vt -18.90063 12.35433
vt -18.8415 12.36433
vt -19.03131 13.82297
vt -18.3226 15.91598
vt -18.20331 14.43479
vt -18.14506 14.44913
vt -18.38028 15.89693
vt -17.57222 18.27529
vt -17.4109 16.79895
vt -17.35368 16.81703
vt -17.62877 18.2528
vt -16.71757 20.92961
vt -16.52062 19.45834
vt -16.46452 19.47946
vt -16.77304 20.90491
vt -15.93101 24.98313
vt -15.48537 22.26834
vt -15.43029 22.2912
vt -15.98558 24.95756
vt -14.45477 26.59555
vt -14.49217 26.51985
vt -14.44428 26.5404
vt -14.50207 26.5719
vt 6.899867 33.59274
vt 1.749733 33.53527
vt 6.899867 33.53527
vt 1.749733 33.59274
vt 12.05 35.16825
vt 12.05 35.11078
vt 24.42426 21.51317
vt 24.39668 21.5976
vt 24.37951 21.5466
vt 24.44014 21.56035
vt 24.87067 19.44937
vt 24.84165 19.54037
vt 24.82239 19.49629
vt 24.88796 19.48895
vt 24.92369 17.70157
vt 24.89865 17.79346
vt 24.87855 17.75718
vt 24.94129 17.73335
vt 24.66849 16.49522
vt 24.64685 16.58736
vt 24.62708 16.55878
vt 24.68525 16.51944
vt 24.78264 15.75746
vt 24.76772 15.85444
vt 24.74403 15.82373
vt 24.80339 15.78435
vt 24.84951 14.8229
vt 24.84112 14.92349
vt 24.81366 14.89138
vt 24.87417 14.85174
vt 24.88485 13.57822
vt 24.88634 13.67274
vt 24.85561 13.64026
vt 24.91328 13.60826
vt 12.05 38.92929
vt 12.05 38.98676
vt 6.899867 38.2615
vt 1.749733 38.31898
vt 1.749733 38.2615
vt 6.899867 38.31898
vt -21.134 21.4757
vt -21.18244 21.41778
vt -21.14939 21.40275
vt -21.16973 21.49194
vt 6.899867 37.34405
vt 1.749733 37.40152
vt 1.749733 37.34405
vt 6.899867 37.40152
vt 12.05 37.34405
vt 12.05 37.40152
vt 23.95432 6.716219
vt 23.97467 6.805404
vt 23.93893 6.789161
vt 23.98738 6.731245
vt 23.6818 7.95715
vt 23.69863 8.055191
vt 23.66535 8.041434
vt 23.71169 7.969502
vt 23.43138 9.416605
vt 23.44563 9.513827
vt 23.4156 9.502321
vt 23.45768 9.42668
vt 23.19923 11.00232
vt 23.2103 11.09882
vt 23.18392 11.0893
vt 23.22159 11.01039
vt 22.98105 12.65357
vt 22.98848 12.74933
vt 22.96607 12.74161
vt 22.9992 12.65982
vt 22.77272 14.32959
vt 22.77614 14.42457
vt 22.75796 14.41852
vt 22.78644 14.33415
vt 22.5704 16.00276
vt 22.56952 16.09682
vt 22.55579 16.09237
vt 22.57952 16.00572
vt 22.37042 17.65417
vt 22.36503 17.74716
vt 22.3559 17.74425
vt 22.37483 17.65558
vt 22.16806 19.2775
vt 22.15907 19.36247
vt 22.15466 19.36107
vt -20.36337 8.865692
vt -20.33045 7.394331
vt -20.3031 8.865692
vt -20.39062 7.39966
vt -19.99914 8.845028
vt -19.96622 7.368384
vt -19.93899 8.845028
vt -20.02626 7.373658
vt -19.43664 10.41236
vt -19.46963 8.930528
vt -19.40976 8.930528
vt -19.49642 10.40719
vt -18.82624 12.15936
vt -18.80684 10.67192
vt -18.74745 10.67693
vt -18.88537 12.14937
vt -18.11063 14.14519
vt -18.04225 12.65634
vt -17.98359 12.66591
vt -18.16888 14.13086
vt -17.29102 16.41098
vt -17.17854 14.92389
vt -17.12081 14.93746
vt -17.34824 16.39295
vt -16.36474 18.97703
vt -16.21443 17.49357
vt -16.15773 17.51046
vt -16.42086 18.95602
vt -15.32283 21.84155
vt -15.1422 20.36175
vt -15.08657 20.38118
vt -15.37793 21.81883
vt -14.31354 26.06351
vt -13.90315 23.33326
vt -13.85487 23.35149
vt -14.36145 26.04311
vt 6.899867 31.7409
vt 5.206068 31.7409
vt 5.248068 31.7409
vt 1.749733 31.79837
vt 1.749733 31.7409
vt 6.899867 31.79837
vt 12.05 33.59274
vt 12.05 33.53527
vt 24.27671 21.95912
vt 24.24551 22.0405
vt 24.2306 21.98784
vt 24.2905 22.00784
vt 24.80203 20.13465
vt 24.76873 20.2221
vt 24.75164 20.17594
vt 24.81738 20.1761
vt 24.94458 18.47923
vt 24.91494 18.5678
vt 24.89675 18.52919
vt 24.96051 18.51304
vt 24.76772 17.23614
vt 24.74131 17.32526
vt 24.7231 17.2943
vt 24.78316 17.26238
vt 24.36239 16.55656
vt 24.33859 16.64575
vt 24.32146 16.62214
vt 24.37625 16.57568
vt 24.53591 15.67858
vt 24.51931 15.77316
vt 24.49806 15.74722
vt 24.55392 15.70057
vt 24.64412 14.61284
vt 24.63467 14.71144
vt 24.60936 14.68399
vt 24.66629 14.63687
vt 24.70243 13.24154
vt 24.70004 13.34289
vt 24.67078 13.31479
vt 24.72869 13.26678
vt 24.71776 11.41858
vt 24.72535 11.51241
vt 24.69267 11.48481
vt 24.74799 11.44411
vt 12.05 38.2615
vt 12.05 38.31898
vt 24.41523 9.106752
vt 24.42914 9.198832
vt 24.39477 9.176665
vt 24.44703 9.127259
vt 24.13127 9.760331
vt 24.14157 9.860499
vt 24.10936 9.841608
vt 24.16019 9.777291
vt 23.84738 10.7447
vt 23.85556 10.84357
vt 23.82638 10.82771
vt 23.87294 10.75859
vt 23.56879 11.94812
vt 23.57415 12.04576
vt 23.54844 12.03259
vt 23.59059 11.95928
vt 23.29589 13.29501
vt 23.29789 13.39141
vt 23.276 13.38071
vt 23.31362 13.30367
vt 23.0269 14.73356
vt 23.02512 14.82865
vt 23.00734 14.82026
vt 23.04032 14.73989
vt 22.75899 16.22801
vt 22.75308 16.32163
vt 22.73964 16.31545
vt 22.76792 16.23211
vt 22.48865 17.75355
vt 22.47837 17.84554
vt 22.46943 17.8415
vt 22.49297 17.7555
vt 22.21039 19.29964
vt 22.19698 19.38321
vt 22.19266 19.38127
vt -20.39099 7.389832
vt -20.41277 5.917978
vt -20.33081 7.384503
vt -20.47265 5.928619
vt -20.02814 7.322398
vt -20.0497 5.845255
vt -19.9681 7.317124
vt -20.10945 5.855786
vt -19.46963 8.810312
vt -19.43664 7.328484
vt -19.40976 8.810312
vt -19.49642 7.333648
vt -18.73981 10.46511
vt -18.77301 8.97825
vt -18.71353 8.97825
vt -18.79921 10.46011
vt -17.96063 12.34709
vt -17.94322 10.85475
vt -17.88432 10.85954
vt -18.01929 12.33753
vt -17.07391 14.50495
vt -17.01031 13.01099
vt -16.9522 13.02005
vt -17.13164 14.49141
vt -16.0784 16.96664
vt -15.97451 15.47374
vt -15.91736 15.4864
vt -16.13511 16.94982
vt -14.96754 19.73688
vt -14.83067 18.24632
vt -14.77452 18.26184
vt -15.0232 19.71758
vt -13.60568 21.92556
vt -13.56572 21.30742
vt -13.51703 21.3229
vt -13.78164 22.77527
vt -13.61713 22.0034
vt -13.73333 22.79337
vt 12.05 31.79837
vt 12.05 31.7409
vt 24.13861 22.18513
vt 24.10409 22.26325
vt 24.0914 22.20921
vt 24.15035 22.23512
vt 24.72476 20.63536
vt 24.68751 20.71892
vt 24.67259 20.671
vt 24.73816 20.67838
vt 24.94348 19.12127
vt 24.90955 19.2061
vt 24.89332 19.16546
vt 24.95769 19.15686
vt 24.8392 17.89299
vt 24.80827 17.97858
vt 24.79172 17.94549
vt 24.85323 17.92104
vt 24.48642 17.13044
vt 24.458 17.21635
vt 24.44218 17.19067
vt 24.49923 17.15123
vt 23.9741 16.92379
vt 23.94761 17.00969
vt 23.93353 16.99095
vt 23.98472 16.93793
vt 24.21195 15.94245
vt 24.19299 16.03436
vt 24.17467 16.01301
vt 24.22679 15.95974
vt 24.36444 14.79816
vt 24.35309 14.89458
vt 24.33049 14.87151
vt 24.38359 14.81772
vt 24.44767 13.37748
vt 24.44393 13.47698
vt 24.41714 13.45311
vt 24.47114 13.39838
vt 24.46779 11.53964
vt 24.47165 11.64089
vt 24.4408 11.6172
vt 24.49549 11.56091
vt 24.18452 12.07741
vt 24.18668 12.17703
vt 24.15858 12.15703
vt 24.20912 12.09492
vt 23.88476 12.91216
vt 23.88444 13.01015
vt 23.85959 12.99349
vt 23.90582 12.92628
vt 23.57574 13.95969
vt 23.57234 14.056
vt 23.55113 14.04242
vt 23.59292 13.97068
vt 23.25964 15.16051
vt 23.25269 15.25502
vt 23.23542 15.24436
vt 23.27267 15.16855
vt 22.93577 16.47255
vt 22.92489 16.56511
vt 22.91182 16.55724
vt 22.94445 16.47778
vt 22.6016 17.86613
vt 22.58651 17.95653
vt 22.57781 17.95138
vt 22.60581 17.86862
vt 22.25146 19.32685
vt 22.23372 19.40848
vt 22.22951 19.40601
vt -20.47338 5.91885
vt -20.54981 4.451341
vt -20.4135 5.908209
vt -20.6092 4.467258
vt -20.1132 5.804858
vt -20.18916 4.331995
vt -20.05345 5.794325
vt -20.24843 4.34775
vt -19.50077 7.212708
vt -19.52154 5.730352
vt -19.44099 7.207543
vt -19.58104 5.740665
vt -18.77301 8.762245
vt -18.73981 7.275385
vt -18.71353 8.762245
vt -18.79921 7.280387
vt -17.87284 10.52989
vt -17.90638 9.038209
vt -17.84739 9.038209
vt -17.93175 10.52511
vt -16.92099 12.56658
vt -16.90625 11.06958
vt -16.84792 11.07411
vt -16.9791 12.55754
vt -15.85816 14.90819
vt -15.80059 13.40934
vt -15.74311 13.41778
vt -15.91532 14.89557
vt -14.68028 17.56696
vt -14.58685 16.06843
vt -14.5303 16.08005
vt -14.73645 17.55152
vt -13.20661 19.04421
vt -13.43178 20.51195
vt -13.25567 19.03187
vt -13.38307 20.52729
vt 24.01519 22.20883
vt 23.97779 22.28454
vt 23.9673 22.22939
vt 24.02509 22.26088
vt 24.64612 20.96108
vt 24.60523 21.04049
vt 24.59248 20.9911
vt 24.65757 21.00542
vt 24.92751 19.62859
vt 24.8896 19.7093
vt 24.87537 19.66692
vt 24.93997 19.6657
vt 24.88828 18.46086
vt 24.85312 18.54248
vt 24.83829 18.5075
vt 24.90085 18.49051
vt 24.5871 17.65714
vt 24.55432 17.73927
vt 24.53988 17.71172
vt 24.5988 17.67945
vt 24.10176 17.34108
vt 24.07084 17.42338
vt 24.05779 17.40295
vt 24.1116 17.3565
vt 23.5151 17.5542
vt 23.48552 17.63646
vt 23.47478 17.62253
vt 23.52223 17.56345
vt 23.82704 16.49051
vt 23.80519 16.57946
vt 23.79016 16.56256
vt 23.83837 16.50326
vt 24.03225 15.29719
vt 24.01833 15.39122
vt 23.99891 15.3723
vt 24.04797 15.31251
vt 24.14887 13.86962
vt 24.14296 13.96719
vt 24.11916 13.94722
vt 24.16905 13.88655
vt 23.82081 14.63193
vt 23.81209 14.72744
vt 23.79171 14.71112
vt 23.83732 14.64515
vt 23.47048 15.60131
vt 23.45843 15.6946
vt 23.4418 15.68175
vt 23.48302 15.61101
vt 23.10009 16.7318
vt 23.08431 16.82267
vt 23.0717 16.81317
vt 23.10846 16.7381
vt 22.70872 17.99017
vt 22.68892 18.07838
vt 22.68052 18.07216
vt 22.71278 17.99317
vt 22.29103 19.35883
vt 22.26908 19.43799
vt 22.26502 19.435
vt -20.61028 4.457626
vt -20.7411 2.999287
vt -20.5509 4.441708
vt -20.7998 3.020429
vt -20.25404 4.297728
vt -20.38417 2.833913
vt -20.19477 4.281969
vt -20.44276 2.854844
vt -19.58974 5.620485
vt -19.66424 4.142243
vt -19.53024 5.610168
vt -19.72327 4.157676
vt -18.80684 7.062896
vt -18.82624 5.575456
vt -18.74745 7.057893
vt -18.88537 5.585447
vt -17.90638 8.701835
vt -17.87284 7.21015
vt -17.84739 8.701835
vt -17.93175 7.214938
vt -16.83233 10.60527
vt -16.86637 9.109016
vt -16.80797 9.109016
vt -16.89066 10.60075
vt -15.7038 12.81224
vt -15.69244 11.31086
vt -15.63476 11.31508
vt -15.76128 12.80382
vt -14.46022 15.34308
vt -14.41 13.83963
vt -14.35317 13.84736
vt -14.51677 15.3315
vt -12.96411 16.69684
vt -13.15011 18.17757
vt -13.01346 16.68761
vt -13.10104 18.18983
vt 23.50622 19.46791
vt 23.91661 22.19817
vt 23.45794 19.48615
vt 23.96453 22.17777
vt 24.57133 21.12191
vt 24.52758 21.19926
vt 24.51678 21.14764
vt 24.58132 21.16965
vt 24.90274 20.00554
vt 24.86115 20.08182
vt 24.84894 20.03796
vt 24.91344 20.04394
vt 24.91993 18.93798
vt 24.88084 19.01522
vt 24.86778 18.9786
vt 24.93099 18.96902
vt 24.66754 18.13189
vt 24.63065 18.20976
vt 24.61766 18.18054
vt 24.67805 18.15555
vt 24.21135 17.73742
vt 24.17624 17.81562
vt 24.1643 17.79363
vt 24.22036 17.75401
vt 23.62742 17.83028
vt 23.59361 17.90857
vt 23.58364 17.89335
vt 23.63404 17.84038
vt 22.99074 18.41359
vt 22.95775 18.49185
vt 22.95057 18.48269
vt 22.99421 18.41802
vt 23.38985 17.2767
vt 23.3647 17.3624
vt 23.35326 17.34986
vt 23.39745 17.28503
vt 23.65945 16.04731
vt 23.64242 16.13873
vt 23.62654 16.1238
vt 23.67143 16.05858
vt 23.25151 17.00126
vt 23.23097 17.08984
vt 23.21891 17.07878
vt 23.25952 17.00861
vt 22.80953 18.12389
vt 22.78516 18.20934
vt 22.77712 18.20209
vt 22.81342 18.1274
vt 22.32887 19.39529
vt 22.30285 19.47145
vt 22.29896 19.46797
vt -20.80124 3.011011
vt -20.98602 1.566636
vt -20.74254 2.989868
vt -21.04384 1.592933
vt -20.4502 2.806299
vt -20.63412 1.356279
vt -20.39161 2.785364
vt -20.69184 1.382318
vt -19.73628 4.039744
vt -19.86432 2.570257
vt -19.67725 4.024303
vt -19.9227 2.590765
vt -18.90063 5.369204
vt -18.97262 3.885614
vt -18.8415 5.359207
vt -19.03131 3.900568
vt -17.94322 6.876011
vt -17.96063 5.383672
vt -17.88432 6.871221
vt -18.01929 5.393236
vt -16.86637 8.63048
vt -16.83233 7.134226
vt -16.80797 8.63048
vt -16.89066 7.138749
vt -15.61515 10.68933
vt -15.64988 9.188807
vt -15.59214 9.188807
vt -15.67283 10.68511
vt -14.30674 13.07678
vt -14.29954 11.57138
vt -14.24255 11.57525
vt -14.36357 13.06907
vt -12.78824 14.29308
vt -12.93523 15.78421
vt -12.8378 14.28694
vt -12.88588 15.7934
vt 23.24419 17.91908
vt 23.28415 18.53722
vt 23.1955 17.93456
vt 23.46011 19.38693
vt 23.2956 18.61506
vt 23.41181 19.40503
vt 24.04104 18.48084
vt 24.48668 21.19563
vt 23.98596 18.5037
vt 24.54126 21.17006
vt 24.87339 20.25568
vt 24.82924 20.33094
vt 24.81855 20.28356
vt 24.88313 20.29886
vt 24.93859 19.32539
vt 24.89586 19.39789
vt 24.88462 19.35986
vt 24.94812 19.35762
vt 24.73073 18.55199
vt 24.69002 18.62519
vt 24.67855 18.5945
vt 24.74001 18.57685
vt 24.30431 18.10903
vt 24.26527 18.18267
vt 24.25451 18.15928
vt 24.31243 18.12668
vt 23.72709 18.10191
vt 23.68931 18.17575
vt 23.68016 18.15933
vt 23.73316 18.11281
vt 23.07058 18.56634
vt 23.0336 18.64023
vt 23.02692 18.63021
vt 23.07381 18.57119
vt 22.3985 19.48029
vt 22.36487 19.549
vt 22.36139 19.5446
vt 22.90364 18.26559
vt 22.87486 18.34771
vt 22.86723 18.33947
vt 22.90733 18.26957
vt 22.36476 19.43589
vt 22.33484 19.50857
vt 22.33114 19.50461
vt -21.04563 1.583806
vt -21.32844 -0.05303755
vt -20.98782 1.557508
vt -21.39182 -0.05303755
vt -20.70108 1.335815
vt -20.97602 -0.2759815
vt -20.64336 1.309769
vt -21.03921 -0.2759815
vt -19.93998 2.476565
vt -20.12121 1.020461
vt -19.88161 2.456043
vt -20.17876 1.045986
vt -19.05415 3.688321
vt -19.1786 2.21302
vt -18.99546 3.673353
vt -19.23667 2.232901
vt -18.04225 5.055977
vt -18.11063 3.567129
vt -17.98359 5.046403
vt -18.16888 3.58145
vt -16.90625 6.656262
vt -16.92099 5.159259
vt -16.84792 6.651735
vt -16.9791 5.168299
vt -15.64988 8.550057
vt -15.61515 7.049536
vt -15.59214 8.550057
vt -15.67283 7.05375
vt -14.21942 10.77959
vt -14.25507 9.275152
vt -14.19803 9.275152
vt -14.27641 10.77573
vt -12.67803 11.84509
vt -12.78609 13.34413
vt -12.7277 11.84203
vt -12.73654 13.35025
vt 23.19324 17.74765
vt 22.96807 16.27992
vt 23.01714 16.26758
vt 23.14454 17.763
vt 23.77825 17.03656
vt 23.95887 18.51637
vt 23.72261 17.056
vt 24.01398 18.49364
vt 24.3272 17.68973
vt 24.80796 20.38719
vt 24.27175 17.71453
vt 24.86282 20.35944
vt 24.94689 19.62141
vt 24.90205 19.69402
vt 24.89178 19.65114
vt 24.95609 19.65981
vt 24.77949 18.91671
vt 24.73524 18.98486
vt 24.72534 18.95289
vt 24.7875 18.9426
vt 24.38211 18.45336
vt 24.33942 18.522
vt 24.32989 18.49737
vt 24.3893 18.47194
vt 23.8145 18.36662
vt 23.773 18.43555
vt 23.76473 18.41805
vt 23.81998 18.37824
vt 23.14299 18.72241
vt 23.10226 18.79146
vt 23.09613 18.78064
vt 23.14595 18.72764
vt 22.4299 19.52814
vt 22.39279 19.59244
vt 22.38955 19.58762
vt -20.20024 0.936985
vt -20.46515 -0.6512168
vt -20.14271 0.9114398
vt -20.52796 -0.6512168
vt -19.26705 2.0274
vt -19.4437 0.5648322
vt -19.20898 2.007494
vt -19.50098 0.5895909
vt -18.20331 3.250116
vt -18.3226 1.768925
vt -18.14506 3.235772
vt -18.38028 1.787977
vt -17.01031 4.687682
vt -17.07391 3.193725
vt -16.9522 4.678629
vt -17.13164 3.207268
vt -15.69244 6.409302
vt -15.7038 4.907927
vt -15.63476 6.405085
vt -15.76128 4.916349
vt -14.25507 8.463016
vt -14.21942 6.958577
vt -14.19803 8.463016
vt -14.27641 6.962436
vt -12.63283 9.364986
vt -12.70199 10.86949
vt -12.68254 9.364986
vt -12.65232 10.87255
vt 22.97679 16.03261
vt 22.79079 14.55188
vt 22.84014 14.54265
vt 22.92772 16.04487
vt 23.5556 15.52893
vt 23.69247 17.01949
vt 23.49944 15.54445
vt 23.74813 17.00019
vt 24.06586 16.32478
vt 24.26281 17.79604
vt 24.00976 16.3459
vt 24.31829 17.77135
vt 24.3878 17.10644
vt 24.89754 19.78792
vt 24.33199 17.13293
vt 24.95268 19.75829
vt 24.81467 19.22042
vt 24.76887 19.28988
vt 24.75928 19.2517
vt 24.82307 19.25388
vt 24.4462 18.769
vt 24.40015 18.83225
vt 24.3919 18.80654
vt 24.45243 18.7884
vt 23.89009 18.62249
vt 23.84515 18.68607
vt 23.83783 18.66762
vt 23.89496 18.63474
vt 23.20784 18.88051
vt 23.16364 18.94428
vt 23.1581 18.93273
vt 23.21052 18.88609
vt 22.45879 19.57908
vt 22.41844 19.63855
vt 22.41546 19.63334
vt -19.53882 0.3935703
vt -19.7916 -1.172678
vt -19.48155 0.3687737
vt -19.85385 -1.172678
vt -18.42616 1.466844
vt -18.59622 -0.002499067
vt -18.36849 1.447753
vt -18.65317 0.02124624
vt -17.17854 2.734413
vt -17.29102 1.247328
vt -17.12081 2.72084
vt -17.34824 1.265356
vt -15.80059 4.273608
vt -15.85816 2.77476
vt -15.74311 4.265169
vt -15.91532 2.787384
vt -14.29954 6.142515
vt -14.30674 4.637112
vt -14.24255 6.138651
vt -14.36357 4.644829
vt -12.63283 8.372442
vt -12.70199 6.86794
vt -12.65232 6.864882
vt -12.68254 8.372442
vt 22.81015 14.25484
vt 22.66316 12.7637
vt 22.71272 12.75756
vt 22.7608 14.26402
vt 23.38195 13.95702
vt 23.47539 15.45554
vt 23.3254 13.96864
vt 23.53155 15.44011
vt 23.84938 14.92873
vt 23.99969 16.41219
vt 23.79268 14.94562
vt 24.05581 16.39118
vt 24.12803 15.79578
vt 24.33835 17.25875
vt 24.07149 15.81835
vt 24.39418 17.23234
vt 24.24386 16.73372
vt 24.77681 19.4009
vt 24.18772 16.76162
vt 24.83221 19.36969
vt 24.49577 19.04738
vt 24.44882 19.11321
vt 24.44016 19.0799
vt 24.50315 19.07578
vt 23.95435 18.86815
vt 23.90627 18.92601
vt 23.89992 18.90672
vt 23.95857 18.88096
vt 23.26506 19.03952
vt 23.21768 19.0976
vt 23.21276 19.0854
vt 23.26744 19.04542
vt 22.48503 19.63275
vt 22.44169 19.687
vt 22.439 19.68144
vt -18.71046 -0.285402
vt -18.94906 -1.831509
vt -18.65353 -0.309207
vt -19.01061 -1.831509
vt -17.4109 0.8062133
vt -17.57222 -0.6701309
vt -17.35368 0.7881302
vt -17.62877 -0.6476389
vt -15.97451 2.153861
vt -16.0784 0.6609624
vt -15.91736 2.141197
vt -16.13511 0.6777823
vt -14.41 3.82595
vt -14.46022 2.322501
vt -14.35317 3.818213
vt -14.51677 2.334075
vt -12.67803 5.862156
vt -12.78609 4.363117
vt -12.73654 4.357001
vt -12.7277 5.86522
vt 22.69285 12.42761
vt 22.58479 10.92857
vt 22.63446 10.92551
vt 22.6433 12.43372
vt 23.25719 12.33265
vt 23.30741 13.8361
vt 23.20037 12.34039
vt 23.36396 13.82452
vt 23.68059 13.47834
vt 23.78448 14.97124
vt 23.62343 13.49101
vt 23.84118 14.95442
vt 23.91714 14.47839
vt 24.07847 15.95473
vt 23.85993 14.49647
vt 24.13502 15.93224
vt 23.98418 15.4534
vt 24.2051 16.90849
vt 23.92725 15.47721
vt 24.26125 16.88065
vt 23.91319 16.56801
vt 24.46399 19.22281
vt 23.85677 16.59705
vt 24.51962 19.19033
vt 24.00509 19.09283
vt 23.95684 19.15459
vt 23.94929 19.12629
vt 24.01129 19.11609
vt 23.3146 19.19849
vt 23.26436 19.25051
vt 23.26008 19.23774
vt 23.31667 19.20466
vt 22.50847 19.68878
vt 22.46244 19.73747
vt 22.46004 19.73159
vt -17.70728 -1.08707
vt -17.92964 -2.614993
vt -17.65074 -1.109646
vt -17.99036 -2.614993
vt -16.21443 0.06110665
vt -16.36474 -1.422356
vt -16.15773 0.0442169
vt -16.42086 -1.401349
vt -14.58685 1.525219
vt -14.68028 0.02669245
vt -14.5303 1.513598
vt -14.73645 0.04212815
vt -12.87743 1.983547
vt -12.93523 1.862919
vt -12.88588 1.853739
vt -12.8378 3.360194
vt -12.86914 2.110852
vt -12.78824 3.354057
vt 22.62457 10.56416
vt 22.55541 9.059663
vt 22.60512 9.059663
vt 22.5749 10.56722
vt 23.1812 10.66768
vt 23.1884 12.17308
vt 23.12421 10.67154
vt 23.24523 12.16536
vt 23.55963 11.98382
vt 23.6172 13.48267
vt 23.50215 11.99226
vt 23.67436 13.47005
vt 23.75283 13.11649
vt 23.86531 14.60358
vt 23.6951 13.13006
vt 23.92253 14.58555
vt 23.77655 14.18242
vt 23.94661 15.65176
vt 23.71888 14.20151
vt 24.00356 15.62802
vt 23.65108 15.29564
vt 23.88002 16.74339
vt 23.59381 15.32044
vt 23.93645 16.71439
vt 23.40993 16.60166
vt 23.97357 19.24615
vt 23.35329 16.63156
vt 24.02937 19.21271
vt 23.3533 19.34497
vt 23.30367 19.40227
vt 23.29738 19.37906
vt 23.3582 19.36304
vt 22.52899 19.74683
vt 22.48057 19.78963
vt 22.47849 19.78347
vt -16.52062 -1.993427
vt -16.72464 -3.505232
vt -16.46452 -2.014542
vt -16.78442 -3.505232
vt -14.83067 -0.7475412
vt -14.96754 -2.238102
vt -14.77452 -0.7630606
vt -15.0232 -2.218799
vt -12.96411 0.8607355
vt -13.15011 -0.6199975
vt -13.10104 -0.6322538
vt -13.01346 0.8699632
vt 22.62457 7.173263
vt 22.55541 8.677765
vt 22.5749 7.170205
vt 22.60512 8.677765
vt 23.15389 8.973998
vt 23.11824 10.47844
vt 23.09684 8.973998
vt 23.17523 10.47458
vt 23.48661 10.45547
vt 23.49797 11.95684
vt 23.42893 10.45969
vt 23.55545 11.94842
vt 23.63542 11.71868
vt 23.69902 13.21264
vt 23.57732 11.72773
vt 23.75676 13.19909
vt 23.61492 12.87586
vt 23.73422 14.35705
vt 23.55667 12.8902
vt 23.7919 14.338
vt 23.4432 14.04029
vt 23.61985 15.50286
vt 23.38513 14.0602
vt 23.67713 15.4781
vt 23.14229 15.31657
vt 23.37683 16.75761
vt 23.08475 15.34212
vt 23.43347 16.72774
vt 22.74444 16.82456
vt 23.31617 19.4609
vt 22.68764 16.85503
vt 23.37209 19.42682
vt 22.54705 19.79073
vt 22.496 19.84318
vt 22.49107 19.82514
vt 22.5465 19.80654
vt 22.54953 19.7998
vt 22.55057 19.80359
vt -15.1422 -2.979906
vt -15.32574 -4.477719
vt -15.08657 -2.999339
vt -15.38452 -4.477719
vt -13.20661 -1.604911
vt -13.43178 -3.072643
vt -13.38307 -3.087991
vt -13.25567 -1.592571
vt 22.69285 5.27964
vt 22.58479 6.778679
vt 22.6433 5.273524
vt 22.63446 6.781743
vt 23.11824 7.25973
vt 23.15389 8.764169
vt 23.09684 8.764169
vt 23.17523 7.263589
vt 23.46156 8.903663
vt 23.42683 10.40418
vt 23.40382 8.903663
vt 23.48451 10.39997
vt 23.56514 10.29367
vt 23.57989 11.79068
vt 23.50682 10.2982
vt 23.63799 11.78164
vt 23.49971 11.54086
vt 23.56809 13.02971
vt 23.44105 11.55044
vt 23.62634 13.01539
vt 23.28145 12.75675
vt 23.4059 14.23205
vt 23.22276 12.77172
vt 23.46397 14.21217
vt 22.92997 14.04793
vt 23.1112 15.50403
vt 22.87159 14.06845
vt 23.16874 15.4785
vt 22.46795 15.50775
vt 22.70581 16.94278
vt 22.41022 15.53379
vt 22.7626 16.91232
vt 21.92339 17.22508
vt 22.49866 19.8555
vt 21.86652 17.25583
vt 22.55465 19.8211
vt -13.56572 -4.014116
vt -13.73333 -5.500065
vt -13.51703 -4.029593
vt -13.7843 -5.500065
vt 22.81015 3.392296
vt 22.75235 3.512924
vt 22.7608 3.383115
vt 22.71272 4.889571
vt 22.74406 3.640228
vt 22.66316 4.883433
vt 23.1884 5.540818
vt 23.1812 7.046221
vt 23.12421 7.042357
vt 23.24523 5.548534
vt 23.42683 7.33468
vt 23.46156 8.835201
vt 23.40382 8.835201
vt 23.48451 7.338893
vt 23.54212 8.850296
vt 23.50809 10.34655
vt 23.48372 8.850296
vt 23.56641 10.34203
vt 23.43121 10.18469
vt 23.44862 11.67703
vt 23.37231 10.18948
vt 23.50728 11.66747
vt 23.16631 11.45098
vt 23.2383 12.93457
vt 23.10718 11.46098
vt 23.29699 12.91962
vt 22.76472 12.7565
vt 22.89276 14.22599
vt 22.70569 12.77194
vt 22.95114 14.20548
vt 22.24675 14.19887
vt 22.43067 15.64889
vt 22.18816 14.21981
vt 22.48839 15.62285
vt 21.63484 15.8591
vt 21.87385 17.28888
vt 21.57702 15.8854
vt 21.93072 17.25813
vt 22.97679 1.524959
vt 22.79079 3.005692
vt 22.92772 1.512703
vt 22.84014 3.01492
vt 23.30741 3.829481
vt 23.25719 5.332929
vt 23.20037 5.325192
vt 23.36396 3.841055
vt 23.49797 5.763322
vt 23.48661 7.264697
vt 23.42893 7.260479
vt 23.55545 5.771743
vt 23.50809 7.392945
vt 23.54212 8.8892
vt 23.48372 8.8892
vt 23.56641 7.397469
vt 23.40962 8.814727
vt 23.37609 10.30641
vt 23.35063 8.814727
vt 23.43499 10.30162
vt 23.09813 10.12906
vt 23.11753 11.6165
vt 23.03873 10.13407
vt 23.17666 11.60651
vt 22.64709 11.44743
vt 22.72158 12.92568
vt 22.58759 11.45775
vt 22.78062 12.91024
vt 22.07444 12.8704
vt 22.20457 14.33422
vt 22.01517 12.88616
vt 22.26316 14.31328
vt 21.40049 14.48504
vt 21.58528 15.92942
vt 21.3418 14.50618
vt 21.64309 15.90312
vt 23.19324 -0.3083518
vt 22.96807 1.159381
vt 23.14454 -0.3236996
vt 23.01714 1.17172
vt 23.47539 2.138107
vt 23.38195 3.636634
vt 23.3254 3.625013
vt 23.53155 2.153543
vt 23.6172 4.20028
vt 23.55963 5.699128
vt 23.50215 5.690689
vt 23.67436 4.212904
vt 23.57989 5.935164
vt 23.56514 7.432166
vt 23.50682 7.427639
vt 23.63799 5.944203
vt 23.37609 7.433632
vt 23.40962 8.925317
vt 23.35063 8.925317
vt 23.43499 7.43842
vt 23.0771 8.797156
vt 23.0439 10.28402
vt 23.01762 8.797156
vt 23.1033 10.27901
vt 22.57742 10.12594
vt 22.59819 11.6083
vt 22.51764 10.13111
vt 22.65769 11.59799
vt 21.95154 11.52702
vt 22.0275 12.99989
vt 21.89179 11.53756
vt 22.08677 12.98413
vt 21.21761 13.09227
vt 21.34843 14.5506
vt 21.15823 13.10818
vt 21.40713 14.52946
vt 23.41181 -2.111724
vt 23.24419 -0.6257749
vt 23.1955 -0.6412523
vt 23.46278 -2.111724
vt 23.69247 0.4792869
vt 23.5556 1.969848
vt 23.49944 1.954328
vt 23.74813 0.49859
vt 23.78448 2.65636
vt 23.68059 4.149258
vt 23.62343 4.136594
vt 23.84118 2.673179
vt 23.69902 4.48604
vt 23.63542 5.979997
vt 23.57732 5.970944
vt 23.75676 4.499583
vt 23.44862 6.053732
vt 23.43121 7.546071
vt 23.37231 7.541281
vt 23.50728 6.063296
vt 23.0439 7.456479
vt 23.0771 8.943339
vt 23.01762 8.943339
vt 23.1033 7.461481
vt 22.55594 8.797314
vt 22.52294 10.27914
vt 22.49607 8.797314
vt 22.58272 10.27398
vt 21.87848 10.17349
vt 21.90003 11.65063
vt 21.81844 10.17876
vt 21.95978 11.6401
vt 21.0868 11.6854
vt 21.16322 13.15291
vt 21.02692 11.69604
vt 21.22261 13.13699
vt 23.96178 -1.152533
vt 23.77825 0.3452805
vt 23.72261 0.3258475
vt 24.02057 -1.152533
vt 23.99969 1.142481
vt 23.84938 2.625944
vt 23.79268 2.609054
vt 24.05581 1.163489
vt 23.86531 3.054729
vt 23.75283 4.541815
vt 23.6951 4.528241
vt 23.92253 3.072757
vt 23.56809 4.682603
vt 23.49971 6.171452
vt 23.44105 6.161878
vt 23.62634 4.696925
vt 23.11753 6.118315
vt 23.09813 7.605755
vt 23.03873 7.600752
vt 23.17666 6.128306
vt 22.52294 7.461698
vt 22.55594 8.943526
vt 22.49607 8.943526
vt 22.58272 7.466862
vt 21.85547 8.814584
vt 21.82256 10.29123
vt 21.79533 8.814584
vt 21.8826 10.28595
vt 21.00847 10.26911
vt 21.03025 11.74096
vt 20.94829 10.27444
vt 21.09013 11.73032
vt 24.26989 -0.3716696
vt 24.06586 1.140135
vt 24.00976 1.11902
vt 24.32967 -0.3716696
vt 24.07847 1.650433
vt 23.91714 3.126777
vt 23.85993 3.108694
vt 24.13502 1.672925
vt 23.73422 3.327855
vt 23.61492 4.809046
vt 23.55667 4.794702
vt 23.7919 3.346907
vt 23.2383 4.788967
vt 23.16631 6.272557
vt 23.10718 6.26256
vt 23.29699 4.803921
vt 22.59819 6.129621
vt 22.57742 7.611978
vt 22.51764 7.606812
vt 22.65769 6.139935
vt 21.82256 7.449845
vt 21.85547 8.92649
vt 21.79533 8.92649
vt 21.8826 7.455119
vt 20.98289 8.848092
vt 20.94996 10.31945
vt 20.92261 8.848092
vt 21.01014 10.31412
vt 24.35039 0.2161396
vt 24.12803 1.744062
vt 24.07149 1.721486
vt 24.41111 0.2161396
vt 23.94661 1.997099
vt 23.77655 3.466442
vt 23.71888 3.447351
vt 24.00356 2.020844
vt 23.4059 3.474739
vt 23.28145 4.950039
vt 23.22276 4.935071
vt 23.46397 3.494619
vt 22.72158 4.806448
vt 22.64709 6.28469
vt 22.58759 6.274373
vt 22.78062 4.821882
vt 21.90003 6.089385
vt 21.87848 7.566528
vt 21.81844 7.561254
vt 21.95978 6.099917
vt 20.94996 7.421739
vt 20.98289 8.8931
vt 20.92261 8.8931
vt 21.01014 7.427068
vt 24.22277 0.6050982
vt 23.98418 2.151205
vt 23.92725 2.1274
vt 24.28433 0.6050982
vt 23.61985 2.181916
vt 23.4432 3.644484
vt 23.38513 3.624578
vt 23.67713 2.206675
vt 22.89276 3.497529
vt 22.76472 4.967017
vt 22.70569 4.951576
vt 22.95114 3.518038
vt 22.0275 4.738033
vt 21.95154 6.210896
vt 21.89179 6.200364
vt 22.08677 4.753789
vt 21.03025 6.000113
vt 21.00847 7.471966
vt 20.94829 7.466637
vt 21.09013 6.010753
vt 23.90386 0.7958819
vt 23.65108 2.36213
vt 23.59381 2.337333
vt 23.96612 0.7958819
vt 23.1112 2.208182
vt 22.92997 3.664286
vt 22.87159 3.643764
vt 23.16874 2.233707
vt 22.20457 3.400593
vt 22.07444 4.864408
vt 22.01517 4.848649
vt 22.26316 3.421524
vt 21.16322 4.587933
vt 21.0868 6.055441
vt 21.02692 6.044801
vt 21.22261 4.60385
vt 23.40719 0.7935799
vt 23.14229 2.381782
vt 23.08475 2.356237
vt 23.47 0.7935799
vt 22.43067 2.08183
vt 22.24675 3.53185
vt 22.18816 3.510915
vt 22.48839 2.107869
vt 21.34843 3.189889
vt 21.21761 4.648228
vt 21.15823 4.63231
vt 21.40713 3.21103
vt 22.74289 0.6061692
vt 22.46795 2.217966
vt 22.41022 2.19192
vt 22.80607 0.6061692
vt 21.58528 1.810623
vt 21.40049 3.254999
vt 21.3418 3.233856
vt 21.64309 1.83692
vt 21.91764 0.2435372
vt 21.63484 1.880381
vt 21.57702 1.854083
vt 21.98102 0.2435372
vn -0.9992530838765749 0.03176650948743221 0.022003709644959655
vn -0.9958592430570415 0.0679274829369175 0.06041709261219775
vn -0.9958592431048362 0.07258072314158871 0.05473944236934559
vn -0.9836070230058209 0.1439704033673583 0.10858060253961782
vn -0.9836070237853983 0.13474030325826442 0.11984270289801352
vn -0.9958592432494031 0.07676069333365802 0.04870486211521482
vn -0.9958592430757973 0.0628313227177629 0.06570078284188116
vn -0.9836070222515911 0.12463160281947096 0.13032340294823344
vn -0.9631272631924646 0.21480449179088343 0.1620027938087896
vn -0.9631272743925121 0.20103309465496128 0.1788058952459349
vn -0.9836070292221192 0.1522617045235643 0.09661048287021441
vn -0.9958592430484318 0.08044014347722032 0.042352701830798305
vn -0.9958592430197775 0.057325462476382726 0.0705560730479273
vn -0.9836070264976213 0.1137102030632659 0.13995430377026197
vn -0.9631272560610089 0.18595089151670294 0.19444319112927438
vn -0.9342389923632131 0.28474479767239924 0.21475079824455404
vn -0.9342389716172319 0.2664894919038814 0.2370250927990285
vn -0.9631272718597234 0.22717519336248385 0.1441432957884775
vn -0.9836070161836552 0.15956030262530546 0.08401040138225468
vn -0.9958592431807916 0.08359507362471047 0.03572438154902121
vn -0.9958592430889083 0.051445812225961035 0.07495129324299787
vn -0.9836070274000855 0.10204740284270797 0.14867260414153416
vn -0.9631272603384298 0.16965619301355975 0.2088124914011039
vn -0.9342389742861515 0.24649649321546874 0.25775379290562467
vn -0.8967151789035741 0.3533749916863798 0.26651079372997655
vn -0.896715169017227 0.3307196885731686 0.29415368983657547
vn -0.934238995839717 0.3011433986589708 0.19107629914911342
vn -0.9631272563421216 0.23806468920869572 0.12534389431824985
vn -0.9836070152614941 0.1658184025728126 0.07086252109949194
vn -0.9958592430332106 0.08620492372509937 0.02886311124723687
vn -0.9958592430754871 0.045230701956435616 0.07885779341096183
vn -0.9836070267655513 0.08971917244140497 0.15642150425648427
vn -0.9631272578995801 0.15225519334458912 0.22182029030374514
vn -0.934238978335615 0.22489619478480566 0.2768017935811492
vn -0.8967151784986982 0.30590789266498647 0.31987849233000165
vn -0.8503120720191084 0.42017708617339455 0.3168920895721543
vn -0.850312076259385 0.3932389890208127 0.3497605902347248
vn -0.8967151643626167 0.37372608514732397 0.23713019057593784
vn -0.9342389912310601 0.31557839703792273 0.16615589844043008
vn -0.9631272578784152 0.2474017891800846 0.10572719537610742
vn -0.9836070261695063 0.17099520454943892 0.057252581523242294
vn -0.9958592432642269 0.08825266383405918 0.02181364094767442
vn -0.9958592432997202 0.03872066168356502 0.08225009357621428
vn -0.9836070162381644 0.07680593126797315 0.16315050269341785
vn -0.9631272574730494 0.13386139408934083 0.23338168969501538
vn -0.934238991105405 0.20182939807844583 0.29404489720049126
vn -0.8967151936336585 0.2791013980184847 0.3435174975611546
vn -0.8503120861980703 0.36373679409596804 0.38034839382633523
vn -0.7948098036502277 0.4845114022251573 0.36541220167818494
vn -0.7948097799889273 0.45344878858343596 0.4033132898457069
vn -0.8503121026870756 0.44437530140427256 0.28195730089101484
vn -0.8967151661821726 0.3916402852300662 0.2062032922234534
vn -0.9342389844040528 0.3279556945251913 0.1401519976603384
vn -0.9631272591444258 0.2551256891776435 0.08542110637646191
vn -0.9836070232314841 0.17505710413461495 0.043269321021963604
vn -0.9958592429643226 0.08972495387100073 0.014621930630833491
vn -0.9989913668680885 0.01663071944843614 0.041709328616694984
vn -0.995906461590546 0.033477928708845625 0.08396158676182572
vn -0.9989909561474656 0.01747306923298767 0.0413734381838373
vn -0.9836907078234534 0.06661832052982637 0.1670766013287876
vn -0.9631272549805341 0.11459479464349442 0.24342128862175655
vn -0.9342389670772419 0.17744669374674485 0.30937068909771837
vn -0.8967151773191098 0.2504750936646571 0.3649165907700535
vn -0.8503120775735763 0.3318627912473363 0.4084561892272358
vn -0.794809798648565 0.4194293992868336 0.4385844992542639
vn -0.7300648303580053 0.5456038226876341 0.4114873171107191
vn -0.7300647929103226 0.5106244950413128 0.45416739558956926
vn -0.7948098061739317 0.5124147039803401 0.32512850252553654
vn -0.8503121007489507 0.465676000410165 0.24518400021595696
vn -0.8967151520484768 0.4070007782357784 0.1739318906990542
vn -0.9342389939270307 0.3381944978015852 0.11323419926392736
vn -0.963127270842473 0.2611859920929062 0.06455801804558321
vn -0.9836070254111847 0.17797750459799405 0.0290039207493074
vn -0.9958592429021464 0.09061218390362112 0.007334879315990526
vn -0.9989914333472008 0.01486598049623932 0.04236884141430868
vn -0.9959026692373544 0.02994028907516814 0.08533142736417972
vn -0.9836837175915871 0.05956384106520261 0.16976010303588399
vn -0.9632372214090936 0.09950149221153903 0.24954660554647035
vn -0.9342389761209081 0.15190679611727137 0.3226791917523394
vn -0.896715155698246 0.22021548912036623 0.3839362810318243
vn -0.8503121074969171 0.29782490262582234 0.4339005038255555
vn -0.7948097742927166 0.3826751876227748 0.4709958847661353
vn -0.7300648290488384 0.472315618793153 0.4938859196514224
vn -0.37159071252190307 0.7412249249778756 0.5590223188379932
vn -0.3715907093071694 0.6937041173750892 0.617004815454015
vn -0.7300648110696334 0.5770255087491695 0.36612420555137126
vn -0.7948097942577694 0.5369767961205251 0.28272479795740957
vn -0.8503120639831201 0.483940279501621 0.2068119912400131
vn -0.8967151585190831 0.4197073805848637 0.14052629349943024
vn -0.9342389918019501 0.3462280969618104 0.08557809924904286
vn -0.963127262666674 0.26554328970684915 0.043273978322587725
vn -0.9836070254965049 0.17973740465905133 0.014549390377141107
vn -0.9959064621947961 0.0903713865694482 0.0018251159307175297
vn -0.9989909560618471 0.04487517802627599 0.0018133129202459143
vn -0.9989913667630604 0.044893508506370645 0.0009066569698350818
vn -0.9989917858054781 0.012707579819439926 0.043057279388205694
vn -0.9958861923944958 0.025649019804120442 0.08690695933629843
vn -0.9836538850557462 0.05097075922562192 0.17270499737616316
vn -0.9632276449917301 0.0889573741551404 0.25353321184236965
vn -0.9343655736662662 0.13196969628062608 0.33097579067192906
vn -0.8967151708671594 0.18851999387528703 0.4004523869899429
vn -0.8503120540206907 0.2618450858411318 0.45651567531462095
vn -0.7948098103823581 0.3434256044860638 0.500336106535738
vn -0.7300648054532739 0.43092700321884153 0.5303841039617441
vn -0.37159071874985317 0.641659932377099 0.6709641338557407
vn 0 0.7472066135577652 0.6645918120587527
vn 0 0.7983925350863426 0.6021373264616662
vn -0.37159069983753873 0.7839125996572693 0.4973945997825368
vn -0.7300648399608702 0.6046846330980521 0.3183737174265219
vn -0.7948098049323752 0.55803750346303 0.23847750147992713
vn -0.8503120966193377 0.49904889801588637 0.16709139933567982
vn -0.8967151907233737 0.4296771955549378 0.10620439890130284
vn -0.934238990381089 0.35200409637577096 0.05736396940938149
vn -0.9631272571194962 0.2681690880605335 0.02170775903352378
vn -0.9836907059935297 0.17983160109569607 0.0036318300221284193
vn -0.9959567429268817 0.08983410387195326 0
vn -0.9989909561142083 0.04491179802701936 0
vn -0.9989917858991886 0.010216649855791545 0.04371534938295599
vn -0.9958861927934057 0.020621319850776615 0.08823520936149797
vn -0.9836538779692026 0.04097951908218577 0.17534459607282463
vn -0.9631874487413641 0.07609561595036508 0.2578359862785578
vn -0.9343539793876796 0.11797989739730384 0.3362489925821775
vn -0.8968496035485739 0.16382910064822417 0.4108781016257256
vn -0.8503120921672439 0.22415779793514232 0.476153995613848
vn -0.7948097827194485 0.30193679343536717 0.5264138885548436
vn -0.7300648150916043 0.386728407994293 0.5634239116468711
vn -0.3715906930289048 0.5854317890172147 0.720548386482408
vn 0 0.6911484860608862 0.7227127854242962
vn 0.3715907093071694 0.6937041173750892 0.617004815454015
vn 0.37159071252190307 0.7412249249778756 0.5590223188379932
vn 0 0.8443724775397724 0.535756585748926
vn -0.3715907149903153 0.821488633139616 0.4325237174484095
vn -0.730064816186581 0.6284009139325469 0.268547305954078
vn -0.7948098051617611 0.5754595037372269 0.19267520125129745
vn -0.8503120913062605 0.5109034947764333 0.12628129870887805
vn -0.8967151662801919 0.4368453835729972 0.07119003732299128
vn -0.9342390005522848 0.3554848002101484 0.02877580001701118
vn -0.9632372260512239 0.2685975072643515 0.005424522146708926
vn -0.9837871731348141 0.17933989510259968 0
vn 0 0 -1
vn -0.2904828926134123 0.7187394817234256 -0.6316907839369563
vn 0.2904828926134123 0.7187394817234256 -0.6316907839369563
vn -0.9989917856252573 0.007692077889316757 0.044229449363571385
vn -0.9958861925983059 0.015525719884608652 0.08927285933650009
vn -0.9836538881647785 0.030853319628776025 0.17740659786546223
vn -0.9631874651602947 0.06117943778706253 0.2617765905312106
vn -0.9343063792045825 0.10090319775413693 0.3418919923903048
vn -0.8968365407938755 0.1464582066618581 0.417413718986652
vn -0.8504467069538094 0.19483880159312958 0.4886494039955177
vn -0.7948098164503141 0.25847910534978596 0.54905911136397
vn -0.7300648236357321 0.34000821100771145 0.592789819191476
vn -0.37159071354748796 0.5253863191545819 0.7654342279062706
vn 0 0.6305837252879433 0.776121231124352
vn 0.37159071874985317 0.641659932377099 0.6709641338557407
vn 0.7300647929103226 0.5106244950413128 0.45416739558956926
vn 0.7300648303580053 0.5456038226876341 0.4114873171107191
vn 0.37159069983753873 0.7839125996572693 0.4973945997825368
vn 0 0.8848466370921878 0.46588241952948417
vn -0.3715906964395127 0.8537081918199858 0.3648323965042692
vn -0.7300647861655754 0.648019687720296 0.2169697958885126
vn -0.7948097894035004 0.589129192145659 0.14561659805862218
vn -0.8503120925554953 0.5194266954524057 0.08464781925890623
vn -0.8967151538056516 0.4411650772733479 0.035711448160322165
vn -0.9343655747023994 0.356243190354848 0.007194590805209207
vn -0.9633753922033452 0.2681563978297942 0
vn -0.9345403837144332 0.3558570937987329 0
vn -0.8970554009971804 0.44191810049124286 0
vn -0.8968496134617945 0.4422454066381439 0.008931469134062264
vn -0.8506770861193448 0.5256885914222421 0
vn -0.8504467332631068 0.5259539205713782 0.010622020415454002
vn -0.7951859938534669 0.6063655953129881 0
vn -0.7949383831306874 0.6065664871281097 0.012250049740042982
vn -0.7304389703423523 0.6829779722693875 0
vn -0.7301825797816384 0.6831127810849756 0.013795959617997471
vn -0.3730937922282675 0.9276044806775294 0.018733649609768806
vn 0 1 0
vn 0 0.9997961286493574 0.020191610578594848
vn 0.3730937922282675 0.9276044806775294 0.018733649609768806
vn 0.7301825797816384 0.6831127810849756 0.013795959617997471
vn 0.7304389703423523 0.6829779722693875 0
vn 0.7949383831306874 0.6065664871281097 0.012250049740042982
vn 0.7951859938534669 0.6063655953129881 0
vn 0.8504467332631068 0.5259539205713782 0.010622020415454002
vn 0.8506770861193448 0.5256885914222421 0
vn 0.8968496134617945 0.4422454066381439 0.008931469134062264
vn 0.8970554009971804 0.44191810049124286 0
vn 0.9343655747023994 0.356243190354848 0.007194590805209207
vn 0.9345403837144332 0.3558570937987329 0
vn 0.9632372260512239 0.2685975072643515 0.005424522146708926
vn 0.9633753922033452 0.2681563978297942 0
vn 0.9836907059935297 0.17983160109569607 0.0036318300221284193
vn 0.9837871731348141 0.17933989510259968 0
vn 0.9959064621947961 0.0903713865694482 0.0018251159307175297
vn 0.9959567429268817 0.08983410387195326 0
vn 0.9989913667630604 0.044893508506370645 0.0009066569698350818
vn 0.9989909561142083 0.04491179802701936 0
vn -0.9989917858202678 0.0051421699270118104 0.044597869366975934
vn -0.9958861926102152 0.010378969922984798 0.09001648933204968
vn -0.9836538826821193 0.02062550963687415 0.17888439685062124
vn -0.9631874663430723 0.0460617583904511 0.2648550907450949
vn -0.9343063577159999 0.08112429632854919 0.3471173842904724
vn -0.8967842660994974 0.12524569526542528 0.42437188395776926
vn -0.8504327843053482 0.17417699678558085 0.496413590838737
vn -0.7949383992212387 0.22470149977987106 0.5635442994479238
vn -0.7300648153415091 0.29107100611653697 0.6182904129926932
vn -0.3715907160169555 0.46191501991027206 0.8053290347127061
vn 0 0.5659071742589091 0.8244689624978596
vn 0.3715906930289048 0.5854317890172147 0.720548386482408
vn 0.7300648290488384 0.472315618793153 0.4938859196514224
vn 0.7948097799889273 0.45344878858343596 0.4033132898457069
vn 0.7948098036502277 0.4845114022251573 0.36541220167818494
vn 0.7300648110696334 0.5770255087491695 0.36612420555137126
vn 0.3715907149903153 0.821488633139616 0.4325237174484095
vn 0 0.919551118029009 0.39297040770470193
vn -0.3715907088905345 0.8803610210631747 0.29476230705236833
vn -0.7300648333669933 0.6634129303207248 0.16397750749445292
vn -0.7948098021053708 0.5989574015865775 0.09760845025855505
vn -0.8503120746849632 0.5245629843829911 0.04246234873583376
vn -0.794809794778835 0.6048800960264974 0.04896385967835287
vn -0.7300648109713731 0.6811499102362827 0.05513775082860718
vn -0.37159070822146967 0.9253698204738702 0.07490688165732005
vn 0 0.9967397207371964 0.08068413167863574
vn 0.37159070822146967 0.9253698204738702 0.07490688165732005
vn 0.7300648109713731 0.6811499102362827 0.05513775082860718
vn 0.794809794778835 0.6048800960264974 0.04896385967835287
vn 0.8503120746849632 0.5245629843829911 0.04246234873583376
vn 0.8967151538056516 0.4411650772733479 0.035711448160322165
vn 0.9342390005522848 0.3554848002101484 0.02877580001701118
vn 0.9631272571194962 0.2681690880605335 0.02170775903352378
vn 0.9836070254965049 0.17973740465905133 0.014549390377141107
vn 0.9958592429021464 0.09061218390362112 0.007334879315990526
vn 0.9992530838765749 0.03176650948743221 0.022003709644959655
vn 0.9989909560618471 0.04487517802627599 0.0018133129202459143
vn -0.998991785872261 0.002575325963579738 0.04481940936616404
vn -0.9958861925288715 0.005198045961004289 0.09046364932134258
vn -0.9836538849193749 0.010329769841631871 0.17977299724385862
vn -0.9631874668759816 0.030792378941049987 0.2670612908157618
vn -0.9343063622859028 0.06107816753452603 0.35119948582352417
vn -0.8967842785442705 0.1006951975908487 0.4308577896916478
vn -0.8503782903366497 0.14893899830751814 0.5046522942653382
vn -0.7949240884338744 0.20087049707733917 0.5724916916702603
vn -0.7301825732181011 0.25305799071824786 0.634661376721662
vn -0.3715907138364611 0.3954318147242023 0.8399726312770158
vn 0 0.4975405958542802 0.8674406927721157
vn 0.37159071354748796 0.5253863191545819 0.7654342279062706
vn 0.7300648054532739 0.43092700321884153 0.5303841039617441
vn 0.794809798648565 0.4194293992868336 0.4385844992542639
vn 0.850312076259385 0.3932389890208127 0.3497605902347248
vn 0.8503120720191084 0.42017708617339455 0.3168920895721543
vn 0.7948098061739317 0.5124147039803401 0.32512850252553654
vn 0.7300648399608702 0.6046846330980521 0.3183737174265219
vn 0.3715906964395127 0.8537081918199858 0.3648323965042692
vn 0 0.9482596099528569 0.3174960033324129
vn -0.37159071721801673 0.9012734417613801 0.2227701103222696
vn -0.7300648185293372 0.674480417118583 0.1099160027897123
vn -0.37159072284770595 0.9163090563403729 0.1493253091814478
vn 0 0.9869801340030206 0.1608422055412676
vn 0.37159072284770595 0.9163090563403729 0.1493253091814478
vn 0.7300648185293372 0.674480417118583 0.1099160027897123
vn 0.7948098021053708 0.5989574015865775 0.09760845025855505
vn 0.8503120925554953 0.5194266954524057 0.08464781925890623
vn 0.8967151662801919 0.4368453835729972 0.07119003732299128
vn 0.934238990381089 0.35200409637577096 0.05736396940938149
vn 0.963127262666674 0.26554328970684915 0.043273978322587725
vn 0.9836070254111847 0.17797750459799405 0.0290039207493074
vn 0.9958592429643226 0.08972495387100073 0.014621930630833491
vn -0.9989917857925409 0 0.04489333936153601
vn -0.9958861922519673 0 0.0906128692950284
vn -0.9836538902542229 0 0.18006949821592003
vn -0.9631874498476118 0.015421589197010319 0.2683879860252556
vn -0.9343063744735617 0.04083087888444839 0.35412489032485767
vn -0.8967842448699526 0.07581299533937608 0.4359247732014099
vn -0.8503782996739905 0.1197440999540936 0.5123651998035745
vn -0.7948697084381342 0.17175610182331885 0.5819639061779804
vn -0.7301684348198496 0.2262176107877343 0.6447322307456174
vn -0.4938253197638724 0.3287757131582584 0.8050112322181523
vn 0 0.4259298051182961 0.9047562108722385
vn 0.3715907160169555 0.46191501991027206 0.8053290347127061
vn 0.7300648150916043 0.386728407994293 0.5634239116468711
vn 0.7948097742927166 0.3826751876227748 0.4709958847661353
vn 0.8503120861980703 0.36373679409596804 0.38034839382633523
vn 0.896715169017227 0.3307196885731686 0.29415368983657547
vn 0.8967151789035741 0.3533749916863798 0.26651079372997655
vn 0.8503121026870756 0.44437530140427256 0.28195730089101484
vn 0.7948097942577694 0.5369767961205251 0.28272479795740957
vn 0.730064816186581 0.6284009139325469 0.268547305954078
vn 0.3715907088905345 0.8803610210631747 0.29476230705236833
vn 0 0.9707849017328656 0.23995140042831709
vn 0.37159071721801673 0.9012734417613801 0.2227701103222696
vn 0.7300648333669933 0.6634129303207248 0.16397750749445292
vn 0.7948097894035004 0.589129192145659 0.14561659805862218
vn 0.8503120913062605 0.5109034947764333 0.12628129870887805
vn 0.8967151907233737 0.4296771955549378 0.10620439890130284
vn 0.9342389918019501 0.3462280969618104 0.08557809924904286
vn 0.963127270842473 0.2611859920929062 0.06455801804558321
vn 0.9836070232314841 0.17505710413461495 0.043269321021963604
vn 0.9958592432642269 0.08825266383405918 0.02181364094767442
vn -0.9958861925288715 -0.005198045961004329 0.09046364932134258
vn -0.998991785872261 -0.002575325963579758 0.04481940936616404
vn -0.9836538849193749 -0.01032976984163195 0.17977299724385862
vn -0.9631874492309976 0 0.2688306858301043
vn -0.9343063494434962 0.020449118893472115 0.3558840807426602
vn -0.8967842785206718 0.050681138786110635 0.4395558894719773
vn -0.8503783121305778 0.09015489128605211 0.5183906073948
vn -0.794869708784765 0.13808870152613276 0.5908584065300668
vn -0.7301160968377138 0.19342249916224638 0.6553763971614271
vn -0.6949040653996643 0.2380819881455337 0.6785464662141342
vn 0 0.38905290540869686 0.9212154128069349
vn 0.3715907138364611 0.3954318147242023 0.8399726312770158
vn 0.7300648236357321 0.34000821100771145 0.592789819191476
vn 0.7948098103823581 0.3434256044860638 0.500336106535738
vn 0.8503120775735763 0.3318627912473363 0.4084561892272358
vn 0.8967151784986982 0.30590789266498647 0.31987849233000165
vn 0.9342389716172319 0.2664894919038814 0.2370250927990285
vn 0.9342389923632131 0.28474479767239924 0.21475079824455404
vn 0.8967151643626167 0.37372608514732397 0.23713019057593784
vn 0.8503121007489507 0.465676000410165 0.24518400021595696
vn 0.7948098049323752 0.55803750346303 0.23847750147992713
vn 0.7300647861655754 0.648019687720296 0.2169697958885126
vn 0.7948098051617611 0.5754595037372269 0.19267520125129745
vn 0.8503120966193377 0.49904889801588637 0.16709139933567982
vn 0.8967151585190831 0.4197073805848637 0.14052629349943024
vn 0.9342389939270307 0.3381944978015852 0.11323419926392736
vn 0.9631272591444258 0.2551256891776435 0.08542110637646191
vn 0.9836070261695063 0.17099520454943892 0.057252581523242294
vn 0.9958592430332106 0.08620492372509937 0.02886311124723687
vn -0.9958861926102152 -0.01037896992298484 0.09001648933204968
vn -0.9989917858202678 -0.0051421699270118295 0.044597869366975934
vn -0.9836538826821193 -0.020625509636874227 0.17888439685062124
vn -0.9631874498476118 -0.015421589197010437 0.2683879860252556
vn -0.9343063559866178 0 0.3564710832073303
vn -0.8967842807435008 0.025382369454968523 0.4417393905146038
vn -0.8503783183779434 0.06026872130249681 0.5227087112965146
vn -0.7948697230533446 0.10396640301530317 0.597806917337997
vn -0.7301161113483337 0.15550800241709034 0.6653929103423286
vn -0.694818882444088 0.22328239435834824 0.6836458827263949
vn -0.6949668986120644 0.203532999593519 0.6896341986227144
vn 0.4938253197638724 0.3287757131582584 0.8050112322181523
vn 0.7300648153415091 0.29107100611653697 0.6182904129926932
vn 0.7948097827194485 0.30193679343536717 0.5264138885548436
vn 0.8503121074969171 0.29782490262582234 0.4339005038255555
vn 0.8967151936336585 0.2791013980184847 0.3435174975611546
vn 0.9342389742861515 0.24649649321546874 0.25775379290562467
vn 0.9631272743925121 0.20103309465496128 0.1788058952459349
vn 0.9631272631924646 0.21480449179088343 0.1620027938087896
vn 0.934238995839717 0.3011433986589708 0.19107629914911342
vn 0.8967151661821726 0.3916402852300662 0.2062032922234534
vn 0.8503120639831201 0.483940279501621 0.2068119912400131
vn 0.8967151520484768 0.4070007782357784 0.1739318906990542
vn 0.9342389844040528 0.3279556945251913 0.1401519976603384
vn 0.9631272578784152 0.2474017891800846 0.10572719537610742
vn 0.9836070152614941 0.1658184025728126 0.07086252109949194
vn 0.9958592431807916 0.08359507362471047 0.03572438154902121
vn -0.9958861925983059 -0.01552571988460869 0.08927285933650009
vn -0.9989917856252573 -0.007692077889316776 0.044229449363571385
vn -0.9836538881647785 -0.0308533196287761 0.17740659786546223
vn -0.9631874668759816 -0.030792378941050105 0.2670612908157618
vn -0.9343063494434962 -0.020449118893472274 0.3558840807426602
vn -0.8967842550513359 0 0.44246807782259345
vn -0.8503783045066884 0.030184070159964212 0.5253053027839224
vn -0.7948696921463902 0.0695017593132965 0.6027865940442431
vn -0.7301160820284958 0.11708139711808986 0.6732179834290188
vn -0.6949668958083106 0.16363669901302588 0.7001742957769022
vn 0.7301825732181011 0.25305799071824786 0.634661376721662
vn 0.7948098164503141 0.25847910534978596 0.54905911136397
vn 0.8503120540206907 0.2618450858411318 0.45651567531462095
vn 0.8967151773191098 0.2504750936646571 0.3649165907700535
vn 0.934238978335615 0.22489619478480566 0.2768017935811492
vn 0.9631272560610089 0.18595089151670294 0.19444319112927438
vn 0.9836070237853983 0.13474030325826442 0.11984270289801352
vn 0.9836070230058209 0.1439704033673583 0.10858060253961782
vn 0.9631272718597234 0.22717519336248385 0.1441432957884775
vn 0.9342389912310601 0.31557839703792273 0.16615589844043008
vn 0.9631272563421216 0.23806468920869572 0.12534389431824985
vn 0.9836070161836552 0.15956030262530546 0.08401040138225468
vn 0.9958592430484318 0.08044014347722032 0.042352701830798305
vn -0.9958861927934057 -0.020621319850776657 0.08823520936149797
vn -0.9989917858991886 -0.010216649855791566 0.04371534938295599
vn -0.9836538779692026 -0.040979519082185854 0.17534459607282463
vn -0.9631874663430723 -0.046061758390451214 0.2648550907450949
vn -0.9343063744735617 -0.04083087888444854 0.35412489032485767
vn -0.8967842807435008 -0.025382369454968717 0.4417393905146038
vn -0.8503782931008258 0 0.526171795731134
vn -0.7948697200425847 0.03480820087768623 0.6057809152747236
vn -0.7301160831830276 0.07826914819720418 0.6788257843644117
vn -0.694966927379352 0.12320150485372343 0.7084083279088977
vn 0.7301684348198496 0.2262176107877343 0.6447322307456174
vn 0.6949040653996643 0.2380819881455337 0.6785464662141342
vn 0.7949383992212387 0.22470149977987106 0.5635442994479238
vn 0.8503120921672439 0.22415779793514232 0.476153995613848
vn 0.896715155698246 0.22021548912036623 0.3839362810318243
vn 0.934238991105405 0.20182939807844583 0.29404489720049126
vn 0.9631272603384298 0.16965619301355975 0.2088124914011039
vn 0.9836070222515911 0.12463160281947096 0.13032340294823344
vn 0.9958592430570415 0.0679274829369175 0.06041709261219775
vn 0.9958592431048362 0.07258072314158871 0.05473944236934559
vn 0.9836070292221192 0.1522617045235643 0.09661048287021441
vn 0.9958592432494031 0.07676069333365802 0.04870486211521482
vn -0.9958861923944958 -0.025649019804120484 0.08690695933629843
vn -0.9989917858054781 -0.012707579819439947 0.043057279388205694
vn -0.9836538850557462 -0.050970759225622005 0.17270499737616316
vn -0.9631874651602947 -0.06117943778706264 0.2617765905312106
vn -0.9343063622859028 -0.06107816753452618 0.35119948582352417
vn -0.8967842785206718 -0.05068113878611083 0.4395558894719773
vn -0.8503783045066884 -0.03018407015996445 0.5253053027839224
vn -0.794869727926119 0 0.6067801213179761
vn -0.7301160761790892 0.039199118721081685 0.6821978777424778
vn -0.6949668975868399 0.08236041971401661 0.7143092975196765
vn 0.7301160968377138 0.19342249916224638 0.6553763971614271
vn 0.694818882444088 0.22328239435834824 0.6836458827263949
vn 0.6949668986120644 0.203532999593519 0.6896341986227144
vn 0.7949240884338744 0.20087049707733917 0.5724916916702603
vn 0.8504467069538094 0.19483880159312958 0.4886494039955177
vn 0.8967151708671594 0.18851999387528703 0.4004523869899429
vn 0.9342389670772419 0.17744669374674485 0.30937068909771837
vn 0.9631272578995801 0.15225519334458912 0.22182029030374514
vn 0.9836070264976213 0.1137102030632659 0.13995430377026197
vn 0.9958592430757973 0.0628313227177629 0.06570078284188116
vn -0.9967253559470367 -0.02510470889042975 0.07686558660271825
vn -0.9989909562216859 -0.013943579388957041 0.042692458129108345
vn -0.9853537734261164 -0.05294144857222869 0.16209609562845054
vn -0.9631874487413641 -0.0760956159503652 0.2578359862785578
vn -0.9343063577159999 -0.08112429632854935 0.3471173842904724
vn -0.8967842448699526 -0.07581299533937627 0.4359247732014099
vn -0.8503783183779434 -0.060268721302497046 0.5227087112965146
vn -0.7948697200425847 -0.03480820087768649 0.6057809152747236
vn -0.7301161078586705 0 0.6833231073550098
vn -0.6949669225771026 0.04124814134001112 0.7178576233207432
vn 0.6949668958083106 0.16363669901302588 0.7001742957769022
vn 0.7301161113483337 0.15550800241709034 0.6653929103423286
vn 0.7948697084381342 0.17175610182331885 0.5819639061779804
vn 0.8504327843053482 0.17417699678558085 0.496413590838737
vn 0.8968496035485739 0.16382910064822417 0.4108781016257256
vn 0.9342389761209081 0.15190679611727137 0.3226791917523394
vn 0.9631272574730494 0.13386139408934083 0.23338168969501538
vn 0.9836070274000855 0.10204740284270797 0.14867260414153416
vn 0.9958592430197775 0.057325462476382726 0.0705560730479273
vn -0.9657162128426735 -0.08059698107182706 0.24677180328171944
vn -0.9343063792045825 -0.10090319775413707 0.3418919923903048
vn -0.8967842785442705 -0.1006951975908489 0.4308577896916478
vn -0.8503783121305778 -0.09015489128605234 0.5183906073948
vn -0.7948696921463902 -0.06950175931329677 0.6027865940442431
vn -0.7301160761790892 -0.03919911872108199 0.6821978777424778
vn -0.6949669144433238 0 0.7190417149436643
vn 0.694966927379352 0.12320150485372343 0.7084083279088977
vn 0.7301160820284958 0.11708139711808986 0.6732179834290188
vn 0.794869708784765 0.13808870152613276 0.5908584065300668
vn 0.8503782903366497 0.14893899830751814 0.5046522942653382
vn 0.8968365407938755 0.1464582066618581 0.417413718986652
vn 0.9343655736662662 0.13196969628062608 0.33097579067192906
vn 0.9631272549805341 0.11459479464349442 0.24342128862175655
vn 0.9836070267655513 0.08971917244140497 0.15642150425648427
vn 0.9958592430889083 0.051445812225961035 0.07495129324299787
vn -0.9376158804894231 -0.10794059775389549 0.33049249312287765
vn -0.8967842660994974 -0.12524569526542545 0.42437188395776915
vn -0.8503782996739905 -0.11974409995409382 0.5123651998035745
vn -0.7948697230533446 -0.10396640301530345 0.597806917337997
vn -0.7301160831830273 -0.07826914819720446 0.6788257843644115
vn -0.6949669225771026 -0.04124814134001144 0.7178576233207432
vn 0.6949668975868399 0.08236041971401661 0.7143092975196765
vn 0.7301160831830276 0.07826914819720418 0.6788257843644117
vn 0.7948697230533446 0.10396640301530317 0.597806917337997
vn 0.8503782996739905 0.1197440999540936 0.5123651998035745
vn 0.8967842660994974 0.12524569526542528 0.42437188395776926
vn 0.9343539793876796 0.11797989739730384 0.3362489925821775
vn 0.9632372214090936 0.09950149221153903 0.24954660554647035
vn 0.9836070162381644 0.07680593126797315 0.16315050269341785
vn 0.9958592430754871 0.045230701956435616 0.07885779341096183
vn -0.9008052922336397 -0.13481149883771265 0.41276589644130784
vn -0.8503782903366497 -0.14893899830751836 0.5046522942653382
vn -0.794869708784765 -0.13808870152613303 0.5908584065300668
vn -0.7301160820284958 -0.11708139711809017 0.6732179834290188
vn -0.6949668975868399 -0.08236041971401692 0.7143092975196765
vn 0.6949669225771026 0.04124814134001112 0.7178576233207432
vn 0.7301160761790892 0.039199118721081685 0.6821978777424778
vn 0.7948696921463902 0.0695017593132965 0.6027865940442431
vn 0.8503783121305778 0.09015489128605211 0.5183906073948
vn 0.8967842785442705 0.1006951975908487 0.4308577896916478
vn 0.9343063792045825 0.10090319775413693 0.3418919923903048
vn 0.9632276449917301 0.0889573741551404 0.25353321184236965
vn 0.9836907078234534 0.06661832052982637 0.1670766013287876
vn 0.9958592432997202 0.03872066168356502 0.08225009357621428
vn -0.8550143820411925 -0.1610089966181511 0.49297718964545784
vn -0.7948697084381342 -0.17175610182331913 0.5819639061779804
vn -0.7301161113483335 -0.1555080024170906 0.6653929103423284
vn -0.6948189087858253 -0.10284370130043509 0.711793409000464
vn -0.694966927379352 -0.12320150485372373 0.7084083279088977
vn 0.6949669144433238 0 0.7190417149436643
vn 0.7301161078586705 0 0.6833231073550098
vn 0.7948697200425847 0.03480820087768623 0.6057809152747236
vn 0.8503783183779434 0.06026872130249681 0.5227087112965146
vn 0.8967842448699526 0.07581299533937608 0.4359247732014099
vn 0.9343063577159999 0.08112429632854919 0.3471173842904724
vn 0.9631874487413641 0.07609561595036508 0.2578359862785578
vn 0.9836837175915871 0.05956384106520261 0.16976010303588399
vn 0.995906461590546 0.033477928708845625 0.08396158676182572
vn -0.799990824615122 -0.18628340573180183 0.5703623175496239
vn -0.7301160968377138 -0.19342249916224666 0.6553763971614271
vn -0.6949668958083106 -0.16363669901302622 0.7001742957769022
vn 0.7301160761790892 -0.03919911872108199 0.6821978777424778
vn 0.6949669225771026 -0.04124814134001144 0.7178576233207432
vn 0.794869727926119 0 0.6067801213179761
vn 0.8503783045066884 0.030184070159964212 0.5253053027839224
vn 0.8967842785206718 0.050681138786110635 0.4395558894719773
vn 0.9343063622859028 0.06107816753452603 0.35119948582352417
vn 0.9631874651602947 0.06117943778706253 0.2617765905312106
vn 0.9836538850557462 0.05097075922562192 0.17270499737616316
vn 0.9959026692373544 0.02994028907516814 0.08533142736417972
vn 0.9989913668680885 0.01663071944843614 0.041709328616694984
vn 0.9989909561474656 0.01747306923298767 0.0413734381838373
vn -0.7355528602696061 -0.21033048863914003 0.6439899652153144
vn -0.6949668986120644 -0.20353299959351934 0.6896341986227144
vn 0.7301160831830273 -0.07826914819720446 0.6788257843644115
vn 0.6949668975868399 -0.08236041971401692 0.7143092975196765
vn 0.7948697200425847 -0.03480820087768649 0.6057809152747236
vn 0.8503782931008258 0 0.526171795731134
vn 0.8967842807435008 0.025382369454968523 0.4417393905146038
vn 0.9343063744735617 0.04083087888444839 0.35412489032485767
vn 0.9631874663430723 0.0460617583904511 0.2648550907450949
vn 0.9836538779692026 0.04097951908218577 0.17534459607282463
vn 0.9958861923944958 0.025649019804120442 0.08690695933629843
vn 0.9989914333472008 0.01486598049623932 0.04236884141430868
vn -0.694818882444088 -0.2232823943583485 0.6836458827263949
vn 0.7301160820284958 -0.11708139711809017 0.6732179834290188
vn 0.6948189087858253 -0.10284370130043509 0.711793409000464
vn 0.694966927379352 -0.12320150485372373 0.7084083279088977
vn 0.7948696921463902 -0.06950175931329677 0.6027865940442431
vn 0.8503783045066884 -0.03018407015996445 0.5253053027839224
vn 0.8967842550513359 0 0.44246807782259345
vn 0.9343063494434962 0.020449118893472115 0.3558840807426602
vn 0.9631874668759816 0.030792378941049987 0.2670612908157618
vn 0.9836538881647785 0.030853319628776025 0.17740659786546223
vn 0.9958861927934057 0.020621319850776615 0.08823520936149797
vn 0.9989917858054781 0.012707579819439926 0.043057279388205694
vn 0.7301161113483335 -0.1555080024170906 0.6653929103423284
vn 0.6949668958083106 -0.16363669901302622 0.7001742957769022
vn 0.7948697230533446 -0.10396640301530345 0.597806917337997
vn 0.8503783183779434 -0.060268721302497046 0.5227087112965146
vn 0.8967842807435008 -0.025382369454968717 0.4417393905146038
vn 0.9343063559866178 0 0.3564710832073303
vn 0.9631874498476118 0.015421589197010319 0.2683879860252556
vn 0.9836538826821193 0.02062550963687415 0.17888439685062124
vn 0.9958861925983059 0.015525719884608652 0.08927285933650009
vn 0.9989917858991886 0.010216649855791545 0.04371534938295599
vn 0.7301160968377138 -0.19342249916224666 0.6553763971614271
vn 0.6949668986120644 -0.20353299959351934 0.6896341986227144
vn 0.794869708784765 -0.13808870152613303 0.5908584065300668
vn 0.8503783121305778 -0.09015489128605234 0.5183906073948
vn 0.8967842785206718 -0.05068113878611083 0.4395558894719773
vn 0.9343063494434962 -0.020449118893472274 0.3558840807426602
vn 0.9631874492309976 0 0.2688306858301043
vn 0.9836538849193749 0.010329769841631871 0.17977299724385862
vn 0.9958861926102152 0.010378969922984798 0.09001648933204968
vn 0.9989917856252573 0.007692077889316757 0.044229449363571385
vn 0.694818882444088 -0.2232823943583485 0.6836458827263949
vn 0.7355528602696061 -0.21033048863914003 0.6439899652153144
vn 0.7948697084381342 -0.17175610182331913 0.5819639061779804
vn 0.8503782996739905 -0.11974409995409382 0.5123651998035745
vn 0.8967842448699526 -0.07581299533937627 0.4359247732014099
vn 0.9343063744735617 -0.04083087888444854 0.35412489032485767
vn 0.9631874498476118 -0.015421589197010437 0.2683879860252556
vn 0.9836538902542229 0 0.18006949821592003
vn 0.9958861925288715 0.005198045961004289 0.09046364932134258
vn 0.9989917858202678 0.0051421699270118104 0.044597869366975934
vn 0.799990824615122 -0.18628340573180183 0.5703623175496239
vn 0.8503782903366497 -0.14893899830751836 0.5046522942653382
vn 0.8967842785442705 -0.1006951975908489 0.4308577896916478
vn 0.9343063622859028 -0.06107816753452618 0.35119948582352417
vn 0.9631874668759816 -0.030792378941050105 0.2670612908157618
vn 0.9836538849193749 -0.01032976984163195 0.17977299724385862
vn 0.9958861922519673 0 0.0906128692950284
vn 0.998991785872261 0.002575325963579738 0.04481940936616404
vn 0.8550143820411925 -0.1610089966181511 0.49297718964545784
vn 0.8967842660994974 -0.12524569526542545 0.42437188395776915
vn 0.9343063577159999 -0.08112429632854935 0.3471173842904724
vn 0.9631874663430723 -0.046061758390451214 0.2648550907450949
vn 0.9836538826821193 -0.020625509636874227 0.17888439685062124
vn 0.9958861925288715 -0.005198045961004329 0.09046364932134258
vn 0.9989917857925409 0 0.04489333936153601
vn 0.9008052922336397 -0.13481149883771265 0.41276589644130784
vn 0.9343063792045825 -0.10090319775413707 0.3418919923903048
vn 0.9631874651602947 -0.06117943778706264 0.2617765905312106
vn 0.9836538881647785 -0.0308533196287761 0.17740659786546223
vn 0.9958861926102152 -0.01037896992298484 0.09001648933204968
vn 0.998991785872261 -0.002575325963579758 0.04481940936616404
vn 0.9376158804894231 -0.10794059775389549 0.33049249312287765
vn 0.9631874487413641 -0.0760956159503652 0.2578359862785578
vn 0.9836538779692026 -0.040979519082185854 0.17534459607282463
vn 0.9958861925983059 -0.01552571988460869 0.08927285933650009
vn 0.9989917858202678 -0.0051421699270118295 0.044597869366975934
vn 0.9657162128426735 -0.08059698107182706 0.24677180328171944
vn 0.9836538850557462 -0.050970759225622005 0.17270499737616316
vn 0.9958861927934057 -0.020621319850776657 0.08823520936149797
vn 0.9989917856252573 -0.007692077889316776 0.044229449363571385
vn 0.9853537734261164 -0.05294144857222869 0.16209609562845054
vn 0.9958861923944958 -0.025649019804120484 0.08690695933629843
vn 0.9989917858991886 -0.010216649855791566 0.04371534938295599
vn 0.9967253559470367 -0.02510470889042975 0.07686558660271825
vn 0.9989917858054781 -0.012707579819439947 0.043057279388205694
vn 0.9989909562216859 -0.013943579388957041 0.042692458129108345
vn 0.9958592431048362 -0.07258072314158871 -0.05473944236934559
vn 0.9958592430570415 -0.0679274829369175 -0.06041709261219775
vn 0.9992530838765749 -0.03176650948743221 -0.022003709644959655
vn 0.9836070230058209 -0.1439704033673583 -0.10858060253961782
vn 0.9836070237853983 -0.13474030325826442 -0.11984270289801352
vn 0.9958592432494031 -0.07676069333365802 -0.04870486211521482
vn 0.9958592430757973 -0.0628313227177629 -0.06570078284188116
vn 0.9836070222515911 -0.12463160281947096 -0.13032340294823344
vn 0.9631272631924646 -0.21480449179088343 -0.1620027938087896
vn 0.9631272743925121 -0.20103309465496128 -0.1788058952459349
vn 0.9836070292221192 -0.1522617045235643 -0.09661048287021441
vn 0.9958592430484318 -0.08044014347722032 -0.042352701830798305
vn 0.9958592430197775 -0.057325462476382726 -0.0705560730479273
vn 0.9836070264976213 -0.1137102030632659 -0.13995430377026197
vn 0.9631272560610089 -0.18595089151670294 -0.19444319112927438
vn 0.9342389923632131 -0.28474479767239924 -0.21475079824455404
vn 0.9342389716172319 -0.2664894919038814 -0.2370250927990285
vn 0.9631272718597234 -0.22717519336248385 -0.1441432957884775
vn 0.9836070161836552 -0.15956030262530546 -0.08401040138225468
vn 0.9958592431807916 -0.08359507362471047 -0.03572438154902121
vn 0.9958592430889083 -0.051445812225961035 -0.07495129324299787
vn 0.9836070274000855 -0.10204740284270797 -0.14867260414153416
vn 0.9631272603384298 -0.16965619301355975 -0.2088124914011039
vn 0.9342389742861515 -0.24649649321546874 -0.25775379290562467
vn 0.8967151789035741 -0.3533749916863798 -0.26651079372997655
vn 0.896715169017227 -0.3307196885731686 -0.29415368983657547
vn 0.934238995839717 -0.3011433986589708 -0.19107629914911342
vn 0.9631272563421216 -0.23806468920869572 -0.12534389431824985
vn 0.9836070152614941 -0.1658184025728126 -0.07086252109949194
vn 0.9958592430332106 -0.08620492372509937 -0.02886311124723687
vn 0.9958592430754871 -0.045230701956435616 -0.07885779341096183
vn 0.9836070267655513 -0.08971917244140497 -0.15642150425648427
vn 0.9631272578995801 -0.15225519334458912 -0.22182029030374514
vn 0.934238978335615 -0.22489619478480566 -0.2768017935811492
vn 0.8967151784986982 -0.30590789266498647 -0.31987849233000165
vn 0.8503120720191084 -0.42017708617339455 -0.3168920895721543
vn 0.850312076259385 -0.3932389890208127 -0.3497605902347248
vn 0.8967151643626167 -0.37372608514732397 -0.23713019057593784
vn 0.9342389912310601 -0.31557839703792273 -0.16615589844043008
vn 0.9631272578784152 -0.2474017891800846 -0.10572719537610742
vn 0.9836070261695063 -0.17099520454943892 -0.057252581523242294
vn 0.9958592432642269 -0.08825266383405918 -0.02181364094767442
vn 0.9958592432997202 -0.03872066168356502 -0.08225009357621428
vn 0.9836070162381644 -0.07680593126797315 -0.16315050269341785
vn 0.9631272574730494 -0.13386139408934083 -0.23338168969501538
vn 0.934238991105405 -0.20182939807844583 -0.29404489720049126
vn 0.8967151936336585 -0.2791013980184847 -0.3435174975611546
vn 0.8503120861980703 -0.36373679409596804 -0.38034839382633523
vn 0.7948098036502277 -0.4845114022251573 -0.36541220167818494
vn 0.7948097799889273 -0.45344878858343596 -0.4033132898457069
vn 0.8503121026870756 -0.44437530140427256 -0.28195730089101484
vn 0.8967151661821726 -0.3916402852300662 -0.2062032922234534
vn 0.9342389844040528 -0.3279556945251913 -0.1401519976603384
vn 0.9631272591444258 -0.2551256891776435 -0.08542110637646191
vn 0.9836070232314841 -0.17505710413461495 -0.043269321021963604
vn 0.9958592429643226 -0.08972495387100073 -0.014621930630833491
vn 0.9989909561474656 -0.01747306923298767 -0.0413734381838373
vn 0.9989913668680885 -0.01663071944843614 -0.041709328616694984
vn 0.995906461590546 -0.033477928708845625 -0.08396158676182572
vn 0.9836907078234534 -0.06661832052982637 -0.1670766013287876
vn 0.9631272549805341 -0.11459479464349442 -0.24342128862175655
vn 0.9342389670772419 -0.17744669374674485 -0.30937068909771837
vn 0.8967151773191098 -0.2504750936646571 -0.3649165907700535
vn 0.8503120775735763 -0.3318627912473363 -0.4084561892272358
vn 0.794809798648565 -0.4194293992868336 -0.4385844992542639
vn 0.7300648303580053 -0.5456038226876341 -0.4114873171107191
vn 0.7300647929103226 -0.5106244950413128 -0.45416739558956926
vn 0.7948098061739317 -0.5124147039803401 -0.32512850252553654
vn 0.8503121007489507 -0.465676000410165 -0.24518400021595696
vn 0.8967151520484768 -0.4070007782357784 -0.1739318906990542
vn 0.9342389939270307 -0.3381944978015852 -0.11323419926392736
vn 0.963127270842473 -0.2611859920929062 -0.06455801804558321
vn 0.9836070254111847 -0.17797750459799405 -0.0290039207493074
vn 0.9958592429021464 -0.09061218390362112 -0.007334879315990526
vn 0.9989914333472008 -0.01486598049623932 -0.04236884141430868
vn 0.9959026692373544 -0.02994028907516814 -0.08533142736417972
vn 0.9836837175915871 -0.05956384106520261 -0.16976010303588399
vn 0.9632372214090936 -0.09950149221153903 -0.24954660554647035
vn 0.9342389761209081 -0.15190679611727137 -0.3226791917523394
vn 0.896715155698246 -0.22021548912036623 -0.3839362810318243
vn 0.8503121074969171 -0.29782490262582234 -0.4339005038255555
vn 0.7948097742927166 -0.3826751876227748 -0.4709958847661353
vn 0.7300648290488384 -0.472315618793153 -0.4938859196514224
vn 0.37159071252190307 -0.7412249249778756 -0.5590223188379932
vn 0.3715907093071694 -0.6937041173750892 -0.617004815454015
vn 0.7300648110696334 -0.5770255087491695 -0.36612420555137126
vn 0.7948097942577694 -0.5369767961205251 -0.28272479795740957
vn 0.8503120639831201 -0.483940279501621 -0.2068119912400131
vn 0.8967151585190831 -0.4197073805848637 -0.14052629349943024
vn 0.9342389918019501 -0.3462280969618104 -0.08557809924904286
vn 0.963127262666674 -0.26554328970684915 -0.043273978322587725
vn 0.9836070254965049 -0.17973740465905133 -0.014549390377141107
vn 0.9989913667630604 -0.044893508506370645 -0.0009066569698350818
vn 0.9959064621947961 -0.0903713865694482 -0.0018251159307175297
vn 0.9989909560618471 -0.04487517802627599 -0.0018133129202459143
vn 0.9989917858054781 -0.012707579819439926 -0.043057279388205694
vn 0.9958861923944958 -0.025649019804120442 -0.08690695933629843
vn 0.9836538850557462 -0.05097075922562192 -0.17270499737616316
vn 0.9632276449917301 -0.0889573741551404 -0.25353321184236965
vn 0.9343655736662662 -0.13196969628062608 -0.33097579067192906
vn 0.8967151708671594 -0.18851999387528703 -0.4004523869899429
vn 0.8503120540206907 -0.2618450858411318 -0.45651567531462095
vn 0.7948098103823581 -0.3434256044860638 -0.500336106535738
vn 0.7300648054532739 -0.43092700321884153 -0.5303841039617441
vn 0.37159071874985317 -0.641659932377099 -0.6709641338557407
vn 0 -0.7983925350863426 -0.6021373264616662
vn 0 -0.7472066135577652 -0.6645918120587527
vn 0.37159069983753873 -0.7839125996572693 -0.4973945997825368
vn 0.7300648399608702 -0.6046846330980521 -0.3183737174265219
vn 0.7948098049323752 -0.55803750346303 -0.23847750147992713
vn 0.8503120966193377 -0.49904889801588637 -0.16709139933567982
vn 0.8967151907233737 -0.4296771955549378 -0.10620439890130284
vn 0.934238990381089 -0.35200409637577096 -0.05736396940938149
vn 0.9631272571194962 -0.2681690880605335 -0.02170775903352378
vn 0.9836907059935297 -0.17983160109569607 -0.0036318300221284193
vn 0.9989909561142083 -0.04491179802701936 0
vn 0.9959567429268817 -0.08983410387195326 0
vn 0.9989917858991886 -0.010216649855791545 -0.04371534938295599
vn 0.9958861927934057 -0.020621319850776615 -0.08823520936149797
vn 0.9836538779692026 -0.04097951908218577 -0.17534459607282463
vn 0.9631874487413641 -0.07609561595036508 -0.2578359862785578
vn 0.9343539793876796 -0.11797989739730384 -0.3362489925821775
vn 0.8968496035485739 -0.16382910064822417 -0.4108781016257256
vn 0.8503120921672439 -0.22415779793514232 -0.476153995613848
vn 0.7948097827194485 -0.30193679343536717 -0.5264138885548436
vn 0.7300648150916043 -0.386728407994293 -0.5634239116468711
vn 0.3715906930289048 -0.5854317890172147 -0.720548386482408
vn 0 -0.6911484860608862 -0.7227127854242962
vn -0.37159071252190307 -0.7412249249778756 -0.5590223188379932
vn -0.3715907093071694 -0.6937041173750892 -0.617004815454015
vn 0 -0.8443724775397724 -0.535756585748926
vn 0.3715907149903153 -0.821488633139616 -0.4325237174484095
vn 0.730064816186581 -0.6284009139325469 -0.268547305954078
vn 0.7948098051617611 -0.5754595037372269 -0.19267520125129745
vn 0.8503120913062605 -0.5109034947764333 -0.12628129870887805
vn 0.8967151662801919 -0.4368453835729972 -0.07119003732299128
vn 0.9342390005522848 -0.3554848002101484 -0.02877580001701118
vn 0.9632372260512239 -0.2685975072643515 -0.005424522146708926
vn 0.9837871731348141 -0.17933989510259968 0
vn -0.2904828926134123 -0.7187394817234256 0.6316907839369563
vn 0.2904828926134123 -0.7187394817234256 0.6316907839369563
vn 0 0 1
vn 0.9989917856252573 -0.007692077889316757 -0.044229449363571385
vn 0.9958861925983059 -0.015525719884608652 -0.08927285933650009
vn 0.9836538881647785 -0.030853319628776025 -0.17740659786546223
vn 0.9631874651602947 -0.06117943778706253 -0.2617765905312106
vn 0.9343063792045825 -0.10090319775413693 -0.3418919923903048
vn 0.8968365407938755 -0.1464582066618581 -0.417413718986652
vn 0.8504467069538094 -0.19483880159312958 -0.4886494039955177
vn 0.7948098164503141 -0.25847910534978596 -0.54905911136397
vn 0.7300648236357321 -0.34000821100771145 -0.592789819191476
vn 0.37159071354748796 -0.5253863191545819 -0.7654342279062706
vn 0 -0.6305837252879433 -0.776121231124352
vn -0.37159071874985317 -0.641659932377099 -0.6709641338557407
vn -0.7300648303580053 -0.5456038226876341 -0.4114873171107191
vn -0.7300647929103226 -0.5106244950413128 -0.45416739558956926
vn -0.37159069983753873 -0.7839125996572693 -0.4973945997825368
vn 0 -0.8848466370921878 -0.46588241952948417
vn 0.3715906964395127 -0.8537081918199858 -0.3648323965042692
vn 0.7300647861655754 -0.648019687720296 -0.2169697958885126
vn 0.7948097894035004 -0.589129192145659 -0.14561659805862218
vn 0.8503120925554953 -0.5194266954524057 -0.08464781925890623
vn 0.8967151538056516 -0.4411650772733479 -0.035711448160322165
vn 0.9343655747023994 -0.356243190354848 -0.007194590805209207
vn 0.9633753922033452 -0.2681563978297942 0
vn 0.9345403837144332 -0.3558570937987329 0
vn 0.8970554009971804 -0.44191810049124286 0
vn 0.8968496134617945 -0.4422454066381439 -0.008931469134062264
vn 0.8506770861193448 -0.5256885914222421 0
vn 0.8504467332631068 -0.5259539205713782 -0.010622020415454002
vn 0.7951859938534669 -0.6063655953129881 0
vn 0.7949383831306874 -0.6065664871281097 -0.012250049740042982
vn 0.7304389703423523 -0.6829779722693875 0
vn 0.7301825797816384 -0.6831127810849756 -0.013795959617997471
vn 0.3730937922282675 -0.9276044806775294 -0.018733649609768806
vn -0.3730937922282675 -0.9276044806775294 -0.018733649609768806
vn 0 -1 0
vn 0 -0.9997961286493574 -0.020191610578594848
vn -0.7304389703423523 -0.6829779722693875 0
vn -0.7301825797816384 -0.6831127810849756 -0.013795959617997471
vn -0.7951859938534669 -0.6063655953129881 0
vn -0.7949383831306874 -0.6065664871281097 -0.012250049740042982
vn -0.8506770861193448 -0.5256885914222421 0
vn -0.8504467332631068 -0.5259539205713782 -0.010622020415454002
vn -0.8970554009971804 -0.44191810049124286 0
vn -0.8968496134617945 -0.4422454066381439 -0.008931469134062264
vn -0.9345403837144332 -0.3558570937987329 0
vn -0.9343655747023994 -0.356243190354848 -0.007194590805209207
vn -0.9633753922033452 -0.2681563978297942 0
vn -0.9632372260512239 -0.2685975072643515 -0.005424522146708926
vn -0.9837871731348141 -0.17933989510259968 0
vn -0.9836907059935297 -0.17983160109569607 -0.0036318300221284193
vn -0.9959567429268817 -0.08983410387195326 0
vn -0.9959064621947961 -0.0903713865694482 -0.0018251159307175297
vn -0.9989909561142083 -0.04491179802701936 0
vn -0.9989913667630604 -0.044893508506370645 -0.0009066569698350818
vn 0.9989917858202678 -0.0051421699270118104 -0.044597869366975934
vn 0.9958861926102152 -0.010378969922984798 -0.09001648933204968
vn 0.9836538826821193 -0.02062550963687415 -0.17888439685062124
vn 0.9631874663430723 -0.0460617583904511 -0.2648550907450949
vn 0.9343063577159999 -0.08112429632854919 -0.3471173842904724
vn 0.8967842660994974 -0.12524569526542528 -0.42437188395776926
vn 0.8504327843053482 -0.17417699678558085 -0.496413590838737
vn 0.7949383992212387 -0.22470149977987106 -0.5635442994479238
vn 0.7300648153415091 -0.29107100611653697 -0.6182904129926932
vn 0.3715907160169555 -0.46191501991027206 -0.8053290347127061
vn 0 -0.5659071742589091 -0.8244689624978596
vn -0.3715906930289048 -0.5854317890172147 -0.720548386482408
vn -0.7300648290488384 -0.472315618793153 -0.4938859196514224
vn -0.7948098036502277 -0.4845114022251573 -0.36541220167818494
vn -0.7948097799889273 -0.45344878858343596 -0.4033132898457069
vn -0.7300648110696334 -0.5770255087491695 -0.36612420555137126
vn -0.3715907149903153 -0.821488633139616 -0.4325237174484095
vn 0 -0.919551118029009 -0.39297040770470193
vn 0.3715907088905345 -0.8803610210631747 -0.29476230705236833
vn 0.7300648333669933 -0.6634129303207248 -0.16397750749445292
vn 0.7948098021053708 -0.5989574015865775 -0.09760845025855505
vn 0.8503120746849632 -0.5245629843829911 -0.04246234873583376
vn 0.794809794778835 -0.6048800960264974 -0.04896385967835287
vn 0.7300648109713731 -0.6811499102362827 -0.05513775082860718
vn 0.37159070822146967 -0.9253698204738702 -0.07490688165732005
vn 0 -0.9967397207371964 -0.08068413167863574
vn -0.37159070822146967 -0.9253698204738702 -0.07490688165732005
vn -0.7300648109713731 -0.6811499102362827 -0.05513775082860718
vn -0.794809794778835 -0.6048800960264974 -0.04896385967835287
vn -0.8503120746849632 -0.5245629843829911 -0.04246234873583376
vn -0.8967151538056516 -0.4411650772733479 -0.035711448160322165
vn -0.9342390005522848 -0.3554848002101484 -0.02877580001701118
vn -0.9631272571194962 -0.2681690880605335 -0.02170775903352378
vn -0.9836070254965049 -0.17973740465905133 -0.014549390377141107
vn -0.9958592429021464 -0.09061218390362112 -0.007334879315990526
vn -0.9989909560618471 -0.04487517802627599 -0.0018133129202459143
vn -0.9992530838765749 -0.03176650948743221 -0.022003709644959655
vn 0.998991785872261 -0.002575325963579738 -0.04481940936616404
vn 0.9958861925288715 -0.005198045961004289 -0.09046364932134258
vn 0.9836538849193749 -0.010329769841631871 -0.17977299724385862
vn 0.9631874668759816 -0.030792378941049987 -0.2670612908157618
vn 0.9343063622859028 -0.06107816753452603 -0.35119948582352417
vn 0.8967842785442705 -0.1006951975908487 -0.4308577896916478
vn 0.8503782903366497 -0.14893899830751814 -0.5046522942653382
vn 0.7949240884338744 -0.20087049707733917 -0.5724916916702603
vn 0.7301825732181011 -0.25305799071824786 -0.634661376721662
vn 0.3715907138364611 -0.3954318147242023 -0.8399726312770158
vn 0 -0.4975405958542802 -0.8674406927721157
vn -0.37159071354748796 -0.5253863191545819 -0.7654342279062706
vn -0.7300648054532739 -0.43092700321884153 -0.5303841039617441
vn -0.794809798648565 -0.4194293992868336 -0.4385844992542639
vn -0.8503120720191084 -0.42017708617339455 -0.3168920895721543
vn -0.850312076259385 -0.3932389890208127 -0.3497605902347248
vn -0.7948098061739317 -0.5124147039803401 -0.32512850252553654
vn -0.7300648399608702 -0.6046846330980521 -0.3183737174265219
vn -0.3715906964395127 -0.8537081918199858 -0.3648323965042692
vn 0 -0.9482596099528569 -0.3174960033324129
vn 0.37159071721801673 -0.9012734417613801 -0.2227701103222696
vn 0.7300648185293372 -0.674480417118583 -0.1099160027897123
vn 0.37159072284770595 -0.9163090563403729 -0.1493253091814478
vn 0 -0.9869801340030206 -0.1608422055412676
vn -0.37159072284770595 -0.9163090563403729 -0.1493253091814478
vn -0.7300648185293372 -0.674480417118583 -0.1099160027897123
vn -0.7948098021053708 -0.5989574015865775 -0.09760845025855505
vn -0.8503120925554953 -0.5194266954524057 -0.08464781925890623
vn -0.8967151662801919 -0.4368453835729972 -0.07119003732299128
vn -0.934238990381089 -0.35200409637577096 -0.05736396940938149
vn -0.963127262666674 -0.26554328970684915 -0.043273978322587725
vn -0.9836070254111847 -0.17797750459799405 -0.0290039207493074
vn -0.9958592429643226 -0.08972495387100073 -0.014621930630833491
vn 0.9989917857925409 0 -0.04489333936153601
vn 0.9958861922519673 0 -0.0906128692950284
vn 0.9836538902542229 0 -0.18006949821592003
vn 0.9631874498476118 -0.015421589197010319 -0.2683879860252556
vn 0.9343063744735617 -0.04083087888444839 -0.35412489032485767
vn 0.8967842448699526 -0.07581299533937608 -0.4359247732014099
vn 0.8503782996739905 -0.1197440999540936 -0.5123651998035745
vn 0.7948697084381342 -0.17175610182331885 -0.5819639061779804
vn 0.7301684348198496 -0.2262176107877343 -0.6447322307456174
vn 0.4938253197638724 -0.3287757131582584 -0.8050112322181523
vn 0 -0.4259298051182961 -0.9047562108722385
vn -0.3715907160169555 -0.46191501991027206 -0.8053290347127061
vn -0.7300648150916043 -0.386728407994293 -0.5634239116468711
vn -0.7948097742927166 -0.3826751876227748 -0.4709958847661353
vn -0.8503120861980703 -0.36373679409596804 -0.38034839382633523
vn -0.8967151789035741 -0.3533749916863798 -0.26651079372997655
vn -0.896715169017227 -0.3307196885731686 -0.29415368983657547
vn -0.8503121026870756 -0.44437530140427256 -0.28195730089101484
vn -0.7948097942577694 -0.5369767961205251 -0.28272479795740957
vn -0.730064816186581 -0.6284009139325469 -0.268547305954078
vn -0.3715907088905345 -0.8803610210631747 -0.29476230705236833
vn 0 -0.9707849017328656 -0.23995140042831709
vn -0.37159071721801673 -0.9012734417613801 -0.2227701103222696
vn -0.7300648333669933 -0.6634129303207248 -0.16397750749445292
vn -0.7948097894035004 -0.589129192145659 -0.14561659805862218
vn -0.8503120913062605 -0.5109034947764333 -0.12628129870887805
vn -0.8967151907233737 -0.4296771955549378 -0.10620439890130284
vn -0.9342389918019501 -0.3462280969618104 -0.08557809924904286
vn -0.963127270842473 -0.2611859920929062 -0.06455801804558321
vn -0.9836070232314841 -0.17505710413461495 -0.043269321021963604
vn -0.9958592432642269 -0.08825266383405918 -0.02181364094767442
vn 0.998991785872261 0.002575325963579758 -0.04481940936616404
vn 0.9958861925288715 0.005198045961004329 -0.09046364932134258
vn 0.9836538849193749 0.01032976984163195 -0.17977299724385862
vn 0.9631874492309976 0 -0.2688306858301043
vn 0.9343063494434962 -0.020449118893472115 -0.3558840807426602
vn 0.8967842785206718 -0.050681138786110635 -0.4395558894719773
vn 0.8503783121305778 -0.09015489128605211 -0.5183906073948
vn 0.794869708784765 -0.13808870152613276 -0.5908584065300668
vn 0.7301160968377138 -0.19342249916224638 -0.6553763971614271
vn 0.6949040653996643 -0.2380819881455337 -0.6785464662141342
vn 0 -0.38905290540869686 -0.9212154128069349
vn -0.3715907138364611 -0.3954318147242023 -0.8399726312770158
vn -0.7300648236357321 -0.34000821100771145 -0.592789819191476
vn -0.7948098103823581 -0.3434256044860638 -0.500336106535738
vn -0.8503120775735763 -0.3318627912473363 -0.4084561892272358
vn -0.8967151784986982 -0.30590789266498647 -0.31987849233000165
vn -0.9342389923632131 -0.28474479767239924 -0.21475079824455404
vn -0.9342389716172319 -0.2664894919038814 -0.2370250927990285
vn -0.8967151643626167 -0.37372608514732397 -0.23713019057593784
vn -0.8503121007489507 -0.465676000410165 -0.24518400021595696
vn -0.7948098049323752 -0.55803750346303 -0.23847750147992713
vn -0.7300647861655754 -0.648019687720296 -0.2169697958885126
vn -0.7948098051617611 -0.5754595037372269 -0.19267520125129745
vn -0.8503120966193377 -0.49904889801588637 -0.16709139933567982
vn -0.8967151585190831 -0.4197073805848637 -0.14052629349943024
vn -0.9342389939270307 -0.3381944978015852 -0.11323419926392736
vn -0.9631272591444258 -0.2551256891776435 -0.08542110637646191
vn -0.9836070261695063 -0.17099520454943892 -0.057252581523242294
vn -0.9958592430332106 -0.08620492372509937 -0.02886311124723687
vn 0.9989917858202678 0.0051421699270118295 -0.044597869366975934
vn 0.9958861926102152 0.01037896992298484 -0.09001648933204968
vn 0.9836538826821193 0.020625509636874227 -0.17888439685062124
vn 0.9631874498476118 0.015421589197010437 -0.2683879860252556
vn 0.9343063559866178 0 -0.3564710832073303
vn 0.8967842807435008 -0.025382369454968523 -0.4417393905146038
vn 0.8503783183779434 -0.06026872130249681 -0.5227087112965146
vn 0.7948697230533446 -0.10396640301530317 -0.597806917337997
vn 0.7301161113483337 -0.15550800241709034 -0.6653929103423286
vn 0.694818882444088 -0.22328239435834824 -0.6836458827263949
vn 0.6949668986120644 -0.203532999593519 -0.6896341986227144
vn -0.4938253197638724 -0.3287757131582584 -0.8050112322181523
vn -0.7300648153415091 -0.29107100611653697 -0.6182904129926932
vn -0.7948097827194485 -0.30193679343536717 -0.5264138885548436
vn -0.8503121074969171 -0.29782490262582234 -0.4339005038255555
vn -0.8967151936336585 -0.2791013980184847 -0.3435174975611546
vn -0.9342389742861515 -0.24649649321546874 -0.25775379290562467
vn -0.9631272631924646 -0.21480449179088343 -0.1620027938087896
vn -0.9631272743925121 -0.20103309465496128 -0.1788058952459349
vn -0.934238995839717 -0.3011433986589708 -0.19107629914911342
vn -0.8967151661821726 -0.3916402852300662 -0.2062032922234534
vn -0.8503120639831201 -0.483940279501621 -0.2068119912400131
vn -0.8967151520484768 -0.4070007782357784 -0.1739318906990542
vn -0.9342389844040528 -0.3279556945251913 -0.1401519976603384
vn -0.9631272578784152 -0.2474017891800846 -0.10572719537610742
vn -0.9836070152614941 -0.1658184025728126 -0.07086252109949194
vn -0.9958592431807916 -0.08359507362471047 -0.03572438154902121
vn 0.9989917856252573 0.007692077889316776 -0.044229449363571385
vn 0.9958861925983059 0.01552571988460869 -0.08927285933650009
vn 0.9836538881647785 0.0308533196287761 -0.17740659786546223
vn 0.9631874668759816 0.030792378941050105 -0.2670612908157618
vn 0.9343063494434962 0.020449118893472274 -0.3558840807426602
vn 0.8967842550513359 0 -0.44246807782259345
vn 0.8503783045066884 -0.030184070159964212 -0.5253053027839224
vn 0.7948696921463902 -0.0695017593132965 -0.6027865940442431
vn 0.7301160820284958 -0.11708139711808986 -0.6732179834290188
vn 0.6949668958083106 -0.16363669901302588 -0.7001742957769022
vn -0.7301825732181011 -0.25305799071824786 -0.634661376721662
vn -0.7948098164503141 -0.25847910534978596 -0.54905911136397
vn -0.8503120540206907 -0.2618450858411318 -0.45651567531462095
vn -0.8967151773191098 -0.2504750936646571 -0.3649165907700535
vn -0.934238978335615 -0.22489619478480566 -0.2768017935811492
vn -0.9631272560610089 -0.18595089151670294 -0.19444319112927438
vn -0.9836070230058209 -0.1439704033673583 -0.10858060253961782
vn -0.9836070237853983 -0.13474030325826442 -0.11984270289801352
vn -0.9631272718597234 -0.22717519336248385 -0.1441432957884775
vn -0.9342389912310601 -0.31557839703792273 -0.16615589844043008
vn -0.9631272563421216 -0.23806468920869572 -0.12534389431824985
vn -0.9836070161836552 -0.15956030262530546 -0.08401040138225468
vn -0.9958592430484318 -0.08044014347722032 -0.042352701830798305
vn 0.9989917858991886 0.010216649855791566 -0.04371534938295599
vn 0.9958861927934057 0.020621319850776657 -0.08823520936149797
vn 0.9836538779692026 0.040979519082185854 -0.17534459607282463
vn 0.9631874663430723 0.046061758390451214 -0.2648550907450949
vn 0.9343063744735617 0.04083087888444854 -0.35412489032485767
vn 0.8967842807435008 0.025382369454968717 -0.4417393905146038
vn 0.8503782931008258 0 -0.526171795731134
vn 0.7948697200425847 -0.03480820087768623 -0.6057809152747236
vn 0.7301160831830276 -0.07826914819720418 -0.6788257843644117
vn 0.694966927379352 -0.12320150485372343 -0.7084083279088977
vn -0.7301684348198496 -0.2262176107877343 -0.6447322307456174
vn -0.6949040653996643 -0.2380819881455337 -0.6785464662141342
vn -0.7949383992212387 -0.22470149977987106 -0.5635442994479238
vn -0.8503120921672439 -0.22415779793514232 -0.476153995613848
vn -0.896715155698246 -0.22021548912036623 -0.3839362810318243
vn -0.934238991105405 -0.20182939807844583 -0.29404489720049126
vn -0.9631272603384298 -0.16965619301355975 -0.2088124914011039
vn -0.9836070222515911 -0.12463160281947096 -0.13032340294823344
vn -0.9958592431048362 -0.07258072314158871 -0.05473944236934559
vn -0.9958592430570415 -0.0679274829369175 -0.06041709261219775
vn -0.9836070292221192 -0.1522617045235643 -0.09661048287021441
vn -0.9958592432494031 -0.07676069333365802 -0.04870486211521482
vn 0.9989917858054781 0.012707579819439947 -0.043057279388205694
vn 0.9958861923944958 0.025649019804120484 -0.08690695933629843
vn 0.9836538850557462 0.050970759225622005 -0.17270499737616316
vn 0.9631874651602947 0.06117943778706264 -0.2617765905312106
vn 0.9343063622859028 0.06107816753452618 -0.35119948582352417
vn 0.8967842785206718 0.05068113878611083 -0.4395558894719773
vn 0.8503783045066884 0.03018407015996445 -0.5253053027839224
vn 0.794869727926119 0 -0.6067801213179761
vn 0.7301160761790892 -0.039199118721081685 -0.6821978777424778
vn 0.6949668975868399 -0.08236041971401661 -0.7143092975196765
vn -0.694818882444088 -0.22328239435834824 -0.6836458827263949
vn -0.7301160968377138 -0.19342249916224638 -0.6553763971614271
vn -0.6949668986120644 -0.203532999593519 -0.6896341986227144
vn -0.7949240884338744 -0.20087049707733917 -0.5724916916702603
vn -0.8504467069538094 -0.19483880159312958 -0.4886494039955177
vn -0.8967151708671594 -0.18851999387528703 -0.4004523869899429
vn -0.9342389670772419 -0.17744669374674485 -0.30937068909771837
vn -0.9631272578995801 -0.15225519334458912 -0.22182029030374514
vn -0.9836070264976213 -0.1137102030632659 -0.13995430377026197
vn -0.9958592430757973 -0.0628313227177629 -0.06570078284188116
vn 0.9989909562216859 0.013943579388957041 -0.042692458129108345
vn 0.9967253559470367 0.02510470889042975 -0.07686558660271825
vn 0.9853537734261164 0.05294144857222869 -0.16209609562845054
vn 0.9631874487413641 0.0760956159503652 -0.2578359862785578
vn 0.9343063577159999 0.08112429632854935 -0.3471173842904724
vn 0.8967842448699526 0.07581299533937627 -0.4359247732014099
vn 0.8503783183779434 0.060268721302497046 -0.5227087112965146
vn 0.7948697200425847 0.03480820087768649 -0.6057809152747236
vn 0.7301161078586705 0 -0.6833231073550098
vn 0.6949669225771026 -0.04124814134001112 -0.7178576233207432
vn -0.6949668958083106 -0.16363669901302588 -0.7001742957769022
vn -0.7301161113483337 -0.15550800241709034 -0.6653929103423286
vn -0.7948697084381342 -0.17175610182331885 -0.5819639061779804
vn -0.8504327843053482 -0.17417699678558085 -0.496413590838737
vn -0.8968496035485739 -0.16382910064822417 -0.4108781016257256
vn -0.9342389761209081 -0.15190679611727137 -0.3226791917523394
vn -0.9631272574730494 -0.13386139408934083 -0.23338168969501538
vn -0.9836070274000855 -0.10204740284270797 -0.14867260414153416
vn -0.9958592430197775 -0.057325462476382726 -0.0705560730479273
vn 0.9657162128426735 0.08059698107182706 -0.24677180328171944
vn 0.9343063792045825 0.10090319775413707 -0.3418919923903048
vn 0.8967842785442705 0.1006951975908489 -0.4308577896916478
vn 0.8503783121305778 0.09015489128605234 -0.5183906073948
vn 0.7948696921463902 0.06950175931329677 -0.6027865940442431
vn 0.7301160761790892 0.03919911872108199 -0.6821978777424778
vn 0.6949669144433238 0 -0.7190417149436643
vn -0.694966927379352 -0.12320150485372343 -0.7084083279088977
vn -0.7301160820284958 -0.11708139711808986 -0.6732179834290188
vn -0.794869708784765 -0.13808870152613276 -0.5908584065300668
vn -0.8503782903366497 -0.14893899830751814 -0.5046522942653382
vn -0.8968365407938755 -0.1464582066618581 -0.417413718986652
vn -0.9343655736662662 -0.13196969628062608 -0.33097579067192906
vn -0.9631272549805341 -0.11459479464349442 -0.24342128862175655
vn -0.9836070267655513 -0.08971917244140497 -0.15642150425648427
vn -0.9958592430889083 -0.051445812225961035 -0.07495129324299787
vn 0.9376158804894231 0.10794059775389549 -0.33049249312287765
vn 0.8967842660994974 0.12524569526542545 -0.42437188395776915
vn 0.8503782996739905 0.11974409995409382 -0.5123651998035745
vn 0.7948697230533446 0.10396640301530345 -0.597806917337997
vn 0.7301160831830273 0.07826914819720446 -0.6788257843644115
vn 0.6949669225771026 0.04124814134001144 -0.7178576233207432
vn -0.6949668975868399 -0.08236041971401661 -0.7143092975196765
vn -0.7301160831830276 -0.07826914819720418 -0.6788257843644117
vn -0.7948697230533446 -0.10396640301530317 -0.597806917337997
vn -0.8503782996739905 -0.1197440999540936 -0.5123651998035745
vn -0.8967842660994974 -0.12524569526542528 -0.42437188395776926
vn -0.9343539793876796 -0.11797989739730384 -0.3362489925821775
vn -0.9632372214090936 -0.09950149221153903 -0.24954660554647035
vn -0.9836070162381644 -0.07680593126797315 -0.16315050269341785
vn -0.9958592430754871 -0.045230701956435616 -0.07885779341096183
vn 0.9008052922336397 0.13481149883771265 -0.41276589644130784
vn 0.8503782903366497 0.14893899830751836 -0.5046522942653382
vn 0.794869708784765 0.13808870152613303 -0.5908584065300668
vn 0.7301160820284958 0.11708139711809017 -0.6732179834290188
vn 0.6949668975868399 0.08236041971401692 -0.7143092975196765
vn -0.6949669225771026 -0.04124814134001112 -0.7178576233207432
vn -0.7301160761790892 -0.039199118721081685 -0.6821978777424778
vn -0.7948696921463902 -0.0695017593132965 -0.6027865940442431
vn -0.8503783121305778 -0.09015489128605211 -0.5183906073948
vn -0.8967842785442705 -0.1006951975908487 -0.4308577896916478
vn -0.9343063792045825 -0.10090319775413693 -0.3418919923903048
vn -0.9632276449917301 -0.0889573741551404 -0.25353321184236965
vn -0.9836907078234534 -0.06661832052982637 -0.1670766013287876
vn -0.9958592432997202 -0.03872066168356502 -0.08225009357621428
vn 0.8550143820411925 0.1610089966181511 -0.49297718964545784
vn 0.7948697084381342 0.17175610182331913 -0.5819639061779804
vn 0.7301161113483335 0.1555080024170906 -0.6653929103423284
vn 0.6948189087858253 0.10284370130043509 -0.711793409000464
vn 0.694966927379352 0.12320150485372373 -0.7084083279088977
vn -0.6949669144433238 0 -0.7190417149436643
vn -0.7301161078586705 0 -0.6833231073550098
vn -0.7948697200425847 -0.03480820087768623 -0.6057809152747236
vn -0.8503783183779434 -0.06026872130249681 -0.5227087112965146
vn -0.8967842448699526 -0.07581299533937608 -0.4359247732014099
vn -0.9343063577159999 -0.08112429632854919 -0.3471173842904724
vn -0.9631874487413641 -0.07609561595036508 -0.2578359862785578
vn -0.9836837175915871 -0.05956384106520261 -0.16976010303588399
vn -0.995906461590546 -0.033477928708845625 -0.08396158676182572
vn 0.799990824615122 0.18628340573180183 -0.5703623175496239
vn 0.7301160968377138 0.19342249916224666 -0.6553763971614271
vn 0.6949668958083106 0.16363669901302622 -0.7001742957769022
vn -0.7301160761790892 0.03919911872108199 -0.6821978777424778
vn -0.6949669225771026 0.04124814134001144 -0.7178576233207432
vn -0.794869727926119 0 -0.6067801213179761
vn -0.8503783045066884 -0.030184070159964212 -0.5253053027839224
vn -0.8967842785206718 -0.050681138786110635 -0.4395558894719773
vn -0.9343063622859028 -0.06107816753452603 -0.35119948582352417
vn -0.9631874651602947 -0.06117943778706253 -0.2617765905312106
vn -0.9836538850557462 -0.05097075922562192 -0.17270499737616316
vn -0.9959026692373544 -0.02994028907516814 -0.08533142736417972
vn -0.9989909561474656 -0.01747306923298767 -0.0413734381838373
vn -0.9989913668680885 -0.01663071944843614 -0.041709328616694984
vn 0.7355528602696061 0.21033048863914003 -0.6439899652153144
vn 0.6949668986120644 0.20353299959351934 -0.6896341986227144
vn -0.7301160831830273 0.07826914819720446 -0.6788257843644115
vn -0.6949668975868399 0.08236041971401692 -0.7143092975196765
vn -0.7948697200425847 0.03480820087768649 -0.6057809152747236
vn -0.8503782931008258 0 -0.526171795731134
vn -0.8967842807435008 -0.025382369454968523 -0.4417393905146038
vn -0.9343063744735617 -0.04083087888444839 -0.35412489032485767
vn -0.9631874663430723 -0.0460617583904511 -0.2648550907450949
vn -0.9836538779692026 -0.04097951908218577 -0.17534459607282463
vn -0.9958861923944958 -0.025649019804120442 -0.08690695933629843
vn -0.9989914333472008 -0.01486598049623932 -0.04236884141430868
vn 0.694818882444088 0.2232823943583485 -0.6836458827263949
vn -0.6948189087858253 0.10284370130043509 -0.711793409000464
vn -0.7301160820284958 0.11708139711809017 -0.6732179834290188
vn -0.694966927379352 0.12320150485372373 -0.7084083279088977
vn -0.7948696921463902 0.06950175931329677 -0.6027865940442431
vn -0.8503783045066884 0.03018407015996445 -0.5253053027839224
vn -0.8967842550513359 0 -0.44246807782259345
vn -0.9343063494434962 -0.020449118893472115 -0.3558840807426602
vn -0.9631874668759816 -0.030792378941049987 -0.2670612908157618
vn -0.9836538881647785 -0.030853319628776025 -0.17740659786546223
vn -0.9958861927934057 -0.020621319850776615 -0.08823520936149797
vn -0.9989917858054781 -0.012707579819439926 -0.043057279388205694
vn -0.7301161113483335 0.1555080024170906 -0.6653929103423284
vn -0.6949668958083106 0.16363669901302622 -0.7001742957769022
vn -0.7948697230533446 0.10396640301530345 -0.597806917337997
vn -0.8503783183779434 0.060268721302497046 -0.5227087112965146
vn -0.8967842807435008 0.025382369454968717 -0.4417393905146038
vn -0.9343063559866178 0 -0.3564710832073303
vn -0.9631874498476118 -0.015421589197010319 -0.2683879860252556
vn -0.9836538826821193 -0.02062550963687415 -0.17888439685062124
vn -0.9958861925983059 -0.015525719884608652 -0.08927285933650009
vn -0.9989917858991886 -0.010216649855791545 -0.04371534938295599
vn -0.7301160968377138 0.19342249916224666 -0.6553763971614271
vn -0.6949668986120644 0.20353299959351934 -0.6896341986227144
vn -0.794869708784765 0.13808870152613303 -0.5908584065300668
vn -0.8503783121305778 0.09015489128605234 -0.5183906073948
vn -0.8967842785206718 0.05068113878611083 -0.4395558894719773
vn -0.9343063494434962 0.020449118893472274 -0.3558840807426602
vn -0.9631874492309976 0 -0.2688306858301043
vn -0.9836538849193749 -0.010329769841631871 -0.17977299724385862
vn -0.9958861926102152 -0.010378969922984798 -0.09001648933204968
vn -0.9989917856252573 -0.007692077889316757 -0.044229449363571385
vn -0.7355528602696061 0.21033048863914003 -0.6439899652153144
vn -0.694818882444088 0.2232823943583485 -0.6836458827263949
vn -0.7948697084381342 0.17175610182331913 -0.5819639061779804
vn -0.8503782996739905 0.11974409995409382 -0.5123651998035745
vn -0.8967842448699526 0.07581299533937627 -0.4359247732014099
vn -0.9343063744735617 0.04083087888444854 -0.35412489032485767
vn -0.9631874498476118 0.015421589197010437 -0.2683879860252556
vn -0.9836538902542229 0 -0.18006949821592003
vn -0.9958861925288715 -0.005198045961004289 -0.09046364932134258
vn -0.9989917858202678 -0.0051421699270118104 -0.044597869366975934
vn -0.799990824615122 0.18628340573180183 -0.5703623175496239
vn -0.8503782903366497 0.14893899830751836 -0.5046522942653382
vn -0.8967842785442705 0.1006951975908489 -0.4308577896916478
vn -0.9343063622859028 0.06107816753452618 -0.35119948582352417
vn -0.9631874668759816 0.030792378941050105 -0.2670612908157618
vn -0.9836538849193749 0.01032976984163195 -0.17977299724385862
vn -0.9958861922519673 0 -0.0906128692950284
vn -0.998991785872261 -0.002575325963579738 -0.04481940936616404
vn -0.8550143820411925 0.1610089966181511 -0.49297718964545784
vn -0.8967842660994974 0.12524569526542545 -0.42437188395776915
vn -0.9343063577159999 0.08112429632854935 -0.3471173842904724
vn -0.9631874663430723 0.046061758390451214 -0.2648550907450949
vn -0.9836538826821193 0.020625509636874227 -0.17888439685062124
vn -0.9958861925288715 0.005198045961004329 -0.09046364932134258
vn -0.9989917857925409 0 -0.04489333936153601
vn -0.9008052922336397 0.13481149883771265 -0.41276589644130784
vn -0.9343063792045825 0.10090319775413707 -0.3418919923903048
vn -0.9631874651602947 0.06117943778706264 -0.2617765905312106
vn -0.9836538881647785 0.0308533196287761 -0.17740659786546223
vn -0.9958861926102152 0.01037896992298484 -0.09001648933204968
vn -0.998991785872261 0.002575325963579758 -0.04481940936616404
vn -0.9376158804894231 0.10794059775389549 -0.33049249312287765
vn -0.9631874487413641 0.0760956159503652 -0.2578359862785578
vn -0.9836538779692026 0.040979519082185854 -0.17534459607282463
vn -0.9958861925983059 0.01552571988460869 -0.08927285933650009
vn -0.9989917858202678 0.0051421699270118295 -0.044597869366975934
vn -0.9657162128426735 0.08059698107182706 -0.24677180328171944
vn -0.9836538850557462 0.050970759225622005 -0.17270499737616316
vn -0.9958861927934057 0.020621319850776657 -0.08823520936149797
vn -0.9989917856252573 0.007692077889316776 -0.044229449363571385
vn -0.9853537734261164 0.05294144857222869 -0.16209609562845054
vn -0.9958861923944958 0.025649019804120484 -0.08690695933629843
vn -0.9989917858991886 0.010216649855791566 -0.04371534938295599
vn -0.9967253559470367 0.02510470889042975 -0.07686558660271825
vn -0.9989917858054781 0.012707579819439947 -0.043057279388205694
vn -0.9989909562216859 0.013943579388957041 -0.042692458129108345
usemtl material_0_0
f 1/1/1 2/2/2 3/3/3
f 7/4/4 2/5/2 8/6/5
f 2/5/2 7/4/4 3/7/3
f 1/8/1 3/9/3 11/10/6
f 1/11/1 13/12/7 2/13/2
f 8/14/5 13/15/7 15/16/8
f 13/15/7 8/14/5 2/17/2
f 17/18/9 8/19/5 18/20/10
f 8/19/5 17/18/9 7/21/4
f 21/22/11 3/23/3 7/24/4
f 3/23/3 21/22/11 11/25/6
f 1/26/1 11/27/6 23/28/12
f 1/29/1 25/30/13 13/31/7
f 15/32/8 25/33/13 27/34/14
f 25/33/13 15/32/8 13/35/7
f 18/36/10 15/37/8 29/38/15
f 15/37/8 18/36/10 8/39/5
f 31/40/16 18/41/10 32/42/17
f 18/41/10 31/40/16 17/43/9
f 35/44/18 7/45/4 17/46/9
f 7/45/4 35/44/18 21/47/11
f 37/48/19 11/49/6 21/50/11
f 11/49/6 37/48/19 23/51/12
f 1/52/1 23/53/12 39/54/20
f 1/55/1 41/56/21 25/57/13
f 27/58/14 41/59/21 43/60/22
f 41/59/21 27/58/14 25/61/13
f 29/62/15 27/63/14 45/64/23
f 27/63/14 29/62/15 15/65/8
f 32/66/17 29/67/15 47/68/24
f 29/67/15 32/66/17 18/69/10
f 49/70/25 32/71/17 50/72/26
f 32/71/17 49/70/25 31/73/16
f 53/74/27 17/75/9 31/76/16
f 17/75/9 53/74/27 35/77/18
f 55/78/28 21/79/11 35/80/18
f 21/79/11 55/78/28 37/81/19
f 57/82/29 23/83/12 37/84/19
f 23/83/12 57/82/29 39/85/20
f 1/86/1 39/87/20 59/88/30
f 1/89/1 61/90/31 41/91/21
f 43/92/22 61/93/31 63/94/32
f 61/93/31 43/92/22 41/95/21
f 45/96/23 43/97/22 65/98/33
f 43/97/22 45/96/23 27/99/14
f 47/100/24 45/101/23 67/102/34
f 45/101/23 47/100/24 29/103/15
f 50/104/26 47/105/24 69/106/35
f 47/105/24 50/104/26 32/107/17
f 71/108/36 50/109/26 72/110/37
f 50/109/26 71/108/36 49/111/25
f 75/112/38 31/113/16 49/114/25
f 31/113/16 75/112/38 53/115/27
f 77/116/39 35/117/18 53/118/27
f 35/117/18 77/116/39 55/119/28
f 79/120/40 37/121/19 55/122/28
f 37/121/19 79/120/40 57/123/29
f 81/124/41 39/125/20 57/126/29
f 39/125/20 81/124/41 59/127/30
f 1/128/1 59/129/30 83/130/42
f 1/131/1 85/132/43 61/133/31
f 63/134/32 85/135/43 87/136/44
f 85/135/43 63/134/32 61/137/31
f 65/138/33 63/139/32 89/140/45
f 63/139/32 65/138/33 43/141/22
f 67/142/34 65/143/33 91/144/46
f 65/143/33 67/142/34 45/145/23
f 69/146/35 67/147/34 93/148/47
f 67/147/34 69/146/35 47/149/24
f 72/150/37 69/151/35 95/152/48
f 69/151/35 72/150/37 50/153/26
f 97/154/49 72/155/37 98/156/50
f 72/155/37 97/154/49 71/157/36
f 101/158/51 49/159/25 71/160/36
f 49/159/25 101/158/51 75/161/38
f 103/162/52 53/163/27 75/164/38
f 53/163/27 103/162/52 77/165/39
f 105/166/53 55/167/28 77/168/39
f 55/167/28 105/166/53 79/169/40
f 107/170/54 57/171/29 79/172/40
f 57/171/29 107/170/54 81/173/41
f 109/174/55 59/175/30 81/176/41
f 59/175/30 109/174/55 83/177/42
f 1/178/1 83/179/42 111/180/56
f 85/181/43 113/182/57 114/183/58
f 113/182/57 85/181/43 1/184/1
f 113/182/57 1/184/1 115/185/59
f 115/185/59 1/184/1 116/186/59
f 87/187/44 114/188/58 121/189/60
f 114/188/58 87/187/44 85/190/43
f 89/191/45 87/192/44 123/193/61
f 87/192/44 89/191/45 63/194/32
f 91/195/46 89/196/45 125/197/62
f 89/196/45 91/195/46 65/198/33
f 93/199/47 91/200/46 127/201/63
f 91/200/46 93/199/47 67/202/34
f 95/203/48 93/204/47 129/205/64
f 93/204/47 95/203/48 69/206/35
f 98/207/50 95/208/48 131/209/65
f 95/208/48 98/207/50 72/210/37
f 133/211/66 98/212/50 134/213/67
f 98/212/50 133/211/66 97/214/49
f 137/215/68 71/216/36 97/217/49
f 71/216/36 137/215/68 101/218/51
f 139/219/69 75/220/38 101/221/51
f 75/220/38 139/219/69 103/222/52
f 141/223/70 77/224/39 103/225/52
f 77/224/39 141/223/70 105/226/53
f 143/227/71 79/228/40 105/229/53
f 79/228/40 143/227/71 107/230/54
f 145/231/72 81/232/41 107/233/54
f 81/232/41 145/231/72 109/234/55
f 147/235/73 83/236/42 109/237/55
f 83/236/42 147/235/73 111/238/56
f 1/239/1 111/240/56 149/241/74
f 114/242/58 151/243/75 152/244/76
f 151/243/75 114/242/58 113/245/57
f 121/246/60 152/247/76 155/248/77
f 152/247/76 121/246/60 114/249/58
f 123/250/61 121/251/60 157/252/78
f 121/251/60 123/250/61 87/253/44
f 125/254/62 123/255/61 159/256/79
f 123/255/61 125/254/62 89/257/45
f 127/258/63 125/259/62 161/260/80
f 125/259/62 127/258/63 91/261/46
f 129/262/64 127/263/63 163/264/81
f 127/263/63 129/262/64 93/265/47
f 131/266/65 129/267/64 165/268/82
f 129/267/64 131/266/65 95/269/48
f 134/270/67 131/271/65 167/272/83
f 131/271/65 134/270/67 98/273/50
f 169/274/84 134/275/67 170/276/85
f 134/275/67 169/274/84 133/277/66
f 173/278/86 97/279/49 133/280/66
f 97/279/49 173/278/86 137/281/68
f 175/282/87 101/283/51 137/284/68
f 101/283/51 175/282/87 139/285/69
f 177/286/88 103/287/52 139/288/69
f 103/287/52 177/286/88 141/289/70
f 179/290/89 105/291/53 141/292/70
f 105/291/53 179/290/89 143/293/71
f 181/294/90 107/295/54 143/296/71
f 107/295/54 181/294/90 145/297/72
f 183/298/91 109/299/55 145/300/72
f 109/299/55 183/298/91 147/301/73
f 185/302/92 111/303/56 147/304/73
f 111/303/56 185/302/92 149/305/74
f 187/306/93 1/307/1 149/308/74
f 1/307/1 187/306/93 188/309/94
f 188/309/94 187/306/93 189/310/94
f 189/310/94 187/306/93 190/311/95
f 152/312/76 195/313/96 196/314/97
f 195/313/96 152/312/76 151/315/75
f 155/316/77 196/317/97 199/318/98
f 196/317/97 155/316/77 152/319/76
f 157/320/78 155/321/77 201/322/99
f 155/321/77 157/320/78 121/323/60
f 159/324/79 157/325/78 203/326/100
f 157/325/78 159/324/79 123/327/61
f 161/328/80 159/329/79 205/330/101
f 159/329/79 161/328/80 125/331/62
f 163/332/81 161/333/80 207/334/102
f 161/333/80 163/332/81 127/335/63
f 165/336/82 163/337/81 209/338/103
f 163/337/81 165/336/82 129/339/64
f 167/340/83 165/341/82 211/342/104
f 165/341/82 167/340/83 131/343/65
f 170/344/85 167/345/83 213/346/105
f 167/345/83 170/344/85 134/347/67
f 215/348/106 169/349/84 170/350/85
f 169/349/84 215/348/106 216/351/107
f 219/352/108 133/353/66 169/354/84
f 133/353/66 219/352/108 173/355/86
f 221/356/109 137/357/68 173/358/86
f 137/357/68 221/356/109 175/359/87
f 223/360/110 139/361/69 175/362/87
f 139/361/69 223/360/110 177/363/88
f 225/364/111 141/365/70 177/366/88
f 141/365/70 225/364/111 179/367/89
f 227/368/112 143/369/71 179/370/89
f 143/369/71 227/368/112 181/371/90
f 229/372/113 145/373/72 181/374/90
f 145/373/72 229/372/113 183/375/91
f 231/376/114 147/377/73 183/378/91
f 147/377/73 231/376/114 185/379/92
f 233/380/115 149/381/74 185/382/92
f 149/381/74 233/380/115 187/383/93
f 235/384/116 190/385/95 187/386/93
f 190/385/95 235/384/116 236/387/117
f 196/388/97 239/389/118 240/390/119
f 239/389/118 196/388/97 195/391/96
f 199/392/98 240/393/119 243/394/120
f 240/393/119 199/392/98 196/395/97
f 201/396/99 199/397/98 245/398/121
f 199/397/98 201/396/99 155/399/77
f 203/400/100 201/401/99 247/402/122
f 201/401/99 203/400/100 157/403/78
f 205/404/101 203/405/100 249/406/123
f 203/405/100 205/404/101 159/407/79
f 207/408/102 205/409/101 251/410/124
f 205/409/101 207/408/102 161/411/80
f 209/412/103 207/413/102 253/414/125
f 207/413/102 209/412/103 163/415/81
f 211/416/104 209/417/103 255/418/126
f 209/417/103 211/416/104 165/419/82
f 213/420/105 211/421/104 257/422/127
f 211/421/104 213/420/105 167/423/83
f 259/424/128 170/425/85 213/426/105
f 170/425/85 259/424/128 215/427/106
f 261/428/129 216/351/107 215/348/106
f 216/351/107 261/428/129 262/429/130
f 216/430/107 219/431/108 169/432/84
f 219/431/108 216/430/107 265/433/131
f 267/434/132 173/435/86 219/436/108
f 173/435/86 267/434/132 221/437/109
f 269/438/133 175/439/87 221/440/109
f 175/439/87 269/438/133 223/441/110
f 271/442/134 177/443/88 223/444/110
f 177/443/88 271/442/134 225/445/111
f 273/446/135 179/447/89 225/448/111
f 179/447/89 273/446/135 227/449/112
f 275/450/136 181/451/90 227/452/112
f 181/451/90 275/450/136 229/453/113
f 277/454/137 183/455/91 229/456/113
f 183/455/91 277/454/137 231/457/114
f 279/458/138 185/459/92 231/460/114
f 185/459/92 279/458/138 233/461/115
f 281/462/139 187/463/93 233/464/115
f 187/463/93 281/462/139 235/465/116
f 283/466/140 284/467/140 285/468/140
f 284/467/140 283/466/140 286/469/140
f 286/469/140 283/466/140 287/470/140
f 287/470/140 283/466/140 288/471/140
f 288/471/140 283/466/140 289/472/140
f 288/471/140 289/472/140 290/473/140
f 290/473/140 289/472/140 291/474/140
f 290/473/140 291/474/140 292/475/140
f 292/475/140 291/474/140 293/476/140
f 292/475/140 293/476/140 294/477/140
f 294/477/140 293/476/140 295/478/140
f 294/477/140 295/478/140 296/479/140
f 296/479/140 295/478/140 297/480/140
f 296/479/140 297/480/140 298/481/140
f 298/481/140 297/480/140 299/482/140
f 298/481/140 299/482/140 300/483/140
f 300/483/140 299/482/140 301/484/140
f 300/483/140 301/484/140 302/485/140
f 302/485/140 301/484/140 303/486/140
f 302/485/140 303/486/140 304/487/140
f 304/487/140 303/486/140 305/488/141
f 304/487/140 305/488/141 306/489/142
f 240/490/119 331/491/143 332/492/144
f 331/491/143 240/490/119 239/493/118
f 243/494/120 332/495/144 335/496/145
f 332/495/144 243/494/120 240/497/119
f 245/498/121 243/499/120 337/500/146
f 243/499/120 245/498/121 199/501/98
f 247/502/122 245/503/121 339/504/147
f 245/503/121 247/502/122 201/505/99
f 249/506/123 247/507/122 341/508/148
f 247/507/122 249/506/123 203/509/100
f 251/510/124 249/511/123 343/512/149
f 249/511/123 251/510/124 205/513/101
f 253/514/125 251/515/124 345/516/150
f 251/515/124 253/514/125 207/517/102
f 255/518/126 253/519/125 347/520/151
f 253/519/125 255/518/126 209/521/103
f 257/522/127 255/523/126 349/524/152
f 255/523/126 257/522/127 211/525/104
f 351/526/153 213/527/105 257/528/127
f 213/527/105 351/526/153 259/529/128
f 353/530/154 215/427/106 259/424/128
f 215/427/106 353/530/154 261/531/129
f 355/532/155 262/533/130 261/534/129
f 262/533/130 355/532/155 356/535/156
f 262/536/130 265/433/131 216/430/107
f 265/433/131 262/536/130 359/537/157
f 265/538/131 267/539/132 219/540/108
f 267/539/132 265/538/131 361/541/158
f 363/542/159 221/543/109 267/544/132
f 221/543/109 363/542/159 269/545/133
f 365/546/160 223/547/110 269/548/133
f 223/547/110 365/546/160 271/549/134
f 367/550/161 225/551/111 271/552/134
f 225/551/111 367/550/161 273/553/135
f 369/554/162 227/555/112 273/556/135
f 227/555/112 369/554/162 275/557/136
f 371/558/163 229/559/113 275/560/136
f 229/559/113 371/558/163 277/561/137
f 373/562/164 231/563/114 277/564/137
f 231/563/114 373/562/164 279/565/138
f 375/566/165 233/567/115 279/568/138
f 233/567/115 375/566/165 281/569/139
f 377/570/166 279/571/138 373/572/164
f 279/571/138 377/570/166 375/573/165
f 379/574/167 373/575/164 380/576/168
f 373/575/164 379/574/167 377/577/166
f 383/578/169 380/579/168 384/580/170
f 380/579/168 383/578/169 379/581/167
f 387/582/171 384/583/170 388/584/172
f 384/583/170 387/582/171 383/585/169
f 391/586/173 388/587/172 392/588/174
f 388/587/172 391/586/173 387/589/171
f 395/590/175 391/591/173 392/592/174
f 391/591/173 395/590/175 305/593/141
f 395/594/175 397/595/176 305/596/141
f 397/595/176 395/594/175 398/597/177
f 397/595/176 398/597/177 399/598/176
f 399/598/176 398/597/177 400/599/178
f 399/598/176 400/599/178 401/600/176
f 401/600/176 400/599/178 402/601/176
f 305/596/141 403/602/176 306/603/142
f 403/602/176 305/596/141 397/595/176
f 306/603/142 403/602/176 402/601/176
f 306/603/142 402/601/176 400/599/178
f 411/604/179 306/605/142 400/606/178
f 306/605/142 411/604/179 412/607/180
f 415/608/181 412/609/180 411/610/179
f 412/609/180 415/608/181 416/611/182
f 419/612/183 416/613/182 415/614/181
f 416/613/182 419/612/183 420/615/184
f 423/616/185 420/617/184 419/618/183
f 420/617/184 423/616/185 424/619/186
f 427/620/187 424/621/186 423/622/185
f 424/621/186 427/620/187 428/623/188
f 431/624/189 428/625/188 427/626/187
f 428/625/188 431/624/189 432/627/190
f 435/628/191 432/629/190 431/630/189
f 432/629/190 435/628/191 436/631/192
f 439/632/193 436/633/192 435/634/191
f 436/633/192 439/632/193 440/635/194
f 443/636/195 440/637/194 439/638/193
f 440/637/194 443/636/195 444/639/196
f 332/640/144 447/641/197 448/642/198
f 447/641/197 332/640/144 331/643/143
f 335/644/145 448/645/198 451/646/199
f 448/645/198 335/644/145 332/647/144
f 337/648/146 335/649/145 453/650/200
f 335/649/145 337/648/146 243/651/120
f 339/652/147 337/653/146 455/654/201
f 337/653/146 339/652/147 245/655/121
f 341/656/148 339/657/147 457/658/202
f 339/657/147 341/656/148 247/659/122
f 343/660/149 341/661/148 459/662/203
f 341/661/148 343/660/149 249/663/123
f 345/664/150 343/665/149 461/666/204
f 343/665/149 345/664/150 251/667/124
f 347/668/151 345/669/150 463/670/205
f 345/669/150 347/668/151 253/671/125
f 349/672/152 347/673/151 465/674/206
f 347/673/151 349/672/152 255/675/126
f 467/676/207 257/677/127 349/678/152
f 257/677/127 467/676/207 351/679/153
f 353/680/154 351/526/153 469/681/208
f 351/526/153 353/680/154 259/529/128
f 471/682/209 261/683/129 353/684/154
f 261/683/129 471/682/209 355/685/155
f 473/686/210 356/687/156 355/688/155
f 356/687/156 473/686/210 474/689/211
f 356/690/156 359/691/157 262/692/130
f 359/691/157 356/690/156 477/693/212
f 359/694/157 361/541/158 265/538/131
f 361/541/158 359/694/157 479/695/213
f 361/696/158 363/697/159 267/698/132
f 363/697/159 361/696/158 481/699/214
f 483/700/215 269/701/133 363/702/159
f 269/701/133 483/700/215 365/703/160
f 485/704/216 271/705/134 365/706/160
f 271/705/134 485/704/216 367/707/161
f 487/708/217 273/709/135 367/710/161
f 273/709/135 487/708/217 369/711/162
f 489/712/218 275/713/136 369/714/162
f 275/713/136 489/712/218 371/715/163
f 380/716/168 277/717/137 371/718/163
f 277/717/137 380/716/168 373/719/164
f 384/720/170 371/721/163 489/722/218
f 371/721/163 384/720/170 380/723/168
f 388/724/172 489/725/218 491/726/219
f 489/725/218 388/724/172 384/727/170
f 392/728/174 491/729/219 493/730/220
f 491/729/219 392/728/174 388/731/172
f 495/732/221 392/733/174 493/734/220
f 392/733/174 495/732/221 395/735/175
f 497/736/222 395/737/175 495/738/221
f 395/737/175 497/736/222 398/739/177
f 499/740/223 398/739/177 497/736/222
f 398/739/177 499/740/223 400/741/178
f 501/742/224 400/743/178 499/744/223
f 400/743/178 501/742/224 411/745/179
f 503/746/225 411/747/179 501/748/224
f 411/747/179 503/746/225 415/749/181
f 505/750/226 415/751/181 503/752/225
f 415/751/181 505/750/226 419/753/183
f 507/754/227 419/755/183 505/756/226
f 419/755/183 507/754/227 423/757/185
f 509/758/228 423/759/185 507/760/227
f 423/759/185 509/758/228 427/761/187
f 511/762/229 427/763/187 509/764/228
f 427/763/187 511/762/229 431/765/189
f 513/766/230 431/767/189 511/768/229
f 431/767/189 513/766/230 435/769/191
f 515/770/231 435/771/191 513/772/230
f 435/771/191 515/770/231 439/773/193
f 517/774/232 439/775/193 515/776/231
f 439/775/193 517/774/232 518/777/233
f 439/775/193 518/777/233 519/778/233
f 439/775/193 519/778/233 443/779/195
f 448/780/198 523/781/234 524/782/235
f 523/781/234 448/780/198 447/783/197
f 451/784/199 524/785/235 527/786/236
f 524/785/235 451/784/199 448/787/198
f 453/788/200 451/789/199 529/790/237
f 451/789/199 453/788/200 335/791/145
f 455/792/201 453/793/200 531/794/238
f 453/793/200 455/792/201 337/795/146
f 457/796/202 455/797/201 533/798/239
f 455/797/201 457/796/202 339/799/147
f 459/800/203 457/801/202 535/802/240
f 457/801/202 459/800/203 341/803/148
f 461/804/204 459/805/203 537/806/241
f 459/805/203 461/804/204 343/807/149
f 463/808/205 461/809/204 539/810/242
f 461/809/204 463/808/205 345/811/150
f 465/812/206 463/813/205 541/814/243
f 463/813/205 465/812/206 347/815/151
f 467/816/207 465/817/206 543/818/244
f 465/817/206 467/816/207 349/819/152
f 469/820/208 467/676/207 545/821/245
f 467/676/207 469/820/208 351/679/153
f 547/822/246 353/823/154 469/824/208
f 353/823/154 547/822/246 471/825/209
f 549/826/247 355/827/155 471/828/209
f 355/827/155 549/826/247 473/829/210
f 551/830/248 474/831/211 473/832/210
f 474/831/211 551/830/248 552/833/249
f 474/834/211 477/835/212 356/836/156
f 477/835/212 474/834/211 555/837/250
f 477/838/212 479/839/213 359/840/157
f 479/839/213 477/838/212 557/841/251
f 479/842/213 481/699/214 361/696/158
f 481/699/214 479/842/213 559/843/252
f 481/844/214 483/845/215 363/846/159
f 483/845/215 481/844/214 561/847/253
f 563/848/254 365/849/160 483/850/215
f 365/849/160 563/848/254 485/851/216
f 565/852/255 367/853/161 485/854/216
f 367/853/161 565/852/255 487/855/217
f 491/856/219 369/857/162 487/858/217
f 369/857/162 491/856/219 489/859/218
f 493/860/220 487/861/217 565/862/255
f 487/861/217 493/860/220 491/863/219
f 567/864/256 493/865/220 565/866/255
f 493/865/220 567/864/256 495/867/221
f 569/868/257 495/869/221 567/870/256
f 495/869/221 569/868/257 497/871/222
f 571/872/258 497/871/222 569/868/257
f 497/871/222 571/872/258 499/873/223
f 573/874/259 499/875/223 571/876/258
f 499/875/223 573/874/259 501/877/224
f 575/878/260 501/879/224 573/880/259
f 501/879/224 575/878/260 503/881/225
f 577/882/261 503/883/225 575/884/260
f 503/883/225 577/882/261 505/885/226
f 579/886/262 505/887/226 577/888/261
f 505/887/226 579/886/262 507/889/227
f 581/890/263 507/891/227 579/892/262
f 507/891/227 581/890/263 509/893/228
f 583/894/264 509/895/228 581/896/263
f 509/895/228 583/894/264 511/897/229
f 585/898/265 511/899/229 583/900/264
f 511/899/229 585/898/265 513/901/230
f 587/902/266 513/903/230 585/904/265
f 513/903/230 587/902/266 515/905/231
f 517/906/232 515/907/231 587/908/266
f 524/909/235 589/910/267 590/911/268
f 589/910/267 524/909/235 523/912/234
f 527/913/236 590/914/268 593/915/269
f 590/914/268 527/913/236 524/916/235
f 529/917/237 527/918/236 595/919/270
f 527/918/236 529/917/237 451/920/199
f 531/921/238 529/922/237 597/923/271
f 529/922/237 531/921/238 453/924/200
f 533/925/239 531/926/238 599/927/272
f 531/926/238 533/925/239 455/928/201
f 535/929/240 533/930/239 601/931/273
f 533/930/239 535/929/240 457/932/202
f 537/933/241 535/934/240 603/935/274
f 535/934/240 537/933/241 459/936/203
f 539/937/242 537/938/241 605/939/275
f 537/938/241 539/937/242 461/940/204
f 541/941/243 539/942/242 607/943/276
f 539/942/242 541/941/243 463/944/205
f 543/945/244 541/946/243 609/947/277
f 541/946/243 543/945/244 465/948/206
f 545/949/245 543/818/244 611/950/278
f 543/818/244 545/949/245 467/816/207
f 613/951/279 469/952/208 545/953/245
f 469/952/208 613/951/279 547/954/246
f 615/955/280 471/956/209 547/957/246
f 471/956/209 615/955/280 549/958/247
f 617/959/281 473/960/210 549/961/247
f 473/960/210 617/959/281 551/962/248
f 619/963/282 552/964/249 551/965/248
f 552/964/249 619/963/282 620/966/283
f 552/967/249 555/968/250 474/969/211
f 555/968/250 552/967/249 623/970/284
f 555/971/250 557/972/251 477/973/212
f 557/972/251 555/971/250 625/974/285
f 557/975/251 559/976/252 479/977/213
f 559/976/252 557/975/251 627/978/286
f 559/979/252 561/847/253 481/844/214
f 561/847/253 559/979/252 629/980/287
f 561/981/253 563/982/254 483/983/215
f 563/982/254 561/981/253 631/984/288
f 563/985/254 565/986/255 485/987/216
f 565/986/255 563/985/254 567/988/256
f 631/989/288 567/990/256 563/991/254
f 567/990/256 631/989/288 569/992/257
f 633/993/289 569/992/257 631/989/288
f 569/992/257 633/993/289 571/994/258
f 635/995/290 571/996/258 633/997/289
f 571/996/258 635/995/290 573/998/259
f 637/999/291 573/1000/259 635/1001/290
f 573/1000/259 637/999/291 575/1002/260
f 639/1003/292 575/1004/260 637/1005/291
f 575/1004/260 639/1003/292 577/1006/261
f 641/1007/293 577/1008/261 639/1009/292
f 577/1008/261 641/1007/293 579/1010/262
f 643/1011/294 579/1012/262 641/1013/293
f 579/1012/262 643/1011/294 581/1014/263
f 645/1015/295 581/1016/263 643/1017/294
f 581/1016/263 645/1015/295 583/1018/264
f 647/1019/296 583/1020/264 645/1021/295
f 583/1020/264 647/1019/296 585/1022/265
f 649/1023/297 585/1024/265 647/1025/296
f 585/1024/265 649/1023/297 587/1026/266
f 517/1027/232 587/1028/266 649/1029/297
f 589/1030/267 651/1031/298 590/1032/268
f 651/1031/298 589/1030/267 652/1033/299
f 590/1034/268 655/1035/300 593/1036/269
f 655/1035/300 590/1034/268 651/1037/298
f 595/1038/270 593/1039/269 657/1040/301
f 593/1039/269 595/1038/270 527/1041/236
f 597/1042/271 595/1043/270 659/1044/302
f 595/1043/270 597/1042/271 529/1045/237
f 599/1046/272 597/1047/271 661/1048/303
f 597/1047/271 599/1046/272 531/1049/238
f 601/1050/273 599/1051/272 663/1052/304
f 599/1051/272 601/1050/273 533/1053/239
f 603/1054/274 601/1055/273 665/1056/305
f 601/1055/273 603/1054/274 535/1057/240
f 605/1058/275 603/1059/274 667/1060/306
f 603/1059/274 605/1058/275 537/1061/241
f 607/1062/276 605/1063/275 669/1064/307
f 605/1063/275 607/1062/276 539/1065/242
f 671/1066/308 672/1067/308 673/1068/308
f 672/1067/308 541/1069/243 607/1070/276
f 541/1069/243 672/1067/308 671/1066/308
f 541/1069/243 671/1066/308 609/1071/277
f 611/1072/278 609/947/277 677/1073/309
f 609/947/277 611/1072/278 543/945/244
f 679/1074/310 545/1075/245 611/1076/278
f 545/1075/245 679/1074/310 613/1077/279
f 681/1078/311 547/1079/246 613/1080/279
f 547/1079/246 681/1078/311 615/1081/280
f 683/1082/312 549/1083/247 615/1084/280
f 549/1083/247 683/1082/312 617/1085/281
f 685/1086/313 551/1087/248 617/1088/281
f 551/1087/248 685/1086/313 619/1089/282
f 687/1090/314 620/1091/283 619/1092/282
f 620/1091/283 687/1090/314 688/1093/315
f 620/1094/283 623/1095/284 552/1096/249
f 623/1095/284 620/1094/283 691/1097/316
f 623/1098/284 625/1099/285 555/1100/250
f 625/1099/285 623/1098/284 693/1101/317
f 625/1102/285 627/1103/286 557/1104/251
f 627/1103/286 625/1102/285 695/1105/318
f 627/1106/286 629/1107/287 559/1108/252
f 629/1107/287 627/1106/286 697/1109/319
f 629/1110/287 631/984/288 561/981/253
f 631/984/288 629/1110/287 633/1111/289
f 697/1112/319 633/1113/289 629/1114/287
f 633/1113/289 697/1112/319 635/1115/290
f 699/1116/320 635/1117/290 697/1118/319
f 635/1117/290 699/1116/320 637/1119/291
f 701/1120/321 637/1121/291 699/1122/320
f 637/1121/291 701/1120/321 639/1123/292
f 703/1124/322 639/1125/292 701/1126/321
f 639/1125/292 703/1124/322 641/1127/293
f 705/1128/323 641/1129/293 703/1130/322
f 641/1129/293 705/1128/323 643/1131/294
f 707/1132/324 643/1133/294 705/1134/323
f 643/1133/294 707/1132/324 645/1135/295
f 709/1136/325 645/1137/295 707/1138/324
f 645/1137/295 709/1136/325 647/1139/296
f 711/1140/326 647/1141/296 709/1142/325
f 647/1141/296 711/1140/326 649/1143/297
f 517/1144/232 649/1145/297 711/1146/326
f 652/1147/299 713/1148/327 651/1149/298
f 713/1148/327 652/1147/299 714/1150/328
f 651/1151/298 717/1152/329 655/1153/300
f 717/1152/329 651/1151/298 713/1154/327
f 593/1155/269 719/1156/330 657/1157/301
f 719/1156/330 593/1155/269 655/1158/300
f 659/1159/302 657/1160/301 721/1161/331
f 657/1160/301 659/1159/302 595/1162/270
f 661/1163/303 659/1164/302 723/1165/332
f 659/1164/302 661/1163/303 597/1166/271
f 663/1167/304 661/1168/303 725/1169/333
f 661/1168/303 663/1167/304 599/1170/272
f 665/1171/305 663/1172/304 727/1173/334
f 663/1172/304 665/1171/305 601/1174/273
f 667/1175/306 665/1176/305 729/1177/335
f 665/1176/305 667/1175/306 603/1178/274
f 731/1179/336 667/1180/306 732/1181/337
f 667/1180/306 731/1179/336 605/1182/275
f 605/1182/275 731/1179/336 733/1183/336
f 605/1182/275 733/1183/336 669/1184/307
f 677/1185/309 737/1066/308 738/1186/338
f 737/1066/308 677/1185/309 609/1071/277
f 741/1187/339 611/1188/278 677/1189/309
f 611/1188/278 741/1187/339 679/1190/310
f 743/1191/340 613/1192/279 679/1193/310
f 613/1192/279 743/1191/340 681/1194/311
f 745/1195/341 615/1196/280 681/1197/311
f 615/1196/280 745/1195/341 683/1198/312
f 747/1199/342 617/1200/281 683/1201/312
f 617/1200/281 747/1199/342 685/1202/313
f 749/1203/343 619/1204/282 685/1205/313
f 619/1204/282 749/1203/343 687/1206/314
f 751/1207/344 688/1208/315 687/1209/314
f 688/1208/315 751/1207/344 752/1210/345
f 688/1211/315 691/1212/316 620/1213/283
f 691/1212/316 688/1211/315 755/1214/346
f 691/1215/316 693/1216/317 623/1217/284
f 693/1216/317 691/1215/316 757/1218/347
f 693/1219/317 695/1220/318 625/1221/285
f 695/1220/318 693/1219/317 759/1222/348
f 695/1223/318 697/1224/319 627/1225/286
f 697/1224/319 695/1223/318 699/1226/320
f 759/1227/348 699/1228/320 695/1229/318
f 699/1228/320 759/1227/348 701/1230/321
f 761/1231/349 701/1232/321 759/1233/348
f 701/1232/321 761/1231/349 703/1234/322
f 763/1235/350 703/1236/322 761/1237/349
f 703/1236/322 763/1235/350 705/1238/323
f 765/1239/351 705/1240/323 763/1241/350
f 705/1240/323 765/1239/351 707/1242/324
f 767/1243/352 707/1244/324 765/1245/351
f 707/1244/324 767/1243/352 709/1246/325
f 769/1247/353 709/1248/325 767/1249/352
f 709/1248/325 769/1247/353 711/1250/326
f 517/1251/232 711/1252/326 769/1253/353
f 714/1254/328 771/1255/354 713/1256/327
f 771/1255/354 714/1254/328 772/1257/355
f 713/1258/327 775/1259/356 717/1260/329
f 775/1259/356 713/1258/327 771/1261/354
f 655/1262/300 777/1263/357 719/1264/330
f 777/1263/357 655/1262/300 717/1265/329
f 657/1266/301 779/1267/358 721/1268/331
f 779/1267/358 657/1266/301 719/1269/330
f 723/1270/332 721/1271/331 781/1272/359
f 721/1271/331 723/1270/332 659/1273/302
f 725/1274/333 723/1275/332 783/1276/360
f 723/1275/332 725/1274/333 661/1277/303
f 727/1278/334 725/1279/333 785/1280/361
f 725/1279/333 727/1278/334 663/1281/304
f 729/1282/335 727/1283/334 787/1284/362
f 727/1283/334 729/1282/335 665/1285/305
f 789/1286/363 667/1287/306 729/1288/335
f 667/1287/306 789/1286/363 732/1289/337
f 791/1290/364 677/1291/309 738/1292/338
f 677/1291/309 791/1290/364 741/1293/339
f 793/1294/365 679/1295/310 741/1296/339
f 679/1295/310 793/1294/365 743/1297/340
f 795/1298/366 681/1299/311 743/1300/340
f 681/1299/311 795/1298/366 745/1301/341
f 797/1302/367 683/1303/312 745/1304/341
f 683/1303/312 797/1302/367 747/1305/342
f 799/1306/368 685/1307/313 747/1308/342
f 685/1307/313 799/1306/368 749/1309/343
f 801/1310/369 687/1311/314 749/1312/343
f 687/1311/314 801/1310/369 751/1313/344
f 803/1314/370 752/1315/345 751/1316/344
f 752/1315/345 803/1314/370 804/1317/371
f 752/1318/345 755/1319/346 688/1320/315
f 755/1319/346 752/1318/345 807/1321/372
f 755/1322/346 757/1323/347 691/1324/316
f 757/1323/347 755/1322/346 809/1325/373
f 757/1326/347 759/1327/348 693/1328/317
f 759/1327/348 757/1326/347 761/1329/349
f 809/1330/373 761/1331/349 757/1332/347
f 761/1331/349 809/1330/373 763/1333/350
f 811/1334/374 763/1335/350 809/1336/373
f 763/1335/350 811/1334/374 765/1337/351
f 813/1338/375 765/1339/351 811/1340/374
f 765/1339/351 813/1338/375 767/1341/352
f 815/1342/376 767/1343/352 813/1344/375
f 767/1343/352 815/1342/376 769/1345/353
f 517/1346/232 769/1347/353 815/1348/376
f 772/1349/355 817/1350/377 771/1351/354
f 817/1350/377 772/1349/355 818/1352/378
f 771/1353/354 821/1354/379 775/1355/356
f 821/1354/379 771/1353/354 817/1356/377
f 717/1357/329 823/1358/380 777/1359/357
f 823/1358/380 717/1357/329 775/1360/356
f 719/1361/330 825/1362/381 779/1363/358
f 825/1362/381 719/1361/330 777/1364/357
f 721/1365/331 827/1366/382 781/1367/359
f 827/1366/382 721/1365/331 779/1368/358
f 783/1369/360 781/1370/359 829/1371/383
f 781/1370/359 783/1369/360 723/1372/332
f 785/1373/361 783/1374/360 831/1375/384
f 783/1374/360 785/1373/361 725/1376/333
f 787/1377/362 785/1378/361 833/1379/385
f 785/1378/361 787/1377/362 727/1380/334
f 835/1381/386 729/1382/335 787/1383/362
f 729/1382/335 835/1381/386 789/1384/363
f 837/1385/387 738/1386/338 838/1387/388
f 738/1386/338 837/1385/387 791/1388/364
f 841/1389/389 741/1390/339 791/1391/364
f 741/1390/339 841/1389/389 793/1392/365
f 843/1393/390 743/1394/340 793/1395/365
f 743/1394/340 843/1393/390 795/1396/366
f 845/1397/391 745/1398/341 795/1399/366
f 745/1398/341 845/1397/391 797/1400/367
f 847/1401/392 747/1402/342 797/1403/367
f 747/1402/342 847/1401/392 799/1404/368
f 849/1405/393 749/1406/343 799/1407/368
f 749/1406/343 849/1405/393 801/1408/369
f 851/1409/394 751/1410/344 801/1411/369
f 751/1410/344 851/1409/394 803/1412/370
f 853/1413/395 804/1414/371 803/1415/370
f 804/1414/371 853/1413/395 854/1416/396
f 804/1417/371 807/1418/372 752/1419/345
f 807/1418/372 804/1417/371 857/1420/397
f 807/1421/372 809/1422/373 755/1423/346
f 809/1422/373 807/1421/372 811/1424/374
f 857/1425/397 811/1426/374 807/1427/372
f 811/1426/374 857/1425/397 813/1428/375
f 859/1429/398 813/1430/375 857/1431/397
f 813/1430/375 859/1429/398 815/1432/376
f 517/1433/232 815/1434/376 859/1435/398
f 818/1436/378 861/1437/399 817/1438/377
f 861/1437/399 818/1436/378 862/1439/400
f 817/1440/377 865/1441/401 821/1442/379
f 865/1441/401 817/1440/377 861/1443/399
f 775/1444/356 867/1445/402 823/1446/380
f 867/1445/402 775/1444/356 821/1447/379
f 777/1448/357 869/1449/403 825/1450/381
f 869/1449/403 777/1448/357 823/1451/380
f 779/1452/358 871/1453/404 827/1454/382
f 871/1453/404 779/1452/358 825/1455/381
f 781/1456/359 873/1457/405 829/1458/383
f 873/1457/405 781/1456/359 827/1459/382
f 831/1460/384 829/1461/383 875/1462/406
f 829/1461/383 831/1460/384 783/1463/360
f 833/1464/385 831/1465/384 877/1466/407
f 831/1465/384 833/1464/385 785/1467/361
f 879/1468/408 787/1469/362 833/1470/385
f 787/1469/362 879/1468/408 835/1471/386
f 881/1472/409 882/1473/410 883/1474/411
f 882/1473/410 881/1472/409 837/1475/387
f 882/1473/410 837/1475/387 884/1476/410
f 884/1476/410 837/1475/387 838/1477/388
f 889/1478/412 791/1479/364 837/1480/387
f 791/1479/364 889/1478/412 841/1481/389
f 891/1482/413 793/1483/365 841/1484/389
f 793/1483/365 891/1482/413 843/1485/390
f 893/1486/414 795/1487/366 843/1488/390
f 795/1487/366 893/1486/414 845/1489/391
f 895/1490/415 797/1491/367 845/1492/391
f 797/1491/367 895/1490/415 847/1493/392
f 897/1494/416 799/1495/368 847/1496/392
f 799/1495/368 897/1494/416 849/1497/393
f 899/1498/417 801/1499/369 849/1500/393
f 801/1499/369 899/1498/417 851/1501/394
f 901/1502/418 803/1503/370 851/1504/394
f 803/1503/370 901/1502/418 853/1505/395
f 517/1506/232 854/1507/396 853/1508/395
f 854/1509/396 857/1510/397 804/1511/371
f 857/1510/397 854/1509/396 859/1512/398
f 517/1513/232 859/1514/398 854/1515/396
f 862/1516/400 903/1517/419 861/1518/399
f 903/1517/419 862/1516/400 904/1519/420
f 861/1520/399 907/1521/421 865/1522/401
f 907/1521/421 861/1520/399 903/1523/419
f 821/1524/379 909/1525/422 867/1526/402
f 909/1525/422 821/1524/379 865/1527/401
f 823/1528/380 911/1529/423 869/1530/403
f 911/1529/423 823/1528/380 867/1531/402
f 825/1532/381 913/1533/424 871/1534/404
f 913/1533/424 825/1532/381 869/1535/403
f 827/1536/382 915/1537/425 873/1538/405
f 915/1537/425 827/1536/382 871/1539/404
f 829/1540/383 917/1541/426 875/1542/406
f 917/1541/426 829/1540/383 873/1543/405
f 877/1544/407 875/1545/406 919/1546/427
f 875/1545/406 877/1544/407 831/1547/384
f 921/1548/428 833/1549/385 877/1550/407
f 833/1549/385 921/1548/428 879/1551/408
f 881/1552/409 923/1553/429 924/1554/430
f 923/1553/429 881/1552/409 883/1555/411
f 927/1556/431 837/1557/387 881/1558/409
f 837/1557/387 927/1556/431 889/1559/412
f 929/1560/432 841/1561/389 889/1562/412
f 841/1561/389 929/1560/432 891/1563/413
f 931/1564/433 843/1565/390 891/1566/413
f 843/1565/390 931/1564/433 893/1567/414
f 933/1568/434 845/1569/391 893/1570/414
f 845/1569/391 933/1568/434 895/1571/415
f 935/1572/435 847/1573/392 895/1574/415
f 847/1573/392 935/1572/435 897/1575/416
f 937/1576/436 849/1577/393 897/1578/416
f 849/1577/393 937/1576/436 899/1579/417
f 939/1580/437 851/1581/394 899/1582/417
f 851/1581/394 939/1580/437 901/1583/418
f 517/1584/232 853/1585/395 901/1586/418
f 865/1587/401 941/1588/438 909/1589/422
f 941/1588/438 865/1587/401 907/1590/421
f 867/1591/402 943/1592/439 911/1593/423
f 943/1592/439 867/1591/402 909/1594/422
f 869/1595/403 945/1596/440 913/1597/424
f 945/1596/440 869/1595/403 911/1598/423
f 871/1599/404 947/1600/441 915/1601/425
f 947/1600/441 871/1599/404 913/1602/424
f 873/1603/405 949/1604/442 917/1605/426
f 949/1604/442 873/1603/405 915/1606/425
f 875/1607/406 951/1608/443 919/1609/427
f 951/1608/443 875/1607/406 917/1610/426
f 953/1611/444 877/1612/407 919/1613/427
f 877/1612/407 953/1611/444 921/1614/428
f 924/1615/430 955/1616/445 956/1617/446
f 955/1616/445 924/1615/430 923/1618/429
f 959/1619/447 881/1620/409 924/1621/430
f 881/1620/409 959/1619/447 927/1622/431
f 961/1623/448 889/1624/412 927/1625/431
f 889/1624/412 961/1623/448 929/1626/432
f 963/1627/449 891/1628/413 929/1629/432
f 891/1628/413 963/1627/449 931/1630/433
f 965/1631/450 893/1632/414 931/1633/433
f 893/1632/414 965/1631/450 933/1634/434
f 967/1635/451 895/1636/415 933/1637/434
f 895/1636/415 967/1635/451 935/1638/435
f 969/1639/452 897/1640/416 935/1641/435
f 897/1640/416 969/1639/452 937/1642/436
f 971/1643/453 899/1644/417 937/1645/436
f 899/1644/417 971/1643/453 939/1646/437
f 517/1647/232 901/1648/418 939/1649/437
f 909/1650/422 973/1651/454 943/1652/439
f 973/1651/454 909/1650/422 941/1653/438
f 911/1654/423 975/1655/455 945/1656/440
f 975/1655/455 911/1654/423 943/1657/439
f 913/1658/424 977/1659/456 947/1660/441
f 977/1659/456 913/1658/424 945/1661/440
f 915/1662/425 979/1663/457 949/1664/442
f 979/1663/457 915/1662/425 947/1665/441
f 917/1666/426 981/1667/458 951/1668/443
f 981/1667/458 917/1666/426 949/1669/442
f 953/1670/444 951/1671/443 983/1672/459
f 951/1671/443 953/1670/444 919/1673/427
f 956/1674/446 985/1675/460 986/1676/461
f 985/1675/460 956/1674/446 955/1677/445
f 989/1678/462 924/1679/430 956/1680/446
f 924/1679/430 989/1678/462 959/1681/447
f 991/1682/463 927/1683/431 959/1684/447
f 927/1683/431 991/1682/463 961/1685/448
f 993/1686/464 929/1687/432 961/1688/448
f 929/1687/432 993/1686/464 963/1689/449
f 995/1690/465 931/1691/433 963/1692/449
f 931/1691/433 995/1690/465 965/1693/450
f 997/1694/466 933/1695/434 965/1696/450
f 933/1695/434 997/1694/466 967/1697/451
f 999/1698/467 935/1699/435 967/1700/451
f 935/1699/435 999/1698/467 969/1701/452
f 1001/1702/468 937/1703/436 969/1704/452
f 937/1703/436 1001/1702/468 971/1705/453
f 517/1706/232 939/1707/437 971/1708/453
f 943/1709/439 1003/1710/469 975/1711/455
f 1003/1710/469 943/1709/439 973/1712/454
f 945/1713/440 1005/1714/470 977/1715/456
f 1005/1714/470 945/1713/440 975/1716/455
f 947/1717/441 1007/1718/471 979/1719/457
f 1007/1718/471 947/1717/441 977/1720/456
f 949/1721/442 1009/1722/472 981/1723/458
f 1009/1722/472 949/1721/442 979/1724/457
f 983/1725/459 981/1726/458 1011/1727/473
f 981/1726/458 983/1725/459 951/1728/443
f 986/1729/461 1013/1730/474 1014/1731/475
f 1013/1730/474 986/1729/461 985/1732/460
f 1017/1733/476 956/1734/446 986/1735/461
f 956/1734/446 1017/1733/476 989/1736/462
f 1019/1737/477 959/1738/447 989/1739/462
f 959/1738/447 1019/1737/477 991/1740/463
f 1021/1741/478 961/1742/448 991/1743/463
f 961/1742/448 1021/1741/478 993/1744/464
f 1023/1745/479 963/1746/449 993/1747/464
f 963/1746/449 1023/1745/479 995/1748/465
f 1025/1749/480 965/1750/450 995/1751/465
f 965/1750/450 1025/1749/480 997/1752/466
f 1027/1753/481 967/1754/451 997/1755/466
f 967/1754/451 1027/1753/481 999/1756/467
f 1029/1757/482 969/1758/452 999/1759/467
f 969/1758/452 1029/1757/482 1001/1760/468
f 517/1761/232 971/1762/453 1001/1763/468
f 975/1764/455 1031/1765/483 1005/1766/470
f 1031/1765/483 975/1764/455 1003/1767/469
f 977/1768/456 1033/1769/484 1007/1770/471
f 1033/1769/484 977/1768/456 1005/1771/470
f 979/1772/457 1035/1773/485 1009/1774/472
f 1035/1773/485 979/1772/457 1007/1775/471
f 1037/1776/486 1009/1777/472 1038/1778/487
f 1009/1777/472 1037/1776/486 981/1779/458
f 981/1779/458 1037/1776/486 1039/1780/486
f 981/1779/458 1039/1780/486 1011/1781/473
f 1014/1782/475 1043/1783/488 1044/1784/489
f 1043/1783/488 1014/1782/475 1013/1785/474
f 1047/1786/490 986/1787/461 1014/1788/475
f 986/1787/461 1047/1786/490 1017/1789/476
f 1049/1790/491 989/1791/462 1017/1792/476
f 989/1791/462 1049/1790/491 1019/1793/477
f 1051/1794/492 991/1795/463 1019/1796/477
f 991/1795/463 1051/1794/492 1021/1797/478
f 1053/1798/493 993/1799/464 1021/1800/478
f 993/1799/464 1053/1798/493 1023/1801/479
f 1055/1802/494 995/1803/465 1023/1804/479
f 995/1803/465 1055/1802/494 1025/1805/480
f 1057/1806/495 997/1807/466 1025/1808/480
f 997/1807/466 1057/1806/495 1027/1809/481
f 1059/1810/496 999/1811/467 1027/1812/481
f 999/1811/467 1059/1810/496 1029/1813/482
f 517/1814/232 1001/1815/468 1029/1816/482
f 1005/1817/470 1061/1818/497 1033/1819/484
f 1061/1818/497 1005/1817/470 1031/1820/483
f 1007/1821/471 1063/1822/498 1035/1823/485
f 1063/1822/498 1007/1821/471 1033/1824/484
f 1038/1825/487 1035/1826/485 1065/1827/499
f 1035/1826/485 1038/1825/487 1009/1828/472
f 1067/1829/500 1043/1830/488 1068/1831/501
f 1043/1830/488 1067/1829/500 1044/1832/489
f 1071/1833/502 1014/1834/475 1044/1835/489
f 1014/1834/475 1071/1833/502 1047/1836/490
f 1073/1837/503 1017/1838/476 1047/1839/490
f 1017/1838/476 1073/1837/503 1049/1840/491
f 1075/1841/504 1019/1842/477 1049/1843/491
f 1019/1842/477 1075/1841/504 1051/1844/492
f 1077/1845/505 1021/1846/478 1051/1847/492
f 1021/1846/478 1077/1845/505 1053/1848/493
f 1079/1849/506 1023/1850/479 1053/1851/493
f 1023/1850/479 1079/1849/506 1055/1852/494
f 1081/1853/507 1025/1854/480 1055/1855/494
f 1025/1854/480 1081/1853/507 1057/1856/495
f 1083/1857/508 1027/1858/481 1057/1859/495
f 1027/1858/481 1083/1857/508 1059/1860/496
f 1085/1861/509 1029/1862/482 1059/1863/496
f 1029/1862/482 1085/1861/509 517/1864/232
f 517/1864/232 1085/1861/509 1086/1865/510
f 517/1864/232 1086/1865/510 1087/1866/510
f 1033/1867/484 1091/1868/511 1063/1869/498
f 1091/1868/511 1033/1867/484 1061/1870/497
f 1065/1871/499 1063/1872/498 1093/1873/512
f 1063/1872/498 1065/1871/499 1035/1874/485
f 1095/1875/513 1068/1876/501 1096/1877/514
f 1068/1876/501 1095/1875/513 1067/1878/500
f 1067/1879/500 1071/1880/502 1044/1881/489
f 1071/1880/502 1067/1879/500 1099/1882/515
f 1101/1883/516 1047/1884/490 1071/1885/502
f 1047/1884/490 1101/1883/516 1073/1886/503
f 1103/1887/517 1049/1888/491 1073/1889/503
f 1049/1888/491 1103/1887/517 1075/1890/504
f 1105/1891/518 1051/1892/492 1075/1893/504
f 1051/1892/492 1105/1891/518 1077/1894/505
f 1107/1895/519 1053/1896/493 1077/1897/505
f 1053/1896/493 1107/1895/519 1079/1898/506
f 1109/1899/520 1055/1900/494 1079/1901/506
f 1055/1900/494 1109/1899/520 1081/1902/507
f 1111/1903/521 1057/1904/495 1081/1905/507
f 1057/1904/495 1111/1903/521 1083/1906/508
f 1113/1907/522 1059/1908/496 1083/1909/508
f 1059/1908/496 1113/1907/522 1085/1910/509
f 1063/1911/498 1115/1912/523 1093/1913/512
f 1115/1912/523 1063/1911/498 1091/1914/511
f 1117/1915/524 1118/1916/525 1119/1917/526
f 1118/1916/525 1117/1915/524 1095/1918/513
f 1118/1916/525 1095/1918/513 1120/1919/525
f 1120/1919/525 1095/1918/513 1096/1920/514
f 1095/1921/513 1099/1922/515 1067/1923/500
f 1099/1922/515 1095/1921/513 1125/1924/527
f 1099/1925/515 1101/1926/516 1071/1927/502
f 1101/1926/516 1099/1925/515 1127/1928/528
f 1129/1929/529 1073/1930/503 1101/1931/516
f 1073/1930/503 1129/1929/529 1103/1932/517
f 1131/1933/530 1075/1934/504 1103/1935/517
f 1075/1934/504 1131/1933/530 1105/1936/518
f 1133/1937/531 1077/1938/505 1105/1939/518
f 1077/1938/505 1133/1937/531 1107/1940/519
f 1135/1941/532 1079/1942/506 1107/1943/519
f 1079/1942/506 1135/1941/532 1109/1944/520
f 1137/1945/533 1081/1946/507 1109/1947/520
f 1081/1946/507 1137/1945/533 1111/1948/521
f 1139/1949/534 1083/1950/508 1111/1951/521
f 1083/1950/508 1139/1949/534 1113/1952/522
f 1141/1953/535 1119/1954/526 1142/1955/536
f 1119/1954/526 1141/1953/535 1117/1956/524
f 1117/1957/524 1125/1958/527 1095/1959/513
f 1125/1958/527 1117/1957/524 1145/1960/537
f 1125/1961/527 1127/1962/528 1099/1963/515
f 1127/1962/528 1125/1961/527 1147/1964/538
f 1127/1965/528 1129/1966/529 1101/1967/516
f 1129/1966/529 1127/1965/528 1149/1968/539
f 1151/1969/540 1103/1970/517 1129/1971/529
f 1103/1970/517 1151/1969/540 1131/1972/530
f 1153/1973/541 1105/1974/518 1131/1975/530
f 1105/1974/518 1153/1973/541 1133/1976/531
f 1155/1977/542 1107/1978/519 1133/1979/531
f 1107/1978/519 1155/1977/542 1135/1980/532
f 1157/1981/543 1109/1982/520 1135/1983/532
f 1109/1982/520 1157/1981/543 1137/1984/533
f 1159/1985/544 1111/1986/521 1137/1987/533
f 1111/1986/521 1159/1985/544 1139/1988/534
f 1161/1989/545 1142/1990/536 1162/1991/546
f 1142/1990/536 1161/1989/545 1141/1992/535
f 1141/1993/535 1145/1994/537 1117/1995/524
f 1145/1994/537 1141/1993/535 1165/1996/547
f 1145/1997/537 1147/1998/538 1125/1999/527
f 1147/1998/538 1145/1997/537 1167/2000/548
f 1147/2001/538 1149/2002/539 1127/2003/528
f 1149/2002/539 1147/2001/538 1169/2004/549
f 1149/2005/539 1151/2006/540 1129/2007/529
f 1151/2006/540 1149/2005/539 1171/2008/550
f 1173/2009/551 1131/2010/530 1151/2011/540
f 1131/2010/530 1173/2009/551 1153/2012/541
f 1175/2013/552 1133/2014/531 1153/2015/541
f 1133/2014/531 1175/2013/552 1155/2016/542
f 1177/2017/553 1135/2018/532 1155/2019/542
f 1135/2018/532 1177/2017/553 1157/2020/543
f 1179/2021/554 1137/2022/533 1157/2023/543
f 1137/2022/533 1179/2021/554 1159/2024/544
f 1181/2025/555 1161/2026/545 1162/2027/546
f 1161/2026/545 1181/2025/555 1182/2028/556
f 1161/2029/545 1165/2030/547 1141/2031/535
f 1165/2030/547 1161/2029/545 1185/2032/557
f 1165/2033/547 1167/2034/548 1145/2035/537
f 1167/2034/548 1165/2033/547 1187/2036/558
f 1167/2037/548 1169/2038/549 1147/2039/538
f 1169/2038/549 1167/2037/548 1189/2040/559
f 1169/2041/549 1171/2042/550 1149/2043/539
f 1171/2042/550 1169/2041/549 1191/2044/560
f 1171/2045/550 1173/2046/551 1151/2047/540
f 1173/2046/551 1171/2045/550 1193/2048/561
f 1195/2049/562 1153/2050/541 1173/2051/551
f 1153/2050/541 1195/2049/562 1175/2052/552
f 1197/2053/563 1155/2054/542 1175/2055/552
f 1155/2054/542 1197/2053/563 1177/2056/553
f 1199/2057/564 1157/2058/543 1177/2059/553
f 1157/2058/543 1199/2057/564 1179/2060/554
f 1182/2061/556 1185/2062/557 1161/2063/545
f 1185/2062/557 1182/2061/556 1201/2064/565
f 1185/2065/557 1187/2066/558 1165/2067/547
f 1187/2066/558 1185/2065/557 1203/2068/566
f 1187/2069/558 1189/2070/559 1167/2071/548
f 1189/2070/559 1187/2069/558 1205/2072/567
f 1189/2073/559 1191/2074/560 1169/2075/549
f 1191/2074/560 1189/2073/559 1207/2076/568
f 1191/2077/560 1193/2078/561 1171/2079/550
f 1193/2078/561 1191/2077/560 1209/2080/569
f 1193/2081/561 1195/2082/562 1173/2083/551
f 1195/2082/562 1193/2081/561 1211/2084/570
f 1213/2085/571 1175/2086/552 1195/2087/562
f 1175/2086/552 1213/2085/571 1197/2088/563
f 1215/2089/572 1177/2090/553 1197/2091/563
f 1177/2090/553 1215/2089/572 1199/2092/564
f 1201/2093/565 1203/2094/566 1185/2095/557
f 1203/2094/566 1201/2093/565 1217/2096/573
f 1203/2097/566 1205/2098/567 1187/2099/558
f 1205/2098/567 1203/2097/566 1219/2100/574
f 1205/2101/567 1207/2102/568 1189/2103/559
f 1207/2102/568 1205/2101/567 1221/2104/575
f 1207/2105/568 1209/2106/569 1191/2107/560
f 1209/2106/569 1207/2105/568 1223/2108/576
f 1209/2109/569 1211/2110/570 1193/2111/561
f 1211/2110/570 1209/2109/569 1225/2112/577
f 1211/2113/570 1213/2114/571 1195/2115/562
f 1213/2114/571 1211/2113/570 1227/2116/578
f 1229/2117/579 1197/2118/563 1213/2119/571
f 1197/2118/563 1229/2117/579 1215/2120/572
f 1217/2121/573 1219/2122/574 1203/2123/566
f 1219/2122/574 1217/2121/573 1231/2124/580
f 1219/2125/574 1221/2126/575 1205/2127/567
f 1221/2126/575 1219/2125/574 1233/2128/581
f 1221/2129/575 1223/2130/576 1207/2131/568
f 1223/2130/576 1221/2129/575 1235/2132/582
f 1223/2133/576 1225/2134/577 1209/2135/569
f 1225/2134/577 1223/2133/576 1237/2136/583
f 1225/2137/577 1227/2138/578 1211/2139/570
f 1227/2138/578 1225/2137/577 1239/2140/584
f 1227/2141/578 1229/2142/579 1213/2143/571
f 1229/2142/579 1227/2141/578 1241/2144/585
f 1231/2145/580 1233/2146/581 1219/2147/574
f 1233/2146/581 1231/2145/580 1243/2148/586
f 1233/2149/581 1235/2150/582 1221/2151/575
f 1235/2150/582 1233/2149/581 1245/2152/587
f 1235/2153/582 1237/2154/583 1223/2155/576
f 1237/2154/583 1235/2153/582 1247/2156/588
f 1237/2157/583 1239/2158/584 1225/2159/577
f 1239/2158/584 1237/2157/583 1249/2160/589
f 1239/2161/584 1241/2162/585 1227/2163/578
f 1241/2162/585 1239/2161/584 1251/2164/590
f 1243/2165/586 1245/2166/587 1233/2167/581
f 1245/2166/587 1243/2165/586 1253/2168/591
f 1245/2169/587 1247/2170/588 1235/2171/582
f 1247/2170/588 1245/2169/587 1255/2172/592
f 1247/2173/588 1249/2174/589 1237/2175/583
f 1249/2174/589 1247/2173/588 1257/2176/593
f 1249/2177/589 1251/2178/590 1239/2179/584
f 1251/2178/590 1249/2177/589 1259/2180/594
f 1253/2181/591 1255/2182/592 1245/2183/587
f 1255/2182/592 1253/2181/591 1261/2184/595
f 1255/2185/592 1257/2186/593 1247/2187/588
f 1257/2186/593 1255/2185/592 1263/2188/596
f 1257/2189/593 1259/2190/594 1249/2191/589
f 1259/2190/594 1257/2189/593 1265/2192/597
f 1261/2193/595 1263/2194/596 1255/2195/592
f 1263/2194/596 1261/2193/595 1267/2196/598
f 1263/2197/596 1265/2198/597 1257/2199/593
f 1265/2198/597 1263/2197/596 1269/2200/599
f 1267/2201/598 1269/2202/599 1263/2203/596
f 1269/2202/599 1267/2201/598 1271/2204/600
usemtl material_1_0
f 4//601 5//602 6//603
f 4//601 9//604 5//602
f 10//605 5//602 9//604
f 12//606 4//601 6//603
f 5//602 14//607 6//603
f 5//602 10//605 14//607
f 16//608 14//607 10//605
f 9//604 19//609 10//605
f 20//610 10//605 19//609
f 12//606 22//611 4//601
f 9//604 4//601 22//611
f 24//612 12//606 6//603
f 14//607 26//613 6//603
f 14//607 16//608 26//613
f 28//614 26//613 16//608
f 10//605 20//610 16//608
f 30//615 16//608 20//610
f 19//609 33//616 20//610
f 34//617 20//610 33//616
f 22//611 36//618 9//604
f 19//609 9//604 36//618
f 24//612 38//619 12//606
f 22//611 12//606 38//619
f 40//620 24//612 6//603
f 26//613 42//621 6//603
f 26//613 28//614 42//621
f 44//622 42//621 28//614
f 16//608 30//615 28//614
f 46//623 28//614 30//615
f 20//610 34//617 30//615
f 48//624 30//615 34//617
f 33//616 51//625 34//617
f 52//626 34//617 51//625
f 36//618 54//627 19//609
f 33//616 19//609 54//627
f 38//619 56//628 22//611
f 36//618 22//611 56//628
f 40//620 58//629 24//612
f 38//619 24//612 58//629
f 60//630 40//620 6//603
f 42//621 62//631 6//603
f 42//621 44//622 62//631
f 64//632 62//631 44//622
f 28//614 46//623 44//622
f 66//633 44//622 46//623
f 30//615 48//624 46//623
f 68//634 46//623 48//624
f 34//617 52//626 48//624
f 70//635 48//624 52//626
f 51//625 73//636 52//626
f 74//637 52//626 73//636
f 54//627 76//638 33//616
f 51//625 33//616 76//638
f 56//628 78//639 36//618
f 54//627 36//618 78//639
f 58//629 80//640 38//619
f 56//628 38//619 80//640
f 60//630 82//641 40//620
f 58//629 40//620 82//641
f 84//642 60//630 6//603
f 62//631 86//643 6//603
f 62//631 64//632 86//643
f 88//644 86//643 64//632
f 44//622 66//633 64//632
f 90//645 64//632 66//633
f 46//623 68//634 66//633
f 92//646 66//633 68//634
f 48//624 70//635 68//634
f 94//647 68//634 70//635
f 52//626 74//637 70//635
f 96//648 70//635 74//637
f 73//636 99//649 74//637
f 100//650 74//637 99//649
f 76//638 102//651 51//625
f 73//636 51//625 102//651
f 78//639 104//652 54//627
f 76//638 54//627 104//652
f 80//640 106//653 56//628
f 78//639 56//628 106//653
f 82//641 108//654 58//629
f 80//640 58//629 108//654
f 84//642 110//655 60//630
f 82//641 60//630 110//655
f 112//656 84//642 6//603
f 117//657 6//603 118//657
f 118//657 6//603 119//658
f 6//603 86//643 119//658
f 120//659 119//658 86//643
f 86//643 88//644 120//659
f 122//660 120//659 88//644
f 64//632 90//645 88//644
f 124//661 88//644 90//645
f 66//633 92//646 90//645
f 126//662 90//645 92//646
f 68//634 94//647 92//646
f 128//663 92//646 94//647
f 70//635 96//648 94//647
f 130//664 94//647 96//648
f 74//637 100//650 96//648
f 132//665 96//648 100//650
f 99//649 135//666 100//650
f 136//667 100//650 135//666
f 102//651 138//668 73//636
f 99//649 73//636 138//668
f 104//652 140//669 76//638
f 102//651 76//638 140//669
f 106//653 142//670 78//639
f 104//652 78//639 142//670
f 108//654 144//671 80//640
f 106//653 80//640 144//671
f 110//655 146//672 82//641
f 108//654 82//641 146//672
f 112//656 148//673 84//642
f 110//655 84//642 148//673
f 150//674 112//656 6//603
f 119//658 120//659 153//675
f 154//676 153//675 120//659
f 120//659 122//660 154//676
f 156//677 154//676 122//660
f 88//644 124//661 122//660
f 158//678 122//660 124//661
f 90//645 126//662 124//661
f 160//679 124//661 126//662
f 92//646 128//663 126//662
f 162//680 126//662 128//663
f 94//647 130//664 128//663
f 164//681 128//663 130//664
f 96//648 132//665 130//664
f 166//682 130//664 132//665
f 100//650 136//667 132//665
f 168//683 132//665 136//667
f 135//666 171//684 136//667
f 172//685 136//667 171//684
f 138//668 174//686 99//649
f 135//666 99//649 174//686
f 140//669 176//687 102//651
f 138//668 102//651 176//687
f 142//670 178//688 104//652
f 140//669 104//652 178//688
f 144//671 180//689 106//653
f 142//670 106//653 180//689
f 146//672 182//690 108//654
f 144//671 108//654 182//690
f 148//673 184//691 110//655
f 146//672 110//655 184//691
f 150//674 186//692 112//656
f 148//673 112//656 186//692
f 191//693 192//694 193//695
f 193//695 192//694 194//695
f 194//695 192//694 6//603
f 150//674 6//603 192//694
f 153//675 154//676 197//696
f 198//697 197//696 154//676
f 154//676 156//677 198//697
f 200//698 198//697 156//677
f 122//660 158//678 156//677
f 202//699 156//677 158//678
f 124//661 160//679 158//678
f 204//700 158//678 160//679
f 126//662 162//680 160//679
f 206//701 160//679 162//680
f 128//663 164//681 162//680
f 208//702 162//680 164//681
f 130//664 166//682 164//681
f 210//703 164//681 166//682
f 132//665 168//683 166//682
f 212//704 166//682 168//683
f 136//667 172//685 168//683
f 214//705 168//683 172//685
f 217//706 218//707 171//684
f 172//685 171//684 218//707
f 174//686 220//708 135//666
f 171//684 135//666 220//708
f 176//687 222//709 138//668
f 174//686 138//668 222//709
f 178//688 224//710 140//669
f 176//687 140//669 224//710
f 180//689 226//711 142//670
f 178//688 142//670 226//711
f 182//690 228//712 144//671
f 180//689 144//671 228//712
f 184//691 230//713 146//672
f 182//690 146//672 230//713
f 186//692 232//714 148//673
f 184//691 148//673 232//714
f 192//694 234//715 150//674
f 186//692 150//674 234//715
f 237//716 238//717 191//693
f 192//694 191//693 238//717
f 197//696 198//697 241//718
f 242//719 241//718 198//697
f 198//697 200//698 242//719
f 244//720 242//719 200//698
f 156//677 202//699 200//698
f 246//721 200//698 202//699
f 158//678 204//700 202//699
f 248//722 202//699 204//700
f 160//679 206//701 204//700
f 250//723 204//700 206//701
f 162//680 208//702 206//701
f 252//724 206//701 208//702
f 164//681 210//703 208//702
f 254//725 208//702 210//703
f 166//682 212//704 210//703
f 256//726 210//703 212//704
f 168//683 214//705 212//704
f 258//727 212//704 214//705
f 218//707 260//728 172//685
f 214//705 172//685 260//728
f 263//729 264//730 217//706
f 218//707 217//706 264//730
f 266//731 217//706 220//708
f 171//684 220//708 217//706
f 222//709 268//732 174//686
f 220//708 174//686 268//732
f 224//710 270//733 176//687
f 222//709 176//687 270//733
f 226//711 272//734 178//688
f 224//710 178//688 272//734
f 228//712 274//735 180//689
f 226//711 180//689 274//735
f 230//713 276//736 182//690
f 228//712 182//690 276//736
f 232//714 278//737 184//691
f 230//713 184//691 278//737
f 234//715 280//738 186//692
f 232//714 186//692 280//738
f 238//717 282//739 192//694
f 234//715 192//694 282//739
f 307//740 308//741 309//742
f 308//741 310//742 309//742
f 309//742 310//742 311//742
f 310//742 312//742 311//742
f 311//742 312//742 313//742
f 312//742 314//742 313//742
f 313//742 314//742 315//742
f 314//742 316//742 315//742
f 315//742 316//742 317//742
f 316//742 318//742 317//742
f 317//742 318//742 319//742
f 318//742 320//742 319//742
f 319//742 320//742 321//742
f 320//742 322//742 321//742
f 321//742 322//742 323//742
f 322//742 324//742 323//742
f 323//742 324//742 325//742
f 324//742 326//742 325//742
f 325//742 326//742 327//742
f 327//742 326//742 328//742
f 328//742 326//742 329//742
f 330//742 329//742 326//742
f 241//718 242//719 333//743
f 334//744 333//743 242//719
f 242//719 244//720 334//744
f 336//745 334//744 244//720
f 200//698 246//721 244//720
f 338//746 244//720 246//721
f 202//699 248//722 246//721
f 340//747 246//721 248//722
f 204//700 250//723 248//722
f 342//748 248//722 250//723
f 206//701 252//724 250//723
f 344//749 250//723 252//724
f 208//702 254//725 252//724
f 346//750 252//724 254//725
f 210//703 256//726 254//725
f 348//751 254//725 256//726
f 212//704 258//727 256//726
f 350//752 256//726 258//727
f 260//728 352//753 214//705
f 258//727 214//705 352//753
f 264//730 354//754 218//707
f 260//728 218//707 354//754
f 357//755 358//756 263//729
f 264//730 263//729 358//756
f 360//757 263//729 266//731
f 217//706 266//731 263//729
f 362//758 266//731 268//732
f 220//708 268//732 266//731
f 270//733 364//759 222//709
f 268//732 222//709 364//759
f 272//734 366//760 224//710
f 270//733 224//710 366//760
f 274//735 368//761 226//711
f 272//734 226//711 368//761
f 276//736 370//762 228//712
f 274//735 228//712 370//762
f 278//737 372//763 230//713
f 276//736 230//713 372//763
f 280//738 374//764 232//714
f 278//737 232//714 374//764
f 282//739 376//765 234//715
f 280//738 234//715 376//765
f 376//765 378//766 280//738
f 374//764 280//738 378//766
f 378//766 381//767 374//764
f 382//768 374//764 381//767
f 381//767 385//769 382//768
f 386//770 382//768 385//769
f 385//769 389//771 386//770
f 390//772 386//770 389//771
f 389//771 393//773 390//772
f 394//774 390//772 393//773
f 308//741 396//775 393//773
f 394//774 393//773 396//775
f 404//776 405//777 307//740
f 405//777 406//777 307//740
f 407//777 308//741 406//777
f 307//740 406//777 308//741
f 405//777 404//776 408//777
f 408//777 404//776 409//777
f 404//776 410//778 409//777
f 409//777 410//778 407//777
f 410//778 396//775 407//777
f 308//741 407//777 396//775
f 413//779 414//780 307//740
f 404//776 307//740 414//780
f 417//781 418//782 413//779
f 414//780 413//779 418//782
f 421//783 422//784 417//781
f 418//782 417//781 422//784
f 425//785 426//786 421//783
f 422//784 421//783 426//786
f 429//787 430//788 425//785
f 426//786 425//785 430//788
f 433//789 434//790 429//787
f 430//788 429//787 434//790
f 437//791 438//792 433//789
f 434//790 433//789 438//792
f 441//793 442//794 437//791
f 438//792 437//791 442//794
f 445//795 446//796 441//793
f 442//794 441//793 446//796
f 333//743 334//744 449//797
f 450//798 449//797 334//744
f 334//744 336//745 450//798
f 452//799 450//798 336//745
f 244//720 338//746 336//745
f 454//800 336//745 338//746
f 246//721 340//747 338//746
f 456//801 338//746 340//747
f 248//722 342//748 340//747
f 458//802 340//747 342//748
f 250//723 344//749 342//748
f 460//803 342//748 344//749
f 252//724 346//750 344//749
f 462//804 344//749 346//750
f 254//725 348//751 346//750
f 464//805 346//750 348//751
f 256//726 350//752 348//751
f 466//806 348//751 350//752
f 352//753 468//807 258//727
f 350//752 258//727 468//807
f 260//728 354//754 352//753
f 470//808 352//753 354//754
f 358//756 472//809 264//730
f 354//754 264//730 472//809
f 475//810 476//811 357//755
f 358//756 357//755 476//811
f 478//812 357//755 360//757
f 263//729 360//757 357//755
f 480//813 360//757 362//758
f 266//731 362//758 360//757
f 482//814 362//758 364//759
f 268//732 364//759 362//758
f 366//760 484//815 270//733
f 364//759 270//733 484//815
f 368//761 486//816 272//734
f 366//760 272//734 486//816
f 370//762 488//817 274//735
f 368//761 274//735 488//817
f 372//763 490//818 276//736
f 370//762 276//736 490//818
f 374//764 382//768 278//737
f 372//763 278//737 382//768
f 382//768 386//770 372//763
f 490//818 372//763 386//770
f 386//770 390//772 490//818
f 492//819 490//818 390//772
f 390//772 394//774 492//819
f 494//820 492//819 394//774
f 396//775 496//821 394//774
f 494//820 394//774 496//821
f 410//778 498//822 396//775
f 496//821 396//775 498//822
f 404//776 500//823 410//778
f 498//822 410//778 500//823
f 414//780 502//824 404//776
f 500//823 404//776 502//824
f 418//782 504//825 414//780
f 502//824 414//780 504//825
f 422//784 506//826 418//782
f 504//825 418//782 506//826
f 426//786 508//827 422//784
f 506//826 422//784 508//827
f 430//788 510//828 426//786
f 508//827 426//786 510//828
f 434//790 512//829 430//788
f 510//828 430//788 512//829
f 438//792 514//830 434//790
f 512//829 434//790 514//830
f 442//794 516//831 438//792
f 514//830 438//792 516//831
f 446//796 520//832 442//794
f 520//832 521//832 442//794
f 521//832 522//833 442//794
f 516//831 442//794 522//833
f 449//797 450//798 525//834
f 526//835 525//834 450//798
f 450//798 452//799 526//835
f 528//836 526//835 452//799
f 336//745 454//800 452//799
f 530//837 452//799 454//800
f 338//746 456//801 454//800
f 532//838 454//800 456//801
f 340//747 458//802 456//801
f 534//839 456//801 458//802
f 342//748 460//803 458//802
f 536//840 458//802 460//803
f 344//749 462//804 460//803
f 538//841 460//803 462//804
f 346//750 464//805 462//804
f 540//842 462//804 464//805
f 348//751 466//806 464//805
f 542//843 464//805 466//806
f 350//752 468//807 466//806
f 544//844 466//806 468//807
f 352//753 470//808 468//807
f 546//845 468//807 470//808
f 472//809 548//846 354//754
f 470//808 354//754 548//846
f 476//811 550//847 358//756
f 472//809 358//756 550//847
f 553//848 554//849 475//810
f 476//811 475//810 554//849
f 556//850 475//810 478//812
f 357//755 478//812 475//810
f 558//851 478//812 480//813
f 360//757 480//813 478//812
f 560//852 480//813 482//814
f 362//758 482//814 480//813
f 562//853 482//814 484//815
f 364//759 484//815 482//814
f 486//816 564//854 366//760
f 484//815 366//760 564//854
f 488//817 566//855 368//761
f 486//816 368//761 566//855
f 490//818 492//819 370//762
f 488//817 370//762 492//819
f 492//819 494//820 488//817
f 566//855 488//817 494//820
f 496//821 568//856 494//820
f 566//855 494//820 568//856
f 498//822 570//857 496//821
f 568//856 496//821 570//857
f 500//823 572//858 498//822
f 570//857 498//822 572//858
f 502//824 574//859 500//823
f 572//858 500//823 574//859
f 504//825 576//860 502//824
f 574//859 502//824 576//860
f 506//826 578//861 504//825
f 576//860 504//825 578//861
f 508//827 580//862 506//826
f 578//861 506//826 580//862
f 510//828 582//863 508//827
f 580//862 508//827 582//863
f 512//829 584//864 510//828
f 582//863 510//828 584//864
f 514//830 586//865 512//829
f 584//864 512//829 586//865
f 516//831 588//866 514//830
f 586//865 514//830 588//866
f 588//866 516//831 522//833
f 525//834 526//835 591//867
f 592//868 591//867 526//835
f 526//835 528//836 592//868
f 594//869 592//868 528//836
f 452//799 530//837 528//836
f 596//870 528//836 530//837
f 454//800 532//838 530//837
f 598//871 530//837 532//838
f 456//801 534//839 532//838
f 600//872 532//838 534//839
f 458//802 536//840 534//839
f 602//873 534//839 536//840
f 460//803 538//841 536//840
f 604//874 536//840 538//841
f 462//804 540//842 538//841
f 606//875 538//841 540//842
f 464//805 542//843 540//842
f 608//876 540//842 542//843
f 466//806 544//844 542//843
f 610//877 542//843 544//844
f 468//807 546//845 544//844
f 612//878 544//844 546//845
f 548//846 614//879 470//808
f 546//845 470//808 614//879
f 550//847 616//880 472//809
f 548//846 472//809 616//880
f 554//849 618//881 476//811
f 550//847 476//811 618//881
f 621//882 622//883 553//848
f 554//849 553//848 622//883
f 624//884 553//848 556//850
f 475//810 556//850 553//848
f 626//885 556//850 558//851
f 478//812 558//851 556//850
f 628//886 558//851 560//852
f 480//813 560//852 558//851
f 630//887 560//852 562//853
f 482//814 562//853 560//852
f 632//888 562//853 564//854
f 484//815 564//854 562//853
f 568//856 564//854 566//855
f 486//816 566//855 564//854
f 570//857 632//888 568//856
f 564//854 568//856 632//888
f 572//858 634//889 570//857
f 632//888 570//857 634//889
f 574//859 636//890 572//858
f 634//889 572//858 636//890
f 576//860 638//891 574//859
f 636//890 574//859 638//891
f 578//861 640//892 576//860
f 638//891 576//860 640//892
f 580//862 642//893 578//861
f 640//892 578//861 642//893
f 582//863 644//894 580//862
f 642//893 580//862 644//894
f 584//864 646//895 582//863
f 644//894 582//863 646//895
f 586//865 648//896 584//864
f 646//895 584//864 648//896
f 588//866 650//897 586//865
f 648//896 586//865 650//897
f 650//897 588//866 522//833
f 653//898 591//867 654//899
f 592//868 654//899 591//867
f 654//899 592//868 656//900
f 594//869 656//900 592//868
f 528//836 596//870 594//869
f 658//901 594//869 596//870
f 530//837 598//871 596//870
f 660//902 596//870 598//871
f 532//838 600//872 598//871
f 662//903 598//871 600//872
f 534//839 602//873 600//872
f 664//904 600//872 602//873
f 536//840 604//874 602//873
f 666//905 602//873 604//874
f 538//841 606//875 604//874
f 668//906 604//874 606//875
f 540//842 608//876 606//875
f 670//907 606//875 608//876
f 610//877 674//908 542//843
f 674//908 675//908 542//843
f 608//876 542//843 675//908
f 676//908 675//908 674//908
f 544//844 612//878 610//877
f 678//909 610//877 612//878
f 614//879 680//910 546//845
f 612//878 546//845 680//910
f 616//880 682//911 548//846
f 614//879 548//846 682//911
f 618//881 684//912 550//847
f 616//880 550//847 684//912
f 622//883 686//913 554//849
f 618//881 554//849 686//913
f 689//914 690//915 621//882
f 622//883 621//882 690//915
f 692//916 621//882 624//884
f 553//848 624//884 621//882
f 694//917 624//884 626//885
f 556//850 626//885 624//884
f 696//918 626//885 628//886
f 558//851 628//886 626//885
f 698//919 628//886 630//887
f 560//852 630//887 628//886
f 634//889 630//887 632//888
f 562//853 632//888 630//887
f 636//890 698//919 634//889
f 630//887 634//889 698//919
f 638//891 700//920 636//890
f 698//919 636//890 700//920
f 640//892 702//921 638//891
f 700//920 638//891 702//921
f 642//893 704//922 640//892
f 702//921 640//892 704//922
f 644//894 706//923 642//893
f 704//922 642//893 706//923
f 646//895 708//924 644//894
f 706//923 644//894 708//924
f 648//896 710//925 646//895
f 708//924 646//895 710//925
f 650//897 712//926 648//896
f 710//925 648//896 712//926
f 712//926 650//897 522//833
f 715//927 653//898 716//928
f 654//899 716//928 653//898
f 716//928 654//899 718//929
f 656//900 718//929 654//899
f 656//900 594//869 720//930
f 658//901 720//930 594//869
f 596//870 660//902 658//901
f 722//931 658//901 660//902
f 598//871 662//903 660//902
f 724//932 660//902 662//903
f 600//872 664//904 662//903
f 726//933 662//903 664//904
f 602//873 666//905 664//904
f 728//934 664//904 666//905
f 604//874 668//906 666//905
f 730//935 666//905 668//906
f 670//907 734//936 606//875
f 734//936 735//936 606//875
f 606//875 735//936 668//906
f 736//937 668//906 735//936
f 610//877 678//909 739//908
f 740//938 739//908 678//909
f 680//910 742//939 612//878
f 678//909 612//878 742//939
f 682//911 744//940 614//879
f 680//910 614//879 744//940
f 684//912 746//941 616//880
f 682//911 616//880 746//941
f 686//913 748//942 618//881
f 684//912 618//881 748//942
f 690//915 750//943 622//883
f 686//913 622//883 750//943
f 753//944 754//945 689//914
f 690//915 689//914 754//945
f 756//946 689//914 692//916
f 621//882 692//916 689//914
f 758//947 692//916 694//917
f 624//884 694//917 692//916
f 760//948 694//917 696//918
f 626//885 696//918 694//917
f 700//920 696//918 698//919
f 628//886 698//919 696//918
f 702//921 760//948 700//920
f 696//918 700//920 760//948
f 704//922 762//949 702//921
f 760//948 702//921 762//949
f 706//923 764//950 704//922
f 762//949 704//922 764//950
f 708//924 766//951 706//923
f 764//950 706//923 766//951
f 710//925 768//952 708//924
f 766//951 708//924 768//952
f 712//926 770//953 710//925
f 768//952 710//925 770//953
f 770//953 712//926 522//833
f 773//954 715//927 774//955
f 716//928 774//955 715//927
f 774//955 716//928 776//956
f 718//929 776//956 716//928
f 718//929 656//900 778//957
f 720//930 778//957 656//900
f 720//930 658//901 780//958
f 722//931 780//958 658//901
f 660//902 724//932 722//931
f 782//959 722//931 724//932
f 662//903 726//933 724//932
f 784//960 724//932 726//933
f 664//904 728//934 726//933
f 786//961 726//933 728//934
f 666//905 730//935 728//934
f 788//962 728//934 730//935
f 736//937 790//963 668//906
f 730//935 668//906 790//963
f 742//939 792//964 678//909
f 740//938 678//909 792//964
f 744//940 794//965 680//910
f 742//939 680//910 794//965
f 746//941 796//966 682//911
f 744//940 682//911 796//966
f 748//942 798//967 684//912
f 746//941 684//912 798//967
f 750//943 800//968 686//913
f 748//942 686//913 800//968
f 754//945 802//969 690//915
f 750//943 690//915 802//969
f 805//970 806//971 753//944
f 754//945 753//944 806//971
f 808//972 753//944 756//946
f 689//914 756//946 753//944
f 810//973 756//946 758//947
f 692//916 758//947 756//946
f 762//949 758//947 760//948
f 694//917 760//948 758//947
f 764//950 810//973 762//949
f 758//947 762//949 810//973
f 766//951 812//974 764//950
f 810//973 764//950 812//974
f 768//952 814//975 766//951
f 812//974 766//951 814//975
f 770//953 816//976 768//952
f 814//975 768//952 816//976
f 816//976 770//953 522//833
f 819//977 773//954 820//978
f 774//955 820//978 773//954
f 820//978 774//955 822//979
f 776//956 822//979 774//955
f 776//956 718//929 824//980
f 778//957 824//980 718//929
f 778//957 720//930 826//981
f 780//958 826//981 720//930
f 780//958 722//931 828//982
f 782//959 828//982 722//931
f 724//932 784//960 782//959
f 830//983 782//959 784//960
f 726//933 786//961 784//960
f 832//984 784//960 786//961
f 728//934 788//962 786//961
f 834//985 786//961 788//962
f 790//963 836//986 730//935
f 788//962 730//935 836//986
f 792//964 839//987 740//938
f 840//988 740//938 839//987
f 794//965 842//989 742//939
f 792//964 742//939 842//989
f 796//966 844//990 744//940
f 794//965 744//940 844//990
f 798//967 846//991 746//941
f 796//966 746//941 846//991
f 800//968 848//992 748//942
f 798//967 748//942 848//992
f 802//969 850//993 750//943
f 800//968 750//943 850//993
f 806//971 852//994 754//945
f 802//969 754//945 852//994
f 855//995 856//996 805//970
f 806//971 805//970 856//996
f 858//997 805//970 808//972
f 753//944 808//972 805//970
f 812//974 808//972 810//973
f 756//946 810//973 808//972
f 814//975 858//997 812//974
f 808//972 812//974 858//997
f 816//976 860//998 814//975
f 858//997 814//975 860//998
f 860//998 816//976 522//833
f 863//999 819//977 864//1000
f 820//978 864//1000 819//977
f 864//1000 820//978 866//1001
f 822//979 866//1001 820//978
f 822//979 776//956 868//1002
f 824//980 868//1002 776//956
f 824//980 778//957 870//1003
f 826//981 870//1003 778//957
f 826//981 780//958 872//1004
f 828//982 872//1004 780//958
f 828//982 782//959 874//1005
f 830//983 874//1005 782//959
f 784//960 832//984 830//983
f 876//1006 830//983 832//984
f 786//961 834//985 832//984
f 878//1007 832//984 834//985
f 836//986 880//1008 788//962
f 834//985 788//962 880//1008
f 840//988 839//987 885//1009
f 885//1009 839//987 886//1009
f 839//987 887//1010 886//1009
f 888//1011 886//1009 887//1010
f 842//989 890//1012 792//964
f 839//987 792//964 890//1012
f 844//990 892//1013 794//965
f 842//989 794//965 892//1013
f 846//991 894//1014 796//966
f 844//990 796//966 894//1014
f 848//992 896//1015 798//967
f 846//991 798//967 896//1015
f 850//993 898//1016 800//968
f 848//992 800//968 898//1016
f 852//994 900//1017 802//969
f 850//993 802//969 900//1017
f 856//996 902//1018 806//971
f 852//994 806//971 902//1018
f 856//996 855//995 522//833
f 860//998 855//995 858//997
f 805//970 858//997 855//995
f 855//995 860//998 522//833
f 905//1019 863//999 906//1020
f 864//1000 906//1020 863//999
f 906//1020 864//1000 908//1021
f 866//1001 908//1021 864//1000
f 866//1001 822//979 910//1022
f 868//1002 910//1022 822//979
f 868//1002 824//980 912//1023
f 870//1003 912//1023 824//980
f 870//1003 826//981 914//1024
f 872//1004 914//1024 826//981
f 872//1004 828//982 916//1025
f 874//1005 916//1025 828//982
f 874//1005 830//983 918//1026
f 876//1006 918//1026 830//983
f 832//984 878//1007 876//1006
f 920//1027 876//1006 878//1007
f 880//1008 922//1028 834//985
f 878//1007 834//985 922//1028
f 888//1011 887//1010 925//1029
f 926//1030 925//1029 887//1010
f 890//1012 928//1031 839//987
f 887//1010 839//987 928//1031
f 892//1013 930//1032 842//989
f 890//1012 842//989 930//1032
f 894//1014 932//1033 844//990
f 892//1013 844//990 932//1033
f 896//1015 934//1034 846//991
f 894//1014 846//991 934//1034
f 898//1016 936//1035 848//992
f 896//1015 848//992 936//1035
f 900//1017 938//1036 850//993
f 898//1016 850//993 938//1036
f 902//1018 940//1037 852//994
f 900//1017 852//994 940//1037
f 902//1018 856//996 522//833
f 908//1021 866//1001 942//1038
f 910//1022 942//1038 866//1001
f 910//1022 868//1002 944//1039
f 912//1023 944//1039 868//1002
f 912//1023 870//1003 946//1040
f 914//1024 946//1040 870//1003
f 914//1024 872//1004 948//1041
f 916//1025 948//1041 872//1004
f 916//1025 874//1005 950//1042
f 918//1026 950//1042 874//1005
f 918//1026 876//1006 952//1043
f 920//1027 952//1043 876//1006
f 922//1028 954//1044 878//1007
f 920//1027 878//1007 954//1044
f 925//1029 926//1030 957//1045
f 958//1046 957//1045 926//1030
f 928//1031 960//1047 887//1010
f 926//1030 887//1010 960//1047
f 930//1032 962//1048 890//1012
f 928//1031 890//1012 962//1048
f 932//1033 964//1049 892//1013
f 930//1032 892//1013 964//1049
f 934//1034 966//1050 894//1014
f 932//1033 894//1014 966//1050
f 936//1035 968//1051 896//1015
f 934//1034 896//1015 968//1051
f 938//1036 970//1052 898//1016
f 936//1035 898//1016 970//1052
f 940//1037 972//1053 900//1017
f 938//1036 900//1017 972//1053
f 940//1037 902//1018 522//833
f 942//1038 910//1022 974//1054
f 944//1039 974//1054 910//1022
f 944//1039 912//1023 976//1055
f 946//1040 976//1055 912//1023
f 946//1040 914//1024 978//1056
f 948//1041 978//1056 914//1024
f 948//1041 916//1025 980//1057
f 950//1042 980//1057 916//1025
f 950//1042 918//1026 982//1058
f 952//1043 982//1058 918//1026
f 920//1027 954//1044 952//1043
f 984//1059 952//1043 954//1044
f 957//1045 958//1046 987//1060
f 988//1061 987//1060 958//1046
f 960//1047 990//1062 926//1030
f 958//1046 926//1030 990//1062
f 962//1048 992//1063 928//1031
f 960//1047 928//1031 992//1063
f 964//1049 994//1064 930//1032
f 962//1048 930//1032 994//1064
f 966//1050 996//1065 932//1033
f 964//1049 932//1033 996//1065
f 968//1051 998//1066 934//1034
f 966//1050 934//1034 998//1066
f 970//1052 1000//1067 936//1035
f 968//1051 936//1035 1000//1067
f 972//1053 1002//1068 938//1036
f 970//1052 938//1036 1002//1068
f 972//1053 940//1037 522//833
f 974//1054 944//1039 1004//1069
f 976//1055 1004//1069 944//1039
f 976//1055 946//1040 1006//1070
f 978//1056 1006//1070 946//1040
f 978//1056 948//1041 1008//1071
f 980//1057 1008//1071 948//1041
f 980//1057 950//1042 1010//1072
f 982//1058 1010//1072 950//1042
f 952//1043 984//1059 982//1058
f 1012//1073 982//1058 984//1059
f 987//1060 988//1061 1015//1074
f 1016//1075 1015//1074 988//1061
f 990//1062 1018//1076 958//1046
f 988//1061 958//1046 1018//1076
f 992//1063 1020//1077 960//1047
f 990//1062 960//1047 1020//1077
f 994//1064 1022//1078 962//1048
f 992//1063 962//1048 1022//1078
f 996//1065 1024//1079 964//1049
f 994//1064 964//1049 1024//1079
f 998//1066 1026//1080 966//1050
f 996//1065 966//1050 1026//1080
f 1000//1067 1028//1081 968//1051
f 998//1066 968//1051 1028//1081
f 1002//1068 1030//1082 970//1052
f 1000//1067 970//1052 1030//1082
f 1002//1068 972//1053 522//833
f 1004//1069 976//1055 1032//1083
f 1006//1070 1032//1083 976//1055
f 1006//1070 978//1056 1034//1084
f 1008//1071 1034//1084 978//1056
f 1008//1071 980//1057 1036//1085
f 1010//1072 1036//1085 980//1057
f 1012//1073 1040//1086 982//1058
f 1040//1086 1041//1086 982//1058
f 982//1058 1041//1086 1010//1072
f 1042//1087 1010//1072 1041//1086
f 1015//1074 1016//1075 1045//1088
f 1046//1089 1045//1088 1016//1075
f 1018//1076 1048//1090 988//1061
f 1016//1075 988//1061 1048//1090
f 1020//1077 1050//1091 990//1062
f 1018//1076 990//1062 1050//1091
f 1022//1078 1052//1092 992//1063
f 1020//1077 992//1063 1052//1092
f 1024//1079 1054//1093 994//1064
f 1022//1078 994//1064 1054//1093
f 1026//1080 1056//1094 996//1065
f 1024//1079 996//1065 1056//1094
f 1028//1081 1058//1095 998//1066
f 1026//1080 998//1066 1058//1095
f 1030//1082 1060//1096 1000//1067
f 1028//1081 1000//1067 1060//1096
f 1030//1082 1002//1068 522//833
f 1032//1083 1006//1070 1062//1097
f 1034//1084 1062//1097 1006//1070
f 1034//1084 1008//1071 1064//1098
f 1036//1085 1064//1098 1008//1071
f 1010//1072 1042//1087 1036//1085
f 1066//1099 1036//1085 1042//1087
f 1046//1089 1069//1100 1045//1088
f 1070//1101 1045//1088 1069//1100
f 1048//1090 1072//1102 1016//1075
f 1046//1089 1016//1075 1072//1102
f 1050//1091 1074//1103 1018//1076
f 1048//1090 1018//1076 1074//1103
f 1052//1092 1076//1104 1020//1077
f 1050//1091 1020//1077 1076//1104
f 1054//1093 1078//1105 1022//1078
f 1052//1092 1022//1078 1078//1105
f 1056//1094 1080//1106 1024//1079
f 1054//1093 1024//1079 1080//1106
f 1058//1095 1082//1107 1026//1080
f 1056//1094 1026//1080 1082//1107
f 1060//1096 1084//1108 1028//1081
f 1058//1095 1028//1081 1084//1108
f 1088//1109 1089//1109 522//833
f 1089//1109 1090//1110 522//833
f 522//833 1090//1110 1030//1082
f 1060//1096 1030//1082 1090//1110
f 1062//1097 1034//1084 1092//1111
f 1064//1098 1092//1111 1034//1084
f 1036//1085 1066//1099 1064//1098
f 1094//1112 1064//1098 1066//1099
f 1069//1100 1097//1113 1070//1101
f 1098//1114 1070//1101 1097//1113
f 1100//1115 1069//1100 1072//1102
f 1046//1089 1072//1102 1069//1100
f 1074//1103 1102//1116 1048//1090
f 1072//1102 1048//1090 1102//1116
f 1076//1104 1104//1117 1050//1091
f 1074//1103 1050//1091 1104//1117
f 1078//1105 1106//1118 1052//1092
f 1076//1104 1052//1092 1106//1118
f 1080//1106 1108//1119 1054//1093
f 1078//1105 1054//1093 1108//1119
f 1082//1107 1110//1120 1056//1094
f 1080//1106 1056//1094 1110//1120
f 1084//1108 1112//1121 1058//1095
f 1082//1107 1058//1095 1112//1121
f 1090//1110 1114//1122 1060//1096
f 1084//1108 1060//1096 1114//1122
f 1092//1111 1064//1098 1116//1123
f 1094//1112 1116//1123 1064//1098
f 1098//1114 1097//1113 1121//1124
f 1121//1124 1097//1113 1122//1124
f 1097//1113 1123//1125 1122//1124
f 1124//1126 1122//1124 1123//1125
f 1126//1127 1097//1113 1100//1115
f 1069//1100 1100//1115 1097//1113
f 1128//1128 1100//1115 1102//1116
f 1072//1102 1102//1116 1100//1115
f 1104//1117 1130//1129 1074//1103
f 1102//1116 1074//1103 1130//1129
f 1106//1118 1132//1130 1076//1104
f 1104//1117 1076//1104 1132//1130
f 1108//1119 1134//1131 1078//1105
f 1106//1118 1078//1105 1134//1131
f 1110//1120 1136//1132 1080//1106
f 1108//1119 1080//1106 1136//1132
f 1112//1121 1138//1133 1082//1107
f 1110//1120 1082//1107 1138//1133
f 1114//1122 1140//1134 1084//1108
f 1112//1121 1084//1108 1140//1134
f 1123//1125 1143//1135 1124//1126
f 1144//1136 1124//1126 1143//1135
f 1146//1137 1123//1125 1126//1127
f 1097//1113 1126//1127 1123//1125
f 1148//1138 1126//1127 1128//1128
f 1100//1115 1128//1128 1126//1127
f 1150//1139 1128//1128 1130//1129
f 1102//1116 1130//1129 1128//1128
f 1132//1130 1152//1140 1104//1117
f 1130//1129 1104//1117 1152//1140
f 1134//1131 1154//1141 1106//1118
f 1132//1130 1106//1118 1154//1141
f 1136//1132 1156//1142 1108//1119
f 1134//1131 1108//1119 1156//1142
f 1138//1133 1158//1143 1110//1120
f 1136//1132 1110//1120 1158//1143
f 1140//1134 1160//1144 1112//1121
f 1138//1133 1112//1121 1160//1144
f 1143//1135 1163//1145 1144//1136
f 1164//1146 1144//1136 1163//1145
f 1166//1147 1143//1135 1146//1137
f 1123//1125 1146//1137 1143//1135
f 1168//1148 1146//1137 1148//1138
f 1126//1127 1148//1138 1146//1137
f 1170//1149 1148//1138 1150//1139
f 1128//1128 1150//1139 1148//1138
f 1172//1150 1150//1139 1152//1140
f 1130//1129 1152//1140 1150//1139
f 1154//1141 1174//1151 1132//1130
f 1152//1140 1132//1130 1174//1151
f 1156//1142 1176//1152 1134//1131
f 1154//1141 1134//1131 1176//1152
f 1158//1143 1178//1153 1136//1132
f 1156//1142 1136//1132 1178//1153
f 1160//1144 1180//1154 1138//1133
f 1158//1143 1138//1133 1180//1154
f 1183//1155 1184//1156 1163//1145
f 1164//1146 1163//1145 1184//1156
f 1186//1157 1163//1145 1166//1147
f 1143//1135 1166//1147 1163//1145
f 1188//1158 1166//1147 1168//1148
f 1146//1137 1168//1148 1166//1147
f 1190//1159 1168//1148 1170//1149
f 1148//1138 1170//1149 1168//1148
f 1192//1160 1170//1149 1172//1150
f 1150//1139 1172//1150 1170//1149
f 1194//1161 1172//1150 1174//1151
f 1152//1140 1174//1151 1172//1150
f 1176//1152 1196//1162 1154//1141
f 1174//1151 1154//1141 1196//1162
f 1178//1153 1198//1163 1156//1142
f 1176//1152 1156//1142 1198//1163
f 1180//1154 1200//1164 1158//1143
f 1178//1153 1158//1143 1200//1164
f 1202//1165 1183//1155 1186//1157
f 1163//1145 1186//1157 1183//1155
f 1204//1166 1186//1157 1188//1158
f 1166//1147 1188//1158 1186//1157
f 1206//1167 1188//1158 1190//1159
f 1168//1148 1190//1159 1188//1158
f 1208//1168 1190//1159 1192//1160
f 1170//1149 1192//1160 1190//1159
f 1210//1169 1192//1160 1194//1161
f 1172//1150 1194//1161 1192//1160
f 1212//1170 1194//1161 1196//1162
f 1174//1151 1196//1162 1194//1161
f 1198//1163 1214//1171 1176//1152
f 1196//1162 1176//1152 1214//1171
f 1200//1164 1216//1172 1178//1153
f 1198//1163 1178//1153 1216//1172
f 1218//1173 1202//1165 1204//1166
f 1186//1157 1204//1166 1202//1165
f 1220//1174 1204//1166 1206//1167
f 1188//1158 1206//1167 1204//1166
f 1222//1175 1206//1167 1208//1168
f 1190//1159 1208//1168 1206//1167
f 1224//1176 1208//1168 1210//1169
f 1192//1160 1210//1169 1208//1168
f 1226//1177 1210//1169 1212//1170
f 1194//1161 1212//1170 1210//1169
f 1228//1178 1212//1170 1214//1171
f 1196//1162 1214//1171 1212//1170
f 1216//1172 1230//1179 1198//1163
f 1214//1171 1198//1163 1230//1179
f 1232//1180 1218//1173 1220//1174
f 1204//1166 1220//1174 1218//1173
f 1234//1181 1220//1174 1222//1175
f 1206//1167 1222//1175 1220//1174
f 1236//1182 1222//1175 1224//1176
f 1208//1168 1224//1176 1222//1175
f 1238//1183 1224//1176 1226//1177
f 1210//1169 1226//1177 1224//1176
f 1240//1184 1226//1177 1228//1178
f 1212//1170 1228//1178 1226//1177
f 1242//1185 1228//1178 1230//1179
f 1214//1171 1230//1179 1228//1178
f 1244//1186 1232//1180 1234//1181
f 1220//1174 1234//1181 1232//1180
f 1246//1187 1234//1181 1236//1182
f 1222//1175 1236//1182 1234//1181
f 1248//1188 1236//1182 1238//1183
f 1224//1176 1238//1183 1236//1182
f 1250//1189 1238//1183 1240//1184
f 1226//1177 1240//1184 1238//1183
f 1252//1190 1240//1184 1242//1185
f 1228//1178 1242//1185 1240//1184
f 1254//1191 1244//1186 1246//1187
f 1234//1181 1246//1187 1244//1186
f 1256//1192 1246//1187 1248//1188
f 1236//1182 1248//1188 1246//1187
f 1258//1193 1248//1188 1250//1189
f 1238//1183 1250//1189 1248//1188
f 1260//1194 1250//1189 1252//1190
f 1240//1184 1252//1190 1250//1189
f 1262//1195 1254//1191 1256//1192
f 1246//1187 1256//1192 1254//1191
f 1264//1196 1256//1192 1258//1193
f 1248//1188 1258//1193 1256//1192
f 1266//1197 1258//1193 1260//1194
f 1250//1189 1260//1194 1258//1193
f 1268//1198 1262//1195 1264//1196
f 1256//1192 1264//1196 1262//1195
f 1270//1199 1264//1196 1266//1197
f 1258//1193 1266//1197 1264//1196
f 1272//1200 1268//1198 1270//1199
f 1264//1196 1270//1199 1268//1198
