# SSTK version 0.8.0
# 118
mtllib original-118.mtl
o instance_1/Componente_16/ID7#ID7
v -0.023384 0.272441 0.524983
v 0.018454 0.351558 0.504081
v 0.013049 0.272441 0.524983
v -0.023886 0.279786 0.523042
v -0.023886 0.351558 0.504081
v -0.028789 0.351558 0.504081
v -0.028789 0.351558 0.504081
v -0.023886 0.279786 0.523042
v -0.023886 0.351558 0.504081
v 0.018454 0.351558 0.504081
v -0.023384 0.272441 0.524983
v 0.013049 0.272441 0.524983
v 0.013089 0.274939 0.530692
v -0.023424 0.274939 0.530692
v 0.013089 0.274939 0.530692
v -0.023424 0.274939 0.530692
v -0.023886 0.272441 0.524983
v -0.023886 0.272441 0.524983
v -0.075663 0.345637 0.506015
v -0.059561 0.267871 0.526476
v -0.023384 0.272441 0.524983
v -0.059561 0.267871 0.526476
v -0.023384 0.272441 0.524983
v -0.075663 0.345637 0.506015
v -0.097642 0.351558 0.504081
v -0.094606 0.340773 0.507604
v -0.077978 0.356607 0.502432
v 0.067644 0.356607 0.502432
v 0.019231 0.362723 0.500435
v -0.023886 0.362723 0.500435
v -0.029566 0.362723 0.500435
v 0.065329 0.345637 0.506015
v 0.087307 0.351558 0.504081
v 0.084271 0.340773 0.507604
v 0.067644 0.356607 0.502432
v 0.087307 0.351558 0.504081
v 0.065329 0.345637 0.506015
v 0.084271 0.340773 0.507604
v -0.029566 0.362723 0.500435
v -0.077978 0.356607 0.502432
v -0.023886 0.362723 0.500435
v 0.019231 0.362723 0.500435
v -0.097642 0.351558 0.504081
v -0.094606 0.340773 0.507604
v 0.049226 0.267871 0.526476
v 0.049226 0.267871 0.526476
v 0.013183 0.278172 0.536018
v -0.023518 0.278172 0.536018
v 0.013183 0.278172 0.536018
v -0.023518 0.278172 0.536018
v -0.023424 0.274939 0.530692
v -0.059679 0.270358 0.532187
v -0.023424 0.274939 0.530692
v -0.059679 0.270358 0.532187
v -0.023384 0.272441 0.524983
v -0.023886 0.274939 0.530692
v -0.023886 0.272441 0.524983
v -0.023424 0.274939 0.530692
v -0.023424 0.274939 0.530692
v -0.023384 0.272441 0.524983
v -0.023886 0.274939 0.530692
v -0.023886 0.272441 0.524983
v 0.049345 0.270358 0.532187
v 0.049345 0.270358 0.532187
v -0.073452 0.264304 0.527641
v -0.073452 0.264304 0.527641
v 0.114908 0.344471 0.505953
v 0.111165 0.333868 0.509428
v 0.114908 0.344471 0.505953
v 0.111165 0.333868 0.509428
v 0.063118 0.264304 0.527641
v 0.063118 0.264304 0.527641
v -0.125243 0.344471 0.505953
v -0.121500 0.333868 0.509428
v -0.125243 0.344471 0.505953
v -0.121500 0.333868 0.509428
v -0.096546 0.351682 0.518957
v -0.077066 0.356684 0.517324
v -0.077066 0.356684 0.517324
v -0.096546 0.351682 0.518957
v -0.029260 0.362723 0.515351
v -0.029260 0.362723 0.515351
v -0.023886 0.362723 0.515351
v 0.018925 0.362723 0.515351
v 0.018925 0.362723 0.515351
v -0.023886 0.362723 0.515351
v 0.066731 0.356684 0.517324
v 0.066731 0.356684 0.517324
v 0.086211 0.351682 0.518957
v 0.086211 0.351682 0.518957
v 0.013330 0.282083 0.540869
v -0.023664 0.282083 0.540869
v 0.013330 0.282083 0.540869
v -0.023664 0.282083 0.540869
v -0.023518 0.278172 0.536018
v -0.059959 0.273568 0.537522
v -0.023518 0.278172 0.536018
v -0.059959 0.273568 0.537522
v -0.023886 0.278172 0.536018
v -0.023518 0.278172 0.536018
v -0.023518 0.278172 0.536018
v -0.023886 0.278172 0.536018
v 0.049625 0.273568 0.537522
v 0.049625 0.273568 0.537522
v -0.073652 0.266771 0.533359
v -0.073652 0.266771 0.533359
v 0.063317 0.266771 0.533359
v 0.063317 0.266771 0.533359
v -0.095384 0.258673 0.529128
v -0.095384 0.258673 0.529128
v 0.160279 0.326508 0.510699
v 0.155137 0.316458 0.514027
v 0.160279 0.326508 0.510699
v 0.155137 0.316458 0.514027
v 0.085049 0.258673 0.529128
v 0.085049 0.258673 0.529128
v 0.113683 0.344628 0.520821
v 0.113683 0.344628 0.520821
v -0.170613 0.326508 0.510699
v -0.165472 0.316458 0.514027
v -0.170613 0.326508 0.510699
v -0.165472 0.316458 0.514027
v -0.124018 0.344628 0.520821
v -0.124018 0.344628 0.520821
v -0.095849 0.350774 0.525070
v -0.076504 0.355740 0.523448
v -0.076504 0.355740 0.523448
v -0.095849 0.350774 0.525070
v -0.029071 0.361733 0.521491
v -0.029071 0.361733 0.521491
v -0.023886 0.361733 0.521491
v 0.018737 0.361733 0.521491
v 0.018737 0.361733 0.521491
v -0.023886 0.361733 0.521491
v 0.066170 0.355740 0.523448
v 0.066170 0.355740 0.523448
v 0.085514 0.350774 0.525070
v 0.085514 0.350774 0.525070
v 0.013526 0.286603 0.545158
v -0.023860 0.286603 0.545158
v -0.023860 0.286603 0.545158
v 0.013526 0.286603 0.545158
v -0.023664 0.282083 0.540869
v -0.060395 0.277443 0.542384
v -0.023664 0.282083 0.540869
v -0.060395 0.277443 0.542384
v -0.023664 0.282083 0.540869
v -0.023886 0.282083 0.540869
v -0.023664 0.282083 0.540869
v -0.023886 0.282083 0.540869
v 0.050061 0.277443 0.542384
v 0.050061 0.277443 0.542384
v -0.074062 0.269947 0.538704
v -0.074062 0.269947 0.538704
v 0.063728 0.269947 0.538704
v 0.063728 0.269947 0.538704
v -0.095685 0.261114 0.534854
v -0.095685 0.261114 0.534854
v 0.085351 0.261114 0.534854
v 0.085351 0.261114 0.534854
v -0.129594 0.245128 0.532707
v -0.129594 0.245128 0.532707
v 0.203040 0.303000 0.516910
v 0.196593 0.293667 0.520048
v 0.203040 0.303000 0.516910
v 0.196593 0.293667 0.520048
v 0.119259 0.245128 0.532707
v 0.119259 0.245128 0.532707
v 0.158596 0.326846 0.525519
v 0.158596 0.326846 0.525519
v 0.112873 0.343749 0.526926
v 0.112873 0.343749 0.526926
v -0.213374 0.303000 0.516910
v -0.206928 0.293667 0.520048
v -0.213374 0.303000 0.516910
v -0.206928 0.293667 0.520048
v -0.168930 0.326846 0.525519
v -0.168930 0.326846 0.525519
v -0.123208 0.343749 0.526926
v -0.123208 0.343749 0.526926
v -0.094909 0.348842 0.530920
v -0.075761 0.353758 0.529314
v -0.075761 0.353758 0.529314
v -0.094909 0.348842 0.530920
v -0.028822 0.359688 0.527377
v -0.028822 0.359688 0.527377
v -0.023886 0.359688 0.527377
v 0.018487 0.359688 0.527377
v 0.018487 0.359688 0.527377
v -0.023886 0.359688 0.527377
v 0.065427 0.353758 0.529314
v 0.065427 0.353758 0.529314
v 0.084575 0.348842 0.530920
v 0.084575 0.348842 0.530920
v 0.013768 0.291652 0.548809
v -0.023886 0.287135 0.545543
v -0.024103 0.291652 0.548809
v -0.023886 0.291652 0.548809
v -0.023886 0.291652 0.548809
v 0.013768 0.291652 0.548809
v -0.024103 0.291652 0.548809
v -0.023886 0.287135 0.545543
v -0.060980 0.281914 0.546690
v -0.023886 0.286603 0.545158
v -0.023860 0.286603 0.545158
v -0.023860 0.286603 0.545158
v -0.023886 0.286603 0.545158
v -0.060980 0.281914 0.546690
v 0.050645 0.281914 0.546690
v 0.050645 0.281914 0.546690
v -0.074675 0.273776 0.543582
v -0.074675 0.273776 0.543582
v 0.064341 0.273776 0.543582
v 0.064341 0.273776 0.543582
v -0.096245 0.264252 0.540209
v -0.096245 0.264252 0.540209
v 0.085910 0.264252 0.540209
v 0.085910 0.264252 0.540209
v -0.130008 0.247524 0.538444
v -0.130008 0.247524 0.538444
v 0.119674 0.247524 0.538444
v 0.119674 0.247524 0.538444
v -0.161940 0.227345 0.537405
v -0.161940 0.227345 0.537405
v 0.242518 0.274317 0.524487
v 0.234879 0.265851 0.527397
v 0.242518 0.274317 0.524487
v 0.234879 0.265851 0.527397
v 0.151606 0.227345 0.537405
v 0.151606 0.227345 0.537405
v 0.200930 0.303573 0.531667
v 0.200930 0.303573 0.531667
v 0.157484 0.326087 0.531592
v 0.157484 0.326087 0.531592
v 0.111759 0.341862 0.532764
v 0.111759 0.341862 0.532764
v -0.252852 0.274317 0.524487
v -0.245214 0.265851 0.527397
v -0.252852 0.274317 0.524487
v -0.245214 0.265851 0.527397
v -0.211264 0.303573 0.531667
v -0.211264 0.303573 0.531667
v -0.167818 0.326087 0.531592
v -0.167818 0.326087 0.531592
v -0.122094 0.341862 0.532764
v -0.122094 0.341862 0.532764
v -0.093804 0.346168 0.536439
v -0.074895 0.351024 0.534853
v -0.074895 0.351024 0.534853
v -0.093804 0.346168 0.536439
v -0.028531 0.356881 0.532940
v -0.028531 0.356881 0.532940
v -0.023886 0.356881 0.532940
v 0.018196 0.356881 0.532940
v 0.018196 0.356881 0.532940
v -0.023886 0.356881 0.532940
v 0.064560 0.351024 0.534853
v 0.064560 0.351024 0.534853
v 0.083470 0.346168 0.536439
v 0.083470 0.346168 0.536439
v -0.061702 0.286902 0.550361
v -0.061702 0.286902 0.550361
v 0.051368 0.286902 0.550361
v 0.051368 0.286902 0.550361
v 0.014053 0.297141 0.551759
v -0.024387 0.297141 0.551759
v -0.023886 0.297141 0.551759
v -0.023886 0.297141 0.551759
v 0.014053 0.297141 0.551759
v -0.024387 0.297141 0.551759
v -0.075481 0.278191 0.547906
v -0.075481 0.278191 0.547906
v 0.065146 0.278191 0.547906
v 0.065146 0.278191 0.547906
v -0.097053 0.268031 0.545100
v -0.097053 0.268031 0.545100
v 0.086718 0.268031 0.545100
v 0.086718 0.268031 0.545100
v -0.130777 0.250579 0.543821
v -0.130777 0.250579 0.543821
v 0.120442 0.250579 0.543821
v 0.120442 0.250579 0.543821
v -0.162460 0.229684 0.543157
v -0.162460 0.229684 0.543157
v 0.152125 0.229684 0.543157
v 0.152125 0.229684 0.543157
v -0.191914 0.205568 0.543158
v -0.191914 0.205568 0.543158
v 0.255898 0.261752 0.527807
v 0.247768 0.253747 0.530595
v 0.255898 0.261752 0.527807
v 0.247768 0.253747 0.530595
v 0.181579 0.205568 0.543158
v 0.181579 0.205568 0.543158
v 0.240018 0.275174 0.539170
v 0.240018 0.275174 0.539170
v 0.199535 0.302968 0.537700
v 0.199535 0.302968 0.537700
v 0.155953 0.324364 0.537386
v 0.155953 0.324364 0.537386
v 0.110437 0.339244 0.538268
v 0.110437 0.339244 0.538268
v -0.266233 0.261752 0.527807
v -0.258103 0.253747 0.530595
v -0.266233 0.261752 0.527807
v -0.258103 0.253747 0.530595
v -0.250352 0.275174 0.539170
v -0.250352 0.275174 0.539170
v -0.209870 0.302968 0.537700
v -0.209870 0.302968 0.537700
v -0.166288 0.324364 0.537386
v -0.166288 0.324364 0.537386
v -0.120772 0.339244 0.538268
v -0.120772 0.339244 0.538268
v -0.092553 0.342801 0.541530
v -0.073920 0.347585 0.539968
v -0.073920 0.347585 0.539968
v -0.092553 0.342801 0.541530
v -0.028204 0.353360 0.538082
v -0.028204 0.353360 0.538082
v -0.023886 0.353360 0.538082
v 0.017869 0.353360 0.538082
v 0.017869 0.353360 0.538082
v -0.023886 0.353360 0.538082
v 0.063586 0.347585 0.539968
v 0.063586 0.347585 0.539968
v 0.082219 0.342801 0.541530
v 0.082219 0.342801 0.541530
v -0.062550 0.292320 0.553334
v -0.062550 0.292320 0.553334
v -0.076464 0.283112 0.551599
v -0.076464 0.283112 0.551599
v 0.066130 0.283112 0.551599
v 0.066130 0.283112 0.551599
v 0.052216 0.292320 0.553334
v 0.052216 0.292320 0.553334
v 0.014374 0.302973 0.553954
v -0.024709 0.302973 0.553954
v -0.023886 0.302973 0.553954
v -0.023886 0.302973 0.553954
v 0.014374 0.302973 0.553954
v -0.024709 0.302973 0.553954
v -0.098095 0.272384 0.549439
v -0.098095 0.272384 0.549439
v 0.087760 0.272384 0.549439
v 0.087760 0.272384 0.549439
v -0.131887 0.254239 0.548743
v -0.131887 0.254239 0.548743
v 0.121552 0.254239 0.548743
v 0.121552 0.254239 0.548743
v -0.163424 0.232632 0.548563
v -0.163424 0.232632 0.548563
v 0.153089 0.232632 0.548563
v 0.153089 0.232632 0.548563
v -0.192529 0.207837 0.548929
v -0.192529 0.207837 0.548929
v 0.182195 0.207837 0.548929
v 0.182195 0.207837 0.548929
v -0.201307 0.196748 0.545488
v -0.201307 0.196748 0.545488
v 0.278089 0.240914 0.532050
v 0.269471 0.233367 0.534745
v 0.278089 0.240914 0.532050
v 0.269471 0.233367 0.534745
v 0.190972 0.196748 0.545488
v 0.190972 0.196748 0.545488
v 0.253440 0.262570 0.542500
v 0.253440 0.262570 0.542500
v 0.238365 0.274757 0.545153
v 0.238365 0.274757 0.545153
v 0.197616 0.301460 0.543437
v 0.197616 0.301460 0.543437
v 0.154136 0.321943 0.542839
v 0.154136 0.321943 0.542839
v 0.108929 0.335943 0.543342
v 0.108929 0.335943 0.543342
v -0.288424 0.240914 0.532050
v -0.279805 0.233367 0.534745
v -0.288424 0.240914 0.532050
v -0.279805 0.233367 0.534745
v -0.263774 0.262570 0.542500
v -0.263774 0.262570 0.542500
v -0.248700 0.274757 0.545153
v -0.248700 0.274757 0.545153
v -0.207951 0.301460 0.543437
v -0.207951 0.301460 0.543437
v -0.164471 0.321943 0.542839
v -0.164471 0.321943 0.542839
v -0.119264 0.335943 0.543342
v -0.119264 0.335943 0.543342
v -0.091179 0.338798 0.546104
v -0.072856 0.343503 0.544568
v -0.072856 0.343503 0.544568
v -0.091179 0.338798 0.546104
v -0.027846 0.349189 0.542710
v -0.027846 0.349189 0.542710
v -0.023886 0.349189 0.542710
v 0.017512 0.349189 0.542710
v 0.017512 0.349189 0.542710
v -0.023886 0.349189 0.542710
v 0.062521 0.343503 0.544568
v 0.062521 0.343503 0.544568
v 0.080844 0.338798 0.546104
v 0.080844 0.338798 0.546104
v -0.063508 0.298071 0.555555
v -0.063508 0.298071 0.555555
v -0.077609 0.288454 0.554596
v -0.077609 0.288454 0.554596
v -0.099352 0.277236 0.553151
v -0.099352 0.277236 0.553151
v 0.089017 0.277236 0.553151
v 0.089017 0.277236 0.553151
v 0.067274 0.288454 0.554596
v 0.067274 0.288454 0.554596
v 0.053174 0.298071 0.555555
v 0.053174 0.298071 0.555555
v 0.014727 0.309044 0.555357
v -0.025062 0.309044 0.555357
v -0.023886 0.309044 0.555357
v -0.023886 0.309044 0.555357
v 0.014727 0.309044 0.555357
v -0.025062 0.309044 0.555357
v -0.133318 0.258438 0.553124
v -0.133318 0.258438 0.553124
v 0.122983 0.258438 0.553124
v 0.122983 0.258438 0.553124
v -0.164816 0.236136 0.553526
v -0.164816 0.236136 0.553526
v 0.154481 0.236136 0.553526
v 0.154481 0.236136 0.553526
v -0.193672 0.210656 0.554369
v -0.193672 0.210656 0.554369
v 0.183337 0.210656 0.554369
v 0.183337 0.210656 0.554369
v -0.202050 0.198896 0.551291
v -0.202050 0.198896 0.551291
v 0.191716 0.198896 0.551291
v 0.191716 0.198896 0.551291
v -0.219520 0.179644 0.548971
v -0.219520 0.179644 0.548971
v 0.309194 0.203315 0.539707
v 0.299653 0.196884 0.542174
v 0.309194 0.203315 0.539707
v 0.299653 0.196884 0.542174
v 0.209186 0.179644 0.548971
v 0.209186 0.179644 0.548971
v 0.275701 0.241665 0.546757
v 0.275701 0.241665 0.546757
v 0.251760 0.262178 0.548476
v 0.251760 0.262178 0.548476
v 0.236092 0.273506 0.550823
v 0.236092 0.273506 0.550823
v 0.195338 0.299292 0.548823
v 0.195338 0.299292 0.548823
v 0.152065 0.318864 0.547854
v 0.152065 0.318864 0.547854
v 0.107262 0.332015 0.547896
v 0.107262 0.332015 0.547896
v -0.319528 0.203315 0.539707
v -0.309987 0.196884 0.542174
v -0.319528 0.203315 0.539707
v -0.309987 0.196884 0.542174
v -0.286036 0.241665 0.546757
v -0.286036 0.241665 0.546757
v -0.262094 0.262178 0.548476
v -0.262094 0.262178 0.548476
v -0.246427 0.273506 0.550823
v -0.246427 0.273506 0.550823
v -0.205673 0.299292 0.548823
v -0.205673 0.299292 0.548823
v -0.162399 0.318864 0.547854
v -0.162399 0.318864 0.547854
v -0.117597 0.332015 0.547896
v -0.117597 0.332015 0.547896
v -0.071719 0.338850 0.548571
v -0.089705 0.334232 0.550079
v -0.071719 0.338850 0.548571
v -0.089705 0.334232 0.550079
v -0.027465 0.344440 0.546745
v -0.027465 0.344440 0.546745
v -0.023886 0.344440 0.546745
v 0.017130 0.344440 0.546745
v -0.023886 0.344440 0.546745
v 0.017130 0.344440 0.546745
v 0.061385 0.338850 0.548571
v 0.061385 0.338850 0.548571
v 0.079370 0.334232 0.550079
v 0.079370 0.334232 0.550079
v -0.064560 0.304054 0.556986
v -0.064560 0.304054 0.556986
v -0.078893 0.294121 0.556845
v -0.078893 0.294121 0.556845
v -0.100803 0.282499 0.556170
v -0.100803 0.282499 0.556170
v -0.135045 0.263104 0.556885
v -0.135045 0.263104 0.556885
v 0.124711 0.263104 0.556885
v 0.124711 0.263104 0.556885
v 0.090468 0.282499 0.556170
v 0.090468 0.282499 0.556170
v 0.068559 0.294121 0.556845
v 0.068559 0.294121 0.556845
v 0.054226 0.304054 0.556986
v 0.054226 0.304054 0.556986
v 0.015106 0.315248 0.555941
v -0.023886 0.315248 0.555941
v -0.025440 0.315248 0.555941
v -0.025440 0.315248 0.555941
v -0.023886 0.315248 0.555941
v 0.015106 0.315248 0.555941
v -0.166610 0.240136 0.557959
v -0.166610 0.240136 0.557959
v 0.156276 0.240136 0.557959
v 0.156276 0.240136 0.557959
v -0.195320 0.213973 0.559381
v -0.195320 0.213973 0.559381
v 0.184986 0.213973 0.559381
v 0.184986 0.213973 0.559381
v -0.203353 0.201564 0.556770
v -0.203353 0.201564 0.556770
v 0.193018 0.201564 0.556770
v 0.193018 0.201564 0.556770
v -0.220404 0.181661 0.554801
v -0.220404 0.181661 0.554801
v 0.210070 0.181661 0.554801
v 0.210070 0.181661 0.554801
v -0.243249 0.150961 0.554812
v -0.243249 0.150961 0.554812
v 0.329870 0.170734 0.546342
v 0.319974 0.164863 0.548695
v 0.329870 0.170734 0.546342
v 0.319974 0.164863 0.548695
v 0.232914 0.150961 0.554812
v 0.232914 0.150961 0.554812
v 0.306550 0.204375 0.554350
v 0.306550 0.204375 0.554350
v 0.274005 0.241289 0.552730
v 0.274005 0.241289 0.552730
v 0.249411 0.260998 0.554127
v 0.249411 0.260998 0.554127
v 0.233393 0.271643 0.556127
v 0.233393 0.271643 0.556127
v 0.192741 0.296502 0.553762
v 0.192741 0.296502 0.553762
v 0.149775 0.315183 0.552343
v 0.149775 0.315183 0.552343
v 0.105467 0.327531 0.551849
v 0.105467 0.327531 0.551849
v -0.340205 0.170734 0.546342
v -0.330308 0.164863 0.548695
v -0.340205 0.170734 0.546342
v -0.330308 0.164863 0.548695
v -0.316884 0.204375 0.554350
v -0.316884 0.204375 0.554350
v -0.284340 0.241289 0.552730
v -0.284340 0.241289 0.552730
v -0.259745 0.260998 0.554127
v -0.259745 0.260998 0.554127
v -0.243727 0.271643 0.556127
v -0.243727 0.271643 0.556127
v -0.203075 0.296502 0.553762
v -0.203075 0.296502 0.553762
v -0.160110 0.315183 0.552343
v -0.160110 0.315183 0.552343
v -0.115801 0.327531 0.551849
v -0.115801 0.327531 0.551849
v -0.070531 0.333708 0.551908
v -0.088158 0.329182 0.553386
v -0.070531 0.333708 0.551908
v -0.088158 0.329182 0.553386
v -0.027066 0.339199 0.550114
v -0.027066 0.339199 0.550114
v -0.023886 0.339199 0.550114
v 0.016731 0.339199 0.550114
v -0.023886 0.339199 0.550114
v 0.016731 0.339199 0.550114
v 0.060196 0.333708 0.551908
v 0.060196 0.333708 0.551908
v 0.077823 0.329182 0.553386
v 0.077823 0.329182 0.553386
v -0.065687 0.310163 0.557602
v -0.065687 0.310163 0.557602
v -0.080295 0.300014 0.558306
v -0.080295 0.300014 0.558306
v -0.102421 0.288080 0.558441
v -0.102421 0.288080 0.558441
v -0.137038 0.268152 0.559960
v -0.137038 0.268152 0.559960
v -0.168776 0.244560 0.561784
v -0.168776 0.244560 0.561784
v 0.158441 0.244560 0.561784
v 0.158441 0.244560 0.561784
v 0.126703 0.268152 0.559960
v 0.126703 0.268152 0.559960
v 0.092086 0.288080 0.558441
v 0.092086 0.288080 0.558441
v 0.069961 0.300014 0.558306
v 0.069961 0.300014 0.558306
v 0.055352 0.310163 0.557602
v 0.055352 0.310163 0.557602
v 0.015502 0.321474 0.555698
v -0.025837 0.321474 0.555698
v -0.023886 0.321474 0.555698
v -0.023886 0.321474 0.555698
v 0.015502 0.321474 0.555698
v -0.025837 0.321474 0.555698
v -0.197446 0.217732 0.563878
v -0.197446 0.217732 0.563878
v 0.187112 0.217732 0.563878
v 0.187112 0.217732 0.563878
v -0.205191 0.204704 0.561830
v -0.205191 0.204704 0.561830
v 0.194856 0.204704 0.561830
v 0.194856 0.204704 0.561830
v -0.221878 0.184168 0.560313
v -0.221878 0.184168 0.560313
v 0.211543 0.184168 0.560313
v 0.211543 0.184168 0.560313
v -0.244227 0.152864 0.560665
v -0.244227 0.152864 0.560665
v 0.233892 0.152864 0.560665
v 0.233892 0.152864 0.560665
v -0.261025 0.122950 0.560516
v -0.261025 0.122950 0.560516
v 0.335341 0.162114 0.547587
v 0.325087 0.156805 0.549859
v 0.335341 0.162114 0.547587
v 0.325087 0.156805 0.549859
v 0.250691 0.122950 0.560516
v 0.250691 0.122950 0.560516
v 0.327311 0.171661 0.561012
v 0.327311 0.171661 0.561012
v 0.304672 0.204218 0.560279
v 0.304672 0.204218 0.560279
v 0.271591 0.240170 0.558368
v 0.271591 0.240170 0.558368
v 0.246601 0.259240 0.559404
v 0.246601 0.259240 0.559404
v 0.230315 0.269203 0.560974
v 0.230315 0.269203 0.560974
v 0.189870 0.293141 0.558166
v 0.189870 0.293141 0.558166
v 0.147308 0.310965 0.556226
v 0.147308 0.310965 0.556226
v 0.103573 0.322570 0.555132
v 0.103573 0.322570 0.555132
v -0.345675 0.162114 0.547587
v -0.335422 0.156805 0.549859
v -0.345675 0.162114 0.547587
v -0.335422 0.156805 0.549859
v -0.337645 0.171661 0.561012
v -0.337645 0.171661 0.561012
v -0.315007 0.204218 0.560279
v -0.315007 0.204218 0.560279
v -0.281926 0.240170 0.558368
v -0.281926 0.240170 0.558368
v -0.256936 0.259240 0.559404
v -0.256936 0.259240 0.559404
v -0.240650 0.269203 0.560974
v -0.240650 0.269203 0.560974
v -0.200204 0.293141 0.558166
v -0.200204 0.293141 0.558166
v -0.157643 0.310965 0.556226
v -0.157643 0.310965 0.556226
v -0.113908 0.322570 0.555132
v -0.113908 0.322570 0.555132
v -0.069312 0.328168 0.554518
v -0.086564 0.323738 0.555965
v -0.069312 0.328168 0.554518
v -0.086564 0.323738 0.555965
v -0.026657 0.333556 0.552758
v -0.026657 0.333556 0.552758
v -0.023886 0.333556 0.552758
v 0.016322 0.333556 0.552758
v -0.023886 0.333556 0.552758
v 0.016322 0.333556 0.552758
v 0.058977 0.328168 0.554518
v 0.058977 0.328168 0.554518
v 0.076230 0.323738 0.555965
v 0.076230 0.323738 0.555965
v -0.066868 0.316291 0.557391
v -0.066868 0.316291 0.557391
v -0.081791 0.306028 0.558952
v -0.081791 0.306028 0.558952
v -0.104178 0.293882 0.559926
v -0.104178 0.293882 0.559926
v -0.139261 0.273494 0.562295
v -0.139261 0.273494 0.562295
v -0.171275 0.249330 0.564932
v -0.171275 0.249330 0.564932
v -0.200013 0.221865 0.567779
v -0.200013 0.221865 0.567779
v 0.189678 0.221865 0.567779
v 0.189678 0.221865 0.567779
v 0.160940 0.249330 0.564932
v 0.160940 0.249330 0.564932
v 0.128926 0.273494 0.562295
v 0.128926 0.273494 0.562295
v 0.093843 0.293882 0.559926
v 0.093843 0.293882 0.559926
v 0.071456 0.306028 0.558952
v 0.071456 0.306028 0.558952
v 0.056534 0.316291 0.557391
v 0.056534 0.316291 0.557391
v 0.015910 0.327613 0.554630
v -0.023886 0.327613 0.554630
v -0.026245 0.327613 0.554630
v -0.026245 0.327613 0.554630
v -0.023886 0.327613 0.554630
v 0.015910 0.327613 0.554630
v -0.207532 0.208261 0.566380
v -0.207532 0.208261 0.566380
v 0.197197 0.208261 0.566380
v 0.197197 0.208261 0.566380
v -0.223916 0.187120 0.565411
v -0.223916 0.187120 0.565411
v 0.213581 0.187120 0.565411
v 0.213581 0.187120 0.565411
v -0.245859 0.155180 0.566216
v -0.245859 0.155180 0.566216
v 0.235524 0.155180 0.566216
v 0.235524 0.155180 0.566216
v -0.262120 0.124670 0.566406
v -0.262120 0.124670 0.566406
v 0.251785 0.124670 0.566406
v 0.251785 0.124670 0.566406
v -0.263577 0.118928 0.561097
v -0.263577 0.118928 0.561097
v 0.356118 0.117961 0.553966
v 0.345249 0.113958 0.556050
v 0.356118 0.117961 0.553966
v 0.345249 0.113958 0.556050
v 0.253243 0.118928 0.561097
v 0.253243 0.118928 0.561097
v 0.332881 0.162884 0.562280
v 0.332881 0.162884 0.562280
v 0.325435 0.171502 0.566941
v 0.325435 0.171502 0.566941
v 0.302000 0.203412 0.565854
v 0.302000 0.203412 0.565854
v 0.268680 0.238506 0.563626
v 0.268680 0.238506 0.563626
v 0.243380 0.256934 0.564215
v 0.243380 0.256934 0.564215
v 0.226914 0.266227 0.565276
v 0.226914 0.266227 0.565276
v 0.186776 0.289267 0.561958
v 0.186776 0.289267 0.561958
v 0.144707 0.306284 0.559435
v 0.144707 0.306284 0.559435
v 0.101616 0.317220 0.557687
v 0.101616 0.317220 0.557687
v -0.366452 0.117961 0.553966
v -0.355584 0.113958 0.556050
v -0.366452 0.117961 0.553966
v -0.355584 0.113958 0.556050
v -0.343215 0.162884 0.562280
v -0.343215 0.162884 0.562280
v -0.335769 0.171502 0.566941
v -0.335769 0.171502 0.566941
v -0.312335 0.203412 0.565854
v -0.312335 0.203412 0.565854
v -0.279015 0.238506 0.563626
v -0.279015 0.238506 0.563626
v -0.253714 0.256934 0.564215
v -0.253714 0.256934 0.564215
v -0.237249 0.266227 0.565276
v -0.237249 0.266227 0.565276
v -0.197111 0.289267 0.561958
v -0.197111 0.289267 0.561958
v -0.155042 0.306284 0.559435
v -0.155042 0.306284 0.559435
v -0.111951 0.317220 0.557687
v -0.111951 0.317220 0.557687
v -0.068084 0.322328 0.556357
v -0.084953 0.317996 0.557771
v -0.068084 0.322328 0.556357
v -0.084953 0.317996 0.557771
v 0.057749 0.322328 0.556357
v 0.057749 0.322328 0.556357
v 0.074618 0.317996 0.557771
v 0.074618 0.317996 0.557771
v -0.083352 0.312058 0.558773
v -0.083352 0.312058 0.558773
v -0.106043 0.299802 0.560597
v -0.106043 0.299802 0.560597
v -0.141675 0.279036 0.563848
v -0.141675 0.279036 0.563848
v -0.174062 0.254362 0.567349
v -0.174062 0.254362 0.567349
v -0.202973 0.226300 0.571017
v -0.202973 0.226300 0.571017
v -0.210335 0.212172 0.570340
v -0.210335 0.212172 0.570340
v 0.200000 0.212172 0.570340
v 0.200000 0.212172 0.570340
v 0.192638 0.226300 0.571017
v 0.192638 0.226300 0.571017
v 0.163727 0.254362 0.567349
v 0.163727 0.254362 0.567349
v 0.131340 0.279036 0.563848
v 0.131340 0.279036 0.563848
v 0.095709 0.299802 0.560597
v 0.095709 0.299802 0.560597
v 0.073018 0.312058 0.558773
v 0.073018 0.312058 0.558773
v -0.226482 0.190466 0.570004
v -0.226482 0.190466 0.570004
v 0.216148 0.190466 0.570004
v 0.216148 0.190466 0.570004
v -0.248115 0.157869 0.571367
v -0.248115 0.157869 0.571367
v 0.237780 0.157869 0.571367
v 0.237780 0.157869 0.571367
v -0.263890 0.126767 0.572002
v -0.263890 0.126767 0.572002
v 0.253556 0.126767 0.572002
v 0.253556 0.126767 0.572002
v -0.264796 0.120453 0.567015
v -0.264796 0.120453 0.567015
v 0.254461 0.120453 0.567015
v 0.254461 0.120453 0.567015
v -0.279431 0.085237 0.565965
v -0.279431 0.085237 0.565965
v 0.368841 0.078802 0.559624
v 0.357767 0.075433 0.561616
v 0.368841 0.078802 0.559624
v 0.357767 0.075433 0.561616
v 0.269097 0.085237 0.565965
v 0.269097 0.085237 0.565965
v 0.353510 0.119045 0.568614
v 0.353510 0.119045 0.568614
v 0.331012 0.162714 0.568211
v 0.331012 0.162714 0.568211
v 0.322727 0.170751 0.572504
v 0.322727 0.170751 0.572504
v 0.298777 0.202125 0.571035
v 0.298777 0.202125 0.571035
v 0.265323 0.236328 0.568411
v 0.265323 0.236328 0.568411
v 0.239804 0.254123 0.568474
v 0.239804 0.254123 0.568474
v 0.223249 0.262768 0.568959
v 0.223249 0.262768 0.568959
v 0.183515 0.284949 0.565071
v 0.183515 0.284949 0.565071
v 0.142019 0.301223 0.561913
v 0.142019 0.301223 0.561913
v 0.099630 0.311574 0.559468
v 0.099630 0.311574 0.559468
v -0.379176 0.078802 0.559624
v -0.368102 0.075433 0.561616
v -0.379176 0.078802 0.559624
v -0.368102 0.075433 0.561616
v -0.363845 0.119045 0.568614
v -0.363845 0.119045 0.568614
v -0.341347 0.162714 0.568211
v -0.341347 0.162714 0.568211
v -0.333061 0.170751 0.572504
v -0.333061 0.170751 0.572504
v -0.309112 0.202125 0.571035
v -0.309112 0.202125 0.571035
v -0.275658 0.236328 0.568411
v -0.275658 0.236328 0.568411
v -0.250138 0.254123 0.568474
v -0.250138 0.254123 0.568474
v -0.233584 0.262768 0.568959
v -0.233584 0.262768 0.568959
v -0.193850 0.284949 0.565071
v -0.193850 0.284949 0.565071
v -0.152353 0.301223 0.561913
v -0.152353 0.301223 0.561913
v -0.109964 0.311574 0.559468
v -0.109964 0.311574 0.559468
v -0.107983 0.305734 0.560444
v -0.107983 0.305734 0.560444
v -0.144237 0.284679 0.564592
v -0.144237 0.284679 0.564592
v -0.177089 0.259567 0.568991
v -0.177089 0.259567 0.568991
v -0.206275 0.230958 0.573532
v -0.206275 0.230958 0.573532
v -0.213550 0.216368 0.573641
v -0.213550 0.216368 0.573641
v -0.229531 0.194145 0.574011
v -0.229531 0.194145 0.574011
v 0.219197 0.194145 0.574011
v 0.219197 0.194145 0.574011
v 0.203215 0.216368 0.573641
v 0.203215 0.216368 0.573641
v 0.195941 0.230958 0.573532
v 0.195941 0.230958 0.573532
v 0.166754 0.259567 0.568991
v 0.166754 0.259567 0.568991
v 0.133903 0.284679 0.564592
v 0.133903 0.284679 0.564592
v 0.097649 0.305734 0.560444
v 0.097649 0.305734 0.560444
v -0.250956 0.160882 0.576028
v -0.250956 0.160882 0.576028
v 0.240621 0.160882 0.576028
v 0.240621 0.160882 0.576028
v -0.266306 0.129205 0.577204
v -0.266306 0.129205 0.577204
v 0.255971 0.129205 0.577204
v 0.255971 0.129205 0.577204
v -0.266712 0.122320 0.572644
v -0.266712 0.122320 0.572644
v 0.256378 0.122320 0.572644
v 0.256378 0.122320 0.572644
v -0.280722 0.086607 0.571906
v -0.280722 0.086607 0.571906
v 0.270388 0.086607 0.571906
v 0.270388 0.086607 0.571906
v -0.290466 0.051275 0.570872
v -0.290466 0.051275 0.570872
v 0.371197 0.071552 0.560250
v 0.359915 0.068822 0.562187
v 0.371197 0.071552 0.560250
v 0.359915 0.068822 0.562187
v 0.280132 0.051275 0.570872
v 0.280132 0.051275 0.570872
v 0.366304 0.079670 0.574303
v 0.366304 0.079670 0.574303
v 0.351529 0.119112 0.574511
v 0.351529 0.119112 0.574511
v 0.328274 0.162011 0.573767
v 0.328274 0.162011 0.573767
v 0.319441 0.169564 0.577666
v 0.319441 0.169564 0.577666
v 0.295061 0.200381 0.575731
v 0.295061 0.200381 0.575731
v 0.261580 0.233673 0.572639
v 0.261580 0.233673 0.572639
v 0.235937 0.250854 0.572107
v 0.235937 0.250854 0.572107
v 0.219385 0.258888 0.571956
v 0.219385 0.258888 0.571956
v 0.180144 0.280264 0.567450
v 0.180144 0.280264 0.567450
v 0.139289 0.295872 0.563616
v 0.139289 0.295872 0.563616
v -0.381531 0.071552 0.560250
v -0.370250 0.068822 0.562187
v -0.381531 0.071552 0.560250
v -0.370250 0.068822 0.562187
v -0.376638 0.079670 0.574303
v -0.376638 0.079670 0.574303
v -0.361864 0.119112 0.574511
v -0.361864 0.119112 0.574511
v -0.338608 0.162011 0.573767
v -0.338608 0.162011 0.573767
v -0.329776 0.169564 0.577666
v -0.329776 0.169564 0.577666
v -0.305396 0.200381 0.575731
v -0.305396 0.200381 0.575731
v -0.271915 0.233673 0.572639
v -0.271915 0.233673 0.572639
v -0.246271 0.250854 0.572107
v -0.246271 0.250854 0.572107
v -0.229720 0.258888 0.571956
v -0.229720 0.258888 0.571956
v -0.190478 0.280264 0.567450
v -0.190478 0.280264 0.567450
v -0.149624 0.295872 0.563616
v -0.149624 0.295872 0.563616
v -0.146903 0.290325 0.564515
v -0.146903 0.290325 0.564515
v -0.180302 0.264853 0.569830
v -0.180302 0.264853 0.569830
v -0.209862 0.235756 0.575282
v -0.209862 0.235756 0.575282
v -0.217120 0.220774 0.576223
v -0.217120 0.220774 0.576223
v -0.233009 0.198094 0.577362
v -0.233009 0.198094 0.577362
v -0.254331 0.164167 0.580116
v -0.254331 0.164167 0.580116
v 0.243997 0.164167 0.580116
v 0.243997 0.164167 0.580116
v 0.222674 0.198094 0.577362
v 0.222674 0.198094 0.577362
v 0.206786 0.220774 0.576223
v 0.206786 0.220774 0.576223
v 0.199527 0.235756 0.575282
v 0.199527 0.235756 0.575282
v 0.169967 0.264853 0.569830
v 0.169967 0.264853 0.569830
v 0.136568 0.290325 0.564515
v 0.136568 0.290325 0.564515
v -0.269323 0.131940 0.581922
v -0.269323 0.131940 0.581922
v 0.258989 0.131940 0.581922
v 0.258989 0.131940 0.581922
v -0.269294 0.124497 0.577885
v -0.269294 0.124497 0.577885
v 0.258959 0.124497 0.577885
v 0.258959 0.124497 0.577885
v -0.282754 0.088230 0.577570
v -0.282754 0.088230 0.577570
v 0.272419 0.088230 0.577570
v 0.272419 0.088230 0.577570
v -0.291834 0.052408 0.576847
v -0.291834 0.052408 0.576847
v 0.281500 0.052408 0.576847
v 0.281500 0.052408 0.576847
v -0.291118 0.049269 0.571045
v -0.291118 0.049269 0.571045
v 0.380340 0.023619 0.564387
v 0.368787 0.022316 0.566201
v 0.380340 0.023619 0.564387
v 0.368787 0.022316 0.566201
v 0.280784 0.049269 0.571045
v 0.280784 0.049269 0.571045
v 0.368735 0.072188 0.574949
v 0.368735 0.072188 0.574949
v 0.364332 0.079709 0.580204
v 0.364332 0.079709 0.580204
v 0.348627 0.118758 0.580017
v 0.348627 0.118758 0.580017
v 0.324929 0.160916 0.578915
v 0.324929 0.160916 0.578915
v 0.315636 0.167961 0.582333
v 0.315636 0.167961 0.582333
v 0.290917 0.198211 0.579860
v 0.290917 0.198211 0.579860
v 0.257517 0.230589 0.576233
v 0.257517 0.230589 0.576233
v 0.231847 0.247186 0.575048
v 0.231847 0.247186 0.575048
v 0.215391 0.254655 0.574216
v 0.215391 0.254655 0.574216
v 0.176722 0.275293 0.569053
v 0.176722 0.275293 0.569053
v -0.390675 0.023619 0.564387
v -0.379121 0.022316 0.566201
v -0.390675 0.023619 0.564387
v -0.379121 0.022316 0.566201
v -0.379069 0.072188 0.574949
v -0.379069 0.072188 0.574949
v -0.374667 0.079709 0.580204
v -0.374667 0.079709 0.580204
v -0.358961 0.118758 0.580017
v -0.358961 0.118758 0.580017
v -0.335264 0.160916 0.578915
v -0.335264 0.160916 0.578915
v -0.325970 0.167961 0.582333
v -0.325970 0.167961 0.582333
v -0.301252 0.198211 0.579860
v -0.301252 0.198211 0.579860
v -0.267851 0.230589 0.576233
v -0.267851 0.230589 0.576233
v -0.242181 0.247186 0.575048
v -0.242181 0.247186 0.575048
v -0.225725 0.254655 0.574216
v -0.225725 0.254655 0.574216
v -0.187056 0.275293 0.569053
v -0.187056 0.275293 0.569053
v -0.183644 0.270126 0.569851
v -0.183644 0.270126 0.569851
v -0.213668 0.240611 0.576235
v -0.213668 0.240611 0.576235
v -0.220983 0.225312 0.578041
v -0.220983 0.225312 0.578041
v -0.236854 0.202242 0.579996
v -0.236854 0.202242 0.579996
v -0.258182 0.167666 0.583558
v -0.258182 0.167666 0.583558
v -0.272889 0.134925 0.586071
v -0.272889 0.134925 0.586071
v 0.262555 0.134925 0.586071
v 0.262555 0.134925 0.586071
v 0.247847 0.167666 0.583558
v 0.247847 0.167666 0.583558
v 0.226520 0.202242 0.579996
v 0.226520 0.202242 0.579996
v 0.210649 0.225312 0.578041
v 0.210649 0.225312 0.578041
v 0.203334 0.240611 0.576235
v 0.203334 0.240611 0.576235
v 0.173309 0.270126 0.569851
v 0.173309 0.270126 0.569851
v -0.272494 0.126944 0.582644
v -0.272494 0.126944 0.582644
v 0.262159 0.126944 0.582644
v 0.262159 0.126944 0.582644
v -0.285490 0.090077 0.582858
v -0.285490 0.090077 0.582858
v 0.275156 0.090077 0.582858
v 0.275156 0.090077 0.582858
v -0.293955 0.053755 0.582551
v -0.293955 0.053755 0.582551
v 0.283621 0.053755 0.582551
v 0.283621 0.053755 0.582551
v -0.292566 0.050158 0.577041
v -0.292566 0.050158 0.577041
v 0.282231 0.050158 0.577041
v 0.282231 0.050158 0.577041
v -0.298081 0.012768 0.574196
v -0.298081 0.012768 0.574196
v 0.382691 -0.013741 0.567612
v 0.371095 -0.014370 0.569367
v 0.382691 -0.013741 0.567612
v 0.371095 -0.014370 0.569367
v 0.287747 0.012768 0.574196
v 0.287747 0.012768 0.574196
v 0.377819 0.024567 0.579059
v 0.377819 0.024567 0.579059
v 0.366774 0.072194 0.580852
v 0.366774 0.072194 0.580852
v 0.361416 0.079396 0.585704
v 0.361416 0.079396 0.585704
v 0.345082 0.118090 0.585103
v 0.345082 0.118090 0.585103
v 0.321038 0.159448 0.583563
v 0.321038 0.159448 0.583563
v 0.311378 0.165971 0.586425
v 0.311378 0.165971 0.586425
v 0.286419 0.195652 0.583348
v 0.286419 0.195652 0.583348
v 0.253205 0.227129 0.579132
v 0.253205 0.227129 0.579132
v 0.227606 0.243184 0.577246
v 0.227606 0.243184 0.577246
v 0.211336 0.250144 0.575697
v 0.211336 0.250144 0.575697
v -0.393026 -0.013741 0.567612
v -0.381429 -0.014370 0.569367
v -0.393026 -0.013741 0.567612
v -0.381429 -0.014370 0.569367
v -0.388154 0.024567 0.579059
v -0.388154 0.024567 0.579059
v -0.377109 0.072194 0.580852
v -0.377109 0.072194 0.580852
v -0.371751 0.079396 0.585704
v -0.371751 0.079396 0.585704
v -0.355416 0.118090 0.585103
v -0.355416 0.118090 0.585103
v -0.331373 0.159448 0.583563
v -0.331373 0.159448 0.583563
v -0.321712 0.165971 0.586425
v -0.321712 0.165971 0.586425
v -0.296754 0.195652 0.583348
v -0.296754 0.195652 0.583348
v -0.263540 0.227129 0.579132
v -0.263540 0.227129 0.579132
v -0.237941 0.243184 0.577246
v -0.237941 0.243184 0.577246
v -0.221671 0.250144 0.575697
v -0.221671 0.250144 0.575697
v -0.217628 0.245435 0.576374
v -0.217628 0.245435 0.576374
v -0.225070 0.229903 0.579063
v -0.225070 0.229903 0.579063
v -0.240999 0.206516 0.581869
v -0.240999 0.206516 0.581869
v -0.262438 0.171316 0.586294
v -0.262438 0.171316 0.586294
v -0.276941 0.138106 0.589577
v -0.276941 0.138106 0.589577
v -0.276257 0.129618 0.586837
v -0.276257 0.129618 0.586837
v 0.265922 0.129618 0.586837
v 0.265922 0.129618 0.586837
v 0.266606 0.138106 0.589577
v 0.266606 0.138106 0.589577
v 0.252104 0.171316 0.586294
v 0.252104 0.171316 0.586294
v 0.230664 0.206516 0.581869
v 0.230664 0.206516 0.581869
v 0.214736 0.229903 0.579063
v 0.214736 0.229903 0.579063
v 0.207293 0.245435 0.576374
v 0.207293 0.245435 0.576374
v -0.288882 0.092117 0.587676
v -0.288882 0.092117 0.587676
v 0.278548 0.092117 0.587676
v 0.278548 0.092117 0.587676
v -0.296792 0.055292 0.587884
v -0.296792 0.055292 0.587884
v 0.286458 0.055292 0.587884
v 0.286458 0.055292 0.587884
v -0.294779 0.051221 0.582770
v -0.294779 0.051221 0.582770
v 0.284445 0.051221 0.582770
v 0.284445 0.051221 0.582770
v -0.299563 0.013474 0.580207
v -0.299563 0.013474 0.580207
v 0.289229 0.013474 0.580207
v 0.289229 0.013474 0.580207
v -0.300083 -0.019053 0.576942
v -0.300083 -0.019053 0.576942
v 0.371766 -0.025032 0.569673
v 0.383404 -0.025082 0.567937
v 0.371766 -0.025032 0.569673
v 0.383404 -0.025082 0.567937
v 0.289748 -0.019053 0.576942
v 0.289748 -0.019053 0.576942
v 0.380186 -0.013055 0.582306
v 0.380186 -0.013055 0.582306
v 0.375811 0.024821 0.584941
v 0.375811 0.024821 0.584941
v 0.363847 0.071917 0.586349
v 0.363847 0.071917 0.586349
v 0.357842 0.078820 0.590777
v 0.357842 0.078820 0.590777
v 0.340957 0.117118 0.589679
v 0.340957 0.117118 0.589679
v 0.316668 0.157633 0.587630
v 0.316668 0.157633 0.587630
v 0.306742 0.163628 0.589869
v 0.306742 0.163628 0.589869
v 0.281646 0.192751 0.586133
v 0.281646 0.192751 0.586133
v 0.248721 0.223356 0.581284
v 0.248721 0.223356 0.581284
v 0.223290 0.238919 0.578662
v 0.223290 0.238919 0.578662
v -0.382100 -0.025032 0.569673
v -0.393739 -0.025082 0.567937
v -0.382100 -0.025032 0.569673
v -0.393739 -0.025082 0.567937
v -0.390520 -0.013055 0.582306
v -0.390520 -0.013055 0.582306
v -0.386146 0.024821 0.584941
v -0.386146 0.024821 0.584941
v -0.374181 0.071917 0.586349
v -0.374181 0.071917 0.586349
v -0.368176 0.078820 0.590777
v -0.368176 0.078820 0.590777
v -0.351292 0.117118 0.589679
v -0.351292 0.117118 0.589679
v -0.327003 0.157633 0.587630
v -0.327003 0.157633 0.587630
v -0.317077 0.163628 0.589869
v -0.317077 0.163628 0.589869
v -0.291980 0.192751 0.586133
v -0.291980 0.192751 0.586133
v -0.259056 0.223356 0.581284
v -0.259056 0.223356 0.581284
v -0.233625 0.238919 0.578662
v -0.233625 0.238919 0.578662
v -0.229309 0.234466 0.579272
v -0.229309 0.234466 0.579272
v -0.245370 0.210841 0.582945
v -0.245370 0.210841 0.582945
v -0.267027 0.175054 0.588275
v -0.267027 0.175054 0.588275
v -0.281406 0.141428 0.592380
v -0.281406 0.141428 0.592380
v -0.280515 0.132473 0.590391
v -0.280515 0.132473 0.590391
v -0.292871 0.094312 0.591939
v -0.292871 0.094312 0.591939
v 0.282536 0.094312 0.591939
v 0.282536 0.094312 0.591939
v 0.270181 0.132473 0.590391
v 0.270181 0.132473 0.590391
v 0.271072 0.141428 0.592380
v 0.271072 0.141428 0.592380
v 0.256692 0.175054 0.588275
v 0.256692 0.175054 0.588275
v 0.235035 0.210841 0.582945
v 0.235035 0.210841 0.582945
v 0.218974 0.234466 0.579272
v 0.218974 0.234466 0.579272
v -0.300295 0.056991 0.592751
v -0.300295 0.056991 0.592751
v 0.289961 0.056991 0.592751
v 0.289961 0.056991 0.592751
v -0.297720 0.052438 0.588130
v -0.297720 0.052438 0.588130
v 0.287385 0.052438 0.588130
v 0.287385 0.052438 0.588130
v -0.301830 0.014257 0.585960
v -0.301830 0.014257 0.585960
v 0.291496 0.014257 0.585960
v 0.291496 0.014257 0.585960
v -0.301582 -0.018612 0.582976
v -0.301582 -0.018612 0.582976
v 0.291247 -0.018612 0.582976
v 0.291247 -0.018612 0.582976
v -0.300446 -0.024819 0.577107
v -0.300446 -0.024819 0.577107
v 0.368793 -0.072276 0.571029
v 0.380340 -0.073783 0.569335
v 0.368793 -0.072276 0.571029
v 0.380340 -0.073783 0.569335
v 0.290111 -0.024819 0.577107
v 0.290111 -0.024819 0.577107
v 0.380916 -0.024660 0.582639
v 0.380916 -0.024660 0.582639
v 0.378181 -0.012842 0.588192
v 0.378181 -0.012842 0.588192
v 0.372813 0.024913 0.590406
v 0.372813 0.024913 0.590406
v 0.360243 0.071429 0.591415
v 0.360243 0.071429 0.591415
v 0.353671 0.077990 0.595333
v 0.353671 0.077990 0.595333
v 0.336326 0.115860 0.593666
v 0.336326 0.115860 0.593666
v 0.311898 0.155504 0.591043
v 0.311898 0.155504 0.591043
v 0.301812 0.160974 0.592604
v 0.301812 0.160974 0.592604
v 0.276682 0.189558 0.588167
v 0.276682 0.189558 0.588167
v 0.244144 0.219336 0.582650
v 0.244144 0.219336 0.582650
v -0.379128 -0.072276 0.571029
v -0.390675 -0.073783 0.569335
v -0.379128 -0.072276 0.571029
v -0.390675 -0.073783 0.569335
v -0.391251 -0.024660 0.582639
v -0.391251 -0.024660 0.582639
v -0.388515 -0.012842 0.588192
v -0.388515 -0.012842 0.588192
v -0.383148 0.024913 0.590406
v -0.383148 0.024913 0.590406
v -0.370578 0.071429 0.591415
v -0.370578 0.071429 0.591415
v -0.364005 0.077990 0.595333
v -0.364005 0.077990 0.595333
v -0.346660 0.115860 0.593666
v -0.346660 0.115860 0.593666
v -0.322233 0.155504 0.591043
v -0.322233 0.155504 0.591043
v -0.312146 0.160974 0.592604
v -0.312146 0.160974 0.592604
v -0.287016 0.189558 0.588167
v -0.287016 0.189558 0.588167
v -0.254479 0.219336 0.582650
v -0.254479 0.219336 0.582650
v -0.249890 0.215139 0.583207
v -0.249890 0.215139 0.583207
v -0.271866 0.178813 0.589467
v -0.271866 0.178813 0.589467
v -0.286207 0.144831 0.594430
v -0.286207 0.144831 0.594430
v -0.285195 0.135458 0.593243
v -0.285195 0.135458 0.593243
v -0.297385 0.096624 0.595571
v -0.297385 0.096624 0.595571
v -0.304402 0.058823 0.597066
v -0.304402 0.058823 0.597066
v 0.294067 0.058823 0.597066
v 0.294067 0.058823 0.597066
v 0.287050 0.096624 0.595571
v 0.287050 0.096624 0.595571
v 0.274860 0.135458 0.593243
v 0.274860 0.135458 0.593243
v 0.275873 0.144831 0.594430
v 0.275873 0.144831 0.594430
v 0.261531 0.178813 0.589467
v 0.261531 0.178813 0.589467
v 0.239555 0.215139 0.583207
v 0.239555 0.215139 0.583207
v -0.301336 0.053789 0.593027
v -0.301336 0.053789 0.593027
v 0.291001 0.053789 0.593027
v 0.291001 0.053789 0.593027
v -0.304842 0.015103 0.591352
v -0.304842 0.015103 0.591352
v 0.294507 0.015103 0.591352
v 0.294507 0.015103 0.591352
v -0.303868 -0.018136 0.588756
v -0.303868 -0.018136 0.588756
v 0.293534 -0.018136 0.588756
v 0.293534 -0.018136 0.588756
v -0.301962 -0.024646 0.583150
v -0.301962 -0.024646 0.583150
v 0.291627 -0.024646 0.583150
v 0.291627 -0.024646 0.583150
v -0.298117 -0.061837 0.578170
v -0.298117 -0.061837 0.578170
v 0.362663 -0.104412 0.571952
v 0.374252 -0.105699 0.570251
v 0.374082 -0.106590 0.570277
v 0.362842 -0.103475 0.571925
v 0.362842 -0.103475 0.571925
v 0.362663 -0.104412 0.571952
v 0.374252 -0.105699 0.570251
v 0.374082 -0.106590 0.570277
v 0.287782 -0.061837 0.578170
v 0.287782 -0.061837 0.578170
v 0.377872 -0.073049 0.584028
v 0.377872 -0.073049 0.584028
v 0.378913 -0.024491 0.588526
v 0.378913 -0.024491 0.588526
v 0.375180 -0.012717 0.593654
v 0.375180 -0.012717 0.593654
v 0.369122 0.024881 0.595432
v 0.369122 0.024881 0.595432
v 0.356027 0.070739 0.595959
v 0.356027 0.070739 0.595959
v 0.348978 0.076921 0.599292
v 0.348978 0.076921 0.599292
v 0.331269 0.114338 0.596991
v 0.331269 0.114338 0.596991
v 0.306811 0.153097 0.593742
v 0.306811 0.153097 0.593742
v 0.296673 0.158057 0.594581
v 0.296673 0.158057 0.594581
v 0.271615 0.186129 0.589412
v 0.271615 0.186129 0.589412
v -0.384587 -0.105699 0.570251
v -0.372998 -0.104412 0.571952
v -0.384417 -0.106590 0.570277
v -0.373176 -0.103475 0.571925
v -0.373176 -0.103475 0.571925
v -0.372998 -0.104412 0.571952
v -0.384587 -0.105699 0.570251
v -0.384417 -0.106590 0.570277
v -0.388206 -0.073049 0.584028
v -0.388206 -0.073049 0.584028
v -0.389248 -0.024491 0.588526
v -0.389248 -0.024491 0.588526
v -0.385515 -0.012717 0.593654
v -0.385515 -0.012717 0.593654
v -0.379457 0.024881 0.595432
v -0.379457 0.024881 0.595432
v -0.366361 0.070739 0.595959
v -0.366361 0.070739 0.595959
v -0.359312 0.076921 0.599292
v -0.359312 0.076921 0.599292
v -0.341604 0.114338 0.596991
v -0.341604 0.114338 0.596991
v -0.317145 0.153097 0.593742
v -0.317145 0.153097 0.593742
v -0.307007 0.158057 0.594581
v -0.307007 0.158057 0.594581
v -0.281950 0.186129 0.589412
v -0.281950 0.186129 0.589412
v -0.276869 0.182527 0.589849
v -0.276869 0.182527 0.589849
v -0.291258 0.148255 0.595690
v -0.291258 0.148255 0.595690
v -0.290212 0.138520 0.595342
v -0.290212 0.138520 0.595342
v -0.302345 0.099012 0.598509
v -0.302345 0.099012 0.598509
v -0.309039 0.060755 0.600753
v -0.309039 0.060755 0.600753
v -0.305563 0.055250 0.597374
v -0.305563 0.055250 0.597374
v 0.295228 0.055250 0.597374
v 0.295228 0.055250 0.597374
v 0.298705 0.060755 0.600753
v 0.298705 0.060755 0.600753
v 0.292010 0.099012 0.598509
v 0.292010 0.099012 0.598509
v 0.279877 0.138520 0.595342
v 0.279877 0.138520 0.595342
v 0.280924 0.148255 0.595690
v 0.280924 0.148255 0.595690
v 0.266535 0.182527 0.589849
v 0.266535 0.182527 0.589849
v -0.308545 0.015996 0.596289
v -0.308545 0.015996 0.596289
v 0.298210 0.015996 0.596289
v 0.298210 0.015996 0.596289
v -0.306901 -0.017633 0.594178
v -0.306901 -0.017633 0.594178
v 0.296567 -0.017633 0.594178
v 0.296567 -0.017633 0.594178
v -0.304267 -0.024479 0.588938
v -0.304267 -0.024479 0.588938
v 0.293933 -0.024479 0.588938
v 0.293933 -0.024479 0.588938
v -0.299621 -0.061853 0.584218
v -0.299621 -0.061853 0.584218
v 0.289286 -0.061853 0.584218
v 0.289286 -0.061853 0.584218
v -0.292910 -0.089134 0.578954
v -0.293125 -0.088003 0.578921
v -0.293125 -0.088003 0.578921
v -0.292910 -0.089134 0.578954
v 0.359906 -0.118866 0.571537
v 0.371197 -0.121716 0.569843
v 0.359906 -0.118866 0.571537
v 0.371197 -0.121716 0.569843
v 0.282575 -0.089134 0.578954
v 0.282791 -0.088003 0.578921
v 0.282791 -0.088003 0.578921
v 0.282575 -0.089134 0.578954
v 0.371813 -0.104812 0.584940
v 0.371565 -0.106110 0.584977
v 0.371813 -0.104812 0.584940
v 0.371565 -0.106110 0.584977
v 0.375885 -0.072630 0.589908
v 0.375885 -0.072630 0.589908
v 0.375911 -0.024334 0.593988
v 0.375911 -0.024334 0.593988
v 0.371484 -0.012662 0.598672
v 0.371484 -0.012662 0.598672
v 0.364804 0.024724 0.599930
v 0.364804 0.024724 0.599930
v 0.351272 0.069858 0.599901
v 0.351272 0.069858 0.599901
v 0.343845 0.075633 0.602583
v 0.343845 0.075633 0.602583
v 0.325877 0.112579 0.599596
v 0.325877 0.112579 0.599596
v 0.301497 0.150455 0.595680
v 0.301497 0.150455 0.595680
v 0.291416 0.154928 0.595766
v 0.291416 0.154928 0.595766
v -0.370240 -0.118866 0.571537
v -0.381531 -0.121716 0.569843
v -0.370240 -0.118866 0.571537
v -0.381531 -0.121716 0.569843
v -0.382147 -0.104812 0.584940
v -0.381900 -0.106110 0.584977
v -0.382147 -0.104812 0.584940
v -0.381900 -0.106110 0.584977
v -0.386219 -0.072630 0.589908
v -0.386219 -0.072630 0.589908
v -0.386246 -0.024334 0.593988
v -0.386246 -0.024334 0.593988
v -0.381819 -0.012662 0.598672
v -0.381819 -0.012662 0.598672
v -0.375139 0.024724 0.599930
v -0.375139 0.024724 0.599930
v -0.361607 0.069858 0.599901
v -0.361607 0.069858 0.599901
v -0.354180 0.075633 0.602583
v -0.354180 0.075633 0.602583
v -0.336211 0.112579 0.599596
v -0.336211 0.112579 0.599596
v -0.311832 0.150455 0.595680
v -0.311832 0.150455 0.595680
v -0.301751 0.154928 0.595766
v -0.301751 0.154928 0.595766
v -0.296470 0.151641 0.596138
v -0.296470 0.151641 0.596138
v -0.295479 0.141605 0.596651
v -0.295479 0.141605 0.596651
v -0.307663 0.101435 0.600700
v -0.307663 0.101435 0.600700
v -0.314126 0.062753 0.603748
v -0.314126 0.062753 0.603748
v -0.310326 0.056794 0.601095
v -0.310326 0.056794 0.601095
v -0.312874 0.016923 0.600682
v -0.312874 0.016923 0.600682
v 0.302539 0.016923 0.600682
v 0.302539 0.016923 0.600682
v 0.299992 0.056794 0.601095
v 0.299992 0.056794 0.601095
v 0.303791 0.062753 0.603748
v 0.303791 0.062753 0.603748
v 0.297328 0.101435 0.600700
v 0.297328 0.101435 0.600700
v 0.285144 0.141605 0.596651
v 0.285144 0.141605 0.596651
v 0.286135 0.151641 0.596138
v 0.286135 0.151641 0.596138
v -0.310628 -0.017113 0.599147
v -0.310628 -0.017113 0.599147
v 0.300293 -0.017113 0.599147
v 0.300293 -0.017113 0.599147
v -0.307322 -0.024323 0.594370
v -0.307322 -0.024323 0.594370
v 0.296988 -0.024323 0.594370
v 0.296988 -0.024323 0.594370
v -0.301908 -0.061976 0.590014
v -0.301908 -0.061976 0.590014
v 0.291574 -0.061976 0.590014
v 0.291574 -0.061976 0.590014
v -0.294611 -0.088113 0.584972
v -0.294364 -0.089411 0.585009
v -0.294611 -0.088113 0.584972
v -0.294364 -0.089411 0.585009
v 0.284277 -0.088113 0.584972
v 0.284029 -0.089411 0.585009
v 0.284277 -0.088113 0.584972
v 0.284029 -0.089411 0.585009
v -0.291076 -0.098745 0.578678
v -0.291076 -0.098745 0.578678
v 0.345279 -0.163883 0.570245
v 0.356118 -0.168125 0.568511
v 0.345279 -0.163883 0.570245
v 0.356118 -0.168125 0.568511
v 0.280742 -0.098745 0.578678
v 0.280742 -0.098745 0.578678
v 0.368633 -0.121480 0.584536
v 0.368633 -0.121480 0.584536
v 0.369849 -0.104269 0.590816
v 0.369571 -0.105729 0.590858
v 0.369849 -0.104269 0.590816
v 0.369571 -0.105729 0.590858
v 0.372906 -0.072097 0.595359
v 0.372906 -0.072097 0.595359
v 0.372210 -0.024190 0.599003
v 0.372210 -0.024190 0.599003
v 0.367157 -0.012676 0.603158
v 0.367157 -0.012676 0.603158
v 0.359936 0.024444 0.603821
v 0.359936 0.024444 0.603821
v 0.346064 0.068803 0.603172
v 0.346064 0.068803 0.603172
v 0.338364 0.074148 0.605149
v 0.338364 0.074148 0.605149
v 0.320244 0.110615 0.601436
v 0.320244 0.110615 0.601436
v 0.296050 0.147625 0.596821
v 0.296050 0.147625 0.596821
v -0.355613 -0.163883 0.570245
v -0.366452 -0.168125 0.568511
v -0.355613 -0.163883 0.570245
v -0.366452 -0.168125 0.568511
v -0.378968 -0.121480 0.584536
v -0.378968 -0.121480 0.584536
v -0.380184 -0.104269 0.590816
v -0.379905 -0.105729 0.590858
v -0.380184 -0.104269 0.590816
v -0.379905 -0.105729 0.590858
v -0.383241 -0.072097 0.595359
v -0.383241 -0.072097 0.595359
v -0.382544 -0.024190 0.599003
v -0.382544 -0.024190 0.599003
v -0.377492 -0.012676 0.603158
v -0.377492 -0.012676 0.603158
v -0.370270 0.024444 0.603821
v -0.370270 0.024444 0.603821
v -0.356399 0.068803 0.603172
v -0.356399 0.068803 0.603172
v -0.348698 0.074148 0.605149
v -0.348698 0.074148 0.605149
v -0.330579 0.110615 0.601436
v -0.330579 0.110615 0.601436
v -0.306385 0.147625 0.596821
v -0.306385 0.147625 0.596821
v -0.300902 0.144658 0.597147
v -0.300902 0.144658 0.597147
v -0.313246 0.103848 0.602106
v -0.313246 0.103848 0.602106
v -0.319572 0.064782 0.605996
v -0.319572 0.064782 0.605996
v -0.315542 0.058395 0.604124
v -0.315542 0.058395 0.604124
v -0.317753 0.017864 0.604455
v -0.317753 0.017864 0.604455
v -0.314982 -0.016585 0.603574
v -0.314982 -0.016585 0.603574
v 0.304648 -0.016585 0.603574
v 0.304648 -0.016585 0.603574
v 0.307418 0.017864 0.604455
v 0.307418 0.017864 0.604455
v 0.305208 0.058395 0.604124
v 0.305208 0.058395 0.604124
v 0.309238 0.064782 0.605996
v 0.309238 0.064782 0.605996
v 0.302911 0.103848 0.602106
v 0.302911 0.103848 0.602106
v 0.290567 0.144658 0.597147
v 0.290567 0.144658 0.597147
v -0.311073 -0.024180 0.599349
v -0.311073 -0.024180 0.599349
v 0.300738 -0.024180 0.599349
v 0.300738 -0.024180 0.599349
v -0.304939 -0.062202 0.595457
v -0.304939 -0.062202 0.595457
v 0.294605 -0.062202 0.595457
v 0.294605 -0.062202 0.595457
v -0.296872 -0.088378 0.590772
v -0.296594 -0.089837 0.590814
v -0.296872 -0.088378 0.590772
v -0.296594 -0.089837 0.590814
v 0.286537 -0.088378 0.590772
v 0.286259 -0.089837 0.590814
v 0.286537 -0.088378 0.590772
v 0.286259 -0.089837 0.590814
v -0.292481 -0.099279 0.584726
v -0.292481 -0.099279 0.584726
v 0.282147 -0.099279 0.584726
v 0.282147 -0.099279 0.584726
v -0.279619 -0.134008 0.577665
v -0.279619 -0.134008 0.577665
v 0.330836 -0.194576 0.569364
v 0.341383 -0.199438 0.567612
v 0.330836 -0.194576 0.569364
v 0.341383 -0.199438 0.567612
v 0.269284 -0.134008 0.577665
v 0.269284 -0.134008 0.577665
v 0.353657 -0.167573 0.583213
v 0.353657 -0.167573 0.583213
v 0.366632 -0.121135 0.590416
v 0.366632 -0.121135 0.590416
v 0.366906 -0.103551 0.596262
v 0.366599 -0.105162 0.596308
v 0.366906 -0.103551 0.596262
v 0.366599 -0.105162 0.596308
v 0.369234 -0.071489 0.600361
v 0.369234 -0.071489 0.600361
v 0.367874 -0.024062 0.603485
v 0.367874 -0.024062 0.603485
v 0.362276 -0.012761 0.607032
v 0.362276 -0.012761 0.607032
v 0.354602 0.024048 0.607035
v 0.354602 0.024048 0.607035
v 0.340494 0.067592 0.605715
v 0.340494 0.067592 0.605715
v 0.332631 0.072493 0.606944
v 0.332631 0.072493 0.606944
v 0.314471 0.108479 0.602477
v 0.314471 0.108479 0.602477
v -0.341170 -0.194576 0.569364
v -0.351717 -0.199438 0.567612
v -0.341170 -0.194576 0.569364
v -0.351717 -0.199438 0.567612
v -0.363991 -0.167573 0.583213
v -0.363991 -0.167573 0.583213
v -0.376967 -0.121135 0.590416
v -0.376967 -0.121135 0.590416
v -0.377241 -0.103551 0.596262
v -0.376933 -0.105162 0.596308
v -0.377241 -0.103551 0.596262
v -0.376933 -0.105162 0.596308
v -0.379568 -0.071489 0.600361
v -0.379568 -0.071489 0.600361
v -0.378208 -0.024062 0.603485
v -0.378208 -0.024062 0.603485
v -0.372611 -0.012761 0.607032
v -0.372611 -0.012761 0.607032
v -0.364936 0.024048 0.607035
v -0.364936 0.024048 0.607035
v -0.350829 0.067592 0.605715
v -0.350829 0.067592 0.605715
v -0.342966 0.072493 0.606944
v -0.342966 0.072493 0.606944
v -0.324806 0.108479 0.602477
v -0.324806 0.108479 0.602477
v -0.318994 0.106210 0.602702
v -0.318994 0.106210 0.602702
v -0.325281 0.066806 0.607458
v -0.325281 0.066806 0.607458
v -0.321118 0.060024 0.606407
v -0.321118 0.060024 0.606407
v -0.323094 0.018806 0.607541
v -0.323094 0.018806 0.607541
v -0.319887 -0.016057 0.607383
v -0.319887 -0.016057 0.607383
v -0.315452 -0.024053 0.603789
v -0.315452 -0.024053 0.603789
v 0.305117 -0.024053 0.603789
v 0.305117 -0.024053 0.603789
v 0.309552 -0.016057 0.607383
v 0.309552 -0.016057 0.607383
v 0.312760 0.018806 0.607541
v 0.312760 0.018806 0.607541
v 0.310784 0.060024 0.606407
v 0.310784 0.060024 0.606407
v 0.314947 0.066806 0.607458
v 0.314947 0.066806 0.607458
v 0.308659 0.106210 0.602702
v 0.308659 0.106210 0.602702
v -0.308660 -0.062529 0.600450
v -0.308660 -0.062529 0.600450
v 0.298325 -0.062529 0.600450
v 0.298325 -0.062529 0.600450
v -0.299867 -0.088793 0.596220
v -0.299560 -0.090402 0.596267
v -0.299867 -0.088793 0.596220
v -0.299560 -0.090402 0.596267
v 0.289532 -0.088793 0.596220
v 0.289225 -0.090402 0.596267
v 0.289532 -0.088793 0.596220
v 0.289225 -0.090402 0.596267
v -0.294654 -0.100003 0.590522
v -0.294654 -0.100003 0.590522
v 0.284320 -0.100003 0.590522
v 0.284320 -0.100003 0.590522
v -0.280967 -0.134715 0.583708
v -0.280967 -0.134715 0.583708
v 0.270633 -0.134715 0.583708
v 0.270633 -0.134715 0.583708
v -0.267276 -0.160238 0.576913
v -0.267276 -0.160238 0.576913
v 0.325085 -0.206796 0.568309
v 0.335341 -0.212278 0.566503
v 0.325085 -0.206796 0.568309
v 0.335341 -0.212278 0.566503
v 0.256941 -0.160238 0.576913
v 0.256941 -0.160238 0.576913
v 0.338830 -0.199082 0.582309
v 0.338830 -0.199082 0.582309
v 0.351736 -0.166981 0.589100
v 0.351736 -0.166981 0.589100
v 0.363667 -0.120530 0.595867
v 0.363667 -0.120530 0.595867
v 0.363277 -0.102716 0.601258
v 0.362943 -0.104465 0.601308
v 0.363277 -0.102716 0.601258
v 0.362943 -0.104465 0.601308
v 0.364932 -0.070818 0.604827
v 0.364932 -0.070818 0.604827
v 0.362980 -0.023951 0.607353
v 0.362980 -0.023951 0.607353
v 0.356927 -0.012914 0.610225
v 0.356927 -0.012914 0.610225
v 0.348897 0.023542 0.609517
v 0.348897 0.023542 0.609517
v 0.334660 0.066247 0.607483
v 0.334660 0.066247 0.607483
v 0.326748 0.070695 0.607936
v 0.326748 0.070695 0.607936
v -0.335420 -0.206796 0.568309
v -0.345675 -0.212278 0.566503
v -0.335420 -0.206796 0.568309
v -0.345675 -0.212278 0.566503
v -0.349164 -0.199082 0.582309
v -0.349164 -0.199082 0.582309
v -0.362070 -0.166981 0.589100
v -0.362070 -0.166981 0.589100
v -0.374002 -0.120530 0.595867
v -0.374002 -0.120530 0.595867
v -0.373612 -0.102716 0.601258
v -0.373278 -0.104465 0.601308
v -0.373612 -0.102716 0.601258
v -0.373278 -0.104465 0.601308
v -0.375267 -0.070818 0.604827
v -0.375267 -0.070818 0.604827
v -0.373315 -0.023951 0.607353
v -0.373315 -0.023951 0.607353
v -0.367262 -0.012914 0.610225
v -0.367262 -0.012914 0.610225
v -0.359232 0.023542 0.609517
v -0.359232 0.023542 0.609517
v -0.344995 0.066247 0.607483
v -0.344995 0.066247 0.607483
v -0.337082 0.070695 0.607936
v -0.337082 0.070695 0.607936
v -0.331153 0.068789 0.608109
v -0.331153 0.068789 0.608109
v -0.326956 0.061652 0.607903
v -0.326956 0.061652 0.607903
v -0.328805 0.019729 0.609884
v -0.328805 0.019729 0.609884
v -0.325255 -0.015540 0.610505
v -0.325255 -0.015540 0.610505
v -0.320383 -0.023943 0.607609
v -0.320383 -0.023943 0.607609
v -0.313005 -0.062950 0.604905
v -0.313005 -0.062950 0.604905
v 0.302670 -0.062950 0.604905
v 0.302670 -0.062950 0.604905
v 0.310048 -0.023943 0.607609
v 0.310048 -0.023943 0.607609
v 0.314921 -0.015540 0.610505
v 0.314921 -0.015540 0.610505
v 0.318470 0.019729 0.609884
v 0.318470 0.019729 0.609884
v 0.316622 0.061652 0.607903
v 0.316622 0.061652 0.607903
v 0.320818 0.068789 0.608109
v 0.320818 0.068789 0.608109
v -0.303543 -0.089351 0.601220
v -0.303210 -0.091099 0.601270
v -0.303543 -0.089351 0.601220
v -0.303210 -0.091099 0.601270
v 0.293209 -0.089351 0.601220
v 0.292875 -0.091099 0.601270
v 0.293209 -0.089351 0.601220
v 0.292875 -0.091099 0.601270
v -0.297556 -0.100905 0.595965
v -0.297556 -0.100905 0.595965
v 0.287222 -0.100905 0.595965
v 0.287222 -0.100905 0.595965
v -0.283053 -0.135707 0.589497
v -0.283053 -0.135707 0.589497
v 0.272719 -0.135707 0.589497
v 0.272719 -0.135707 0.589497
v -0.268519 -0.161170 0.582949
v -0.268519 -0.161170 0.582949
v 0.258184 -0.161170 0.582949
v 0.258184 -0.161170 0.582949
v -0.263620 -0.168007 0.576242
v -0.263620 -0.168007 0.576242
v 0.299722 -0.246762 0.564859
v 0.309194 -0.253479 0.562947
v 0.299722 -0.246762 0.564859
v 0.309194 -0.253479 0.562947
v 0.253285 -0.168007 0.576242
v 0.253285 -0.168007 0.576242
v 0.332705 -0.212096 0.581185
v 0.332705 -0.212096 0.581185
v 0.336899 -0.198511 0.588195
v 0.336899 -0.198511 0.588195
v 0.348890 -0.166011 0.594561
v 0.348890 -0.166011 0.594561
v 0.360030 -0.119739 0.600869
v 0.360030 -0.119739 0.600869
v 0.359026 -0.101777 0.605716
v 0.358669 -0.103650 0.605770
v 0.359026 -0.101777 0.605716
v 0.358669 -0.103650 0.605770
v 0.360077 -0.070094 0.608678
v 0.360077 -0.070094 0.608678
v 0.357616 -0.023859 0.610540
v 0.357616 -0.023859 0.610540
v 0.351205 -0.013132 0.612682
v 0.351205 -0.013132 0.612682
v 0.342923 0.022934 0.611221
v 0.342923 0.022934 0.611221
v 0.328666 0.064791 0.608446
v 0.328666 0.064791 0.608446
v -0.310057 -0.246762 0.564859
v -0.319528 -0.253479 0.562947
v -0.310057 -0.246762 0.564859
v -0.319528 -0.253479 0.562947
v -0.343040 -0.212096 0.581185
v -0.343040 -0.212096 0.581185
v -0.347233 -0.198511 0.588195
v -0.347233 -0.198511 0.588195
v -0.359224 -0.166011 0.594561
v -0.359224 -0.166011 0.594561
v -0.370364 -0.119739 0.600869
v -0.370364 -0.119739 0.600869
v -0.369361 -0.101777 0.605716
v -0.369004 -0.103650 0.605770
v -0.369361 -0.101777 0.605716
v -0.369004 -0.103650 0.605770
v -0.370412 -0.070094 0.608678
v -0.370412 -0.070094 0.608678
v -0.367950 -0.023859 0.610540
v -0.367950 -0.023859 0.610540
v -0.361539 -0.013132 0.612682
v -0.361539 -0.013132 0.612682
v -0.353257 0.022934 0.611221
v -0.353257 0.022934 0.611221
v -0.339001 0.064791 0.608446
v -0.339001 0.064791 0.608446
v -0.332952 0.063250 0.608587
v -0.332952 0.063250 0.608587
v -0.334783 0.020619 0.611445
v -0.334783 0.020619 0.611445
v -0.330993 -0.015043 0.612885
v -0.330993 -0.015043 0.612885
v -0.325778 -0.023853 0.610744
v -0.325778 -0.023853 0.610744
v -0.317897 -0.063458 0.608744
v -0.317897 -0.063458 0.608744
v -0.307837 -0.090041 0.605683
v -0.307480 -0.091913 0.605737
v -0.307837 -0.090041 0.605683
v -0.307480 -0.091913 0.605737
v 0.297502 -0.090041 0.605683
v 0.297145 -0.091913 0.605737
v 0.297502 -0.090041 0.605683
v 0.297145 -0.091913 0.605737
v 0.307562 -0.063458 0.608744
v 0.307562 -0.063458 0.608744
v 0.315444 -0.023853 0.610744
v 0.315444 -0.023853 0.610744
v 0.320658 -0.015043 0.612885
v 0.320658 -0.015043 0.612885
v 0.324449 0.020619 0.611445
v 0.324449 0.020619 0.611445
v 0.322618 0.063250 0.608587
v 0.322618 0.063250 0.608587
v -0.301137 -0.101967 0.600958
v -0.301137 -0.101967 0.600958
v 0.290802 -0.101967 0.600958
v 0.290802 -0.101967 0.600958
v -0.285839 -0.136966 0.594930
v -0.285839 -0.136966 0.594930
v 0.275505 -0.136966 0.594930
v 0.275505 -0.136966 0.594930
v -0.270481 -0.162425 0.588730
v -0.270481 -0.162425 0.588730
v 0.260146 -0.162425 0.588730
v 0.260146 -0.162425 0.588730
v -0.264762 -0.169154 0.582260
v -0.264762 -0.169154 0.582260
v 0.254427 -0.169154 0.582260
v 0.254427 -0.169154 0.582260
v -0.243742 -0.199329 0.573539
v -0.243742 -0.199329 0.573539
v 0.269551 -0.283233 0.561712
v 0.278089 -0.291078 0.559702
v 0.269551 -0.283233 0.561712
v 0.278089 -0.291078 0.559702
v 0.233408 -0.199329 0.573539
v 0.233408 -0.199329 0.573539
v 0.306760 -0.252980 0.577657
v 0.306760 -0.252980 0.577657
v 0.330768 -0.211539 0.587070
v 0.330768 -0.211539 0.587070
v 0.334074 -0.197496 0.593657
v 0.334074 -0.197496 0.593657
v 0.345398 -0.164772 0.599577
v 0.345398 -0.164772 0.599577
v 0.355783 -0.118777 0.605335
v 0.355783 -0.118777 0.605335
v 0.353851 -0.102731 0.609615
v 0.354229 -0.100752 0.609558
v 0.354229 -0.100752 0.609558
v 0.353851 -0.102731 0.609615
v 0.354755 -0.069331 0.611845
v 0.354755 -0.069331 0.611845
v 0.351875 -0.023789 0.612988
v 0.351875 -0.023789 0.612988
v 0.345209 -0.013413 0.614358
v 0.345209 -0.013413 0.614358
v 0.336784 0.022236 0.612119
v 0.336784 0.022236 0.612119
v -0.279885 -0.283233 0.561712
v -0.288424 -0.291078 0.559702
v -0.279885 -0.283233 0.561712
v -0.288424 -0.291078 0.559702
v -0.317094 -0.252980 0.577657
v -0.317094 -0.252980 0.577657
v -0.341103 -0.211539 0.587070
v -0.341103 -0.211539 0.587070
v -0.344408 -0.197496 0.593657
v -0.344408 -0.197496 0.593657
v -0.355732 -0.164772 0.599577
v -0.355732 -0.164772 0.599577
v -0.366118 -0.118777 0.605335
v -0.366118 -0.118777 0.605335
v -0.364186 -0.102731 0.609615
v -0.364564 -0.100752 0.609558
v -0.364564 -0.100752 0.609558
v -0.364186 -0.102731 0.609615
v -0.365090 -0.069331 0.611845
v -0.365090 -0.069331 0.611845
v -0.362210 -0.023789 0.612988
v -0.362210 -0.023789 0.612988
v -0.355544 -0.013413 0.614358
v -0.355544 -0.013413 0.614358
v -0.347119 0.022236 0.612119
v -0.347119 0.022236 0.612119
v -0.340924 0.021460 0.612194
v -0.340924 0.021460 0.612194
v -0.336998 -0.014573 0.614482
v -0.336998 -0.014573 0.614482
v -0.331543 -0.023785 0.613136
v -0.331543 -0.023785 0.613136
v -0.323250 -0.064043 0.611897
v -0.323250 -0.064043 0.611897
v -0.312671 -0.090853 0.609530
v -0.312293 -0.092832 0.609587
v -0.312671 -0.090853 0.609530
v -0.312293 -0.092832 0.609587
v -0.305332 -0.103172 0.605414
v -0.305332 -0.103172 0.605414
v 0.294997 -0.103172 0.605414
v 0.294997 -0.103172 0.605414
v 0.302336 -0.090853 0.609530
v 0.301959 -0.092832 0.609587
v 0.302336 -0.090853 0.609530
v 0.301959 -0.092832 0.609587
v 0.312915 -0.064043 0.611897
v 0.312915 -0.064043 0.611897
v 0.321208 -0.023785 0.613136
v 0.321208 -0.023785 0.613136
v 0.326663 -0.014573 0.614482
v 0.326663 -0.014573 0.614482
v 0.330590 0.021460 0.612194
v 0.330590 0.021460 0.612194
v -0.289276 -0.138470 0.599911
v -0.289276 -0.138470 0.599911
v 0.278942 -0.138470 0.599911
v 0.278942 -0.138470 0.599911
v -0.273127 -0.163982 0.594155
v -0.273127 -0.163982 0.594155
v 0.262792 -0.163982 0.594155
v 0.262792 -0.163982 0.594155
v -0.266604 -0.170664 0.588019
v -0.266604 -0.170664 0.588019
v 0.256269 -0.170664 0.588019
v 0.256269 -0.170664 0.588019
v -0.244797 -0.200614 0.579544
v -0.244797 -0.200614 0.579544
v 0.234462 -0.200614 0.579544
v 0.234462 -0.200614 0.579544
v -0.272291 -0.276204 0.562901
v -0.220105 -0.227902 0.571073
v -0.220105 -0.227902 0.571073
v -0.272291 -0.276204 0.562901
v 0.269094 -0.283662 0.561675
v 0.277127 -0.291981 0.559624
v 0.269094 -0.283662 0.561675
v 0.277127 -0.291981 0.559624
v 0.261957 -0.276204 0.562901
v 0.209770 -0.227902 0.571073
v 0.209770 -0.227902 0.571073
v 0.261957 -0.276204 0.562901
v 0.275895 -0.290289 0.574437
v 0.275895 -0.290289 0.574437
v 0.304971 -0.252190 0.583562
v 0.304971 -0.252190 0.583562
v 0.327968 -0.210472 0.592537
v 0.327968 -0.210472 0.592537
v 0.330627 -0.196162 0.598675
v 0.330627 -0.196162 0.598675
v 0.341321 -0.163287 0.604058
v 0.341321 -0.163287 0.604058
v 0.351003 -0.117661 0.609186
v 0.351003 -0.117661 0.609186
v 0.348576 -0.101724 0.612775
v 0.348970 -0.099658 0.612715
v 0.348970 -0.099658 0.612715
v 0.348576 -0.101724 0.612775
v 0.349059 -0.068541 0.614273
v 0.349059 -0.068541 0.614273
v 0.345859 -0.023741 0.614655
v 0.345859 -0.023741 0.614655
v 0.339048 -0.013751 0.615225
v 0.339048 -0.013751 0.615225
v -0.279428 -0.283662 0.561675
v -0.287462 -0.291981 0.559624
v -0.279428 -0.283662 0.561675
v -0.287462 -0.291981 0.559624
v -0.286230 -0.290289 0.574437
v -0.286230 -0.290289 0.574437
v -0.315305 -0.252190 0.583562
v -0.315305 -0.252190 0.583562
v -0.338303 -0.210472 0.592537
v -0.338303 -0.210472 0.592537
v -0.340961 -0.196162 0.598675
v -0.340961 -0.196162 0.598675
v -0.351656 -0.163287 0.604058
v -0.351656 -0.163287 0.604058
v -0.361338 -0.117661 0.609186
v -0.361338 -0.117661 0.609186
v -0.358910 -0.101724 0.612775
v -0.359304 -0.099658 0.612715
v -0.359304 -0.099658 0.612715
v -0.358910 -0.101724 0.612775
v -0.359394 -0.068541 0.614273
v -0.359394 -0.068541 0.614273
v -0.356194 -0.023741 0.614655
v -0.356194 -0.023741 0.614655
v -0.349383 -0.013751 0.615225
v -0.349383 -0.013751 0.615225
v -0.343164 -0.014140 0.615266
v -0.343164 -0.014140 0.615266
v -0.337574 -0.023739 0.614745
v -0.337574 -0.023739 0.614745
v -0.328969 -0.064697 0.614311
v -0.328969 -0.064697 0.614311
v -0.317960 -0.091771 0.612693
v -0.317566 -0.093837 0.612753
v -0.317960 -0.091771 0.612693
v -0.317566 -0.093837 0.612753
v -0.310068 -0.104499 0.609252
v -0.310068 -0.104499 0.609252
v -0.293303 -0.140192 0.604351
v -0.293303 -0.140192 0.604351
v 0.282969 -0.140192 0.604351
v 0.282969 -0.140192 0.604351
v 0.299733 -0.104499 0.609252
v 0.299733 -0.104499 0.609252
v 0.307626 -0.091771 0.612693
v 0.307231 -0.093837 0.612753
v 0.307626 -0.091771 0.612693
v 0.307231 -0.093837 0.612753
v 0.318634 -0.064697 0.614311
v 0.318634 -0.064697 0.614311
v 0.327240 -0.023739 0.614745
v 0.327240 -0.023739 0.614745
v 0.332829 -0.014140 0.615266
v 0.332829 -0.014140 0.615266
v -0.276410 -0.165813 0.599126
v -0.276410 -0.165813 0.599126
v 0.266075 -0.165813 0.599126
v 0.266075 -0.165813 0.599126
v -0.269114 -0.172510 0.593418
v -0.269114 -0.172510 0.593418
v 0.258779 -0.172510 0.593418
v 0.258779 -0.172510 0.593418
v -0.246498 -0.202346 0.585285
v -0.246498 -0.202346 0.585285
v 0.236163 -0.202346 0.585285
v 0.236163 -0.202346 0.585285
v -0.221056 -0.229312 0.577068
v -0.221056 -0.229312 0.577068
v 0.210721 -0.229312 0.577068
v 0.210721 -0.229312 0.577068
v 0.234990 -0.315688 0.557047
v 0.242518 -0.324482 0.554928
v 0.234990 -0.315688 0.557047
v 0.242518 -0.324482 0.554928
v 0.274858 -0.291263 0.574352
v 0.274858 -0.291263 0.574352
v 0.274282 -0.289285 0.580360
v 0.274282 -0.289285 0.580360
v 0.302384 -0.250785 0.589058
v 0.302384 -0.250785 0.589058
v 0.324568 -0.209037 0.597564
v 0.324568 -0.209037 0.597564
v 0.326618 -0.194534 0.603161
v 0.326618 -0.194534 0.603161
v 0.336733 -0.161581 0.607925
v 0.336733 -0.161581 0.607925
v 0.345774 -0.116409 0.612353
v 0.345774 -0.116409 0.612353
v 0.342935 -0.100648 0.615194
v 0.343342 -0.098515 0.615133
v 0.343342 -0.098515 0.615133
v 0.342935 -0.100648 0.615194
v 0.343091 -0.067740 0.615918
v 0.343091 -0.067740 0.615918
v 0.339675 -0.023717 0.615511
v 0.339675 -0.023717 0.615511
v -0.245325 -0.315688 0.557047
v -0.252852 -0.324482 0.554928
v -0.245325 -0.315688 0.557047
v -0.252852 -0.324482 0.554928
v -0.285192 -0.291263 0.574352
v -0.285192 -0.291263 0.574352
v -0.284617 -0.289285 0.580360
v -0.284617 -0.289285 0.580360
v -0.312719 -0.250785 0.589058
v -0.312719 -0.250785 0.589058
v -0.334903 -0.209037 0.597564
v -0.334903 -0.209037 0.597564
v -0.336952 -0.194534 0.603161
v -0.336952 -0.194534 0.603161
v -0.347067 -0.161581 0.607925
v -0.347067 -0.161581 0.607925
v -0.356109 -0.116409 0.612353
v -0.356109 -0.116409 0.612353
v -0.353269 -0.100648 0.615194
v -0.353676 -0.098515 0.615133
v -0.353676 -0.098515 0.615133
v -0.353269 -0.100648 0.615194
v -0.353426 -0.067740 0.615918
v -0.353426 -0.067740 0.615918
v -0.350010 -0.023717 0.615511
v -0.350010 -0.023717 0.615511
v -0.343766 -0.023716 0.615541
v -0.343766 -0.023716 0.615541
v -0.334953 -0.065406 0.615941
v -0.334953 -0.065406 0.615941
v -0.323611 -0.092780 0.615117
v -0.323205 -0.094913 0.615178
v -0.323611 -0.092780 0.615117
v -0.323205 -0.094913 0.615178
v -0.315261 -0.105922 0.612406
v -0.315261 -0.105922 0.612406
v -0.297850 -0.142102 0.608173
v -0.297850 -0.142102 0.608173
v -0.280272 -0.167885 0.603556
v -0.280272 -0.167885 0.603556
v 0.269938 -0.167885 0.603556
v 0.269938 -0.167885 0.603556
v 0.287515 -0.142102 0.608173
v 0.287515 -0.142102 0.608173
v 0.304926 -0.105922 0.612406
v 0.304926 -0.105922 0.612406
v 0.313277 -0.092780 0.615117
v 0.312870 -0.094913 0.615178
v 0.313277 -0.092780 0.615117
v 0.312870 -0.094913 0.615178
v 0.324618 -0.065406 0.615941
v 0.324618 -0.065406 0.615941
v 0.333432 -0.023716 0.615541
v 0.333432 -0.023716 0.615541
v -0.272247 -0.174659 0.598362
v -0.272247 -0.174659 0.598362
v 0.261912 -0.174659 0.598362
v 0.261912 -0.174659 0.598362
v -0.248816 -0.204494 0.590658
v -0.248816 -0.204494 0.590658
v 0.238482 -0.204494 0.590658
v 0.238482 -0.204494 0.590658
v -0.222589 -0.231246 0.582790
v -0.222589 -0.231246 0.582790
v 0.212255 -0.231246 0.582790
v 0.212255 -0.231246 0.582790
v -0.192747 -0.253593 0.567189
v -0.223248 -0.224950 0.571327
v -0.223248 -0.224950 0.571327
v -0.192747 -0.253593 0.567189
v 0.196704 -0.343504 0.553028
v 0.203040 -0.353164 0.550784
v 0.196704 -0.343504 0.553028
v 0.203040 -0.353164 0.550784
v 0.182412 -0.253593 0.567189
v 0.212914 -0.224950 0.571327
v 0.212914 -0.224950 0.571327
v 0.182412 -0.253593 0.567189
v 0.240201 -0.323808 0.569650
v 0.240201 -0.323808 0.569650
v 0.273260 -0.290245 0.580277
v 0.273260 -0.290245 0.580277
v 0.271951 -0.287573 0.585883
v 0.271951 -0.287573 0.585883
v 0.299245 -0.248941 0.594120
v 0.299245 -0.248941 0.594120
v 0.320630 -0.207259 0.602062
v 0.320630 -0.207259 0.602062
v 0.322118 -0.192639 0.607034
v 0.322118 -0.192639 0.607034
v 0.331713 -0.159685 0.611111
v 0.331713 -0.159685 0.611111
v 0.340188 -0.115044 0.614781
v 0.340188 -0.115044 0.614781
v 0.337029 -0.099521 0.616830
v 0.337444 -0.097343 0.616768
v 0.337444 -0.097343 0.616768
v 0.337029 -0.099521 0.616830
v 0.336956 -0.066941 0.616752
v 0.336956 -0.066941 0.616752
v -0.207039 -0.343504 0.553028
v -0.213374 -0.353164 0.550784
v -0.207039 -0.343504 0.553028
v -0.213374 -0.353164 0.550784
v -0.250535 -0.323808 0.569650
v -0.250535 -0.323808 0.569650
v -0.283595 -0.290245 0.580277
v -0.283595 -0.290245 0.580277
v -0.282285 -0.287573 0.585883
v -0.282285 -0.287573 0.585883
v -0.309579 -0.248941 0.594120
v -0.309579 -0.248941 0.594120
v -0.330964 -0.207259 0.602062
v -0.330964 -0.207259 0.602062
v -0.332453 -0.192639 0.607034
v -0.332453 -0.192639 0.607034
v -0.342048 -0.159685 0.611111
v -0.342048 -0.159685 0.611111
v -0.350523 -0.115044 0.614781
v -0.350523 -0.115044 0.614781
v -0.347363 -0.099521 0.616830
v -0.347779 -0.097343 0.616768
v -0.347779 -0.097343 0.616768
v -0.347363 -0.099521 0.616830
v -0.347290 -0.066941 0.616752
v -0.347290 -0.066941 0.616752
v -0.341096 -0.066158 0.616760
v -0.341096 -0.066158 0.616760
v -0.329525 -0.093861 0.616758
v -0.329109 -0.096039 0.616821
v -0.329525 -0.093861 0.616758
v -0.329109 -0.096039 0.616821
v -0.320819 -0.107419 0.614819
v -0.320819 -0.107419 0.614819
v -0.302835 -0.144166 0.611308
v -0.302835 -0.144166 0.611308
v -0.284646 -0.170162 0.607367
v -0.284646 -0.170162 0.607367
v -0.275948 -0.177074 0.602763
v -0.275948 -0.177074 0.602763
v 0.265614 -0.177074 0.602763
v 0.265614 -0.177074 0.602763
v 0.274311 -0.170162 0.607367
v 0.274311 -0.170162 0.607367
v 0.292500 -0.144166 0.611308
v 0.292500 -0.144166 0.611308
v 0.310484 -0.107419 0.614819
v 0.310484 -0.107419 0.614819
v 0.319190 -0.093861 0.616758
v 0.318774 -0.096039 0.616821
v 0.319190 -0.093861 0.616758
v 0.318774 -0.096039 0.616821
v 0.330762 -0.066158 0.616760
v 0.330762 -0.066158 0.616760
v -0.251710 -0.207020 0.595569
v -0.251710 -0.207020 0.595569
v 0.241375 -0.207020 0.595569
v 0.241375 -0.207020 0.595569
v -0.224679 -0.233670 0.588140
v -0.224679 -0.233670 0.588140
v 0.214345 -0.233670 0.588140
v 0.214345 -0.233670 0.588140
v -0.193418 -0.255265 0.573154
v -0.224053 -0.226497 0.577311
v -0.193418 -0.255265 0.573154
v -0.224053 -0.226497 0.577311
v -0.162787 -0.275360 0.564044
v -0.162787 -0.275360 0.564044
v 0.155238 -0.366300 0.549735
v 0.160279 -0.376672 0.547388
v 0.155238 -0.366300 0.549735
v 0.160279 -0.376672 0.547388
v 0.152452 -0.275360 0.564044
v 0.152452 -0.275360 0.564044
v 0.201090 -0.352224 0.565545
v 0.201090 -0.352224 0.565545
v 0.183083 -0.255265 0.573154
v 0.213718 -0.226497 0.577311
v 0.213718 -0.226497 0.577311
v 0.183083 -0.255265 0.573154
v 0.238630 -0.322765 0.575579
v 0.238630 -0.322765 0.575579
v 0.270995 -0.288471 0.585805
v 0.270995 -0.288471 0.585805
v 0.269120 -0.285355 0.590977
v 0.269120 -0.285355 0.590977
v 0.295607 -0.246689 0.598659
v 0.295607 -0.246689 0.598659
v 0.316221 -0.205171 0.605952
v 0.316221 -0.205171 0.605952
v 0.317207 -0.190511 0.610226
v 0.317207 -0.190511 0.610226
v 0.326351 -0.157633 0.613558
v 0.326351 -0.157633 0.613558
v 0.334345 -0.113591 0.616426
v 0.334345 -0.113591 0.616426
v 0.330961 -0.098364 0.617654
v 0.331381 -0.096163 0.617591
v 0.331381 -0.096163 0.617591
v 0.330961 -0.098364 0.617654
v -0.165573 -0.366300 0.549735
v -0.170613 -0.376672 0.547388
v -0.165573 -0.366300 0.549735
v -0.170613 -0.376672 0.547388
v -0.211424 -0.352224 0.565545
v -0.211424 -0.352224 0.565545
v -0.248964 -0.322765 0.575579
v -0.248964 -0.322765 0.575579
v -0.281329 -0.288471 0.585805
v -0.281329 -0.288471 0.585805
v -0.279455 -0.285355 0.590977
v -0.279455 -0.285355 0.590977
v -0.305941 -0.246689 0.598659
v -0.305941 -0.246689 0.598659
v -0.326555 -0.205171 0.605952
v -0.326555 -0.205171 0.605952
v -0.327542 -0.190511 0.610226
v -0.327542 -0.190511 0.610226
v -0.336685 -0.157633 0.613558
v -0.336685 -0.157633 0.613558
v -0.344679 -0.113591 0.616426
v -0.344679 -0.113591 0.616426
v -0.341296 -0.098364 0.617654
v -0.341716 -0.096163 0.617591
v -0.341716 -0.096163 0.617591
v -0.341296 -0.098364 0.617654
v -0.335595 -0.094995 0.617587
v -0.335175 -0.097197 0.617651
v -0.335595 -0.094995 0.617587
v -0.335175 -0.097197 0.617651
v -0.326644 -0.108961 0.616450
v -0.326644 -0.108961 0.616450
v -0.308170 -0.146347 0.613702
v -0.308170 -0.146347 0.613702
v -0.289453 -0.172603 0.610492
v -0.289453 -0.172603 0.610492
v -0.280152 -0.179711 0.606543
v -0.280152 -0.179711 0.606543
v -0.255129 -0.209880 0.599931
v -0.255129 -0.209880 0.599931
v 0.244794 -0.209880 0.599931
v 0.244794 -0.209880 0.599931
v 0.269818 -0.179711 0.606543
v 0.269818 -0.179711 0.606543
v 0.279118 -0.172603 0.610492
v 0.279118 -0.172603 0.610492
v 0.297836 -0.146347 0.613702
v 0.297836 -0.146347 0.613702
v 0.316309 -0.108961 0.616450
v 0.316309 -0.108961 0.616450
v 0.325261 -0.094995 0.617587
v 0.324841 -0.097197 0.617651
v 0.325261 -0.094995 0.617587
v 0.324841 -0.097197 0.617651
v -0.227288 -0.236541 0.593021
v -0.227288 -0.236541 0.593021
v 0.216953 -0.236541 0.593021
v 0.216953 -0.236541 0.593021
v -0.194606 -0.257524 0.578840
v -0.225408 -0.228599 0.583019
v -0.194606 -0.257524 0.578840
v -0.225408 -0.228599 0.583019
v -0.163351 -0.277110 0.569998
v -0.163351 -0.277110 0.569998
v -0.130371 -0.293181 0.561469
v -0.130371 -0.293181 0.561469
v 0.137615 -0.373278 0.548726
v 0.141990 -0.383913 0.546342
v 0.137615 -0.373278 0.548726
v 0.141990 -0.383913 0.546342
v 0.120036 -0.293181 0.561469
v 0.120036 -0.293181 0.561469
v 0.158727 -0.375513 0.562180
v 0.158727 -0.375513 0.562180
v 0.153017 -0.277110 0.569998
v 0.153017 -0.277110 0.569998
v 0.199768 -0.351000 0.571499
v 0.199768 -0.351000 0.571499
v 0.184272 -0.257524 0.578840
v 0.215074 -0.228599 0.583019
v 0.184272 -0.257524 0.578840
v 0.215074 -0.228599 0.583019
v 0.236441 -0.320919 0.581117
v 0.236441 -0.320919 0.581117
v 0.268268 -0.286155 0.590908
v 0.268268 -0.286155 0.590908
v 0.265841 -0.282670 0.595554
v 0.265841 -0.282670 0.595554
v 0.291535 -0.244070 0.602595
v 0.291535 -0.244070 0.602595
v 0.311420 -0.202809 0.609165
v 0.311420 -0.202809 0.609165
v 0.311972 -0.188189 0.612681
v 0.311972 -0.188189 0.612681
v 0.320741 -0.155459 0.615224
v 0.320741 -0.155459 0.615224
v 0.328346 -0.112075 0.617260
v 0.328346 -0.112075 0.617260
v -0.147949 -0.373278 0.548726
v -0.152325 -0.383913 0.546342
v -0.147949 -0.373278 0.548726
v -0.152325 -0.383913 0.546342
v -0.169062 -0.375513 0.562180
v -0.169062 -0.375513 0.562180
v -0.210102 -0.351000 0.571499
v -0.210102 -0.351000 0.571499
v -0.246775 -0.320919 0.581117
v -0.246775 -0.320919 0.581117
v -0.278602 -0.286155 0.590908
v -0.278602 -0.286155 0.590908
v -0.276175 -0.282670 0.595554
v -0.276175 -0.282670 0.595554
v -0.301869 -0.244070 0.602595
v -0.301869 -0.244070 0.602595
v -0.321755 -0.202809 0.609165
v -0.321755 -0.202809 0.609165
v -0.322307 -0.188189 0.612681
v -0.322307 -0.188189 0.612681
v -0.331075 -0.155459 0.615224
v -0.331075 -0.155459 0.615224
v -0.338681 -0.112075 0.617260
v -0.338681 -0.112075 0.617260
v -0.332633 -0.110522 0.617268
v -0.332633 -0.110522 0.617268
v -0.313762 -0.148607 0.615312
v -0.313762 -0.148607 0.615312
v -0.294609 -0.175166 0.612874
v -0.294609 -0.175166 0.612874
v -0.284784 -0.182525 0.609635
v -0.284784 -0.182525 0.609635
v -0.259011 -0.213024 0.603668
v -0.259011 -0.213024 0.603668
v -0.230370 -0.239809 0.597348
v -0.230370 -0.239809 0.597348
v 0.220035 -0.239809 0.597348
v 0.220035 -0.239809 0.597348
v 0.248677 -0.213024 0.603668
v 0.248677 -0.213024 0.603668
v 0.274450 -0.182525 0.609635
v 0.274450 -0.182525 0.609635
v 0.284274 -0.175166 0.612874
v 0.284274 -0.175166 0.612874
v 0.303428 -0.148607 0.615312
v 0.303428 -0.148607 0.615312
v 0.322299 -0.110522 0.617268
v 0.322299 -0.110522 0.617268
v -0.196292 -0.260328 0.584146
v -0.227290 -0.231218 0.588351
v -0.196292 -0.260328 0.584146
v -0.227290 -0.231218 0.588351
v -0.164352 -0.279505 0.575664
v -0.164352 -0.279505 0.575664
v -0.130820 -0.294994 0.567414
v -0.130820 -0.294994 0.567414
v -0.117437 -0.298302 0.560729
v -0.117437 -0.298302 0.560729
v 0.111205 -0.383734 0.546597
v 0.114908 -0.394636 0.544158
v 0.111205 -0.383734 0.546597
v 0.114908 -0.394636 0.544158
v 0.107103 -0.298302 0.560729
v 0.107103 -0.298302 0.560729
v 0.140502 -0.382729 0.561137
v 0.140502 -0.382729 0.561137
v 0.120485 -0.294994 0.567414
v 0.120485 -0.294994 0.567414
v 0.157675 -0.374141 0.568156
v 0.157675 -0.374141 0.568156
v 0.154017 -0.279505 0.575664
v 0.154017 -0.279505 0.575664
v 0.197925 -0.348902 0.577074
v 0.197925 -0.348902 0.577074
v 0.185957 -0.260328 0.584146
v 0.216956 -0.231218 0.588351
v 0.185957 -0.260328 0.584146
v 0.216956 -0.231218 0.588351
v 0.233826 -0.318498 0.586235
v 0.233826 -0.318498 0.586235
v 0.265127 -0.283340 0.595496
v 0.265127 -0.283340 0.595496
v 0.262170 -0.279566 0.599531
v 0.262170 -0.279566 0.599531
v 0.287101 -0.241131 0.605857
v 0.287101 -0.241131 0.605857
v 0.306313 -0.200215 0.611643
v 0.306313 -0.200215 0.611643
v 0.306505 -0.185712 0.614356
v 0.306505 -0.185712 0.614356
v 0.314982 -0.153204 0.616080
v 0.314982 -0.153204 0.616080
v -0.121540 -0.383734 0.546597
v -0.125243 -0.394636 0.544158
v -0.121540 -0.383734 0.546597
v -0.125243 -0.394636 0.544158
v -0.150836 -0.382729 0.561137
v -0.150836 -0.382729 0.561137
v -0.168010 -0.374141 0.568156
v -0.168010 -0.374141 0.568156
v -0.208260 -0.348902 0.577074
v -0.208260 -0.348902 0.577074
v -0.244161 -0.318498 0.586235
v -0.244161 -0.318498 0.586235
v -0.275462 -0.283340 0.595496
v -0.275462 -0.283340 0.595496
v -0.272505 -0.279566 0.599531
v -0.272505 -0.279566 0.599531
v -0.297436 -0.241131 0.605857
v -0.297436 -0.241131 0.605857
v -0.316647 -0.200215 0.611643
v -0.316647 -0.200215 0.611643
v -0.316839 -0.185712 0.614356
v -0.316839 -0.185712 0.614356
v -0.325317 -0.153204 0.616080
v -0.325317 -0.153204 0.616080
v -0.319512 -0.150906 0.616109
v -0.319512 -0.150906 0.616109
v -0.300022 -0.177806 0.614473
v -0.300022 -0.177806 0.614473
v -0.289763 -0.185465 0.611986
v -0.289763 -0.185465 0.611986
v -0.263290 -0.216395 0.606712
v -0.263290 -0.216395 0.606712
v -0.233870 -0.243415 0.601045
v -0.233870 -0.243415 0.601045
v 0.223535 -0.243415 0.601045
v 0.223535 -0.243415 0.601045
v 0.252955 -0.216395 0.606712
v 0.252955 -0.216395 0.606712
v 0.279428 -0.185465 0.611986
v 0.279428 -0.185465 0.611986
v 0.289688 -0.177806 0.614473
v 0.289688 -0.177806 0.614473
v 0.309177 -0.150906 0.616109
v 0.309177 -0.150906 0.616109
v -0.229665 -0.234309 0.593214
v -0.198444 -0.263628 0.588978
v -0.229665 -0.234309 0.593214
v -0.198444 -0.263628 0.588978
v -0.165770 -0.282503 0.580942
v -0.165770 -0.282503 0.580942
v -0.131616 -0.297502 0.573063
v -0.131616 -0.297502 0.573063
v -0.117765 -0.300163 0.566667
v -0.117765 -0.300163 0.566667
v -0.095755 -0.306886 0.558981
v -0.095755 -0.306886 0.558981
v 0.065396 -0.395496 0.544202
v 0.067644 -0.406771 0.541687
v 0.065396 -0.395496 0.544202
v 0.067644 -0.406771 0.541687
v 0.085420 -0.306886 0.558981
v 0.085420 -0.306886 0.558981
v 0.113530 -0.393408 0.558962
v 0.113530 -0.393408 0.558962
v 0.107430 -0.300163 0.566667
v 0.107430 -0.300163 0.566667
v 0.139533 -0.381324 0.567118
v 0.139533 -0.381324 0.567118
v 0.121281 -0.297502 0.573063
v 0.121281 -0.297502 0.573063
v 0.156210 -0.371836 0.573760
v 0.156210 -0.371836 0.573760
v 0.155436 -0.282503 0.580942
v 0.155436 -0.282503 0.580942
v 0.195725 -0.346180 0.582235
v 0.195725 -0.346180 0.582235
v 0.219331 -0.234309 0.593214
v 0.188109 -0.263628 0.588978
v 0.219331 -0.234309 0.593214
v 0.188109 -0.263628 0.588978
v 0.230832 -0.315545 0.590843
v 0.230832 -0.315545 0.590843
v 0.261628 -0.280075 0.599487
v 0.261628 -0.280075 0.599487
v 0.258173 -0.276098 0.602839
v 0.258173 -0.276098 0.602839
v 0.282384 -0.237922 0.608389
v 0.282384 -0.237922 0.608389
v 0.300989 -0.197435 0.613344
v 0.300989 -0.197435 0.613344
v 0.300902 -0.183126 0.615221
v 0.300902 -0.183126 0.615221
v -0.075730 -0.395496 0.544202
v -0.077978 -0.406771 0.541687
v -0.075730 -0.395496 0.544202
v -0.077978 -0.406771 0.541687
v -0.123864 -0.393408 0.558962
v -0.123864 -0.393408 0.558962
v -0.149868 -0.381324 0.567118
v -0.149868 -0.381324 0.567118
v -0.166544 -0.371836 0.573760
v -0.166544 -0.371836 0.573760
v -0.206059 -0.346180 0.582235
v -0.206059 -0.346180 0.582235
v -0.241167 -0.315545 0.590843
v -0.241167 -0.315545 0.590843
v -0.271963 -0.280075 0.599487
v -0.271963 -0.280075 0.599487
v -0.268508 -0.276098 0.602839
v -0.268508 -0.276098 0.602839
v -0.292718 -0.237922 0.608389
v -0.292718 -0.237922 0.608389
v -0.311323 -0.197435 0.613344
v -0.311323 -0.197435 0.613344
v -0.311237 -0.183126 0.615221
v -0.311237 -0.183126 0.615221
v -0.305598 -0.180475 0.615260
v -0.305598 -0.180475 0.615260
v -0.295000 -0.188479 0.613552
v -0.295000 -0.188479 0.613552
v -0.267888 -0.219934 0.609011
v -0.267888 -0.219934 0.609011
v -0.237726 -0.247296 0.604045
v -0.237726 -0.247296 0.604045
v 0.227392 -0.247296 0.604045
v 0.227392 -0.247296 0.604045
v 0.257553 -0.219934 0.609011
v 0.257553 -0.219934 0.609011
v 0.284666 -0.188479 0.613552
v 0.284666 -0.188479 0.613552
v 0.295263 -0.180475 0.615260
v 0.295263 -0.180475 0.615260
v -0.232492 -0.237816 0.597520
v -0.201025 -0.267365 0.593251
v -0.232492 -0.237816 0.597520
v -0.201025 -0.267365 0.593251
v -0.167582 -0.286051 0.585738
v -0.167582 -0.286051 0.585738
v -0.132744 -0.300659 0.578318
v -0.132744 -0.300659 0.578318
v -0.118395 -0.302736 0.572307
v -0.118395 -0.302736 0.572307
v -0.095981 -0.308788 0.564911
v -0.095981 -0.308788 0.564911
v -0.060075 -0.316047 0.557115
v -0.060075 -0.316047 0.557115
v 0.018477 -0.401423 0.542995
v 0.019231 -0.412887 0.540441
v 0.018477 -0.401423 0.542995
v 0.019231 -0.412887 0.540441
v 0.049741 -0.316047 0.557115
v 0.049741 -0.316047 0.557115
v 0.066807 -0.405404 0.556520
v 0.066807 -0.405404 0.556520
v 0.085646 -0.308788 0.564911
v 0.085646 -0.308788 0.564911
v 0.112664 -0.391962 0.564952
v 0.112664 -0.391962 0.564952
v 0.108061 -0.302736 0.572307
v 0.108061 -0.302736 0.572307
v 0.138211 -0.378962 0.572731
v 0.138211 -0.378962 0.572731
v 0.122410 -0.300659 0.578318
v 0.122410 -0.300659 0.578318
v 0.154459 -0.368866 0.578958
v 0.154459 -0.368866 0.578958
v 0.157247 -0.286051 0.585738
v 0.157247 -0.286051 0.585738
v 0.193205 -0.342883 0.586893
v 0.193205 -0.342883 0.586893
v 0.222158 -0.237816 0.597520
v 0.190690 -0.267365 0.593251
v 0.222158 -0.237816 0.597520
v 0.190690 -0.267365 0.593251
v 0.227513 -0.312112 0.594858
v 0.227513 -0.312112 0.594858
v 0.257834 -0.276417 0.602812
v 0.257834 -0.276417 0.602812
v 0.253921 -0.272327 0.605419
v 0.253921 -0.272327 0.605419
v 0.277466 -0.234500 0.610145
v 0.277466 -0.234500 0.610145
v 0.295542 -0.194518 0.614237
v 0.295542 -0.194518 0.614237
v -0.028812 -0.401423 0.542995
v -0.029566 -0.412887 0.540441
v -0.028812 -0.401423 0.542995
v -0.029566 -0.412887 0.540441
v -0.077142 -0.405404 0.556520
v -0.077142 -0.405404 0.556520
v -0.122998 -0.391962 0.564952
v -0.122998 -0.391962 0.564952
v -0.148546 -0.378962 0.572731
v -0.148546 -0.378962 0.572731
v -0.164794 -0.368866 0.578958
v -0.164794 -0.368866 0.578958
v -0.203540 -0.342883 0.586893
v -0.203540 -0.342883 0.586893
v -0.237847 -0.312112 0.594858
v -0.237847 -0.312112 0.594858
v -0.268168 -0.276417 0.602812
v -0.268168 -0.276417 0.602812
v -0.264255 -0.272327 0.605419
v -0.264255 -0.272327 0.605419
v -0.287801 -0.234500 0.610145
v -0.287801 -0.234500 0.610145
v -0.305876 -0.194518 0.614237
v -0.305876 -0.194518 0.614237
v -0.300403 -0.191514 0.614307
v -0.300403 -0.191514 0.614307
v -0.272725 -0.223579 0.610523
v -0.272725 -0.223579 0.610523
v -0.241872 -0.251383 0.606296
v -0.241872 -0.251383 0.606296
v 0.231537 -0.251383 0.606296
v 0.231537 -0.251383 0.606296
v 0.262390 -0.223579 0.610523
v 0.262390 -0.223579 0.610523
v 0.290068 -0.191514 0.614307
v 0.290068 -0.191514 0.614307
v -0.235720 -0.241677 0.601195
v -0.203989 -0.271474 0.596889
v -0.235720 -0.241677 0.601195
v -0.203989 -0.271474 0.596889
v -0.169754 -0.290085 0.589968
v -0.169754 -0.290085 0.589968
v -0.134185 -0.304410 0.583085
v -0.134185 -0.304410 0.583085
v -0.119316 -0.305976 0.577550
v -0.119316 -0.305976 0.577550
v -0.096463 -0.311420 0.570539
v -0.096463 -0.311420 0.570539
v -0.060212 -0.317972 0.563040
v -0.060212 -0.317972 0.563040
v -0.023563 -0.320660 0.556176
v -0.023563 -0.320660 0.556176
v 0.013228 -0.320660 0.556176
v 0.013228 -0.320660 0.556176
v 0.018951 -0.411450 0.555288
v 0.018951 -0.411450 0.555288
v 0.049878 -0.317972 0.563040
v 0.049878 -0.317972 0.563040
v 0.066281 -0.403871 0.562526
v 0.066281 -0.403871 0.562526
v 0.086129 -0.311420 0.570539
v 0.086129 -0.311420 0.570539
v 0.111503 -0.389536 0.570577
v 0.111503 -0.389536 0.570577
v 0.108982 -0.305976 0.577550
v 0.108982 -0.305976 0.577550
v 0.136647 -0.375918 0.577939
v 0.136647 -0.375918 0.577939
v 0.123851 -0.304410 0.583085
v 0.123851 -0.304410 0.583085
v 0.152455 -0.365285 0.583656
v 0.152455 -0.365285 0.583656
v 0.159419 -0.290085 0.589968
v 0.159419 -0.290085 0.589968
v 0.190411 -0.339068 0.590964
v 0.190411 -0.339068 0.590964
v 0.225386 -0.241677 0.601195
v 0.193655 -0.271474 0.596889
v 0.225386 -0.241677 0.601195
v 0.193655 -0.271474 0.596889
v 0.223925 -0.308259 0.598211
v 0.223925 -0.308259 0.598211
v 0.253810 -0.272432 0.605410
v 0.253810 -0.272432 0.605410
v 0.251956 -0.270551 0.606220
v 0.249488 -0.268320 0.607226
v 0.249498 -0.268310 0.607224
v 0.249611 -0.268172 0.607240
v 0.249611 -0.268172 0.607240
v 0.249498 -0.268310 0.607224
v 0.249488 -0.268320 0.607226
v 0.251956 -0.270551 0.606220
v 0.272435 -0.230927 0.611095
v 0.272435 -0.230927 0.611095
v -0.029285 -0.411450 0.555288
v -0.029285 -0.411450 0.555288
v -0.076616 -0.403871 0.562526
v -0.076616 -0.403871 0.562526
v -0.121838 -0.389536 0.570577
v -0.121838 -0.389536 0.570577
v -0.146982 -0.375918 0.577939
v -0.146982 -0.375918 0.577939
v -0.162789 -0.365285 0.583656
v -0.162789 -0.365285 0.583656
v -0.200745 -0.339068 0.590964
v -0.200745 -0.339068 0.590964
v -0.234260 -0.308259 0.598211
v -0.234260 -0.308259 0.598211
v -0.264144 -0.272432 0.605410
v -0.264144 -0.272432 0.605410
v -0.262290 -0.270551 0.606220
v -0.259822 -0.268320 0.607226
v -0.259832 -0.268310 0.607224
v -0.259946 -0.268172 0.607240
v -0.259946 -0.268172 0.607240
v -0.259832 -0.268310 0.607224
v -0.259822 -0.268320 0.607226
v -0.262290 -0.270551 0.606220
v -0.282770 -0.230927 0.611095
v -0.282770 -0.230927 0.611095
v -0.277715 -0.227265 0.611222
v -0.277715 -0.227265 0.611222
v -0.246232 -0.255603 0.607759
v -0.246232 -0.255603 0.607759
v 0.235897 -0.255603 0.607759
v 0.235897 -0.255603 0.607759
v 0.267380 -0.227265 0.611222
v 0.267380 -0.227265 0.611222
v -0.239293 -0.245825 0.604172
v -0.207284 -0.275883 0.599829
v -0.239293 -0.245825 0.604172
v -0.207284 -0.275883 0.599829
v -0.172249 -0.294535 0.593557
v -0.172249 -0.294535 0.593557
v -0.135913 -0.308689 0.587280
v -0.135913 -0.308689 0.587280
v -0.120513 -0.309824 0.582303
v -0.120513 -0.309824 0.582303
v -0.097194 -0.314734 0.575766
v -0.097194 -0.314734 0.575766
v -0.060505 -0.320652 0.568659
v -0.060505 -0.320652 0.568659
v -0.023609 -0.322596 0.562099
v -0.023609 -0.322596 0.562099
v 0.013274 -0.322596 0.562099
v 0.013274 -0.322596 0.562099
v 0.018774 -0.409873 0.561304
v 0.018774 -0.409873 0.561304
v 0.050171 -0.320652 0.568659
v 0.050171 -0.320652 0.568659
v 0.065577 -0.401328 0.568176
v 0.065577 -0.401328 0.568176
v 0.086860 -0.314734 0.575766
v 0.086860 -0.314734 0.575766
v 0.110143 -0.386412 0.575802
v 0.110143 -0.386412 0.575802
v 0.110178 -0.309824 0.582303
v 0.110178 -0.309824 0.582303
v 0.134869 -0.372248 0.582650
v 0.134869 -0.372248 0.582650
v 0.125579 -0.308689 0.587280
v 0.125579 -0.308689 0.587280
v 0.150232 -0.361156 0.587772
v 0.150232 -0.361156 0.587772
v 0.161914 -0.294535 0.593557
v 0.161914 -0.294535 0.593557
v 0.187391 -0.334803 0.594376
v 0.187391 -0.334803 0.594376
v 0.228958 -0.245825 0.604172
v 0.196950 -0.275883 0.599829
v 0.228958 -0.245825 0.604172
v 0.196950 -0.275883 0.599829
v 0.220134 -0.304056 0.600841
v 0.220134 -0.304056 0.600841
v 0.216205 -0.299575 0.602703
v 0.249488 -0.268320 0.607226
v 0.249488 -0.268320 0.607226
v 0.216205 -0.299575 0.602703
v 0.244953 -0.264148 0.608228
v 0.249488 -0.268320 0.607226
v 0.245313 -0.263713 0.608264
v 0.245313 -0.263713 0.608264
v 0.244953 -0.264148 0.608228
v 0.249488 -0.268320 0.607226
v 0.212208 -0.294897 0.603763
v 0.245361 -0.263764 0.608261
v 0.249498 -0.268310 0.607224
v 0.249628 -0.268189 0.607238
v 0.249611 -0.268172 0.607240
v 0.249611 -0.268172 0.607240
v 0.249628 -0.268189 0.607238
v 0.245361 -0.263764 0.608261
v 0.249498 -0.268310 0.607224
v 0.212208 -0.294897 0.603763
v -0.029109 -0.409873 0.561304
v -0.029109 -0.409873 0.561304
v -0.075911 -0.401328 0.568176
v -0.075911 -0.401328 0.568176
v -0.120478 -0.386412 0.575802
v -0.120478 -0.386412 0.575802
v -0.145204 -0.372248 0.582650
v -0.145204 -0.372248 0.582650
v -0.160567 -0.361156 0.587772
v -0.160567 -0.361156 0.587772
v -0.197726 -0.334803 0.594376
v -0.197726 -0.334803 0.594376
v -0.230468 -0.304056 0.600841
v -0.230468 -0.304056 0.600841
v -0.226539 -0.299575 0.602703
v -0.259822 -0.268320 0.607226
v -0.259822 -0.268320 0.607226
v -0.226539 -0.299575 0.602703
v -0.255287 -0.264148 0.608228
v -0.259822 -0.268320 0.607226
v -0.255647 -0.263713 0.608264
v -0.255647 -0.263713 0.608264
v -0.255287 -0.264148 0.608228
v -0.259822 -0.268320 0.607226
v -0.222543 -0.294897 0.603763
v -0.255696 -0.263764 0.608261
v -0.259832 -0.268310 0.607224
v -0.259962 -0.268189 0.607238
v -0.259946 -0.268172 0.607240
v -0.259946 -0.268172 0.607240
v -0.255696 -0.263764 0.608261
v -0.259962 -0.268189 0.607238
v -0.259832 -0.268310 0.607224
v -0.222543 -0.294897 0.603763
v -0.250730 -0.259884 0.608406
v -0.250730 -0.259884 0.608406
v 0.240396 -0.259884 0.608406
v 0.240396 -0.259884 0.608406
v -0.243146 -0.250185 0.606400
v -0.210852 -0.280512 0.602018
v -0.243146 -0.250185 0.606400
v -0.210852 -0.280512 0.602018
v -0.175022 -0.299323 0.596442
v -0.175022 -0.299323 0.596442
v -0.137898 -0.313420 0.590829
v -0.137898 -0.313420 0.590829
v -0.121962 -0.314213 0.586482
v -0.121962 -0.314213 0.586482
v -0.098161 -0.318673 0.580501
v -0.098161 -0.318673 0.580501
v -0.060949 -0.324041 0.573871
v -0.060949 -0.324041 0.573871
v -0.023707 -0.325301 0.567712
v -0.023707 -0.325301 0.567712
v 0.013372 -0.325301 0.567712
v 0.013372 -0.325301 0.567712
v 0.018538 -0.407270 0.566966
v 0.018538 -0.407270 0.566966
v 0.050615 -0.324041 0.573871
v 0.050615 -0.324041 0.573871
v 0.064751 -0.398067 0.573429
v 0.064751 -0.398067 0.573429
v 0.087826 -0.318673 0.580501
v 0.087826 -0.318673 0.580501
v 0.108607 -0.382646 0.580533
v 0.108607 -0.382646 0.580533
v 0.111628 -0.314213 0.586482
v 0.111628 -0.314213 0.586482
v 0.132909 -0.368015 0.586781
v 0.132909 -0.368015 0.586781
v 0.127563 -0.313420 0.590829
v 0.127563 -0.313420 0.590829
v 0.147830 -0.356551 0.591233
v 0.147830 -0.356551 0.591233
v 0.164687 -0.299323 0.596442
v 0.164687 -0.299323 0.596442
v 0.184200 -0.330163 0.597069
v 0.184200 -0.330163 0.597069
v 0.232812 -0.250185 0.606400
v 0.200517 -0.280512 0.602018
v 0.232812 -0.250185 0.606400
v 0.200517 -0.280512 0.602018
v 0.249488 -0.268320 0.607226
v 0.251956 -0.270551 0.606220
v 0.249488 -0.268320 0.607226
v 0.251956 -0.270551 0.606220
v 0.180894 -0.325230 0.598996
v 0.180894 -0.325230 0.598996
v 0.177530 -0.320092 0.600122
v 0.177530 -0.320092 0.600122
v 0.208215 -0.290104 0.604002
v 0.245313 -0.263713 0.608264
v 0.241087 -0.259235 0.608462
v 0.241087 -0.259235 0.608462
v 0.245313 -0.263713 0.608264
v 0.208215 -0.290104 0.604002
v -0.028873 -0.407270 0.566966
v -0.028873 -0.407270 0.566966
v -0.075085 -0.398067 0.573429
v -0.075085 -0.398067 0.573429
v -0.118941 -0.382646 0.580533
v -0.118941 -0.382646 0.580533
v -0.143243 -0.368015 0.586781
v -0.143243 -0.368015 0.586781
v -0.158165 -0.356551 0.591233
v -0.158165 -0.356551 0.591233
v -0.194535 -0.330163 0.597069
v -0.194535 -0.330163 0.597069
v -0.259822 -0.268320 0.607226
v -0.262290 -0.270551 0.606220
v -0.259822 -0.268320 0.607226
v -0.262290 -0.270551 0.606220
v -0.191228 -0.325230 0.598996
v -0.191228 -0.325230 0.598996
v -0.187865 -0.320092 0.600122
v -0.187865 -0.320092 0.600122
v -0.218549 -0.290104 0.604002
v -0.255647 -0.263713 0.608264
v -0.251421 -0.259235 0.608462
v -0.251421 -0.259235 0.608462
v -0.218549 -0.290104 0.604002
v -0.255647 -0.263713 0.608264
v -0.247213 -0.254682 0.607838
v -0.214629 -0.285280 0.603417
v -0.247213 -0.254682 0.607838
v -0.214629 -0.285280 0.603417
v -0.178025 -0.304362 0.598572
v -0.178025 -0.304362 0.598572
v -0.140104 -0.318519 0.593669
v -0.140104 -0.318519 0.593669
v -0.123640 -0.319065 0.590013
v -0.123640 -0.319065 0.590013
v -0.099346 -0.323167 0.584659
v -0.099346 -0.323167 0.584659
v -0.061536 -0.328077 0.578586
v -0.061536 -0.328077 0.578586
v -0.023856 -0.328727 0.572917
v -0.023856 -0.328727 0.572917
v 0.013521 -0.328727 0.572917
v 0.013521 -0.328727 0.572917
v 0.018261 -0.403940 0.572233
v 0.018261 -0.403940 0.572233
v 0.051201 -0.328077 0.578586
v 0.051201 -0.328077 0.578586
v 0.063818 -0.394146 0.578191
v 0.063818 -0.394146 0.578191
v 0.089011 -0.323167 0.584659
v 0.089011 -0.323167 0.584659
v 0.106921 -0.378304 0.584686
v 0.106921 -0.378304 0.584686
v 0.113305 -0.319065 0.590013
v 0.113305 -0.319065 0.590013
v 0.130800 -0.363294 0.590259
v 0.130800 -0.363294 0.590259
v 0.129769 -0.318519 0.593669
v 0.129769 -0.318519 0.593669
v 0.145292 -0.351553 0.593978
v 0.145292 -0.351553 0.593978
v 0.167690 -0.304362 0.598572
v 0.167690 -0.304362 0.598572
v 0.236879 -0.254682 0.607838
v 0.204295 -0.285280 0.603417
v 0.236879 -0.254682 0.607838
v 0.204295 -0.285280 0.603417
v 0.142661 -0.346249 0.595959
v 0.142661 -0.346249 0.595959
v 0.139985 -0.340733 0.597140
v 0.139985 -0.340733 0.597140
v 0.174169 -0.314840 0.600428
v 0.174169 -0.314840 0.600428
v -0.028596 -0.403940 0.572233
v -0.028596 -0.403940 0.572233
v -0.074153 -0.394146 0.578191
v -0.074153 -0.394146 0.578191
v -0.117256 -0.378304 0.584686
v -0.117256 -0.378304 0.584686
v -0.141135 -0.363294 0.590259
v -0.141135 -0.363294 0.590259
v -0.155626 -0.351553 0.593978
v -0.155626 -0.351553 0.593978
v -0.152996 -0.346249 0.595959
v -0.152996 -0.346249 0.595959
v -0.150320 -0.340733 0.597140
v -0.150320 -0.340733 0.597140
v -0.184503 -0.314840 0.600428
v -0.184503 -0.314840 0.600428
v -0.181204 -0.309565 0.599908
v -0.181204 -0.309565 0.599908
v -0.142493 -0.323896 0.595750
v -0.142493 -0.323896 0.595750
v -0.125516 -0.324295 0.592834
v -0.125516 -0.324295 0.592834
v -0.100728 -0.328137 0.588166
v -0.100728 -0.328137 0.588166
v -0.062255 -0.332690 0.582719
v -0.062255 -0.332690 0.582719
v -0.024053 -0.332812 0.577622
v -0.024053 -0.332812 0.577622
v 0.013718 -0.332812 0.577622
v 0.013718 -0.332812 0.577622
v 0.017949 -0.399941 0.577011
v 0.017949 -0.399941 0.577011
v 0.051921 -0.332690 0.582719
v 0.051921 -0.332690 0.582719
v 0.062795 -0.389634 0.582379
v 0.062795 -0.389634 0.582379
v 0.090393 -0.328137 0.588166
v 0.090393 -0.328137 0.588166
v 0.105117 -0.373463 0.588188
v 0.105117 -0.373463 0.588188
v 0.115182 -0.324295 0.592834
v 0.115182 -0.324295 0.592834
v 0.128581 -0.358169 0.593023
v 0.128581 -0.358169 0.593023
v 0.132158 -0.323896 0.595750
v 0.132158 -0.323896 0.595750
v 0.170869 -0.309565 0.599908
v 0.170869 -0.309565 0.599908
v 0.126289 -0.352731 0.595023
v 0.126289 -0.352731 0.595023
v 0.123967 -0.347075 0.596224
v 0.123967 -0.347075 0.596224
v 0.137312 -0.335102 0.597501
v 0.137312 -0.335102 0.597501
v -0.028283 -0.399941 0.577011
v -0.028283 -0.399941 0.577011
v -0.073129 -0.389634 0.582379
v -0.073129 -0.389634 0.582379
v -0.115451 -0.373463 0.588188
v -0.115451 -0.373463 0.588188
v -0.138915 -0.358169 0.593023
v -0.138915 -0.358169 0.593023
v -0.136624 -0.352731 0.595023
v -0.136624 -0.352731 0.595023
v -0.134302 -0.347075 0.596224
v -0.134302 -0.347075 0.596224
v -0.147646 -0.335102 0.597501
v -0.147646 -0.335102 0.597501
v -0.145022 -0.329457 0.597034
v -0.145022 -0.329457 0.597034
v -0.127558 -0.329809 0.594895
v -0.127558 -0.329809 0.594895
v -0.102283 -0.333493 0.590961
v -0.102283 -0.333493 0.590961
v -0.063095 -0.337799 0.586198
v -0.063095 -0.337799 0.586198
v -0.024294 -0.337486 0.581743
v -0.024294 -0.337486 0.581743
v 0.013959 -0.337486 0.581743
v 0.013959 -0.337486 0.581743
v 0.017605 -0.395343 0.581216
v 0.017605 -0.395343 0.581216
v 0.052760 -0.337799 0.586198
v 0.052760 -0.337799 0.586198
v 0.061699 -0.384611 0.585918
v 0.061699 -0.384611 0.585918
v 0.091949 -0.333493 0.590961
v 0.091949 -0.333493 0.590961
v 0.103225 -0.368208 0.590978
v 0.103225 -0.368208 0.590978
v 0.117223 -0.329809 0.594895
v 0.117223 -0.329809 0.594895
v 0.134687 -0.329457 0.597034
v 0.134687 -0.329457 0.597034
v 0.101280 -0.362633 0.593006
v 0.101280 -0.362633 0.593006
v 0.099315 -0.356835 0.594236
v 0.099315 -0.356835 0.594236
v 0.121655 -0.341301 0.596605
v 0.121655 -0.341301 0.596605
v -0.027940 -0.395343 0.581216
v -0.027940 -0.395343 0.581216
v -0.072034 -0.384611 0.585918
v -0.072034 -0.384611 0.585918
v -0.113560 -0.368208 0.590978
v -0.113560 -0.368208 0.590978
v -0.111614 -0.362633 0.593006
v -0.111614 -0.362633 0.593006
v -0.109649 -0.356835 0.594236
v -0.109649 -0.356835 0.594236
v -0.131990 -0.341301 0.596605
v -0.131990 -0.341301 0.596605
v -0.129728 -0.335512 0.596160
v -0.129728 -0.335512 0.596160
v -0.103984 -0.339143 0.592995
v -0.103984 -0.339143 0.592995
v -0.064039 -0.343313 0.588961
v -0.064039 -0.343313 0.588961
v -0.024575 -0.342665 0.585207
v -0.024575 -0.342665 0.585207
v 0.014241 -0.342665 0.585207
v 0.014241 -0.342665 0.585207
v 0.017238 -0.390227 0.584775
v 0.017238 -0.390227 0.584775
v 0.053704 -0.343313 0.588961
v 0.053704 -0.343313 0.588961
v 0.060551 -0.379165 0.588747
v 0.060551 -0.379165 0.588747
v 0.093649 -0.339143 0.592995
v 0.093649 -0.339143 0.592995
v 0.119394 -0.335512 0.596160
v 0.119394 -0.335512 0.596160
v 0.059370 -0.373393 0.590815
v 0.059370 -0.373393 0.590815
v 0.058177 -0.367398 0.592085
v 0.058177 -0.367398 0.592085
v 0.097365 -0.350918 0.594647
v 0.097365 -0.350918 0.594647
v -0.027573 -0.390227 0.584775
v -0.027573 -0.390227 0.584775
v -0.070885 -0.379165 0.588747
v -0.070885 -0.379165 0.588747
v -0.069704 -0.373393 0.590815
v -0.069704 -0.373393 0.590815
v -0.068511 -0.367398 0.592085
v -0.068511 -0.367398 0.592085
v -0.107700 -0.350918 0.594647
v -0.107700 -0.350918 0.594647
v -0.105800 -0.344985 0.594230
v -0.105800 -0.344985 0.594230
v -0.065071 -0.349134 0.590960
v -0.065071 -0.349134 0.590960
v -0.024892 -0.348258 0.587954
v -0.024892 -0.348258 0.587954
v 0.014557 -0.348258 0.587954
v 0.014557 -0.348258 0.587954
v 0.016853 -0.384685 0.587623
v 0.016853 -0.384685 0.587623
v 0.054737 -0.349134 0.590960
v 0.054737 -0.349134 0.590960
v 0.095466 -0.344985 0.594230
v 0.095466 -0.344985 0.594230
v 0.016457 -0.378815 0.589711
v 0.016457 -0.378815 0.589711
v 0.016057 -0.372719 0.591002
v 0.016057 -0.372719 0.591002
v 0.056993 -0.361284 0.592536
v 0.056993 -0.361284 0.592536
v -0.027188 -0.384685 0.587623
v -0.027188 -0.384685 0.587623
v -0.026792 -0.378815 0.589711
v -0.026792 -0.378815 0.589711
v -0.026392 -0.372719 0.591002
v -0.026392 -0.372719 0.591002
v -0.067328 -0.361284 0.592536
v -0.067328 -0.361284 0.592536
v -0.066174 -0.355160 0.592158
v -0.066174 -0.355160 0.592158
v -0.025238 -0.354166 0.589935
v -0.025238 -0.354166 0.589935
v 0.014903 -0.354166 0.589935
v 0.014903 -0.354166 0.589935
v 0.055840 -0.355160 0.592158
v 0.055840 -0.355160 0.592158
v 0.015660 -0.366505 0.591472
v 0.015660 -0.366505 0.591472
v -0.025995 -0.366505 0.591472
v -0.025995 -0.366505 0.591472
v -0.025608 -0.360284 0.591115
v -0.025608 -0.360284 0.591115
v 0.015273 -0.360284 0.591115
v 0.015273 -0.360284 0.591115
vn 0 -0.6827381413421102 -0.7306631442441319
vn 0.0018106639872322104 -0.28433259799504534 -0.9587239932396149
vn -0.046537388053465537 -0.8888669628210724 -0.4557957809352819
vn -0.0037075028433349753 -0.25565428919701805 -0.9667611591483359
vn 0 -0.2830614893079906 -0.9591017637720944
vn -0.0018146730136885257 -0.2843305021447748 -0.9587246072318961
vn -0.06512585648597952 -0.8850310522460447 0.4609540751281263
vn 0 -0.8872389149511959 0.4613102077737111
vn -0.0056804936924540915 -0.2557753861521411 -0.9667195476611264
vn -0.005399434749932288 -0.2847787868108452 -0.9585780556047193
vn 0.13865490465802774 -0.877273829471484 -0.45952741543754605
vn -0.13172530220655293 0.9380906157141157 -0.3203661053665069
vn -0.2054597138609599 0.5639585380464208 -0.7998356539594342
vn -0.0003192008042294664 -0.28213550373834445 -0.9593745127118799
vn -0.16141769773606998 0.5875659917592169 -0.7929126888791695
vn 0.16141769773606998 0.5875659917592169 -0.7929126888791695
vn 0.05418156317535844 0.6011522352310589 -0.7972956467262167
vn 0 0.5871686938603148 -0.809464591535894
vn -0.05418156317535844 0.6011522352310589 -0.7972956467262167
vn 0.005395424897039591 -0.28478079456555344 -0.9585774817075521
vn 0.2054597138609599 0.5639585380464208 -0.7998356539594342
vn 0.0003192008042294664 -0.28213550373834445 -0.9593745127118799
vn -0.13866099164348192 -0.8772741471303558 -0.45952497230635186
vn -0.06310743152419802 -0.8156628197002418 0.5750753138894678
vn 0 -0.8179972005805001 0.575222200408212
vn 0.12997520421897638 -0.8790650285343239 0.45864051488740465
vn 0.19403149204314607 -0.8687618643737666 0.4556364813152344
vn 0.13172530220655293 -0.9380906157141157 0.3203661053665069
vn 0 -0.9161230912317768 0.40089709616300967
vn 0 -0.8874482482849977 0.460907373141165
vn 0 -0.8876585705480218 0.46050218472081383
vn -0.19403149204314607 -0.8687618643737666 0.4556364813152344
vn 0.19187550438159712 -0.8772675200329523 -0.43998351004729885
vn 0.25111369808165457 0.5655209956797874 -0.7855748939987183
vn -0.008873696820500829 -0.2808604943186894 -0.9597075805868156
vn -0.19187550438159712 -0.8772675200329523 -0.43998351004729885
vn -0.25111369808165457 0.5655209956797874 -0.7855748939987183
vn 0.008873696820500829 -0.2808604943186894 -0.9597075805868156
vn -0.24125120383681267 0.9662600153672132 0.09021884143482328
vn -0.18152180533298112 0.9797116287832285 0.0849409124955036
vn -0.06092705010552049 0.9949335017231405 0.07997013013850171
vn 0 0.9968054149608252 0.07986842119872714
vn 0.06092705010552049 0.9949335017231405 0.07997013013850171
vn 0.18152180533298112 0.9797116287832285 0.0849409124955036
vn 0.24125120383681267 0.9662600153672132 0.09021884143482328
vn -0.05996477063243487 -0.7317827077179468 0.6788949071601509
vn 0 -0.7342291866386701 0.6789016876455066
vn 0.1259631969331363 -0.8100755802768471 0.5726349860578841
vn 0.18801819982294984 -0.7998999992467624 0.5699202994633259
vn 0 -0.8184659501360296 0.5745550351949987
vn 0 -0.8189366468846282 0.5738839328552089
vn -0.18801819982294984 -0.7998999992467624 0.5699202994633259
vn 0.2539068969013329 -0.855737289556625 0.4508269944981297
vn -0.2539068969013329 -0.855737289556625 0.4508269944981297
vn 0.23707849378793072 -0.8527895776547089 -0.46534258780682164
vn 0.34494980081789495 0.5282891012526028 -0.7758352018395479
vn -0.012188009512296748 -0.2795424888141059 -0.9600559615833567
vn -0.23707849378793072 -0.8527895776547089 -0.46534258780682164
vn 0.3002763073117925 0.9492180231136625 0.09391104228675425
vn -0.34494980081789495 0.5282891012526028 -0.7758352018395479
vn 0.012188009512296748 -0.2795424888141059 -0.9600559615833567
vn -0.3002763073117925 0.9492180231136625 0.09391104228675425
vn -0.22238489705163664 0.9412275875212707 0.2542352966293665
vn -0.1664434081922582 0.9541488469627112 0.24879021224532538
vn -0.055866067376061236 0.9681063545296116 0.2442315885288378
vn 0 0.9696222281451617 0.2446073071002007
vn 0.055866067376061236 0.9681063545296116 0.2442315885288378
vn 0.1664434081922582 0.9541488469627112 0.24879021224532538
vn 0.22238489705163664 0.9412275875212707 0.2542352966293665
vn -0.055756088685986 -0.6349201850367194 0.7705631818399956
vn 0 -0.6374322248478099 0.7705064300351886
vn 0.11972129430867848 -0.7266524654563307 0.6764931678408076
vn 0.17865950789449395 -0.7167830316727577 0.6740199297831685
vn 0 -0.7358093968595472 0.6771886971097415
vn 0 -0.7350178053650126 0.6780478049491792
vn -0.17865559325641162 -0.7168074729431672 0.6739949745591804
vn 0.24514880516476933 -0.7879529166005096 0.5648294118997667
vn -0.24514880516476933 -0.7879529166005096 0.5648294118997667
vn 0.31081778785078246 -0.8387386672154591 0.44711268252329983
vn -0.31081778785078246 -0.8387386672154591 0.44711268252329983
vn 0.32573689921921845 -0.817770298039829 -0.47449679886264556
vn 0.4324963946647569 0.4800584940780346 -0.7632107905850888
vn -0.015278799521456625 -0.277835791297976 -0.9605070699162036
vn -0.32573689921921845 -0.817770298039829 -0.47449679886264556
vn 0.4125215999772103 0.9048011999500143 0.10564429999416387
vn 0.2784962956420482 0.9253318855202678 0.25729499597380956
vn -0.4324963946647569 0.4800584940780346 -0.7632107905850888
vn 0.015278799521456625 -0.277835791297976 -0.9605070699162036
vn -0.4125215999772103 0.9048011999500143 0.10564429999416387
vn -0.2784962956420482 0.9253318855202678 0.25729499597380956
vn -0.19956769106705202 0.8950608599357388 0.398796682149265
vn -0.14840910038485228 0.9070191023520684 0.39406990102189643
vn -0.049812869465525676 0.9194638901344803 0.3900061958153728
vn 0 0.9207320769119206 0.3901953902155446
vn 0.049812869465525676 0.9194638901344803 0.3900061958153728
vn 0.14840910038485228 0.9070191023520684 0.39406990102189643
vn 0.19956769106705202 0.8950608599357388 0.398796682149265
vn -0.050558858670789936 -0.5268355861493085 0.8484621776936327
vn 0.05302001004198283 -0.5835545004620761 0.8103413006416524
vn 0.0505642974093436 -0.5268558730065956 0.8484492565297924
vn 0 -0.5308530081188104 0.8474639129610241
vn 0.1661254914360567 -0.6209923679871924 0.7660096605113985
vn 0.9130965526983081 0.3299605829068527 0.23954268759082564
vn -0.060003149854169165 -0.6885005983266776 0.7227492982434399
vn -0.9130965526983081 -0.3299605829068527 -0.23954268759082564
vn -0.1661170008365112 -0.6209989031271489 0.7660062038573581
vn 0.23205981224736882 -0.706249537273574 0.6688496352997275
vn -0.23205981224736882 -0.706249537273574 0.6688496352997275
vn 0.2987951836525902 -0.7714274577943642 0.5618016692632188
vn -0.2987951836525902 -0.7714274577943642 0.5618016692632188
vn 0.4270042866885387 -0.7927662752862492 0.4349585864405706
vn -0.4270042866885387 -0.7927662752862492 0.4349585864405706
vn 0.4085096866703108 -0.7723749747973702 -0.4863709841296934
vn 0.5123693192124921 0.42190751582041425 -0.7479784280472094
vn -0.018097239366027317 -0.2757790903390561 -0.961050666332994
vn -0.4085096866703108 -0.7723749747973702 -0.4863709841296934
vn 0.5172760049339751 0.8472432080813277 0.12084900115270389
vn 0.38259999784938054 0.8841366950302101 0.26817819849255314
vn 0.2515173163524655 0.8804733572442105 0.40187772612818795
vn -0.5123693192124921 0.42190751582041425 -0.7479784280472094
vn 0.018097239366027317 -0.2757790903390561 -0.961050666332994
vn -0.5172760049339751 0.8472432080813277 0.12084900115270389
vn -0.38259999784938054 0.8841366950302101 0.26817819849255314
vn -0.2515173163524655 0.8804733572442105 0.40187772612818795
vn -0.17598950505751781 0.8380002240821238 0.5165107148432839
vn -0.13001650181642804 0.8490815118623054 0.512012007153192
vn -0.04363948947380834 0.8599842896305716 0.5084511938692508
vn 0 0.8608356518534203 0.5088830715381455
vn 0.04363948947380834 0.8599842896305716 0.5084511938692508
vn 0.13001650181642804 0.8490815118623054 0.512012007153192
vn 0.17598950505751781 0.8380002240821238 0.5165107148432839
vn 0.15063869959817577 -0.5142349986282938 0.8443164977478109
vn -0.15063310478262298 -0.5142149163263987 0.8443297268075916
vn -0.04446806123232864 -0.4094831113478699 0.911233325252707
vn 0.04446806123232864 -0.4094831113478699 0.911233325252707
vn 0 -0.41374500510626727 0.9103928112356856
vn 0.21487159894802194 -0.6120712970033939 0.7610511962740112
vn -0.21487159894802194 -0.6120712970033939 0.7610511962740112
vn 0.28145500214042446 -0.6904048052504286 0.6664265050680768
vn -0.28145500214042446 -0.6904048052504286 0.6664265050680768
vn 0.4104888047938833 -0.7272369084930183 0.5501140064244926
vn -0.4104888047938833 -0.7272369084930183 0.5501140064244926
vn 0.5354372702569048 -0.7331920592717909 0.4192091767132786
vn -0.5354372702569048 -0.7331920592717909 0.4192091767132786
vn 0.48408737967563537 -0.7175990698716682 -0.5007104789777161
vn 0.5323654834088647 0.391413887801612 -0.750587876607978
vn -0.03279467934308811 -0.2605315947812781 -0.9649081806718751
vn -0.48408737967563537 -0.7175990698716682 -0.5007104789777161
vn 0.6128827997448814 0.7778181996762255 0.13918879994206146
vn 0.479756003338092 0.8307535057802957 0.2822814019640846
vn 0.34553660024277233 0.843269500592477 0.41170500028926205
vn 0.22343289584349235 0.8249860846528374 0.5191104903430216
vn -0.5323654834088647 0.391413887801612 -0.750587876607978
vn 0.03279467934308811 -0.2605315947812781 -0.9649081806718751
vn -0.6128827997448814 0.7778181996762255 0.13918879994206146
vn -0.479756003338092 0.8307535057802957 0.2822814019640846
vn -0.34553660024277233 0.843269500592477 0.41170500028926205
vn -0.22343289584349235 0.8249860846528374 0.5191104903430216
vn -0.14930270252176595 0.7661357129402542 0.6250958105580497
vn -0.10934099505301494 0.7762184648810481 0.6209101719077614
vn -0.03669992842121801 0.7853881662136482 0.617914673418135
vn 0 0.785724500012646 0.6185766000099562
vn 0.03669992842121801 0.7853881662136482 0.617914673418135
vn 0.10934099505301494 0.7762184648810481 0.6209101719077614
vn 0.14930270252176595 0.7661357129402542 0.6250958105580497
vn 0.13248700029070032 -0.3983858008741304 0.9075990019914355
vn 0.1938878101399081 -0.5070823265192961 0.8398065439200441
vn -0.1938878101399081 -0.5070823265192961 0.8398065439200441
vn -0.13248700029070032 -0.3983858008741304 0.9075990019914355
vn -0.037594139512466616 -0.28497079630440364 0.957798687578946
vn 0.037594139512466616 -0.28497079630440364 0.957798687578946
vn 0 -0.28932419089220796 0.9572311698668035
vn 0.25911710955921124 -0.5971468220296247 0.7591271280053161
vn -0.25911710955921124 -0.5971468220296247 0.7591271280053161
vn 0.38666831531247936 -0.6487831256925066 0.655414425955113
vn -0.38666831531247936 -0.6487831256925066 0.655414425955113
vn 0.5147297776628154 -0.669971070925973 0.5349691767845074
vn -0.5147297776628154 -0.669971070925973 0.5349691767845074
vn 0.6344021233386553 -0.6613343243294487 0.400213514723225
vn -0.6344021233386553 -0.6613343243294487 0.400213514723225
vn 0.5392530324426362 -0.6878492413825076 -0.48586992923099276
vn 0.5611936078692784 0.3770369052869606 -0.7368208103319924
vn -0.05077882195714983 -0.24485830943748535 -0.968228237318072
vn -0.5392530324426362 -0.6878492413825076 -0.48586992923099276
vn 0.6587979735567426 0.7369374704203292 0.1513551939248079
vn 0.5684276778692094 0.7663641701628798 0.29929238834754657
vn 0.4332815928462762 0.795058386873137 0.4244398929922578
vn 0.30695369042794246 0.791936175304227 0.5278413835397711
vn 0.19142331050347963 0.7549920414267389 0.6271715344131729
vn -0.5611936078692784 0.3770369052869606 -0.7368208103319924
vn 0.05077882195714983 -0.24485830943748535 -0.968228237318072
vn -0.6587979735567426 0.7369374704203292 0.1513551939248079
vn -0.5684276778692094 0.7663641701628798 0.29929238834754657
vn -0.4332815928462762 0.795058386873137 0.4244398929922578
vn -0.30695369042794246 0.791936175304227 0.5278413835397711
vn -0.19142331050347963 0.7549920414267389 0.6271715344131729
vn -0.1199789948199208 0.6807380706092127 0.7226345688003364
vn -0.08674685199053916 0.6897179158266321 0.7188631164954135
vn -0.029116379900551482 0.6969941976193798 0.7164853975528068
vn 0 0.6967261803975116 0.7173371798176185
vn 0.029116379900551482 0.6969941976193798 0.7164853975528068
vn 0.08674685199053916 0.6897179158266321 0.7188631164954135
vn 0.1199789948199208 0.6807380706092127 0.7226345688003364
vn 0.11200760020897203 -0.2755918005141705 0.9547269017812293
vn 0.1694794034289268 -0.39313750795400354 0.9037254182842767
vn 0.23219099860783152 -0.4933452970420053 0.8382706949739047
vn -0.23219099860783152 -0.4933452970420053 0.8382706949739047
vn -0.1694794034289268 -0.39313750795400354 0.9037254182842767
vn -0.11200760020897203 -0.2755918005141705 0.9547269017812293
vn -0.030060698509972675 -0.15551999229129584 0.9873752510584858
vn 0.030060698509972675 -0.15551999229129584 0.9873752510584858
vn 0 -0.15978979405460159 0.987151063270454
vn 0.3559821063485369 -0.5588331099661544 0.7489875133573423
vn -0.3559821063485369 -0.5588331099661544 0.7489875133573423
vn 0.48486279194183013 -0.5948452901139778 0.641145189344497
vn -0.48486279194183013 -0.5948452901139778 0.641145189344497
vn 0.6098697349888436 -0.6008967344740536 0.5167030296437753
vn -0.6098697349888436 -0.6008967344740536 0.5167030296437753
vn 0.6742712085585076 -0.6266794079544262 0.3906805049588978
vn -0.6742712085585076 -0.6266794079544262 0.3906805049588978
vn 0.5683028887533854 -0.6392531873492913 -0.5180609897476639
vn 0.621227484987128 0.3043737926443617 -0.7221031825493188
vn -0.056212252442216906 -0.23828581035264726 -0.9695669421241397
vn -0.5683028887533854 -0.6392531873492913 -0.5180609897476639
vn 0.7032755034069091 0.6929059033566751 0.15901250077031157
vn 0.6132082785841765 0.7258599746499032 0.3116133891171442
vn 0.5133645922368467 0.7369070888564137 0.4398007933492864
vn 0.38490067160850544 0.7491080447434142 0.539155460230183
vn 0.2629780913480446 0.7266760760924228 0.6346529791199746
vn 0.15605310353170412 0.6717305152022187 0.7241723163890517
vn -0.621227484987128 0.3043737926443617 -0.7221031825493188
vn 0.056212252442216906 -0.23828581035264726 -0.9695669421241397
vn -0.7032755034069091 0.6929059033566751 0.15901250077031157
vn -0.6132082785841765 0.7258599746499032 0.3116133891171442
vn -0.5133645922368467 0.7369070888564137 0.4398007933492864
vn -0.38490067160850544 0.7491080447434142 0.539155460230183
vn -0.2629780913480446 0.7266760760924228 0.6346529791199746
vn -0.15605310353170412 0.6717305152022187 0.7241723163890517
vn -0.06262995035503503 0.5910993033508081 0.8041636045586217
vn -0.0885363091515802 0.5833163944102345 0.807405292262851
vn -0.021021761021280297 0.5963548289721413 0.8024456389844562
vn 0 0.5954136863768813 0.8034192816176949
vn 0.021021761021280297 0.5963548289721413 0.8024456389844562
vn 0.06262995035503503 0.5910993033508081 0.8041636045586217
vn 0.0885363091515802 0.5833163944102345 0.807405292262851
vn 0.08956318705651146 -0.1480232951352239 0.9849200676306636
vn 0.1420774959047164 -0.27224949215260064 0.9516796725685047
vn 0.20116659526873779 -0.3808729910422009 0.9024786787744913
vn 0.31899239943577584 -0.45901769918810337 0.8291842985333635
vn -0.31899239943577584 -0.45901769918810337 0.8291842985333635
vn -0.20116659526873779 -0.3808729910422009 0.9024786787744913
vn -0.1420774959047164 -0.27224949215260064 0.9516796725685047
vn -0.08956318705651146 -0.1480232951352239 0.9849200676306636
vn -0.022002109548403356 -0.023423949519220097 0.9994834794854496
vn 0 -0.027431269778142933 0.9996236919152922
vn 0.022002109548403356 -0.023423949519220097 0.9994834794854496
vn 0.4463869075036501 -0.5091811085592048 0.7358487123694292
vn -0.4463869075036501 -0.5091811085592048 0.7358487123694292
vn 0.5744856885219111 -0.5297839894150407 0.6239351875339216
vn -0.5744856885219111 -0.5297839894150407 0.6239351875339216
vn 0.6464376938288828 -0.5697335945611267 0.5074661951555526
vn -0.6464376938288828 -0.5697335945611267 0.5074661951555526
vn 0.7108417660756569 -0.5895072718662466 0.38364718169075124
vn -0.7108417660756569 -0.5895072718662466 0.38364718169075124
vn 0.629202510178842 -0.565743509152242 -0.5329526086217719
vn 0.6313203619885495 0.27447428347405506 -0.7253264563284942
vn -0.07046069861707 -0.21419039579609134 -0.974247280878478
vn -0.629202510178842 -0.565743509152242 -0.5329526086217719
vn 0.778575985107613 0.6019123884867855 0.17754129660403908
vn 0.6575983960873094 0.6825582959387986 0.3188706981027291
vn 0.5562921984415642 0.6978706980449361 0.4511268987361817
vn 0.45604100657682956 0.6974497100583232 0.5528024079722815
vn 0.32975710681533094 0.6899827142603764 0.6443478133172069
vn 0.2143854024778869 0.6486448074970984 0.7302731084405663
vn 0.11794350066693633 0.5766667032608829 0.8084212045713877
vn -0.6313203619885495 0.27447428347405506 -0.7253264563284942
vn 0.07046069861707 -0.21419039579609134 -0.974247280878478
vn -0.778575985107613 0.6019123884867855 0.17754129660403908
vn -0.6575983960873094 0.6825582959387986 0.3188706981027291
vn -0.5562921984415642 0.6978706980449361 0.4511268987361817
vn -0.45604100657682956 0.6974497100583232 0.5528024079722815
vn -0.32975710681533094 0.6899827142603764 0.6443478133172069
vn -0.2143854024778869 0.6486448074970984 0.7302731084405663
vn -0.11794350066693633 0.5766667032608829 0.8084212045713877
vn -0.03741163991414049 0.4820864988936138 0.875324497991135
vn -0.05553018862795744 0.4755920882490477 0.8779114783085212
vn -0.012557479633493133 0.485229285837933 0.8742967744824774
vn 0 0.48357759731033884 0.8753014951315689
vn 0.012557479633493133 0.485229285837933 0.8742967744824774
vn 0.03741163991414049 0.4820864988936138 0.875324497991135
vn 0.05553018862795744 0.4755920882490477 0.8779114783085212
vn 0.06555399283768114 -0.017939930776578444 0.997687743187601
vn 0.11216619789413011 -0.14655349724852426 0.9828228815479428
vn 0.1666041060062289 -0.2617457094361701 0.9506483342717332
vn 0.276372296251318 -0.3511367952372212 0.8946067878656565
vn 0.40000668316950716 -0.414530382558415 0.817410065607039
vn -0.40000668316950716 -0.414530382558415 0.817410065607039
vn -0.276372296251318 -0.3511367952372212 0.8946067878656565
vn -0.1666041060062289 -0.2617457094361701 0.9506483342717332
vn -0.11216619789413011 -0.14655349724852426 0.9828228815479428
vn -0.06555399283768114 -0.017939930776578444 0.997687743187601
vn -0.013561050275078364 0.10899200221084195 0.9939501201617255
vn 0.013561050275078364 0.10899200221084195 0.9939501201617255
vn 0 0.10541210256550007 0.9944286242022202
vn 0.5289017791481299 -0.4492880822868876 0.7200021716140266
vn -0.5289017791481299 -0.4492880822868876 0.7200021716140266
vn 0.6071925808653553 -0.5027318841572572 0.6152867806102803
vn -0.6071925808653553 -0.5027318841572572 0.6152867806102803
vn 0.6791949886000179 -0.5357522910076391 0.5016608915798477
vn -0.6791949886000179 -0.5357522910076391 0.5016608915798477
vn 0.7869539683234313 -0.4975375799730557 0.3649106853115697
vn -0.7869539683234313 -0.4975375799730557 0.3649106853115697
vn 0.6782276205716852 -0.5206301157915108 -0.5186054157300987
vn 0.6527077743170168 0.2558241899337368 -0.7131104719402693
vn -0.08718974374166433 -0.1892508081215169 -0.978050141972085
vn -0.6782276205716852 -0.5206301157915108 -0.5186054157300987
vn 0.8137358252890992 0.549410017074441 0.18969090589517149
vn 0.7280080169136902 0.5974747138810315 0.33619680781080513
vn 0.59922279929458 0.6561918992275144 0.45863299946008595
vn 0.496329815812835 0.6603143210373043 0.5635971179559397
vn 0.39070412268403587 0.6457243374903493 0.6560414380893538
vn 0.2688234021772437 0.6187296050111899 0.7381786059786267
vn 0.16202890319514113 0.5592158110274981 0.8130340160326855
vn 0.07776128817001586 0.4714652889048389 0.8784495793271327
vn -0.6527077743170168 0.2558241899337368 -0.7131104719402693
vn 0.08718974374166433 -0.1892508081215169 -0.978050141972085
vn -0.8137358252890992 0.549410017074441 0.18969090589517149
vn -0.7280080169136902 0.5974747138810315 0.33619680781080513
vn -0.59922279929458 0.6561918992275144 0.45863299946008595
vn -0.496329815812835 0.6603143210373043 0.5635971179559397
vn -0.39070412268403587 0.6457243374903493 0.6560414380893538
vn -0.2688234021772437 0.6187296050111899 0.7381786059786267
vn -0.16202890319514113 0.5592158110274981 0.8130340160326855
vn -0.07776128817001586 0.4714652889048389 0.8784495793271327
vn -0.011531609704996506 0.3645786906732891 0.93110117618042
vn -0.02154361908422381 0.35946808471972996 0.9329086603439175
vn -0.003871089928978414 0.36555349329331266 0.9307822829232503
vn 0 0.36319460165870043 0.9317133042551115
vn 0.003871089928978414 0.36555349329331266 0.9307822829232503
vn 0.011531609704996506 0.3645786906732891 0.93110117618042
vn 0.02154361908422381 0.35946808471972996 0.9329086603439175
vn 0.040405138949108625 0.1123684970774239 0.9928447741772448
vn 0.0802736520555995 -0.01826928046782899 0.9966054255204735
vn 0.12912269603694368 -0.13808409576189903 0.9819674698612829
vn 0.22889101014735558 -0.237123110512307 0.9441300418558302
vn 0.3465658085448331 -0.3125987077073497 0.8844061218056788
vn 0.4739525103822379 -0.36086580790500034 0.8032091175948178
vn -0.4739525103822379 -0.36086580790500034 0.8032091175948178
vn -0.3465658085448331 -0.3125987077073497 0.8844061218056788
vn -0.22889101014735558 -0.237123110512307 0.9441300418558302
vn -0.12912269603694368 -0.13808409576189903 0.9819674698612829
vn -0.0802736520555995 -0.01826928046782899 0.9966054255204735
vn -0.040405138949108625 0.1123684970774239 0.9928447741772448
vn -0.004886028069286476 0.2394094033949524 0.970906413767969
vn 0 0.2363923937654992 0.9716576743739624
vn 0.004886028069286476 0.2394094033949524 0.970906413767969
vn 0.5572296788970716 -0.4268574838344167 0.7122413730266005
vn -0.5572296788970716 -0.4268574838344167 0.7122413730266005
vn 0.635471079332174 -0.4724853846330605 0.6106832801383631
vn -0.635471079332174 -0.4724853846330605 0.6106832801383631
vn 0.7519207036704145 -0.4478793021862714 0.48375550236139675
vn -0.7519207036704145 -0.4478793021862714 0.48375550236139675
vn 0.8157922101923897 -0.4557888056945594 0.3560051044478761
vn -0.8157922101923897 -0.4557888056945594 0.3560051044478761
vn 0.6955108065207407 -0.46191110433063365 -0.550366105159941
vn 0.6918274926156167 0.17263409815734956 -0.7011220925164086
vn -0.09241751973967832 -0.17813959949821614 -0.9796556972405057
vn -0.6955108065207407 -0.46191110433063365 -0.550366105159941
vn 0.8469963991763597 0.49403699951958613 0.19627669980913579
vn 0.7627415828489281 0.5446939877519648 0.34861689216097114
vn 0.663382794178773 0.5786614949222078 0.4744197958369356
vn 0.5373930892976931 0.6209330876339749 0.5706581886352112
vn 0.42760770569190965 0.611102208134415 0.666112408866659
vn 0.3185062999966717 0.5826474999939113 0.7477135999921866
vn 0.20316979629368928 0.5366030902110556 0.8190110850592479
vn 0.10682479697405466 0.4599551869711966 0.8814928750306172
vn 0.03620769910327109 0.35796199113462374 0.9330338768922501
vn -0.6918274926156167 0.17263409815734956 -0.7011220925164086
vn 0.09241751973967832 -0.17813959949821614 -0.9796556972405057
vn -0.8469963991763597 0.49403699951958613 0.19627669980913579
vn -0.7627415828489281 0.5446939877519648 0.34861689216097114
vn -0.663382794178773 0.5786614949222078 0.4744197958369356
vn -0.5373930892976931 0.6209330876339749 0.5706581886352112
vn -0.42760770569190965 0.611102208134415 0.666112408866659
vn -0.3185062999966717 0.5826474999939113 0.7477135999921866
vn -0.20316979629368928 0.5366030902110556 0.8190110850592479
vn -0.10682479697405466 0.4599551869711966 0.8814928750306172
vn -0.03620769910327109 0.35796199113462374 0.9330338768922501
vn 0.014559100361306573 0.24062030597136452 0.9705101240847085
vn 0.012823170202155301 0.23699550373619735 0.9714261153143829
vn -0.014559100361306573 0.24062030597136452 0.9705101240847085
vn -0.012823170202155301 0.23699550373619735 0.9714261153143829
vn 0.046963230480568094 0.11033750112906782 0.9927840101590183
vn 0.08938865229814551 -0.012074800310438373 0.995923625604787
vn 0.17739910307194046 -0.11900550206076496 0.976917216916836
vn 0.28702859088061244 -0.20521109348009395 0.9356831702717507
vn 0.4106368978416392 -0.26610909860129617 0.8721027954161144
vn 0.49743140401769137 -0.34344980277400133 0.7966205064342041
vn -0.49743140401769137 -0.34344980277400133 0.7966205064342041
vn -0.4106368978416392 -0.26610909860129617 0.8721027954161144
vn -0.28702859088061244 -0.20521109348009395 0.9356831702717507
vn -0.17739910307194046 -0.11900550206076496 0.976917216916836
vn -0.08938865229814551 -0.012074800310438373 0.995923625604787
vn -0.046963230480568094 0.11033750112906782 0.9927840101590183
vn 0.5804736198556345 -0.4008556137116354 0.7087772242443773
vn -0.5804736198556345 -0.4008556137116354 0.7087772242443773
vn 0.70351770718465 -0.3902717039856362 0.5939283060654719
vn -0.70351770718465 -0.3902717039856362 0.5939283060654719
vn 0.7779472617162633 -0.41103037977269213 0.4752389766129083
vn -0.7779472617162633 -0.41103037977269213 0.4752389766129083
vn 0.8412437030727731 -0.4119178015045937 0.3501896012791217
vn -0.8412437030727731 -0.4119178015045937 0.3501896012791217
vn 0.7372450261451974 -0.3732852132379536 -0.5631411199708851
vn 0.6939569889070213 0.14413589769597202 -0.7054420887234306
vn -0.10188160021040998 -0.14656140030268427 -0.9839410020320745
vn -0.7372450261451974 -0.3732852132379536 -0.5631411199708851
vn 0.8977945275609726 0.38610301185279494 0.21187130650413782
vn 0.7966132837435367 0.48926919001549835 0.35499709275558516
vn 0.6972246484064865 0.5270047610024869 0.4859462640407505
vn 0.5949327059818669 0.5514024055441828 0.5848166058801527
vn 0.46611768903881845 0.5747501864842263 0.6726042841830984
vn 0.35133900725682826 0.5511036113829211 0.7568657156328913
vn 0.24071559961925534 0.5093297991943828 0.8262197986931518
vn 0.1339451027093699 0.44504150900206135 0.8854359179101242
vn 0.04973661985591489 0.3525950989785451 0.9344532972929243
vn -0.005992717966147355 0.2381336986547912 0.971213894513648
vn -0.6939569889070213 0.14413589769597202 -0.7054420887234306
vn 0.10188160021040998 -0.14656140030268427 -0.9839410020320745
vn -0.8977945275609726 0.38610301185279494 0.21187130650413782
vn -0.7966132837435367 0.48926919001549835 0.35499709275558516
vn -0.6972246484064865 0.5270047610024869 0.4859462640407505
vn -0.5949327059818669 0.5514024055441828 0.5848166058801527
vn -0.46611768903881845 0.5747501864842263 0.6726042841830984
vn -0.35133900725682826 0.5511036113829211 0.7568657156328913
vn -0.24071559961925534 0.5093297991943828 0.8262197986931518
vn -0.1339451027093699 0.44504150900206135 0.8854359179101242
vn -0.04973661985591489 0.3525950989785451 0.9344532972929243
vn 0.005992717966147355 0.2381336986547912 0.971213894513648
vn 0.04810367077277228 0.11406680183245166 0.9923078159411529
vn 0.12281190307965842 0.00112763802827668 0.9924293248863769
vn 0.22246159250462075 -0.09427782682350554 0.9703723673053275
vn 0.34009748747910207 -0.16671329386234787 0.9254946659273453
vn 0.4288533927699844 -0.253980795718152 0.8669362853843691
vn 0.515207022648066 -0.3221585141618166 0.7942138349129698
vn -0.515207022648066 -0.3221585141618166 0.7942138349129698
vn -0.4288533927699844 -0.253980795718152 0.8669362853843691
vn -0.34009748747910207 -0.16671329386234787 0.9254946659273453
vn -0.22246159250462075 -0.09427782682350554 0.9703723673053275
vn -0.12281190307965842 0.00112763802827668 0.9924293248863769
vn -0.04810367077277228 0.11406680183245166 0.9923078159411529
vn 0.6426342044018709 -0.3257597022313662 0.6934709047500884
vn -0.6426342044018709 -0.3257597022313662 0.6934709047500884
vn 0.7263729047481146 -0.3590193023468178 0.5860781038310431
vn -0.7263729047481146 -0.3590193023468178 0.5860781038310431
vn 0.8000988191222821 -0.3718870088880626 0.4706824112492627
vn -0.8000988191222821 -0.3718870088880626 0.4706824112492627
vn 0.8916977260777137 -0.30471780891147704 0.3346972097882249
vn -0.8916977260777137 -0.30471780891147704 0.3346972097882249
vn 0.7752639074560462 -0.31502720302975196 -0.5474703052652573
vn 0.7086639849761465 0.12198149741396194 -0.6949214852674909
vn -0.11311139718487001 -0.11422919715704985 -0.9869941754355708
vn -0.7752639074560462 -0.31502720302975196 -0.5474703052652573
vn 0.9194397979299549 0.3243757992696938 0.2222853994995423
vn 0.8443896723496416 0.3877555873025673 0.3696642878949846
vn 0.7304785976067476 0.4728177984509164 0.4927923983854743
vn 0.6271077138364733 0.5016345110680387 0.5959016131479437
vn 0.5160249253288621 0.5144411252511218 0.6848858336173275
vn 0.3866551971732025 0.518462396209573 0.7626889944240571
vn 0.2688698013805214 0.481378002471652 0.8342567042835203
vn 0.1586933021574204 0.4270557058057815 0.890190912102061
vn 0.06235776069974551 0.3456431038786222 0.9362918105065671
vn -0.008240065008298016 0.23900570024068638 0.9709832009778121
vn -0.7086639849761465 0.12198149741396194 -0.6949214852674909
vn 0.11311139718487001 -0.11422919715704985 -0.9869941754355708
vn -0.9194397979299549 0.3243757992696938 0.2222853994995423
vn -0.8443896723496416 0.3877555873025673 0.3696642878949846
vn -0.7304785976067476 0.4728177984509164 0.4927923983854743
vn -0.6271077138364733 0.5016345110680387 0.5959016131479437
vn -0.5160249253288621 0.5144411252511218 0.6848858336173275
vn -0.3866551971732025 0.518462396209573 0.7626889944240571
vn -0.2688698013805214 0.481378002471652 0.8342567042835203
vn -0.1586933021574204 0.4270557058057815 0.890190912102061
vn -0.06235776069974551 0.3456431038786222 0.9362918105065671
vn 0.008240065008298016 0.23900570024068638 0.9709832009778121
vn 0.06609357793019979 0.12116479620557787 0.990429568983502
vn 0.15401240489932272 0.01824059058025525 0.9879005314263226
vn 0.2635974094788612 -0.06444539231743167 0.9624776346103247
vn 0.3527060000073187 -0.1600295000033208 0.9219485000191304
vn 0.4408549169947766 -0.23780910916744402 0.8655020333647492
vn 0.5703818112069732 -0.25550860502028305 0.7806279153379295
vn -0.5703818112069732 -0.25550860502028305 0.7806279153379295
vn -0.4408549169947766 -0.23780910916744402 0.8655020333647492
vn -0.3527060000073187 -0.1600295000033208 0.9219485000191304
vn -0.2635974094788612 -0.06444539231743167 0.9624776346103247
vn -0.15401240489932272 0.01824059058025525 0.9879005314263226
vn -0.06609357793019979 0.12116479620557787 0.990429568983502
vn 0.661980301601241 -0.3006737007272893 0.6865693016607185
vn -0.661980301601241 -0.3006737007272893 0.6865693016607185
vn 0.744734244465834 -0.3252578194201628 0.5827334347932545
vn -0.744734244465834 -0.3252578194201628 0.5827334347932545
vn 0.8480861857952521 -0.26993059547888404 0.4559465923632685
vn -0.8480861857952521 -0.26993059547888404 0.4559465923632685
vn 0.9090669718986678 -0.2576139920365644 0.3274633898773602
vn -0.9090669718986678 -0.2576139920365644 0.3274633898773602
vn 0.7776490755990599 -0.24947929217188117 -0.577080581892464
vn 0.7257529624201933 0.032375798323567115 -0.6871931644168365
vn -0.11583950052560248 -0.09992715045340263 -0.9882286044839231
vn -0.7776490755990599 -0.24947929217188117 -0.577080581892464
vn 0.9385644256612808 0.2605235071229706 0.22632790618802914
vn 0.8657771131545396 0.32517040494060984 0.38038690577956447
vn 0.7742889109891805 0.3797319053893867 0.506241407184887
vn 0.6594392074470569 0.4496098050774502 0.6024873068038983
vn 0.5459252034875641 0.4674115029859905 0.6953360044420533
vn 0.42805291158678893 0.4684340126798483 0.7728779209207159
vn 0.3004028894748232 0.45306218412611926 0.8393406705921307
vn 0.181655600052632 0.40315590011680824 0.8969206002598694
vn 0.07387158905977319 0.33726129570738717 0.9385082880548035
vn -0.010343550044564347 0.2401390010346192 0.9706834041821107
vn -0.7257529624201933 0.032375798323567115 -0.6871931644168365
vn 0.11583950052560248 -0.09992715045340263 -0.9882286044839231
vn -0.9385644256612808 0.2605235071229706 0.22632790618802914
vn -0.8657771131545396 0.32517040494060984 0.38038690577956447
vn -0.7742889109891805 0.3797319053893867 0.506241407184887
vn -0.6594392074470569 0.4496098050774502 0.6024873068038983
vn -0.5459252034875641 0.4674115029859905 0.6953360044420533
vn -0.42805291158678893 0.4684340126798483 0.7728779209207159
vn -0.3004028894748232 0.45306218412611926 0.8393406705921307
vn -0.181655600052632 0.40315590011680824 0.8969206002598694
vn -0.07387158905977319 0.33726129570738717 0.9385082880548035
vn 0.010343550044564347 0.2401390010346192 0.9706834041821107
vn 0.08289000193150575 0.1303667030378093 0.9879948230222902
vn 0.18249650857111477 0.03888802182641116 0.9824371461410555
vn 0.2703331970819155 -0.06325382931721311 0.9606866896299642
vn 0.35875529823862984 -0.1493148992669133 0.9214117954761721
vn 0.4880705108418399 -0.1807804040157974 0.8538768189677424
vn 0.5859060863030539 -0.23702269445903182 0.7749414818839025
vn -0.5859060863030539 -0.23702269445903182 0.7749414818839025
vn -0.4880705108418399 -0.1807804040157974 0.8538768189677424
vn -0.35875529823862984 -0.1493148992669133 0.9214117954761721
vn -0.2703331970819155 -0.06325382931721311 0.9606866896299642
vn -0.18249650857111477 0.03888802182641116 0.9824371461410555
vn -0.08289000193150575 0.1303667030378093 0.9879948230222902
vn 0.6761658065156522 -0.27287650262948593 0.6843524065945394
vn -0.6761658065156522 -0.27287650262948593 0.6843524065945394
vn 0.7894022627772804 -0.2303571891379575 0.569016373169146
vn -0.7894022627772804 -0.2303571891379575 0.569016373169146
vn 0.8637301842881391 -0.22887039583668628 0.44898609183262644
vn -0.8637301842881391 -0.22887039583668628 0.44898609183262644
vn 0.9227664788880723 -0.2089890952185491 0.3237677925925329
vn -0.9227664788880723 -0.2089890952185491 0.3237677925925329
vn 0.7964108929498404 -0.15115209866193877 -0.5855618948163631
vn 0.7209638800039926 0.005542103846289333 -0.6929504807809471
vn -0.1173908011875054 -0.06432870065073798 -0.9910001100247887
vn -0.7964108929498404 -0.15115209866193877 -0.5855618948163631
vn 0.9612039549513683 0.14184990810946155 0.2365704135245677
vn 0.8856672172242792 0.2605766050676417 0.3843090074739649
vn 0.7953065018026497 0.3179278007206182 0.516148701169908
vn 0.6989889085229745 0.3655765044575803 0.6146286074943449
vn 0.5768060843557358 0.41848998864962034 0.7015417809726263
vn 0.4551093879245873 0.42494008872506883 0.7824968792380186
vn 0.33256371531657813 0.41419241907607535 0.8472579390213719
vn 0.2088717986569115 0.3796965975584728 0.9012230942049508
vn 0.09123548427656988 0.3178181148973984 0.9437519442374059
vn -0.012269819498263583 0.24151079012416102 0.9703205603217339
vn -0.7209638800039926 0.005542103846289333 -0.6929504807809471
vn 0.1173908011875054 -0.06432870065073798 -0.9910001100247887
vn -0.9612039549513683 0.14184990810946155 0.2365704135245677
vn -0.8856672172242792 0.2605766050676417 0.3843090074739649
vn -0.7953065018026497 0.3179278007206182 0.516148701169908
vn -0.6989889085229745 0.3655765044575803 0.6146286074943449
vn -0.5768060843557358 0.41848998864962034 0.7015417809726263
vn -0.4551093879245873 0.42494008872506883 0.7824968792380186
vn -0.33256371531657813 0.41419241907607535 0.8472579390213719
vn -0.2088717986569115 0.3796965975584728 0.9012230942049508
vn -0.09123548427656988 0.3178181148973984 0.9437519442374059
vn 0.012269819498263583 0.24151079012416102 0.9703205603217339
vn 0.09822719698535383 0.14147149565816253 0.9850569697680651
vn 0.18318880615904687 0.03463814116457932 0.9824673330318346
vn 0.2703749952217553 -0.05824715897061812 0.9609914830167267
vn 0.3971816127170485 -0.10290900329496337 0.9119520291990812
vn 0.4994923177186561 -0.16918930600170837 0.849636630139441
vn 0.5956435075751143 -0.21568900274303157 0.7737487098401725
vn -0.5956435075751143 -0.21568900274303157 0.7737487098401725
vn -0.4994923177186561 -0.16918930600170837 0.849636630139441
vn -0.3971816127170485 -0.10290900329496337 0.9119520291990812
vn -0.2703749952217553 -0.05824715897061812 0.9609914830167267
vn -0.18318880615904687 0.03463814116457932 0.9824673330318346
vn -0.09822719698535383 0.14147149565816253 0.9850569697680651
vn 0.716722614422301 -0.18671410375716777 0.6718977135203089
vn -0.716722614422301 -0.18671410375716777 0.6718977135203089
vn 0.8031530547626183 -0.19608948895531197 0.5625780683129403
vn -0.8031530547626183 -0.19608948895531197 0.5625780683129403
vn 0.87525206139935 -0.18620599178788313 0.44638678031330553
vn -0.87525206139935 -0.18620599178788313 0.44638678031330553
vn 0.9450251199793046 -0.09231311195164321 0.3136970066320439
vn -0.9450251199793046 -0.09231311195164321 0.3136970066320439
vn 0.8193639018151949 -0.0841337801863874 -0.5670664012562623
vn -0.12032050213111767 -0.02848607050454528 -0.9923263175760915
vn 0.7291250660773912 -0.019637979086341118 -0.6840986681722484
vn -0.8193639018151949 -0.0841337801863874 -0.5670664012562623
vn 0.9669214857489744 0.07484500889689266 0.2438463964060565
vn 0.9070307884974483 0.14859139811563143 0.3939742950037973
vn 0.8150238292574447 0.2542084091254858 0.5206863186914182
vn 0.7190178047585568 0.30559920202249663 0.6241975041310234
vn 0.6113995763698961 0.34498678666653676 0.7121619724755102
vn 0.4840399081885153 0.380011506428664 0.7882237133344003
vn 0.3562625103463675 0.37496961088964803 0.8558474248550206
vn 0.23123019580521953 0.3526680936021968 0.9067291835508947
vn 0.11366140272598409 0.2996475071865584 0.9472552227183777
vn -0.0007947876891443893 0.22687059690128686 0.9739245866976474
vn 0.12032050213111767 -0.02848607050454528 -0.9923263175760915
vn -0.7291250660773912 -0.019637979086341118 -0.6840986681722484
vn -0.9669214857489744 0.07484500889689266 0.2438463964060565
vn -0.9070307884974483 0.14859139811563143 0.3939742950037973
vn -0.8150238292574447 0.2542084091254858 0.5206863186914182
vn -0.7190178047585568 0.30559920202249663 0.6241975041310234
vn -0.6113995763698961 0.34498678666653676 0.7121619724755102
vn -0.4840399081885153 0.380011506428664 0.7882237133344003
vn -0.3562625103463675 0.37496961088964803 0.8558474248550206
vn -0.23123019580521953 0.3526680936021968 0.9067291835508947
vn -0.11366140272598409 0.2996475071865584 0.9472552227183777
vn 0.0007947876891443893 0.22687059690128686 0.9739245866976474
vn 0.09281090850304366 0.13191859787227164 0.9869060840820941
vn 0.17728170108952662 0.033787130207646586 0.9835800060448237
vn 0.29933860148661096 -0.023275950115596 0.9538630047371879
vn 0.4042636214457749 -0.09837018521843871 0.9093372482394183
vn 0.5046250159483963 -0.15472210488990726 0.8493613268435978
vn 0.6313720959667888 -0.13978799910703305 0.7627768951273736
vn -0.6313720959667888 -0.13978799910703305 0.7627768951273736
vn -0.5046250159483963 -0.15472210488990726 0.8493613268435978
vn -0.4042636214457749 -0.09837018521843871 0.9093372482394183
vn -0.29933860148661096 -0.023275950115596 0.9538630047371879
vn -0.17728170108952662 0.033787130207646586 0.9835800060448237
vn -0.09281090850304366 0.13191859787227164 0.9869060840820941
vn 0.7284053175150379 -0.1598493038436934 0.6662386160201942
vn -0.7284053175150379 -0.1598493038436934 0.6662386160201942
vn 0.8121865156826275 -0.16012150309180948 0.560993910832313
vn -0.8121865156826275 -0.16012150309180948 0.560993910832313
vn 0.896364786491932 -0.07553786886165699 0.43683429341698
vn -0.896364786491932 -0.07553786886165699 0.43683429341698
vn 0.9501633726056338 -0.042029378788241936 0.30890629109385576
vn -0.9501633726056338 -0.042029378788241936 0.30890629109385576
vn 0.8048531031994556 -0.017029460067695453 -0.5932297023582093
vn -0.11937249553308295 -0.013418179497891697 -0.9927588628509777
vn 0.7233805219244415 -0.11094720336262213 -0.6814773206544262
vn -0.8048531031994556 -0.017029460067695453 -0.5932297023582093
vn 0.9696719491836824 0.007013232632466722 0.24430948719679527
vn 0.9123096206970549 0.08046892182555306 0.4015170091089904
vn 0.8346833976865582 0.15115559958105101 0.5295805985321933
vn 0.7384752077335744 0.24387040255389725 0.6286347065832857
vn 0.630043183412343 0.2878782924207949 0.7212292810116128
vn 0.5130692277902185 0.31832941724220337 0.7971363431766163
vn 0.38277339593044896 0.33485349643992124 0.861021290845837
vn 0.2511283952036159 0.31838169391912274 0.9140938825414194
vn 0.1258231960649922 0.2849360910888787 0.9502525702817018
vn 0.016432940698132274 0.21431050910470512 0.9766273414907519
vn 0.11937249553308295 -0.013418179497891697 -0.9927588628509777
vn -0.7233805219244415 -0.11094720336262213 -0.6814773206544262
vn -0.9696719491836824 0.007013232632466722 0.24430948719679527
vn -0.9123096206970549 0.08046892182555306 0.4015170091089904
vn -0.8346833976865582 0.15115559958105101 0.5295805985321933
vn -0.7384752077335744 0.24387040255389725 0.6286347065832857
vn -0.630043183412343 0.2878782924207949 0.7212292810116128
vn -0.5130692277902185 0.31832941724220337 0.7971363431766163
vn -0.38277339593044896 0.33485349643992124 0.861021290845837
vn -0.2511283952036159 0.31838169391912274 0.9140938825414194
vn -0.1258231960649922 0.2849360910888787 0.9502525702817018
vn -0.016432940698132274 0.21431050910470512 0.9766273414907519
vn 0.0811166219976155 0.12517230308255087 0.9888134243509773
vn 0.19627700943128149 0.05671441272517678 0.9789069470373325
vn 0.301900188793045 -0.025814789041719327 0.9529899646236866
vn 0.40474540434489886 -0.09106377097756012 0.909883809767506
vn 0.5348956087529889 -0.09042002147962618 0.840066013746773
vn 0.6408055748183631 -0.12078919525336598 0.7581412702074406
vn -0.6408055748183631 -0.12078919525336598 0.7581412702074406
vn -0.5348956087529889 -0.09042002147962618 0.840066013746773
vn -0.40474540434489886 -0.09106377097756012 0.909883809767506
vn -0.301900188793045 -0.025814789041719327 0.9529899646236866
vn -0.19627700943128149 0.05671441272517678 0.9789069470373325
vn -0.0811166219976155 0.12517230308255087 0.9888134243509773
vn 0.7347262989863056 -0.13120799981897377 0.6655536990817423
vn -0.7347262989863056 -0.13120799981897377 0.6655536990817423
vn 0.8317782068613382 -0.05742747047371931 0.5521296045545169
vn -0.8317782068613382 -0.05742747047371931 0.5521296045545169
vn 0.9012994543539451 -0.031880878385402066 0.4320218781203747
vn -0.9012994543539451 -0.031880878385402066 0.4320218781203747
vn 0.9513728086602612 0.00883911708046162 0.3079150028029226
vn -0.9513728086602612 0.00883911708046162 0.3079150028029226
vn 0.7985115802214502 0.08376326792524505 -0.5961232852344608
vn -0.11204950174989298 0.021374580333810077 -0.9934727155152044
vn 0.7011136047907653 -0.15373220105046428 -0.6962802047577384
vn 0.71194902247543 -0.13581150428741628 -0.6889730217501034
vn -0.11731010196016506 -0.006129501102419211 -0.9930764165935726
vn -0.7985115802214502 0.08376326792524505 -0.5961232852344608
vn 0.9620319684043885 -0.11441999624215222 0.2477953918617601
vn 0.9156365817628221 0.01153539977024376 0.4018414919963281
vn 0.8398372010261196 0.08365707010221274 0.5363534006553208
vn 0.7562883694581382 0.15049649392236691 0.6366935742878406
vn 0.648941925757281 0.22924020909881787 0.7254814287952256
vn 0.5299517961776458 0.26507779808808773 0.8055338941899701
vn 0.4057285985705085 0.28607569899207785 0.8680696969415561
vn 0.2747822120972486 0.2838088124946433 0.9186660404441448
vn 0.1415620963346955 0.25617479336716054 0.9562084752419941
vn 0.018182090868734797 0.21217721013776264 0.9770620466837288
vn -0.7011136047907653 -0.15373220105046428 -0.6962802047577384
vn 0.11204950174989298 0.021374580333810077 -0.9934727155152044
vn -0.71194902247543 -0.13581150428741628 -0.6889730217501034
vn 0.11731010196016506 -0.006129501102419211 -0.9930764165935726
vn -0.9620319684043885 -0.11441999624215222 0.2477953918617601
vn -0.9156365817628221 0.01153539977024376 0.4018414919963281
vn -0.8398372010261196 0.08365707010221274 0.5363534006553208
vn -0.7562883694581382 0.15049649392236691 0.6366935742878406
vn -0.648941925757281 0.22924020909881787 0.7254814287952256
vn -0.5299517961776458 0.26507779808808773 0.8055338941899701
vn -0.4057285985705085 0.28607569899207785 0.8680696969415561
vn -0.2747822120972486 0.2838088124946433 0.9186660404441448
vn -0.1415620963346955 0.25617479336716054 0.9562084752419941
vn -0.018182090868734797 0.21217721013776264 0.9770620466837288
vn 0.08981414073596763 0.13565870111163333 0.9866763080851614
vn 0.19420839364455728 0.047196438455502886 0.9798242679353868
vn 0.2977856986457076 -0.025842459882471913 0.9542828956600399
vn 0.42902609761372895 -0.03948947978035715 0.9024284949806339
vn 0.5418987714932675 -0.07959773581273959 0.8366659559869594
vn 0.6442824130714548 -0.0999871220285782 0.7582234153831346
vn -0.6442824130714548 -0.0999871220285782 0.7582234153831346
vn -0.5418987714932675 -0.07959773581273959 0.8366659559869594
vn -0.42902609761372895 -0.03948947978035715 0.9024284949806339
vn -0.2977856986457076 -0.025842459882471913 0.9542828956600399
vn -0.19420839364455728 0.047196438455502886 0.9798242679353868
vn -0.08981414073596763 0.13565870111163333 0.9866763080851614
vn 0.7524497595405185 -0.03830827794015092 0.6575346646441358
vn -0.7524497595405185 -0.03830827794015092 0.6575346646441358
vn 0.8365337143835531 -0.021170400364008853 0.5475063094139494
vn -0.8365337143835531 -0.021170400364008853 0.5475063094139494
vn 0.901879466004179 0.01239568953275161 0.4318098837231781
vn -0.901879466004179 0.01239568953275161 0.4318098837231781
vn 0.943877002441102 0.12798070033099004 0.3044949007875
vn -0.943877002441102 0.12798070033099004 0.3044949007875
vn 0.8042916993988642 0.1534267998853274 -0.5740862995709222
vn 0.8010221022709818 0.13606830038576806 -0.5829657016527691
vn -0.10621770072981018 0.05577117038319783 -0.9927776068212663
vn 0.7131614331590799 -0.16354150760400882 -0.6816560316942081
vn -0.8042916993988642 0.1534267998853274 -0.5740862995709222
vn -0.8010221022709818 0.13606830038576806 -0.5829657016527691
vn 0.9524338863323356 -0.17451479749566906 0.24982849641489857
vn 0.9507959429171708 -0.18137400818688743 0.2511783113377245
vn 0.9084223148007705 -0.10313090168029435 0.40513320660076657
vn 0.8432051158759621 0.015425950290441432 0.5373706101176752
vn 0.760961150877216 0.08483559452355659 0.6432270584773759
vn 0.6645952798060567 0.14718699552767522 0.732563377740824
vn 0.5480076224902662 0.21057840864215058 0.8095334332233014
vn 0.4205088968063737 0.23759979819550775 0.8756246933499194
vn 0.2912597001196801 0.24879210010222974 0.9237263003795638
vn 0.16195419206592185 0.2277701888416194 0.9601518529625028
vn 0.029496989010596823 0.1894465936454847 0.9814478670797709
vn 0.10621770072981018 0.05577117038319783 -0.9927776068212663
vn -0.7131614331590799 -0.16354150760400882 -0.6816560316942081
vn -0.9524338863323356 -0.17451479749566906 0.24982849641489857
vn -0.9507959429171708 -0.18137400818688743 0.2511783113377245
vn -0.9084223148007705 -0.10313090168029435 0.40513320660076657
vn -0.8432051158759621 0.015425950290441432 0.5373706101176752
vn -0.760961150877216 0.08483559452355659 0.6432270584773759
vn -0.6645952798060567 0.14718699552767522 0.732563377740824
vn -0.5480076224902662 0.21057840864215058 0.8095334332233014
vn -0.4205088968063737 0.23759979819550775 0.8756246933499194
vn -0.2912597001196801 0.24879210010222974 0.9237263003795638
vn -0.16195419206592185 0.2277701888416194 0.9601518529625028
vn -0.029496989010596823 0.1894465936454847 0.9814478670797709
vn 0.08308891963333956 0.1193748994732141 0.9893663956340566
vn 0.1856408047086906 0.03979227100931179 0.9818116249031844
vn 0.31565171448949647 0.012101960555521292 0.9487979435530802
vn 0.4334291945079797 -0.037001499531150873 0.9004276885905997
vn 0.5424904908183578 -0.06701833886571595 0.8373843858272838
vn 0.6598244433209673 -0.018523241216149 0.751191449319695
vn -0.6598244433209673 -0.018523241216149 0.751191449319695
vn -0.5424904908183578 -0.06701833886571595 0.8373843858272838
vn -0.4334291945079797 -0.037001499531150873 0.9004276885905997
vn -0.31565171448949647 0.012101960555521292 0.9487979435530802
vn -0.1856408047086906 0.03979227100931179 0.9818116249031844
vn -0.08308891963333956 0.1193748994732141 0.9893663956340566
vn 0.7570096461914573 -0.010086750615476729 0.6533258398648456
vn -0.7570096461914573 -0.010086750615476729 0.6533258398648456
vn 0.8363626416434552 0.01572967078319823 0.5479508272831001
vn -0.8363626416434552 0.01572967078319823 0.5479508272831001
vn 0.8947736072490576 0.12533920101544238 0.4285677034720649
vn -0.8947736072490576 0.12533920101544238 0.4285677034720649
vn 0.9349551936612936 0.18700649873215386 0.301475297956091
vn 0.9362444771519604 0.17859819564150303 0.3025705926160901
vn -0.9349551936612936 0.18700649873215386 0.301475297956091
vn -0.9362444771519604 0.17859819564150303 0.3025705926160901
vn 0.7732030558484173 0.2156449876862005 -0.5963675659461098
vn -0.1019650998193462 0.06885920987800086 -0.9924018982417397
vn 0.6846097620878289 -0.2514167860770955 -0.6841776621117577
vn -0.7732030558484173 0.2156449876862005 -0.5963675659461098
vn 0.9366352528091421 -0.2476014875249981 0.24780618751468453
vn 0.8991615165572953 -0.15982970294312826 0.40738560750165975
vn 0.896495827135432 -0.17101570517635994 0.40871611237115435
vn 0.8365615301174025 -0.09016968324623671 0.5404019194552362
vn 0.7645747116379678 0.018494630281515722 0.644269709806746
vn 0.6686597793373859 0.0845172273882877 0.7387495771715034
vn 0.5612262286061478 0.14128740720153146 0.815513941567395
vn 0.4374498118518016 0.18821480509929225 0.8793252238235058
vn 0.3036447950353682 0.20592889663303562 0.9302650847900451
vn 0.17166380620715652 0.20713090748960397 0.9631346348257885
vn 0.04625867169000651 0.16771490612726786 0.9847496359766771
vn 0.1019650998193462 0.06885920987800086 -0.9924018982417397
vn -0.6846097620878289 -0.2514167860770955 -0.6841776621117577
vn -0.9366352528091421 -0.2476014875249981 0.24780618751468453
vn -0.8991615165572953 -0.15982970294312826 0.40738560750165975
vn -0.896495827135432 -0.17101570517635994 0.40871611237115435
vn -0.8365615301174025 -0.09016968324623671 0.5404019194552362
vn -0.7645747116379678 0.018494630281515722 0.644269709806746
vn -0.6686597793373859 0.0845172273882877 0.7387495771715034
vn -0.5612262286061478 0.14128740720153146 0.815513941567395
vn -0.4374498118518016 0.18821480509929225 0.8793252238235058
vn -0.3036447950353682 0.20592889663303562 0.9302650847900451
vn -0.17166380620715652 0.20713090748960397 0.9631346348257885
vn -0.04625867169000651 0.16771490612726786 0.9847496359766771
vn 0.0702852309761957 0.10468930145403561 0.9920182137781991
vn 0.19678049383372567 0.063446178011863 0.9783925693412855
vn 0.3173102950561248 0.006248099902650833 0.9483011852249272
vn 0.4311774995541753 -0.03288897996599397 0.9016674990677026
vn 0.5555772994937335 0.0015748039985647845 0.8314633992423338
vn 0.6641298321428163 0.0011747040568536218 0.7476163361834289
vn -0.6641298321428163 0.0011747040568536218 0.7476163361834289
vn -0.5555772994937335 0.0015748039985647845 0.8314633992423338
vn -0.4311774995541753 -0.03288897996599397 0.9016674990677026
vn -0.3173102950561248 0.006248099902650833 0.9483011852249272
vn -0.19678049383372567 0.063446178011863 0.9783925693412855
vn -0.0702852309761957 0.10468930145403561 0.9920182137781991
vn 0.7560236169403024 0.01878184042084657 0.6542748146604062
vn -0.7560236169403024 0.01878184042084657 0.6542748146604062
vn 0.8297729800683553 0.12046839710627673 0.5449441869101138
vn -0.8297729800683553 0.12046839710627673 0.5449441869101138
vn 0.8867266037573401 0.18135910076847558 0.42523500180185475
vn 0.8885856884294726 0.16950679779280362 0.4262427944497712
vn -0.8867266037573401 0.18135910076847558 0.42523500180185475
vn -0.8885856884294726 0.16950679779280362 0.4262427944497712
vn 0.9246750167728975 0.2286777041480386 0.30443820552227624
vn -0.9246750167728975 0.2286777041480386 0.30443820552227624
vn 0.7422460970267626 0.31091799875454657 -0.5936334976220644
vn -0.08740960768874292 0.0981022274060123 -0.9913301737875626
vn 0.6663223193610014 -0.27368600795236014 -0.6936213201542152
vn -0.7422460970267626 0.31091799875454657 -0.5936334976220644
vn 0.8991356450501317 -0.3630126181883194 0.2444932122500441
vn 0.8826620388586499 -0.23826001048924958 0.40514181783611775
vn 0.8279961942618663 -0.14237959901328884 0.5423562962413923
vn 0.824692348054503 -0.15731850916688855 0.543261831655656
vn 0.758550689734359 -0.07725400895450386 0.6470182912437527
vn 0.6725006125677055 0.021236720396872116 0.739791813825245
vn 0.5645605063853977 0.08270763093545512 0.8212374092885127
vn 0.4480015178592897 0.13290290529808785 0.8840992352440421
vn 0.31920789816094436 0.1625424990635421 0.9336413946210025
vn 0.181421295288929 0.17062389556931104 0.9684904748506514
vn 0.049028527631526736 0.1618183921828665 0.9856018523874824
vn 0.08740960768874292 0.0981022274060123 -0.9913301737875626
vn -0.6663223193610014 -0.27368600795236014 -0.6936213201542152
vn -0.8991356450501317 -0.3630126181883194 0.2444932122500441
vn -0.8826620388586499 -0.23826001048924958 0.40514181783611775
vn -0.8279961942618663 -0.14237959901328884 0.5423562962413923
vn -0.824692348054503 -0.15731850916688855 0.543261831655656
vn -0.758550689734359 -0.07725400895450386 0.6470182912437527
vn -0.6725006125677055 0.021236720396872116 0.739791813825245
vn -0.5645605063853977 0.08270763093545512 0.8212374092885127
vn -0.4480015178592897 0.13290290529808785 0.8840992352440421
vn -0.31920789816094436 0.1625424990635421 0.9336413946210025
vn -0.181421295288929 0.17062389556931104 0.9684904748506514
vn -0.049028527631526736 0.1618183921828665 0.9856018523874824
vn 0.07450592745447318 0.11364369611731438 0.9907239661514928
vn 0.1955909935230694 0.049387878364536654 0.9794411675661321
vn 0.3123265961969111 0.0017968199781205566 0.9499730884325185
vn 0.4415792890926127 0.021629579465730627 0.8969614778442818
vn 0.5595319778022385 0.012415439507454303 0.8287157671231749
vn 0.6623258758952695 0.021498399217585708 0.7489073727442168
vn -0.6623258758952695 0.021498399217585708 0.7489073727442168
vn -0.5595319778022385 0.012415439507454303 0.8287157671231749
vn -0.4415792890926127 0.021629579465730627 0.8969614778442818
vn -0.3123265961969111 0.0017968199781205566 0.9499730884325185
vn -0.1955909935230694 0.049387878364536654 0.9794411675661321
vn -0.07450592745447318 0.11364369611731438 0.9907239661514928
vn 0.7500669151675644 0.11345960229433626 0.6515570131755352
vn -0.7500669151675644 0.11345960229433626 0.6515570131755352
vn 0.8228256738501151 0.17250629451764815 0.5414789827914788
vn 0.8252488411623032 0.15742460785212778 0.5423853270534512
vn -0.8228256738501151 0.17250629451764815 0.5414789827914788
vn -0.8252488411623032 0.15742460785212778 0.5423853270534512
vn 0.8780323925474981 0.213139898190926 0.428521296362827
vn -0.8780323925474981 0.213139898190926 0.428521296362827
vn 0.8876542380774162 0.34261511469704947 0.3077090131996939
vn -0.8876542380774162 0.34261511469704947 0.3077090131996939
vn 0.7313914226168868 0.37683121165278766 -0.5683879175763137
vn -0.07492031245904854 0.12655920415395017 -0.9891257324652702
vn 0.6596906063638603 -0.3033324029261671 -0.6876029066331231
vn -0.7313914226168868 0.37683121165278766 -0.5683879175763137
vn 0.8719680515614605 -0.4243470250926079 0.24413381443618945
vn 0.8473233378180156 -0.34702061548833907 0.402019717943077
vn 0.8110962768118365 -0.22376819360276515 0.5404170845501944
vn 0.7505696922931729 -0.12454989872112551 0.6489471933366296
vn 0.7466866908152087 -0.14243809824790757 0.649746392007645
vn 0.6672020153590541 -0.06298136144983713 0.7422094170857317
vn 0.568611716906935 0.023604290701842914 0.8222673244490569
vn 0.45049900346334487 0.07943869061070834 0.8892357068362635
vn 0.32690719337497404 0.12218129752390174 0.9371250810084387
vn 0.19534959929295756 0.1340106995149655 0.9715346964836565
vn 0.055995319974653665 0.1323075999401106 0.9896257995520449
vn 0.07492031245904854 0.12655920415395017 -0.9891257324652702
vn -0.6596906063638603 -0.3033324029261671 -0.6876029066331231
vn -0.8719680515614605 -0.4243470250926079 0.24413381443618945
vn -0.8473233378180156 -0.34702061548833907 0.402019717943077
vn -0.8110962768118365 -0.22376819360276515 0.5404170845501944
vn -0.7505696922931729 -0.12454989872112551 0.6489471933366296
vn -0.7466866908152087 -0.14243809824790757 0.649746392007645
vn -0.6672020153590541 -0.06298136144983713 0.7422094170857317
vn -0.568611716906935 0.023604290701842914 0.8222673244490569
vn -0.45049900346334487 0.07943869061070834 0.8892357068362635
vn -0.32690719337497404 0.12218129752390174 0.9371250810084387
vn -0.19534959929295756 0.1340106995149655 0.9715346964836565
vn -0.055995319974653665 0.1323075999401106 0.9896257995520449
vn 0.07041924679863308 0.09165641583315859 0.9932976548431657
vn 0.1880413032593176 0.036428570631415746 0.9814853170120729
vn 0.31986158538866877 0.04128769811397076 0.9465642567607848
vn 0.44506047963847944 0.023437218927746844 0.8951937590448782
vn 0.556963605085449 0.02383187021760068 0.8301949075802328
vn 0.6571074016227235 0.10444230025791958 0.7465264018435432
vn -0.6571074016227235 0.10444230025791958 0.7465264018435432
vn -0.556963605085449 0.02383187021760068 0.8301949075802328
vn -0.44506047963847944 0.023437218927746844 0.8951937590448782
vn -0.31986158538866877 0.04128769811397076 0.9465642567607848
vn -0.1880413032593176 0.036428570631415746 0.9814853170120729
vn -0.07041924679863308 0.09165641583315859 0.9932976548431657
vn 0.7443818957739132 0.16060449908819835 0.6481525963202368
vn 0.7473523908968518 0.1425650982634814 0.6489526920954124
vn -0.7443818957739132 0.16060449908819835 0.6481525963202368
vn -0.7473523908968518 0.1425650982634814 0.6489526920954124
vn 0.8157871218458534 0.19381690519019668 0.5449095145920585
vn -0.8157871218458534 0.19381690519019668 0.5449095145920585
vn 0.8428790290812614 0.3213300110866229 0.43162711489212635
vn -0.8428790290812614 0.3213300110866229 0.43162711489212635
vn 0.8673755972735047 0.3904214987727549 0.3085945990299685
vn -0.8673755972735047 0.3904214987727549 0.3085945990299685
vn 0.6867106005778877 0.42823170036037 -0.5874063004943201
vn -0.06919672953929706 0.13557889909733334 -0.9883471934197114
vn 0.6092976848795532 -0.38275699050142975 -0.6944446827665292
vn -0.6867106005778877 0.42823170036037 -0.5874063004943201
vn 0.8424062000399597 -0.48363620002294144 0.2375875000112699
vn 0.8194451686222446 -0.4086949843504707 0.40184328461283214
vn 0.778622808936328 -0.3237106037152575 0.5375481061694907
vn 0.733828306142752 -0.2069896017326749 0.6470327054162007
vn 0.6598773938786935 -0.10451889903043791 0.7440682930977025
vn 0.6555071912456425 -0.125044698330017 0.7447644900536033
vn 0.5641317091501472 -0.047603660772125723 0.8243114133702301
vn 0.454737889703776 0.025556069421356544 0.89025857984267
vn 0.32848690890748433 0.07476802202746258 0.94154452553159
vn 0.20006109718832232 0.10931029846374246 0.973666686315996
vn 0.06803684964705603 0.10311699946507609 0.9923395948521974
vn 0.06919672953929706 0.13557889909733334 -0.9883471934197114
vn -0.6092976848795532 -0.38275699050142975 -0.6944446827665292
vn -0.8424062000399597 -0.48363620002294144 0.2375875000112699
vn -0.8194451686222446 -0.4086949843504707 0.40184328461283214
vn -0.778622808936328 -0.3237106037152575 0.5375481061694907
vn -0.733828306142752 -0.2069896017326749 0.6470327054162007
vn -0.6598773938786935 -0.10451889903043791 0.7440682930977025
vn -0.6555071912456425 -0.125044698330017 0.7447644900536033
vn -0.5641317091501472 -0.047603660772125723 0.8243114133702301
vn -0.454737889703776 0.025556069421356544 0.89025857984267
vn -0.32848690890748433 0.07476802202746258 0.94154452553159
vn -0.20006109718832232 0.10931029846374246 0.973666686315996
vn -0.06803684964705603 0.10311699946507609 0.9923395948521974
vn 0.06050869831169156 0.07039962803571549 0.9956819722185681
vn 0.19257829971098694 0.06020464990964728 0.9794329985301099
vn 0.32273429684038923 0.03404559966668895 0.9458770907397404
vn 0.4418275910630695 0.025741859479314327 0.8967305818616604
vn 0.552575290426022 0.09358110837860363 0.8281926856506459
vn 0.6527815898542859 0.14586419773293768 0.7433705884463264
vn 0.6562703291233287 0.1251903055555739 0.7440676330195124
vn -0.6527815898542859 0.14586419773293768 0.7433705884463264
vn -0.6562703291233287 0.1251903055555739 0.7440676330195124
vn -0.552575290426022 0.09358110837860363 0.8281926856506459
vn -0.4418275910630695 0.025741859479314327 0.8967305818616604
vn -0.32273429684038923 0.03404559966668895 0.9458770907397404
vn -0.19257829971098694 0.06020464990964728 0.9794329985301099
vn -0.06050869831169156 0.07039962803571549 0.9956819722185681
vn 0.7390811440100624 0.17106121018618117 0.651534438796919
vn -0.7390811440100624 0.17106121018618117 0.651534438796919
vn 0.7831258050619215 0.29433720190251905 0.5477952035408059
vn -0.7831258050619215 0.29433720190251905 0.5477952035408059
vn 0.8254425192873437 0.3636101084961374 0.4317781100889555
vn -0.8254425192873437 0.3636101084961374 0.4317781100889555
vn 0.8434216706561419 0.4366759848074117 0.31297598911111335
vn -0.8434216706561419 0.4366759848074117 0.31297598911111335
vn 0.6342357198542611 0.510896315993216 -0.580284418165357
vn -0.062378818693068876 0.1438208969867337 -0.9876357793075282
vn 0.5492685011933545 -0.45533650098927525 -0.7006945015223465
vn -0.6342357198542611 0.510896315993216 -0.580284418165357
vn 0.7780438967247271 -0.5850489975371632 0.2288347990366912
vn 0.7901985329263487 -0.46852491952270764 0.39505781646144705
vn 0.7511434812690282 -0.38430709041668426 0.5367415866154845
vn 0.7044482981984652 -0.29741119923940973 0.6444370983519359
vn 0.64365816249544 -0.18657038912894972 0.7422234567522549
vn 0.5527617102845215 -0.10544490196187695 0.8266413153802448
vn 0.5575222980027015 -0.08264050970394428 0.8260383970407545
vn 0.451155100493509 -0.0313913200343385 0.8918933009756231
vn 0.3328766911991152 0.027058089284614385 0.9425820750791915
vn 0.20067680043029112 0.06877797014747347 0.9772402020953982
vn 0.06967720316290116 0.09451423429034393 0.9930821450796031
vn 0.062378818693068876 0.1438208969867337 -0.9876357793075282
vn -0.5492685011933545 -0.45533650098927525 -0.7006945015223465
vn -0.7780438967247271 -0.5850489975371632 0.2288347990366912
vn -0.7901985329263487 -0.46852491952270764 0.39505781646144705
vn -0.7511434812690282 -0.38430709041668426 0.5367415866154845
vn -0.7044482981984652 -0.29741119923940973 0.6444370983519359
vn -0.64365816249544 -0.18657038912894972 0.7422234567522549
vn -0.5527617102845215 -0.10544490196187695 0.8266413153802448
vn -0.5575222980027015 -0.08264050970394428 0.8260383970407545
vn -0.451155100493509 -0.0313913200343385 0.8918933009756231
vn -0.3328766911991152 0.027058089284614385 0.9425820750791915
vn -0.20067680043029112 0.06877797014747347 0.9772402020953982
vn -0.06967720316290116 0.09451423429034393 0.9930821450796031
vn 0.061969229306395306 0.07805031912640384 0.9950215888629945
vn 0.19471161002146198 0.04405339226734992 0.9798707504322133
vn 0.3189689055296637 0.027195680471465707 0.9473749164237474
vn 0.43834638889765043 0.08107247794661232 0.8951422773280155
vn 0.549643791184791 0.12854579793837717 0.8254499867614002
vn 0.5536088731293705 0.10560649487415531 0.8260535599056659
vn 0.6493124652178547 0.14528589221737548 0.7465154600109184
vn -0.6493124652178547 0.14528589221737548 0.7465154600109184
vn -0.549643791184791 0.12854579793837717 0.8254499867614002
vn -0.5536088731293705 0.10560649487415531 0.8260535599056659
vn -0.43834638889765043 0.08107247794661232 0.8951422773280155
vn -0.3189689055296637 0.027195680471465707 0.9473749164237474
vn -0.19471161002146198 0.04405339226734992 0.9798707504322133
vn -0.061969229306395306 0.07805031912640384 0.9950215888629945
vn 0.709490805418353 0.2621300020018762 0.6541488049957084
vn -0.709490805418353 0.2621300020018762 0.6541488049957084
vn 0.7689431559493931 0.3303826810732983 0.547333268644805
vn -0.7689431559493931 0.3303826810732983 0.547333268644805
vn 0.8038722467571021 0.40429082351551165 0.43627782537603077
vn -0.8038722467571021 0.40429082351551165 0.43627782537603077
vn 0.7789814698840394 0.5382106791924041 0.32174078756127944
vn -0.7789814698840394 0.5382106791924041 0.32174078756127944
vn 0.026528028772698536 0.13711929365626804 -0.9901992541890954
vn 0.6046453968626734 0.5499348971465501 -0.5761731970104071
vn -0.04367525162329093 0.160258605956379 -0.9861083366509789
vn 0.5197095763222765 -0.47123127853092484 -0.7126310675328644
vn -0.026528028772698536 0.13711929365626804 -0.9901992541890954
vn -0.6046453968626734 0.5499348971465501 -0.5761731970104071
vn 0.7013777695519819 -0.6777169705791379 0.22083689041308974
vn 0.7298250007921921 -0.5636528006118199 0.38684750041990545
vn 0.7225320178864176 -0.44303311096736914 0.530725113138201
vn 0.6775820104832609 -0.355834605505322 0.6436337099580272
vn 0.6178883198319076 -0.26588130853379727 0.7399467237495265
vn 0.5421807108976453 -0.1628722032736753 0.8243256165686605
vn 0.44026210869669113 -0.08398448165898262 0.8939328176582483
vn 0.44531320441888944 -0.059301530588455484 0.8934089088653899
vn 0.33025401130842585 -0.014628480500902792 0.9437787323164941
vn 0.20515929609840816 0.028084159465912712 0.978325581394813
vn 0.06932435967208095 0.06157421970874054 0.9956920952901632
vn 0.04367525162329093 0.160258605956379 -0.9861083366509789
vn -0.5197095763222765 -0.47123127853092484 -0.7126310675328644
vn -0.7013777695519819 -0.6777169705791379 0.22083689041308974
vn -0.7298250007921921 -0.5636528006118199 0.38684750041990545
vn -0.7225320178864176 -0.44303311096736914 0.530725113138201
vn -0.6775820104832609 -0.355834605505322 0.6436337099580272
vn -0.6178883198319076 -0.26588130853379727 0.7399467237495265
vn -0.5421807108976453 -0.1628722032736753 0.8243256165686605
vn -0.44026210869669113 -0.08398448165898262 0.8939328176582483
vn -0.44531320441888944 -0.059301530588455484 0.8934089088653899
vn -0.33025401130842585 -0.014628480500902792 0.9437787323164941
vn -0.20515929609840816 0.028084159465912712 0.978325581394813
vn -0.06932435967208095 0.06157421970874054 0.9956920952901632
vn 0.0632519126573917 0.053283912238607595 0.9965741418688977
vn 0.19056140963916574 0.02816871142485741 0.981271049635623
vn 0.3164556908394194 0.06714053805645341 0.9462282726091183
vn 0.43679138901857983 0.10895549726073771 0.8929400775504956
vn 0.4411782055215742 0.08415925105329651 0.8934646111821732
vn 0.5481052242529989 0.11695560517514511 0.8281920366465045
vn 0.6233160728868329 0.22529339020012845 0.7488123674279619
vn -0.6233160728868329 0.22529339020012845 0.7488123674279619
vn -0.5481052242529989 0.11695560517514511 0.8281920366465045
vn -0.43679138901857983 0.10895549726073771 0.8929400775504956
vn -0.4411782055215742 0.08415925105329651 0.8934646111821732
vn -0.3164556908394194 0.06714053805645341 0.9462282726091183
vn -0.19056140963916574 0.02816871142485741 0.981271049635623
vn -0.0632519126573917 0.053283912238607595 0.9965741418688977
vn 0.6988756760855301 0.2913259900312645 0.6532242776476521
vn -0.6988756760855301 0.2913259900312645 0.6532242776476521
vn 0.7500325006459768 0.3647251003141249 0.5517489004752022
vn -0.7500325006459768 0.3647251003141249 0.5517489004752022
vn 0.7424533715056759 0.5010640807698598 0.44463218293563744
vn -0.7424533715056759 0.5010640807698598 0.44463218293563744
vn 0.7421916354302033 0.5859131279698937 0.3253573155316705
vn -0.7421916354302033 0.5859131279698937 0.3253573155316705
vn -0.02814834108501941 0.17619500679169714 -0.9839527379279125
vn 0.4991906035083964 -0.50135670352362 -0.7067179049669337
vn 0.6554015006378795 -0.7230941007037623 0.2181371002123051
vn 0.6579102962244535 -0.6505776962665333 0.37934509782305403
vn 0.6673282885317934 -0.5300148908915592 0.5232180910083637
vn 0.6503252015065955 -0.41258180095582014 0.6378506014776957
vn 0.5920649008506168 -0.3210834004612992 0.7391648010619544
vn 0.5204737127856087 -0.22967910564214328 0.8224078202027197
vn 0.43118248550891203 -0.1363125954188359 0.8919083700249358
vn 0.3199924947187545 -0.06104182899254881 0.9454515843960029
vn 0.32523361076317014 -0.034914441155446806 0.9449889312731412
vn 0.2035429013631938 0.002391795016018421 0.9790631065571078
vn 0.07381503995084089 0.02861624998094202 0.9968612993361134
vn 0.02814834108501941 0.17619500679169714 -0.9839527379279125
vn -0.4991906035083964 -0.50135670352362 -0.7067179049669337
vn -0.6554015006378795 -0.7230941007037623 0.2181371002123051
vn -0.6579102962244535 -0.6505776962665333 0.37934509782305403
vn -0.6673282885317934 -0.5300148908915592 0.5232180910083637
vn -0.6503252015065955 -0.41258180095582014 0.6378506014776957
vn -0.5920649008506168 -0.3210834004612992 0.7391648010619544
vn -0.5204737127856087 -0.22967910564214328 0.8224078202027197
vn -0.43118248550891203 -0.1363125954188359 0.8919083700249358
vn -0.3199924947187545 -0.06104182899254881 0.9454515843960029
vn -0.32523361076317014 -0.034914441155446806 0.9449889312731412
vn -0.2035429013631938 0.002391795016018421 0.9790631065571078
vn -0.07381503995084089 0.02861624998094202 0.9968612993361134
vn 0.05886445153706371 0.028644770747969676 0.9978549260559058
vn 0.18905999859323266 0.052032949612830344 0.9805859927036054
vn 0.31621900813673254 0.08743940224993105 0.9446480243070409
vn 0.32096159236334076 0.06122668854322936 0.9451110775129129
vn 0.43727687939335597 0.08657749592004103 0.8951498578161221
vn 0.5261608049596707 0.1844925017390538 0.8301309078249385
vn 0.6164765468845381 0.24712911879476931 0.7475853568556815
vn -0.6164765468845381 0.24712911879476931 0.7475853568556815
vn -0.5261608049596707 0.1844925017390538 0.8301309078249385
vn -0.43727687939335597 0.08657749592004103 0.8951498578161221
vn -0.31621900813673254 0.08743940224993105 0.9446480243070409
vn -0.32096159236334076 0.06122668854322936 0.9451110775129129
vn -0.18905999859323266 0.052032949612830344 0.9805859927036054
vn -0.05886445153706371 0.028644770747969676 0.9978549260559058
vn 0.6828911082855896 0.31869970386681684 0.6573357079755234
vn -0.6828911082855896 0.31869970386681684 0.6573357079755234
vn 0.6927267044981309 0.45501660295459107 0.559544103633327
vn -0.6927267044981309 0.45501660295459107 0.559544103633327
vn 0.7075064715728044 0.5466422780362334 0.4479026820035327
vn -0.7075064715728044 0.5466422780362334 0.4479026820035327
vn 0.4845985106892886 0.667508514723923 -0.5653288124700399
vn 0.5324907968607964 0.6460589961912756 -0.5468649967760557
vn -0.02369216000698071 0.1794350000528694 -0.9834845002897761
vn 0.4201572675005719 -0.5588118567755525 -0.7149805446958066
vn -0.4845985106892886 0.667508514723923 -0.5653288124700399
vn -0.5324907968607964 0.6460589961912756 -0.5468649967760557
vn 0.6079990085314391 -0.7654549107408597 0.21075100295725688
vn 0.6120246124832427 -0.6952219141801877 0.37695140768854013
vn 0.6015715984986096 -0.6094961984788317 0.5163583987112829
vn 0.6006383107371367 -0.4908710087749135 0.6310937112815637
vn 0.5666862030253988 -0.37487340200135744 0.7337143039171208
vn 0.49610049289319924 -0.2806663959793628 0.8216511882295797
vn 0.4139194883836104 -0.189442494683416 0.8903831750119574
vn 0.3126101960691003 -0.10735779865003547 0.9437950881323005
vn 0.19407489561872504 -0.03702176916422726 0.9802878778698285
vn 0.19940560516253383 -0.009910257256572937 0.9798669253683749
vn 0.07323348685397149 0.01937229916778752 0.9971266571645565
vn 0.02369216000698071 0.1794350000528694 -0.9834845002897761
vn -0.4201572675005719 -0.5588118567755525 -0.7149805446958066
vn -0.6079990085314391 -0.7654549107408597 0.21075100295725688
vn -0.6120246124832427 -0.6952219141801877 0.37695140768854013
vn -0.6015715984986096 -0.6094961984788317 0.5163583987112829
vn -0.6006383107371367 -0.4908710087749135 0.6310937112815637
vn -0.5666862030253988 -0.37487340200135744 0.7337143039171208
vn -0.49610049289319924 -0.2806663959793628 0.8216511882295797
vn -0.4139194883836104 -0.189442494683416 0.8903831750119574
vn -0.3126101960691003 -0.10735779865003547 0.9437950881323005
vn -0.19407489561872504 -0.03702176916422726 0.9802878778698285
vn -0.19940560516253383 -0.009910257256572937 0.9798669253683749
vn -0.07323348685397149 0.01937229916778752 0.9971266571645565
vn 0.0584006308301778 0.03601644051198139 0.9976433141817189
vn 0.19005760725006857 0.06437789245580326 0.9796599373707836
vn 0.19507980657902546 0.03721346125501594 0.9800811330530302
vn 0.3188028068744817 0.05469175117934148 0.9462418204042183
vn 0.4197696010867227 0.14045820036362575 0.8966967023214178
vn 0.5231994017667058 0.19857160067052348 0.8287531027984797
vn 0.6036733005903352 0.2670489002611483 0.7511747007345776
vn -0.6036733005903352 0.2670489002611483 0.7511747007345776
vn -0.5231994017667058 0.19857160067052348 0.8287531027984797
vn -0.4197696010867227 0.14045820036362575 0.8966967023214178
vn -0.3188028068744817 0.05469175117934148 0.9462418204042183
vn -0.19005760725006857 0.06437789245580326 0.9796599373707836
vn -0.19507980657902546 0.03721346125501594 0.9800811330530302
vn -0.0584006308301778 0.03601644051198139 0.9976433141817189
vn 0.6307147165276934 0.4009081105056788 0.6644333174112795
vn -0.6307147165276934 0.4009081105056788 0.6644333174112795
vn 0.6602614895846624 0.49766919214948496 0.5624767911271735
vn -0.6602614895846624 0.49766919214948496 0.5624767911271735
vn 0.6235298973471266 0.7049371970007706 0.33804439856175483
vn 0.6692716047089917 0.6647383046770954 0.3319616023356804
vn 0.4078413139746951 0.7232316247815538 -0.5573163190964605
vn -0.018847750088578374 0.18210030085581314 -0.983099304620251
vn 0.33424188779405134 -0.606072577867254 -0.7217744736420166
vn -0.4078413139746951 0.7232316247815538 -0.5573163190964605
vn 0.5117183229730701 -0.8353954375042228 0.20064600900779692
vn -0.6235298973471266 0.7049371970007706 0.33804439856175483
vn -0.6692716047089917 0.6647383046770954 0.3319616023356804
vn 0.5657101762993888 -0.7372504691126527 0.3693693845251497
vn 0.5571642840393523 -0.6525586813066641 0.5135514852886938
vn 0.5414531878137596 -0.5624092873421104 0.6249193859352239
vn 0.5233898063463841 -0.4430938053727519 0.7278262088252858
vn 0.4730930153303879 -0.3305759107121789 0.8166410264629221
vn 0.3913816947205056 -0.23529649682599751 0.8896380879993383
vn 0.3000944072170995 -0.14587730350826625 0.9426893226711411
vn 0.18853699901098267 -0.07651405959862684 0.9790808948639896
vn 0.0647315507579957 -0.012348200144595594 0.9978263116843804
vn 0.07005332869472802 0.015269079715497926 0.9974263814154056
vn 0.018847750088578374 0.18210030085581314 -0.983099304620251
vn -0.33424188779405134 -0.606072577867254 -0.7217744736420166
vn -0.5117183229730701 -0.8353954375042228 0.20064600900779692
vn -0.5657101762993888 -0.7372504691126527 0.3693693845251497
vn -0.5571642840393523 -0.6525586813066641 0.5135514852886938
vn -0.5414531878137596 -0.5624092873421104 0.6249193859352239
vn -0.5233898063463841 -0.4430938053727519 0.7278262088252858
vn -0.4730930153303879 -0.3305759107121789 0.8166410264629221
vn -0.3913816947205056 -0.23529649682599751 0.8896380879993383
vn -0.3000944072170995 -0.14587730350826625 0.9426893226711411
vn -0.18853699901098267 -0.07651405959862684 0.9790808948639896
vn -0.0647315507579957 -0.012348200144595594 0.9978263116843804
vn -0.07005332869472802 0.015269079715497926 0.9974263814154056
vn 0.060537128624664885 0.04017854908718857 0.9973569773411771
vn 0.0657544893627563 0.012543339878439037 0.9977569903304798
vn 0.19478030628337378 0.021861710705231754 0.9806032316330575
vn 0.3060387910858975 0.09397420726277908 0.9473695724056239
vn 0.42068939835829966 0.14650989942825887 0.8952961965061917
vn 0.5138142068377419 0.21070350280400202 0.8316243110670986
vn 0.5575490065043751 0.3397204039631832 0.7574491088364128
vn -0.5575490065043751 0.3397204039631832 0.7574491088364128
vn -0.5138142068377419 0.21070350280400202 0.8316243110670986
vn -0.42068939835829966 0.14650989942825887 0.8952961965061917
vn -0.3060387910858975 0.09397420726277908 0.9473695724056239
vn -0.19478030628337378 0.021861710705231754 0.9806032316330575
vn -0.060537128624664885 0.04017854908718857 0.9973569773411771
vn -0.0657544893627563 0.012543339878439037 0.9977569903304798
vn 0.6013036124126626 0.43986980908019724 0.6670446137697489
vn -0.6013036124126626 0.43986980908019724 0.6670446137697489
vn 0.5980052176577997 0.6564895193847143 0.4597948135767458
vn 0.6420494689709377 0.6181985701236075 0.4534346780863415
vn 0.52478940291155 0.7766631043089541 0.34841140193299885
vn 0.3244200877501751 0.7690567709610745 -0.5507297792049146
vn -0.0059916020185481235 0.1861287005761964 -0.9825071030415342
vn 0.29261211148782584 -0.6110418239892396 -0.7355311288766365
vn -0.3244200877501751 0.7690567709610745 -0.5507297792049146
vn 0.40706571341889497 -0.8929192294350248 0.1923350063403109
vn -0.52478940291155 0.7766631043089541 0.34841140193299885
vn 0.476126299335592 -0.8023263988803978 0.359966799497686
vn -0.5980052176577997 0.6564895193847143 0.4597948135767458
vn -0.6420494689709377 0.6181985701236075 0.4534346780863415
vn 0.5127197033492416 -0.6930423045271639 0.5067651033103441
vn 0.4989719034361451 -0.6031343041534544 0.622299004285431
vn 0.4718165022699989 -0.5054316024317276 0.7224459034758244
vn 0.43694757243639987 -0.38752927555381333 0.8117252487946114
vn 0.3711921187172628 -0.2804698141426152 0.8851853446352329
vn 0.2797555962263474 -0.1857741974940726 0.9419260872942602
vn 0.1809886987570903 -0.0997454193150152 0.9784139932809051
vn 0.06112834859844389 -0.04431954898383774 0.9971454771373616
vn 0.0059916020185481235 0.1861287005761964 -0.9825071030415342
vn -0.29261211148782584 -0.6110418239892396 -0.7355311288766365
vn -0.40706571341889497 -0.8929192294350248 0.1923350063403109
vn -0.476126299335592 -0.8023263988803978 0.359966799497686
vn -0.5127197033492416 -0.6930423045271639 0.5067651033103441
vn -0.4989719034361451 -0.6031343041534544 0.622299004285431
vn -0.4718165022699989 -0.5054316024317276 0.7224459034758244
vn -0.43694757243639987 -0.38752927555381333 0.8117252487946114
vn -0.3711921187172628 -0.2804698141426152 0.8851853446352329
vn -0.2797555962263474 -0.1857741974940726 0.9419260872942602
vn -0.1809886987570903 -0.0997454193150152 0.9784139932809051
vn -0.06112834859844389 -0.04431954898383774 0.9971454771373616
vn 0.06739256265388656 -0.011335710446395022 0.997662139287453
vn 0.18698180727318225 0.0458622617839412 0.981292238170116
vn 0.31075490651109067 0.09186252192474884 0.9460405198219093
vn 0.4149296118920136 0.150672004318307 0.8972911257166468
vn 0.4745551018660788 0.27255710107176795 0.8369648032911717
vn 0.5316881071805384 0.3742774050546798 0.7597527102605897
vn -0.5316881071805384 0.3742774050546798 0.7597527102605897
vn -0.4745551018660788 0.27255710107176795 0.8369648032911717
vn -0.4149296118920136 0.150672004318307 0.8972911257166468
vn -0.31075490651109067 0.09186252192474884 0.9460405198219093
vn -0.18698180727318225 0.0458622617839412 0.981292238170116
vn -0.06739256265388656 -0.011335710446395022 0.997662139287453
vn 0.5618428760768377 0.596373574606527 0.5732984755890606
vn 0.6034912828032354 0.5607459840212825 0.5668881838462578
vn 0.5033061161807357 0.7252780233168873 0.4697390151015908
vn 0.41746331427262423 0.835655128570155 0.3569382122033359
vn 0.2812158204610417 0.801989558352129 -0.5270013383442023
vn 0.002903231940815678 0.19095149610732645 -0.9815951799895267
vn 0.2549289091994285 -0.6364830229682858 -0.7279427262687239
vn -0.2812158204610417 0.801989558352129 -0.5270013383442023
vn 0.3501098860060486 -0.917295163335557 0.18971729241696753
vn -0.41746331427262423 0.835655128570155 0.3569382122033359
vn 0.3787528047020779 -0.8558492106250558 0.3522335043728503
vn -0.5033061161807357 0.7252780233168873 0.4697390151015908
vn 0.43152698375009657 -0.752022271681286 0.4982438812377549
vn -0.5618428760768377 0.596373574606527 0.5732984755890606
vn -0.6034912828032354 0.5607459840212825 0.5668881838462578
vn 0.45719410950670697 -0.6416740133427066 0.6158149128050029
vn 0.4319728054876228 -0.5430639068988832 0.720056309147329
vn 0.39389231257407875 -0.43957161403228245 0.8072333257690112
vn 0.34283250968373463 -0.32515600918443993 0.881328224894222
vn 0.26276958582556115 -0.2254338878395409 0.9381533493936971
vn 0.163191903994117 -0.132973103254513 0.9775922239265407
vn 0.058681122649182016 -0.05185177234086857 0.996929245006757
vn -0.002903231940815678 0.19095149610732645 -0.9815951799895267
vn -0.2549289091994285 -0.6364830229682858 -0.7279427262687239
vn -0.3501098860060486 -0.917295163335557 0.18971729241696753
vn -0.3787528047020779 -0.8558492106250558 0.3522335043728503
vn -0.43152698375009657 -0.752022271681286 0.4982438812377549
vn -0.45719410950670697 -0.6416740133427066 0.6158149128050029
vn -0.4319728054876228 -0.5430639068988832 0.720056309147329
vn -0.39389231257407875 -0.43957161403228245 0.8072333257690112
vn -0.34283250968373463 -0.32515600918443993 0.881328224894222
vn -0.26276958582556115 -0.2254338878395409 0.9381533493936971
vn -0.163191903994117 -0.132973103254513 0.9775922239265407
vn -0.058681122649182016 -0.05185177234086857 0.996929245006757
vn 0.0646942318520998 -0.003031740086794439 0.9979005285684104
vn 0.19533580227561972 0.03559362041465774 0.9800903114178394
vn 0.30878420369550347 0.08802178105343707 0.9470504113342197
vn 0.38322538744600404 0.20062139342788785 0.9016037704645609
vn 0.45265979543794743 0.3020629969557108 0.8389618915446695
vn -0.45265979543794743 0.3020629969557108 0.8389618915446695
vn -0.38322538744600404 0.20062139342788785 0.9016037704645609
vn -0.30878420369550347 0.08802178105343707 0.9470504113342197
vn -0.19533580227561972 0.03559362041465774 0.9800903114178394
vn -0.0646942318520998 -0.003031740086794439 0.9979005285684104
vn 0.5542810182352915 0.4933976162322882 0.670321822052918
vn 0.51570827109497 0.5256856705357447 0.6765349620807646
vn 0.47286952629970336 0.661000736763044 0.5826426324049819
vn 0.4003731947721891 0.781853889791064 0.4779181937596575
vn 0.36481509347485525 0.8588312846387977 0.35960919356796905
vn 0.22615140316837098 0.8071737113084675 -0.5452762076392949
vn 0.0017620660713911758 0.1906616077247709 -0.981654239772317
vn 0.15478021078367 -0.662224046137717 -0.7331455510788792
vn -0.22615140316837098 0.8071737113084675 -0.5452762076392949
vn 0.29260850105482294 -0.9382690033823613 0.18447640066501786
vn -0.36481509347485525 0.8588312846387977 0.35960919356796905
vn 0.32387259803484797 -0.8789402946668805 0.3501006978757043
vn -0.4003731947721891 0.781853889791064 0.4779181937596575
vn 0.34327429621925587 -0.8005312911831326 0.491235594589644
vn -0.47286952629970336 0.661000736763044 0.5826426324049819
vn 0.3847943021476967 -0.6942668038749913 0.608216203394707
vn -0.5542810182352915 0.4933976162322882 0.670321822052918
vn -0.51570827109497 0.5256856705357447 0.6765349620807646
vn 0.3936339029594145 -0.5790220043531976 0.7139929053679342
vn 0.35734959926581455 -0.4734082990273687 0.805099898345898
vn 0.309051396518295 -0.36598919587684653 0.8778035901108578
vn 0.24268030464919774 -0.2570591049246628 0.9354287179206676
vn 0.1497202947212922 -0.16643009413215284 0.9746203656376836
vn 0.04374759087865423 -0.07782520156309068 0.9960067200044276
vn -0.0017620660713911758 0.1906616077247709 -0.981654239772317
vn -0.15478021078367 -0.662224046137717 -0.7331455510788792
vn -0.29260850105482294 -0.9382690033823613 0.18447640066501786
vn -0.32387259803484797 -0.8789402946668805 0.3501006978757043
vn -0.34327429621925587 -0.8005312911831326 0.491235594589644
vn -0.3847943021476967 -0.6942668038749913 0.608216203394707
vn -0.3936339029594145 -0.5790220043531976 0.7139929053679342
vn -0.35734959926581455 -0.4734082990273687 0.805099898345898
vn -0.309051396518295 -0.36598919587684653 0.8778035901108578
vn -0.24268030464919774 -0.2570591049246628 0.9354287179206676
vn -0.1497202947212922 -0.16643009413215284 0.9746203656376836
vn -0.04374759087865423 -0.07782520156309068 0.9960067200044276
vn 0.0764689833874042 -0.021303710943706762 0.9968443441579653
vn 0.19725959967824455 0.023859709961081565 0.9800608984013962
vn 0.2851898026125468 0.12519290114685816 0.9502597087050727
vn 0.3656296045702824 0.224514402806376 0.9032764112907385
vn -0.3656296045702824 0.224514402806376 0.9032764112907385
vn -0.2851898026125468 0.12519290114685816 0.9502597087050727
vn -0.19725959967824455 0.023859709961081565 0.9800608984013962
vn -0.0764689833874042 -0.021303710943706762 0.9968443441579653
vn 0.49528952136220894 0.41734441800037797 0.7619133328618943
vn 0.4604451208483523 0.4457094201811389 0.7676805347595698
vn 0.43403972520160367 0.5850044339670518 0.6851126397796244
vn 0.37616069081698855 0.71415388256574 0.5903281855886312
vn 0.35135448477572273 0.8038999651668143 0.47989047920622624
vn 0.30946579470042157 0.8784549849565243 0.3640710937653101
vn 0.1372958988202946 0.8299496928687156 -0.5406785953542569
vn 0.000590737981511309 0.19051519403732867 -0.981684069275628
vn 0.051900197738210974 -0.6752346705735538 -0.7357747679352418
vn -0.1372958988202946 0.8299496928687156 -0.5406785953542569
vn 0.17765130446023183 -0.967775324297611 0.17846830448074374
vn -0.30946579470042157 0.8784549849565243 0.3640710937653101
vn 0.2693329999846292 -0.89924829994868 0.3446914999803283
vn -0.35135448477572273 0.8038999651668143 0.47989047920622624
vn 0.29179279304998307 -0.8220768804195019 0.48892388835464945
vn -0.37616069081698855 0.71415388256574 0.5903281855886312
vn 0.30609918572553013 -0.7375225656067572 0.6019665719282046
vn -0.43403972520160367 0.5850044339670518 0.6851126397796244
vn 0.3312996117507966 -0.6243035221432911 0.7074501250924002
vn -0.49528952136220894 0.41734441800037797 0.7619133328618943
vn -0.4604451208483523 0.4457094201811389 0.7676805347595698
vn 0.32316070336181985 -0.5061942052659058 0.7995840083180203
vn 0.27641959393538457 -0.395396891325036 0.8759300807821906
vn 0.21876679120694903 -0.2859657885059716 0.9329333625019384
vn 0.13826850154525766 -0.18445060206137864 0.9730672108747803
vn 0.03401721095862774 -0.10448780294453634 0.9939442280100127
vn -0.000590737981511309 0.19051519403732867 -0.981684069275628
vn -0.051900197738210974 -0.6752346705735538 -0.7357747679352418
vn -0.17765130446023183 -0.967775324297611 0.17846830448074374
vn -0.2693329999846292 -0.89924829994868 0.3446914999803283
vn -0.29179279304998307 -0.8220768804195019 0.48892388835464945
vn -0.30609918572553013 -0.7375225656067572 0.6019665719282046
vn -0.3312996117507966 -0.6243035221432911 0.7074501250924002
vn -0.32316070336181985 -0.5061942052659058 0.7995840083180203
vn -0.27641959393538457 -0.395396891325036 0.8759300807821906
vn -0.21876679120694903 -0.2859657885059716 0.9329333625019384
vn -0.13826850154525766 -0.18445060206137864 0.9730672108747803
vn -0.03401721095862774 -0.10448780294453634 0.9939442280100127
vn 0.08232060262967754 -0.040686661299708875 0.995775031809379
vn 0.1821860970722956 0.04760504923499349 0.9821109842176177
vn 0.2721484021401043 0.143012001124609 0.9515686074828882
vn -0.2721484021401043 0.143012001124609 0.9515686074828882
vn -0.1821860970722956 0.04760504923499349 0.9821109842176177
vn -0.08232060262967754 -0.040686661299708875 0.995775031809379
vn 0.4275597947148884 0.33393009587225486 0.8400495896160588
vn 0.3970572096036546 0.3578886086562803 0.8451398204414647
vn 0.3875270984772491 0.4986697980405242 0.7753393969533776
vn 0.3452714192985598 0.6337912354250521 0.6921678386879473
vn 0.331687699885974 0.7347698997474044 0.591689499796592
vn 0.2990987935496594 0.8219927822729695 0.4846315895484742
vn 0.1878858076026481 0.9096601368086659 0.3704286149890963
vn 0.04603536056806578 0.8414593103834148 -0.5383558066431868
vn -0.04603536056806578 0.8414593103834148 -0.5383558066431868
vn 0.05956816016661615 -0.9826878027486439 0.17543180049069432
vn -0.1878858076026481 0.9096601368086659 0.3704286149890963
vn 0.16352009198915582 -0.926407654615318 0.3391607833845236
vn -0.2990987935496594 0.8219927822729695 0.4846315895484742
vn 0.241194093400223 -0.8410447769865511 0.48422008675031963
vn -0.331687699885974 0.7347698997474044 0.591689499796592
vn 0.2584253990092475 -0.7571280970973188 0.599977797699802
vn -0.3452714192985598 0.6337912354250521 0.6921678386879473
vn 0.2635449891806021 -0.6615461728413307 0.702068871177739
vn -0.3875270984772491 0.4986697980405242 0.7753393969533776
vn 0.27198670161491423 -0.5433696032262436 0.7942120047156138
vn -0.4275597947148884 0.33393009587225486 0.8400495896160588
vn -0.3970572096036546 0.3578886086562803 0.8451398204414647
vn 0.24701270074581907 -0.4244720012816319 0.8710960026301481
vn 0.19070170186635657 -0.3105155030389487 0.9312427091138721
vn 0.1569868966760176 -0.25532579459382637 0.9540250797998261
vn 0.180208705630904 -0.2315994072366874 0.9559741298709129
vn 0.13201419621813062 -0.19313889446706442 0.9722497721475285
vn 0.12980549333134028 -0.19136789016861863 0.9728971500181397
vn 0.031429439100058826 -0.10859899689040897 0.9935886715498786
vn -0.05956816016661615 -0.9826878027486439 0.17543180049069432
vn -0.16352009198915582 -0.926407654615318 0.3391607833845236
vn -0.241194093400223 -0.8410447769865511 0.48422008675031963
vn -0.2584253990092475 -0.7571280970973188 0.599977797699802
vn -0.2635449891806021 -0.6615461728413307 0.702068871177739
vn -0.27198670161491423 -0.5433696032262436 0.7942120047156138
vn -0.24701270074581907 -0.4244720012816319 0.8710960026301481
vn -0.19070170186635657 -0.3105155030389487 0.9312427091138721
vn -0.1569868966760176 -0.25532579459382637 0.9540250797998261
vn -0.180208705630904 -0.2315994072366874 0.9559741298709129
vn -0.13201419621813062 -0.19313889446706442 0.9722497721475285
vn -0.12980549333134028 -0.19136789016861863 0.9728971500181397
vn -0.031429439100058826 -0.10859899689040897 0.9935886715498786
vn 0.07602033300817335 -0.03078764121828694 0.9966308394373218
vn 0.1738793979910372 0.05900422931827841 0.9829976886426695
vn -0.1738793979910372 0.05900422931827841 0.9829976886426695
vn -0.07602033300817335 -0.03078764121828694 0.9966308394373218
vn 0.35228818939504764 0.24462719263597282 0.9033551728062454
vn 0.3266870947727533 0.2637982957790226 0.907571485478153
vn 0.3341764156780306 0.4035563189330185 0.851744339959953
vn 0.3082705945350082 0.5422267903874548 0.7816388861431803
vn 0.30616269901807197 0.6526631979067721 0.6930332977772968
vn 0.2834065023567957 0.7509078062445154 0.596505004960509
vn 0.1815914920406544 0.8521511626493204 0.49077787848869087
vn 0.06299987730610342 0.9254311604282429 0.3736417840229481
vn -0.06299987730610342 0.9254311604282429 0.3736417840229481
vn 0.05482983818585105 -0.9401339688938888 0.3363655888707077
vn -0.1815914920406544 0.8521511626493204 0.49077787848869087
vn 0.14643610082914027 -0.8653663048998167 0.47926780271367647
vn -0.2834065023567957 0.7509078062445154 0.596505004960509
vn 0.21230780079638356 -0.7747890029062957 0.5955060022337905
vn -0.30616269901807197 0.6526631979067721 0.6930332977772968
vn 0.22049429048182392 -0.6788078706975958 0.7004299697642248
vn -0.3082705945350082 0.5422267903874548 0.7816388861431803
vn 0.2163626923479646 -0.5739453797014437 0.789793572067604
vn -0.3341764156780306 0.4035563189330185 0.851744339959953
vn 0.20789790162901106 -0.4528887035486685 0.8669892067934066
vn -0.35228818939504764 0.24462719263597282 0.9033551728062454
vn -0.3266870947727533 0.2637982957790226 0.907571485478153
vn 0.16661010376798252 -0.33539060758505007 0.9272293209698198
vn 0.08314987852896788 -0.24028039574911994 0.9671356828900814
vn 0.07311433098301638 -0.21851400293790366 0.97309091308313
vn 0.030007550884327897 -0.11057900325878324 0.9934142292760951
vn 0.07914892729334716 -0.15054769485172645 0.9854292663013129
vn 0.02796545023631417 -0.10891050092031776 0.9936581083966283
vn -0.0018662320690450936 -0.14081240520964478 0.9900345366283639
vn -0.003956393801238352 -0.13889899302198078 0.990298650249292
vn 0.09805263154853262 -0.22301850352210284 0.9698703153170374
vn 0.09838569897528493 -0.22323319767496289 0.9697871898993902
vn 0.041793898720131874 -0.1863779942924864 0.9815887699404885
vn -0.05482983818585105 -0.9401339688938888 0.3363655888707077
vn -0.14643610082914027 -0.8653663048998167 0.47926780271367647
vn -0.21230780079638356 -0.7747890029062957 0.5955060022337905
vn -0.22049429048182392 -0.6788078706975958 0.7004299697642248
vn -0.2163626923479646 -0.5739453797014437 0.789793572067604
vn -0.20789790162901106 -0.4528887035486685 0.8669892067934066
vn -0.16661010376798252 -0.33539060758505007 0.9272293209698198
vn -0.08314987852896788 -0.24028039574911994 0.9671356828900814
vn -0.07311433098301638 -0.21851400293790366 0.97309091308313
vn -0.030007550884327897 -0.11057900325878324 0.9934142292760951
vn -0.07914892729334716 -0.15054769485172645 0.9854292663013129
vn -0.02796545023631417 -0.10891050092031776 0.9936581083966283
vn 0.0018662320690450936 -0.14081240520964478 0.9900345366283639
vn 0.003956393801238352 -0.13889899302198078 0.990298650249292
vn -0.09805263154853262 -0.22301850352210284 0.9698703153170374
vn -0.09838569897528493 -0.22323319767496289 0.9697871898993902
vn -0.041793898720131874 -0.1863779942924864 0.9815887699404885
vn 0.07254996225149471 -0.026038230808063206 0.9970248309413826
vn -0.07254996225149471 -0.026038230808063206 0.9970248309413826
vn 0.2708031142305592 0.15101150793557394 0.9507161499596264
vn 0.2505936104452005 0.16511470688228308 0.9539077397606212
vn 0.27494950531729667 0.3013706058282587 0.913005217656768
vn 0.2658303924770359 0.4411150875165025 0.857176575742019
vn 0.27523080071946987 0.5590310014613403 0.7821332020445433
vn 0.2626788163535259 0.6664978414939806 0.6976965434363103
vn 0.17206399401399267 0.7794821728822637 0.6023300790452835
vn 0.06088929008065383 0.8673931011489471 0.4938843006541983
vn -0.06088929008065383 0.8673931011489471 0.4938843006541983
vn 0.049101392374449555 -0.8776583424418813 0.4767650230554457
vn -0.17206399401399267 0.7794821728822637 0.6023300790452835
vn 0.12889839497623543 -0.7961978689684993 0.5911464769602969
vn -0.2626788163535259 0.6664978414939806 0.6976965434363103
vn 0.1796920998417982 -0.6949131993881952 0.6962803993869913
vn -0.27523080071946987 0.5590310014613403 0.7821332020445433
vn 0.17866970556015574 -0.588500118313974 0.7885079245381658
vn -0.2658303924770359 0.4411150875165025 0.857176575742019
vn 0.16538118911424668 -0.4762609686514565 0.8636113431552034
vn -0.27494950531729667 0.3013706058282587 0.913005217656768
vn 0.1401551046133532 -0.3544458116669582 0.9245132304313287
vn -0.2708031142305592 0.15101150793557394 0.9507161499596264
vn -0.2505936104452005 0.16511470688228308 0.9539077397606212
vn 0.15406690344738644 -0.2587563057899068 0.9535767213371423
vn 0.06994152873290428 -0.24976009547522138 0.9657784825034739
vn -0.0015179649478154619 -0.14065669516451 0.9900572659638509
vn -0.08672151062083355 -0.03899789027918354 0.9954690071264968
vn -0.049559668830085266 -0.09094264785319121 0.9946221765207645
vn -0.095045552134107 -0.04249195095409399 0.9945656223314968
vn -0.049101392374449555 -0.8776583424418813 0.4767650230554457
vn -0.12889839497623543 -0.7961978689684993 0.5911464769602969
vn -0.1796920998417982 -0.6949131993881952 0.6962803993869913
vn -0.17866970556015574 -0.588500118313974 0.7885079245381658
vn -0.16538118911424668 -0.4762609686514565 0.8636113431552034
vn -0.1401551046133532 -0.3544458116669582 0.9245132304313287
vn -0.15406690344738644 -0.2587563057899068 0.9535767213371423
vn -0.06994152873290428 -0.24976009547522138 0.9657784825034739
vn 0.0015179649478154619 -0.14065669516451 0.9900572659638509
vn 0.08672151062083355 -0.03899789027918354 0.9954690071264968
vn 0.049559668830085266 -0.09094264785319121 0.9946221765207645
vn 0.095045552134107 -0.04249195095409399 0.9945656223314968
vn 0.1845422035557463 0.05473410105461263 0.9812993189076068
vn 0.17012839512949698 0.06358438817968076 0.9833683718477412
vn 0.21090580318807747 0.19393360293152342 0.9580754144823831
vn 0.21871569638925104 0.33227099451458114 0.9174744848535332
vn 0.23943839486192386 0.45552739022489924 0.857417081600803
vn 0.23729600723779296 0.5702984173947377 0.7864161239865691
vn 0.15947929747792822 0.692980289040922 0.7030964888809406
vn 0.057694588651297896 0.793923481440785 0.6052741858507604
vn -0.057694588651297896 0.793923481440785 0.6052741858507604
vn 0.0432208420104537 -0.807017937539116 0.5889431273951832
vn -0.15947929747792822 0.692980289040922 0.7030964888809406
vn 0.10909649913613574 -0.7130337943539491 0.6925898945158308
vn -0.23729600723779296 0.5702984173947377 0.7864161239865691
vn 0.14392170068743196 -0.6028277028793646 0.784783603748464
vn -0.23943839486192386 0.45552739022489924 0.857417081600803
vn 0.13369040196955306 -0.4878004071863709 0.8626573127088356
vn -0.21871569638925104 0.33227099451458114 0.9174744848535332
vn 0.11149319706090056 -0.3702039902409623 0.922235475688725
vn -0.21090580318807747 0.19393360293152342 0.9580754144823831
vn -0.1845422035557463 0.05473410105461263 0.9812993189076068
vn -0.17012839512949698 0.06358438817968076 0.9833683718477412
vn 0.0556396394239275 -0.2576264973326296 0.9646412900124565
vn -0.0012050009759020652 -0.14049129719041736 0.9900811802000894
vn -0.07297607854143535 -0.029037719419626597 0.9969108800748547
vn -0.0432208420104537 -0.807017937539116 0.5889431273951832
vn -0.10909649913613574 -0.7130337943539491 0.6925898945158308
vn -0.14392170068743196 -0.6028277028793646 0.784783603748464
vn -0.13369040196955306 -0.4878004071863709 0.8626573127088356
vn -0.11149319706090056 -0.3702039902409623 0.922235475688725
vn -0.0556396394239275 -0.2576264973326296 0.9646412900124565
vn 0.0012050009759020652 -0.14049129719041736 0.9900811802000894
vn 0.07297607854143535 -0.029037719419626597 0.9969108800748547
vn 0.1431829022104003 0.08314753128359807 0.9861973152245194
vn 0.16776960797421633 0.21763471034434212 0.9615032457009763
vn 0.19941789403420837 0.34398028970947525 0.9175565725503505
vn 0.20772080030608697 0.46405010068380087 0.861109501268888
vn 0.14406829789796646 0.5942196913300166 0.7912946884545873
vn 0.05347476018288964 0.7063644024158447 0.7058256024140023
vn -0.05347476018288964 0.7063644024158447 0.7058256024140023
vn 0.036581128741010605 -0.7221918751447824 0.6907247762277654
vn -0.14406829789796646 0.5942196913300166 0.7912946884545873
vn 0.08737944777142553 -0.6173420842549613 0.7818270800598434
vn -0.20772080030608697 0.46405010068380087 0.861109501268888
vn 0.10562399527094765 -0.5001497776070347 0.8594729615192304
vn -0.19941789403420837 0.34398028970947525 0.9175565725503505
vn 0.0863507062753766 -0.37848718367445666 0.921569860249304
vn -0.16776960797421633 0.21763471034434212 0.9615032457009763
vn -0.1431829022104003 0.08314753128359807 0.9861973152245194
vn 0.03748661133174746 -0.26249090932523905 0.9642060342543348
vn -0.012039130381270736 -0.14185990449260297 0.9898135313466937
vn -0.058048630103802006 -0.020840550037267095 0.9980962017847861
vn -0.036581128741010605 -0.7221918751447824 0.6907247762277654
vn -0.08737944777142553 -0.6173420842549613 0.7818270800598434
vn -0.10562399527094765 -0.5001497776070347 0.8594729615192304
vn -0.0863507062753766 -0.37848718367445666 0.921569860249304
vn -0.03748661133174746 -0.26249090932523905 0.9642060342543348
vn 0.012039130381270736 -0.14185990449260297 0.9898135313466937
vn 0.058048630103802006 -0.020840550037267095 0.9980962017847861
vn 0.11389699859002542 0.09923607877151834 0.9885239877626828
vn 0.15587590065661555 0.22635970095352306 0.9614905040502068
vn 0.1744880999750334 0.3496629999499683 0.9204833998682929
vn 0.12611200333611403 0.48498781282966397 0.8653800228924001
vn 0.04830727064109949 0.6063093080465026 0.7937603105342184
vn -0.04830727064109949 0.6063093080465026 0.7937603105342184
vn 0.029299210712853404 -0.6246777151984859 0.7803328189855935
vn -0.12611200333611403 0.48498781282966397 0.8653800228924001
vn 0.06412803247761861 -0.5108034197351459 0.8573024331223082
vn -0.1744880999750334 0.3496629999499683 0.9204833998682929
vn 0.06546863752216206 -0.3886753852895274 0.9190458652162194
vn -0.15587590065661555 0.22635970095352306 0.9614905040502068
vn -0.11389699859002542 0.09923607877151834 0.9885239877626828
vn 0.024156339169148822 -0.27034909070141167 0.9624592668964569
vn -0.01759238961015747 -0.1472322967373729 0.9889454780852394
vn -0.061352072785219085 -0.018724080850023132 0.9979405453038166
vn -0.029299210712853404 -0.6246777151984859 0.7803328189855935
vn -0.06412803247761861 -0.5108034197351459 0.8573024331223082
vn -0.06546863752216206 -0.3886753852895274 0.9190458652162194
vn -0.024156339169148822 -0.27034909070141167 0.9624592668964569
vn 0.01759238961015747 -0.1472322967373729 0.9889454780852394
vn 0.061352072785219085 -0.018724080850023132 0.9979405453038166
vn 0.10958149756081505 0.10474249766852659 0.9884436779981385
vn 0.13819450106797193 0.2291798017711093 0.9635242074461489
vn 0.10593530202975271 0.3672489070366009 0.9240703177054694
vn 0.042286310775730626 0.4955695090910848 0.8675383159147496
vn -0.042286310775730626 0.4955695090910848 0.8675383159147496
vn 0.021502829926959413 -0.5161878982466186 0.8562053970916503
vn -0.10593530202975271 0.3672489070366009 0.9240703177054694
vn 0.03974879974935957 -0.3952812975075105 0.9176996942133434
vn -0.13819450106797193 0.2291798017711093 0.9635242074461489
vn -0.10958149756081505 0.10474249766852659 0.9884436779981385
vn 0.014667160316037813 -0.27279060587790327 0.9619616207276827
vn -0.01067947998962638 -0.14546539985870094 0.9893056990390279
vn -0.05904858845894794 -0.021471199439644133 0.9980241739535315
vn -0.021502829926959413 -0.5161878982466186 0.8562053970916503
vn -0.03974879974935957 -0.3952812975075105 0.9176996942133434
vn -0.014667160316037813 -0.27279060587790327 0.9619616207276827
vn 0.01067947998962638 -0.14546539985870094 0.9893056990390279
vn 0.05904858845894794 -0.021471199439644133 0.9980241739535315
vn 0.09948635852175311 0.10473719844373176 0.9895112852970598
vn 0.08390025083133393 0.2431057024088367 0.9663645095753183
vn 0.03552081830693642 0.376136482071838 0.9258831558687237
vn -0.03552081830693642 0.376136482071838 0.9258831558687237
vn 0.013328300369504609 -0.3986200110510665 0.9170193254228113
vn -0.08390025083133393 0.2431057024088367 0.9663645095753183
vn -0.09948635852175311 0.10473719844373176 0.9895112852970598
vn 0.004918234897485259 -0.2740246942882823 0.9617100799543002
vn -0.0035806880600685433 -0.14457260242530662 0.9894877165993476
vn -0.03584857122259553 -0.015525110529475455 0.999236634078408
vn -0.013328300369504609 -0.3986200110510665 0.9170193254228113
vn -0.004918234897485259 -0.2740246942882823 0.9617100799543002
vn 0.0035806880600685433 -0.14457260242530662 0.9894877165993476
vn 0.03584857122259553 -0.015525110529475455 0.999236634078408
vn 0.06039942680132119 0.1147601939224421 0.9915553474884573
vn 0.02813225022430374 0.25014340199444035 0.9678000077164522
vn -0.02813225022430374 0.25014340199444035 0.9678000077164522
vn -0.06039942680132119 0.1147601939224421 0.9915553474884573
vn -0.012020089624944117 -0.012520269609337512 0.9998493688022801
vn 0.012020089624944117 -0.012520269609337512 0.9998493688022801
vn 0.020252199899705437 0.11982539940659086 0.9925883950844244
vn -0.020252199899705437 0.11982539940659086 0.9925883950844244
vn 0.0018146730136885257 0.2843305021447748 0.9587246072318961
vn 0.0037075028433349753 0.25565428919701805 0.9667611591483359
vn 0 0.2830614893079906 0.9591017637720944
vn -0.0018106639872322104 0.28433259799504534 0.9587239932396149
vn 0 0.6827381413421102 0.7306631442441319
vn 0.046537388053465537 0.8888669628210724 0.4557957809352819
vn 0.06512585648597952 0.8850310522460447 -0.4609540751281263
vn 0 0.8872389149511959 -0.4613102077737111
vn 0.0056804936924540915 0.2557753861521411 0.9667195476611264
vn -0.13865490465802774 0.877273829471484 0.45952741543754605
vn 0.005399434749932288 0.2847787868108452 0.9585780556047193
vn -0.16141769773606998 -0.5875659917592169 0.7929126888791695
vn -0.2054597138609599 -0.5639585380464208 0.7998356539594342
vn -0.005395424897039591 0.28478079456555344 0.9585774817075521
vn -0.0003192008042294664 0.28213550373834445 0.9593745127118799
vn 0.05418156317535844 -0.6011522352310589 0.7972956467262167
vn 0.16141769773606998 -0.5875659917592169 0.7929126888791695
vn 0 -0.5871686938603148 0.809464591535894
vn -0.05418156317535844 -0.6011522352310589 0.7972956467262167
vn 0.2054597138609599 -0.5639585380464208 0.7998356539594342
vn 0.0003192008042294664 0.28213550373834445 0.9593745127118799
vn 0.13866099164348192 0.8772741471303558 0.45952497230635186
vn 0.06310743152419802 0.8156628197002418 -0.5750753138894678
vn 0 0.8179972005805001 -0.575222200408212
vn -0.12997520421897638 0.8790650285343239 -0.45864051488740465
vn -0.19403149204314607 0.8687618643737666 -0.4556364813152344
vn 0 0.8876585705480218 -0.46050218472081383
vn 0 0.9161230912317768 -0.40089709616300967
vn 0 0.8874482482849977 -0.460907373141165
vn 0.19403149204314607 0.8687618643737666 -0.4556364813152344
vn -0.19187550438159712 0.8772675200329523 0.43998351004729885
vn -0.25111369808165457 -0.5655209956797874 0.7855748939987183
vn 0.008873696820500829 0.2808604943186894 0.9597075805868156
vn 0.19187550438159712 0.8772675200329523 0.43998351004729885
vn 0.25111369808165457 -0.5655209956797874 0.7855748939987183
vn -0.008873696820500829 0.2808604943186894 0.9597075805868156
vn 0.18152180533298112 -0.9797116287832285 -0.0849409124955036
vn 0.24125120383681267 -0.9662600153672132 -0.09021884143482328
vn 0.06092705010552049 -0.9949335017231405 -0.07997013013850171
vn -0.06092705010552049 -0.9949335017231405 -0.07997013013850171
vn 0 -0.9968054149608252 -0.07986842119872714
vn -0.18152180533298112 -0.9797116287832285 -0.0849409124955036
vn -0.24125120383681267 -0.9662600153672132 -0.09021884143482328
vn 0.05996477063243487 0.7317827077179468 -0.6788949071601509
vn 0 0.7342291866386701 -0.6789016876455066
vn -0.1259631969331363 0.8100755802768471 -0.5726349860578841
vn -0.18801819982294984 0.7998999992467624 -0.5699202994633259
vn 0 0.8189366468846282 -0.5738839328552089
vn 0 0.8184659501360296 -0.5745550351949987
vn 0.18801819982294984 0.7998999992467624 -0.5699202994633259
vn -0.2539068969013329 0.855737289556625 -0.4508269944981297
vn 0.2539068969013329 0.855737289556625 -0.4508269944981297
vn -0.23707849378793072 0.8527895776547089 0.46534258780682164
vn -0.34494980081789495 -0.5282891012526028 0.7758352018395479
vn 0.012188009512296748 0.2795424888141059 0.9600559615833567
vn 0.23707849378793072 0.8527895776547089 0.46534258780682164
vn -0.3002763073117925 -0.9492180231136625 -0.09391104228675425
vn 0.34494980081789495 -0.5282891012526028 0.7758352018395479
vn -0.012188009512296748 0.2795424888141059 0.9600559615833567
vn 0.3002763073117925 -0.9492180231136625 -0.09391104228675425
vn 0.1664434081922582 -0.9541488469627112 -0.24879021224532538
vn 0.22238489705163664 -0.9412275875212707 -0.2542352966293665
vn 0.055866067376061236 -0.9681063545296116 -0.2442315885288378
vn -0.055866067376061236 -0.9681063545296116 -0.2442315885288378
vn 0 -0.9696222281451617 -0.2446073071002007
vn -0.1664434081922582 -0.9541488469627112 -0.24879021224532538
vn -0.22238489705163664 -0.9412275875212707 -0.2542352966293665
vn 0 0.6374322248478099 -0.7705064300351886
vn 0.055756088685986 0.6349201850367194 -0.7705631818399956
vn -0.11972129430867848 0.7266524654563307 -0.6764931678408076
vn -0.17865950789449395 0.7167830316727577 -0.6740199297831685
vn 0 0.7358093968595472 -0.6771886971097415
vn 0 0.7350178053650126 -0.6780478049491792
vn 0.17865559325641162 0.7168074729431672 -0.6739949745591804
vn -0.24514880516476933 0.7879529166005096 -0.5648294118997667
vn 0.24514880516476933 0.7879529166005096 -0.5648294118997667
vn -0.31081778785078246 0.8387386672154591 -0.44711268252329983
vn 0.31081778785078246 0.8387386672154591 -0.44711268252329983
vn -0.32573689921921845 0.817770298039829 0.47449679886264556
vn -0.4324963946647569 -0.4800584940780346 0.7632107905850888
vn 0.015278799521456625 0.277835791297976 0.9605070699162036
vn 0.32573689921921845 0.817770298039829 0.47449679886264556
vn -0.4125215999772103 -0.9048011999500143 -0.10564429999416387
vn -0.2784962956420482 -0.9253318855202678 -0.25729499597380956
vn 0.4324963946647569 -0.4800584940780346 0.7632107905850888
vn -0.015278799521456625 0.277835791297976 0.9605070699162036
vn 0.4125215999772103 -0.9048011999500143 -0.10564429999416387
vn 0.2784962956420482 -0.9253318855202678 -0.25729499597380956
vn 0.14840910038485228 -0.9070191023520684 -0.39406990102189643
vn 0.19956769106705202 -0.8950608599357388 -0.398796682149265
vn 0.049812869465525676 -0.9194638901344803 -0.3900061958153728
vn -0.049812869465525676 -0.9194638901344803 -0.3900061958153728
vn 0 -0.9207320769119206 -0.3901953902155446
vn -0.14840910038485228 -0.9070191023520684 -0.39406990102189643
vn -0.19956769106705202 -0.8950608599357388 -0.398796682149265
vn 0 0.5308530081188104 -0.8474639129610241
vn 0.050558858670789936 0.5268355861493085 -0.8484621776936327
vn -0.0505642974093436 0.5268558730065956 -0.8484492565297924
vn -0.05302001004198283 0.5835545004620761 -0.8103413006416524
vn 0.060003149854169165 0.6885005983266776 -0.7227492982434399
vn -0.1661254914360567 0.6209923679871924 -0.7660096605113985
vn 0.1661170008365112 0.6209989031271489 -0.7660062038573581
vn -0.23205981224736882 0.706249537273574 -0.6688496352997275
vn 0.23205981224736882 0.706249537273574 -0.6688496352997275
vn -0.2987951836525902 0.7714274577943642 -0.5618016692632188
vn 0.2987951836525902 0.7714274577943642 -0.5618016692632188
vn -0.4270042866885387 0.7927662752862492 -0.4349585864405706
vn 0.4270042866885387 0.7927662752862492 -0.4349585864405706
vn -0.4085096866703108 0.7723749747973702 0.4863709841296934
vn -0.5123693192124921 -0.42190751582041425 0.7479784280472094
vn 0.018097239366027317 0.2757790903390561 0.961050666332994
vn 0.4085096866703108 0.7723749747973702 0.4863709841296934
vn -0.5172760049339751 -0.8472432080813277 -0.12084900115270389
vn -0.38259999784938054 -0.8841366950302101 -0.26817819849255314
vn -0.2515173163524655 -0.8804733572442105 -0.40187772612818795
vn 0.5123693192124921 -0.42190751582041425 0.7479784280472094
vn -0.018097239366027317 0.2757790903390561 0.961050666332994
vn 0.5172760049339751 -0.8472432080813277 -0.12084900115270389
vn 0.38259999784938054 -0.8841366950302101 -0.26817819849255314
vn 0.2515173163524655 -0.8804733572442105 -0.40187772612818795
vn 0.13001650181642804 -0.8490815118623054 -0.512012007153192
vn 0.17598950505751781 -0.8380002240821238 -0.5165107148432839
vn 0.04363948947380834 -0.8599842896305716 -0.5084511938692508
vn -0.04363948947380834 -0.8599842896305716 -0.5084511938692508
vn 0 -0.8608356518534203 -0.5088830715381455
vn -0.13001650181642804 -0.8490815118623054 -0.512012007153192
vn -0.17598950505751781 -0.8380002240821238 -0.5165107148432839
vn -0.15063869959817577 0.5142349986282938 -0.8443164977478109
vn 0.15063310478262298 0.5142149163263987 -0.8443297268075916
vn 0 0.41374500510626727 -0.9103928112356856
vn 0.04446806123232864 0.4094831113478699 -0.911233325252707
vn -0.04446806123232864 0.4094831113478699 -0.911233325252707
vn -0.21487159894802194 0.6120712970033939 -0.7610511962740112
vn 0.21487159894802194 0.6120712970033939 -0.7610511962740112
vn -0.28145500214042446 0.6904048052504286 -0.6664265050680768
vn 0.28145500214042446 0.6904048052504286 -0.6664265050680768
vn -0.4104888047938833 0.7272369084930183 -0.5501140064244926
vn 0.4104888047938833 0.7272369084930183 -0.5501140064244926
vn -0.5354372702569048 0.7331920592717909 -0.4192091767132786
vn 0.5354372702569048 0.7331920592717909 -0.4192091767132786
vn -0.48408737967563537 0.7175990698716682 0.5007104789777161
vn -0.5323654834088647 -0.391413887801612 0.750587876607978
vn 0.03279467934308811 0.2605315947812781 0.9649081806718751
vn 0.48408737967563537 0.7175990698716682 0.5007104789777161
vn -0.6128827997448814 -0.7778181996762255 -0.13918879994206146
vn -0.479756003338092 -0.8307535057802957 -0.2822814019640846
vn -0.34553660024277233 -0.843269500592477 -0.41170500028926205
vn -0.22343289584349235 -0.8249860846528374 -0.5191104903430216
vn 0.5323654834088647 -0.391413887801612 0.750587876607978
vn -0.03279467934308811 0.2605315947812781 0.9649081806718751
vn 0.6128827997448814 -0.7778181996762255 -0.13918879994206146
vn 0.479756003338092 -0.8307535057802957 -0.2822814019640846
vn 0.34553660024277233 -0.843269500592477 -0.41170500028926205
vn 0.22343289584349235 -0.8249860846528374 -0.5191104903430216
vn 0.10934099505301494 -0.7762184648810481 -0.6209101719077614
vn 0.14930270252176595 -0.7661357129402542 -0.6250958105580497
vn 0.03669992842121801 -0.7853881662136482 -0.617914673418135
vn -0.03669992842121801 -0.7853881662136482 -0.617914673418135
vn 0 -0.785724500012646 -0.6185766000099562
vn -0.10934099505301494 -0.7762184648810481 -0.6209101719077614
vn -0.14930270252176595 -0.7661357129402542 -0.6250958105580497
vn -0.13248700029070032 0.3983858008741304 -0.9075990019914355
vn -0.1938878101399081 0.5070823265192961 -0.8398065439200441
vn 0.1938878101399081 0.5070823265192961 -0.8398065439200441
vn 0.13248700029070032 0.3983858008741304 -0.9075990019914355
vn 0 0.28932419089220796 -0.9572311698668035
vn 0.037594139512466616 0.28497079630440364 -0.957798687578946
vn -0.037594139512466616 0.28497079630440364 -0.957798687578946
vn -0.25911710955921124 0.5971468220296247 -0.7591271280053161
vn 0.25911710955921124 0.5971468220296247 -0.7591271280053161
vn -0.38666831531247936 0.6487831256925066 -0.655414425955113
vn 0.38666831531247936 0.6487831256925066 -0.655414425955113
vn -0.5147297776628154 0.669971070925973 -0.5349691767845074
vn 0.5147297776628154 0.669971070925973 -0.5349691767845074
vn -0.6344021233386553 0.6613343243294487 -0.400213514723225
vn 0.6344021233386553 0.6613343243294487 -0.400213514723225
vn -0.5392530324426362 0.6878492413825076 0.48586992923099276
vn -0.5611936078692784 -0.3770369052869606 0.7368208103319924
vn 0.05077882195714983 0.24485830943748535 0.968228237318072
vn 0.5392530324426362 0.6878492413825076 0.48586992923099276
vn -0.6587979735567426 -0.7369374704203292 -0.1513551939248079
vn -0.5684276778692094 -0.7663641701628798 -0.29929238834754657
vn -0.4332815928462762 -0.795058386873137 -0.4244398929922578
vn -0.30695369042794246 -0.791936175304227 -0.5278413835397711
vn -0.19142331050347963 -0.7549920414267389 -0.6271715344131729
vn 0.5611936078692784 -0.3770369052869606 0.7368208103319924
vn -0.05077882195714983 0.24485830943748535 0.968228237318072
vn 0.6587979735567426 -0.7369374704203292 -0.1513551939248079
vn 0.5684276778692094 -0.7663641701628798 -0.29929238834754657
vn 0.4332815928462762 -0.795058386873137 -0.4244398929922578
vn 0.30695369042794246 -0.791936175304227 -0.5278413835397711
vn 0.19142331050347963 -0.7549920414267389 -0.6271715344131729
vn 0.08674685199053916 -0.6897179158266321 -0.7188631164954135
vn 0.1199789948199208 -0.6807380706092127 -0.7226345688003364
vn 0.029116379900551482 -0.6969941976193798 -0.7164853975528068
vn -0.029116379900551482 -0.6969941976193798 -0.7164853975528068
vn 0 -0.6967261803975116 -0.7173371798176185
vn -0.08674685199053916 -0.6897179158266321 -0.7188631164954135
vn -0.1199789948199208 -0.6807380706092127 -0.7226345688003364
vn -0.11200760020897203 0.2755918005141705 -0.9547269017812293
vn -0.1694794034289268 0.39313750795400354 -0.9037254182842767
vn -0.23219099860783152 0.4933452970420053 -0.8382706949739047
vn 0.23219099860783152 0.4933452970420053 -0.8382706949739047
vn 0.1694794034289268 0.39313750795400354 -0.9037254182842767
vn 0.11200760020897203 0.2755918005141705 -0.9547269017812293
vn 0 0.15978979405460159 -0.987151063270454
vn 0.030060698509972675 0.15551999229129584 -0.9873752510584858
vn -0.030060698509972675 0.15551999229129584 -0.9873752510584858
vn -0.3559821063485369 0.5588331099661544 -0.7489875133573423
vn 0.3559821063485369 0.5588331099661544 -0.7489875133573423
vn -0.48486279194183013 0.5948452901139778 -0.641145189344497
vn 0.48486279194183013 0.5948452901139778 -0.641145189344497
vn -0.6098697349888436 0.6008967344740536 -0.5167030296437753
vn 0.6098697349888436 0.6008967344740536 -0.5167030296437753
vn -0.6742712085585076 0.6266794079544262 -0.3906805049588978
vn 0.6742712085585076 0.6266794079544262 -0.3906805049588978
vn -0.5683028887533854 0.6392531873492913 0.5180609897476639
vn -0.621227484987128 -0.3043737926443617 0.7221031825493188
vn 0.056212252442216906 0.23828581035264726 0.9695669421241397
vn 0.5683028887533854 0.6392531873492913 0.5180609897476639
vn -0.7032755034069091 -0.6929059033566751 -0.15901250077031157
vn -0.6132082785841765 -0.7258599746499032 -0.3116133891171442
vn -0.5133645922368467 -0.7369070888564137 -0.4398007933492864
vn -0.38490067160850544 -0.7491080447434142 -0.539155460230183
vn -0.2629780913480446 -0.7266760760924228 -0.6346529791199746
vn -0.15605310353170412 -0.6717305152022187 -0.7241723163890517
vn 0.621227484987128 -0.3043737926443617 0.7221031825493188
vn -0.056212252442216906 0.23828581035264726 0.9695669421241397
vn 0.7032755034069091 -0.6929059033566751 -0.15901250077031157
vn 0.6132082785841765 -0.7258599746499032 -0.3116133891171442
vn 0.5133645922368467 -0.7369070888564137 -0.4398007933492864
vn 0.38490067160850544 -0.7491080447434142 -0.539155460230183
vn 0.2629780913480446 -0.7266760760924228 -0.6346529791199746
vn 0.15605310353170412 -0.6717305152022187 -0.7241723163890517
vn 0.06262995035503503 -0.5910993033508081 -0.8041636045586217
vn 0.0885363091515802 -0.5833163944102345 -0.807405292262851
vn 0.021021761021280297 -0.5963548289721413 -0.8024456389844562
vn 0 -0.5954136863768813 -0.8034192816176949
vn -0.021021761021280297 -0.5963548289721413 -0.8024456389844562
vn -0.06262995035503503 -0.5910993033508081 -0.8041636045586217
vn -0.0885363091515802 -0.5833163944102345 -0.807405292262851
vn -0.08956318705651146 0.1480232951352239 -0.9849200676306636
vn -0.1420774959047164 0.27224949215260064 -0.9516796725685047
vn -0.20116659526873779 0.3808729910422009 -0.9024786787744913
vn -0.31899239943577584 0.45901769918810337 -0.8291842985333635
vn 0.31899239943577584 0.45901769918810337 -0.8291842985333635
vn 0.20116659526873779 0.3808729910422009 -0.9024786787744913
vn 0.1420774959047164 0.27224949215260064 -0.9516796725685047
vn 0.08956318705651146 0.1480232951352239 -0.9849200676306636
vn -0.022002109548403356 0.023423949519220097 -0.9994834794854496
vn 0 0.027431269778142933 -0.9996236919152922
vn 0.022002109548403356 0.023423949519220097 -0.9994834794854496
vn -0.4463869075036501 0.5091811085592048 -0.7358487123694292
vn 0.4463869075036501 0.5091811085592048 -0.7358487123694292
vn -0.5744856885219111 0.5297839894150407 -0.6239351875339216
vn 0.5744856885219111 0.5297839894150407 -0.6239351875339216
vn -0.6464376938288828 0.5697335945611267 -0.5074661951555526
vn 0.6464376938288828 0.5697335945611267 -0.5074661951555526
vn -0.7108417660756569 0.5895072718662466 -0.38364718169075124
vn 0.7108417660756569 0.5895072718662466 -0.38364718169075124
vn -0.629202510178842 0.565743509152242 0.5329526086217719
vn -0.6313203619885495 -0.27447428347405506 0.7253264563284942
vn 0.07046069861707 0.21419039579609134 0.974247280878478
vn 0.629202510178842 0.565743509152242 0.5329526086217719
vn -0.778575985107613 -0.6019123884867855 -0.17754129660403908
vn -0.6575983960873094 -0.6825582959387986 -0.3188706981027291
vn -0.5562921984415642 -0.6978706980449361 -0.4511268987361817
vn -0.45604100657682956 -0.6974497100583232 -0.5528024079722815
vn -0.32975710681533094 -0.6899827142603764 -0.6443478133172069
vn -0.2143854024778869 -0.6486448074970984 -0.7302731084405663
vn -0.11794350066693633 -0.5766667032608829 -0.8084212045713877
vn 0.6313203619885495 -0.27447428347405506 0.7253264563284942
vn -0.07046069861707 0.21419039579609134 0.974247280878478
vn 0.778575985107613 -0.6019123884867855 -0.17754129660403908
vn 0.6575983960873094 -0.6825582959387986 -0.3188706981027291
vn 0.5562921984415642 -0.6978706980449361 -0.4511268987361817
vn 0.45604100657682956 -0.6974497100583232 -0.5528024079722815
vn 0.32975710681533094 -0.6899827142603764 -0.6443478133172069
vn 0.2143854024778869 -0.6486448074970984 -0.7302731084405663
vn 0.11794350066693633 -0.5766667032608829 -0.8084212045713877
vn 0.03741163991414049 -0.4820864988936138 -0.875324497991135
vn 0.05553018862795744 -0.4755920882490477 -0.8779114783085212
vn 0.012557479633493133 -0.485229285837933 -0.8742967744824774
vn 0 -0.48357759731033884 -0.8753014951315689
vn -0.012557479633493133 -0.485229285837933 -0.8742967744824774
vn -0.03741163991414049 -0.4820864988936138 -0.875324497991135
vn -0.05553018862795744 -0.4755920882490477 -0.8779114783085212
vn -0.06555399283768114 0.017939930776578444 -0.997687743187601
vn -0.11216619789413011 0.14655349724852426 -0.9828228815479428
vn -0.1666041060062289 0.2617457094361701 -0.9506483342717332
vn -0.276372296251318 0.3511367952372212 -0.8946067878656565
vn -0.40000668316950716 0.414530382558415 -0.817410065607039
vn 0.40000668316950716 0.414530382558415 -0.817410065607039
vn 0.276372296251318 0.3511367952372212 -0.8946067878656565
vn 0.1666041060062289 0.2617457094361701 -0.9506483342717332
vn 0.11216619789413011 0.14655349724852426 -0.9828228815479428
vn 0.06555399283768114 0.017939930776578444 -0.997687743187601
vn 0 -0.10541210256550007 -0.9944286242022202
vn 0.013561050275078364 -0.10899200221084195 -0.9939501201617255
vn -0.013561050275078364 -0.10899200221084195 -0.9939501201617255
vn -0.5289017791481299 0.4492880822868876 -0.7200021716140266
vn 0.5289017791481299 0.4492880822868876 -0.7200021716140266
vn -0.6071925808653553 0.5027318841572572 -0.6152867806102803
vn 0.6071925808653553 0.5027318841572572 -0.6152867806102803
vn -0.6791949886000179 0.5357522910076391 -0.5016608915798477
vn 0.6791949886000179 0.5357522910076391 -0.5016608915798477
vn -0.7869539683234313 0.4975375799730557 -0.3649106853115697
vn 0.7869539683234313 0.4975375799730557 -0.3649106853115697
vn -0.6782276205716852 0.5206301157915108 0.5186054157300987
vn -0.6527077743170168 -0.2558241899337368 0.7131104719402693
vn 0.08718974374166433 0.1892508081215169 0.978050141972085
vn 0.6782276205716852 0.5206301157915108 0.5186054157300987
vn -0.8137358252890992 -0.549410017074441 -0.18969090589517149
vn -0.7280080169136902 -0.5974747138810315 -0.33619680781080513
vn -0.59922279929458 -0.6561918992275144 -0.45863299946008595
vn -0.496329815812835 -0.6603143210373043 -0.5635971179559397
vn -0.39070412268403587 -0.6457243374903493 -0.6560414380893538
vn -0.2688234021772437 -0.6187296050111899 -0.7381786059786267
vn -0.16202890319514113 -0.5592158110274981 -0.8130340160326855
vn -0.07776128817001586 -0.4714652889048389 -0.8784495793271327
vn 0.6527077743170168 -0.2558241899337368 0.7131104719402693
vn -0.08718974374166433 0.1892508081215169 0.978050141972085
vn 0.8137358252890992 -0.549410017074441 -0.18969090589517149
vn 0.7280080169136902 -0.5974747138810315 -0.33619680781080513
vn 0.59922279929458 -0.6561918992275144 -0.45863299946008595
vn 0.496329815812835 -0.6603143210373043 -0.5635971179559397
vn 0.39070412268403587 -0.6457243374903493 -0.6560414380893538
vn 0.2688234021772437 -0.6187296050111899 -0.7381786059786267
vn 0.16202890319514113 -0.5592158110274981 -0.8130340160326855
vn 0.07776128817001586 -0.4714652889048389 -0.8784495793271327
vn 0.011531609704996506 -0.3645786906732891 -0.93110117618042
vn 0.02154361908422381 -0.35946808471972996 -0.9329086603439175
vn 0.003871089928978414 -0.36555349329331266 -0.9307822829232503
vn 0 -0.36319460165870043 -0.9317133042551115
vn -0.003871089928978414 -0.36555349329331266 -0.9307822829232503
vn -0.011531609704996506 -0.3645786906732891 -0.93110117618042
vn -0.02154361908422381 -0.35946808471972996 -0.9329086603439175
vn -0.040405138949108625 -0.1123684970774239 -0.9928447741772448
vn -0.0802736520555995 0.01826928046782899 -0.9966054255204735
vn -0.12912269603694368 0.13808409576189903 -0.9819674698612829
vn -0.22889101014735558 0.237123110512307 -0.9441300418558302
vn -0.3465658085448331 0.3125987077073497 -0.8844061218056788
vn -0.4739525103822379 0.36086580790500034 -0.8032091175948178
vn 0.4739525103822379 0.36086580790500034 -0.8032091175948178
vn 0.3465658085448331 0.3125987077073497 -0.8844061218056788
vn 0.22889101014735558 0.237123110512307 -0.9441300418558302
vn 0.12912269603694368 0.13808409576189903 -0.9819674698612829
vn 0.0802736520555995 0.01826928046782899 -0.9966054255204735
vn 0.040405138949108625 -0.1123684970774239 -0.9928447741772448
vn -0.004886028069286476 -0.2394094033949524 -0.970906413767969
vn 0 -0.2363923937654992 -0.9716576743739624
vn 0.004886028069286476 -0.2394094033949524 -0.970906413767969
vn -0.5572296788970716 0.4268574838344167 -0.7122413730266005
vn 0.5572296788970716 0.4268574838344167 -0.7122413730266005
vn -0.635471079332174 0.4724853846330605 -0.6106832801383631
vn 0.635471079332174 0.4724853846330605 -0.6106832801383631
vn -0.7519207036704145 0.4478793021862714 -0.48375550236139675
vn 0.7519207036704145 0.4478793021862714 -0.48375550236139675
vn -0.8157922101923897 0.4557888056945594 -0.3560051044478761
vn 0.8157922101923897 0.4557888056945594 -0.3560051044478761
vn -0.6955108065207407 0.46191110433063365 0.550366105159941
vn -0.6918274926156167 -0.17263409815734956 0.7011220925164086
vn 0.09241751973967832 0.17813959949821614 0.9796556972405057
vn 0.6955108065207407 0.46191110433063365 0.550366105159941
vn -0.8469963991763597 -0.49403699951958613 -0.19627669980913579
vn -0.7627415828489281 -0.5446939877519648 -0.34861689216097114
vn -0.663382794178773 -0.5786614949222078 -0.4744197958369356
vn -0.5373930892976931 -0.6209330876339749 -0.5706581886352112
vn -0.42760770569190965 -0.611102208134415 -0.666112408866659
vn -0.3185062999966717 -0.5826474999939113 -0.7477135999921866
vn -0.20316979629368928 -0.5366030902110556 -0.8190110850592479
vn -0.10682479697405466 -0.4599551869711966 -0.8814928750306172
vn -0.03620769910327109 -0.35796199113462374 -0.9330338768922501
vn 0.6918274926156167 -0.17263409815734956 0.7011220925164086
vn -0.09241751973967832 0.17813959949821614 0.9796556972405057
vn 0.8469963991763597 -0.49403699951958613 -0.19627669980913579
vn 0.7627415828489281 -0.5446939877519648 -0.34861689216097114
vn 0.663382794178773 -0.5786614949222078 -0.4744197958369356
vn 0.5373930892976931 -0.6209330876339749 -0.5706581886352112
vn 0.42760770569190965 -0.611102208134415 -0.666112408866659
vn 0.3185062999966717 -0.5826474999939113 -0.7477135999921866
vn 0.20316979629368928 -0.5366030902110556 -0.8190110850592479
vn 0.10682479697405466 -0.4599551869711966 -0.8814928750306172
vn 0.03620769910327109 -0.35796199113462374 -0.9330338768922501
vn -0.014559100361306573 -0.24062030597136452 -0.9705101240847085
vn -0.012823170202155301 -0.23699550373619735 -0.9714261153143829
vn 0.014559100361306573 -0.24062030597136452 -0.9705101240847085
vn 0.012823170202155301 -0.23699550373619735 -0.9714261153143829
vn -0.046963230480568094 -0.11033750112906782 -0.9927840101590183
vn -0.08938865229814551 0.012074800310438373 -0.995923625604787
vn -0.17739910307194046 0.11900550206076496 -0.976917216916836
vn -0.28702859088061244 0.20521109348009395 -0.9356831702717507
vn -0.4106368978416392 0.26610909860129617 -0.8721027954161144
vn -0.49743140401769137 0.34344980277400133 -0.7966205064342041
vn 0.49743140401769137 0.34344980277400133 -0.7966205064342041
vn 0.4106368978416392 0.26610909860129617 -0.8721027954161144
vn 0.28702859088061244 0.20521109348009395 -0.9356831702717507
vn 0.17739910307194046 0.11900550206076496 -0.976917216916836
vn 0.08938865229814551 0.012074800310438373 -0.995923625604787
vn 0.046963230480568094 -0.11033750112906782 -0.9927840101590183
vn -0.5804736198556345 0.4008556137116354 -0.7087772242443773
vn 0.5804736198556345 0.4008556137116354 -0.7087772242443773
vn -0.70351770718465 0.3902717039856362 -0.5939283060654719
vn 0.70351770718465 0.3902717039856362 -0.5939283060654719
vn -0.7779472617162633 0.41103037977269213 -0.4752389766129083
vn 0.7779472617162633 0.41103037977269213 -0.4752389766129083
vn -0.8412437030727731 0.4119178015045937 -0.3501896012791217
vn 0.8412437030727731 0.4119178015045937 -0.3501896012791217
vn -0.7372450261451974 0.3732852132379536 0.5631411199708851
vn -0.6939569889070213 -0.14413589769597202 0.7054420887234306
vn 0.10188160021040998 0.14656140030268427 0.9839410020320745
vn 0.7372450261451974 0.3732852132379536 0.5631411199708851
vn -0.8977945275609726 -0.38610301185279494 -0.21187130650413782
vn -0.7966132837435367 -0.48926919001549835 -0.35499709275558516
vn -0.6972246484064865 -0.5270047610024869 -0.4859462640407505
vn -0.5949327059818669 -0.5514024055441828 -0.5848166058801527
vn -0.46611768903881845 -0.5747501864842263 -0.6726042841830984
vn -0.35133900725682826 -0.5511036113829211 -0.7568657156328913
vn -0.24071559961925534 -0.5093297991943828 -0.8262197986931518
vn -0.1339451027093699 -0.44504150900206135 -0.8854359179101242
vn -0.04973661985591489 -0.3525950989785451 -0.9344532972929243
vn 0.005992717966147355 -0.2381336986547912 -0.971213894513648
vn 0.6939569889070213 -0.14413589769597202 0.7054420887234306
vn -0.10188160021040998 0.14656140030268427 0.9839410020320745
vn 0.8977945275609726 -0.38610301185279494 -0.21187130650413782
vn 0.7966132837435367 -0.48926919001549835 -0.35499709275558516
vn 0.6972246484064865 -0.5270047610024869 -0.4859462640407505
vn 0.5949327059818669 -0.5514024055441828 -0.5848166058801527
vn 0.46611768903881845 -0.5747501864842263 -0.6726042841830984
vn 0.35133900725682826 -0.5511036113829211 -0.7568657156328913
vn 0.24071559961925534 -0.5093297991943828 -0.8262197986931518
vn 0.1339451027093699 -0.44504150900206135 -0.8854359179101242
vn 0.04973661985591489 -0.3525950989785451 -0.9344532972929243
vn -0.005992717966147355 -0.2381336986547912 -0.971213894513648
vn -0.04810367077277228 -0.11406680183245166 -0.9923078159411529
vn -0.12281190307965842 -0.00112763802827668 -0.9924293248863769
vn -0.22246159250462075 0.09427782682350554 -0.9703723673053275
vn -0.34009748747910207 0.16671329386234787 -0.9254946659273453
vn -0.4288533927699844 0.253980795718152 -0.8669362853843691
vn -0.515207022648066 0.3221585141618166 -0.7942138349129698
vn 0.515207022648066 0.3221585141618166 -0.7942138349129698
vn 0.4288533927699844 0.253980795718152 -0.8669362853843691
vn 0.34009748747910207 0.16671329386234787 -0.9254946659273453
vn 0.22246159250462075 0.09427782682350554 -0.9703723673053275
vn 0.12281190307965842 -0.00112763802827668 -0.9924293248863769
vn 0.04810367077277228 -0.11406680183245166 -0.9923078159411529
vn -0.6426342044018709 0.3257597022313662 -0.6934709047500884
vn 0.6426342044018709 0.3257597022313662 -0.6934709047500884
vn -0.7263729047481146 0.3590193023468178 -0.5860781038310431
vn 0.7263729047481146 0.3590193023468178 -0.5860781038310431
vn -0.8000988191222821 0.3718870088880626 -0.4706824112492627
vn 0.8000988191222821 0.3718870088880626 -0.4706824112492627
vn -0.8916977260777137 0.30471780891147704 -0.3346972097882249
vn 0.8916977260777137 0.30471780891147704 -0.3346972097882249
vn -0.7752639074560462 0.31502720302975196 0.5474703052652573
vn -0.7086639849761465 -0.12198149741396194 0.6949214852674909
vn 0.11311139718487001 0.11422919715704985 0.9869941754355708
vn 0.7752639074560462 0.31502720302975196 0.5474703052652573
vn -0.9194397979299549 -0.3243757992696938 -0.2222853994995423
vn -0.8443896723496416 -0.3877555873025673 -0.3696642878949846
vn -0.7304785976067476 -0.4728177984509164 -0.4927923983854743
vn -0.6271077138364733 -0.5016345110680387 -0.5959016131479437
vn -0.5160249253288621 -0.5144411252511218 -0.6848858336173275
vn -0.3866551971732025 -0.518462396209573 -0.7626889944240571
vn -0.2688698013805214 -0.481378002471652 -0.8342567042835203
vn -0.1586933021574204 -0.4270557058057815 -0.890190912102061
vn -0.06235776069974551 -0.3456431038786222 -0.9362918105065671
vn 0.008240065008298016 -0.23900570024068638 -0.9709832009778121
vn 0.7086639849761465 -0.12198149741396194 0.6949214852674909
vn -0.11311139718487001 0.11422919715704985 0.9869941754355708
vn 0.9194397979299549 -0.3243757992696938 -0.2222853994995423
vn 0.8443896723496416 -0.3877555873025673 -0.3696642878949846
vn 0.7304785976067476 -0.4728177984509164 -0.4927923983854743
vn 0.6271077138364733 -0.5016345110680387 -0.5959016131479437
vn 0.5160249253288621 -0.5144411252511218 -0.6848858336173275
vn 0.3866551971732025 -0.518462396209573 -0.7626889944240571
vn 0.2688698013805214 -0.481378002471652 -0.8342567042835203
vn 0.1586933021574204 -0.4270557058057815 -0.890190912102061
vn 0.06235776069974551 -0.3456431038786222 -0.9362918105065671
vn -0.008240065008298016 -0.23900570024068638 -0.9709832009778121
vn -0.06609357793019979 -0.12116479620557787 -0.990429568983502
vn -0.15401240489932272 -0.01824059058025525 -0.9879005314263226
vn -0.2635974094788612 0.06444539231743167 -0.9624776346103247
vn -0.3527060000073187 0.1600295000033208 -0.9219485000191304
vn -0.4408549169947766 0.23780910916744402 -0.8655020333647492
vn -0.5703818112069732 0.25550860502028305 -0.7806279153379295
vn 0.5703818112069732 0.25550860502028305 -0.7806279153379295
vn 0.4408549169947766 0.23780910916744402 -0.8655020333647492
vn 0.3527060000073187 0.1600295000033208 -0.9219485000191304
vn 0.2635974094788612 0.06444539231743167 -0.9624776346103247
vn 0.15401240489932272 -0.01824059058025525 -0.9879005314263226
vn 0.06609357793019979 -0.12116479620557787 -0.990429568983502
vn -0.661980301601241 0.3006737007272893 -0.6865693016607185
vn 0.661980301601241 0.3006737007272893 -0.6865693016607185
vn -0.744734244465834 0.3252578194201628 -0.5827334347932545
vn 0.744734244465834 0.3252578194201628 -0.5827334347932545
vn -0.8480861857952521 0.26993059547888404 -0.4559465923632685
vn 0.8480861857952521 0.26993059547888404 -0.4559465923632685
vn -0.9090669718986678 0.2576139920365644 -0.3274633898773602
vn 0.9090669718986678 0.2576139920365644 -0.3274633898773602
vn -0.7776490755990599 0.24947929217188117 0.577080581892464
vn -0.7257529624201933 -0.032375798323567115 0.6871931644168365
vn 0.11583950052560248 0.09992715045340263 0.9882286044839231
vn 0.7776490755990599 0.24947929217188117 0.577080581892464
vn -0.9385644256612808 -0.2605235071229706 -0.22632790618802914
vn -0.8657771131545396 -0.32517040494060984 -0.38038690577956447
vn -0.7742889109891805 -0.3797319053893867 -0.506241407184887
vn -0.6594392074470569 -0.4496098050774502 -0.6024873068038983
vn -0.5459252034875641 -0.4674115029859905 -0.6953360044420533
vn -0.42805291158678893 -0.4684340126798483 -0.7728779209207159
vn -0.3004028894748232 -0.45306218412611926 -0.8393406705921307
vn -0.181655600052632 -0.40315590011680824 -0.8969206002598694
vn -0.07387158905977319 -0.33726129570738717 -0.9385082880548035
vn 0.010343550044564347 -0.2401390010346192 -0.9706834041821107
vn 0.7257529624201933 -0.032375798323567115 0.6871931644168365
vn -0.11583950052560248 0.09992715045340263 0.9882286044839231
vn 0.9385644256612808 -0.2605235071229706 -0.22632790618802914
vn 0.8657771131545396 -0.32517040494060984 -0.38038690577956447
vn 0.7742889109891805 -0.3797319053893867 -0.506241407184887
vn 0.6594392074470569 -0.4496098050774502 -0.6024873068038983
vn 0.5459252034875641 -0.4674115029859905 -0.6953360044420533
vn 0.42805291158678893 -0.4684340126798483 -0.7728779209207159
vn 0.3004028894748232 -0.45306218412611926 -0.8393406705921307
vn 0.181655600052632 -0.40315590011680824 -0.8969206002598694
vn 0.07387158905977319 -0.33726129570738717 -0.9385082880548035
vn -0.010343550044564347 -0.2401390010346192 -0.9706834041821107
vn -0.08289000193150575 -0.1303667030378093 -0.9879948230222902
vn -0.18249650857111477 -0.03888802182641116 -0.9824371461410555
vn -0.2703331970819155 0.06325382931721311 -0.9606866896299642
vn -0.35875529823862984 0.1493148992669133 -0.9214117954761721
vn -0.4880705108418399 0.1807804040157974 -0.8538768189677424
vn -0.5859060863030539 0.23702269445903182 -0.7749414818839025
vn 0.5859060863030539 0.23702269445903182 -0.7749414818839025
vn 0.4880705108418399 0.1807804040157974 -0.8538768189677424
vn 0.35875529823862984 0.1493148992669133 -0.9214117954761721
vn 0.2703331970819155 0.06325382931721311 -0.9606866896299642
vn 0.18249650857111477 -0.03888802182641116 -0.9824371461410555
vn 0.08289000193150575 -0.1303667030378093 -0.9879948230222902
vn -0.6761658065156522 0.27287650262948593 -0.6843524065945394
vn 0.6761658065156522 0.27287650262948593 -0.6843524065945394
vn -0.7894022627772804 0.2303571891379575 -0.569016373169146
vn 0.7894022627772804 0.2303571891379575 -0.569016373169146
vn -0.8637301842881391 0.22887039583668628 -0.44898609183262644
vn 0.8637301842881391 0.22887039583668628 -0.44898609183262644
vn -0.9227664788880723 0.2089890952185491 -0.3237677925925329
vn 0.9227664788880723 0.2089890952185491 -0.3237677925925329
vn -0.7964108929498404 0.15115209866193877 0.5855618948163631
vn -0.7209638800039926 -0.005542103846289333 0.6929504807809471
vn 0.1173908011875054 0.06432870065073798 0.9910001100247887
vn 0.7964108929498404 0.15115209866193877 0.5855618948163631
vn -0.9612039549513683 -0.14184990810946155 -0.2365704135245677
vn -0.8856672172242792 -0.2605766050676417 -0.3843090074739649
vn -0.7953065018026497 -0.3179278007206182 -0.516148701169908
vn -0.6989889085229745 -0.3655765044575803 -0.6146286074943449
vn -0.5768060843557358 -0.41848998864962034 -0.7015417809726263
vn -0.4551093879245873 -0.42494008872506883 -0.7824968792380186
vn -0.33256371531657813 -0.41419241907607535 -0.8472579390213719
vn -0.2088717986569115 -0.3796965975584728 -0.9012230942049508
vn -0.09123548427656988 -0.3178181148973984 -0.9437519442374059
vn 0.012269819498263583 -0.24151079012416102 -0.9703205603217339
vn 0.7209638800039926 -0.005542103846289333 0.6929504807809471
vn -0.1173908011875054 0.06432870065073798 0.9910001100247887
vn 0.9612039549513683 -0.14184990810946155 -0.2365704135245677
vn 0.8856672172242792 -0.2605766050676417 -0.3843090074739649
vn 0.7953065018026497 -0.3179278007206182 -0.516148701169908
vn 0.6989889085229745 -0.3655765044575803 -0.6146286074943449
vn 0.5768060843557358 -0.41848998864962034 -0.7015417809726263
vn 0.4551093879245873 -0.42494008872506883 -0.7824968792380186
vn 0.33256371531657813 -0.41419241907607535 -0.8472579390213719
vn 0.2088717986569115 -0.3796965975584728 -0.9012230942049508
vn 0.09123548427656988 -0.3178181148973984 -0.9437519442374059
vn -0.012269819498263583 -0.24151079012416102 -0.9703205603217339
vn -0.09822719698535383 -0.14147149565816253 -0.9850569697680651
vn -0.18318880615904687 -0.03463814116457932 -0.9824673330318346
vn -0.2703749952217553 0.05824715897061812 -0.9609914830167267
vn -0.3971816127170485 0.10290900329496337 -0.9119520291990812
vn -0.4994923177186561 0.16918930600170837 -0.849636630139441
vn -0.5956435075751143 0.21568900274303157 -0.7737487098401725
vn 0.5956435075751143 0.21568900274303157 -0.7737487098401725
vn 0.4994923177186561 0.16918930600170837 -0.849636630139441
vn 0.3971816127170485 0.10290900329496337 -0.9119520291990812
vn 0.2703749952217553 0.05824715897061812 -0.9609914830167267
vn 0.18318880615904687 -0.03463814116457932 -0.9824673330318346
vn 0.09822719698535383 -0.14147149565816253 -0.9850569697680651
vn -0.716722614422301 0.18671410375716777 -0.6718977135203089
vn 0.716722614422301 0.18671410375716777 -0.6718977135203089
vn -0.8031530547626183 0.19608948895531197 -0.5625780683129403
vn 0.8031530547626183 0.19608948895531197 -0.5625780683129403
vn -0.87525206139935 0.18620599178788313 -0.44638678031330553
vn 0.87525206139935 0.18620599178788313 -0.44638678031330553
vn -0.9450251199793046 0.09231311195164321 -0.3136970066320439
vn 0.9450251199793046 0.09231311195164321 -0.3136970066320439
vn -0.8193639018151949 0.0841337801863874 0.5670664012562623
vn 0.12032050213111767 0.02848607050454528 0.9923263175760915
vn -0.7291250660773912 0.019637979086341118 0.6840986681722484
vn 0.8193639018151949 0.0841337801863874 0.5670664012562623
vn -0.9669214857489744 -0.07484500889689266 -0.2438463964060565
vn -0.9070307884974483 -0.14859139811563143 -0.3939742950037973
vn -0.8150238292574447 -0.2542084091254858 -0.5206863186914182
vn -0.7190178047585568 -0.30559920202249663 -0.6241975041310234
vn -0.6113995763698961 -0.34498678666653676 -0.7121619724755102
vn -0.4840399081885153 -0.380011506428664 -0.7882237133344003
vn -0.3562625103463675 -0.37496961088964803 -0.8558474248550206
vn -0.23123019580521953 -0.3526680936021968 -0.9067291835508947
vn -0.11366140272598409 -0.2996475071865584 -0.9472552227183777
vn 0.0007947876891443893 -0.22687059690128686 -0.9739245866976474
vn -0.12032050213111767 0.02848607050454528 0.9923263175760915
vn 0.7291250660773912 0.019637979086341118 0.6840986681722484
vn 0.9669214857489744 -0.07484500889689266 -0.2438463964060565
vn 0.9070307884974483 -0.14859139811563143 -0.3939742950037973
vn 0.8150238292574447 -0.2542084091254858 -0.5206863186914182
vn 0.7190178047585568 -0.30559920202249663 -0.6241975041310234
vn 0.6113995763698961 -0.34498678666653676 -0.7121619724755102
vn 0.4840399081885153 -0.380011506428664 -0.7882237133344003
vn 0.3562625103463675 -0.37496961088964803 -0.8558474248550206
vn 0.23123019580521953 -0.3526680936021968 -0.9067291835508947
vn 0.11366140272598409 -0.2996475071865584 -0.9472552227183777
vn -0.0007947876891443893 -0.22687059690128686 -0.9739245866976474
vn -0.09281090850304366 -0.13191859787227164 -0.9869060840820941
vn -0.17728170108952662 -0.033787130207646586 -0.9835800060448237
vn -0.29933860148661096 0.023275950115596 -0.9538630047371879
vn -0.4042636214457749 0.09837018521843871 -0.9093372482394183
vn -0.5046250159483963 0.15472210488990726 -0.8493613268435978
vn -0.6313720959667888 0.13978799910703305 -0.7627768951273736
vn 0.6313720959667888 0.13978799910703305 -0.7627768951273736
vn 0.5046250159483963 0.15472210488990726 -0.8493613268435978
vn 0.4042636214457749 0.09837018521843871 -0.9093372482394183
vn 0.29933860148661096 0.023275950115596 -0.9538630047371879
vn 0.17728170108952662 -0.033787130207646586 -0.9835800060448237
vn 0.09281090850304366 -0.13191859787227164 -0.9869060840820941
vn -0.7284053175150379 0.1598493038436934 -0.6662386160201942
vn 0.7284053175150379 0.1598493038436934 -0.6662386160201942
vn -0.8121865156826275 0.16012150309180948 -0.560993910832313
vn 0.8121865156826275 0.16012150309180948 -0.560993910832313
vn -0.896364786491932 0.07553786886165699 -0.43683429341698
vn 0.896364786491932 0.07553786886165699 -0.43683429341698
vn -0.9501633726056338 0.042029378788241936 -0.30890629109385576
vn 0.9501633726056338 0.042029378788241936 -0.30890629109385576
vn -0.8048531031994556 0.017029460067695453 0.5932297023582093
vn 0.11937249553308295 0.013418179497891697 0.9927588628509777
vn -0.7233805219244415 0.11094720336262213 0.6814773206544262
vn 0.8048531031994556 0.017029460067695453 0.5932297023582093
vn -0.9696719491836824 -0.007013232632466722 -0.24430948719679527
vn -0.9123096206970549 -0.08046892182555306 -0.4015170091089904
vn -0.8346833976865582 -0.15115559958105101 -0.5295805985321933
vn -0.7384752077335744 -0.24387040255389725 -0.6286347065832857
vn -0.630043183412343 -0.2878782924207949 -0.7212292810116128
vn -0.5130692277902185 -0.31832941724220337 -0.7971363431766163
vn -0.38277339593044896 -0.33485349643992124 -0.861021290845837
vn -0.2511283952036159 -0.31838169391912274 -0.9140938825414194
vn -0.1258231960649922 -0.2849360910888787 -0.9502525702817018
vn -0.016432940698132274 -0.21431050910470512 -0.9766273414907519
vn -0.11937249553308295 0.013418179497891697 0.9927588628509777
vn 0.7233805219244415 0.11094720336262213 0.6814773206544262
vn 0.9696719491836824 -0.007013232632466722 -0.24430948719679527
vn 0.9123096206970549 -0.08046892182555306 -0.4015170091089904
vn 0.8346833976865582 -0.15115559958105101 -0.5295805985321933
vn 0.7384752077335744 -0.24387040255389725 -0.6286347065832857
vn 0.630043183412343 -0.2878782924207949 -0.7212292810116128
vn 0.5130692277902185 -0.31832941724220337 -0.7971363431766163
vn 0.38277339593044896 -0.33485349643992124 -0.861021290845837
vn 0.2511283952036159 -0.31838169391912274 -0.9140938825414194
vn 0.1258231960649922 -0.2849360910888787 -0.9502525702817018
vn 0.016432940698132274 -0.21431050910470512 -0.9766273414907519
vn -0.0811166219976155 -0.12517230308255087 -0.9888134243509773
vn -0.19627700943128149 -0.05671441272517678 -0.9789069470373325
vn -0.301900188793045 0.025814789041719327 -0.9529899646236866
vn -0.40474540434489886 0.09106377097756012 -0.909883809767506
vn -0.5348956087529889 0.09042002147962618 -0.840066013746773
vn -0.6408055748183631 0.12078919525336598 -0.7581412702074406
vn 0.6408055748183631 0.12078919525336598 -0.7581412702074406
vn 0.5348956087529889 0.09042002147962618 -0.840066013746773
vn 0.40474540434489886 0.09106377097756012 -0.909883809767506
vn 0.301900188793045 0.025814789041719327 -0.9529899646236866
vn 0.19627700943128149 -0.05671441272517678 -0.9789069470373325
vn 0.0811166219976155 -0.12517230308255087 -0.9888134243509773
vn -0.7347262989863056 0.13120799981897377 -0.6655536990817423
vn 0.7347262989863056 0.13120799981897377 -0.6655536990817423
vn -0.8317782068613382 0.05742747047371931 -0.5521296045545169
vn 0.8317782068613382 0.05742747047371931 -0.5521296045545169
vn -0.9012994543539451 0.031880878385402066 -0.4320218781203747
vn 0.9012994543539451 0.031880878385402066 -0.4320218781203747
vn -0.9513728086602612 -0.00883911708046162 -0.3079150028029226
vn 0.9513728086602612 -0.00883911708046162 -0.3079150028029226
vn -0.7985115802214502 -0.08376326792524505 0.5961232852344608
vn 0.11731010196016506 0.006129501102419211 0.9930764165935726
vn 0.11204950174989298 -0.021374580333810077 0.9934727155152044
vn -0.7011136047907653 0.15373220105046428 0.6962802047577384
vn -0.71194902247543 0.13581150428741628 0.6889730217501034
vn 0.7985115802214502 -0.08376326792524505 0.5961232852344608
vn -0.9620319684043885 0.11441999624215222 -0.2477953918617601
vn -0.9156365817628221 -0.01153539977024376 -0.4018414919963281
vn -0.8398372010261196 -0.08365707010221274 -0.5363534006553208
vn -0.7562883694581382 -0.15049649392236691 -0.6366935742878406
vn -0.648941925757281 -0.22924020909881787 -0.7254814287952256
vn -0.5299517961776458 -0.26507779808808773 -0.8055338941899701
vn -0.4057285985705085 -0.28607569899207785 -0.8680696969415561
vn -0.2747822120972486 -0.2838088124946433 -0.9186660404441448
vn -0.1415620963346955 -0.25617479336716054 -0.9562084752419941
vn -0.018182090868734797 -0.21217721013776264 -0.9770620466837288
vn -0.11731010196016506 0.006129501102419211 0.9930764165935726
vn -0.11204950174989298 -0.021374580333810077 0.9934727155152044
vn 0.7011136047907653 0.15373220105046428 0.6962802047577384
vn 0.71194902247543 0.13581150428741628 0.6889730217501034
vn 0.9620319684043885 0.11441999624215222 -0.2477953918617601
vn 0.9156365817628221 -0.01153539977024376 -0.4018414919963281
vn 0.8398372010261196 -0.08365707010221274 -0.5363534006553208
vn 0.7562883694581382 -0.15049649392236691 -0.6366935742878406
vn 0.648941925757281 -0.22924020909881787 -0.7254814287952256
vn 0.5299517961776458 -0.26507779808808773 -0.8055338941899701
vn 0.4057285985705085 -0.28607569899207785 -0.8680696969415561
vn 0.2747822120972486 -0.2838088124946433 -0.9186660404441448
vn 0.1415620963346955 -0.25617479336716054 -0.9562084752419941
vn 0.018182090868734797 -0.21217721013776264 -0.9770620466837288
vn -0.08981414073596763 -0.13565870111163333 -0.9866763080851614
vn -0.19420839364455728 -0.047196438455502886 -0.9798242679353868
vn -0.2977856986457076 0.025842459882471913 -0.9542828956600399
vn -0.42902609761372895 0.03948947978035715 -0.9024284949806339
vn -0.5418987714932675 0.07959773581273959 -0.8366659559869594
vn -0.6442824130714548 0.0999871220285782 -0.7582234153831346
vn 0.6442824130714548 0.0999871220285782 -0.7582234153831346
vn 0.5418987714932675 0.07959773581273959 -0.8366659559869594
vn 0.42902609761372895 0.03948947978035715 -0.9024284949806339
vn 0.2977856986457076 0.025842459882471913 -0.9542828956600399
vn 0.19420839364455728 -0.047196438455502886 -0.9798242679353868
vn 0.08981414073596763 -0.13565870111163333 -0.9866763080851614
vn -0.7524497595405185 0.03830827794015092 -0.6575346646441358
vn 0.7524497595405185 0.03830827794015092 -0.6575346646441358
vn -0.8365337143835531 0.021170400364008853 -0.5475063094139494
vn 0.8365337143835531 0.021170400364008853 -0.5475063094139494
vn -0.901879466004179 -0.01239568953275161 -0.4318098837231781
vn 0.901879466004179 -0.01239568953275161 -0.4318098837231781
vn -0.943877002441102 -0.12798070033099004 -0.3044949007875
vn 0.943877002441102 -0.12798070033099004 -0.3044949007875
vn -0.8010221022709818 -0.13606830038576806 0.5829657016527691
vn -0.8042916993988642 -0.1534267998853274 0.5740862995709222
vn 0.10621770072981018 -0.05577117038319783 0.9927776068212663
vn -0.7131614331590799 0.16354150760400882 0.6816560316942081
vn 0.8010221022709818 -0.13606830038576806 0.5829657016527691
vn 0.8042916993988642 -0.1534267998853274 0.5740862995709222
vn -0.9524338863323356 0.17451479749566906 -0.24982849641489857
vn -0.9507959429171708 0.18137400818688743 -0.2511783113377245
vn -0.9084223148007705 0.10313090168029435 -0.40513320660076657
vn -0.8432051158759621 -0.015425950290441432 -0.5373706101176752
vn -0.760961150877216 -0.08483559452355659 -0.6432270584773759
vn -0.6645952798060567 -0.14718699552767522 -0.732563377740824
vn -0.5480076224902662 -0.21057840864215058 -0.8095334332233014
vn -0.4205088968063737 -0.23759979819550775 -0.8756246933499194
vn -0.2912597001196801 -0.24879210010222974 -0.9237263003795638
vn -0.16195419206592185 -0.2277701888416194 -0.9601518529625028
vn -0.029496989010596823 -0.1894465936454847 -0.9814478670797709
vn -0.10621770072981018 -0.05577117038319783 0.9927776068212663
vn 0.7131614331590799 0.16354150760400882 0.6816560316942081
vn 0.9524338863323356 0.17451479749566906 -0.24982849641489857
vn 0.9507959429171708 0.18137400818688743 -0.2511783113377245
vn 0.9084223148007705 0.10313090168029435 -0.40513320660076657
vn 0.8432051158759621 -0.015425950290441432 -0.5373706101176752
vn 0.760961150877216 -0.08483559452355659 -0.6432270584773759
vn 0.6645952798060567 -0.14718699552767522 -0.732563377740824
vn 0.5480076224902662 -0.21057840864215058 -0.8095334332233014
vn 0.4205088968063737 -0.23759979819550775 -0.8756246933499194
vn 0.2912597001196801 -0.24879210010222974 -0.9237263003795638
vn 0.16195419206592185 -0.2277701888416194 -0.9601518529625028
vn 0.029496989010596823 -0.1894465936454847 -0.9814478670797709
vn -0.08308891963333956 -0.1193748994732141 -0.9893663956340566
vn -0.1856408047086906 -0.03979227100931179 -0.9818116249031844
vn -0.31565171448949647 -0.012101960555521292 -0.9487979435530802
vn -0.4334291945079797 0.037001499531150873 -0.9004276885905997
vn -0.5424904908183578 0.06701833886571595 -0.8373843858272838
vn -0.6598244433209673 0.018523241216149 -0.751191449319695
vn 0.6598244433209673 0.018523241216149 -0.751191449319695
vn 0.5424904908183578 0.06701833886571595 -0.8373843858272838
vn 0.4334291945079797 0.037001499531150873 -0.9004276885905997
vn 0.31565171448949647 -0.012101960555521292 -0.9487979435530802
vn 0.1856408047086906 -0.03979227100931179 -0.9818116249031844
vn 0.08308891963333956 -0.1193748994732141 -0.9893663956340566
vn -0.7570096461914573 0.010086750615476729 -0.6533258398648456
vn 0.7570096461914573 0.010086750615476729 -0.6533258398648456
vn -0.8363626416434552 -0.01572967078319823 -0.5479508272831001
vn 0.8363626416434552 -0.01572967078319823 -0.5479508272831001
vn -0.8947736072490576 -0.12533920101544238 -0.4285677034720649
vn 0.8947736072490576 -0.12533920101544238 -0.4285677034720649
vn -0.9349551936612936 -0.18700649873215386 -0.301475297956091
vn -0.9362444771519604 -0.17859819564150303 -0.3025705926160901
vn 0.9349551936612936 -0.18700649873215386 -0.301475297956091
vn 0.9362444771519604 -0.17859819564150303 -0.3025705926160901
vn -0.7732030558484173 -0.2156449876862005 0.5963675659461098
vn 0.1019650998193462 -0.06885920987800086 0.9924018982417397
vn -0.6846097620878289 0.2514167860770955 0.6841776621117577
vn 0.7732030558484173 -0.2156449876862005 0.5963675659461098
vn -0.9366352528091421 0.2476014875249981 -0.24780618751468453
vn -0.8991615165572953 0.15982970294312826 -0.40738560750165975
vn -0.896495827135432 0.17101570517635994 -0.40871611237115435
vn -0.8365615301174025 0.09016968324623671 -0.5404019194552362
vn -0.7645747116379678 -0.018494630281515722 -0.644269709806746
vn -0.6686597793373859 -0.0845172273882877 -0.7387495771715034
vn -0.5612262286061478 -0.14128740720153146 -0.815513941567395
vn -0.4374498118518016 -0.18821480509929225 -0.8793252238235058
vn -0.3036447950353682 -0.20592889663303562 -0.9302650847900451
vn -0.17166380620715652 -0.20713090748960397 -0.9631346348257885
vn -0.04625867169000651 -0.16771490612726786 -0.9847496359766771
vn -0.1019650998193462 -0.06885920987800086 0.9924018982417397
vn 0.6846097620878289 0.2514167860770955 0.6841776621117577
vn 0.9366352528091421 0.2476014875249981 -0.24780618751468453
vn 0.8991615165572953 0.15982970294312826 -0.40738560750165975
vn 0.896495827135432 0.17101570517635994 -0.40871611237115435
vn 0.8365615301174025 0.09016968324623671 -0.5404019194552362
vn 0.7645747116379678 -0.018494630281515722 -0.644269709806746
vn 0.6686597793373859 -0.0845172273882877 -0.7387495771715034
vn 0.5612262286061478 -0.14128740720153146 -0.815513941567395
vn 0.4374498118518016 -0.18821480509929225 -0.8793252238235058
vn 0.3036447950353682 -0.20592889663303562 -0.9302650847900451
vn 0.17166380620715652 -0.20713090748960397 -0.9631346348257885
vn 0.04625867169000651 -0.16771490612726786 -0.9847496359766771
vn -0.0702852309761957 -0.10468930145403561 -0.9920182137781991
vn -0.19678049383372567 -0.063446178011863 -0.9783925693412855
vn -0.3173102950561248 -0.006248099902650833 -0.9483011852249272
vn -0.4311774995541753 0.03288897996599397 -0.9016674990677026
vn -0.5555772994937335 -0.0015748039985647845 -0.8314633992423338
vn -0.6641298321428163 -0.0011747040568536218 -0.7476163361834289
vn 0.6641298321428163 -0.0011747040568536218 -0.7476163361834289
vn 0.5555772994937335 -0.0015748039985647845 -0.8314633992423338
vn 0.4311774995541753 0.03288897996599397 -0.9016674990677026
vn 0.3173102950561248 -0.006248099902650833 -0.9483011852249272
vn 0.19678049383372567 -0.063446178011863 -0.9783925693412855
vn 0.0702852309761957 -0.10468930145403561 -0.9920182137781991
vn -0.7560236169403024 -0.01878184042084657 -0.6542748146604062
vn 0.7560236169403024 -0.01878184042084657 -0.6542748146604062
vn -0.8297729800683553 -0.12046839710627673 -0.5449441869101138
vn 0.8297729800683553 -0.12046839710627673 -0.5449441869101138
vn -0.8867266037573401 -0.18135910076847558 -0.42523500180185475
vn -0.8885856884294726 -0.16950679779280362 -0.4262427944497712
vn 0.8867266037573401 -0.18135910076847558 -0.42523500180185475
vn 0.8885856884294726 -0.16950679779280362 -0.4262427944497712
vn -0.9246750167728975 -0.2286777041480386 -0.30443820552227624
vn 0.9246750167728975 -0.2286777041480386 -0.30443820552227624
vn -0.7422460970267626 -0.31091799875454657 0.5936334976220644
vn 0.08740960768874292 -0.0981022274060123 0.9913301737875626
vn -0.6663223193610014 0.27368600795236014 0.6936213201542152
vn 0.7422460970267626 -0.31091799875454657 0.5936334976220644
vn -0.8991356450501317 0.3630126181883194 -0.2444932122500441
vn -0.8826620388586499 0.23826001048924958 -0.40514181783611775
vn -0.8279961942618663 0.14237959901328884 -0.5423562962413923
vn -0.824692348054503 0.15731850916688855 -0.543261831655656
vn -0.758550689734359 0.07725400895450386 -0.6470182912437527
vn -0.6725006125677055 -0.021236720396872116 -0.739791813825245
vn -0.5645605063853977 -0.08270763093545512 -0.8212374092885127
vn -0.4480015178592897 -0.13290290529808785 -0.8840992352440421
vn -0.31920789816094436 -0.1625424990635421 -0.9336413946210025
vn -0.181421295288929 -0.17062389556931104 -0.9684904748506514
vn -0.049028527631526736 -0.1618183921828665 -0.9856018523874824
vn -0.08740960768874292 -0.0981022274060123 0.9913301737875626
vn 0.6663223193610014 0.27368600795236014 0.6936213201542152
vn 0.8991356450501317 0.3630126181883194 -0.2444932122500441
vn 0.8826620388586499 0.23826001048924958 -0.40514181783611775
vn 0.8279961942618663 0.14237959901328884 -0.5423562962413923
vn 0.824692348054503 0.15731850916688855 -0.543261831655656
vn 0.758550689734359 0.07725400895450386 -0.6470182912437527
vn 0.6725006125677055 -0.021236720396872116 -0.739791813825245
vn 0.5645605063853977 -0.08270763093545512 -0.8212374092885127
vn 0.4480015178592897 -0.13290290529808785 -0.8840992352440421
vn 0.31920789816094436 -0.1625424990635421 -0.9336413946210025
vn 0.181421295288929 -0.17062389556931104 -0.9684904748506514
vn 0.049028527631526736 -0.1618183921828665 -0.9856018523874824
vn -0.07450592745447318 -0.11364369611731438 -0.9907239661514928
vn -0.1955909935230694 -0.049387878364536654 -0.9794411675661321
vn -0.3123265961969111 -0.0017968199781205566 -0.9499730884325185
vn -0.4415792890926127 -0.021629579465730627 -0.8969614778442818
vn -0.5595319778022385 -0.012415439507454303 -0.8287157671231749
vn -0.6623258758952695 -0.021498399217585708 -0.7489073727442168
vn 0.6623258758952695 -0.021498399217585708 -0.7489073727442168
vn 0.5595319778022385 -0.012415439507454303 -0.8287157671231749
vn 0.4415792890926127 -0.021629579465730627 -0.8969614778442818
vn 0.3123265961969111 -0.0017968199781205566 -0.9499730884325185
vn 0.1955909935230694 -0.049387878364536654 -0.9794411675661321
vn 0.07450592745447318 -0.11364369611731438 -0.9907239661514928
vn -0.7500669151675644 -0.11345960229433626 -0.6515570131755352
vn 0.7500669151675644 -0.11345960229433626 -0.6515570131755352
vn -0.8228256738501151 -0.17250629451764815 -0.5414789827914788
vn -0.8252488411623032 -0.15742460785212778 -0.5423853270534512
vn 0.8228256738501151 -0.17250629451764815 -0.5414789827914788
vn 0.8252488411623032 -0.15742460785212778 -0.5423853270534512
vn -0.8780323925474981 -0.213139898190926 -0.428521296362827
vn 0.8780323925474981 -0.213139898190926 -0.428521296362827
vn -0.8876542380774162 -0.34261511469704947 -0.3077090131996939
vn 0.8876542380774162 -0.34261511469704947 -0.3077090131996939
vn -0.7313914226168868 -0.37683121165278766 0.5683879175763137
vn 0.07492031245904854 -0.12655920415395017 0.9891257324652702
vn -0.6596906063638603 0.3033324029261671 0.6876029066331231
vn 0.7313914226168868 -0.37683121165278766 0.5683879175763137
vn -0.8719680515614605 0.4243470250926079 -0.24413381443618945
vn -0.8473233378180156 0.34702061548833907 -0.402019717943077
vn -0.8110962768118365 0.22376819360276515 -0.5404170845501944
vn -0.7505696922931729 0.12454989872112551 -0.6489471933366296
vn -0.7466866908152087 0.14243809824790757 -0.649746392007645
vn -0.6672020153590541 0.06298136144983713 -0.7422094170857317
vn -0.568611716906935 -0.023604290701842914 -0.8222673244490569
vn -0.45049900346334487 -0.07943869061070834 -0.8892357068362635
vn -0.32690719337497404 -0.12218129752390174 -0.9371250810084387
vn -0.19534959929295756 -0.1340106995149655 -0.9715346964836565
vn -0.055995319974653665 -0.1323075999401106 -0.9896257995520449
vn -0.07492031245904854 -0.12655920415395017 0.9891257324652702
vn 0.6596906063638603 0.3033324029261671 0.6876029066331231
vn 0.8719680515614605 0.4243470250926079 -0.24413381443618945
vn 0.8473233378180156 0.34702061548833907 -0.402019717943077
vn 0.8110962768118365 0.22376819360276515 -0.5404170845501944
vn 0.7505696922931729 0.12454989872112551 -0.6489471933366296
vn 0.7466866908152087 0.14243809824790757 -0.649746392007645
vn 0.6672020153590541 0.06298136144983713 -0.7422094170857317
vn 0.568611716906935 -0.023604290701842914 -0.8222673244490569
vn 0.45049900346334487 -0.07943869061070834 -0.8892357068362635
vn 0.32690719337497404 -0.12218129752390174 -0.9371250810084387
vn 0.19534959929295756 -0.1340106995149655 -0.9715346964836565
vn 0.055995319974653665 -0.1323075999401106 -0.9896257995520449
vn -0.07041924679863308 -0.09165641583315859 -0.9932976548431657
vn -0.1880413032593176 -0.036428570631415746 -0.9814853170120729
vn -0.31986158538866877 -0.04128769811397076 -0.9465642567607848
vn -0.44506047963847944 -0.023437218927746844 -0.8951937590448782
vn -0.556963605085449 -0.02383187021760068 -0.8301949075802328
vn -0.6571074016227235 -0.10444230025791958 -0.7465264018435432
vn 0.6571074016227235 -0.10444230025791958 -0.7465264018435432
vn 0.556963605085449 -0.02383187021760068 -0.8301949075802328
vn 0.44506047963847944 -0.023437218927746844 -0.8951937590448782
vn 0.31986158538866877 -0.04128769811397076 -0.9465642567607848
vn 0.1880413032593176 -0.036428570631415746 -0.9814853170120729
vn 0.07041924679863308 -0.09165641583315859 -0.9932976548431657
vn -0.7443818957739132 -0.16060449908819835 -0.6481525963202368
vn -0.7473523908968518 -0.1425650982634814 -0.6489526920954124
vn 0.7443818957739132 -0.16060449908819835 -0.6481525963202368
vn 0.7473523908968518 -0.1425650982634814 -0.6489526920954124
vn -0.8157871218458534 -0.19381690519019668 -0.5449095145920585
vn 0.8157871218458534 -0.19381690519019668 -0.5449095145920585
vn -0.8428790290812614 -0.3213300110866229 -0.43162711489212635
vn 0.8428790290812614 -0.3213300110866229 -0.43162711489212635
vn -0.8673755972735047 -0.3904214987727549 -0.3085945990299685
vn 0.8673755972735047 -0.3904214987727549 -0.3085945990299685
vn -0.6867106005778877 -0.42823170036037 0.5874063004943201
vn 0.06919672953929706 -0.13557889909733334 0.9883471934197114
vn -0.6092976848795532 0.38275699050142975 0.6944446827665292
vn 0.6867106005778877 -0.42823170036037 0.5874063004943201
vn -0.8424062000399597 0.48363620002294144 -0.2375875000112699
vn -0.8194451686222446 0.4086949843504707 -0.40184328461283214
vn -0.778622808936328 0.3237106037152575 -0.5375481061694907
vn -0.733828306142752 0.2069896017326749 -0.6470327054162007
vn -0.6598773938786935 0.10451889903043791 -0.7440682930977025
vn -0.6555071912456425 0.125044698330017 -0.7447644900536033
vn -0.5641317091501472 0.047603660772125723 -0.8243114133702301
vn -0.454737889703776 -0.025556069421356544 -0.89025857984267
vn -0.32848690890748433 -0.07476802202746258 -0.94154452553159
vn -0.20006109718832232 -0.10931029846374246 -0.973666686315996
vn -0.06803684964705603 -0.10311699946507609 -0.9923395948521974
vn -0.06919672953929706 -0.13557889909733334 0.9883471934197114
vn 0.6092976848795532 0.38275699050142975 0.6944446827665292
vn 0.8424062000399597 0.48363620002294144 -0.2375875000112699
vn 0.8194451686222446 0.4086949843504707 -0.40184328461283214
vn 0.778622808936328 0.3237106037152575 -0.5375481061694907
vn 0.733828306142752 0.2069896017326749 -0.6470327054162007
vn 0.6598773938786935 0.10451889903043791 -0.7440682930977025
vn 0.6555071912456425 0.125044698330017 -0.7447644900536033
vn 0.5641317091501472 0.047603660772125723 -0.8243114133702301
vn 0.454737889703776 -0.025556069421356544 -0.89025857984267
vn 0.32848690890748433 -0.07476802202746258 -0.94154452553159
vn 0.20006109718832232 -0.10931029846374246 -0.973666686315996
vn 0.06803684964705603 -0.10311699946507609 -0.9923395948521974
vn -0.06050869831169156 -0.07039962803571549 -0.9956819722185681
vn -0.19257829971098694 -0.06020464990964728 -0.9794329985301099
vn -0.32273429684038923 -0.03404559966668895 -0.9458770907397404
vn -0.4418275910630695 -0.025741859479314327 -0.8967305818616604
vn -0.552575290426022 -0.09358110837860363 -0.8281926856506459
vn -0.6527815898542859 -0.14586419773293768 -0.7433705884463264
vn -0.6562703291233287 -0.1251903055555739 -0.7440676330195124
vn 0.6527815898542859 -0.14586419773293768 -0.7433705884463264
vn 0.6562703291233287 -0.1251903055555739 -0.7440676330195124
vn 0.552575290426022 -0.09358110837860363 -0.8281926856506459
vn 0.4418275910630695 -0.025741859479314327 -0.8967305818616604
vn 0.32273429684038923 -0.03404559966668895 -0.9458770907397404
vn 0.19257829971098694 -0.06020464990964728 -0.9794329985301099
vn 0.06050869831169156 -0.07039962803571549 -0.9956819722185681
vn -0.7390811440100624 -0.17106121018618117 -0.651534438796919
vn 0.7390811440100624 -0.17106121018618117 -0.651534438796919
vn -0.7831258050619215 -0.29433720190251905 -0.5477952035408059
vn 0.7831258050619215 -0.29433720190251905 -0.5477952035408059
vn -0.8254425192873437 -0.3636101084961374 -0.4317781100889555
vn 0.8254425192873437 -0.3636101084961374 -0.4317781100889555
vn -0.8434216706561419 -0.4366759848074117 -0.31297598911111335
vn 0.8434216706561419 -0.4366759848074117 -0.31297598911111335
vn -0.6342357198542611 -0.510896315993216 0.580284418165357
vn 0.062378818693068876 -0.1438208969867337 0.9876357793075282
vn -0.5492685011933545 0.45533650098927525 0.7006945015223465
vn 0.6342357198542611 -0.510896315993216 0.580284418165357
vn -0.7780438967247271 0.5850489975371632 -0.2288347990366912
vn -0.7901985329263487 0.46852491952270764 -0.39505781646144705
vn -0.7511434812690282 0.38430709041668426 -0.5367415866154845
vn -0.7044482981984652 0.29741119923940973 -0.6444370983519359
vn -0.64365816249544 0.18657038912894972 -0.7422234567522549
vn -0.5575222980027015 0.08264050970394428 -0.8260383970407545
vn -0.5527617102845215 0.10544490196187695 -0.8266413153802448
vn -0.451155100493509 0.0313913200343385 -0.8918933009756231
vn -0.3328766911991152 -0.027058089284614385 -0.9425820750791915
vn -0.20067680043029112 -0.06877797014747347 -0.9772402020953982
vn -0.06967720316290116 -0.09451423429034393 -0.9930821450796031
vn -0.062378818693068876 -0.1438208969867337 0.9876357793075282
vn 0.5492685011933545 0.45533650098927525 0.7006945015223465
vn 0.7780438967247271 0.5850489975371632 -0.2288347990366912
vn 0.7901985329263487 0.46852491952270764 -0.39505781646144705
vn 0.7511434812690282 0.38430709041668426 -0.5367415866154845
vn 0.7044482981984652 0.29741119923940973 -0.6444370983519359
vn 0.64365816249544 0.18657038912894972 -0.7422234567522549
vn 0.5575222980027015 0.08264050970394428 -0.8260383970407545
vn 0.5527617102845215 0.10544490196187695 -0.8266413153802448
vn 0.451155100493509 0.0313913200343385 -0.8918933009756231
vn 0.3328766911991152 -0.027058089284614385 -0.9425820750791915
vn 0.20067680043029112 -0.06877797014747347 -0.9772402020953982
vn 0.06967720316290116 -0.09451423429034393 -0.9930821450796031
vn -0.061969229306395306 -0.07805031912640384 -0.9950215888629945
vn -0.19471161002146198 -0.04405339226734992 -0.9798707504322133
vn -0.3189689055296637 -0.027195680471465707 -0.9473749164237474
vn -0.43834638889765043 -0.08107247794661232 -0.8951422773280155
vn -0.549643791184791 -0.12854579793837717 -0.8254499867614002
vn -0.5536088731293705 -0.10560649487415531 -0.8260535599056659
vn -0.6493124652178547 -0.14528589221737548 -0.7465154600109184
vn 0.6493124652178547 -0.14528589221737548 -0.7465154600109184
vn 0.549643791184791 -0.12854579793837717 -0.8254499867614002
vn 0.5536088731293705 -0.10560649487415531 -0.8260535599056659
vn 0.43834638889765043 -0.08107247794661232 -0.8951422773280155
vn 0.3189689055296637 -0.027195680471465707 -0.9473749164237474
vn 0.19471161002146198 -0.04405339226734992 -0.9798707504322133
vn 0.061969229306395306 -0.07805031912640384 -0.9950215888629945
vn -0.709490805418353 -0.2621300020018762 -0.6541488049957084
vn 0.709490805418353 -0.2621300020018762 -0.6541488049957084
vn -0.7689431559493931 -0.3303826810732983 -0.547333268644805
vn 0.7689431559493931 -0.3303826810732983 -0.547333268644805
vn -0.8038722467571021 -0.40429082351551165 -0.43627782537603077
vn 0.8038722467571021 -0.40429082351551165 -0.43627782537603077
vn -0.7789814698840394 -0.5382106791924041 -0.32174078756127944
vn 0.7789814698840394 -0.5382106791924041 -0.32174078756127944
vn -0.6046453968626734 -0.5499348971465501 0.5761731970104071
vn -0.026528028772698536 -0.13711929365626804 0.9901992541890954
vn 0.04367525162329093 -0.160258605956379 0.9861083366509789
vn -0.5197095763222765 0.47123127853092484 0.7126310675328644
vn 0.6046453968626734 -0.5499348971465501 0.5761731970104071
vn 0.026528028772698536 -0.13711929365626804 0.9901992541890954
vn -0.7013777695519819 0.6777169705791379 -0.22083689041308974
vn -0.7298250007921921 0.5636528006118199 -0.38684750041990545
vn -0.7225320178864176 0.44303311096736914 -0.530725113138201
vn -0.6775820104832609 0.355834605505322 -0.6436337099580272
vn -0.6178883198319076 0.26588130853379727 -0.7399467237495265
vn -0.5421807108976453 0.1628722032736753 -0.8243256165686605
vn -0.44531320441888944 0.059301530588455484 -0.8934089088653899
vn -0.44026210869669113 0.08398448165898262 -0.8939328176582483
vn -0.33025401130842585 0.014628480500902792 -0.9437787323164941
vn -0.20515929609840816 -0.028084159465912712 -0.978325581394813
vn -0.06932435967208095 -0.06157421970874054 -0.9956920952901632
vn -0.04367525162329093 -0.160258605956379 0.9861083366509789
vn 0.5197095763222765 0.47123127853092484 0.7126310675328644
vn 0.7013777695519819 0.6777169705791379 -0.22083689041308974
vn 0.7298250007921921 0.5636528006118199 -0.38684750041990545
vn 0.7225320178864176 0.44303311096736914 -0.530725113138201
vn 0.6775820104832609 0.355834605505322 -0.6436337099580272
vn 0.6178883198319076 0.26588130853379727 -0.7399467237495265
vn 0.5421807108976453 0.1628722032736753 -0.8243256165686605
vn 0.44531320441888944 0.059301530588455484 -0.8934089088653899
vn 0.44026210869669113 0.08398448165898262 -0.8939328176582483
vn 0.33025401130842585 0.014628480500902792 -0.9437787323164941
vn 0.20515929609840816 -0.028084159465912712 -0.978325581394813
vn 0.06932435967208095 -0.06157421970874054 -0.9956920952901632
vn -0.0632519126573917 -0.053283912238607595 -0.9965741418688977
vn -0.19056140963916574 -0.02816871142485741 -0.981271049635623
vn -0.3164556908394194 -0.06714053805645341 -0.9462282726091183
vn -0.43679138901857983 -0.10895549726073771 -0.8929400775504956
vn -0.4411782055215742 -0.08415925105329651 -0.8934646111821732
vn -0.5481052242529989 -0.11695560517514511 -0.8281920366465045
vn -0.6233160728868329 -0.22529339020012845 -0.7488123674279619
vn 0.6233160728868329 -0.22529339020012845 -0.7488123674279619
vn 0.5481052242529989 -0.11695560517514511 -0.8281920366465045
vn 0.43679138901857983 -0.10895549726073771 -0.8929400775504956
vn 0.4411782055215742 -0.08415925105329651 -0.8934646111821732
vn 0.3164556908394194 -0.06714053805645341 -0.9462282726091183
vn 0.19056140963916574 -0.02816871142485741 -0.981271049635623
vn 0.0632519126573917 -0.053283912238607595 -0.9965741418688977
vn -0.6988756760855301 -0.2913259900312645 -0.6532242776476521
vn 0.6988756760855301 -0.2913259900312645 -0.6532242776476521
vn -0.7500325006459768 -0.3647251003141249 -0.5517489004752022
vn 0.7500325006459768 -0.3647251003141249 -0.5517489004752022
vn -0.7424533715056759 -0.5010640807698598 -0.44463218293563744
vn 0.7424533715056759 -0.5010640807698598 -0.44463218293563744
vn -0.7421916354302033 -0.5859131279698937 -0.3253573155316705
vn 0.7421916354302033 -0.5859131279698937 -0.3253573155316705
vn 0.02814834108501941 -0.17619500679169714 0.9839527379279125
vn -0.4991906035083964 0.50135670352362 0.7067179049669337
vn -0.6554015006378795 0.7230941007037623 -0.2181371002123051
vn -0.6579102962244535 0.6505776962665333 -0.37934509782305403
vn -0.6673282885317934 0.5300148908915592 -0.5232180910083637
vn -0.6503252015065955 0.41258180095582014 -0.6378506014776957
vn -0.5920649008506168 0.3210834004612992 -0.7391648010619544
vn -0.5204737127856087 0.22967910564214328 -0.8224078202027197
vn -0.43118248550891203 0.1363125954188359 -0.8919083700249358
vn -0.32523361076317014 0.034914441155446806 -0.9449889312731412
vn -0.3199924947187545 0.06104182899254881 -0.9454515843960029
vn -0.2035429013631938 -0.002391795016018421 -0.9790631065571078
vn -0.07381503995084089 -0.02861624998094202 -0.9968612993361134
vn -0.02814834108501941 -0.17619500679169714 0.9839527379279125
vn 0.4991906035083964 0.50135670352362 0.7067179049669337
vn 0.6554015006378795 0.7230941007037623 -0.2181371002123051
vn 0.6579102962244535 0.6505776962665333 -0.37934509782305403
vn 0.6673282885317934 0.5300148908915592 -0.5232180910083637
vn 0.6503252015065955 0.41258180095582014 -0.6378506014776957
vn 0.5920649008506168 0.3210834004612992 -0.7391648010619544
vn 0.5204737127856087 0.22967910564214328 -0.8224078202027197
vn 0.43118248550891203 0.1363125954188359 -0.8919083700249358
vn 0.32523361076317014 0.034914441155446806 -0.9449889312731412
vn 0.3199924947187545 0.06104182899254881 -0.9454515843960029
vn 0.2035429013631938 -0.002391795016018421 -0.9790631065571078
vn 0.07381503995084089 -0.02861624998094202 -0.9968612993361134
vn -0.05886445153706371 -0.028644770747969676 -0.9978549260559058
vn -0.18905999859323266 -0.052032949612830344 -0.9805859927036054
vn -0.31621900813673254 -0.08743940224993105 -0.9446480243070409
vn -0.32096159236334076 -0.06122668854322936 -0.9451110775129129
vn -0.43727687939335597 -0.08657749592004103 -0.8951498578161221
vn -0.5261608049596707 -0.1844925017390538 -0.8301309078249385
vn -0.6164765468845381 -0.24712911879476931 -0.7475853568556815
vn 0.6164765468845381 -0.24712911879476931 -0.7475853568556815
vn 0.5261608049596707 -0.1844925017390538 -0.8301309078249385
vn 0.43727687939335597 -0.08657749592004103 -0.8951498578161221
vn 0.31621900813673254 -0.08743940224993105 -0.9446480243070409
vn 0.32096159236334076 -0.06122668854322936 -0.9451110775129129
vn 0.18905999859323266 -0.052032949612830344 -0.9805859927036054
vn 0.05886445153706371 -0.028644770747969676 -0.9978549260559058
vn -0.6828911082855896 -0.31869970386681684 -0.6573357079755234
vn 0.6828911082855896 -0.31869970386681684 -0.6573357079755234
vn -0.6927267044981309 -0.45501660295459107 -0.559544103633327
vn 0.6927267044981309 -0.45501660295459107 -0.559544103633327
vn -0.7075064715728044 -0.5466422780362334 -0.4479026820035327
vn 0.7075064715728044 -0.5466422780362334 -0.4479026820035327
vn -0.5324907968607964 -0.6460589961912756 0.5468649967760557
vn -0.4845985106892886 -0.667508514723923 0.5653288124700399
vn 0.02369216000698071 -0.1794350000528694 0.9834845002897761
vn -0.4201572675005719 0.5588118567755525 0.7149805446958066
vn 0.5324907968607964 -0.6460589961912756 0.5468649967760557
vn 0.4845985106892886 -0.667508514723923 0.5653288124700399
vn -0.6079990085314391 0.7654549107408597 -0.21075100295725688
vn -0.6120246124832427 0.6952219141801877 -0.37695140768854013
vn -0.6015715984986096 0.6094961984788317 -0.5163583987112829
vn -0.6006383107371367 0.4908710087749135 -0.6310937112815637
vn -0.5666862030253988 0.37487340200135744 -0.7337143039171208
vn -0.49610049289319924 0.2806663959793628 -0.8216511882295797
vn -0.4139194883836104 0.189442494683416 -0.8903831750119574
vn -0.3126101960691003 0.10735779865003547 -0.9437950881323005
vn -0.19940560516253383 0.009910257256572937 -0.9798669253683749
vn -0.19407489561872504 0.03702176916422726 -0.9802878778698285
vn -0.07323348685397149 -0.01937229916778752 -0.9971266571645565
vn -0.02369216000698071 -0.1794350000528694 0.9834845002897761
vn 0.4201572675005719 0.5588118567755525 0.7149805446958066
vn 0.6079990085314391 0.7654549107408597 -0.21075100295725688
vn 0.6120246124832427 0.6952219141801877 -0.37695140768854013
vn 0.6015715984986096 0.6094961984788317 -0.5163583987112829
vn 0.6006383107371367 0.4908710087749135 -0.6310937112815637
vn 0.5666862030253988 0.37487340200135744 -0.7337143039171208
vn 0.49610049289319924 0.2806663959793628 -0.8216511882295797
vn 0.4139194883836104 0.189442494683416 -0.8903831750119574
vn 0.3126101960691003 0.10735779865003547 -0.9437950881323005
vn 0.19940560516253383 0.009910257256572937 -0.9798669253683749
vn 0.19407489561872504 0.03702176916422726 -0.9802878778698285
vn 0.07323348685397149 -0.01937229916778752 -0.9971266571645565
vn -0.0584006308301778 -0.03601644051198139 -0.9976433141817189
vn -0.19005760725006857 -0.06437789245580326 -0.9796599373707836
vn -0.19507980657902546 -0.03721346125501594 -0.9800811330530302
vn -0.3188028068744817 -0.05469175117934148 -0.9462418204042183
vn -0.4197696010867227 -0.14045820036362575 -0.8966967023214178
vn -0.5231994017667058 -0.19857160067052348 -0.8287531027984797
vn -0.6036733005903352 -0.2670489002611483 -0.7511747007345776
vn 0.6036733005903352 -0.2670489002611483 -0.7511747007345776
vn 0.5231994017667058 -0.19857160067052348 -0.8287531027984797
vn 0.4197696010867227 -0.14045820036362575 -0.8966967023214178
vn 0.3188028068744817 -0.05469175117934148 -0.9462418204042183
vn 0.19005760725006857 -0.06437789245580326 -0.9796599373707836
vn 0.19507980657902546 -0.03721346125501594 -0.9800811330530302
vn 0.0584006308301778 -0.03601644051198139 -0.9976433141817189
vn -0.6307147165276934 -0.4009081105056788 -0.6644333174112795
vn 0.6307147165276934 -0.4009081105056788 -0.6644333174112795
vn -0.6602614895846624 -0.49766919214948496 -0.5624767911271735
vn 0.6602614895846624 -0.49766919214948496 -0.5624767911271735
vn -0.6235298973471266 -0.7049371970007706 -0.33804439856175483
vn -0.6692716047089917 -0.6647383046770954 -0.3319616023356804
vn -0.4078413139746951 -0.7232316247815538 0.5573163190964605
vn 0.018847750088578374 -0.18210030085581314 0.983099304620251
vn -0.33424188779405134 0.606072577867254 0.7217744736420166
vn 0.4078413139746951 -0.7232316247815538 0.5573163190964605
vn -0.5117183229730701 0.8353954375042228 -0.20064600900779692
vn 0.6692716047089917 -0.6647383046770954 -0.3319616023356804
vn 0.6235298973471266 -0.7049371970007706 -0.33804439856175483
vn -0.5657101762993888 0.7372504691126527 -0.3693693845251497
vn -0.5571642840393523 0.6525586813066641 -0.5135514852886938
vn -0.5414531878137596 0.5624092873421104 -0.6249193859352239
vn -0.5233898063463841 0.4430938053727519 -0.7278262088252858
vn -0.4730930153303879 0.3305759107121789 -0.8166410264629221
vn -0.3913816947205056 0.23529649682599751 -0.8896380879993383
vn -0.3000944072170995 0.14587730350826625 -0.9426893226711411
vn -0.18853699901098267 0.07651405959862684 -0.9790808948639896
vn -0.07005332869472802 -0.015269079715497926 -0.9974263814154056
vn -0.0647315507579957 0.012348200144595594 -0.9978263116843804
vn -0.018847750088578374 -0.18210030085581314 0.983099304620251
vn 0.33424188779405134 0.606072577867254 0.7217744736420166
vn 0.5117183229730701 0.8353954375042228 -0.20064600900779692
vn 0.5657101762993888 0.7372504691126527 -0.3693693845251497
vn 0.5571642840393523 0.6525586813066641 -0.5135514852886938
vn 0.5414531878137596 0.5624092873421104 -0.6249193859352239
vn 0.5233898063463841 0.4430938053727519 -0.7278262088252858
vn 0.4730930153303879 0.3305759107121789 -0.8166410264629221
vn 0.3913816947205056 0.23529649682599751 -0.8896380879993383
vn 0.3000944072170995 0.14587730350826625 -0.9426893226711411
vn 0.18853699901098267 0.07651405959862684 -0.9790808948639896
vn 0.07005332869472802 -0.015269079715497926 -0.9974263814154056
vn 0.0647315507579957 0.012348200144595594 -0.9978263116843804
vn -0.060537128624664885 -0.04017854908718857 -0.9973569773411771
vn -0.0657544893627563 -0.012543339878439037 -0.9977569903304798
vn -0.19478030628337378 -0.021861710705231754 -0.9806032316330575
vn -0.3060387910858975 -0.09397420726277908 -0.9473695724056239
vn -0.42068939835829966 -0.14650989942825887 -0.8952961965061917
vn -0.5138142068377419 -0.21070350280400202 -0.8316243110670986
vn -0.5575490065043751 -0.3397204039631832 -0.7574491088364128
vn 0.5575490065043751 -0.3397204039631832 -0.7574491088364128
vn 0.5138142068377419 -0.21070350280400202 -0.8316243110670986
vn 0.42068939835829966 -0.14650989942825887 -0.8952961965061917
vn 0.3060387910858975 -0.09397420726277908 -0.9473695724056239
vn 0.19478030628337378 -0.021861710705231754 -0.9806032316330575
vn 0.060537128624664885 -0.04017854908718857 -0.9973569773411771
vn 0.0657544893627563 -0.012543339878439037 -0.9977569903304798
vn -0.6013036124126626 -0.43986980908019724 -0.6670446137697489
vn 0.6013036124126626 -0.43986980908019724 -0.6670446137697489
vn -0.5980052176577997 -0.6564895193847143 -0.4597948135767458
vn -0.6420494689709377 -0.6181985701236075 -0.4534346780863415
vn -0.52478940291155 -0.7766631043089541 -0.34841140193299885
vn -0.3244200877501751 -0.7690567709610745 0.5507297792049146
vn 0.0059916020185481235 -0.1861287005761964 0.9825071030415342
vn -0.29261211148782584 0.6110418239892396 0.7355311288766365
vn 0.3244200877501751 -0.7690567709610745 0.5507297792049146
vn -0.40706571341889497 0.8929192294350248 -0.1923350063403109
vn 0.52478940291155 -0.7766631043089541 -0.34841140193299885
vn -0.476126299335592 0.8023263988803978 -0.359966799497686
vn 0.5980052176577997 -0.6564895193847143 -0.4597948135767458
vn 0.6420494689709377 -0.6181985701236075 -0.4534346780863415
vn -0.5127197033492416 0.6930423045271639 -0.5067651033103441
vn -0.4989719034361451 0.6031343041534544 -0.622299004285431
vn -0.4718165022699989 0.5054316024317276 -0.7224459034758244
vn -0.43694757243639987 0.38752927555381333 -0.8117252487946114
vn -0.3711921187172628 0.2804698141426152 -0.8851853446352329
vn -0.2797555962263474 0.1857741974940726 -0.9419260872942602
vn -0.1809886987570903 0.0997454193150152 -0.9784139932809051
vn -0.06112834859844389 0.04431954898383774 -0.9971454771373616
vn -0.0059916020185481235 -0.1861287005761964 0.9825071030415342
vn 0.29261211148782584 0.6110418239892396 0.7355311288766365
vn 0.40706571341889497 0.8929192294350248 -0.1923350063403109
vn 0.476126299335592 0.8023263988803978 -0.359966799497686
vn 0.5127197033492416 0.6930423045271639 -0.5067651033103441
vn 0.4989719034361451 0.6031343041534544 -0.622299004285431
vn 0.4718165022699989 0.5054316024317276 -0.7224459034758244
vn 0.43694757243639987 0.38752927555381333 -0.8117252487946114
vn 0.3711921187172628 0.2804698141426152 -0.8851853446352329
vn 0.2797555962263474 0.1857741974940726 -0.9419260872942602
vn 0.1809886987570903 0.0997454193150152 -0.9784139932809051
vn 0.06112834859844389 0.04431954898383774 -0.9971454771373616
vn -0.06739256265388656 0.011335710446395022 -0.997662139287453
vn -0.18698180727318225 -0.0458622617839412 -0.981292238170116
vn -0.31075490651109067 -0.09186252192474884 -0.9460405198219093
vn -0.4149296118920136 -0.150672004318307 -0.8972911257166468
vn -0.4745551018660788 -0.27255710107176795 -0.8369648032911717
vn -0.5316881071805384 -0.3742774050546798 -0.7597527102605897
vn 0.5316881071805384 -0.3742774050546798 -0.7597527102605897
vn 0.4745551018660788 -0.27255710107176795 -0.8369648032911717
vn 0.4149296118920136 -0.150672004318307 -0.8972911257166468
vn 0.31075490651109067 -0.09186252192474884 -0.9460405198219093
vn 0.18698180727318225 -0.0458622617839412 -0.981292238170116
vn 0.06739256265388656 0.011335710446395022 -0.997662139287453
vn -0.5618428760768377 -0.596373574606527 -0.5732984755890606
vn -0.6034912828032354 -0.5607459840212825 -0.5668881838462578
vn -0.5033061161807357 -0.7252780233168873 -0.4697390151015908
vn -0.41746331427262423 -0.835655128570155 -0.3569382122033359
vn -0.2812158204610417 -0.801989558352129 0.5270013383442023
vn -0.002903231940815678 -0.19095149610732645 0.9815951799895267
vn -0.2549289091994285 0.6364830229682858 0.7279427262687239
vn 0.2812158204610417 -0.801989558352129 0.5270013383442023
vn -0.3501098860060486 0.917295163335557 -0.18971729241696753
vn 0.41746331427262423 -0.835655128570155 -0.3569382122033359
vn -0.3787528047020779 0.8558492106250558 -0.3522335043728503
vn 0.5033061161807357 -0.7252780233168873 -0.4697390151015908
vn -0.43152698375009657 0.752022271681286 -0.4982438812377549
vn 0.5618428760768377 -0.596373574606527 -0.5732984755890606
vn 0.6034912828032354 -0.5607459840212825 -0.5668881838462578
vn -0.45719410950670697 0.6416740133427066 -0.6158149128050029
vn -0.4319728054876228 0.5430639068988832 -0.720056309147329
vn -0.39389231257407875 0.43957161403228245 -0.8072333257690112
vn -0.34283250968373463 0.32515600918443993 -0.881328224894222
vn -0.26276958582556115 0.2254338878395409 -0.9381533493936971
vn -0.163191903994117 0.132973103254513 -0.9775922239265407
vn -0.058681122649182016 0.05185177234086857 -0.996929245006757
vn 0.002903231940815678 -0.19095149610732645 0.9815951799895267
vn 0.2549289091994285 0.6364830229682858 0.7279427262687239
vn 0.3501098860060486 0.917295163335557 -0.18971729241696753
vn 0.3787528047020779 0.8558492106250558 -0.3522335043728503
vn 0.43152698375009657 0.752022271681286 -0.4982438812377549
vn 0.45719410950670697 0.6416740133427066 -0.6158149128050029
vn 0.4319728054876228 0.5430639068988832 -0.720056309147329
vn 0.39389231257407875 0.43957161403228245 -0.8072333257690112
vn 0.34283250968373463 0.32515600918443993 -0.881328224894222
vn 0.26276958582556115 0.2254338878395409 -0.9381533493936971
vn 0.163191903994117 0.132973103254513 -0.9775922239265407
vn 0.058681122649182016 0.05185177234086857 -0.996929245006757
vn -0.0646942318520998 0.003031740086794439 -0.9979005285684104
vn -0.19533580227561972 -0.03559362041465774 -0.9800903114178394
vn -0.30878420369550347 -0.08802178105343707 -0.9470504113342197
vn -0.38322538744600404 -0.20062139342788785 -0.9016037704645609
vn -0.45265979543794743 -0.3020629969557108 -0.8389618915446695
vn 0.45265979543794743 -0.3020629969557108 -0.8389618915446695
vn 0.38322538744600404 -0.20062139342788785 -0.9016037704645609
vn 0.30878420369550347 -0.08802178105343707 -0.9470504113342197
vn 0.19533580227561972 -0.03559362041465774 -0.9800903114178394
vn 0.0646942318520998 0.003031740086794439 -0.9979005285684104
vn -0.5542810182352915 -0.4933976162322882 -0.670321822052918
vn -0.51570827109497 -0.5256856705357447 -0.6765349620807646
vn -0.47286952629970336 -0.661000736763044 -0.5826426324049819
vn -0.4003731947721891 -0.781853889791064 -0.4779181937596575
vn -0.36481509347485525 -0.8588312846387977 -0.35960919356796905
vn -0.22615140316837098 -0.8071737113084675 0.5452762076392949
vn -0.0017620660713911758 -0.1906616077247709 0.981654239772317
vn -0.15478021078367 0.662224046137717 0.7331455510788792
vn 0.22615140316837098 -0.8071737113084675 0.5452762076392949
vn -0.29260850105482294 0.9382690033823613 -0.18447640066501786
vn 0.36481509347485525 -0.8588312846387977 -0.35960919356796905
vn -0.32387259803484797 0.8789402946668805 -0.3501006978757043
vn 0.4003731947721891 -0.781853889791064 -0.4779181937596575
vn -0.34327429621925587 0.8005312911831326 -0.491235594589644
vn 0.47286952629970336 -0.661000736763044 -0.5826426324049819
vn -0.3847943021476967 0.6942668038749913 -0.608216203394707
vn 0.5542810182352915 -0.4933976162322882 -0.670321822052918
vn 0.51570827109497 -0.5256856705357447 -0.6765349620807646
vn -0.3936339029594145 0.5790220043531976 -0.7139929053679342
vn -0.35734959926581455 0.4734082990273687 -0.805099898345898
vn -0.309051396518295 0.36598919587684653 -0.8778035901108578
vn -0.24268030464919774 0.2570591049246628 -0.9354287179206676
vn -0.1497202947212922 0.16643009413215284 -0.9746203656376836
vn -0.04374759087865423 0.07782520156309068 -0.9960067200044276
vn 0.0017620660713911758 -0.1906616077247709 0.981654239772317
vn 0.15478021078367 0.662224046137717 0.7331455510788792
vn 0.29260850105482294 0.9382690033823613 -0.18447640066501786
vn 0.32387259803484797 0.8789402946668805 -0.3501006978757043
vn 0.34327429621925587 0.8005312911831326 -0.491235594589644
vn 0.3847943021476967 0.6942668038749913 -0.608216203394707
vn 0.3936339029594145 0.5790220043531976 -0.7139929053679342
vn 0.35734959926581455 0.4734082990273687 -0.805099898345898
vn 0.309051396518295 0.36598919587684653 -0.8778035901108578
vn 0.24268030464919774 0.2570591049246628 -0.9354287179206676
vn 0.1497202947212922 0.16643009413215284 -0.9746203656376836
vn 0.04374759087865423 0.07782520156309068 -0.9960067200044276
vn -0.0764689833874042 0.021303710943706762 -0.9968443441579653
vn -0.19725959967824455 -0.023859709961081565 -0.9800608984013962
vn -0.2851898026125468 -0.12519290114685816 -0.9502597087050727
vn -0.3656296045702824 -0.224514402806376 -0.9032764112907385
vn 0.3656296045702824 -0.224514402806376 -0.9032764112907385
vn 0.2851898026125468 -0.12519290114685816 -0.9502597087050727
vn 0.19725959967824455 -0.023859709961081565 -0.9800608984013962
vn 0.0764689833874042 0.021303710943706762 -0.9968443441579653
vn -0.49528952136220894 -0.41734441800037797 -0.7619133328618943
vn -0.4604451208483523 -0.4457094201811389 -0.7676805347595698
vn -0.43403972520160367 -0.5850044339670518 -0.6851126397796244
vn -0.37616069081698855 -0.71415388256574 -0.5903281855886312
vn -0.35135448477572273 -0.8038999651668143 -0.47989047920622624
vn -0.30946579470042157 -0.8784549849565243 -0.3640710937653101
vn -0.1372958988202946 -0.8299496928687156 0.5406785953542569
vn -0.000590737981511309 -0.19051519403732867 0.981684069275628
vn -0.051900197738210974 0.6752346705735538 0.7357747679352418
vn 0.1372958988202946 -0.8299496928687156 0.5406785953542569
vn -0.17765130446023183 0.967775324297611 -0.17846830448074374
vn 0.30946579470042157 -0.8784549849565243 -0.3640710937653101
vn -0.2693329999846292 0.89924829994868 -0.3446914999803283
vn 0.35135448477572273 -0.8038999651668143 -0.47989047920622624
vn -0.29179279304998307 0.8220768804195019 -0.48892388835464945
vn 0.37616069081698855 -0.71415388256574 -0.5903281855886312
vn -0.30609918572553013 0.7375225656067572 -0.6019665719282046
vn 0.43403972520160367 -0.5850044339670518 -0.6851126397796244
vn -0.3312996117507966 0.6243035221432911 -0.7074501250924002
vn 0.49528952136220894 -0.41734441800037797 -0.7619133328618943
vn 0.4604451208483523 -0.4457094201811389 -0.7676805347595698
vn -0.32316070336181985 0.5061942052659058 -0.7995840083180203
vn -0.27641959393538457 0.395396891325036 -0.8759300807821906
vn -0.21876679120694903 0.2859657885059716 -0.9329333625019384
vn -0.13826850154525766 0.18445060206137864 -0.9730672108747803
vn -0.03401721095862774 0.10448780294453634 -0.9939442280100127
vn 0.000590737981511309 -0.19051519403732867 0.981684069275628
vn 0.051900197738210974 0.6752346705735538 0.7357747679352418
vn 0.17765130446023183 0.967775324297611 -0.17846830448074374
vn 0.2693329999846292 0.89924829994868 -0.3446914999803283
vn 0.29179279304998307 0.8220768804195019 -0.48892388835464945
vn 0.30609918572553013 0.7375225656067572 -0.6019665719282046
vn 0.3312996117507966 0.6243035221432911 -0.7074501250924002
vn 0.32316070336181985 0.5061942052659058 -0.7995840083180203
vn 0.27641959393538457 0.395396891325036 -0.8759300807821906
vn 0.21876679120694903 0.2859657885059716 -0.9329333625019384
vn 0.13826850154525766 0.18445060206137864 -0.9730672108747803
vn 0.03401721095862774 0.10448780294453634 -0.9939442280100127
vn -0.08232060262967754 0.040686661299708875 -0.995775031809379
vn -0.1821860970722956 -0.04760504923499349 -0.9821109842176177
vn -0.2721484021401043 -0.143012001124609 -0.9515686074828882
vn 0.2721484021401043 -0.143012001124609 -0.9515686074828882
vn 0.1821860970722956 -0.04760504923499349 -0.9821109842176177
vn 0.08232060262967754 0.040686661299708875 -0.995775031809379
vn -0.4275597947148884 -0.33393009587225486 -0.8400495896160588
vn -0.3970572096036546 -0.3578886086562803 -0.8451398204414647
vn -0.3875270984772491 -0.4986697980405242 -0.7753393969533776
vn -0.3452714192985598 -0.6337912354250521 -0.6921678386879473
vn -0.331687699885974 -0.7347698997474044 -0.591689499796592
vn -0.2990987935496594 -0.8219927822729695 -0.4846315895484742
vn -0.1878858076026481 -0.9096601368086659 -0.3704286149890963
vn -0.04603536056806578 -0.8414593103834148 0.5383558066431868
vn 0.04603536056806578 -0.8414593103834148 0.5383558066431868
vn -0.05956816016661615 0.9826878027486439 -0.17543180049069432
vn 0.1878858076026481 -0.9096601368086659 -0.3704286149890963
vn -0.16352009198915582 0.926407654615318 -0.3391607833845236
vn 0.2990987935496594 -0.8219927822729695 -0.4846315895484742
vn -0.241194093400223 0.8410447769865511 -0.48422008675031963
vn 0.331687699885974 -0.7347698997474044 -0.591689499796592
vn -0.2584253990092475 0.7571280970973188 -0.599977797699802
vn 0.3452714192985598 -0.6337912354250521 -0.6921678386879473
vn -0.2635449891806021 0.6615461728413307 -0.702068871177739
vn 0.3875270984772491 -0.4986697980405242 -0.7753393969533776
vn -0.27198670161491423 0.5433696032262436 -0.7942120047156138
vn 0.4275597947148884 -0.33393009587225486 -0.8400495896160588
vn 0.3970572096036546 -0.3578886086562803 -0.8451398204414647
vn -0.24701270074581907 0.4244720012816319 -0.8710960026301481
vn -0.19070170186635657 0.3105155030389487 -0.9312427091138721
vn -0.12980549333134028 0.19136789016861863 -0.9728971500181397
vn -0.13201419621813062 0.19313889446706442 -0.9722497721475285
vn -0.180208705630904 0.2315994072366874 -0.9559741298709129
vn -0.1569868966760176 0.25532579459382637 -0.9540250797998261
vn -0.031429439100058826 0.10859899689040897 -0.9935886715498786
vn 0.05956816016661615 0.9826878027486439 -0.17543180049069432
vn 0.16352009198915582 0.926407654615318 -0.3391607833845236
vn 0.241194093400223 0.8410447769865511 -0.48422008675031963
vn 0.2584253990092475 0.7571280970973188 -0.599977797699802
vn 0.2635449891806021 0.6615461728413307 -0.702068871177739
vn 0.27198670161491423 0.5433696032262436 -0.7942120047156138
vn 0.24701270074581907 0.4244720012816319 -0.8710960026301481
vn 0.19070170186635657 0.3105155030389487 -0.9312427091138721
vn 0.12980549333134028 0.19136789016861863 -0.9728971500181397
vn 0.13201419621813062 0.19313889446706442 -0.9722497721475285
vn 0.180208705630904 0.2315994072366874 -0.9559741298709129
vn 0.1569868966760176 0.25532579459382637 -0.9540250797998261
vn 0.031429439100058826 0.10859899689040897 -0.9935886715498786
vn -0.07602033300817335 0.03078764121828694 -0.9966308394373218
vn -0.1738793979910372 -0.05900422931827841 -0.9829976886426695
vn 0.1738793979910372 -0.05900422931827841 -0.9829976886426695
vn 0.07602033300817335 0.03078764121828694 -0.9966308394373218
vn -0.35228818939504764 -0.24462719263597282 -0.9033551728062454
vn -0.3266870947727533 -0.2637982957790226 -0.907571485478153
vn -0.3341764156780306 -0.4035563189330185 -0.851744339959953
vn -0.3082705945350082 -0.5422267903874548 -0.7816388861431803
vn -0.30616269901807197 -0.6526631979067721 -0.6930332977772968
vn -0.2834065023567957 -0.7509078062445154 -0.596505004960509
vn -0.1815914920406544 -0.8521511626493204 -0.49077787848869087
vn -0.06299987730610342 -0.9254311604282429 -0.3736417840229481
vn 0.06299987730610342 -0.9254311604282429 -0.3736417840229481
vn -0.05482983818585105 0.9401339688938888 -0.3363655888707077
vn 0.1815914920406544 -0.8521511626493204 -0.49077787848869087
vn -0.14643610082914027 0.8653663048998167 -0.47926780271367647
vn 0.2834065023567957 -0.7509078062445154 -0.596505004960509
vn -0.21230780079638356 0.7747890029062957 -0.5955060022337905
vn 0.30616269901807197 -0.6526631979067721 -0.6930332977772968
vn -0.22049429048182392 0.6788078706975958 -0.7004299697642248
vn 0.3082705945350082 -0.5422267903874548 -0.7816388861431803
vn -0.2163626923479646 0.5739453797014437 -0.789793572067604
vn 0.3341764156780306 -0.4035563189330185 -0.851744339959953
vn -0.20789790162901106 0.4528887035486685 -0.8669892067934066
vn 0.35228818939504764 -0.24462719263597282 -0.9033551728062454
vn 0.3266870947727533 -0.2637982957790226 -0.907571485478153
vn -0.16661010376798252 0.33539060758505007 -0.9272293209698198
vn -0.07311433098301638 0.21851400293790366 -0.97309091308313
vn -0.08314987852896788 0.24028039574911994 -0.9671356828900814
vn -0.02796545023631417 0.10891050092031776 -0.9936581083966283
vn -0.030007550884327897 0.11057900325878324 -0.9934142292760951
vn -0.07914892729334716 0.15054769485172645 -0.9854292663013129
vn -0.041793898720131874 0.1863779942924864 -0.9815887699404885
vn -0.09838569897528493 0.22323319767496289 -0.9697871898993902
vn 0.003956393801238352 0.13889899302198078 -0.990298650249292
vn -0.09805263154853262 0.22301850352210284 -0.9698703153170374
vn 0.0018662320690450936 0.14081240520964478 -0.9900345366283639
vn 0.05482983818585105 0.9401339688938888 -0.3363655888707077
vn 0.14643610082914027 0.8653663048998167 -0.47926780271367647
vn 0.21230780079638356 0.7747890029062957 -0.5955060022337905
vn 0.22049429048182392 0.6788078706975958 -0.7004299697642248
vn 0.2163626923479646 0.5739453797014437 -0.789793572067604
vn 0.20789790162901106 0.4528887035486685 -0.8669892067934066
vn 0.16661010376798252 0.33539060758505007 -0.9272293209698198
vn 0.07311433098301638 0.21851400293790366 -0.97309091308313
vn 0.08314987852896788 0.24028039574911994 -0.9671356828900814
vn 0.02796545023631417 0.10891050092031776 -0.9936581083966283
vn 0.030007550884327897 0.11057900325878324 -0.9934142292760951
vn 0.07914892729334716 0.15054769485172645 -0.9854292663013129
vn 0.041793898720131874 0.1863779942924864 -0.9815887699404885
vn -0.003956393801238352 0.13889899302198078 -0.990298650249292
vn 0.09838569897528493 0.22323319767496289 -0.9697871898993902
vn 0.09805263154853262 0.22301850352210284 -0.9698703153170374
vn -0.0018662320690450936 0.14081240520964478 -0.9900345366283639
vn -0.07254996225149471 0.026038230808063206 -0.9970248309413826
vn 0.07254996225149471 0.026038230808063206 -0.9970248309413826
vn -0.2708031142305592 -0.15101150793557394 -0.9507161499596264
vn -0.2505936104452005 -0.16511470688228308 -0.9539077397606212
vn -0.27494950531729667 -0.3013706058282587 -0.913005217656768
vn -0.2658303924770359 -0.4411150875165025 -0.857176575742019
vn -0.27523080071946987 -0.5590310014613403 -0.7821332020445433
vn -0.2626788163535259 -0.6664978414939806 -0.6976965434363103
vn -0.17206399401399267 -0.7794821728822637 -0.6023300790452835
vn -0.06088929008065383 -0.8673931011489471 -0.4938843006541983
vn 0.06088929008065383 -0.8673931011489471 -0.4938843006541983
vn -0.049101392374449555 0.8776583424418813 -0.4767650230554457
vn 0.17206399401399267 -0.7794821728822637 -0.6023300790452835
vn -0.12889839497623543 0.7961978689684993 -0.5911464769602969
vn 0.2626788163535259 -0.6664978414939806 -0.6976965434363103
vn -0.1796920998417982 0.6949131993881952 -0.6962803993869913
vn 0.27523080071946987 -0.5590310014613403 -0.7821332020445433
vn -0.17866970556015574 0.588500118313974 -0.7885079245381658
vn 0.2658303924770359 -0.4411150875165025 -0.857176575742019
vn -0.16538118911424668 0.4762609686514565 -0.8636113431552034
vn 0.27494950531729667 -0.3013706058282587 -0.913005217656768
vn -0.1401551046133532 0.3544458116669582 -0.9245132304313287
vn 0.2708031142305592 -0.15101150793557394 -0.9507161499596264
vn 0.2505936104452005 -0.16511470688228308 -0.9539077397606212
vn -0.15406690344738644 0.2587563057899068 -0.9535767213371423
vn -0.06994152873290428 0.24976009547522138 -0.9657784825034739
vn 0.0015179649478154619 0.14065669516451 -0.9900572659638509
vn 0.095045552134107 0.04249195095409399 -0.9945656223314968
vn 0.049559668830085266 0.09094264785319121 -0.9946221765207645
vn 0.08672151062083355 0.03899789027918354 -0.9954690071264968
vn 0.049101392374449555 0.8776583424418813 -0.4767650230554457
vn 0.12889839497623543 0.7961978689684993 -0.5911464769602969
vn 0.1796920998417982 0.6949131993881952 -0.6962803993869913
vn 0.17866970556015574 0.588500118313974 -0.7885079245381658
vn 0.16538118911424668 0.4762609686514565 -0.8636113431552034
vn 0.1401551046133532 0.3544458116669582 -0.9245132304313287
vn 0.15406690344738644 0.2587563057899068 -0.9535767213371423
vn 0.06994152873290428 0.24976009547522138 -0.9657784825034739
vn -0.0015179649478154619 0.14065669516451 -0.9900572659638509
vn -0.095045552134107 0.04249195095409399 -0.9945656223314968
vn -0.08672151062083355 0.03899789027918354 -0.9954690071264968
vn -0.049559668830085266 0.09094264785319121 -0.9946221765207645
vn -0.1845422035557463 -0.05473410105461263 -0.9812993189076068
vn -0.17012839512949698 -0.06358438817968076 -0.9833683718477412
vn -0.21090580318807747 -0.19393360293152342 -0.9580754144823831
vn -0.21871569638925104 -0.33227099451458114 -0.9174744848535332
vn -0.23943839486192386 -0.45552739022489924 -0.857417081600803
vn -0.23729600723779296 -0.5702984173947377 -0.7864161239865691
vn -0.15947929747792822 -0.692980289040922 -0.7030964888809406
vn -0.057694588651297896 -0.793923481440785 -0.6052741858507604
vn 0.057694588651297896 -0.793923481440785 -0.6052741858507604
vn -0.0432208420104537 0.807017937539116 -0.5889431273951832
vn 0.15947929747792822 -0.692980289040922 -0.7030964888809406
vn -0.10909649913613574 0.7130337943539491 -0.6925898945158308
vn 0.23729600723779296 -0.5702984173947377 -0.7864161239865691
vn -0.14392170068743196 0.6028277028793646 -0.784783603748464
vn 0.23943839486192386 -0.45552739022489924 -0.857417081600803
vn -0.13369040196955306 0.4878004071863709 -0.8626573127088356
vn 0.21871569638925104 -0.33227099451458114 -0.9174744848535332
vn -0.11149319706090056 0.3702039902409623 -0.922235475688725
vn 0.21090580318807747 -0.19393360293152342 -0.9580754144823831
vn 0.1845422035557463 -0.05473410105461263 -0.9812993189076068
vn 0.17012839512949698 -0.06358438817968076 -0.9833683718477412
vn -0.0556396394239275 0.2576264973326296 -0.9646412900124565
vn 0.0012050009759020652 0.14049129719041736 -0.9900811802000894
vn 0.07297607854143535 0.029037719419626597 -0.9969108800748547
vn 0.0432208420104537 0.807017937539116 -0.5889431273951832
vn 0.10909649913613574 0.7130337943539491 -0.6925898945158308
vn 0.14392170068743196 0.6028277028793646 -0.784783603748464
vn 0.13369040196955306 0.4878004071863709 -0.8626573127088356
vn 0.11149319706090056 0.3702039902409623 -0.922235475688725
vn 0.0556396394239275 0.2576264973326296 -0.9646412900124565
vn -0.0012050009759020652 0.14049129719041736 -0.9900811802000894
vn -0.07297607854143535 0.029037719419626597 -0.9969108800748547
vn -0.1431829022104003 -0.08314753128359807 -0.9861973152245194
vn -0.16776960797421633 -0.21763471034434212 -0.9615032457009763
vn -0.19941789403420837 -0.34398028970947525 -0.9175565725503505
vn -0.20772080030608697 -0.46405010068380087 -0.861109501268888
vn -0.14406829789796646 -0.5942196913300166 -0.7912946884545873
vn -0.05347476018288964 -0.7063644024158447 -0.7058256024140023
vn 0.05347476018288964 -0.7063644024158447 -0.7058256024140023
vn -0.036581128741010605 0.7221918751447824 -0.6907247762277654
vn 0.14406829789796646 -0.5942196913300166 -0.7912946884545873
vn -0.08737944777142553 0.6173420842549613 -0.7818270800598434
vn 0.20772080030608697 -0.46405010068380087 -0.861109501268888
vn -0.10562399527094765 0.5001497776070347 -0.8594729615192304
vn 0.19941789403420837 -0.34398028970947525 -0.9175565725503505
vn -0.0863507062753766 0.37848718367445666 -0.921569860249304
vn 0.16776960797421633 -0.21763471034434212 -0.9615032457009763
vn 0.1431829022104003 -0.08314753128359807 -0.9861973152245194
vn -0.03748661133174746 0.26249090932523905 -0.9642060342543348
vn 0.012039130381270736 0.14185990449260297 -0.9898135313466937
vn 0.058048630103802006 0.020840550037267095 -0.9980962017847861
vn 0.036581128741010605 0.7221918751447824 -0.6907247762277654
vn 0.08737944777142553 0.6173420842549613 -0.7818270800598434
vn 0.10562399527094765 0.5001497776070347 -0.8594729615192304
vn 0.0863507062753766 0.37848718367445666 -0.921569860249304
vn 0.03748661133174746 0.26249090932523905 -0.9642060342543348
vn -0.012039130381270736 0.14185990449260297 -0.9898135313466937
vn -0.058048630103802006 0.020840550037267095 -0.9980962017847861
vn -0.11389699859002542 -0.09923607877151834 -0.9885239877626828
vn -0.15587590065661555 -0.22635970095352306 -0.9614905040502068
vn -0.1744880999750334 -0.3496629999499683 -0.9204833998682929
vn -0.12611200333611403 -0.48498781282966397 -0.8653800228924001
vn -0.04830727064109949 -0.6063093080465026 -0.7937603105342184
vn 0.04830727064109949 -0.6063093080465026 -0.7937603105342184
vn -0.029299210712853404 0.6246777151984859 -0.7803328189855935
vn 0.12611200333611403 -0.48498781282966397 -0.8653800228924001
vn -0.06412803247761861 0.5108034197351459 -0.8573024331223082
vn 0.1744880999750334 -0.3496629999499683 -0.9204833998682929
vn -0.06546863752216206 0.3886753852895274 -0.9190458652162194
vn 0.15587590065661555 -0.22635970095352306 -0.9614905040502068
vn 0.11389699859002542 -0.09923607877151834 -0.9885239877626828
vn -0.024156339169148822 0.27034909070141167 -0.9624592668964569
vn 0.01759238961015747 0.1472322967373729 -0.9889454780852394
vn 0.061352072785219085 0.018724080850023132 -0.9979405453038166
vn 0.029299210712853404 0.6246777151984859 -0.7803328189855935
vn 0.06412803247761861 0.5108034197351459 -0.8573024331223082
vn 0.06546863752216206 0.3886753852895274 -0.9190458652162194
vn 0.024156339169148822 0.27034909070141167 -0.9624592668964569
vn -0.01759238961015747 0.1472322967373729 -0.9889454780852394
vn -0.061352072785219085 0.018724080850023132 -0.9979405453038166
vn -0.10958149756081505 -0.10474249766852659 -0.9884436779981385
vn -0.13819450106797193 -0.2291798017711093 -0.9635242074461489
vn -0.10593530202975271 -0.3672489070366009 -0.9240703177054694
vn -0.042286310775730626 -0.4955695090910848 -0.8675383159147496
vn 0.042286310775730626 -0.4955695090910848 -0.8675383159147496
vn -0.021502829926959413 0.5161878982466186 -0.8562053970916503
vn 0.10593530202975271 -0.3672489070366009 -0.9240703177054694
vn -0.03974879974935957 0.3952812975075105 -0.9176996942133434
vn 0.13819450106797193 -0.2291798017711093 -0.9635242074461489
vn 0.10958149756081505 -0.10474249766852659 -0.9884436779981385
vn -0.014667160316037813 0.27279060587790327 -0.9619616207276827
vn 0.01067947998962638 0.14546539985870094 -0.9893056990390279
vn 0.05904858845894794 0.021471199439644133 -0.9980241739535315
vn 0.021502829926959413 0.5161878982466186 -0.8562053970916503
vn 0.03974879974935957 0.3952812975075105 -0.9176996942133434
vn 0.014667160316037813 0.27279060587790327 -0.9619616207276827
vn -0.01067947998962638 0.14546539985870094 -0.9893056990390279
vn -0.05904858845894794 0.021471199439644133 -0.9980241739535315
vn -0.09948635852175311 -0.10473719844373176 -0.9895112852970598
vn -0.08390025083133393 -0.2431057024088367 -0.9663645095753183
vn -0.03552081830693642 -0.376136482071838 -0.9258831558687237
vn 0.03552081830693642 -0.376136482071838 -0.9258831558687237
vn -0.013328300369504609 0.3986200110510665 -0.9170193254228113
vn 0.08390025083133393 -0.2431057024088367 -0.9663645095753183
vn 0.09948635852175311 -0.10473719844373176 -0.9895112852970598
vn -0.004918234897485259 0.2740246942882823 -0.9617100799543002
vn 0.0035806880600685433 0.14457260242530662 -0.9894877165993476
vn 0.03584857122259553 0.015525110529475455 -0.999236634078408
vn 0.013328300369504609 0.3986200110510665 -0.9170193254228113
vn 0.004918234897485259 0.2740246942882823 -0.9617100799543002
vn -0.0035806880600685433 0.14457260242530662 -0.9894877165993476
vn -0.03584857122259553 0.015525110529475455 -0.999236634078408
vn -0.06039942680132119 -0.1147601939224421 -0.9915553474884573
vn -0.02813225022430374 -0.25014340199444035 -0.9678000077164522
vn 0.02813225022430374 -0.25014340199444035 -0.9678000077164522
vn 0.06039942680132119 -0.1147601939224421 -0.9915553474884573
vn 0.012020089624944117 0.012520269609337512 -0.9998493688022801
vn -0.012020089624944117 0.012520269609337512 -0.9998493688022801
vn -0.020252199899705437 -0.11982539940659086 -0.9925883950844244
vn 0.020252199899705437 -0.11982539940659086 -0.9925883950844244
usemtl material_0_0
f 1//1 2//2 3//3
f 2//2 1//1 4//4
f 2//2 4//4 5//5
f 5//5 4//4 6//6
f 1//1 13//7 14//8
f 13//7 1//1 3//3
f 4//4 1//1 17//9
f 19//10 17//9 20//11
f 17//9 19//10 4//4
f 4//4 19//10 6//6
f 21//12 20//11 17//9
f 25//13 19//10 26//14
f 19//10 25//13 6//6
f 6//6 25//13 27//15
f 6//6 27//15 28//16
f 28//16 27//15 29//17
f 29//17 27//15 30//18
f 30//18 27//15 31//19
f 32//20 33//21 34//22
f 33//21 32//20 2//2
f 33//21 2//2 5//5
f 33//21 5//5 6//6
f 33//21 6//6 28//16
f 3//3 32//20 45//23
f 32//20 3//3 2//2
f 14//8 47//24 48//25
f 47//24 14//8 13//7
f 20//11 51//26 52//27
f 51//26 20//11 23//28
f 55//29 56//30 57//29
f 56//30 55//29 58//31
f 45//23 13//7 3//3
f 13//7 45//23 63//32
f 26//14 20//11 65//33
f 20//11 26//14 19//10
f 34//22 67//34 68//35
f 67//34 34//22 33//21
f 45//23 34//22 71//36
f 34//22 45//23 32//20
f 73//37 26//14 74//38
f 26//14 73//37 25//13
f 77//39 27//15 25//13
f 27//15 77//39 78//40
f 78//40 31//19 27//15
f 31//19 78//40 81//41
f 81//41 30//18 31//19
f 30//18 81//41 83//42
f 30//18 83//42 84//43
f 30//18 84//43 29//17
f 87//44 29//17 84//43
f 29//17 87//44 28//16
f 89//45 28//16 87//44
f 28//16 89//45 33//21
f 48//25 91//46 92//47
f 91//46 48//25 47//24
f 52//27 95//48 96//49
f 95//48 52//27 51//26
f 58//31 99//50 56//30
f 99//50 58//31 100//51
f 63//32 47//24 13//7
f 47//24 63//32 103//52
f 65//33 52//27 105//53
f 52//27 65//33 20//11
f 71//36 63//32 45//23
f 63//32 71//36 107//54
f 74//38 65//33 109//55
f 65//33 74//38 26//14
f 68//35 111//56 112//57
f 111//56 68//35 67//34
f 71//36 68//35 115//58
f 68//35 71//36 34//22
f 117//59 33//21 89//45
f 33//21 117//59 67//34
f 119//60 74//38 120//61
f 74//38 119//60 73//37
f 123//62 25//13 73//37
f 25//13 123//62 77//39
f 125//63 78//40 77//39
f 78//40 125//63 126//64
f 126//64 81//41 78//40
f 81//41 126//64 129//65
f 129//65 83//42 81//41
f 83//42 129//65 131//66
f 83//42 131//66 132//67
f 83//42 132//67 84//43
f 135//68 84//43 132//67
f 84//43 135//68 87//44
f 137//69 87//44 135//68
f 87//44 137//69 89//45
f 139//70 92//47 91//46
f 92//47 139//70 140//71
f 96//49 143//72 144//73
f 143//72 96//49 95//48
f 99//50 147//74 148//75
f 147//74 99//50 100//51
f 103//52 91//46 47//24
f 91//46 103//52 151//76
f 105//53 96//49 153//77
f 96//49 105//53 52//27
f 107//54 103//52 63//32
f 103//52 107//54 155//78
f 109//55 105//53 157//79
f 105//53 109//55 65//33
f 115//58 107//54 71//36
f 107//54 115//58 159//80
f 120//61 109//55 161//81
f 109//55 120//61 74//38
f 112//57 163//82 164//83
f 163//82 112//57 111//56
f 115//58 112//57 167//84
f 112//57 115//58 68//35
f 169//85 67//34 117//59
f 67//34 169//85 111//56
f 171//86 89//45 137//69
f 89//45 171//86 117//59
f 173//87 120//61 174//88
f 120//61 173//87 119//60
f 177//89 73//37 119//60
f 73//37 177//89 123//62
f 179//90 77//39 123//62
f 77//39 179//90 125//63
f 181//91 126//64 125//63
f 126//64 181//91 182//92
f 182//92 129//65 126//64
f 129//65 182//92 185//93
f 185//93 131//66 129//65
f 131//66 185//93 187//94
f 131//66 187//94 188//95
f 131//66 188//95 132//67
f 191//96 132//67 188//95
f 132//67 191//96 135//68
f 193//97 135//68 191//96
f 135//68 193//97 137//69
f 195//98 140//71 139//70
f 140//71 195//98 196//99
f 196//99 195//98 197//100
f 197//100 195//98 198//101
f 143//72 203//102 144//73
f 203//102 143//72 204//103
f 204//103 143//72 205//104
f 147//74 207//105 148//75
f 207//105 147//74 205//104
f 209//106 91//46 151//76
f 91//46 209//106 139//70
f 153//77 144//73 211//107
f 144//73 153//77 96//49
f 155//78 151//76 103//52
f 151//76 155//78 213//108
f 157//79 153//77 215//109
f 153//77 157//79 105//53
f 159//80 155//78 107//54
f 155//78 159//80 217//110
f 161//81 157//79 219//111
f 157//79 161//81 109//55
f 167//84 159//80 115//58
f 159//80 167//84 221//112
f 174//88 161//81 223//113
f 161//81 174//88 120//61
f 164//83 225//114 226//115
f 225//114 164//83 163//82
f 167//84 164//83 229//116
f 164//83 167//84 112//57
f 231//117 111//56 169//85
f 111//56 231//117 163//82
f 233//118 117//59 171//86
f 117//59 233//118 169//85
f 235//119 137//69 193//97
f 137//69 235//119 171//86
f 237//120 174//88 238//121
f 174//88 237//120 173//87
f 241//122 119//60 173//87
f 119//60 241//122 177//89
f 243//123 123//62 177//89
f 123//62 243//123 179//90
f 245//124 125//63 179//90
f 125//63 245//124 181//91
f 247//125 182//92 181//91
f 182//92 247//125 248//126
f 248//126 185//93 182//92
f 185//93 248//126 251//127
f 251//127 187//94 185//93
f 187//94 251//127 253//128
f 187//94 253//128 254//129
f 187//94 254//129 188//95
f 257//130 188//95 254//129
f 188//95 257//130 191//96
f 259//131 191//96 257//130
f 191//96 259//131 193//97
f 204//103 261//132 203//102
f 261//132 204//103 196//99
f 261//132 196//99 197//100
f 263//133 139//70 209//106
f 139//70 263//133 195//98
f 265//134 198//101 195//98
f 198//101 265//134 197//100
f 197//100 265//134 266//135
f 266//135 265//134 267//136
f 144//73 271//137 211//107
f 271//137 144//73 203//102
f 273//138 151//76 213//108
f 151//76 273//138 209//106
f 215//109 211//107 275//139
f 211//107 215//109 153//77
f 217//110 213//108 155//78
f 213//108 217//110 277//140
f 219//111 215//109 279//141
f 215//109 219//111 157//79
f 221//112 217//110 159//80
f 217//110 221//112 281//142
f 223//113 219//111 283//143
f 219//111 223//113 161//81
f 229//116 221//112 167//84
f 221//112 229//116 285//144
f 238//121 223//113 287//145
f 223//113 238//121 174//88
f 226//115 289//146 290//147
f 289//146 226//115 225//114
f 229//116 226//115 293//148
f 226//115 229//116 164//83
f 295//149 163//82 231//117
f 163//82 295//149 225//114
f 297//150 169//85 233//118
f 169//85 297//150 231//117
f 299//151 171//86 235//119
f 171//86 299//151 233//118
f 301//152 193//97 259//131
f 193//97 301//152 235//119
f 303//153 238//121 304//154
f 238//121 303//153 237//120
f 307//155 173//87 237//120
f 173//87 307//155 241//122
f 309//156 177//89 241//122
f 177//89 309//156 243//123
f 311//157 179//90 243//123
f 179//90 311//157 245//124
f 313//158 181//91 245//124
f 181//91 313//158 247//125
f 315//159 248//126 247//125
f 248//126 315//159 316//160
f 316//160 251//127 248//126
f 251//127 316//160 319//161
f 319//161 253//128 251//127
f 253//128 319//161 321//162
f 253//128 321//162 322//163
f 253//128 322//163 254//129
f 325//164 254//129 322//163
f 254//129 325//164 257//130
f 327//165 257//130 325//164
f 257//130 327//165 259//131
f 197//100 329//166 261//132
f 329//166 197//100 266//135
f 203//102 331//167 271//137
f 331//167 203//102 261//132
f 333//168 209//106 273//138
f 209//106 333//168 263//133
f 335//169 195//98 263//133
f 195//98 335//169 265//134
f 337//170 267//136 265//134
f 267//136 337//170 266//135
f 266//135 337//170 338//171
f 338//171 337//170 339//172
f 211//107 343//173 275//139
f 343//173 211//107 271//137
f 345//174 213//108 277//140
f 213//108 345//174 273//138
f 279//141 275//139 347//175
f 275//139 279//141 215//109
f 281//142 277//140 217//110
f 277//140 281//142 349//176
f 283//143 279//141 351//177
f 279//141 283//143 219//111
f 285//144 281//142 221//112
f 281//142 285//144 353//178
f 287//145 283//143 355//179
f 283//143 287//145 223//113
f 293//148 285//144 229//116
f 285//144 293//148 357//180
f 304//154 287//145 359//181
f 287//145 304//154 238//121
f 290//147 361//182 362//183
f 361//182 290//147 289//146
f 293//148 290//147 365//184
f 290//147 293//148 226//115
f 367//185 225//114 295//149
f 225//114 367//185 289//146
f 369//186 231//117 297//150
f 231//117 369//186 295//149
f 371//187 233//118 299//151
f 233//118 371//187 297//150
f 373//188 235//119 301//152
f 235//119 373//188 299//151
f 375//189 259//131 327//165
f 259//131 375//189 301//152
f 377//190 304//154 378//191
f 304//154 377//190 303//153
f 381//192 237//120 303//153
f 237//120 381//192 307//155
f 383//193 241//122 307//155
f 241//122 383//193 309//156
f 385//194 243//123 309//156
f 243//123 385//194 311//157
f 387//195 245//124 311//157
f 245//124 387//195 313//158
f 389//196 247//125 313//158
f 247//125 389//196 315//159
f 391//197 316//160 315//159
f 316//160 391//197 392//198
f 392//198 319//161 316//160
f 319//161 392//198 395//199
f 395//199 321//162 319//161
f 321//162 395//199 397//200
f 321//162 397//200 398//201
f 321//162 398//201 322//163
f 401//202 322//163 398//201
f 322//163 401//202 325//164
f 403//203 325//164 401//202
f 325//164 403//203 327//165
f 266//135 405//204 329//166
f 405//204 266//135 338//171
f 261//132 407//205 331//167
f 407//205 261//132 329//166
f 271//137 409//206 343//173
f 409//206 271//137 331//167
f 411//207 273//138 345//174
f 273//138 411//207 333//168
f 413//208 263//133 333//168
f 263//133 413//208 335//169
f 415//209 265//134 335//169
f 265//134 415//209 337//170
f 417//210 339//172 337//170
f 339//172 417//210 338//171
f 338//171 417//210 418//211
f 418//211 417//210 419//212
f 275//139 423//213 347//175
f 423//213 275//139 343//173
f 425//214 277//140 349//176
f 277//140 425//214 345//174
f 351//177 347//175 427//215
f 347//175 351//177 279//141
f 353//178 349//176 281//142
f 349//176 353//178 429//216
f 355//179 351//177 431//217
f 351//177 355//179 283//143
f 357//180 353//178 285//144
f 353//178 357//180 433//218
f 359//181 355//179 435//219
f 355//179 359//181 287//145
f 357//180 365//184 437//220
f 365//184 357//180 293//148
f 378//191 359//181 439//221
f 359//181 378//191 304//154
f 362//183 441//222 442//223
f 441//222 362//183 361//182
f 365//184 362//183 445//224
f 362//183 365//184 290//147
f 447//225 289//146 367//185
f 289//146 447//225 361//182
f 449//226 295//149 369//186
f 295//149 449//226 367//185
f 451//227 297//150 371//187
f 297//150 451//227 369//186
f 453//228 299//151 373//188
f 299//151 453//228 371//187
f 455//229 301//152 375//189
f 301//152 455//229 373//188
f 457//230 327//165 403//203
f 327//165 457//230 375//189
f 459//231 378//191 460//232
f 378//191 459//231 377//190
f 463//233 303//153 377//190
f 303//153 463//233 381//192
f 465//234 307//155 381//192
f 307//155 465//234 383//193
f 467//235 309//156 383//193
f 309//156 467//235 385//194
f 469//236 311//157 385//194
f 311//157 469//236 387//195
f 471//237 313//158 387//195
f 313//158 471//237 389//196
f 473//238 315//159 389//196
f 315//159 473//238 391//197
f 475//239 391//197 476//240
f 391//197 475//239 392//198
f 479//241 392//198 475//239
f 392//198 479//241 395//199
f 398//201 481//242 482//243
f 481//242 398//201 479//241
f 479//241 398//201 395//199
f 395//199 398//201 397//200
f 401//202 482//243 485//244
f 482//243 401//202 398//201
f 403//203 485//244 487//245
f 485//244 403//203 401//202
f 338//171 489//246 405//204
f 489//246 338//171 418//211
f 329//166 491//247 407//205
f 491//247 329//166 405//204
f 331//167 493//248 409//206
f 493//248 331//167 407//205
f 343//173 495//249 423//213
f 495//249 343//173 409//206
f 497//250 345//174 425//214
f 345//174 497//250 411//207
f 499//251 333//168 411//207
f 333//168 499//251 413//208
f 501//252 335//169 413//208
f 335//169 501//252 415//209
f 503//253 337//170 415//209
f 337//170 503//253 417//210
f 505//254 419//212 417//210
f 419//212 505//254 418//211
f 418//211 505//254 506//255
f 418//211 506//255 507//256
f 347//175 511//257 427//215
f 511//257 347//175 423//213
f 513//258 349//176 429//216
f 349//176 513//258 425//214
f 431//217 427//215 515//259
f 427//215 431//217 351//177
f 433//218 429//216 353//178
f 429//216 433//218 517//260
f 435//219 431//217 519//261
f 431//217 435//219 355//179
f 433//218 437//220 521//262
f 437//220 433//218 357//180
f 439//221 435//219 523//263
f 435//219 439//221 359//181
f 437//220 445//224 525//264
f 445//224 437//220 365//184
f 460//232 439//221 527//265
f 439//221 460//232 378//191
f 442//223 529//266 530//267
f 529//266 442//223 441//222
f 445//224 442//223 533//268
f 442//223 445//224 362//183
f 441//222 447//225 535//269
f 447//225 441//222 361//182
f 537//270 367//185 449//226
f 367//185 537//270 447//225
f 539//271 369//186 451//227
f 369//186 539//271 449//226
f 541//272 371//187 453//228
f 371//187 541//272 451//227
f 543//273 373//188 455//229
f 373//188 543//273 453//228
f 545//274 375//189 457//230
f 375//189 545//274 455//229
f 457//230 487//245 547//275
f 487//245 457//230 403//203
f 549//276 460//232 550//277
f 460//232 549//276 459//231
f 463//233 459//231 553//278
f 459//231 463//233 377//190
f 555//279 381//192 463//233
f 381//192 555//279 465//234
f 557//280 383//193 465//234
f 383//193 557//280 467//235
f 559//281 385//194 467//235
f 385//194 559//281 469//236
f 561//282 387//195 469//236
f 387//195 561//282 471//237
f 563//283 389//196 471//237
f 389//196 563//283 473//238
f 476//240 473//238 565//284
f 473//238 476//240 391//197
f 567//285 476//240 568//286
f 476//240 567//285 475//239
f 571//287 475//239 567//285
f 475//239 571//287 479//241
f 482//243 573//288 574//289
f 573//288 482//243 571//287
f 571//287 482//243 479//241
f 479//241 482//243 481//242
f 485//244 574//289 577//290
f 574//289 485//244 482//243
f 487//245 577//290 579//291
f 577//290 487//245 485//244
f 418//211 581//292 489//246
f 581//292 418//211 507//256
f 405//204 583//293 491//247
f 583//293 405//204 489//246
f 407//205 585//294 493//248
f 585//294 407//205 491//247
f 409//206 587//295 495//249
f 587//295 409//206 493//248
f 423//213 589//296 511//257
f 589//296 423//213 495//249
f 591//297 425//214 513//258
f 425//214 591//297 497//250
f 593//298 411//207 497//250
f 411//207 593//298 499//251
f 595//299 413//208 499//251
f 413//208 595//299 501//252
f 597//300 415//209 501//252
f 415//209 597//300 503//253
f 599//301 417//210 503//253
f 417//210 599//301 505//254
f 601//302 506//255 505//254
f 506//255 601//302 507//256
f 507//256 601//302 602//303
f 602//303 601//302 603//304
f 427//215 607//305 515//259
f 607//305 427//215 511//257
f 609//306 429//216 517//260
f 429//216 609//306 513//258
f 519//261 515//259 611//307
f 515//259 519//261 431//217
f 517//260 521//262 613//308
f 521//262 517//260 433//218
f 523//263 519//261 615//309
f 519//261 523//263 435//219
f 521//262 525//264 617//310
f 525//264 521//262 437//220
f 527//265 523//263 619//311
f 523//263 527//265 439//221
f 525//264 533//268 621//312
f 533//268 525//264 445//224
f 550//277 527//265 623//313
f 527//265 550//277 460//232
f 530//267 625//314 626//315
f 625//314 530//267 529//266
f 533//268 530//267 629//316
f 530//267 533//268 442//223
f 529//266 535//269 631//317
f 535//269 529//266 441//222
f 535//269 537//270 633//318
f 537//270 535//269 447//225
f 635//319 449//226 539//271
f 449//226 635//319 537//270
f 637//320 451//227 541//272
f 451//227 637//320 539//271
f 639//321 453//228 543//273
f 453//228 639//321 541//272
f 543//273 545//274 641//322
f 545//274 543//273 455//229
f 545//274 547//275 643//323
f 547//275 545//274 457//230
f 547//275 579//291 645//324
f 579//291 547//275 487//245
f 647//325 550//277 648//326
f 550//277 647//325 549//276
f 553//278 549//276 651//327
f 549//276 553//278 459//231
f 555//279 553//278 653//328
f 553//278 555//279 463//233
f 655//329 465//234 555//279
f 465//234 655//329 557//280
f 657//330 467//235 557//280
f 467//235 657//330 559//281
f 659//331 469//236 559//281
f 469//236 659//331 561//282
f 563//283 561//282 661//332
f 561//282 563//283 471//237
f 565//284 563//283 663//333
f 563//283 565//284 473//238
f 568//286 565//284 665//334
f 565//284 568//286 476//240
f 667//335 568//286 668//336
f 568//286 667//335 567//285
f 671//337 567//285 667//335
f 567//285 671//337 571//287
f 574//289 673//338 674//339
f 673//338 574//289 671//337
f 671//337 574//289 571//287
f 571//287 574//289 573//288
f 577//290 674//339 677//340
f 674//339 577//290 574//289
f 579//291 677//340 679//341
f 677//340 579//291 577//290
f 507//256 681//342 581//292
f 681//342 507//256 602//303
f 489//246 683//343 583//293
f 683//343 489//246 581//292
f 491//247 685//344 585//294
f 685//344 491//247 583//293
f 493//248 687//345 587//295
f 687//345 493//248 585//294
f 495//249 689//346 589//296
f 689//346 495//249 587//295
f 511//257 691//347 607//305
f 691//347 511//257 589//296
f 693//348 513//258 609//306
f 513//258 693//348 591//297
f 695//349 497//250 591//297
f 497//250 695//349 593//298
f 697//350 499//251 593//298
f 499//251 697//350 595//299
f 699//351 501//252 595//299
f 501//252 699//351 597//300
f 701//352 503//253 597//300
f 503//253 701//352 599//301
f 703//353 505//254 599//301
f 505//254 703//353 601//302
f 705//354 603//304 601//302
f 603//304 705//354 602//303
f 602//303 705//354 706//355
f 602//303 706//355 707//356
f 515//259 711//357 611//307
f 711//357 515//259 607//305
f 713//358 517//260 613//308
f 517//260 713//358 609//306
f 615//309 611//307 715//359
f 611//307 615//309 519//261
f 613//308 617//310 717//360
f 617//310 613//308 521//262
f 619//311 615//309 719//361
f 615//309 619//311 523//263
f 617//310 621//312 721//362
f 621//312 617//310 525//264
f 623//313 619//311 723//363
f 619//311 623//313 527//265
f 621//312 629//316 725//364
f 629//316 621//312 533//268
f 648//326 623//313 727//365
f 623//313 648//326 550//277
f 626//315 729//366 730//367
f 729//366 626//315 625//314
f 629//316 626//315 733//368
f 626//315 629//316 530//267
f 625//314 631//317 735//369
f 631//317 625//314 529//266
f 631//317 633//318 737//370
f 633//318 631//317 535//269
f 633//318 635//319 739//371
f 635//319 633//318 537//270
f 741//372 539//271 637//320
f 539//271 741//372 635//319
f 743//373 541//272 639//321
f 541//272 743//373 637//320
f 639//321 641//322 745//374
f 641//322 639//321 543//273
f 641//322 643//323 747//375
f 643//323 641//322 545//274
f 643//323 645//324 749//376
f 645//324 643//323 547//275
f 645//324 679//341 751//377
f 679//341 645//324 579//291
f 753//378 648//326 754//379
f 648//326 753//378 647//325
f 651//327 647//325 757//380
f 647//325 651//327 549//276
f 653//328 651//327 759//381
f 651//327 653//328 553//278
f 655//329 653//328 761//382
f 653//328 655//329 555//279
f 763//383 557//280 655//329
f 557//280 763//383 657//330
f 765//384 559//281 657//330
f 559//281 765//384 659//331
f 661//332 659//331 767//385
f 659//331 661//332 561//282
f 663//333 661//332 769//386
f 661//332 663//333 563//283
f 665//334 663//333 771//387
f 663//333 665//334 565//284
f 668//336 665//334 773//388
f 665//334 668//336 568//286
f 775//389 668//336 776//390
f 668//336 775//389 667//335
f 707//356 667//335 775//389
f 667//335 707//356 671//337
f 674//339 706//355 705//354
f 706//355 674//339 707//356
f 707//356 674//339 671//337
f 671//337 674//339 673//338
f 677//340 705//354 779//391
f 705//354 677//340 674//339
f 679//341 779//391 781//392
f 779//391 679//341 677//340
f 602//303 775//389 681//342
f 775//389 602//303 707//356
f 581//292 783//393 683//343
f 783//393 581//292 681//342
f 583//293 785//394 685//344
f 785//394 583//293 683//343
f 585//294 787//395 687//345
f 787//395 585//294 685//344
f 587//295 789//396 689//346
f 789//396 587//295 687//345
f 589//296 791//397 691//347
f 791//397 589//296 689//346
f 607//305 793//398 711//357
f 793//398 607//305 691//347
f 795//399 609//306 713//358
f 609//306 795//399 693//348
f 797//400 591//297 693//348
f 591//297 797//400 695//349
f 799//401 593//298 695//349
f 593//298 799//401 697//350
f 801//402 595//299 697//350
f 595//299 801//402 699//351
f 803//403 597//300 699//351
f 597//300 803//403 701//352
f 805//404 599//301 701//352
f 599//301 805//404 703//353
f 779//391 601//302 703//353
f 601//302 779//391 705//354
f 611//307 807//405 715//359
f 807//405 611//307 711//357
f 809//406 613//308 717//360
f 613//308 809//406 713//358
f 719//361 715//359 811//407
f 715//359 719//361 615//309
f 717//360 721//362 813//408
f 721//362 717//360 617//310
f 723//363 719//361 815//409
f 719//361 723//363 619//311
f 721//362 725//364 817//410
f 725//364 721//362 621//312
f 727//365 723//363 819//411
f 723//363 727//365 623//313
f 725//364 733//368 821//412
f 733//368 725//364 629//316
f 754//379 727//365 823//413
f 727//365 754//379 648//326
f 730//367 825//414 826//415
f 825//414 730//367 729//366
f 733//368 730//367 829//416
f 730//367 733//368 626//315
f 729//366 735//369 831//417
f 735//369 729//366 625//314
f 735//369 737//370 833//418
f 737//370 735//369 631//317
f 737//370 739//371 835//419
f 739//371 737//370 633//318
f 837//420 635//319 741//372
f 635//319 837//420 739//371
f 839//421 637//320 743//373
f 637//320 839//421 741//372
f 743//373 745//374 841//422
f 745//374 743//373 639//321
f 745//374 747//375 843//423
f 747//375 745//374 641//322
f 747//375 749//376 845//424
f 749//376 747//375 643//323
f 749//376 751//377 847//425
f 751//377 749//376 645//324
f 751//377 781//392 849//426
f 781//392 751//377 679//341
f 851//427 754//379 852//428
f 754//379 851//427 753//378
f 757//380 753//378 855//429
f 753//378 757//380 647//325
f 759//381 757//380 857//430
f 757//380 759//381 651//327
f 761//382 759//381 859//431
f 759//381 761//382 653//328
f 861//432 655//329 761//382
f 655//329 861//432 763//383
f 863//433 657//330 763//383
f 657//330 863//433 765//384
f 767//385 765//384 865//434
f 765//384 767//385 659//331
f 769//386 767//385 867//435
f 767//385 769//386 661//332
f 771//387 769//386 869//436
f 769//386 771//387 663//333
f 773//388 771//387 871//437
f 771//387 773//388 665//334
f 776//390 773//388 873//438
f 773//388 776//390 668//336
f 681//342 776//390 783//393
f 776//390 681//342 775//389
f 781//392 703//353 805//404
f 703//353 781//392 779//391
f 683//343 875//439 785//394
f 875//439 683//343 783//393
f 685//344 877//440 787//395
f 877//440 685//344 785//394
f 687//345 879//441 789//396
f 879//441 687//345 787//395
f 689//346 881//442 791//397
f 881//442 689//346 789//396
f 691//347 883//443 793//398
f 883//443 691//347 791//397
f 711//357 885//444 807//405
f 885//444 711//357 793//398
f 887//445 713//358 809//406
f 713//358 887//445 795//399
f 889//446 693//348 795//399
f 693//348 889//446 797//400
f 891//447 695//349 797//400
f 695//349 891//447 799//401
f 893//448 697//350 799//401
f 697//350 893//448 801//402
f 895//449 699//351 801//402
f 699//351 895//449 803//403
f 897//450 701//352 803//403
f 701//352 897//450 805//404
f 715//359 899//451 811//407
f 899//451 715//359 807//405
f 901//452 717//360 813//408
f 717//360 901//452 809//406
f 815//409 811//407 903//453
f 811//407 815//409 719//361
f 813//408 817//410 905//454
f 817//410 813//408 721//362
f 819//411 815//409 907//455
f 815//409 819//411 723//363
f 817//410 821//412 909//456
f 821//412 817//410 725//364
f 823//413 819//411 911//457
f 819//411 823//413 727//365
f 821//412 829//416 913//458
f 829//416 821//412 733//368
f 852//428 823//413 915//459
f 823//413 852//428 754//379
f 826//415 917//460 918//461
f 917//460 826//415 825//414
f 829//416 826//415 921//462
f 826//415 829//416 730//367
f 825//414 831//417 923//463
f 831//417 825//414 729//366
f 831//417 833//418 925//464
f 833//418 831//417 735//369
f 833//418 835//419 927//465
f 835//419 833//418 737//370
f 835//419 837//420 929//466
f 837//420 835//419 739//371
f 837//420 839//421 931//467
f 839//421 837//420 741//372
f 839//421 841//422 933//468
f 841//422 839//421 743//373
f 841//422 843//423 935//469
f 843//423 841//422 745//374
f 843//423 845//424 937//470
f 845//424 843//423 747//375
f 845//424 847//425 939//471
f 847//425 845//424 749//376
f 847//425 849//426 941//472
f 849//426 847//425 751//377
f 849//426 805//404 897//450
f 805//404 849//426 781//392
f 943//473 852//428 944//474
f 852//428 943//473 851//427
f 855//429 851//427 947//475
f 851//427 855//429 753//378
f 857//430 855//429 949//476
f 855//429 857//430 757//380
f 859//431 857//430 951//477
f 857//430 859//431 759//381
f 861//432 859//431 953//478
f 859//431 861//432 761//382
f 863//433 861//432 955//479
f 861//432 863//433 763//383
f 865//434 863//433 957//480
f 863//433 865//434 765//384
f 867//435 865//434 959//481
f 865//434 867//435 767//385
f 869//436 867//435 961//482
f 867//435 869//436 769//386
f 871//437 869//436 963//483
f 869//436 871//437 771//387
f 873//438 871//437 965//484
f 871//437 873//438 773//388
f 783//393 873//438 875//439
f 873//438 783//393 776//390
f 785//394 967//485 877//440
f 967//485 785//394 875//439
f 787//395 969//486 879//441
f 969//486 787//395 877//440
f 789//396 971//487 881//442
f 971//487 789//396 879//441
f 791//397 973//488 883//443
f 973//488 791//397 881//442
f 793//398 975//489 885//444
f 975//489 793//398 883//443
f 807//405 977//490 899//451
f 977//490 807//405 885//444
f 979//491 809//406 901//452
f 809//406 979//491 887//445
f 981//492 795//399 887//445
f 795//399 981//492 889//446
f 983//493 797//400 889//446
f 797//400 983//493 891//447
f 985//494 799//401 891//447
f 799//401 985//494 893//448
f 987//495 801//402 893//448
f 801//402 987//495 895//449
f 989//496 803//403 895//449
f 803//403 989//496 897//450
f 903//453 899//451 991//497
f 899//451 903//453 811//407
f 901//452 905//454 993//498
f 905//454 901//452 813//408
f 907//455 903//453 995//499
f 903//453 907//455 815//409
f 905//454 909//456 997//500
f 909//456 905//454 817//410
f 911//457 907//455 999//501
f 907//455 911//457 819//411
f 909//456 913//458 1001//502
f 913//458 909//456 821//412
f 915//459 911//457 1003//503
f 911//457 915//459 823//413
f 913//458 921//462 1005//504
f 921//462 913//458 829//416
f 944//474 915//459 1007//505
f 915//459 944//474 852//428
f 918//461 1009//506 1010//507
f 1009//506 918//461 917//460
f 921//462 918//461 1013//508
f 918//461 921//462 826//415
f 917//460 923//463 1015//509
f 923//463 917//460 825//414
f 923//463 925//464 1017//510
f 925//464 923//463 831//417
f 925//464 927//465 1019//511
f 927//465 925//464 833//418
f 927//465 929//466 1021//512
f 929//466 927//465 835//419
f 929//466 931//467 1023//513
f 931//467 929//466 837//420
f 931//467 933//468 1025//514
f 933//468 931//467 839//421
f 933//468 935//469 1027//515
f 935//469 933//468 841//422
f 935//469 937//470 1029//516
f 937//470 935//469 843//423
f 937//470 939//471 1031//517
f 939//471 937//470 845//424
f 939//471 941//472 1033//518
f 941//472 939//471 847//425
f 941//472 897//450 989//496
f 897//450 941//472 849//426
f 1035//519 944//474 1036//520
f 944//474 1035//519 943//473
f 947//475 943//473 1039//521
f 943//473 947//475 851//427
f 949//476 947//475 1041//522
f 947//475 949//476 855//429
f 951//477 949//476 1043//523
f 949//476 951//477 857//430
f 953//478 951//477 1045//524
f 951//477 953//478 859//431
f 955//479 953//478 1047//525
f 953//478 955//479 861//432
f 957//480 955//479 1049//526
f 955//479 957//480 863//433
f 959//481 957//480 1051//527
f 957//480 959//481 865//434
f 961//482 959//481 1053//528
f 959//481 961//482 867//435
f 963//483 961//482 1055//529
f 961//482 963//483 869//436
f 965//484 963//483 1057//530
f 963//483 965//484 871//437
f 875//439 965//484 967//485
f 965//484 875//439 873//438
f 877//440 1059//531 969//486
f 1059//531 877//440 967//485
f 879//441 1061//532 971//487
f 1061//532 879//441 969//486
f 881//442 1063//533 973//488
f 1063//533 881//442 971//487
f 883//443 1065//534 975//489
f 1065//534 883//443 973//488
f 885//444 1067//535 977//490
f 1067//535 885//444 975//489
f 899//451 1069//536 991//497
f 1069//536 899//451 977//490
f 1071//537 901//452 993//498
f 901//452 1071//537 979//491
f 1073//538 887//445 979//491
f 887//445 1073//538 981//492
f 1075//539 889//446 981//492
f 889//446 1075//539 983//493
f 1077//540 891//447 983//493
f 891//447 1077//540 985//494
f 1079//541 893//448 985//494
f 893//448 1079//541 987//495
f 1081//542 895//449 987//495
f 895//449 1081//542 989//496
f 995//499 991//497 1083//543
f 991//497 995//499 903//453
f 993//498 997//500 1085//544
f 997//500 993//498 905//454
f 999//501 995//499 1087//545
f 995//499 999//501 907//455
f 997//500 1001//502 1089//546
f 1001//502 997//500 909//456
f 1003//503 999//501 1091//547
f 999//501 1003//503 911//457
f 1001//502 1005//504 1093//548
f 1005//504 1001//502 913//458
f 1007//505 1003//503 1095//549
f 1003//503 1007//505 915//459
f 1005//504 1013//508 1097//550
f 1013//508 1005//504 921//462
f 1036//520 1007//505 1099//551
f 1007//505 1036//520 944//474
f 1010//507 1101//552 1102//553
f 1101//552 1010//507 1009//506
f 1013//508 1010//507 1105//554
f 1010//507 1013//508 918//461
f 1009//506 1015//509 1107//555
f 1015//509 1009//506 917//460
f 1015//509 1017//510 1109//556
f 1017//510 1015//509 923//463
f 1017//510 1019//511 1111//557
f 1019//511 1017//510 925//464
f 1019//511 1021//512 1113//558
f 1021//512 1019//511 927//465
f 1021//512 1023//513 1115//559
f 1023//513 1021//512 929//466
f 1023//513 1025//514 1117//560
f 1025//514 1023//513 931//467
f 1025//514 1027//515 1119//561
f 1027//515 1025//514 933//468
f 1027//515 1029//516 1121//562
f 1029//516 1027//515 935//469
f 1029//516 1031//517 1123//563
f 1031//517 1029//516 937//470
f 1031//517 1033//518 1125//564
f 1033//518 1031//517 939//471
f 1033//518 989//496 1081//542
f 989//496 1033//518 941//472
f 1127//565 1036//520 1128//566
f 1036//520 1127//565 1035//519
f 1039//521 1035//519 1131//567
f 1035//519 1039//521 943//473
f 1041//522 1039//521 1133//568
f 1039//521 1041//522 947//475
f 1043//523 1041//522 1135//569
f 1041//522 1043//523 949//476
f 1045//524 1043//523 1137//570
f 1043//523 1045//524 951//477
f 1047//525 1045//524 1139//571
f 1045//524 1047//525 953//478
f 1049//526 1047//525 1141//572
f 1047//525 1049//526 955//479
f 1051//527 1049//526 1143//573
f 1049//526 1051//527 957//480
f 1053//528 1051//527 1145//574
f 1051//527 1053//528 959//481
f 1055//529 1053//528 1147//575
f 1053//528 1055//529 961//482
f 1057//530 1055//529 1149//576
f 1055//529 1057//530 963//483
f 967//485 1057//530 1059//531
f 1057//530 967//485 965//484
f 969//486 1151//577 1061//532
f 1151//577 969//486 1059//531
f 971//487 1153//578 1063//533
f 1153//578 971//487 1061//532
f 973//488 1155//579 1065//534
f 1155//579 973//488 1063//533
f 975//489 1157//580 1067//535
f 1157//580 975//489 1065//534
f 977//490 1159//581 1069//536
f 1159//581 977//490 1067//535
f 991//497 1161//582 1083//543
f 1161//582 991//497 1069//536
f 1163//583 993//498 1085//544
f 993//498 1163//583 1071//537
f 1165//584 979//491 1071//537
f 979//491 1165//584 1073//538
f 1167//585 981//492 1073//538
f 981//492 1167//585 1075//539
f 1169//586 983//493 1075//539
f 983//493 1169//586 1077//540
f 1171//587 985//494 1077//540
f 985//494 1171//587 1079//541
f 1173//588 987//495 1079//541
f 987//495 1173//588 1081//542
f 1087//545 1083//543 1175//589
f 1083//543 1087//545 995//499
f 1085//544 1089//546 1177//590
f 1089//546 1085//544 997//500
f 1091//547 1087//545 1179//591
f 1087//545 1091//547 999//501
f 1089//546 1093//548 1181//592
f 1093//548 1089//546 1001//502
f 1095//549 1091//547 1183//593
f 1091//547 1095//549 1003//503
f 1093//548 1097//550 1185//594
f 1097//550 1093//548 1005//504
f 1099//551 1095//549 1187//595
f 1095//549 1099//551 1007//505
f 1097//550 1105//554 1189//596
f 1105//554 1097//550 1013//508
f 1128//566 1099//551 1191//597
f 1099//551 1128//566 1036//520
f 1193//598 1101//552 1194//599
f 1101//552 1193//598 1102//553
f 1105//554 1102//553 1197//600
f 1102//553 1105//554 1010//507
f 1101//552 1107//555 1199//601
f 1107//555 1101//552 1009//506
f 1107//555 1109//556 1201//602
f 1109//556 1107//555 1015//509
f 1109//556 1111//557 1203//603
f 1111//557 1109//556 1017//510
f 1111//557 1113//558 1205//604
f 1113//558 1111//557 1019//511
f 1113//558 1115//559 1207//605
f 1115//559 1113//558 1021//512
f 1115//559 1117//560 1209//606
f 1117//560 1115//559 1023//513
f 1117//560 1119//561 1211//607
f 1119//561 1117//560 1025//514
f 1119//561 1121//562 1213//608
f 1121//562 1119//561 1027//515
f 1121//562 1123//563 1215//609
f 1123//563 1121//562 1029//516
f 1123//563 1125//564 1217//610
f 1125//564 1123//563 1031//517
f 1125//564 1081//542 1173//588
f 1081//542 1125//564 1033//518
f 1127//565 1219//611 1220//612
f 1219//611 1127//565 1128//566
f 1131//567 1127//565 1223//613
f 1127//565 1131//567 1035//519
f 1133//568 1131//567 1225//614
f 1131//567 1133//568 1039//521
f 1135//569 1133//568 1227//615
f 1133//568 1135//569 1041//522
f 1137//570 1135//569 1229//616
f 1135//569 1137//570 1043//523
f 1139//571 1137//570 1231//617
f 1137//570 1139//571 1045//524
f 1141//572 1139//571 1233//618
f 1139//571 1141//572 1047//525
f 1143//573 1141//572 1235//619
f 1141//572 1143//573 1049//526
f 1145//574 1143//573 1237//620
f 1143//573 1145//574 1051//527
f 1147//575 1145//574 1239//621
f 1145//574 1147//575 1053//528
f 1149//576 1147//575 1241//622
f 1147//575 1149//576 1055//529
f 1059//531 1149//576 1151//577
f 1149//576 1059//531 1057//530
f 1061//532 1243//623 1153//578
f 1243//623 1061//532 1151//577
f 1063//533 1245//624 1155//579
f 1245//624 1063//533 1153//578
f 1065//534 1247//625 1157//580
f 1247//625 1065//534 1155//579
f 1067//535 1249//626 1159//581
f 1249//626 1067//535 1157//580
f 1069//536 1251//627 1161//582
f 1251//627 1069//536 1159//581
f 1083//543 1253//628 1175//589
f 1253//628 1083//543 1161//582
f 1255//629 1085//544 1177//590
f 1085//544 1255//629 1163//583
f 1257//630 1071//537 1163//583
f 1071//537 1257//630 1165//584
f 1259//631 1073//538 1165//584
f 1073//538 1259//631 1167//585
f 1261//632 1075//539 1167//585
f 1075//539 1261//632 1169//586
f 1263//633 1077//540 1169//586
f 1077//540 1263//633 1171//587
f 1265//634 1079//541 1171//587
f 1079//541 1265//634 1173//588
f 1179//591 1175//589 1267//635
f 1175//589 1179//591 1087//545
f 1177//590 1181//592 1269//636
f 1181//592 1177//590 1089//546
f 1183//593 1179//591 1271//637
f 1179//591 1183//593 1091//547
f 1181//592 1185//594 1273//638
f 1185//594 1181//592 1093//548
f 1187//595 1183//593 1275//639
f 1183//593 1187//595 1095//549
f 1185//594 1189//596 1277//640
f 1189//596 1185//594 1097//550
f 1191//597 1187//595 1279//641
f 1187//595 1191//597 1099//551
f 1189//596 1197//600 1281//642
f 1197//600 1189//596 1105//554
f 1128//566 1283//643 1219//611
f 1283//643 1128//566 1191//597
f 1285//644 1194//599 1286//645
f 1194//599 1285//644 1193//598
f 1289//646 1102//553 1193//598
f 1102//553 1289//646 1197//600
f 1194//599 1199//601 1291//647
f 1199//601 1194//599 1101//552
f 1199//601 1201//602 1293//648
f 1201//602 1199//601 1107//555
f 1201//602 1203//603 1295//649
f 1203//603 1201//602 1109//556
f 1203//603 1205//604 1297//650
f 1205//604 1203//603 1111//557
f 1205//604 1207//605 1299//651
f 1207//605 1205//604 1113//558
f 1207//605 1209//606 1301//652
f 1209//606 1207//605 1115//559
f 1209//606 1211//607 1303//653
f 1211//607 1209//606 1117//560
f 1211//607 1213//608 1305//654
f 1213//608 1211//607 1119//561
f 1213//608 1215//609 1307//655
f 1215//609 1213//608 1121//562
f 1215//609 1217//610 1309//656
f 1217//610 1215//609 1123//563
f 1217//610 1173//588 1265//634
f 1173//588 1217//610 1125//564
f 1220//612 1311//657 1312//658
f 1311//657 1220//612 1219//611
f 1223//613 1220//612 1315//659
f 1220//612 1223//613 1127//565
f 1225//614 1223//613 1317//660
f 1223//613 1225//614 1131//567
f 1227//615 1225//614 1319//661
f 1225//614 1227//615 1133//568
f 1229//616 1227//615 1321//662
f 1227//615 1229//616 1135//569
f 1231//617 1229//616 1323//663
f 1229//616 1231//617 1137//570
f 1233//618 1231//617 1325//664
f 1231//617 1233//618 1139//571
f 1235//619 1233//618 1327//665
f 1233//618 1235//619 1141//572
f 1237//620 1235//619 1329//666
f 1235//619 1237//620 1143//573
f 1239//621 1237//620 1331//667
f 1237//620 1239//621 1145//574
f 1241//622 1239//621 1333//668
f 1239//621 1241//622 1147//575
f 1151//577 1241//622 1243//623
f 1241//622 1151//577 1149//576
f 1153//578 1335//669 1245//624
f 1335//669 1153//578 1243//623
f 1155//579 1337//670 1247//625
f 1337//670 1155//579 1245//624
f 1157//580 1339//671 1249//626
f 1339//671 1157//580 1247//625
f 1159//581 1341//672 1251//627
f 1341//672 1159//581 1249//626
f 1161//582 1343//673 1253//628
f 1343//673 1161//582 1251//627
f 1175//589 1345//674 1267//635
f 1345//674 1175//589 1253//628
f 1347//675 1177//590 1269//636
f 1177//590 1347//675 1255//629
f 1349//676 1163//583 1255//629
f 1163//583 1349//676 1257//630
f 1351//677 1165//584 1257//630
f 1165//584 1351//677 1259//631
f 1353//678 1167//585 1259//631
f 1167//585 1353//678 1261//632
f 1355//679 1169//586 1261//632
f 1169//586 1355//679 1263//633
f 1357//680 1171//587 1263//633
f 1171//587 1357//680 1265//634
f 1271//637 1267//635 1359//681
f 1267//635 1271//637 1179//591
f 1269//636 1273//638 1361//682
f 1273//638 1269//636 1181//592
f 1275//639 1271//637 1363//683
f 1271//637 1275//639 1183//593
f 1273//638 1277//640 1365//684
f 1277//640 1273//638 1185//594
f 1279//641 1275//639 1367//685
f 1275//639 1279//641 1187//595
f 1277//640 1281//642 1369//686
f 1281//642 1277//640 1189//596
f 1283//643 1279//641 1371//687
f 1279//641 1283//643 1191//597
f 1281//642 1289//646 1373//688
f 1289//646 1281//642 1197//600
f 1219//611 1375//689 1311//657
f 1375//689 1219//611 1283//643
f 1377//690 1378//691 1379//692
f 1378//691 1377//690 1286//645
f 1286//645 1377//690 1380//693
f 1286//645 1380//693 1285//644
f 1385//694 1193//598 1285//644
f 1193//598 1385//694 1289//646
f 1286//645 1291//647 1387//695
f 1291//647 1286//645 1194//599
f 1291//647 1293//648 1389//696
f 1293//648 1291//647 1199//601
f 1293//648 1295//649 1391//697
f 1295//649 1293//648 1201//602
f 1295//649 1297//650 1393//698
f 1297//650 1295//649 1203//603
f 1297//650 1299//651 1395//699
f 1299//651 1297//650 1205//604
f 1299//651 1301//652 1397//700
f 1301//652 1299//651 1207//605
f 1301//652 1303//653 1399//701
f 1303//653 1301//652 1209//606
f 1303//653 1305//654 1401//702
f 1305//654 1303//653 1211//607
f 1305//654 1307//655 1403//703
f 1307//655 1305//654 1213//608
f 1307//655 1309//656 1405//704
f 1309//656 1307//655 1215//609
f 1309//656 1265//634 1357//680
f 1265//634 1309//656 1217//610
f 1407//705 1408//706 1409//707
f 1408//706 1407//705 1312//658
f 1408//706 1312//658 1410//708
f 1410//708 1312//658 1311//657
f 1315//659 1312//658 1415//709
f 1312//658 1315//659 1220//612
f 1317//660 1315//659 1417//710
f 1315//659 1317//660 1223//613
f 1319//661 1317//660 1419//711
f 1317//660 1319//661 1225//614
f 1321//662 1319//661 1421//712
f 1319//661 1321//662 1227//615
f 1323//663 1321//662 1423//713
f 1321//662 1323//663 1229//616
f 1325//664 1323//663 1425//714
f 1323//663 1325//664 1231//617
f 1327//665 1325//664 1427//715
f 1325//664 1327//665 1233//618
f 1329//666 1327//665 1429//716
f 1327//665 1329//666 1235//619
f 1331//667 1329//666 1431//717
f 1329//666 1331//667 1237//620
f 1333//668 1331//667 1433//718
f 1331//667 1333//668 1239//621
f 1243//623 1333//668 1335//669
f 1333//668 1243//623 1241//622
f 1245//624 1435//719 1337//670
f 1435//719 1245//624 1335//669
f 1247//625 1437//720 1339//671
f 1437//720 1247//625 1337//670
f 1249//626 1439//721 1341//672
f 1439//721 1249//626 1339//671
f 1251//627 1441//722 1343//673
f 1441//722 1251//627 1341//672
f 1253//628 1443//723 1345//674
f 1443//723 1253//628 1343//673
f 1267//635 1445//724 1359//681
f 1445//724 1267//635 1345//674
f 1447//725 1269//636 1361//682
f 1269//636 1447//725 1347//675
f 1449//726 1255//629 1347//675
f 1255//629 1449//726 1349//676
f 1451//727 1257//630 1349//676
f 1257//630 1451//727 1351//677
f 1453//728 1259//631 1351//677
f 1259//631 1453//728 1353//678
f 1455//729 1261//632 1353//678
f 1261//632 1455//729 1355//679
f 1457//730 1263//633 1355//679
f 1263//633 1457//730 1357//680
f 1363//683 1359//681 1459//731
f 1359//681 1363//683 1271//637
f 1361//682 1365//684 1461//732
f 1365//684 1361//682 1273//638
f 1367//685 1363//683 1463//733
f 1363//683 1367//685 1275//639
f 1365//684 1369//686 1465//734
f 1369//686 1365//684 1277//640
f 1371//687 1367//685 1467//735
f 1367//685 1371//687 1279//641
f 1369//686 1373//688 1469//736
f 1373//688 1369//686 1281//642
f 1375//689 1371//687 1471//737
f 1371//687 1375//689 1283//643
f 1373//688 1385//694 1473//738
f 1385//694 1373//688 1289//646
f 1410//708 1475//739 1408//706
f 1475//739 1410//708 1311//657
f 1475//739 1311//657 1476//740
f 1476//740 1311//657 1375//689
f 1479//741 1379//692 1480//742
f 1379//692 1479//741 1377//690
f 1483//743 1380//693 1377//690
f 1380//693 1483//743 1285//644
f 1285//644 1483//743 1484//744
f 1285//644 1484//744 1385//694
f 1379//692 1487//745 1488//746
f 1487//745 1379//692 1387//695
f 1387//695 1379//692 1378//691
f 1387//695 1378//691 1286//645
f 1387//695 1389//696 1491//747
f 1389//696 1387//695 1291//647
f 1389//696 1391//697 1493//748
f 1391//697 1389//696 1293//648
f 1391//697 1393//698 1495//749
f 1393//698 1391//697 1295//649
f 1393//698 1395//699 1497//750
f 1395//699 1393//698 1297//650
f 1395//699 1397//700 1499//751
f 1397//700 1395//699 1299//651
f 1397//700 1399//701 1501//752
f 1399//701 1397//700 1301//652
f 1399//701 1401//702 1503//753
f 1401//702 1399//701 1303//653
f 1401//702 1403//703 1505//754
f 1403//703 1401//702 1305//654
f 1403//703 1405//704 1507//755
f 1405//704 1403//703 1307//655
f 1405//704 1357//680 1457//730
f 1357//680 1405//704 1309//656
f 1409//707 1509//756 1510//757
f 1509//756 1409//707 1408//706
f 1513//758 1409//707 1514//759
f 1409//707 1513//758 1415//709
f 1409//707 1415//709 1312//658
f 1409//707 1312//658 1407//705
f 1417//710 1415//709 1517//760
f 1415//709 1417//710 1315//659
f 1419//711 1417//710 1519//761
f 1417//710 1419//711 1317//660
f 1421//712 1419//711 1521//762
f 1419//711 1421//712 1319//661
f 1423//713 1421//712 1523//763
f 1421//712 1423//713 1321//662
f 1425//714 1423//713 1525//764
f 1423//713 1425//714 1323//663
f 1427//715 1425//714 1527//765
f 1425//714 1427//715 1325//664
f 1429//716 1427//715 1529//766
f 1427//715 1429//716 1327//665
f 1431//717 1429//716 1531//767
f 1429//716 1431//717 1329//666
f 1433//718 1431//717 1533//768
f 1431//717 1433//718 1331//667
f 1335//669 1433//718 1435//719
f 1433//718 1335//669 1333//668
f 1337//670 1535//769 1437//720
f 1535//769 1337//670 1435//719
f 1339//671 1537//770 1439//721
f 1537//770 1339//671 1437//720
f 1341//672 1539//771 1441//722
f 1539//771 1341//672 1439//721
f 1343//673 1541//772 1443//723
f 1541//772 1343//673 1441//722
f 1345//674 1543//773 1445//724
f 1543//773 1345//674 1443//723
f 1359//681 1545//774 1459//731
f 1545//774 1359//681 1445//724
f 1547//775 1361//682 1461//732
f 1361//682 1547//775 1447//725
f 1549//776 1347//675 1447//725
f 1347//675 1549//776 1449//726
f 1551//777 1349//676 1449//726
f 1349//676 1551//777 1451//727
f 1553//778 1351//677 1451//727
f 1351//677 1553//778 1453//728
f 1555//779 1353//678 1453//728
f 1353//678 1555//779 1455//729
f 1557//780 1355//679 1455//729
f 1355//679 1557//780 1457//730
f 1463//733 1459//731 1559//781
f 1459//731 1463//733 1363//683
f 1461//732 1465//734 1561//782
f 1465//734 1461//732 1365//684
f 1467//735 1463//733 1563//783
f 1463//733 1467//735 1367//685
f 1465//734 1469//736 1565//784
f 1469//736 1465//734 1369//686
f 1471//737 1467//735 1567//785
f 1467//735 1471//737 1371//687
f 1469//736 1473//738 1569//786
f 1473//738 1469//736 1373//688
f 1475//739 1571//787 1572//788
f 1571//787 1475//739 1471//737
f 1471//737 1475//739 1375//689
f 1375//689 1475//739 1476//740
f 1575//789 1483//743 1576//790
f 1483//743 1575//789 1473//738
f 1483//743 1473//738 1385//694
f 1483//743 1385//694 1484//744
f 1408//706 1579//791 1509//756
f 1579//791 1408//706 1475//739
f 1581//792 1480//742 1582//793
f 1480//742 1581//792 1479//741
f 1585//794 1377//690 1479//741
f 1377//690 1585//794 1483//743
f 1587//795 1379//692 1488//746
f 1379//692 1587//795 1480//742
f 1488//746 1589//796 1590//797
f 1589//796 1488//746 1491//747
f 1491//747 1488//746 1387//695
f 1387//695 1488//746 1487//745
f 1491//747 1493//748 1593//798
f 1493//748 1491//747 1389//696
f 1493//748 1495//749 1595//799
f 1495//749 1493//748 1391//697
f 1495//749 1497//750 1597//800
f 1497//750 1495//749 1393//698
f 1497//750 1499//751 1599//801
f 1499//751 1497//750 1395//699
f 1499//751 1501//752 1601//802
f 1501//752 1499//751 1397//700
f 1501//752 1503//753 1603//803
f 1503//753 1501//752 1399//701
f 1503//753 1505//754 1605//804
f 1505//754 1503//753 1401//702
f 1505//754 1507//755 1607//805
f 1507//755 1505//754 1403//703
f 1507//755 1457//730 1557//780
f 1457//730 1507//755 1405//704
f 1510//757 1609//806 1610//807
f 1609//806 1510//757 1509//756
f 1409//707 1613//808 1514//759
f 1613//808 1409//707 1510//757
f 1615//809 1514//759 1616//810
f 1514//759 1615//809 1517//760
f 1514//759 1517//760 1415//709
f 1514//759 1415//709 1513//758
f 1519//761 1517//760 1619//811
f 1517//760 1519//761 1417//710
f 1521//762 1519//761 1621//812
f 1519//761 1521//762 1419//711
f 1523//763 1521//762 1623//813
f 1521//762 1523//763 1421//712
f 1525//764 1523//763 1625//814
f 1523//763 1525//764 1423//713
f 1527//765 1525//764 1627//815
f 1525//764 1527//765 1425//714
f 1529//766 1527//765 1629//816
f 1527//765 1529//766 1427//715
f 1531//767 1529//766 1631//817
f 1529//766 1531//767 1429//716
f 1533//768 1531//767 1633//818
f 1531//767 1533//768 1431//717
f 1435//719 1533//768 1535//769
f 1533//768 1435//719 1433//718
f 1437//720 1635//819 1537//770
f 1635//819 1437//720 1535//769
f 1439//721 1637//820 1539//771
f 1637//820 1439//721 1537//770
f 1441//722 1639//821 1541//772
f 1639//821 1441//722 1539//771
f 1443//723 1641//822 1543//773
f 1641//822 1443//723 1541//772
f 1445//724 1643//823 1545//774
f 1643//823 1445//724 1543//773
f 1559//781 1545//774 1645//824
f 1545//774 1559//781 1459//731
f 1547//775 1561//782 1647//825
f 1561//782 1547//775 1461//732
f 1649//826 1447//725 1547//775
f 1447//725 1649//826 1549//776
f 1651//827 1449//726 1549//776
f 1449//726 1651//827 1551//777
f 1653//828 1451//727 1551//777
f 1451//727 1653//828 1553//778
f 1655//829 1453//728 1553//778
f 1453//728 1655//829 1555//779
f 1657//830 1455//729 1555//779
f 1455//729 1657//830 1557//780
f 1563//783 1559//781 1659//831
f 1559//781 1563//783 1463//733
f 1561//782 1565//784 1661//832
f 1565//784 1561//782 1465//734
f 1567//785 1563//783 1663//833
f 1563//783 1567//785 1467//735
f 1565//784 1569//786 1665//834
f 1569//786 1565//784 1469//736
f 1572//788 1667//835 1668//836
f 1667//835 1572//788 1567//785
f 1567//785 1572//788 1571//787
f 1567//785 1571//787 1471//737
f 1671//837 1576//790 1672//838
f 1576//790 1671//837 1569//786
f 1576//790 1569//786 1575//789
f 1575//789 1569//786 1473//738
f 1675//839 1475//739 1572//788
f 1475//739 1675//839 1579//791
f 1483//743 1677//840 1576//790
f 1677//840 1483//743 1585//794
f 1509//756 1679//841 1609//806
f 1679//841 1509//756 1579//791
f 1681//842 1582//793 1682//843
f 1582//793 1681//842 1581//792
f 1685//844 1479//741 1581//792
f 1479//741 1685//844 1585//794
f 1687//845 1480//742 1587//795
f 1480//742 1687//845 1582//793
f 1689//846 1488//746 1590//797
f 1488//746 1689//846 1587//795
f 1590//797 1691//847 1692//848
f 1691//847 1590//797 1593//798
f 1593//798 1590//797 1589//796
f 1593//798 1589//796 1491//747
f 1593//798 1595//799 1695//849
f 1595//799 1593//798 1493//748
f 1595//799 1597//800 1697//850
f 1597//800 1595//799 1495//749
f 1597//800 1599//801 1699//851
f 1599//801 1597//800 1497//750
f 1599//801 1601//802 1701//852
f 1601//802 1599//801 1499//751
f 1601//802 1603//803 1703//853
f 1603//803 1601//802 1501//752
f 1603//803 1605//804 1705//854
f 1605//804 1603//803 1503//753
f 1605//804 1607//805 1707//855
f 1607//805 1605//804 1505//754
f 1607//805 1557//780 1657//830
f 1557//780 1607//805 1507//755
f 1610//807 1709//856 1710//857
f 1709//856 1610//807 1609//806
f 1510//757 1713//858 1613//808
f 1713//858 1510//757 1610//807
f 1514//759 1715//859 1616//810
f 1715//859 1514//759 1613//808
f 1717//860 1616//810 1718//861
f 1616//810 1717//860 1619//811
f 1616//810 1619//811 1615//809
f 1615//809 1619//811 1517//760
f 1621//812 1619//811 1721//862
f 1619//811 1621//812 1519//761
f 1623//813 1621//812 1723//863
f 1621//812 1623//813 1521//762
f 1625//814 1623//813 1725//864
f 1623//813 1625//814 1523//763
f 1627//815 1625//814 1727//865
f 1625//814 1627//815 1525//764
f 1629//816 1627//815 1729//866
f 1627//815 1629//816 1527//765
f 1631//817 1629//816 1731//867
f 1629//816 1631//817 1529//766
f 1633//818 1631//817 1733//868
f 1631//817 1633//818 1531//767
f 1535//769 1633//818 1635//819
f 1633//818 1535//769 1533//768
f 1537//770 1735//869 1637//820
f 1735//869 1537//770 1635//819
f 1539//771 1737//870 1639//821
f 1737//870 1539//771 1637//820
f 1541//772 1739//871 1641//822
f 1739//871 1541//772 1639//821
f 1543//773 1741//872 1643//823
f 1741//872 1543//773 1641//822
f 1545//774 1743//873 1645//824
f 1743//873 1545//774 1643//823
f 1659//831 1645//824 1745//874
f 1645//824 1659//831 1559//781
f 1647//825 1661//832 1747//875
f 1661//832 1647//825 1561//782
f 1749//876 1547//775 1647//825
f 1547//775 1749//876 1649//826
f 1751//877 1549//776 1649//826
f 1549//776 1751//877 1651//827
f 1753//878 1551//777 1651//827
f 1551//777 1753//878 1653//828
f 1755//879 1553//778 1653//828
f 1553//778 1755//879 1655//829
f 1757//880 1555//779 1655//829
f 1555//779 1757//880 1657//830
f 1663//833 1659//831 1759//881
f 1659//831 1663//833 1563//783
f 1661//832 1665//834 1761//882
f 1665//834 1661//832 1565//784
f 1668//836 1763//883 1764//884
f 1763//883 1668//836 1663//833
f 1663//833 1668//836 1567//785
f 1567//785 1668//836 1667//835
f 1767//885 1672//838 1768//886
f 1672//838 1767//885 1665//834
f 1672//838 1665//834 1569//786
f 1672//838 1569//786 1671//837
f 1771//887 1572//788 1668//836
f 1572//788 1771//887 1675//839
f 1576//790 1773//888 1672//838
f 1773//888 1576//790 1677//840
f 1775//889 1579//791 1675//839
f 1579//791 1775//889 1679//841
f 1585//794 1777//890 1677//840
f 1777//890 1585//794 1685//844
f 1609//806 1779//891 1709//856
f 1779//891 1609//806 1679//841
f 1781//892 1682//843 1782//893
f 1682//843 1781//892 1681//842
f 1785//894 1581//792 1681//842
f 1581//792 1785//894 1685//844
f 1787//895 1582//793 1687//845
f 1582//793 1787//895 1682//843
f 1789//896 1587//795 1689//846
f 1587//795 1789//896 1687//845
f 1791//897 1590//797 1692//848
f 1590//797 1791//897 1689//846
f 1692//848 1793//898 1794//899
f 1793//898 1692//848 1695//849
f 1695//849 1692//848 1691//847
f 1695//849 1691//847 1593//798
f 1695//849 1697//850 1797//900
f 1697//850 1695//849 1595//799
f 1597//800 1799//901 1697//850
f 1799//901 1597//800 1699//851
f 1699//851 1701//852 1801//902
f 1701//852 1699//851 1599//801
f 1701//852 1703//853 1803//903
f 1703//853 1701//852 1601//802
f 1703//853 1705//854 1805//904
f 1705//854 1703//853 1603//803
f 1705//854 1707//855 1807//905
f 1707//855 1705//854 1605//804
f 1707//855 1657//830 1757//880
f 1657//830 1707//855 1607//805
f 1710//857 1809//906 1810//907
f 1809//906 1710//857 1709//856
f 1610//807 1813//908 1713//858
f 1813//908 1610//807 1710//857
f 1613//808 1815//909 1715//859
f 1815//909 1613//808 1713//858
f 1616//810 1817//910 1718//861
f 1817//910 1616//810 1715//859
f 1819//911 1718//861 1820//912
f 1718//861 1819//911 1721//862
f 1718//861 1721//862 1717//860
f 1717//860 1721//862 1619//811
f 1723//863 1721//862 1823//913
f 1721//862 1723//863 1621//812
f 1825//914 1623//813 1723//863
f 1623//813 1825//914 1725//864
f 1727//865 1725//864 1827//915
f 1725//864 1727//865 1625//814
f 1729//866 1727//865 1829//916
f 1727//865 1729//866 1627//815
f 1731//867 1729//866 1831//917
f 1729//866 1731//867 1629//816
f 1733//868 1731//867 1833//918
f 1731//867 1733//868 1631//817
f 1635//819 1733//868 1735//869
f 1733//868 1635//819 1633//818
f 1637//820 1835//919 1737//870
f 1835//919 1637//820 1735//869
f 1639//821 1837//920 1739//871
f 1837//920 1639//821 1737//870
f 1641//822 1839//921 1741//872
f 1839//921 1641//822 1739//871
f 1643//823 1841//922 1743//873
f 1841//922 1643//823 1741//872
f 1645//824 1843//923 1745//874
f 1843//923 1645//824 1743//873
f 1759//881 1745//874 1845//924
f 1745//874 1759//881 1659//831
f 1747//875 1761//882 1847//925
f 1761//882 1747//875 1661//832
f 1849//926 1647//825 1747//875
f 1647//825 1849//926 1749//876
f 1851//927 1649//826 1749//876
f 1649//826 1851//927 1751//877
f 1853//928 1651//827 1751//877
f 1651//827 1853//928 1753//878
f 1855//929 1653//828 1753//878
f 1653//828 1855//929 1755//879
f 1857//930 1655//829 1755//879
f 1655//829 1857//930 1757//880
f 1764//884 1859//931 1860//932
f 1859//931 1764//884 1759//881
f 1759//881 1764//884 1763//883
f 1759//881 1763//883 1663//833
f 1863//933 1768//886 1864//934
f 1768//886 1863//933 1761//882
f 1768//886 1761//882 1767//885
f 1767//885 1761//882 1665//834
f 1867//935 1668//836 1764//884
f 1668//836 1867//935 1771//887
f 1672//838 1869//936 1768//886
f 1869//936 1672//838 1773//888
f 1871//937 1675//839 1771//887
f 1675//839 1871//937 1775//889
f 1677//840 1873//938 1773//888
f 1873//938 1677//840 1777//890
f 1875//939 1679//841 1775//889
f 1679//841 1875//939 1779//891
f 1685//844 1877//940 1777//890
f 1877//940 1685//844 1785//894
f 1709//856 1879//941 1809//906
f 1879//941 1709//856 1779//891
f 1881//942 1782//893 1882//943
f 1782//893 1881//942 1781//892
f 1885//944 1681//842 1781//892
f 1681//842 1885//944 1785//894
f 1887//945 1682//843 1787//895
f 1682//843 1887//945 1782//893
f 1889//946 1687//845 1789//896
f 1687//845 1889//946 1787//895
f 1891//947 1689//846 1791//897
f 1689//846 1891//947 1789//896
f 1893//948 1692//848 1794//899
f 1692//848 1893//948 1791//897
f 1794//899 1895//949 1896//950
f 1895//949 1794//899 1797//900
f 1797//900 1794//899 1695//849
f 1695//849 1794//899 1793//898
f 1697//850 1899//951 1797//900
f 1899//951 1697//850 1799//901
f 1699//851 1901//952 1799//901
f 1901//952 1699//851 1801//902
f 1801//902 1803//903 1903//953
f 1803//903 1801//902 1701//852
f 1803//903 1805//904 1905//954
f 1805//904 1803//903 1703//853
f 1805//904 1807//905 1907//955
f 1807//905 1805//904 1705//854
f 1807//905 1757//880 1857//930
f 1757//880 1807//905 1707//855
f 1810//907 1909//956 1910//957
f 1909//956 1810//907 1809//906
f 1710//857 1913//958 1813//908
f 1913//958 1710//857 1810//907
f 1713//858 1915//959 1815//909
f 1915//959 1713//858 1813//908
f 1715//859 1917//960 1817//910
f 1917//960 1715//859 1815//909
f 1718//861 1919//961 1820//912
f 1919//961 1718//861 1817//910
f 1921//962 1820//912 1922//963
f 1820//912 1921//962 1823//913
f 1820//912 1823//913 1721//862
f 1820//912 1721//862 1819//911
f 1925//964 1723//863 1823//913
f 1723//863 1925//964 1825//914
f 1927//965 1725//864 1825//914
f 1725//864 1927//965 1827//915
f 1829//916 1827//915 1929//966
f 1827//915 1829//916 1727//865
f 1831//917 1829//916 1931//967
f 1829//916 1831//917 1729//866
f 1833//918 1831//917 1933//968
f 1831//917 1833//918 1731//867
f 1735//869 1833//918 1835//919
f 1833//918 1735//869 1733//868
f 1737//870 1935//969 1837//920
f 1935//969 1737//870 1835//919
f 1739//871 1937//970 1839//921
f 1937//970 1739//871 1837//920
f 1741//872 1939//971 1841//922
f 1939//971 1741//872 1839//921
f 1743//873 1941//972 1843//923
f 1941//972 1743//873 1841//922
f 1845//924 1843//923 1943//973
f 1843//923 1845//924 1745//874
f 1860//932 1945//974 1946//975
f 1945//974 1860//932 1845//924
f 1845//924 1860//932 1859//931
f 1845//924 1859//931 1759//881
f 1949//976 1864//934 1950//977
f 1864//934 1949//976 1847//925
f 1864//934 1847//925 1863//933
f 1863//933 1847//925 1761//882
f 1849//926 1847//925 1953//978
f 1847//925 1849//926 1747//875
f 1955//979 1749//876 1849//926
f 1749//876 1955//979 1851//927
f 1957//980 1751//877 1851//927
f 1751//877 1957//980 1853//928
f 1959//981 1753//878 1853//928
f 1753//878 1959//981 1855//929
f 1961//982 1755//879 1855//929
f 1755//879 1961//982 1857//930
f 1963//983 1764//884 1860//932
f 1764//884 1963//983 1867//935
f 1768//886 1965//984 1864//934
f 1965//984 1768//886 1869//936
f 1967//985 1771//887 1867//935
f 1771//887 1967//985 1871//937
f 1773//888 1969//986 1869//936
f 1969//986 1773//888 1873//938
f 1971//987 1775//889 1871//937
f 1775//889 1971//987 1875//939
f 1777//890 1973//988 1873//938
f 1973//988 1777//890 1877//940
f 1975//989 1779//891 1875//939
f 1779//891 1975//989 1879//941
f 1785//894 1977//990 1877//940
f 1977//990 1785//894 1885//944
f 1809//906 1979//991 1909//956
f 1979//991 1809//906 1879//941
f 1981//992 1882//943 1982//993
f 1882//943 1981//992 1881//942
f 1985//994 1781//892 1881//942
f 1781//892 1985//994 1885//944
f 1987//995 1782//893 1887//945
f 1782//893 1987//995 1882//943
f 1989//996 1787//895 1889//946
f 1787//895 1989//996 1887//945
f 1991//997 1789//896 1891//947
f 1789//896 1991//997 1889//946
f 1993//998 1791//897 1893//948
f 1791//897 1993//998 1891//947
f 1995//999 1794//899 1896//950
f 1794//899 1995//999 1893//948
f 1895//949 1997//1000 1896//950
f 1997//1000 1895//949 1998//1001
f 1998//1001 1895//949 1797//900
f 1998//1001 1797//900 1899//951
f 1799//901 2001//1002 1899//951
f 2001//1002 1799//901 1901//952
f 1801//902 2003//1003 1901//952
f 2003//1003 1801//902 1903//953
f 1903//953 1905//954 2005//1004
f 1905//954 1903//953 1803//903
f 1905//954 1907//955 2007//1005
f 1907//955 1905//954 1805//904
f 1907//955 1857//930 1961//982
f 1857//930 1907//955 1807//905
f 1910//957 2009//1006 2010//1007
f 2009//1006 1910//957 1909//956
f 1810//907 2013//1008 1913//958
f 2013//1008 1810//907 1910//957
f 1813//908 2015//1009 1915//959
f 2015//1009 1813//908 1913//958
f 1815//909 2017//1010 1917//960
f 2017//1010 1815//909 1915//959
f 1817//910 2019//1011 1919//961
f 2019//1011 1817//910 1917//960
f 1820//912 2021//1012 1922//963
f 2021//1012 1820//912 1919//961
f 2023//1013 1921//962 1922//963
f 1921//962 2023//1013 2024//1014
f 1921//962 2024//1014 1823//913
f 1823//913 2024//1014 1925//964
f 2027//1015 1825//914 1925//964
f 1825//914 2027//1015 1927//965
f 2029//1016 1827//915 1927//965
f 1827//915 2029//1016 1929//966
f 1931//967 1929//966 2031//1017
f 1929//966 1931//967 1829//916
f 1933//968 1931//967 2033//1018
f 1931//967 1933//968 1831//917
f 1835//919 1933//968 1935//969
f 1933//968 1835//919 1833//918
f 1837//920 2035//1019 1937//970
f 2035//1019 1837//920 1935//969
f 1839//921 2037//1020 1939//971
f 2037//1020 1839//921 1937//970
f 1841//922 2039//1021 1941//972
f 2039//1021 1841//922 1939//971
f 1943//973 1941//972 2041//1022
f 1941//972 1943//973 1843//923
f 1946//975 2043//1023 2044//1024
f 2043//1023 1946//975 1945//974
f 2043//1023 1945//974 1943//973
f 1943//973 1945//974 1845//924
f 2047//1025 1860//932 1946//975
f 1860//932 2047//1025 1963//983
f 1864//934 2049//1026 1950//977
f 2049//1026 1864//934 1965//984
f 2051//1027 1950//977 2052//1028
f 1950//977 2051//1027 1949//976
f 1949//976 2051//1027 1953//978
f 1949//976 1953//978 1847//925
f 1955//979 1953//978 2055//1029
f 1953//978 1955//979 1849//926
f 2057//1030 1851//927 1955//979
f 1851//927 2057//1030 1957//980
f 2059//1031 1853//928 1957//980
f 1853//928 2059//1031 1959//981
f 2061//1032 1855//929 1959//981
f 1855//929 2061//1032 1961//982
f 2063//1033 1867//935 1963//983
f 1867//935 2063//1033 1967//985
f 1869//936 2065//1034 1965//984
f 2065//1034 1869//936 1969//986
f 2067//1035 1871//937 1967//985
f 1871//937 2067//1035 1971//987
f 1873//938 2069//1036 1969//986
f 2069//1036 1873//938 1973//988
f 2071//1037 1875//939 1971//987
f 1875//939 2071//1037 1975//989
f 1877//940 2073//1038 1973//988
f 2073//1038 1877//940 1977//990
f 2075//1039 1879//941 1975//989
f 1879//941 2075//1039 1979//991
f 1885//944 2077//1040 1977//990
f 2077//1040 1885//944 1985//994
f 1909//956 2079//1041 2009//1006
f 2079//1041 1909//956 2080//1042
f 2080//1042 1909//956 1979//991
f 2083//1043 1982//993 2084//1044
f 1982//993 2083//1043 1981//992
f 2087//1045 1881//942 1981//992
f 1881//942 2087//1045 2088//1046
f 1881//942 2088//1046 1985//994
f 2091//1047 1882//943 1987//995
f 1882//943 2091//1047 1982//993
f 2093//1048 1887//945 1989//996
f 1887//945 2093//1048 1987//995
f 2095//1049 1889//946 1991//997
f 1889//946 2095//1049 1989//996
f 2097//1050 1891//947 1993//998
f 1891//947 2097//1050 1991//997
f 1893//948 2099//1051 1993//998
f 2099//1051 1893//948 1995//999
f 1896//950 2101//1052 1995//999
f 2101//1052 1896//950 1997//1000
f 1998//1001 2103//1053 1997//1000
f 2103//1053 1998//1001 2104//1054
f 2104//1054 1998//1001 1899//951
f 2104//1054 1899//951 2001//1002
f 1901//952 2107//1055 2001//1002
f 2107//1055 1901//952 2003//1003
f 1903//953 2109//1056 2003//1003
f 2109//1056 1903//953 2005//1004
f 2005//1004 2007//1005 2111//1057
f 2007//1005 2005//1004 1905//954
f 2007//1005 1961//982 2061//1032
f 1961//982 2007//1005 1907//955
f 2010//1007 2113//1058 2114//1059
f 2113//1058 2010//1007 2009//1006
f 1910//957 2117//1060 2013//1008
f 2117//1060 1910//957 2010//1007
f 1913//958 2119//1061 2015//1009
f 2119//1061 1913//958 2013//1008
f 1915//959 2121//1062 2017//1010
f 2121//1062 1915//959 2015//1009
f 1917//960 2123//1063 2019//1011
f 2123//1063 1917//960 2017//1010
f 2125//1064 1919//961 2019//1011
f 1919//961 2125//1064 2021//1012
f 2127//1065 1922//963 2021//1012
f 1922//963 2127//1065 2023//1013
f 2129//1066 2024//1014 2023//1013
f 2024//1014 2129//1066 2130//1067
f 2024//1014 2130//1067 1925//964
f 1925//964 2130//1067 2027//1015
f 2133//1068 1927//965 2027//1015
f 1927//965 2133//1068 2029//1016
f 2135//1069 1929//966 2029//1016
f 1929//966 2135//1069 2031//1017
f 2033//1018 2031//1017 2137//1070
f 2031//1017 2033//1018 1931//967
f 1935//969 2033//1018 2035//1019
f 2033//1018 1935//969 1933//968
f 1937//970 2139//1071 2037//1020
f 2139//1071 1937//970 2035//1019
f 1939//971 2141//1072 2039//1021
f 2141//1072 1939//971 2037//1020
f 2041//1022 2039//1021 2143//1073
f 2039//1021 2041//1022 1941//972
f 2044//1024 2145//1074 2146//1075
f 2145//1074 2044//1024 2043//1023
f 2145//1074 2043//1023 2041//1022
f 2041//1022 2043//1023 1943//973
f 2047//1025 2044//1024 2149//1076
f 2044//1024 2047//1025 1946//975
f 2063//1033 2047//1025 2151//1077
f 2047//1025 2063//1033 1963//983
f 2049//1026 2065//1034 2153//1078
f 2065//1034 2049//1026 1965//984
f 2052//1028 2049//1026 2155//1079
f 2049//1026 2052//1028 1950//977
f 2157//1080 2052//1028 2158//1081
f 2052//1028 2157//1080 2051//1027
f 2051//1027 2157//1080 2055//1029
f 2051//1027 2055//1029 1953//978
f 2057//1030 2055//1029 2161//1082
f 2055//1029 2057//1030 1955//979
f 2163//1083 1957//980 2057//1030
f 1957//980 2163//1083 2059//1031
f 2165//1084 1959//981 2059//1031
f 1959//981 2165//1084 2061//1032
f 2167//1085 1967//985 2063//1033
f 1967//985 2167//1085 2067//1035
f 1969//986 2169//1086 2065//1034
f 2169//1086 1969//986 2069//1036
f 2171//1087 1971//987 2067//1035
f 1971//987 2171//1087 2071//1037
f 1973//988 2173//1088 2069//1036
f 2173//1088 1973//988 2073//1038
f 2175//1089 1975//989 2071//1037
f 1975//989 2175//1089 2075//1039
f 1977//990 2177//1090 2073//1038
f 2177//1090 1977//990 2077//1040
f 2179//1091 1979//991 2075//1039
f 1979//991 2179//1091 2080//1042
f 1985//994 2181//1092 2077//1040
f 2181//1092 1985//994 2088//1046
f 2079//1041 2113//1058 2009//1006
f 2183//1093 2084//1044 2184//1094
f 2084//1044 2183//1093 2083//1043
f 2087//1045 1981//992 2083//1043
f 2084//1044 2091//1047 2187//1095
f 2091//1047 2084//1044 1982//993
f 2189//1096 1987//995 2093//1048
f 1987//995 2189//1096 2091//1047
f 2191//1097 1989//996 2095//1049
f 1989//996 2191//1097 2093//1048
f 2193//1098 1991//997 2097//1050
f 1991//997 2193//1098 2095//1049
f 1993//998 2195//1099 2097//1050
f 2195//1099 1993//998 2099//1051
f 1995//999 2197//1100 2099//1051
f 2197//1100 1995//999 2101//1052
f 1997//1000 2199//1101 2101//1052
f 2199//1101 1997//1000 2103//1053
f 2104//1054 2201//1102 2103//1053
f 2201//1102 2104//1054 2202//1103
f 2202//1103 2104//1054 2001//1002
f 2202//1103 2001//1002 2107//1055
f 2003//1003 2205//1104 2107//1055
f 2205//1104 2003//1003 2109//1056
f 2005//1004 2207//1105 2109//1056
f 2207//1105 2005//1004 2111//1057
f 2111//1057 2061//1032 2165//1084
f 2061//1032 2111//1057 2007//1005
f 2114//1059 2209//1106 2210//1107
f 2209//1106 2114//1059 2113//1058
f 2114//1059 2117//1060 2010//1007
f 2117//1060 2114//1059 2213//1108
f 2013//1008 2215//1109 2119//1061
f 2215//1109 2013//1008 2117//1060
f 2015//1009 2217//1110 2121//1062
f 2217//1110 2015//1009 2119//1061
f 2017//1010 2219//1111 2123//1063
f 2219//1111 2017//1010 2121//1062
f 2221//1112 2019//1011 2123//1063
f 2019//1011 2221//1112 2125//1064
f 2223//1113 2021//1012 2125//1064
f 2021//1012 2223//1113 2127//1065
f 2225//1114 2023//1013 2127//1065
f 2023//1013 2225//1114 2129//1066
f 2227//1115 2130//1067 2129//1066
f 2130//1067 2227//1115 2228//1116
f 2130//1067 2228//1116 2027//1015
f 2027//1015 2228//1116 2133//1068
f 2231//1117 2029//1016 2133//1068
f 2029//1016 2231//1117 2135//1069
f 2233//1118 2031//1017 2135//1069
f 2031//1017 2233//1118 2137//1070
f 2035//1019 2137//1070 2139//1071
f 2137//1070 2035//1019 2033//1018
f 2037//1020 2235//1119 2141//1072
f 2235//1119 2037//1020 2139//1071
f 2143//1073 2141//1072 2237//1120
f 2141//1072 2143//1073 2039//1021
f 2146//1075 2239//1121 2240//1122
f 2239//1121 2146//1075 2145//1074
f 2239//1121 2145//1074 2143//1073
f 2143//1073 2145//1074 2041//1022
f 2149//1076 2146//1075 2243//1123
f 2146//1075 2149//1076 2044//1024
f 2151//1077 2149//1076 2245//1124
f 2149//1076 2151//1077 2047//1025
f 2167//1085 2151//1077 2247//1125
f 2151//1077 2167//1085 2063//1033
f 2153//1078 2169//1086 2249//1126
f 2169//1086 2153//1078 2065//1034
f 2155//1079 2153//1078 2251//1127
f 2153//1078 2155//1079 2049//1026
f 2158//1081 2155//1079 2253//1128
f 2155//1079 2158//1081 2052//1028
f 2255//1129 2158//1081 2256//1130
f 2158//1081 2255//1129 2157//1080
f 2157//1080 2255//1129 2161//1082
f 2157//1080 2161//1082 2055//1029
f 2163//1083 2161//1082 2259//1131
f 2161//1082 2163//1083 2057//1030
f 2261//1132 2059//1031 2163//1083
f 2059//1031 2261//1132 2165//1084
f 2263//1133 2067//1035 2167//1085
f 2067//1035 2263//1133 2171//1087
f 2069//1036 2265//1134 2169//1086
f 2265//1134 2069//1036 2173//1088
f 2267//1135 2071//1037 2171//1087
f 2071//1037 2267//1135 2175//1089
f 2073//1038 2269//1136 2173//1088
f 2269//1136 2073//1038 2177//1090
f 2271//1137 2075//1039 2175//1089
f 2075//1039 2271//1137 2179//1091
f 2077//1040 2273//1138 2177//1090
f 2273//1138 2077//1040 2181//1092
f 2113//1058 2275//1139 2209//1106
f 2275//1139 2113//1058 2079//1041
f 2275//1139 2079//1041 2276//1140
f 2279//1141 2184//1094 2280//1142
f 2184//1094 2279//1141 2183//1093
f 2283//1143 2083//1043 2183//1093
f 2083//1043 2283//1143 2087//1045
f 2087//1045 2283//1143 2284//1144
f 2184//1094 2187//1095 2287//1145
f 2187//1095 2184//1094 2084//1044
f 2187//1095 2189//1096 2289//1146
f 2189//1096 2187//1095 2091//1047
f 2291//1147 2093//1048 2191//1097
f 2093//1048 2291//1147 2189//1096
f 2293//1148 2095//1049 2193//1098
f 2095//1049 2293//1148 2191//1097
f 2097//1050 2295//1149 2193//1098
f 2295//1149 2097//1050 2195//1099
f 2099//1051 2297//1150 2195//1099
f 2297//1150 2099//1051 2197//1100
f 2101//1052 2299//1151 2197//1100
f 2299//1151 2101//1052 2199//1101
f 2103//1053 2301//1152 2199//1101
f 2301//1152 2103//1053 2201//1102
f 2202//1103 2303//1153 2201//1102
f 2303//1153 2202//1103 2304//1154
f 2304//1154 2202//1103 2107//1055
f 2304//1154 2107//1055 2205//1104
f 2109//1056 2307//1155 2205//1104
f 2307//1155 2109//1056 2207//1105
f 2111//1057 2261//1132 2207//1105
f 2261//1132 2111//1057 2165//1084
f 2210//1107 2309//1156 2310//1157
f 2309//1156 2210//1107 2209//1106
f 2210//1107 2213//1108 2114//1059
f 2213//1108 2210//1107 2313//1158
f 2213//1108 2215//1109 2117//1060
f 2215//1109 2213//1108 2315//1159
f 2119//1061 2317//1160 2217//1110
f 2317//1160 2119//1061 2215//1109
f 2121//1062 2319//1161 2219//1111
f 2319//1161 2121//1062 2217//1110
f 2321//1162 2123//1063 2219//1111
f 2123//1063 2321//1162 2221//1112
f 2323//1163 2125//1064 2221//1112
f 2125//1064 2323//1163 2223//1113
f 2325//1164 2127//1065 2223//1113
f 2127//1065 2325//1164 2225//1114
f 2327//1165 2129//1066 2225//1114
f 2129//1066 2327//1165 2227//1115
f 2329//1166 2228//1116 2227//1115
f 2228//1116 2329//1166 2330//1167
f 2228//1116 2330//1167 2133//1068
f 2133//1068 2330//1167 2231//1117
f 2333//1168 2135//1069 2231//1117
f 2135//1069 2333//1168 2233//1118
f 2235//1119 2137//1070 2233//1118
f 2137//1070 2235//1119 2139//1071
f 2237//1120 2235//1119 2335//1169
f 2235//1119 2237//1120 2141//1072
f 2240//1122 2337//1170 2338//1171
f 2337//1170 2240//1122 2239//1121
f 2337//1170 2239//1121 2237//1120
f 2237//1120 2239//1121 2143//1073
f 2243//1123 2240//1122 2341//1172
f 2240//1122 2243//1123 2146//1075
f 2245//1124 2243//1123 2343//1173
f 2243//1123 2245//1124 2149//1076
f 2247//1125 2245//1124 2345//1174
f 2245//1124 2247//1125 2151//1077
f 2263//1133 2247//1125 2347//1175
f 2247//1125 2263//1133 2167//1085
f 2249//1126 2265//1134 2349//1176
f 2265//1134 2249//1126 2169//1086
f 2251//1127 2249//1126 2351//1177
f 2249//1126 2251//1127 2153//1078
f 2253//1128 2251//1127 2353//1178
f 2251//1127 2253//1128 2155//1079
f 2256//1130 2253//1128 2355//1179
f 2253//1128 2256//1130 2158//1081
f 2357//1180 2256//1130 2358//1181
f 2256//1130 2357//1180 2255//1129
f 2255//1129 2357//1180 2259//1131
f 2255//1129 2259//1131 2161//1082
f 2261//1132 2259//1131 2361//1182
f 2259//1131 2261//1132 2163//1083
f 2363//1183 2171//1087 2263//1133
f 2171//1087 2363//1183 2267//1135
f 2173//1088 2365//1184 2265//1134
f 2365//1184 2173//1088 2269//1136
f 2367//1185 2175//1089 2267//1135
f 2175//1089 2367//1185 2271//1137
f 2177//1090 2369//1186 2269//1136
f 2369//1186 2177//1090 2273//1138
f 2371//1187 2276//1140 2372//1188
f 2276//1140 2371//1187 2275//1139
f 2209//1106 2375//1189 2309//1156
f 2375//1189 2209//1106 2275//1139
f 2377//1190 2280//1142 2378//1191
f 2280//1142 2377//1190 2279//1141
f 2381//1192 2183//1093 2279//1141
f 2183//1093 2381//1192 2283//1143
f 2280//1142 2287//1145 2383//1193
f 2287//1145 2280//1142 2184//1094
f 2385//1194 2284//1144 2283//1143
f 2284//1144 2385//1194 2386//1195
f 2287//1145 2289//1146 2389//1196
f 2289//1146 2287//1145 2187//1095
f 2289//1146 2291//1147 2391//1197
f 2291//1147 2289//1146 2189//1096
f 2393//1198 2191//1097 2293//1148
f 2191//1097 2393//1198 2291//1147
f 2193//1098 2395//1199 2293//1148
f 2395//1199 2193//1098 2295//1149
f 2195//1099 2397//1200 2295//1149
f 2397//1200 2195//1099 2297//1150
f 2197//1100 2399//1201 2297//1150
f 2399//1201 2197//1100 2299//1151
f 2199//1101 2401//1202 2299//1151
f 2401//1202 2199//1101 2301//1152
f 2201//1102 2403//1203 2301//1152
f 2403//1203 2201//1102 2303//1153
f 2304//1154 2405//1204 2303//1153
f 2405//1204 2304//1154 2406//1205
f 2406//1205 2304//1154 2205//1104
f 2406//1205 2205//1104 2307//1155
f 2207//1105 2361//1182 2307//1155
f 2361//1182 2207//1105 2261//1132
f 2310//1157 2409//1206 2410//1207
f 2409//1206 2310//1157 2309//1156
f 2310//1157 2313//1158 2210//1107
f 2313//1158 2310//1157 2413//1208
f 2313//1158 2315//1159 2213//1108
f 2315//1159 2313//1158 2415//1209
f 2315//1159 2317//1160 2215//1109
f 2317//1160 2315//1159 2417//1210
f 2217//1110 2419//1211 2319//1161
f 2419//1211 2217//1110 2317//1160
f 2421//1212 2219//1111 2319//1161
f 2219//1111 2421//1212 2321//1162
f 2423//1213 2221//1112 2321//1162
f 2221//1112 2423//1213 2323//1163
f 2425//1214 2223//1113 2323//1163
f 2223//1113 2425//1214 2325//1164
f 2427//1215 2225//1114 2325//1164
f 2225//1114 2427//1215 2327//1165
f 2429//1216 2227//1115 2327//1165
f 2227//1115 2429//1216 2329//1166
f 2431//1217 2330//1167 2329//1166
f 2330//1167 2431//1217 2432//1218
f 2330//1167 2432//1218 2231//1117
f 2231//1117 2432//1218 2333//1168
f 2335//1169 2233//1118 2333//1168
f 2233//1118 2335//1169 2235//1119
f 2338//1171 2435//1219 2436//1220
f 2435//1219 2338//1171 2337//1170
f 2435//1219 2337//1170 2335//1169
f 2335//1169 2337//1170 2237//1120
f 2341//1172 2338//1171 2439//1221
f 2338//1171 2341//1172 2240//1122
f 2343//1173 2341//1172 2441//1222
f 2341//1172 2343//1173 2243//1123
f 2345//1174 2343//1173 2443//1223
f 2343//1173 2345//1174 2245//1124
f 2347//1175 2345//1174 2445//1224
f 2345//1174 2347//1175 2247//1125
f 2363//1183 2347//1175 2447//1225
f 2347//1175 2363//1183 2263//1133
f 2349//1176 2365//1184 2449//1226
f 2365//1184 2349//1176 2265//1134
f 2351//1177 2349//1176 2451//1227
f 2349//1176 2351//1177 2249//1126
f 2353//1178 2351//1177 2453//1228
f 2351//1177 2353//1178 2251//1127
f 2355//1179 2353//1178 2455//1229
f 2353//1178 2355//1179 2253//1128
f 2358//1181 2355//1179 2457//1230
f 2355//1179 2358//1181 2256//1130
f 2459//1231 2358//1181 2460//1232
f 2358//1181 2459//1231 2357//1180
f 2357//1180 2459//1231 2361//1182
f 2357//1180 2361//1182 2259//1131
f 2463//1233 2267//1135 2363//1183
f 2267//1135 2463//1233 2367//1185
f 2269//1136 2465//1234 2365//1184
f 2465//1234 2269//1136 2369//1186
f 2467//1235 2372//1188 2468//1236
f 2372//1188 2467//1235 2371//1187
f 2471//1237 2275//1139 2371//1187
f 2275//1139 2471//1237 2375//1189
f 2309//1156 2473//1238 2409//1206
f 2473//1238 2309//1156 2375//1189
f 2475//1239 2378//1191 2476//1240
f 2378//1191 2475//1239 2377//1190
f 2479//1241 2279//1141 2377//1190
f 2279//1141 2479//1241 2381//1192
f 2378//1191 2383//1193 2481//1242
f 2383//1193 2378//1191 2280//1142
f 2483//1243 2283//1143 2381//1192
f 2283//1143 2483//1243 2385//1194
f 2383//1193 2389//1196 2485//1244
f 2389//1196 2383//1193 2287//1145
f 2386//1195 2487//1245 2488//1246
f 2487//1245 2386//1195 2385//1194
f 2389//1196 2391//1197 2491//1247
f 2391//1197 2389//1196 2289//1146
f 2391//1197 2393//1198 2493//1248
f 2393//1198 2391//1197 2291//1147
f 2293//1148 2495//1249 2393//1198
f 2495//1249 2293//1148 2395//1199
f 2295//1149 2497//1250 2395//1199
f 2497//1250 2295//1149 2397//1200
f 2297//1150 2499//1251 2397//1200
f 2499//1251 2297//1150 2399//1201
f 2299//1151 2501//1252 2399//1201
f 2501//1252 2299//1151 2401//1202
f 2301//1152 2503//1253 2401//1202
f 2503//1253 2301//1152 2403//1203
f 2303//1153 2505//1254 2403//1203
f 2505//1254 2303//1153 2405//1204
f 2406//1205 2460//1232 2405//1204
f 2460//1232 2406//1205 2459//1231
f 2459//1231 2406//1205 2307//1155
f 2459//1231 2307//1155 2361//1182
f 2410//1207 2507//1255 2508//1256
f 2507//1255 2410//1207 2409//1206
f 2410//1207 2413//1208 2310//1157
f 2413//1208 2410//1207 2511//1257
f 2413//1208 2415//1209 2313//1158
f 2415//1209 2413//1208 2513//1258
f 2415//1209 2417//1210 2315//1159
f 2417//1210 2415//1209 2515//1259
f 2417//1210 2419//1211 2317//1160
f 2419//1211 2417//1210 2517//1260
f 2519//1261 2319//1161 2419//1211
f 2319//1161 2519//1261 2421//1212
f 2521//1262 2321//1162 2421//1212
f 2321//1162 2521//1262 2423//1213
f 2523//1263 2323//1163 2423//1213
f 2323//1163 2523//1263 2425//1214
f 2525//1264 2325//1164 2425//1214
f 2325//1164 2525//1264 2427//1215
f 2527//1265 2327//1165 2427//1215
f 2327//1165 2527//1265 2429//1216
f 2529//1266 2329//1166 2429//1216
f 2329//1166 2529//1266 2431//1217
f 2436//1220 2432//1218 2431//1217
f 2432//1218 2436//1220 2435//1219
f 2432//1218 2435//1219 2333//1168
f 2333//1168 2435//1219 2335//1169
f 2439//1221 2436//1220 2531//1267
f 2436//1220 2439//1221 2338//1171
f 2441//1222 2439//1221 2533//1268
f 2439//1221 2441//1222 2341//1172
f 2443//1223 2441//1222 2535//1269
f 2441//1222 2443//1223 2343//1173
f 2445//1224 2443//1223 2537//1270
f 2443//1223 2445//1224 2345//1174
f 2447//1225 2445//1224 2539//1271
f 2445//1224 2447//1225 2347//1175
f 2463//1233 2447//1225 2541//1272
f 2447//1225 2463//1233 2363//1183
f 2449//1226 2465//1234 2543//1273
f 2465//1234 2449//1226 2365//1184
f 2451//1227 2449//1226 2545//1274
f 2449//1226 2451//1227 2349//1176
f 2453//1228 2451//1227 2547//1275
f 2451//1227 2453//1228 2351//1177
f 2455//1229 2453//1228 2549//1276
f 2453//1228 2455//1229 2353//1178
f 2457//1230 2455//1229 2551//1277
f 2455//1229 2457//1230 2355//1179
f 2460//1232 2457//1230 2553//1278
f 2457//1230 2460//1232 2358//1181
f 2555//1279 2468//1236 2556//1280
f 2468//1236 2555//1279 2467//1235
f 2559//1281 2371//1187 2467//1235
f 2371//1187 2559//1281 2471//1237
f 2561//1282 2375//1189 2471//1237
f 2375//1189 2561//1282 2473//1238
f 2409//1206 2563//1283 2507//1255
f 2563//1283 2409//1206 2473//1238
f 2565//1284 2476//1240 2566//1285
f 2476//1240 2565//1284 2475//1239
f 2569//1286 2377//1190 2475//1239
f 2377//1190 2569//1286 2479//1241
f 2476//1240 2481//1242 2571//1287
f 2481//1242 2476//1240 2378//1191
f 2573//1288 2381//1192 2479//1241
f 2381//1192 2573//1288 2483//1243
f 2481//1242 2485//1244 2575//1289
f 2485//1244 2481//1242 2383//1193
f 2577//1290 2385//1194 2483//1243
f 2385//1194 2577//1290 2487//1245
f 2485//1244 2491//1247 2579//1291
f 2491//1247 2485//1244 2389//1196
f 2488//1246 2581//1292 2582//1293
f 2581//1292 2488//1246 2487//1245
f 2491//1247 2493//1248 2585//1294
f 2493//1248 2491//1247 2391//1197
f 2393//1198 2587//1295 2493//1248
f 2587//1295 2393//1198 2495//1249
f 2395//1199 2589//1296 2495//1249
f 2589//1296 2395//1199 2497//1250
f 2397//1200 2591//1297 2497//1250
f 2591//1297 2397//1200 2499//1251
f 2399//1201 2593//1298 2499//1251
f 2593//1298 2399//1201 2501//1252
f 2401//1202 2595//1299 2501//1252
f 2595//1299 2401//1202 2503//1253
f 2403//1203 2597//1300 2503//1253
f 2597//1300 2403//1203 2505//1254
f 2405//1204 2553//1278 2505//1254
f 2553//1278 2405//1204 2460//1232
f 2508//1256 2599//1301 2600//1302
f 2599//1301 2508//1256 2507//1255
f 2508//1256 2511//1257 2410//1207
f 2511//1257 2508//1256 2603//1303
f 2511//1257 2513//1258 2413//1208
f 2513//1258 2511//1257 2605//1304
f 2513//1258 2515//1259 2415//1209
f 2515//1259 2513//1258 2607//1305
f 2515//1259 2517//1260 2417//1210
f 2517//1260 2515//1259 2609//1306
f 2611//1307 2419//1211 2517//1260
f 2419//1211 2611//1307 2519//1261
f 2613//1308 2421//1212 2519//1261
f 2421//1212 2613//1308 2521//1262
f 2615//1309 2423//1213 2521//1262
f 2423//1213 2615//1309 2523//1263
f 2617//1310 2425//1214 2523//1263
f 2425//1214 2617//1310 2525//1264
f 2619//1311 2427//1215 2525//1264
f 2427//1215 2619//1311 2527//1265
f 2621//1312 2429//1216 2527//1265
f 2429//1216 2621//1312 2529//1266
f 2531//1267 2431//1217 2529//1266
f 2431//1217 2531//1267 2436//1220
f 2533//1268 2531//1267 2623//1313
f 2531//1267 2533//1268 2439//1221
f 2535//1269 2533//1268 2625//1314
f 2533//1268 2535//1269 2441//1222
f 2537//1270 2535//1269 2627//1315
f 2535//1269 2537//1270 2443//1223
f 2539//1271 2537//1270 2629//1316
f 2537//1270 2539//1271 2445//1224
f 2541//1272 2539//1271 2631//1317
f 2539//1271 2541//1272 2447//1225
f 2545//1274 2543//1273 2633//1318
f 2543//1273 2545//1274 2449//1226
f 2547//1275 2545//1274 2635//1319
f 2545//1274 2547//1275 2451//1227
f 2549//1276 2547//1275 2637//1320
f 2547//1275 2549//1276 2453//1228
f 2551//1277 2549//1276 2639//1321
f 2549//1276 2551//1277 2455//1229
f 2553//1278 2551//1277 2641//1322
f 2551//1277 2553//1278 2457//1230
f 2555//1279 2643//1323 2644//1324
f 2643//1323 2555//1279 2556//1280
f 2647//1325 2467//1235 2555//1279
f 2467//1235 2647//1325 2559//1281
f 2649//1326 2471//1237 2559//1281
f 2471//1237 2649//1326 2561//1282
f 2651//1327 2473//1238 2561//1282
f 2473//1238 2651//1327 2563//1283
f 2507//1255 2653//1328 2599//1301
f 2653//1328 2507//1255 2563//1283
f 2655//1329 2566//1285 2656//1330
f 2566//1285 2655//1329 2565//1284
f 2659//1331 2475//1239 2565//1284
f 2475//1239 2659//1331 2569//1286
f 2566//1285 2571//1287 2661//1332
f 2571//1287 2566//1285 2476//1240
f 2663//1333 2479//1241 2569//1286
f 2479//1241 2663//1333 2573//1288
f 2571//1287 2575//1289 2665//1334
f 2575//1289 2571//1287 2481//1242
f 2667//1335 2483//1243 2573//1288
f 2483//1243 2667//1335 2577//1290
f 2575//1289 2579//1291 2669//1336
f 2579//1291 2575//1289 2485//1244
f 2671//1337 2487//1245 2577//1290
f 2487//1245 2671//1337 2581//1292
f 2579//1291 2585//1294 2673//1338
f 2585//1294 2579//1291 2491//1247
f 2675//1339 2581//1292 2676//1340
f 2581//1292 2675//1339 2582//1293
f 2493//1248 2679//1341 2585//1294
f 2679//1341 2493//1248 2587//1295
f 2495//1249 2681//1342 2587//1295
f 2681//1342 2495//1249 2589//1296
f 2497//1250 2683//1343 2589//1296
f 2683//1343 2497//1250 2591//1297
f 2499//1251 2685//1344 2591//1297
f 2685//1344 2499//1251 2593//1298
f 2501//1252 2687//1345 2593//1298
f 2687//1345 2501//1252 2595//1299
f 2503//1253 2689//1346 2595//1299
f 2689//1346 2503//1253 2597//1300
f 2505//1254 2641//1322 2597//1300
f 2641//1322 2505//1254 2553//1278
f 2600//1302 2691//1347 2692//1348
f 2691//1347 2600//1302 2599//1301
f 2600//1302 2603//1303 2508//1256
f 2603//1303 2600//1302 2695//1349
f 2603//1303 2605//1304 2511//1257
f 2605//1304 2603//1303 2697//1350
f 2605//1304 2607//1305 2513//1258
f 2607//1305 2605//1304 2699//1351
f 2607//1305 2609//1306 2515//1259
f 2609//1306 2607//1305 2701//1352
f 2703//1353 2517//1260 2609//1306
f 2517//1260 2703//1353 2611//1307
f 2705//1354 2519//1261 2611//1307
f 2519//1261 2705//1354 2613//1308
f 2707//1355 2521//1262 2613//1308
f 2521//1262 2707//1355 2615//1309
f 2709//1356 2523//1263 2615//1309
f 2523//1263 2709//1356 2617//1310
f 2711//1357 2525//1264 2617//1310
f 2525//1264 2711//1357 2619//1311
f 2713//1358 2527//1265 2619//1311
f 2527//1265 2713//1358 2621//1312
f 2623//1313 2529//1266 2621//1312
f 2529//1266 2623//1313 2531//1267
f 2625//1314 2623//1313 2715//1359
f 2623//1313 2625//1314 2533//1268
f 2627//1315 2625//1314 2717//1360
f 2625//1314 2627//1315 2535//1269
f 2629//1316 2627//1315 2719//1361
f 2627//1315 2629//1316 2537//1270
f 2631//1317 2629//1316 2721//1362
f 2629//1316 2631//1317 2539//1271
f 2635//1319 2633//1318 2723//1363
f 2633//1318 2635//1319 2545//1274
f 2637//1320 2635//1319 2725//1364
f 2635//1319 2637//1320 2547//1275
f 2639//1321 2637//1320 2727//1365
f 2637//1320 2639//1321 2549//1276
f 2641//1322 2639//1321 2729//1366
f 2639//1321 2641//1322 2551//1277
f 2644//1324 2731//1367 2732//1368
f 2731//1367 2644//1324 2643//1323
f 2647//1325 2644//1324 2735//1369
f 2644//1324 2647//1325 2555//1279
f 2737//1370 2559//1281 2647//1325
f 2559//1281 2737//1370 2649//1326
f 2739//1371 2561//1282 2649//1326
f 2561//1282 2739//1371 2651//1327
f 2741//1372 2563//1283 2651//1327
f 2563//1283 2741//1372 2653//1328
f 2599//1301 2743//1373 2691//1347
f 2743//1373 2599//1301 2653//1328
f 2745//1374 2656//1330 2746//1375
f 2656//1330 2745//1374 2655//1329
f 2749//1376 2565//1284 2655//1329
f 2565//1284 2749//1376 2659//1331
f 2656//1330 2661//1332 2751//1377
f 2661//1332 2656//1330 2566//1285
f 2753//1378 2569//1286 2659//1331
f 2569//1286 2753//1378 2663//1333
f 2661//1332 2665//1334 2755//1379
f 2665//1334 2661//1332 2571//1287
f 2757//1380 2573//1288 2663//1333
f 2573//1288 2757//1380 2667//1335
f 2665//1334 2669//1336 2759//1381
f 2669//1336 2665//1334 2575//1289
f 2761//1382 2577//1290 2667//1335
f 2577//1290 2761//1382 2671//1337
f 2669//1336 2673//1338 2763//1383
f 2673//1338 2669//1336 2579//1291
f 2676//1340 2671//1337 2765//1384
f 2671//1337 2676//1340 2581//1292
f 2585//1294 2767//1385 2673//1338
f 2767//1385 2585//1294 2679//1341
f 2769//1386 2676//1340 2770//1387
f 2676//1340 2769//1386 2675//1339
f 2587//1295 2773//1388 2679//1341
f 2773//1388 2587//1295 2681//1342
f 2589//1296 2775//1389 2681//1342
f 2775//1389 2589//1296 2683//1343
f 2591//1297 2777//1390 2683//1343
f 2777//1390 2591//1297 2685//1344
f 2593//1298 2779//1391 2685//1344
f 2779//1391 2593//1298 2687//1345
f 2595//1299 2781//1392 2687//1345
f 2781//1392 2595//1299 2689//1346
f 2597//1300 2729//1366 2689//1346
f 2729//1366 2597//1300 2641//1322
f 2692//1348 2783//1393 2784//1394
f 2783//1393 2692//1348 2691//1347
f 2692//1348 2695//1349 2600//1302
f 2695//1349 2692//1348 2787//1395
f 2695//1349 2697//1350 2603//1303
f 2697//1350 2695//1349 2789//1396
f 2697//1350 2699//1351 2605//1304
f 2699//1351 2697//1350 2791//1397
f 2699//1351 2701//1352 2607//1305
f 2701//1352 2699//1351 2793//1398
f 2795//1399 2609//1306 2701//1352
f 2609//1306 2795//1399 2703//1353
f 2797//1400 2611//1307 2703//1353
f 2611//1307 2797//1400 2705//1354
f 2799//1401 2613//1308 2705//1354
f 2613//1308 2799//1401 2707//1355
f 2801//1402 2615//1309 2707//1355
f 2615//1309 2801//1402 2709//1356
f 2803//1403 2617//1310 2709//1356
f 2617//1310 2803//1403 2711//1357
f 2805//1404 2619//1311 2711//1357
f 2619//1311 2805//1404 2713//1358
f 2715//1359 2621//1312 2713//1358
f 2621//1312 2715//1359 2623//1313
f 2717//1360 2715//1359 2807//1405
f 2715//1359 2717//1360 2625//1314
f 2719//1361 2717//1360 2809//1406
f 2717//1360 2719//1361 2627//1315
f 2721//1362 2719//1361 2811//1407
f 2719//1361 2721//1362 2629//1316
f 2725//1364 2723//1363 2813//1408
f 2723//1363 2725//1364 2635//1319
f 2727//1365 2725//1364 2815//1409
f 2725//1364 2727//1365 2637//1320
f 2729//1366 2727//1365 2817//1410
f 2727//1365 2729//1366 2639//1321
f 2732//1368 2819//1411 2820//1412
f 2819//1411 2732//1368 2731//1367
f 2735//1369 2732//1368 2823//1413
f 2732//1368 2735//1369 2644//1324
f 2825//1414 2647//1325 2735//1369
f 2647//1325 2825//1414 2737//1370
f 2827//1415 2649//1326 2737//1370
f 2649//1326 2827//1415 2739//1371
f 2829//1416 2651//1327 2739//1371
f 2651//1327 2829//1416 2741//1372
f 2831//1417 2653//1328 2741//1372
f 2653//1328 2831//1417 2743//1373
f 2691//1347 2833//1418 2783//1393
f 2833//1418 2691//1347 2743//1373
f 2783//1393 2746//1375 2784//1394
f 2746//1375 2783//1393 2745//1374
f 2835//1419 2655//1329 2745//1374
f 2655//1329 2835//1419 2749//1376
f 2746//1375 2751//1377 2837//1420
f 2751//1377 2746//1375 2656//1330
f 2839//1421 2659//1331 2749//1376
f 2659//1331 2839//1421 2753//1378
f 2751//1377 2755//1379 2841//1422
f 2755//1379 2751//1377 2661//1332
f 2843//1423 2663//1333 2753//1378
f 2663//1333 2843//1423 2757//1380
f 2755//1379 2759//1381 2845//1424
f 2759//1381 2755//1379 2665//1334
f 2847//1425 2667//1335 2757//1380
f 2667//1335 2847//1425 2761//1382
f 2759//1381 2763//1383 2849//1426
f 2763//1383 2759//1381 2669//1336
f 2851//1427 2671//1337 2761//1382
f 2671//1337 2851//1427 2765//1384
f 2763//1383 2767//1385 2853//1428
f 2767//1385 2763//1383 2673//1338
f 2770//1387 2765//1384 2855//1429
f 2765//1384 2770//1387 2676//1340
f 2679//1341 2857//1430 2767//1385
f 2857//1430 2679//1341 2773//1388
f 2859//1431 2770//1387 2860//1432
f 2770//1387 2859//1431 2769//1386
f 2681//1342 2863//1433 2773//1388
f 2863//1433 2681//1342 2775//1389
f 2683//1343 2865//1434 2775//1389
f 2865//1434 2683//1343 2777//1390
f 2685//1344 2867//1435 2777//1390
f 2867//1435 2685//1344 2868//1436
f 2868//1436 2685//1344 2869//1437
f 2869//1437 2685//1344 2870//1438
f 2870//1438 2685//1344 2779//1391
f 2687//1345 2875//1439 2779//1391
f 2875//1439 2687//1345 2781//1392
f 2689//1346 2817//1410 2781//1392
f 2817//1410 2689//1346 2729//1366
f 2784//1394 2787//1395 2692//1348
f 2787//1395 2784//1394 2877//1440
f 2787//1395 2789//1396 2695//1349
f 2789//1396 2787//1395 2879//1441
f 2789//1396 2791//1397 2697//1350
f 2791//1397 2789//1396 2881//1442
f 2791//1397 2793//1398 2699//1351
f 2793//1398 2791//1397 2883//1443
f 2793//1398 2795//1399 2701//1352
f 2795//1399 2793//1398 2885//1444
f 2887//1445 2703//1353 2795//1399
f 2703//1353 2887//1445 2797//1400
f 2889//1446 2705//1354 2797//1400
f 2705//1354 2889//1446 2799//1401
f 2891//1447 2707//1355 2799//1401
f 2707//1355 2891//1447 2801//1402
f 2893//1448 2709//1356 2801//1402
f 2709//1356 2893//1448 2894//1449
f 2709//1356 2894//1449 2895//1450
f 2709//1356 2895//1450 2896//1451
f 2709//1356 2896//1451 2803//1403
f 2901//1452 2711//1357 2803//1403
f 2711//1357 2901//1452 2805//1404
f 2807//1405 2713//1358 2805//1404
f 2713//1358 2807//1405 2715//1359
f 2809//1406 2807//1405 2903//1453
f 2807//1405 2809//1406 2717//1360
f 2811//1407 2809//1406 2905//1454
f 2809//1406 2811//1407 2719//1361
f 2815//1409 2813//1408 2907//1455
f 2813//1408 2815//1409 2725//1364
f 2817//1410 2815//1409 2909//1456
f 2815//1409 2817//1410 2727//1365
f 2820//1412 2911//1457 2912//1458
f 2911//1457 2820//1412 2819//1411
f 2823//1413 2820//1412 2915//1459
f 2820//1412 2823//1413 2732//1368
f 2825//1414 2823//1413 2917//1460
f 2823//1413 2825//1414 2735//1369
f 2919//1461 2737//1370 2825//1414
f 2737//1370 2919//1461 2827//1415
f 2921//1462 2739//1371 2827//1415
f 2739//1371 2921//1462 2829//1416
f 2923//1463 2741//1372 2829//1416
f 2741//1372 2923//1463 2831//1417
f 2925//1464 2743//1373 2831//1417
f 2743//1373 2925//1464 2833//1418
f 2833//1418 2745//1374 2783//1393
f 2745//1374 2833//1418 2835//1419
f 2746//1375 2877//1440 2784//1394
f 2877//1440 2746//1375 2837//1420
f 2927//1465 2749//1376 2835//1419
f 2749//1376 2927//1465 2839//1421
f 2837//1420 2841//1422 2929//1466
f 2841//1422 2837//1420 2751//1377
f 2931//1467 2753//1378 2839//1421
f 2753//1378 2931//1467 2843//1423
f 2841//1422 2845//1424 2933//1468
f 2845//1424 2841//1422 2755//1379
f 2935//1469 2757//1380 2843//1423
f 2757//1380 2935//1469 2847//1425
f 2845//1424 2849//1426 2937//1470
f 2849//1426 2845//1424 2759//1381
f 2939//1471 2761//1382 2847//1425
f 2761//1382 2939//1471 2851//1427
f 2849//1426 2853//1428 2941//1472
f 2853//1428 2849//1426 2763//1383
f 2855//1429 2851//1427 2943//1473
f 2851//1427 2855//1429 2765//1384
f 2767//1385 2945//1474 2853//1428
f 2945//1474 2767//1385 2857//1430
f 2860//1432 2855//1429 2947//1475
f 2855//1429 2860//1432 2770//1387
f 2773//1388 2949//1476 2857//1430
f 2949//1476 2773//1388 2863//1433
f 2951//1477 2860//1432 2952//1478
f 2860//1432 2951//1477 2859//1431
f 2775//1389 2955//1479 2863//1433
f 2955//1479 2775//1389 2865//1434
f 2867//1435 2865//1434 2777//1390
f 2865//1434 2957//1480 2955//1479
f 2957//1480 2865//1434 2958//1481
f 2958//1481 2865//1434 2867//1435
f 2869//1437 2961//1482 2962//1483
f 2961//1482 2869//1437 2870//1438
f 2961//1482 2870//1438 2779//1391
f 2961//1482 2779//1391 2963//1484
f 2963//1484 2779//1391 2875//1439
f 2958//1481 2967//1485 2957//1480
f 2967//1485 2958//1481 2968//1486
f 2968//1486 2958//1481 2969//1487
f 2968//1486 2969//1487 2970//1488
f 2968//1486 2970//1488 2971//1489
f 2781//1392 2909//1456 2875//1439
f 2909//1456 2781//1392 2817//1410
f 2877//1440 2879//1441 2787//1395
f 2879//1441 2877//1440 2977//1490
f 2879//1441 2881//1442 2789//1396
f 2881//1442 2879//1441 2979//1491
f 2881//1442 2883//1443 2791//1397
f 2883//1443 2881//1442 2981//1492
f 2883//1443 2885//1444 2793//1398
f 2885//1444 2883//1443 2983//1493
f 2985//1494 2795//1399 2885//1444
f 2795//1399 2985//1494 2887//1445
f 2987//1495 2797//1400 2887//1445
f 2797//1400 2987//1495 2889//1446
f 2989//1496 2799//1401 2889//1446
f 2799//1401 2989//1496 2891//1447
f 2893//1448 2801//1402 2891//1447
f 2991//1497 2891//1447 2989//1496
f 2891//1447 2991//1497 2992//1498
f 2891//1447 2992//1498 2893//1448
f 2995//1499 2895//1450 2996//1500
f 2895//1450 2995//1499 2896//1451
f 2896//1451 2995//1499 2803//1403
f 2803//1403 2995//1499 2997//1501
f 2803//1403 2997//1501 2901//1452
f 3001//1502 2992//1498 2991//1497
f 2992//1498 3001//1502 3002//1503
f 2992//1498 3002//1503 3003//1504
f 3003//1504 3002//1503 3004//1505
f 3004//1505 3002//1503 3005//1506
f 2903//1453 2805//1404 2901//1452
f 2805//1404 2903//1453 2807//1405
f 2905//1454 2903//1453 3011//1507
f 2903//1453 2905//1454 2809//1406
f 2909//1456 2907//1455 3013//1508
f 2907//1455 2909//1456 2815//1409
f 2912//1458 3015//1509 3016//1510
f 3015//1509 2912//1458 2911//1457
f 2915//1459 2912//1458 3019//1511
f 2912//1458 2915//1459 2820//1412
f 2917//1460 2915//1459 3021//1512
f 2915//1459 2917//1460 2823//1413
f 2919//1461 2917//1460 3023//1513
f 2917//1460 2919//1461 2825//1414
f 3025//1514 2827//1415 2919//1461
f 2827//1415 3025//1514 2921//1462
f 3027//1515 2829//1416 2921//1462
f 2829//1416 3027//1515 2923//1463
f 3029//1516 2831//1417 2923//1463
f 2831//1417 3029//1516 2925//1464
f 2927//1465 2833//1418 2925//1464
f 2833//1418 2927//1465 2835//1419
f 2837//1420 2977//1490 2877//1440
f 2977//1490 2837//1420 2929//1466
f 3031//1517 2839//1421 2927//1465
f 2839//1421 3031//1517 2931//1467
f 2929//1466 2933//1468 3033//1518
f 2933//1468 2929//1466 2841//1422
f 3035//1519 2843//1423 2931//1467
f 2843//1423 3035//1519 2935//1469
f 2933//1468 2937//1470 3037//1520
f 2937//1470 2933//1468 2845//1424
f 3039//1521 2847//1425 2935//1469
f 2847//1425 3039//1521 2939//1471
f 2937//1470 2941//1472 3041//1522
f 2941//1472 2937//1470 2849//1426
f 2943//1473 2939//1471 3043//1523
f 2939//1471 2943//1473 2851//1427
f 2853//1428 3045//1524 2941//1472
f 3045//1524 2853//1428 2945//1474
f 2947//1475 2943//1473 3047//1525
f 2943//1473 2947//1475 2855//1429
f 2857//1430 3049//1526 2945//1474
f 3049//1526 2857//1430 2949//1476
f 2952//1478 2947//1475 3051//1527
f 2947//1475 2952//1478 2860//1432
f 2863//1433 3053//1528 2949//1476
f 3053//1528 2863//1433 2955//1479
f 3055//1529 2952//1478 3056//1530
f 2952//1478 3055//1529 2951//1477
f 2970//1488 3059//1531 3060//1531
f 3059//1531 2970//1488 2969//1487
f 2955//1479 3063//1532 3053//1528
f 3063//1532 2955//1479 2957//1480
f 2963//1484 3013//1508 2961//1482
f 3013//1508 2963//1484 2875//1439
f 3013//1508 2875//1439 2909//1456
f 2957//1480 3065//1533 3063//1532
f 3065//1533 2957//1480 2967//1485
f 2968//1486 3067//1534 2967//1485
f 3067//1534 2968//1486 3068//1535
f 3067//1534 3068//1535 3069//1536
f 2977//1490 2979//1491 2879//1441
f 2979//1491 2977//1490 3073//1537
f 2979//1491 2981//1492 2881//1442
f 2981//1492 2979//1491 3075//1538
f 2981//1492 2983//1493 2883//1443
f 2983//1493 2981//1492 3077//1539
f 3079//1540 2885//1444 2983//1493
f 2885//1444 3079//1540 2985//1494
f 3081//1541 2887//1445 2985//1494
f 2887//1445 3081//1541 2987//1495
f 3083//1542 2889//1446 2987//1495
f 2889//1446 3083//1542 2989//1496
f 3085//1543 3004//1505 3086//1543
f 3004//1505 3085//1543 3003//1504
f 3089//1544 2989//1496 3083//1542
f 2989//1496 3089//1544 2991//1497
f 3011//1507 2997//1501 2995//1499
f 2997//1501 3011//1507 2901//1452
f 2901//1452 3011//1507 2903//1453
f 3091//1545 2991//1497 3089//1544
f 2991//1497 3091//1545 3001//1502
f 3093//1546 3002//1503 3001//1502
f 3002//1503 3093//1546 3094//1547
f 3094//1547 3093//1546 3095//1548
f 3016//1510 3099//1549 3100//1550
f 3099//1549 3016//1510 3015//1509
f 3019//1511 3016//1510 3103//1551
f 3016//1510 3019//1511 2912//1458
f 3021//1512 3019//1511 3105//1552
f 3019//1511 3021//1512 2915//1459
f 3023//1513 3021//1512 3107//1553
f 3021//1512 3023//1513 2917//1460
f 3025//1514 3023//1513 3109//1554
f 3023//1513 3025//1514 2919//1461
f 3111//1555 2921//1462 3025//1514
f 2921//1462 3111//1555 3027//1515
f 3113//1556 2923//1463 3027//1515
f 2923//1463 3113//1556 3029//1516
f 3031//1517 2925//1464 3029//1516
f 2925//1464 3031//1517 2927//1465
f 2929//1466 3073//1537 2977//1490
f 3073//1537 2929//1466 3033//1518
f 3115//1557 2931//1467 3031//1517
f 2931//1467 3115//1557 3035//1519
f 3033//1518 3037//1520 3117//1558
f 3037//1520 3033//1518 2933//1468
f 3119//1559 2935//1469 3035//1519
f 2935//1469 3119//1559 3039//1521
f 3037//1520 3041//1522 3121//1560
f 3041//1522 3037//1520 2937//1470
f 3043//1523 3039//1521 3123//1561
f 3039//1521 3043//1523 2939//1471
f 2941//1472 3125//1562 3041//1522
f 3125//1562 2941//1472 3045//1524
f 3047//1525 3043//1523 3127//1563
f 3043//1523 3047//1525 2943//1473
f 2945//1474 3129//1564 3045//1524
f 3129//1564 2945//1474 3049//1526
f 3051//1527 3047//1525 3131//1565
f 3047//1525 3051//1527 2947//1475
f 2949//1476 3133//1566 3049//1526
f 3133//1566 2949//1476 3053//1528
f 3056//1530 3051//1527 3135//1567
f 3051//1527 3056//1530 2952//1478
f 3137//1568 3056//1530 3138//1569
f 3056//1530 3137//1568 3055//1529
f 3053//1528 3141//1570 3133//1566
f 3141//1570 3053//1528 3063//1532
f 3063//1532 3143//1571 3141//1570
f 3143//1571 3063//1532 3065//1533
f 2967//1485 3145//1572 3065//1533
f 3145//1572 2967//1485 3067//1534
f 3069//1536 3138//1569 3067//1534
f 3138//1569 3069//1536 3137//1568
f 3073//1537 3075//1538 2979//1491
f 3075//1538 3073//1537 3147//1573
f 3075//1538 3077//1539 2981//1492
f 3077//1539 3075//1538 3149//1574
f 3151//1575 2983//1493 3077//1539
f 2983//1493 3151//1575 3079//1540
f 3153//1576 2985//1494 3079//1540
f 2985//1494 3153//1576 3081//1541
f 3155//1577 2987//1495 3081//1541
f 2987//1495 3155//1577 3083//1542
f 3157//1578 3083//1542 3155//1577
f 3083//1542 3157//1578 3089//1544
f 3159//1579 3089//1544 3157//1578
f 3089//1544 3159//1579 3091//1545
f 3161//1580 3001//1502 3091//1545
f 3001//1502 3161//1580 3093//1546
f 3100//1550 3095//1548 3093//1546
f 3095//1548 3100//1550 3099//1549
f 3103//1551 3100//1550 3163//1581
f 3100//1550 3103//1551 3016//1510
f 3105//1552 3103//1551 3165//1582
f 3103//1551 3105//1552 3019//1511
f 3107//1553 3105//1552 3167//1583
f 3105//1552 3107//1553 3021//1512
f 3109//1554 3107//1553 3169//1584
f 3107//1553 3109//1554 3023//1513
f 3111//1555 3109//1554 3171//1585
f 3109//1554 3111//1555 3025//1514
f 3173//1586 3027//1515 3111//1555
f 3027//1515 3173//1586 3113//1556
f 3115//1557 3029//1516 3113//1556
f 3029//1516 3115//1557 3031//1517
f 3033//1518 3147//1573 3073//1537
f 3147//1573 3033//1518 3117//1558
f 3175//1587 3035//1519 3115//1557
f 3035//1519 3175//1587 3119//1559
f 3117//1558 3121//1560 3177//1588
f 3121//1560 3117//1558 3037//1520
f 3123//1561 3119//1559 3179//1589
f 3119//1559 3123//1561 3039//1521
f 3041//1522 3181//1590 3121//1560
f 3181//1590 3041//1522 3125//1562
f 3127//1563 3123//1561 3183//1591
f 3123//1561 3127//1563 3043//1523
f 3045//1524 3185//1592 3125//1562
f 3185//1592 3045//1524 3129//1564
f 3131//1565 3127//1563 3187//1593
f 3127//1563 3131//1565 3047//1525
f 3049//1526 3189//1594 3129//1564
f 3189//1594 3049//1526 3133//1566
f 3135//1567 3131//1565 3191//1595
f 3131//1565 3135//1567 3051//1527
f 3138//1569 3135//1567 3193//1596
f 3135//1567 3138//1569 3056//1530
f 3133//1566 3195//1597 3189//1594
f 3195//1597 3133//1566 3141//1570
f 3141//1570 3197//1598 3195//1597
f 3197//1598 3141//1570 3143//1571
f 3065//1533 3199//1599 3143//1571
f 3199//1599 3065//1533 3145//1572
f 3067//1534 3193//1596 3145//1572
f 3193//1596 3067//1534 3138//1569
f 3147//1573 3149//1574 3075//1538
f 3149//1574 3147//1573 3201//1600
f 3203//1601 3077//1539 3149//1574
f 3077//1539 3203//1601 3151//1575
f 3205//1602 3079//1540 3151//1575
f 3079//1540 3205//1602 3153//1576
f 3207//1603 3081//1541 3153//1576
f 3081//1541 3207//1603 3155//1577
f 3209//1604 3155//1577 3207//1603
f 3155//1577 3209//1604 3157//1578
f 3211//1605 3157//1578 3209//1604
f 3157//1578 3211//1605 3159//1579
f 3213//1606 3091//1545 3159//1579
f 3091//1545 3213//1606 3161//1580
f 3163//1581 3093//1546 3161//1580
f 3093//1546 3163//1581 3100//1550
f 3165//1582 3163//1581 3215//1607
f 3163//1581 3165//1582 3103//1551
f 3167//1583 3165//1582 3217//1608
f 3165//1582 3167//1583 3105//1552
f 3169//1584 3167//1583 3219//1609
f 3167//1583 3169//1584 3107//1553
f 3171//1585 3169//1584 3221//1610
f 3169//1584 3171//1585 3109//1554
f 3173//1586 3171//1585 3223//1611
f 3171//1585 3173//1586 3111//1555
f 3175//1587 3113//1556 3173//1586
f 3113//1556 3175//1587 3115//1557
f 3117//1558 3201//1600 3147//1573
f 3201//1600 3117//1558 3177//1588
f 3179//1589 3175//1587 3225//1612
f 3175//1587 3179//1589 3119//1559
f 3121//1560 3227//1613 3177//1588
f 3227//1613 3121//1560 3181//1590
f 3183//1591 3179//1589 3229//1614
f 3179//1589 3183//1591 3123//1561
f 3125//1562 3231//1615 3181//1590
f 3231//1615 3125//1562 3185//1592
f 3187//1593 3183//1591 3233//1616
f 3183//1591 3187//1593 3127//1563
f 3129//1564 3235//1617 3185//1592
f 3235//1617 3129//1564 3189//1594
f 3191//1595 3187//1593 3237//1618
f 3187//1593 3191//1595 3131//1565
f 3193//1596 3191//1595 3239//1619
f 3191//1595 3193//1596 3135//1567
f 3189//1594 3241//1620 3235//1617
f 3241//1620 3189//1594 3195//1597
f 3195//1597 3243//1621 3241//1620
f 3243//1621 3195//1597 3197//1598
f 3143//1571 3245//1622 3197//1598
f 3245//1622 3143//1571 3199//1599
f 3145//1572 3239//1619 3199//1599
f 3239//1619 3145//1572 3193//1596
f 3247//1623 3149//1574 3201//1600
f 3149//1574 3247//1623 3203//1601
f 3249//1624 3151//1575 3203//1601
f 3151//1575 3249//1624 3205//1602
f 3251//1625 3153//1576 3205//1602
f 3153//1576 3251//1625 3207//1603
f 3253//1626 3207//1603 3251//1625
f 3207//1603 3253//1626 3209//1604
f 3255//1627 3209//1604 3253//1626
f 3209//1604 3255//1627 3211//1605
f 3257//1628 3159//1579 3211//1605
f 3159//1579 3257//1628 3213//1606
f 3215//1607 3161//1580 3213//1606
f 3161//1580 3215//1607 3163//1581
f 3217//1608 3215//1607 3259//1629
f 3215//1607 3217//1608 3165//1582
f 3219//1609 3217//1608 3261//1630
f 3217//1608 3219//1609 3167//1583
f 3221//1610 3219//1609 3263//1631
f 3219//1609 3221//1610 3169//1584
f 3223//1611 3221//1610 3265//1632
f 3221//1610 3223//1611 3171//1585
f 3225//1612 3173//1586 3223//1611
f 3173//1586 3225//1612 3175//1587
f 3177//1588 3247//1623 3201//1600
f 3247//1623 3177//1588 3227//1613
f 3229//1614 3225//1612 3267//1633
f 3225//1612 3229//1614 3179//1589
f 3181//1590 3269//1634 3227//1613
f 3269//1634 3181//1590 3231//1615
f 3233//1616 3229//1614 3271//1635
f 3229//1614 3233//1616 3183//1591
f 3185//1592 3273//1636 3231//1615
f 3273//1636 3185//1592 3235//1617
f 3237//1618 3233//1616 3275//1637
f 3233//1616 3237//1618 3187//1593
f 3239//1619 3237//1618 3277//1638
f 3237//1618 3239//1619 3191//1595
f 3235//1617 3279//1639 3273//1636
f 3279//1639 3235//1617 3241//1620
f 3241//1620 3281//1640 3279//1639
f 3281//1640 3241//1620 3243//1621
f 3197//1598 3283//1641 3243//1621
f 3283//1641 3197//1598 3245//1622
f 3199//1599 3277//1638 3245//1622
f 3277//1638 3199//1599 3239//1619
f 3285//1642 3203//1601 3247//1623
f 3203//1601 3285//1642 3249//1624
f 3287//1643 3205//1602 3249//1624
f 3205//1602 3287//1643 3251//1625
f 3289//1644 3251//1625 3287//1643
f 3251//1625 3289//1644 3253//1626
f 3291//1645 3253//1626 3289//1644
f 3253//1626 3291//1645 3255//1627
f 3293//1646 3211//1605 3255//1627
f 3211//1605 3293//1646 3257//1628
f 3259//1629 3213//1606 3257//1628
f 3213//1606 3259//1629 3215//1607
f 3261//1630 3259//1629 3295//1647
f 3259//1629 3261//1630 3217//1608
f 3263//1631 3261//1630 3297//1648
f 3261//1630 3263//1631 3219//1609
f 3265//1632 3263//1631 3299//1649
f 3263//1631 3265//1632 3221//1610
f 3267//1633 3223//1611 3265//1632
f 3223//1611 3267//1633 3225//1612
f 3227//1613 3285//1642 3247//1623
f 3285//1642 3227//1613 3269//1634
f 3271//1635 3267//1633 3301//1650
f 3267//1633 3271//1635 3229//1614
f 3231//1615 3303//1651 3269//1634
f 3303//1651 3231//1615 3273//1636
f 3275//1637 3271//1635 3305//1652
f 3271//1635 3275//1637 3233//1616
f 3277//1638 3275//1637 3307//1653
f 3275//1637 3277//1638 3237//1618
f 3273//1636 3309//1654 3303//1651
f 3309//1654 3273//1636 3279//1639
f 3279//1639 3311//1655 3309//1654
f 3311//1655 3279//1639 3281//1640
f 3243//1621 3313//1656 3281//1640
f 3313//1656 3243//1621 3283//1641
f 3245//1622 3307//1653 3283//1641
f 3307//1653 3245//1622 3277//1638
f 3315//1657 3249//1624 3285//1642
f 3249//1624 3315//1657 3287//1643
f 3317//1658 3287//1643 3315//1657
f 3287//1643 3317//1658 3289//1644
f 3319//1659 3289//1644 3317//1658
f 3289//1644 3319//1659 3291//1645
f 3321//1660 3255//1627 3291//1645
f 3255//1627 3321//1660 3293//1646
f 3295//1647 3257//1628 3293//1646
f 3257//1628 3295//1647 3259//1629
f 3297//1648 3295//1647 3323//1661
f 3295//1647 3297//1648 3261//1630
f 3299//1649 3297//1648 3325//1662
f 3297//1648 3299//1649 3263//1631
f 3301//1650 3265//1632 3299//1649
f 3265//1632 3301//1650 3267//1633
f 3269//1634 3315//1657 3285//1642
f 3315//1657 3269//1634 3303//1651
f 3305//1652 3301//1650 3327//1663
f 3301//1650 3305//1652 3271//1635
f 3307//1653 3305//1652 3329//1664
f 3305//1652 3307//1653 3275//1637
f 3303//1651 3317//1658 3315//1657
f 3317//1658 3303//1651 3309//1654
f 3309//1654 3319//1659 3317//1658
f 3319//1659 3309//1654 3311//1655
f 3281//1640 3331//1665 3311//1655
f 3331//1665 3281//1640 3313//1656
f 3283//1641 3329//1664 3313//1656
f 3329//1664 3283//1641 3307//1653
f 3333//1666 3291//1645 3319//1659
f 3291//1645 3333//1666 3321//1660
f 3323//1661 3293//1646 3321//1660
f 3293//1646 3323//1661 3295//1647
f 3325//1662 3323//1661 3335//1667
f 3323//1661 3325//1662 3297//1648
f 3327//1663 3299//1649 3325//1662
f 3299//1649 3327//1663 3301//1650
f 3329//1664 3327//1663 3337//1668
f 3327//1663 3329//1664 3305//1652
f 3311//1655 3333//1666 3319//1659
f 3333//1666 3311//1655 3331//1665
f 3313//1656 3337//1668 3331//1665
f 3337//1668 3313//1656 3329//1664
f 3335//1667 3321//1660 3333//1666
f 3321//1660 3335//1667 3323//1661
f 3337//1668 3325//1662 3335//1667
f 3325//1662 3337//1668 3327//1663
f 3331//1665 3335//1667 3333//1666
f 3335//1667 3331//1665 3337//1668
usemtl material_1_0
f 7//1669 8//1670 9//1671
f 9//1671 8//1670 10//1672
f 8//1670 11//1673 10//1672
f 12//1674 10//1672 11//1673
f 12//1674 11//1673 15//1675
f 16//1676 15//1675 11//1673
f 18//1677 11//1673 8//1670
f 18//1677 22//1678 23//28
f 7//1669 24//1679 8//1670
f 8//1670 24//1679 18//1677
f 22//1678 18//1677 24//1679
f 35//1680 7//1669 36//1681
f 7//1669 9//1671 36//1681
f 9//1671 10//1672 36//1681
f 10//1672 37//1682 36//1681
f 38//1683 36//1681 37//1682
f 39//1684 40//1685 41//1686
f 41//1686 40//1685 42//1687
f 42//1687 40//1685 35//1680
f 35//1680 40//1685 7//1669
f 40//1685 43//1688 7//1669
f 7//1669 43//1688 24//1679
f 44//1689 24//1679 43//1688
f 10//1672 12//1674 37//1682
f 46//1690 37//1682 12//1674
f 15//1675 16//1676 49//1691
f 50//1692 49//1691 16//1676
f 21//12 22//1678 53//1693
f 54//1694 53//1693 22//1678
f 59//1695 60//1696 61//1697
f 62//1696 61//1697 60//1696
f 64//1698 46//1690 15//1675
f 12//1674 15//1675 46//1690
f 24//1679 44//1689 22//1678
f 66//1699 22//1678 44//1689
f 36//1681 38//1683 69//1700
f 70//1701 69//1700 38//1683
f 37//1682 46//1690 38//1683
f 72//1702 38//1683 46//1690
f 43//1688 75//1703 44//1689
f 76//1704 44//1689 75//1703
f 79//1705 80//1706 40//1685
f 43//1688 40//1685 80//1706
f 82//1707 79//1705 39//1684
f 40//1685 39//1684 79//1705
f 42//1687 85//1708 41//1686
f 85//1708 86//1709 41//1686
f 86//1709 82//1707 41//1686
f 39//1684 41//1686 82//1707
f 35//1680 88//1710 42//1687
f 85//1708 42//1687 88//1710
f 36//1681 90//1711 35//1680
f 88//1710 35//1680 90//1711
f 49//1691 50//1692 93//1712
f 94//1713 93//1712 50//1692
f 53//1693 54//1694 97//1714
f 98//1715 97//1714 54//1694
f 101//1716 59//1695 102//1717
f 61//1697 102//1717 59//1695
f 104//1718 64//1698 49//1691
f 15//1675 49//1691 64//1698
f 22//1678 66//1699 54//1694
f 106//1719 54//1694 66//1699
f 108//1720 72//1702 64//1698
f 46//1690 64//1698 72//1702
f 44//1689 76//1704 66//1699
f 110//1721 66//1699 76//1704
f 69//1700 70//1701 113//1722
f 114//1723 113//1722 70//1701
f 38//1683 72//1702 70//1701
f 116//1724 70//1701 72//1702
f 69//1700 118//1725 36//1681
f 90//1711 36//1681 118//1725
f 75//1703 121//1726 76//1704
f 122//1727 76//1704 121//1726
f 80//1706 124//1728 43//1688
f 75//1703 43//1688 124//1728
f 127//1729 128//1730 79//1705
f 80//1706 79//1705 128//1730
f 130//1731 127//1729 82//1707
f 79//1705 82//1707 127//1729
f 85//1708 133//1732 86//1709
f 133//1732 134//1733 86//1709
f 134//1733 130//1731 86//1709
f 82//1707 86//1709 130//1731
f 88//1710 136//1734 85//1708
f 133//1732 85//1708 136//1734
f 90//1711 138//1735 88//1710
f 136//1734 88//1710 138//1735
f 141//1736 142//1737 94//1713
f 93//1712 94//1713 142//1737
f 97//1714 98//1715 145//1738
f 146//1739 145//1738 98//1715
f 101//1716 102//1717 149//1740
f 150//1741 149//1740 102//1717
f 152//1742 104//1718 93//1712
f 49//1691 93//1712 104//1718
f 54//1694 106//1719 98//1715
f 154//1743 98//1715 106//1719
f 156//1744 108//1720 104//1718
f 64//1698 104//1718 108//1720
f 66//1699 110//1721 106//1719
f 158//1745 106//1719 110//1721
f 160//1746 116//1724 108//1720
f 72//1702 108//1720 116//1724
f 76//1704 122//1727 110//1721
f 162//1747 110//1721 122//1727
f 113//1722 114//1723 165//1748
f 166//1749 165//1748 114//1723
f 70//1701 116//1724 114//1723
f 168//1750 114//1723 116//1724
f 113//1722 170//1751 69//1700
f 118//1725 69//1700 170//1751
f 118//1725 172//1752 90//1711
f 138//1735 90//1711 172//1752
f 121//1726 175//1753 122//1727
f 176//1754 122//1727 175//1753
f 124//1728 178//1755 75//1703
f 121//1726 75//1703 178//1755
f 128//1730 180//1756 80//1706
f 124//1728 80//1706 180//1756
f 183//1757 184//1758 127//1729
f 128//1730 127//1729 184//1758
f 186//1759 183//1757 130//1731
f 127//1729 130//1731 183//1757
f 133//1732 189//1760 134//1733
f 189//1760 190//1761 134//1733
f 190//1761 186//1759 134//1733
f 130//1731 134//1733 186//1759
f 136//1734 192//1762 133//1732
f 189//1760 133//1732 192//1762
f 138//1735 194//1763 136//1734
f 192//1762 136//1734 194//1763
f 199//1764 200//1765 201//1766
f 201//1766 200//1765 202//1767
f 202//1767 200//1765 141//1736
f 142//1737 141//1736 200//1765
f 206//1768 145//1738 207//105
f 207//105 145//1738 208//1769
f 146//1739 208//1769 145//1738
f 206//1768 149//1740 204//103
f 150//1741 204//103 149//1740
f 142//1737 210//1770 93//1712
f 152//1742 93//1712 210//1770
f 98//1715 154//1743 146//1739
f 212//1771 146//1739 154//1743
f 214//1772 156//1744 152//1742
f 104//1718 152//1742 156//1744
f 106//1719 158//1745 154//1743
f 216//1773 154//1743 158//1745
f 218//1774 160//1746 156//1744
f 108//1720 156//1744 160//1746
f 110//1721 162//1747 158//1745
f 220//1775 158//1745 162//1747
f 222//1776 168//1750 160//1746
f 116//1724 160//1746 168//1750
f 122//1727 176//1754 162//1747
f 224//1777 162//1747 176//1754
f 165//1748 166//1749 227//1778
f 228//1779 227//1778 166//1749
f 114//1723 168//1750 166//1749
f 230//1780 166//1749 168//1750
f 165//1748 232//1781 113//1722
f 170//1751 113//1722 232//1781
f 170//1751 234//1782 118//1725
f 172//1752 118//1725 234//1782
f 172//1752 236//1783 138//1735
f 194//1763 138//1735 236//1783
f 175//1753 239//1784 176//1754
f 240//1785 176//1754 239//1784
f 178//1755 242//1786 121//1726
f 175//1753 121//1726 242//1786
f 180//1756 244//1787 124//1728
f 178//1755 124//1728 244//1787
f 184//1758 246//1788 128//1730
f 180//1756 128//1730 246//1788
f 249//1789 250//1790 183//1757
f 184//1758 183//1757 250//1790
f 252//1791 249//1789 186//1759
f 183//1757 186//1759 249//1789
f 189//1760 255//1792 190//1761
f 255//1792 256//1793 190//1761
f 256//1793 252//1791 190//1761
f 186//1759 190//1761 252//1791
f 192//1762 258//1794 189//1760
f 255//1792 189//1760 258//1794
f 194//1763 260//1795 192//1762
f 258//1794 192//1762 260//1795
f 201//1766 202//1767 262//1796
f 202//1767 207//105 262//1796
f 208//1769 262//1796 207//105
f 200//1765 264//1797 142//1737
f 210//1770 142//1737 264//1797
f 268//1798 269//1799 270//1800
f 270//1800 269//1799 201//1766
f 201//1766 269//1799 199//1764
f 200//1765 199//1764 269//1799
f 208//1769 146//1739 272//1801
f 212//1771 272//1801 146//1739
f 210//1770 274//1802 152//1742
f 214//1772 152//1742 274//1802
f 154//1743 216//1773 212//1771
f 276//1803 212//1771 216//1773
f 278//1804 218//1774 214//1772
f 156//1744 214//1772 218//1774
f 158//1745 220//1775 216//1773
f 280//1805 216//1773 220//1775
f 282//1806 222//1776 218//1774
f 160//1746 218//1774 222//1776
f 162//1747 224//1777 220//1775
f 284//1807 220//1775 224//1777
f 286//1808 230//1780 222//1776
f 168//1750 222//1776 230//1780
f 176//1754 240//1785 224//1777
f 288//1809 224//1777 240//1785
f 227//1778 228//1779 291//1810
f 292//1811 291//1810 228//1779
f 166//1749 230//1780 228//1779
f 294//1812 228//1779 230//1780
f 227//1778 296//1813 165//1748
f 232//1781 165//1748 296//1813
f 232//1781 298//1814 170//1751
f 234//1782 170//1751 298//1814
f 234//1782 300//1815 172//1752
f 236//1783 172//1752 300//1815
f 236//1783 302//1816 194//1763
f 260//1795 194//1763 302//1816
f 239//1784 305//1817 240//1785
f 306//1818 240//1785 305//1817
f 242//1786 308//1819 175//1753
f 239//1784 175//1753 308//1819
f 244//1787 310//1820 178//1755
f 242//1786 178//1755 310//1820
f 246//1788 312//1821 180//1756
f 244//1787 180//1756 312//1821
f 250//1790 314//1822 184//1758
f 246//1788 184//1758 314//1822
f 317//1823 318//1824 249//1789
f 250//1790 249//1789 318//1824
f 320//1825 317//1823 252//1791
f 249//1789 252//1791 317//1823
f 255//1792 323//1826 256//1793
f 323//1826 324//1827 256//1793
f 324//1827 320//1825 256//1793
f 252//1791 256//1793 320//1825
f 258//1794 326//1828 255//1792
f 323//1826 255//1792 326//1828
f 260//1795 328//1829 258//1794
f 326//1828 258//1794 328//1829
f 270//1800 201//1766 330//1830
f 262//1796 330//1830 201//1766
f 262//1796 208//1769 332//1831
f 272//1801 332//1831 208//1769
f 264//1797 334//1832 210//1770
f 274//1802 210//1770 334//1832
f 269//1799 336//1833 200//1765
f 264//1797 200//1765 336//1833
f 340//1834 341//1835 342//1836
f 342//1836 341//1835 270//1800
f 270//1800 341//1835 268//1798
f 269//1799 268//1798 341//1835
f 272//1801 212//1771 344//1837
f 276//1803 344//1837 212//1771
f 274//1802 346//1838 214//1772
f 278//1804 214//1772 346//1838
f 216//1773 280//1805 276//1803
f 348//1839 276//1803 280//1805
f 350//1840 282//1806 278//1804
f 218//1774 278//1804 282//1806
f 220//1775 284//1807 280//1805
f 352//1841 280//1805 284//1807
f 354//1842 286//1808 282//1806
f 222//1776 282//1806 286//1808
f 224//1777 288//1809 284//1807
f 356//1843 284//1807 288//1809
f 358//1844 294//1812 286//1808
f 230//1780 286//1808 294//1812
f 240//1785 306//1818 288//1809
f 360//1845 288//1809 306//1818
f 291//1810 292//1811 363//1846
f 364//1847 363//1846 292//1811
f 228//1779 294//1812 292//1811
f 366//1848 292//1811 294//1812
f 291//1810 368//1849 227//1778
f 296//1813 227//1778 368//1849
f 296//1813 370//1850 232//1781
f 298//1814 232//1781 370//1850
f 298//1814 372//1851 234//1782
f 300//1815 234//1782 372//1851
f 300//1815 374//1852 236//1783
f 302//1816 236//1783 374//1852
f 302//1816 376//1853 260//1795
f 328//1829 260//1795 376//1853
f 305//1817 379//1854 306//1818
f 380//1855 306//1818 379//1854
f 308//1819 382//1856 239//1784
f 305//1817 239//1784 382//1856
f 310//1820 384//1857 242//1786
f 308//1819 242//1786 384//1857
f 312//1821 386//1858 244//1787
f 310//1820 244//1787 386//1858
f 314//1822 388//1859 246//1788
f 312//1821 246//1788 388//1859
f 318//1824 390//1860 250//1790
f 314//1822 250//1790 390//1860
f 393//1861 394//1862 317//1823
f 318//1824 317//1823 394//1862
f 396//1863 393//1861 320//1825
f 317//1823 320//1825 393//1861
f 323//1826 399//1864 324//1827
f 399//1864 400//1865 324//1827
f 400//1865 396//1863 324//1827
f 320//1825 324//1827 396//1863
f 326//1828 402//1866 323//1826
f 399//1864 323//1826 402//1866
f 328//1829 404//1867 326//1828
f 402//1866 326//1828 404//1867
f 342//1836 270//1800 406//1868
f 330//1830 406//1868 270//1800
f 330//1830 262//1796 408//1869
f 332//1831 408//1869 262//1796
f 332//1831 272//1801 410//1870
f 344//1837 410//1870 272//1801
f 334//1832 412//1871 274//1802
f 346//1838 274//1802 412//1871
f 336//1833 414//1872 264//1797
f 334//1832 264//1797 414//1872
f 341//1835 416//1873 269//1799
f 336//1833 269//1799 416//1873
f 420//1874 421//1875 422//1876
f 422//1876 421//1875 342//1836
f 342//1836 421//1875 340//1834
f 341//1835 340//1834 421//1875
f 344//1837 276//1803 424//1877
f 348//1839 424//1877 276//1803
f 346//1838 426//1878 278//1804
f 350//1840 278//1804 426//1878
f 280//1805 352//1841 348//1839
f 428//1879 348//1839 352//1841
f 430//1880 354//1842 350//1840
f 282//1806 350//1840 354//1842
f 284//1807 356//1843 352//1841
f 432//1881 352//1841 356//1843
f 434//1882 358//1844 354//1842
f 286//1808 354//1842 358//1844
f 288//1809 360//1845 356//1843
f 436//1883 356//1843 360//1845
f 294//1812 358//1844 366//1848
f 438//1884 366//1848 358//1844
f 306//1818 380//1855 360//1845
f 440//1885 360//1845 380//1855
f 363//1846 364//1847 443//1886
f 444//1887 443//1886 364//1847
f 292//1811 366//1848 364//1847
f 446//1888 364//1847 366//1848
f 363//1846 448//1889 291//1810
f 368//1849 291//1810 448//1889
f 368//1849 450//1890 296//1813
f 370//1850 296//1813 450//1890
f 370//1850 452//1891 298//1814
f 372//1851 298//1814 452//1891
f 372//1851 454//1892 300//1815
f 374//1852 300//1815 454//1892
f 374//1852 456//1893 302//1816
f 376//1853 302//1816 456//1893
f 376//1853 458//1894 328//1829
f 404//1867 328//1829 458//1894
f 379//1854 461//1895 380//1855
f 462//1896 380//1855 461//1895
f 382//1856 464//1897 305//1817
f 379//1854 305//1817 464//1897
f 384//1857 466//1898 308//1819
f 382//1856 308//1819 466//1898
f 386//1858 468//1899 310//1820
f 384//1857 310//1820 468//1899
f 388//1859 470//1900 312//1821
f 386//1858 312//1821 470//1900
f 390//1860 472//1901 314//1822
f 388//1859 314//1822 472//1901
f 394//1862 474//1902 318//1824
f 390//1860 318//1824 474//1902
f 393//1861 477//1903 394//1862
f 478//1904 394//1862 477//1903
f 396//1863 480//1905 393//1861
f 477//1903 393//1861 480//1905
f 400//1865 399//1864 396//1863
f 396//1863 399//1864 480//1905
f 480//1905 399//1864 483//1906
f 484//1907 483//1906 399//1864
f 399//1864 402//1866 484//1907
f 486//1908 484//1907 402//1866
f 402//1866 404//1867 486//1908
f 488//1909 486//1908 404//1867
f 422//1876 342//1836 490//1910
f 406//1868 490//1910 342//1836
f 406//1868 330//1830 492//1911
f 408//1869 492//1911 330//1830
f 408//1869 332//1831 494//1912
f 410//1870 494//1912 332//1831
f 410//1870 344//1837 496//1913
f 424//1877 496//1913 344//1837
f 412//1871 498//1914 346//1838
f 426//1878 346//1838 498//1914
f 414//1872 500//1915 334//1832
f 412//1871 334//1832 500//1915
f 416//1873 502//1916 336//1833
f 414//1872 336//1833 502//1916
f 421//1875 504//1917 341//1835
f 416//1873 341//1835 504//1917
f 508//1918 509//1919 422//1876
f 509//1919 510//1920 422//1876
f 422//1876 510//1920 420//1874
f 421//1875 420//1874 510//1920
f 424//1877 348//1839 512//1921
f 428//1879 512//1921 348//1839
f 426//1878 514//1922 350//1840
f 430//1880 350//1840 514//1922
f 352//1841 432//1881 428//1879
f 516//1923 428//1879 432//1881
f 518//1924 434//1882 430//1880
f 354//1842 430//1880 434//1882
f 356//1843 436//1883 432//1881
f 520//1925 432//1881 436//1883
f 358//1844 434//1882 438//1884
f 522//1926 438//1884 434//1882
f 360//1845 440//1885 436//1883
f 524//1927 436//1883 440//1885
f 366//1848 438//1884 446//1888
f 526//1928 446//1888 438//1884
f 380//1855 462//1896 440//1885
f 528//1929 440//1885 462//1896
f 443//1886 444//1887 531//1930
f 532//1931 531//1930 444//1887
f 364//1847 446//1888 444//1887
f 534//1932 444//1887 446//1888
f 363//1846 443//1886 448//1889
f 536//1933 448//1889 443//1886
f 448//1889 538//1934 368//1849
f 450//1890 368//1849 538//1934
f 450//1890 540//1935 370//1850
f 452//1891 370//1850 540//1935
f 452//1891 542//1936 372//1851
f 454//1892 372//1851 542//1936
f 454//1892 544//1937 374//1852
f 456//1893 374//1852 544//1937
f 456//1893 546//1938 376//1853
f 458//1894 376//1853 546//1938
f 404//1867 458//1894 488//1909
f 548//1939 488//1909 458//1894
f 461//1895 551//1940 462//1896
f 552//1941 462//1896 551//1940
f 379//1854 464//1897 461//1895
f 554//1942 461//1895 464//1897
f 466//1898 556//1943 382//1856
f 464//1897 382//1856 556//1943
f 468//1899 558//1944 384//1857
f 466//1898 384//1857 558//1944
f 470//1900 560//1945 386//1858
f 468//1899 386//1858 560//1945
f 472//1901 562//1946 388//1859
f 470//1900 388//1859 562//1946
f 474//1902 564//1947 390//1860
f 472//1901 390//1860 564//1947
f 394//1862 478//1904 474//1902
f 566//1948 474//1902 478//1904
f 477//1903 569//1949 478//1904
f 570//1950 478//1904 569//1949
f 480//1905 572//1951 477//1903
f 569//1949 477//1903 572//1951
f 483//1906 484//1907 480//1905
f 480//1905 484//1907 572//1951
f 572//1951 484//1907 575//1952
f 576//1953 575//1952 484//1907
f 484//1907 486//1908 576//1953
f 578//1954 576//1953 486//1908
f 486//1908 488//1909 578//1954
f 580//1955 578//1954 488//1909
f 508//1918 422//1876 582//1956
f 490//1910 582//1956 422//1876
f 490//1910 406//1868 584//1957
f 492//1911 584//1957 406//1868
f 492//1911 408//1869 586//1958
f 494//1912 586//1958 408//1869
f 494//1912 410//1870 588//1959
f 496//1913 588//1959 410//1870
f 496//1913 424//1877 590//1960
f 512//1921 590//1960 424//1877
f 498//1914 592//1961 426//1878
f 514//1922 426//1878 592//1961
f 500//1915 594//1962 412//1871
f 498//1914 412//1871 594//1962
f 502//1916 596//1963 414//1872
f 500//1915 414//1872 596//1963
f 504//1917 598//1964 416//1873
f 502//1916 416//1873 598//1964
f 510//1920 600//1965 421//1875
f 504//1917 421//1875 600//1965
f 604//1966 605//1967 606//1968
f 606//1968 605//1967 508//1918
f 508//1918 605//1967 509//1919
f 510//1920 509//1919 605//1967
f 512//1921 428//1879 608//1969
f 516//1923 608//1969 428//1879
f 514//1922 610//1970 430//1880
f 518//1924 430//1880 610//1970
f 432//1881 520//1925 516//1923
f 612//1971 516//1923 520//1925
f 434//1882 518//1924 522//1926
f 614//1972 522//1926 518//1924
f 436//1883 524//1927 520//1925
f 616//1973 520//1925 524//1927
f 438//1884 522//1926 526//1928
f 618//1974 526//1928 522//1926
f 440//1885 528//1929 524//1927
f 620//1975 524//1927 528//1929
f 446//1888 526//1928 534//1932
f 622//1976 534//1932 526//1928
f 462//1896 552//1941 528//1929
f 624//1977 528//1929 552//1941
f 531//1930 532//1931 627//1978
f 628//1979 627//1978 532//1931
f 444//1887 534//1932 532//1931
f 630//1980 532//1931 534//1932
f 443//1886 531//1930 536//1933
f 632//1981 536//1933 531//1930
f 448//1889 536//1933 538//1934
f 634//1982 538//1934 536//1933
f 538//1934 636//1983 450//1890
f 540//1935 450//1890 636//1983
f 540//1935 638//1984 452//1891
f 542//1936 452//1891 638//1984
f 542//1936 640//1985 454//1892
f 544//1937 454//1892 640//1985
f 456//1893 544//1937 546//1938
f 642//1986 546//1938 544//1937
f 458//1894 546//1938 548//1939
f 644//1987 548//1939 546//1938
f 488//1909 548//1939 580//1955
f 646//1988 580//1955 548//1939
f 551//1940 649//1989 552//1941
f 650//1990 552//1941 649//1989
f 461//1895 554//1942 551//1940
f 652//1991 551//1940 554//1942
f 464//1897 556//1943 554//1942
f 654//1992 554//1942 556//1943
f 558//1944 656//1993 466//1898
f 556//1943 466//1898 656//1993
f 560//1945 658//1994 468//1899
f 558//1944 468//1899 658//1994
f 562//1946 660//1995 470//1900
f 560//1945 470//1900 660//1995
f 472//1901 564//1947 562//1946
f 662//1996 562//1946 564//1947
f 474//1902 566//1948 564//1947
f 664//1997 564//1947 566//1948
f 478//1904 570//1950 566//1948
f 666//1998 566//1948 570//1950
f 569//1949 669//1999 570//1950
f 670//2000 570//1950 669//1999
f 572//1951 672//2001 569//1949
f 669//1999 569//1949 672//2001
f 575//1952 576//1953 572//1951
f 572//1951 576//1953 672//2001
f 672//2001 576//1953 675//2002
f 676//2003 675//2002 576//1953
f 576//1953 578//1954 676//2003
f 678//2004 676//2003 578//1954
f 578//1954 580//1955 678//2004
f 680//2005 678//2004 580//1955
f 606//1968 508//1918 682//2006
f 582//1956 682//2006 508//1918
f 582//1956 490//1910 684//2007
f 584//1957 684//2007 490//1910
f 584//1957 492//1911 686//2008
f 586//1958 686//2008 492//1911
f 586//1958 494//1912 688//2009
f 588//1959 688//2009 494//1912
f 588//1959 496//1913 690//2010
f 590//1960 690//2010 496//1913
f 590//1960 512//1921 692//2011
f 608//1969 692//2011 512//1921
f 592//1961 694//2012 514//1922
f 610//1970 514//1922 694//2012
f 594//1962 696//2013 498//1914
f 592//1961 498//1914 696//2013
f 596//1963 698//2014 500//1915
f 594//1962 500//1915 698//2014
f 598//1964 700//2015 502//1916
f 596//1963 502//1916 700//2015
f 600//1965 702//2016 504//1917
f 598//1964 504//1917 702//2016
f 605//1967 704//2017 510//1920
f 600//1965 510//1920 704//2017
f 708//2018 709//2019 606//1968
f 709//2019 710//2020 606//1968
f 606//1968 710//2020 604//1966
f 605//1967 604//1966 710//2020
f 608//1969 516//1923 712//2021
f 612//1971 712//2021 516//1923
f 610//1970 714//2022 518//1924
f 614//1972 518//1924 714//2022
f 520//1925 616//1973 612//1971
f 716//2023 612//1971 616//1973
f 522//1926 614//1972 618//1974
f 718//2024 618//1974 614//1972
f 524//1927 620//1975 616//1973
f 720//2025 616//1973 620//1975
f 526//1928 618//1974 622//1976
f 722//2026 622//1976 618//1974
f 528//1929 624//1977 620//1975
f 724//2027 620//1975 624//1977
f 534//1932 622//1976 630//1980
f 726//2028 630//1980 622//1976
f 552//1941 650//1990 624//1977
f 728//2029 624//1977 650//1990
f 627//1978 628//1979 731//2030
f 732//2031 731//2030 628//1979
f 532//1931 630//1980 628//1979
f 734//2032 628//1979 630//1980
f 531//1930 627//1978 632//1981
f 736//2033 632//1981 627//1978
f 536//1933 632//1981 634//1982
f 738//2034 634//1982 632//1981
f 538//1934 634//1982 636//1983
f 740//2035 636//1983 634//1982
f 636//1983 742//2036 540//1935
f 638//1984 540//1935 742//2036
f 638//1984 744//2037 542//1936
f 640//1985 542//1936 744//2037
f 544//1937 640//1985 642//1986
f 746//2038 642//1986 640//1985
f 546//1938 642//1986 644//1987
f 748//2039 644//1987 642//1986
f 548//1939 644//1987 646//1988
f 750//2040 646//1988 644//1987
f 580//1955 646//1988 680//2005
f 752//2041 680//2005 646//1988
f 649//1989 755//2042 650//1990
f 756//2043 650//1990 755//2042
f 551//1940 652//1991 649//1989
f 758//2044 649//1989 652//1991
f 554//1942 654//1992 652//1991
f 760//2045 652//1991 654//1992
f 556//1943 656//1993 654//1992
f 762//2046 654//1992 656//1993
f 658//1994 764//2047 558//1944
f 656//1993 558//1944 764//2047
f 660//1995 766//2048 560//1945
f 658//1994 560//1945 766//2048
f 562//1946 662//1996 660//1995
f 768//2049 660//1995 662//1996
f 564//1947 664//1997 662//1996
f 770//2050 662//1996 664//1997
f 566//1948 666//1998 664//1997
f 772//2051 664//1997 666//1998
f 570//1950 670//2000 666//1998
f 774//2052 666//1998 670//2000
f 669//1999 777//2053 670//2000
f 778//2054 670//2000 777//2053
f 672//2001 708//2018 669//1999
f 777//2053 669//1999 708//2018
f 675//2002 676//2003 672//2001
f 672//2001 676//2003 708//2018
f 708//2018 676//2003 709//2019
f 710//2020 709//2019 676//2003
f 676//2003 678//2004 710//2020
f 780//2055 710//2020 678//2004
f 678//2004 680//2005 780//2055
f 782//2056 780//2055 680//2005
f 708//2018 606//1968 777//2053
f 682//2006 777//2053 606//1968
f 682//2006 582//1956 784//2057
f 684//2007 784//2057 582//1956
f 684//2007 584//1957 786//2058
f 686//2008 786//2058 584//1957
f 686//2008 586//1958 788//2059
f 688//2009 788//2059 586//1958
f 688//2009 588//1959 790//2060
f 690//2010 790//2060 588//1959
f 690//2010 590//1960 792//2061
f 692//2011 792//2061 590//1960
f 692//2011 608//1969 794//2062
f 712//2021 794//2062 608//1969
f 694//2012 796//2063 610//1970
f 714//2022 610//1970 796//2063
f 696//2013 798//2064 592//1961
f 694//2012 592//1961 798//2064
f 698//2014 800//2065 594//1962
f 696//2013 594//1962 800//2065
f 700//2015 802//2066 596//1963
f 698//2014 596//1963 802//2066
f 702//2016 804//2067 598//1964
f 700//2015 598//1964 804//2067
f 704//2017 806//2068 600//1965
f 702//2016 600//1965 806//2068
f 710//2020 780//2055 605//1967
f 704//2017 605//1967 780//2055
f 712//2021 612//1971 808//2069
f 716//2023 808//2069 612//1971
f 714//2022 810//2070 614//1972
f 718//2024 614//1972 810//2070
f 616//1973 720//2025 716//2023
f 812//2071 716//2023 720//2025
f 618//1974 718//2024 722//2026
f 814//2072 722//2026 718//2024
f 620//1975 724//2027 720//2025
f 816//2073 720//2025 724//2027
f 622//1976 722//2026 726//2028
f 818//2074 726//2028 722//2026
f 624//1977 728//2029 724//2027
f 820//2075 724//2027 728//2029
f 630//1980 726//2028 734//2032
f 822//2076 734//2032 726//2028
f 650//1990 756//2043 728//2029
f 824//2077 728//2029 756//2043
f 731//2030 732//2031 827//2078
f 828//2079 827//2078 732//2031
f 628//1979 734//2032 732//2031
f 830//2080 732//2031 734//2032
f 627//1978 731//2030 736//2033
f 832//2081 736//2033 731//2030
f 632//1981 736//2033 738//2034
f 834//2082 738//2034 736//2033
f 634//1982 738//2034 740//2035
f 836//2083 740//2035 738//2034
f 740//2035 838//2084 636//1983
f 742//2036 636//1983 838//2084
f 742//2036 840//2085 638//1984
f 744//2037 638//1984 840//2085
f 640//1985 744//2037 746//2038
f 842//2086 746//2038 744//2037
f 642//1986 746//2038 748//2039
f 844//2087 748//2039 746//2038
f 644//1987 748//2039 750//2040
f 846//2088 750//2040 748//2039
f 646//1988 750//2040 752//2041
f 848//2089 752//2041 750//2040
f 680//2005 752//2041 782//2056
f 850//2090 782//2056 752//2041
f 755//2042 853//2091 756//2043
f 854//2092 756//2043 853//2091
f 649//1989 758//2044 755//2042
f 856//2093 755//2042 758//2044
f 652//1991 760//2045 758//2044
f 858//2094 758//2044 760//2045
f 654//1992 762//2046 760//2045
f 860//2095 760//2045 762//2046
f 764//2047 862//2096 656//1993
f 762//2046 656//1993 862//2096
f 766//2048 864//2097 658//1994
f 764//2047 658//1994 864//2097
f 660//1995 768//2049 766//2048
f 866//2098 766//2048 768//2049
f 662//1996 770//2050 768//2049
f 868//2099 768//2049 770//2050
f 664//1997 772//2051 770//2050
f 870//2100 770//2050 772//2051
f 666//1998 774//2052 772//2051
f 872//2101 772//2051 774//2052
f 670//2000 778//2054 774//2052
f 874//2102 774//2052 778//2054
f 777//2053 682//2006 778//2054
f 784//2057 778//2054 682//2006
f 780//2055 782//2056 704//2017
f 806//2068 704//2017 782//2056
f 784//2057 684//2007 876//2103
f 786//2058 876//2103 684//2007
f 786//2058 686//2008 878//2104
f 788//2059 878//2104 686//2008
f 788//2059 688//2009 880//2105
f 790//2060 880//2105 688//2009
f 790//2060 690//2010 882//2106
f 792//2061 882//2106 690//2010
f 792//2061 692//2011 884//2107
f 794//2062 884//2107 692//2011
f 794//2062 712//2021 886//2108
f 808//2069 886//2108 712//2021
f 796//2063 888//2109 714//2022
f 810//2070 714//2022 888//2109
f 798//2064 890//2110 694//2012
f 796//2063 694//2012 890//2110
f 800//2065 892//2111 696//2013
f 798//2064 696//2013 892//2111
f 802//2066 894//2112 698//2014
f 800//2065 698//2014 894//2112
f 804//2067 896//2113 700//2015
f 802//2066 700//2015 896//2113
f 806//2068 898//2114 702//2016
f 804//2067 702//2016 898//2114
f 808//2069 716//2023 900//2115
f 812//2071 900//2115 716//2023
f 810//2070 902//2116 718//2024
f 814//2072 718//2024 902//2116
f 720//2025 816//2073 812//2071
f 904//2117 812//2071 816//2073
f 722//2026 814//2072 818//2074
f 906//2118 818//2074 814//2072
f 724//2027 820//2075 816//2073
f 908//2119 816//2073 820//2075
f 726//2028 818//2074 822//2076
f 910//2120 822//2076 818//2074
f 728//2029 824//2077 820//2075
f 912//2121 820//2075 824//2077
f 734//2032 822//2076 830//2080
f 914//2122 830//2080 822//2076
f 756//2043 854//2092 824//2077
f 916//2123 824//2077 854//2092
f 827//2078 828//2079 919//2124
f 920//2125 919//2124 828//2079
f 732//2031 830//2080 828//2079
f 922//2126 828//2079 830//2080
f 731//2030 827//2078 832//2081
f 924//2127 832//2081 827//2078
f 736//2033 832//2081 834//2082
f 926//2128 834//2082 832//2081
f 738//2034 834//2082 836//2083
f 928//2129 836//2083 834//2082
f 740//2035 836//2083 838//2084
f 930//2130 838//2084 836//2083
f 742//2036 838//2084 840//2085
f 932//2131 840//2085 838//2084
f 744//2037 840//2085 842//2086
f 934//2132 842//2086 840//2085
f 746//2038 842//2086 844//2087
f 936//2133 844//2087 842//2086
f 748//2039 844//2087 846//2088
f 938//2134 846//2088 844//2087
f 750//2040 846//2088 848//2089
f 940//2135 848//2089 846//2088
f 752//2041 848//2089 850//2090
f 942//2136 850//2090 848//2089
f 782//2056 850//2090 806//2068
f 898//2114 806//2068 850//2090
f 853//2091 945//2137 854//2092
f 946//2138 854//2092 945//2137
f 755//2042 856//2093 853//2091
f 948//2139 853//2091 856//2093
f 758//2044 858//2094 856//2093
f 950//2140 856//2093 858//2094
f 760//2045 860//2095 858//2094
f 952//2141 858//2094 860//2095
f 762//2046 862//2096 860//2095
f 954//2142 860//2095 862//2096
f 764//2047 864//2097 862//2096
f 956//2143 862//2096 864//2097
f 766//2048 866//2098 864//2097
f 958//2144 864//2097 866//2098
f 768//2049 868//2099 866//2098
f 960//2145 866//2098 868//2099
f 770//2050 870//2100 868//2099
f 962//2146 868//2099 870//2100
f 772//2051 872//2101 870//2100
f 964//2147 870//2100 872//2101
f 774//2052 874//2102 872//2101
f 966//2148 872//2101 874//2102
f 778//2054 784//2057 874//2102
f 876//2103 874//2102 784//2057
f 876//2103 786//2058 968//2149
f 878//2104 968//2149 786//2058
f 878//2104 788//2059 970//2150
f 880//2105 970//2150 788//2059
f 880//2105 790//2060 972//2151
f 882//2106 972//2151 790//2060
f 882//2106 792//2061 974//2152
f 884//2107 974//2152 792//2061
f 884//2107 794//2062 976//2153
f 886//2108 976//2153 794//2062
f 886//2108 808//2069 978//2154
f 900//2115 978//2154 808//2069
f 888//2109 980//2155 810//2070
f 902//2116 810//2070 980//2155
f 890//2110 982//2156 796//2063
f 888//2109 796//2063 982//2156
f 892//2111 984//2157 798//2064
f 890//2110 798//2064 984//2157
f 894//2112 986//2158 800//2065
f 892//2111 800//2065 986//2158
f 896//2113 988//2159 802//2066
f 894//2112 802//2066 988//2159
f 898//2114 990//2160 804//2067
f 896//2113 804//2067 990//2160
f 812//2071 904//2117 900//2115
f 992//2161 900//2115 904//2117
f 814//2072 902//2116 906//2118
f 994//2162 906//2118 902//2116
f 816//2073 908//2119 904//2117
f 996//2163 904//2117 908//2119
f 818//2074 906//2118 910//2120
f 998//2164 910//2120 906//2118
f 820//2075 912//2121 908//2119
f 1000//2165 908//2119 912//2121
f 822//2076 910//2120 914//2122
f 1002//2166 914//2122 910//2120
f 824//2077 916//2123 912//2121
f 1004//2167 912//2121 916//2123
f 830//2080 914//2122 922//2126
f 1006//2168 922//2126 914//2122
f 854//2092 946//2138 916//2123
f 1008//2169 916//2123 946//2138
f 919//2124 920//2125 1011//2170
f 1012//2171 1011//2170 920//2125
f 828//2079 922//2126 920//2125
f 1014//2172 920//2125 922//2126
f 827//2078 919//2124 924//2127
f 1016//2173 924//2127 919//2124
f 832//2081 924//2127 926//2128
f 1018//2174 926//2128 924//2127
f 834//2082 926//2128 928//2129
f 1020//2175 928//2129 926//2128
f 836//2083 928//2129 930//2130
f 1022//2176 930//2130 928//2129
f 838//2084 930//2130 932//2131
f 1024//2177 932//2131 930//2130
f 840//2085 932//2131 934//2132
f 1026//2178 934//2132 932//2131
f 842//2086 934//2132 936//2133
f 1028//2179 936//2133 934//2132
f 844//2087 936//2133 938//2134
f 1030//2180 938//2134 936//2133
f 846//2088 938//2134 940//2135
f 1032//2181 940//2135 938//2134
f 848//2089 940//2135 942//2136
f 1034//2182 942//2136 940//2135
f 850//2090 942//2136 898//2114
f 990//2160 898//2114 942//2136
f 945//2137 1037//2183 946//2138
f 1038//2184 946//2138 1037//2183
f 853//2091 948//2139 945//2137
f 1040//2185 945//2137 948//2139
f 856//2093 950//2140 948//2139
f 1042//2186 948//2139 950//2140
f 858//2094 952//2141 950//2140
f 1044//2187 950//2140 952//2141
f 860//2095 954//2142 952//2141
f 1046//2188 952//2141 954//2142
f 862//2096 956//2143 954//2142
f 1048//2189 954//2142 956//2143
f 864//2097 958//2144 956//2143
f 1050//2190 956//2143 958//2144
f 866//2098 960//2145 958//2144
f 1052//2191 958//2144 960//2145
f 868//2099 962//2146 960//2145
f 1054//2192 960//2145 962//2146
f 870//2100 964//2147 962//2146
f 1056//2193 962//2146 964//2147
f 872//2101 966//2148 964//2147
f 1058//2194 964//2147 966//2148
f 874//2102 876//2103 966//2148
f 968//2149 966//2148 876//2103
f 968//2149 878//2104 1060//2195
f 970//2150 1060//2195 878//2104
f 970//2150 880//2105 1062//2196
f 972//2151 1062//2196 880//2105
f 972//2151 882//2106 1064//2197
f 974//2152 1064//2197 882//2106
f 974//2152 884//2107 1066//2198
f 976//2153 1066//2198 884//2107
f 976//2153 886//2108 1068//2199
f 978//2154 1068//2199 886//2108
f 978//2154 900//2115 1070//2200
f 992//2161 1070//2200 900//2115
f 980//2155 1072//2201 902//2116
f 994//2162 902//2116 1072//2201
f 982//2156 1074//2202 888//2109
f 980//2155 888//2109 1074//2202
f 984//2157 1076//2203 890//2110
f 982//2156 890//2110 1076//2203
f 986//2158 1078//2204 892//2111
f 984//2157 892//2111 1078//2204
f 988//2159 1080//2205 894//2112
f 986//2158 894//2112 1080//2205
f 990//2160 1082//2206 896//2113
f 988//2159 896//2113 1082//2206
f 904//2117 996//2163 992//2161
f 1084//2207 992//2161 996//2163
f 906//2118 994//2162 998//2164
f 1086//2208 998//2164 994//2162
f 908//2119 1000//2165 996//2163
f 1088//2209 996//2163 1000//2165
f 910//2120 998//2164 1002//2166
f 1090//2210 1002//2166 998//2164
f 912//2121 1004//2167 1000//2165
f 1092//2211 1000//2165 1004//2167
f 914//2122 1002//2166 1006//2168
f 1094//2212 1006//2168 1002//2166
f 916//2123 1008//2169 1004//2167
f 1096//2213 1004//2167 1008//2169
f 922//2126 1006//2168 1014//2172
f 1098//2214 1014//2172 1006//2168
f 946//2138 1038//2184 1008//2169
f 1100//2215 1008//2169 1038//2184
f 1011//2170 1012//2171 1103//2216
f 1104//2217 1103//2216 1012//2171
f 920//2125 1014//2172 1012//2171
f 1106//2218 1012//2171 1014//2172
f 919//2124 1011//2170 1016//2173
f 1108//2219 1016//2173 1011//2170
f 924//2127 1016//2173 1018//2174
f 1110//2220 1018//2174 1016//2173
f 926//2128 1018//2174 1020//2175
f 1112//2221 1020//2175 1018//2174
f 928//2129 1020//2175 1022//2176
f 1114//2222 1022//2176 1020//2175
f 930//2130 1022//2176 1024//2177
f 1116//2223 1024//2177 1022//2176
f 932//2131 1024//2177 1026//2178
f 1118//2224 1026//2178 1024//2177
f 934//2132 1026//2178 1028//2179
f 1120//2225 1028//2179 1026//2178
f 936//2133 1028//2179 1030//2180
f 1122//2226 1030//2180 1028//2179
f 938//2134 1030//2180 1032//2181
f 1124//2227 1032//2181 1030//2180
f 940//2135 1032//2181 1034//2182
f 1126//2228 1034//2182 1032//2181
f 942//2136 1034//2182 990//2160
f 1082//2206 990//2160 1034//2182
f 1037//2183 1129//2229 1038//2184
f 1130//2230 1038//2184 1129//2229
f 945//2137 1040//2185 1037//2183
f 1132//2231 1037//2183 1040//2185
f 948//2139 1042//2186 1040//2185
f 1134//2232 1040//2185 1042//2186
f 950//2140 1044//2187 1042//2186
f 1136//2233 1042//2186 1044//2187
f 952//2141 1046//2188 1044//2187
f 1138//2234 1044//2187 1046//2188
f 954//2142 1048//2189 1046//2188
f 1140//2235 1046//2188 1048//2189
f 956//2143 1050//2190 1048//2189
f 1142//2236 1048//2189 1050//2190
f 958//2144 1052//2191 1050//2190
f 1144//2237 1050//2190 1052//2191
f 960//2145 1054//2192 1052//2191
f 1146//2238 1052//2191 1054//2192
f 962//2146 1056//2193 1054//2192
f 1148//2239 1054//2192 1056//2193
f 964//2147 1058//2194 1056//2193
f 1150//2240 1056//2193 1058//2194
f 966//2148 968//2149 1058//2194
f 1060//2195 1058//2194 968//2149
f 1060//2195 970//2150 1152//2241
f 1062//2196 1152//2241 970//2150
f 1062//2196 972//2151 1154//2242
f 1064//2197 1154//2242 972//2151
f 1064//2197 974//2152 1156//2243
f 1066//2198 1156//2243 974//2152
f 1066//2198 976//2153 1158//2244
f 1068//2199 1158//2244 976//2153
f 1068//2199 978//2154 1160//2245
f 1070//2200 1160//2245 978//2154
f 1070//2200 992//2161 1162//2246
f 1084//2207 1162//2246 992//2161
f 1072//2201 1164//2247 994//2162
f 1086//2208 994//2162 1164//2247
f 1074//2202 1166//2248 980//2155
f 1072//2201 980//2155 1166//2248
f 1076//2203 1168//2249 982//2156
f 1074//2202 982//2156 1168//2249
f 1078//2204 1170//2250 984//2157
f 1076//2203 984//2157 1170//2250
f 1080//2205 1172//2251 986//2158
f 1078//2204 986//2158 1172//2251
f 1082//2206 1174//2252 988//2159
f 1080//2205 988//2159 1174//2252
f 996//2163 1088//2209 1084//2207
f 1176//2253 1084//2207 1088//2209
f 998//2164 1086//2208 1090//2210
f 1178//2254 1090//2210 1086//2208
f 1000//2165 1092//2211 1088//2209
f 1180//2255 1088//2209 1092//2211
f 1002//2166 1090//2210 1094//2212
f 1182//2256 1094//2212 1090//2210
f 1004//2167 1096//2213 1092//2211
f 1184//2257 1092//2211 1096//2213
f 1006//2168 1094//2212 1098//2214
f 1186//2258 1098//2214 1094//2212
f 1008//2169 1100//2215 1096//2213
f 1188//2259 1096//2213 1100//2215
f 1014//2172 1098//2214 1106//2218
f 1190//2260 1106//2218 1098//2214
f 1038//2184 1130//2230 1100//2215
f 1192//2261 1100//2215 1130//2230
f 1104//2217 1195//2262 1103//2216
f 1196//2263 1103//2216 1195//2262
f 1012//2171 1106//2218 1104//2217
f 1198//2264 1104//2217 1106//2218
f 1011//2170 1103//2216 1108//2219
f 1200//2265 1108//2219 1103//2216
f 1016//2173 1108//2219 1110//2220
f 1202//2266 1110//2220 1108//2219
f 1018//2174 1110//2220 1112//2221
f 1204//2267 1112//2221 1110//2220
f 1020//2175 1112//2221 1114//2222
f 1206//2268 1114//2222 1112//2221
f 1022//2176 1114//2222 1116//2223
f 1208//2269 1116//2223 1114//2222
f 1024//2177 1116//2223 1118//2224
f 1210//2270 1118//2224 1116//2223
f 1026//2178 1118//2224 1120//2225
f 1212//2271 1120//2225 1118//2224
f 1028//2179 1120//2225 1122//2226
f 1214//2272 1122//2226 1120//2225
f 1030//2180 1122//2226 1124//2227
f 1216//2273 1124//2227 1122//2226
f 1032//2181 1124//2227 1126//2228
f 1218//2274 1126//2228 1124//2227
f 1034//2182 1126//2228 1082//2206
f 1174//2252 1082//2206 1126//2228
f 1130//2230 1129//2229 1221//2275
f 1222//2276 1221//2275 1129//2229
f 1037//2183 1132//2231 1129//2229
f 1224//2277 1129//2229 1132//2231
f 1040//2185 1134//2232 1132//2231
f 1226//2278 1132//2231 1134//2232
f 1042//2186 1136//2233 1134//2232
f 1228//2279 1134//2232 1136//2233
f 1044//2187 1138//2234 1136//2233
f 1230//2280 1136//2233 1138//2234
f 1046//2188 1140//2235 1138//2234
f 1232//2281 1138//2234 1140//2235
f 1048//2189 1142//2236 1140//2235
f 1234//2282 1140//2235 1142//2236
f 1050//2190 1144//2237 1142//2236
f 1236//2283 1142//2236 1144//2237
f 1052//2191 1146//2238 1144//2237
f 1238//2284 1144//2237 1146//2238
f 1054//2192 1148//2239 1146//2238
f 1240//2285 1146//2238 1148//2239
f 1056//2193 1150//2240 1148//2239
f 1242//2286 1148//2239 1150//2240
f 1058//2194 1060//2195 1150//2240
f 1152//2241 1150//2240 1060//2195
f 1152//2241 1062//2196 1244//2287
f 1154//2242 1244//2287 1062//2196
f 1154//2242 1064//2197 1246//2288
f 1156//2243 1246//2288 1064//2197
f 1156//2243 1066//2198 1248//2289
f 1158//2244 1248//2289 1066//2198
f 1158//2244 1068//2199 1250//2290
f 1160//2245 1250//2290 1068//2199
f 1160//2245 1070//2200 1252//2291
f 1162//2246 1252//2291 1070//2200
f 1162//2246 1084//2207 1254//2292
f 1176//2253 1254//2292 1084//2207
f 1164//2247 1256//2293 1086//2208
f 1178//2254 1086//2208 1256//2293
f 1166//2248 1258//2294 1072//2201
f 1164//2247 1072//2201 1258//2294
f 1168//2249 1260//2295 1074//2202
f 1166//2248 1074//2202 1260//2295
f 1170//2250 1262//2296 1076//2203
f 1168//2249 1076//2203 1262//2296
f 1172//2251 1264//2297 1078//2204
f 1170//2250 1078//2204 1264//2297
f 1174//2252 1266//2298 1080//2205
f 1172//2251 1080//2205 1266//2298
f 1088//2209 1180//2255 1176//2253
f 1268//2299 1176//2253 1180//2255
f 1090//2210 1178//2254 1182//2256
f 1270//2300 1182//2256 1178//2254
f 1092//2211 1184//2257 1180//2255
f 1272//2301 1180//2255 1184//2257
f 1094//2212 1182//2256 1186//2258
f 1274//2302 1186//2258 1182//2256
f 1096//2213 1188//2259 1184//2257
f 1276//2303 1184//2257 1188//2259
f 1098//2214 1186//2258 1190//2260
f 1278//2304 1190//2260 1186//2258
f 1100//2215 1192//2261 1188//2259
f 1280//2305 1188//2259 1192//2261
f 1106//2218 1190//2260 1198//2264
f 1282//2306 1198//2264 1190//2260
f 1192//2261 1130//2230 1284//2307
f 1221//2275 1284//2307 1130//2230
f 1195//2262 1287//2308 1196//2263
f 1288//2309 1196//2263 1287//2308
f 1198//2264 1290//2310 1104//2217
f 1195//2262 1104//2217 1290//2310
f 1103//2216 1196//2263 1200//2265
f 1292//2311 1200//2265 1196//2263
f 1108//2219 1200//2265 1202//2266
f 1294//2312 1202//2266 1200//2265
f 1110//2220 1202//2266 1204//2267
f 1296//2313 1204//2267 1202//2266
f 1112//2221 1204//2267 1206//2268
f 1298//2314 1206//2268 1204//2267
f 1114//2222 1206//2268 1208//2269
f 1300//2315 1208//2269 1206//2268
f 1116//2223 1208//2269 1210//2270
f 1302//2316 1210//2270 1208//2269
f 1118//2224 1210//2270 1212//2271
f 1304//2317 1212//2271 1210//2270
f 1120//2225 1212//2271 1214//2272
f 1306//2318 1214//2272 1212//2271
f 1122//2226 1214//2272 1216//2273
f 1308//2319 1216//2273 1214//2272
f 1124//2227 1216//2273 1218//2274
f 1310//2320 1218//2274 1216//2273
f 1126//2228 1218//2274 1174//2252
f 1266//2298 1174//2252 1218//2274
f 1221//2275 1222//2276 1313//2321
f 1314//2322 1313//2321 1222//2276
f 1129//2229 1224//2277 1222//2276
f 1316//2323 1222//2276 1224//2277
f 1132//2231 1226//2278 1224//2277
f 1318//2324 1224//2277 1226//2278
f 1134//2232 1228//2279 1226//2278
f 1320//2325 1226//2278 1228//2279
f 1136//2233 1230//2280 1228//2279
f 1322//2326 1228//2279 1230//2280
f 1138//2234 1232//2281 1230//2280
f 1324//2327 1230//2280 1232//2281
f 1140//2235 1234//2282 1232//2281
f 1326//2328 1232//2281 1234//2282
f 1142//2236 1236//2283 1234//2282
f 1328//2329 1234//2282 1236//2283
f 1144//2237 1238//2284 1236//2283
f 1330//2330 1236//2283 1238//2284
f 1146//2238 1240//2285 1238//2284
f 1332//2331 1238//2284 1240//2285
f 1148//2239 1242//2286 1240//2285
f 1334//2332 1240//2285 1242//2286
f 1150//2240 1152//2241 1242//2286
f 1244//2287 1242//2286 1152//2241
f 1244//2287 1154//2242 1336//2333
f 1246//2288 1336//2333 1154//2242
f 1246//2288 1156//2243 1338//2334
f 1248//2289 1338//2334 1156//2243
f 1248//2289 1158//2244 1340//2335
f 1250//2290 1340//2335 1158//2244
f 1250//2290 1160//2245 1342//2336
f 1252//2291 1342//2336 1160//2245
f 1252//2291 1162//2246 1344//2337
f 1254//2292 1344//2337 1162//2246
f 1254//2292 1176//2253 1346//2338
f 1268//2299 1346//2338 1176//2253
f 1256//2293 1348//2339 1178//2254
f 1270//2300 1178//2254 1348//2339
f 1258//2294 1350//2340 1164//2247
f 1256//2293 1164//2247 1350//2340
f 1260//2295 1352//2341 1166//2248
f 1258//2294 1166//2248 1352//2341
f 1262//2296 1354//2342 1168//2249
f 1260//2295 1168//2249 1354//2342
f 1264//2297 1356//2343 1170//2250
f 1262//2296 1170//2250 1356//2343
f 1266//2298 1358//2344 1172//2251
f 1264//2297 1172//2251 1358//2344
f 1180//2255 1272//2301 1268//2299
f 1360//2345 1268//2299 1272//2301
f 1182//2256 1270//2300 1274//2302
f 1362//2346 1274//2302 1270//2300
f 1184//2257 1276//2303 1272//2301
f 1364//2347 1272//2301 1276//2303
f 1186//2258 1274//2302 1278//2304
f 1366//2348 1278//2304 1274//2302
f 1188//2259 1280//2305 1276//2303
f 1368//2349 1276//2303 1280//2305
f 1190//2260 1278//2304 1282//2306
f 1370//2350 1282//2306 1278//2304
f 1192//2261 1284//2307 1280//2305
f 1372//2351 1280//2305 1284//2307
f 1198//2264 1282//2306 1290//2310
f 1374//2352 1290//2310 1282//2306
f 1284//2307 1221//2275 1376//2353
f 1313//2321 1376//2353 1221//2275
f 1287//2308 1381//2354 1288//2309
f 1381//2354 1382//2355 1288//2309
f 1288//2309 1382//2355 1383//2356
f 1384//2357 1383//2356 1382//2355
f 1290//2310 1386//2358 1195//2262
f 1287//2308 1195//2262 1386//2358
f 1196//2263 1288//2309 1292//2311
f 1388//2359 1292//2311 1288//2309
f 1200//2265 1292//2311 1294//2312
f 1390//2360 1294//2312 1292//2311
f 1202//2266 1294//2312 1296//2313
f 1392//2361 1296//2313 1294//2312
f 1204//2267 1296//2313 1298//2314
f 1394//2362 1298//2314 1296//2313
f 1206//2268 1298//2314 1300//2315
f 1396//2363 1300//2315 1298//2314
f 1208//2269 1300//2315 1302//2316
f 1398//2364 1302//2316 1300//2315
f 1210//2270 1302//2316 1304//2317
f 1400//2365 1304//2317 1302//2316
f 1212//2271 1304//2317 1306//2318
f 1402//2366 1306//2318 1304//2317
f 1214//2272 1306//2318 1308//2319
f 1404//2367 1308//2319 1306//2318
f 1216//2273 1308//2319 1310//2320
f 1406//2368 1310//2320 1308//2319
f 1218//2274 1310//2320 1266//2298
f 1358//2344 1266//2298 1310//2320
f 1313//2321 1314//2322 1411//2369
f 1411//2369 1314//2322 1412//2370
f 1314//2322 1413//2371 1412//2370
f 1414//2372 1412//2370 1413//2371
f 1222//2276 1316//2323 1314//2322
f 1416//2373 1314//2322 1316//2323
f 1224//2277 1318//2324 1316//2323
f 1418//2374 1316//2323 1318//2324
f 1226//2278 1320//2325 1318//2324
f 1420//2375 1318//2324 1320//2325
f 1228//2279 1322//2326 1320//2325
f 1422//2376 1320//2325 1322//2326
f 1230//2280 1324//2327 1322//2326
f 1424//2377 1322//2326 1324//2327
f 1232//2281 1326//2328 1324//2327
f 1426//2378 1324//2327 1326//2328
f 1234//2282 1328//2329 1326//2328
f 1428//2379 1326//2328 1328//2329
f 1236//2283 1330//2330 1328//2329
f 1430//2380 1328//2329 1330//2330
f 1238//2284 1332//2331 1330//2330
f 1432//2381 1330//2330 1332//2331
f 1240//2285 1334//2332 1332//2331
f 1434//2382 1332//2331 1334//2332
f 1242//2286 1244//2287 1334//2332
f 1336//2333 1334//2332 1244//2287
f 1336//2333 1246//2288 1436//2383
f 1338//2334 1436//2383 1246//2288
f 1338//2334 1248//2289 1438//2384
f 1340//2335 1438//2384 1248//2289
f 1340//2335 1250//2290 1440//2385
f 1342//2336 1440//2385 1250//2290
f 1342//2336 1252//2291 1442//2386
f 1344//2337 1442//2386 1252//2291
f 1344//2337 1254//2292 1444//2387
f 1346//2338 1444//2387 1254//2292
f 1346//2338 1268//2299 1446//2388
f 1360//2345 1446//2388 1268//2299
f 1348//2339 1448//2389 1270//2300
f 1362//2346 1270//2300 1448//2389
f 1350//2340 1450//2390 1256//2293
f 1348//2339 1256//2293 1450//2390
f 1352//2341 1452//2391 1258//2294
f 1350//2340 1258//2294 1452//2391
f 1354//2342 1454//2392 1260//2295
f 1352//2341 1260//2295 1454//2392
f 1356//2343 1456//2393 1262//2296
f 1354//2342 1262//2296 1456//2393
f 1358//2344 1458//2394 1264//2297
f 1356//2343 1264//2297 1458//2394
f 1272//2301 1364//2347 1360//2345
f 1460//2395 1360//2345 1364//2347
f 1274//2302 1362//2346 1366//2348
f 1462//2396 1366//2348 1362//2346
f 1276//2303 1368//2349 1364//2347
f 1464//2397 1364//2347 1368//2349
f 1278//2304 1366//2348 1370//2350
f 1466//2398 1370//2350 1366//2348
f 1280//2305 1372//2351 1368//2349
f 1468//2399 1368//2349 1372//2351
f 1282//2306 1370//2350 1374//2352
f 1470//2400 1374//2352 1370//2350
f 1284//2307 1376//2353 1372//2351
f 1472//2401 1372//2351 1376//2353
f 1290//2310 1374//2352 1386//2358
f 1474//2402 1386//2358 1374//2352
f 1376//2353 1313//2321 1477//2403
f 1477//2403 1313//2321 1478//2404
f 1313//2321 1411//2369 1478//2404
f 1412//2370 1478//2404 1411//2369
f 1382//2355 1481//2405 1384//2357
f 1482//2406 1384//2357 1481//2405
f 1386//2358 1485//2407 1287//2308
f 1485//2407 1486//2408 1287//2308
f 1287//2308 1486//2408 1381//2354
f 1382//2355 1381//2354 1486//2408
f 1288//2309 1383//2356 1388//2359
f 1383//2356 1384//2357 1388//2359
f 1388//2359 1384//2357 1489//2409
f 1490//2410 1489//2409 1384//2357
f 1292//2311 1388//2359 1390//2360
f 1492//2411 1390//2360 1388//2359
f 1294//2312 1390//2360 1392//2361
f 1494//2412 1392//2361 1390//2360
f 1296//2313 1392//2361 1394//2362
f 1496//2413 1394//2362 1392//2361
f 1298//2314 1394//2362 1396//2363
f 1498//2414 1396//2363 1394//2362
f 1300//2315 1396//2363 1398//2364
f 1500//2415 1398//2364 1396//2363
f 1302//2316 1398//2364 1400//2365
f 1502//2416 1400//2365 1398//2364
f 1304//2317 1400//2365 1402//2366
f 1504//2417 1402//2366 1400//2365
f 1306//2318 1402//2366 1404//2367
f 1506//2418 1404//2367 1402//2366
f 1308//2319 1404//2367 1406//2368
f 1508//2419 1406//2368 1404//2367
f 1310//2320 1406//2368 1358//2344
f 1458//2394 1358//2344 1406//2368
f 1412//2370 1414//2372 1511//2420
f 1512//2421 1511//2420 1414//2372
f 1413//2371 1314//2322 1414//2372
f 1314//2322 1416//2373 1414//2372
f 1416//2373 1515//2422 1414//2372
f 1516//2423 1414//2372 1515//2422
f 1316//2323 1418//2374 1416//2373
f 1518//2424 1416//2373 1418//2374
f 1318//2324 1420//2375 1418//2374
f 1520//2425 1418//2374 1420//2375
f 1320//2325 1422//2376 1420//2375
f 1522//2426 1420//2375 1422//2376
f 1322//2326 1424//2377 1422//2376
f 1524//2427 1422//2376 1424//2377
f 1324//2327 1426//2378 1424//2377
f 1526//2428 1424//2377 1426//2378
f 1326//2328 1428//2379 1426//2378
f 1528//2429 1426//2378 1428//2379
f 1328//2329 1430//2380 1428//2379
f 1530//2430 1428//2379 1430//2380
f 1330//2330 1432//2381 1430//2380
f 1532//2431 1430//2380 1432//2381
f 1332//2331 1434//2382 1432//2381
f 1534//2432 1432//2381 1434//2382
f 1334//2332 1336//2333 1434//2382
f 1436//2383 1434//2382 1336//2333
f 1436//2383 1338//2334 1536//2433
f 1438//2384 1536//2433 1338//2334
f 1438//2384 1340//2335 1538//2434
f 1440//2385 1538//2434 1340//2335
f 1440//2385 1342//2336 1540//2435
f 1442//2386 1540//2435 1342//2336
f 1442//2386 1344//2337 1542//2436
f 1444//2387 1542//2436 1344//2337
f 1444//2387 1346//2338 1544//2437
f 1446//2388 1544//2437 1346//2338
f 1446//2388 1360//2345 1546//2438
f 1460//2395 1546//2438 1360//2345
f 1448//2389 1548//2439 1362//2346
f 1462//2396 1362//2346 1548//2439
f 1450//2390 1550//2440 1348//2339
f 1448//2389 1348//2339 1550//2440
f 1452//2391 1552//2441 1350//2340
f 1450//2390 1350//2340 1552//2441
f 1454//2392 1554//2442 1352//2341
f 1452//2391 1352//2341 1554//2442
f 1456//2393 1556//2443 1354//2342
f 1454//2392 1354//2342 1556//2443
f 1458//2394 1558//2444 1356//2343
f 1456//2393 1356//2343 1558//2444
f 1364//2347 1464//2397 1460//2395
f 1560//2445 1460//2395 1464//2397
f 1366//2348 1462//2396 1466//2398
f 1562//2446 1466//2398 1462//2396
f 1368//2349 1468//2399 1464//2397
f 1564//2447 1464//2397 1468//2399
f 1370//2350 1466//2398 1470//2400
f 1566//2448 1470//2400 1466//2398
f 1372//2351 1472//2401 1468//2399
f 1568//2449 1468//2399 1472//2401
f 1374//2352 1470//2400 1474//2402
f 1570//2450 1474//2402 1470//2400
f 1477//2403 1478//2404 1376//2353
f 1376//2353 1478//2404 1472//2401
f 1472//2401 1478//2404 1573//2451
f 1574//2452 1573//2451 1478//2404
f 1485//2407 1386//2358 1486//2408
f 1386//2358 1474//2402 1486//2408
f 1474//2402 1577//2453 1486//2408
f 1578//2454 1486//2408 1577//2453
f 1478//2404 1412//2370 1580//2455
f 1511//2420 1580//2455 1412//2370
f 1481//2405 1583//2456 1482//2406
f 1584//2457 1482//2406 1583//2456
f 1486//2408 1586//2458 1382//2355
f 1481//2405 1382//2355 1586//2458
f 1482//2406 1588//2459 1384//2357
f 1490//2410 1384//2357 1588//2459
f 1489//2409 1490//2410 1388//2359
f 1388//2359 1490//2410 1492//2411
f 1492//2411 1490//2410 1591//2460
f 1592//2461 1591//2460 1490//2410
f 1390//2360 1492//2411 1494//2412
f 1594//2462 1494//2412 1492//2411
f 1392//2361 1494//2412 1496//2413
f 1596//2463 1496//2413 1494//2412
f 1394//2362 1496//2413 1498//2414
f 1598//2464 1498//2414 1496//2413
f 1396//2363 1498//2414 1500//2415
f 1600//2465 1500//2415 1498//2414
f 1398//2364 1500//2415 1502//2416
f 1602//2466 1502//2416 1500//2415
f 1400//2365 1502//2416 1504//2417
f 1604//2467 1504//2417 1502//2416
f 1402//2366 1504//2417 1506//2418
f 1606//2468 1506//2418 1504//2417
f 1404//2367 1506//2418 1508//2419
f 1608//2469 1508//2419 1506//2418
f 1406//2368 1508//2419 1458//2394
f 1558//2444 1458//2394 1508//2419
f 1511//2420 1512//2421 1611//2470
f 1612//2471 1611//2470 1512//2421
f 1512//2421 1414//2372 1614//2472
f 1516//2423 1614//2472 1414//2372
f 1515//2422 1416//2373 1516//2423
f 1416//2373 1518//2424 1516//2423
f 1518//2424 1617//2473 1516//2423
f 1618//2474 1516//2423 1617//2473
f 1418//2374 1520//2425 1518//2424
f 1620//2475 1518//2424 1520//2425
f 1420//2375 1522//2426 1520//2425
f 1622//2476 1520//2425 1522//2426
f 1422//2376 1524//2427 1522//2426
f 1624//2477 1522//2426 1524//2427
f 1424//2377 1526//2428 1524//2427
f 1626//2478 1524//2427 1526//2428
f 1426//2378 1528//2429 1526//2428
f 1628//2479 1526//2428 1528//2429
f 1428//2379 1530//2430 1528//2429
f 1630//2480 1528//2429 1530//2430
f 1430//2380 1532//2431 1530//2430
f 1632//2481 1530//2430 1532//2431
f 1432//2381 1534//2432 1532//2431
f 1634//2482 1532//2431 1534//2432
f 1434//2382 1436//2383 1534//2432
f 1536//2433 1534//2432 1436//2383
f 1536//2433 1438//2384 1636//2483
f 1538//2434 1636//2483 1438//2384
f 1538//2434 1440//2385 1638//2484
f 1540//2435 1638//2484 1440//2385
f 1540//2435 1442//2386 1640//2485
f 1542//2436 1640//2485 1442//2386
f 1542//2436 1444//2387 1642//2486
f 1544//2437 1642//2486 1444//2387
f 1544//2437 1446//2388 1644//2487
f 1546//2438 1644//2487 1446//2388
f 1460//2395 1560//2445 1546//2438
f 1646//2488 1546//2438 1560//2445
f 1462//2396 1548//2439 1562//2446
f 1648//2489 1562//2446 1548//2439
f 1550//2440 1650//2490 1448//2389
f 1548//2439 1448//2389 1650//2490
f 1552//2441 1652//2491 1450//2390
f 1550//2440 1450//2390 1652//2491
f 1554//2442 1654//2492 1452//2391
f 1552//2441 1452//2391 1654//2492
f 1556//2443 1656//2493 1454//2392
f 1554//2442 1454//2392 1656//2493
f 1558//2444 1658//2494 1456//2393
f 1556//2443 1456//2393 1658//2494
f 1464//2397 1564//2447 1560//2445
f 1660//2495 1560//2445 1564//2447
f 1466//2398 1562//2446 1566//2448
f 1662//2496 1566//2448 1562//2446
f 1468//2399 1568//2449 1564//2447
f 1664//2497 1564//2447 1568//2449
f 1470//2400 1566//2448 1570//2450
f 1666//2498 1570//2450 1566//2448
f 1472//2401 1573//2451 1568//2449
f 1573//2451 1574//2452 1568//2449
f 1568//2449 1574//2452 1669//2499
f 1670//2500 1669//2499 1574//2452
f 1474//2402 1570//2450 1577//2453
f 1577//2453 1570//2450 1578//2454
f 1570//2450 1673//2501 1578//2454
f 1674//2502 1578//2454 1673//2501
f 1580//2455 1676//2503 1478//2404
f 1574//2452 1478//2404 1676//2503
f 1586//2458 1486//2408 1678//2504
f 1578//2454 1678//2504 1486//2408
f 1580//2455 1511//2420 1680//2505
f 1611//2470 1680//2505 1511//2420
f 1583//2456 1683//2506 1584//2457
f 1684//2507 1584//2457 1683//2506
f 1586//2458 1686//2508 1481//2405
f 1583//2456 1481//2405 1686//2508
f 1584//2457 1688//2509 1482//2406
f 1588//2459 1482//2406 1688//2509
f 1588//2459 1690//2510 1490//2410
f 1592//2461 1490//2410 1690//2510
f 1492//2411 1591//2460 1594//2462
f 1591//2460 1592//2461 1594//2462
f 1594//2462 1592//2461 1693//2511
f 1694//2512 1693//2511 1592//2461
f 1494//2412 1594//2462 1596//2463
f 1696//2513 1596//2463 1594//2462
f 1496//2413 1596//2463 1598//2464
f 1698//2514 1598//2464 1596//2463
f 1498//2414 1598//2464 1600//2465
f 1700//2515 1600//2465 1598//2464
f 1500//2415 1600//2465 1602//2466
f 1702//2516 1602//2466 1600//2465
f 1502//2416 1602//2466 1604//2467
f 1704//2517 1604//2467 1602//2466
f 1504//2417 1604//2467 1606//2468
f 1706//2518 1606//2468 1604//2467
f 1506//2418 1606//2468 1608//2469
f 1708//2519 1608//2469 1606//2468
f 1508//2419 1608//2469 1558//2444
f 1658//2494 1558//2444 1608//2469
f 1611//2470 1612//2471 1711//2520
f 1712//2521 1711//2520 1612//2471
f 1612//2471 1512//2421 1714//2522
f 1614//2472 1714//2522 1512//2421
f 1614//2472 1516//2423 1716//2523
f 1618//2474 1716//2523 1516//2423
f 1518//2424 1620//2475 1617//2473
f 1617//2473 1620//2475 1618//2474
f 1620//2475 1719//2524 1618//2474
f 1720//2525 1618//2474 1719//2524
f 1520//2425 1622//2476 1620//2475
f 1722//2526 1620//2475 1622//2476
f 1522//2426 1624//2477 1622//2476
f 1724//2527 1622//2476 1624//2477
f 1524//2427 1626//2478 1624//2477
f 1726//2528 1624//2477 1626//2478
f 1526//2428 1628//2479 1626//2478
f 1728//2529 1626//2478 1628//2479
f 1528//2429 1630//2480 1628//2479
f 1730//2530 1628//2479 1630//2480
f 1530//2430 1632//2481 1630//2480
f 1732//2531 1630//2480 1632//2481
f 1532//2431 1634//2482 1632//2481
f 1734//2532 1632//2481 1634//2482
f 1534//2432 1536//2433 1634//2482
f 1636//2483 1634//2482 1536//2433
f 1636//2483 1538//2434 1736//2533
f 1638//2484 1736//2533 1538//2434
f 1638//2484 1540//2435 1738//2534
f 1640//2485 1738//2534 1540//2435
f 1640//2485 1542//2436 1740//2535
f 1642//2486 1740//2535 1542//2436
f 1642//2486 1544//2437 1742//2536
f 1644//2487 1742//2536 1544//2437
f 1644//2487 1546//2438 1744//2537
f 1646//2488 1744//2537 1546//2438
f 1560//2445 1660//2495 1646//2488
f 1746//2538 1646//2488 1660//2495
f 1562//2446 1648//2489 1662//2496
f 1748//2539 1662//2496 1648//2489
f 1650//2490 1750//2540 1548//2439
f 1648//2489 1548//2439 1750//2540
f 1652//2491 1752//2541 1550//2440
f 1650//2490 1550//2440 1752//2541
f 1654//2492 1754//2542 1552//2441
f 1652//2491 1552//2441 1754//2542
f 1656//2493 1756//2543 1554//2442
f 1654//2492 1554//2442 1756//2543
f 1658//2494 1758//2544 1556//2443
f 1656//2493 1556//2443 1758//2544
f 1564//2447 1664//2497 1660//2495
f 1760//2545 1660//2495 1664//2497
f 1566//2448 1662//2496 1666//2498
f 1762//2546 1666//2498 1662//2496
f 1669//2499 1670//2500 1568//2449
f 1568//2449 1670//2500 1664//2497
f 1664//2497 1670//2500 1765//2547
f 1766//2548 1765//2547 1670//2500
f 1673//2501 1570//2450 1674//2502
f 1570//2450 1666//2498 1674//2502
f 1666//2498 1769//2549 1674//2502
f 1770//2550 1674//2502 1769//2549
f 1676//2503 1772//2551 1574//2452
f 1670//2500 1574//2452 1772//2551
f 1678//2504 1578//2454 1774//2552
f 1674//2502 1774//2552 1578//2454
f 1680//2505 1776//2553 1580//2455
f 1676//2503 1580//2455 1776//2553
f 1686//2508 1586//2458 1778//2554
f 1678//2504 1778//2554 1586//2458
f 1680//2505 1611//2470 1780//2555
f 1711//2520 1780//2555 1611//2470
f 1683//2506 1783//2556 1684//2507
f 1784//2557 1684//2507 1783//2556
f 1686//2508 1786//2558 1583//2456
f 1683//2506 1583//2456 1786//2558
f 1684//2507 1788//2559 1584//2457
f 1688//2509 1584//2457 1788//2559
f 1688//2509 1790//2560 1588//2459
f 1690//2510 1588//2459 1790//2560
f 1690//2510 1792//2561 1592//2461
f 1694//2512 1592//2461 1792//2561
f 1594//2462 1693//2511 1696//2513
f 1693//2511 1694//2512 1696//2513
f 1696//2513 1694//2512 1795//2562
f 1796//2563 1795//2562 1694//2512
f 1596//2463 1696//2513 1698//2514
f 1798//2564 1698//2514 1696//2513
f 1700//2515 1598//2464 1800//2565
f 1698//2514 1800//2565 1598//2464
f 1600//2465 1700//2515 1702//2516
f 1802//2566 1702//2516 1700//2515
f 1602//2466 1702//2516 1704//2517
f 1804//2567 1704//2517 1702//2516
f 1604//2467 1704//2517 1706//2518
f 1806//2568 1706//2518 1704//2517
f 1606//2468 1706//2518 1708//2519
f 1808//2569 1708//2519 1706//2518
f 1608//2469 1708//2519 1658//2494
f 1758//2544 1658//2494 1708//2519
f 1711//2520 1712//2521 1811//2570
f 1812//2571 1811//2570 1712//2521
f 1712//2521 1612//2471 1814//2572
f 1714//2522 1814//2572 1612//2471
f 1714//2522 1614//2472 1816//2573
f 1716//2523 1816//2573 1614//2472
f 1716//2523 1618//2474 1818//2574
f 1720//2525 1818//2574 1618//2474
f 1620//2475 1722//2526 1719//2524
f 1719//2524 1722//2526 1720//2525
f 1722//2526 1821//2575 1720//2525
f 1822//2576 1720//2525 1821//2575
f 1622//2476 1724//2527 1722//2526
f 1824//2577 1722//2526 1724//2527
f 1726//2528 1826//2578 1624//2477
f 1724//2527 1624//2477 1826//2578
f 1626//2478 1728//2529 1726//2528
f 1828//2579 1726//2528 1728//2529
f 1628//2479 1730//2530 1728//2529
f 1830//2580 1728//2529 1730//2530
f 1630//2480 1732//2531 1730//2530
f 1832//2581 1730//2530 1732//2531
f 1632//2481 1734//2532 1732//2531
f 1834//2582 1732//2531 1734//2532
f 1634//2482 1636//2483 1734//2532
f 1736//2533 1734//2532 1636//2483
f 1736//2533 1638//2484 1836//2583
f 1738//2534 1836//2583 1638//2484
f 1738//2534 1640//2485 1838//2584
f 1740//2535 1838//2584 1640//2485
f 1740//2535 1642//2486 1840//2585
f 1742//2536 1840//2585 1642//2486
f 1742//2536 1644//2487 1842//2586
f 1744//2537 1842//2586 1644//2487
f 1744//2537 1646//2488 1844//2587
f 1746//2538 1844//2587 1646//2488
f 1660//2495 1760//2545 1746//2538
f 1846//2588 1746//2538 1760//2545
f 1662//2496 1748//2539 1762//2546
f 1848//2589 1762//2546 1748//2539
f 1750//2540 1850//2590 1648//2489
f 1748//2539 1648//2489 1850//2590
f 1752//2541 1852//2591 1650//2490
f 1750//2540 1650//2490 1852//2591
f 1754//2542 1854//2592 1652//2491
f 1752//2541 1652//2491 1854//2592
f 1756//2543 1856//2593 1654//2492
f 1754//2542 1654//2492 1856//2593
f 1758//2544 1858//2594 1656//2493
f 1756//2543 1656//2493 1858//2594
f 1664//2497 1765//2547 1760//2545
f 1765//2547 1766//2548 1760//2545
f 1760//2545 1766//2548 1861//2595
f 1862//2596 1861//2595 1766//2548
f 1666//2498 1762//2546 1769//2549
f 1769//2549 1762//2546 1770//2550
f 1762//2546 1865//2597 1770//2550
f 1866//2598 1770//2550 1865//2597
f 1772//2551 1868//2599 1670//2500
f 1766//2548 1670//2500 1868//2599
f 1774//2552 1674//2502 1870//2600
f 1770//2550 1870//2600 1674//2502
f 1776//2553 1872//2601 1676//2503
f 1772//2551 1676//2503 1872//2601
f 1778//2554 1678//2504 1874//2602
f 1774//2552 1874//2602 1678//2504
f 1780//2555 1876//2603 1680//2505
f 1776//2553 1680//2505 1876//2603
f 1786//2558 1686//2508 1878//2604
f 1778//2554 1878//2604 1686//2508
f 1780//2555 1711//2520 1880//2605
f 1811//2570 1880//2605 1711//2520
f 1783//2556 1883//2606 1784//2557
f 1884//2607 1784//2557 1883//2606
f 1786//2558 1886//2608 1683//2506
f 1783//2556 1683//2506 1886//2608
f 1784//2557 1888//2609 1684//2507
f 1788//2559 1684//2507 1888//2609
f 1788//2559 1890//2610 1688//2509
f 1790//2560 1688//2509 1890//2610
f 1790//2560 1892//2611 1690//2510
f 1792//2561 1690//2510 1892//2611
f 1792//2561 1894//2612 1694//2512
f 1796//2563 1694//2512 1894//2612
f 1795//2562 1796//2563 1696//2513
f 1696//2513 1796//2563 1798//2564
f 1798//2564 1796//2563 1897//2613
f 1898//2614 1897//2613 1796//2563
f 1800//2565 1698//2514 1900//2615
f 1798//2564 1900//2615 1698//2514
f 1802//2566 1700//2515 1902//2616
f 1800//2565 1902//2616 1700//2515
f 1702//2516 1802//2566 1804//2567
f 1904//2617 1804//2567 1802//2566
f 1704//2517 1804//2567 1806//2568
f 1906//2618 1806//2568 1804//2567
f 1706//2518 1806//2568 1808//2569
f 1908//2619 1808//2569 1806//2568
f 1708//2519 1808//2569 1758//2544
f 1858//2594 1758//2544 1808//2569
f 1811//2570 1812//2571 1911//2620
f 1912//2621 1911//2620 1812//2571
f 1812//2571 1712//2521 1914//2622
f 1814//2572 1914//2622 1712//2521
f 1814//2572 1714//2522 1916//2623
f 1816//2573 1916//2623 1714//2522
f 1816//2573 1716//2523 1918//2624
f 1818//2574 1918//2624 1716//2523
f 1818//2574 1720//2525 1920//2625
f 1822//2576 1920//2625 1720//2525
f 1821//2575 1722//2526 1822//2576
f 1722//2526 1824//2577 1822//2576
f 1824//2577 1923//2626 1822//2576
f 1924//2627 1822//2576 1923//2626
f 1826//2578 1926//2628 1724//2527
f 1824//2577 1724//2527 1926//2628
f 1828//2579 1928//2629 1726//2528
f 1826//2578 1726//2528 1928//2629
f 1728//2529 1830//2580 1828//2579
f 1930//2630 1828//2579 1830//2580
f 1730//2530 1832//2581 1830//2580
f 1932//2631 1830//2580 1832//2581
f 1732//2531 1834//2582 1832//2581
f 1934//2632 1832//2581 1834//2582
f 1734//2532 1736//2533 1834//2582
f 1836//2583 1834//2582 1736//2533
f 1836//2583 1738//2534 1936//2633
f 1838//2584 1936//2633 1738//2534
f 1838//2584 1740//2535 1938//2634
f 1840//2585 1938//2634 1740//2535
f 1840//2585 1742//2536 1940//2635
f 1842//2586 1940//2635 1742//2536
f 1842//2586 1744//2537 1942//2636
f 1844//2587 1942//2636 1744//2537
f 1746//2538 1846//2588 1844//2587
f 1944//2637 1844//2587 1846//2588
f 1760//2545 1861//2595 1846//2588
f 1861//2595 1862//2596 1846//2588
f 1846//2588 1862//2596 1947//2638
f 1948//2639 1947//2638 1862//2596
f 1762//2546 1848//2589 1865//2597
f 1865//2597 1848//2589 1866//2598
f 1848//2589 1951//2640 1866//2598
f 1952//2641 1866//2598 1951//2640
f 1748//2539 1850//2590 1848//2589
f 1954//2642 1848//2589 1850//2590
f 1852//2591 1956//2643 1750//2540
f 1850//2590 1750//2540 1956//2643
f 1854//2592 1958//2644 1752//2541
f 1852//2591 1752//2541 1958//2644
f 1856//2593 1960//2645 1754//2542
f 1854//2592 1754//2542 1960//2645
f 1858//2594 1962//2646 1756//2543
f 1856//2593 1756//2543 1962//2646
f 1868//2599 1964//2647 1766//2548
f 1862//2596 1766//2548 1964//2647
f 1870//2600 1770//2550 1966//2648
f 1866//2598 1966//2648 1770//2550
f 1872//2601 1968//2649 1772//2551
f 1868//2599 1772//2551 1968//2649
f 1874//2602 1774//2552 1970//2650
f 1870//2600 1970//2650 1774//2552
f 1876//2603 1972//2651 1776//2553
f 1872//2601 1776//2553 1972//2651
f 1878//2604 1778//2554 1974//2652
f 1874//2602 1974//2652 1778//2554
f 1880//2605 1976//2653 1780//2555
f 1876//2603 1780//2555 1976//2653
f 1886//2608 1786//2558 1978//2654
f 1878//2604 1978//2654 1786//2558
f 1880//2605 1811//2570 1980//2655
f 1911//2620 1980//2655 1811//2570
f 1883//2606 1983//2656 1884//2607
f 1984//2657 1884//2607 1983//2656
f 1886//2608 1986//2658 1783//2556
f 1883//2606 1783//2556 1986//2658
f 1884//2607 1988//2659 1784//2557
f 1888//2609 1784//2557 1988//2659
f 1888//2609 1990//2660 1788//2559
f 1890//2610 1788//2559 1990//2660
f 1890//2610 1992//2661 1790//2560
f 1892//2611 1790//2560 1992//2661
f 1892//2611 1994//2662 1792//2561
f 1894//2612 1792//2561 1994//2662
f 1894//2612 1996//2663 1796//2563
f 1898//2614 1796//2563 1996//2663
f 1900//2615 1798//2564 1999//2664
f 1798//2564 1897//2613 1999//2664
f 1999//2664 1897//2613 2000//2665
f 1898//2614 2000//2665 1897//2613
f 1902//2616 1800//2565 2002//2666
f 1900//2615 2002//2666 1800//2565
f 1904//2617 1802//2566 2004//2667
f 1902//2616 2004//2667 1802//2566
f 1804//2567 1904//2617 1906//2618
f 2006//2668 1906//2618 1904//2617
f 1806//2568 1906//2618 1908//2619
f 2008//2669 1908//2619 1906//2618
f 1808//2569 1908//2619 1858//2594
f 1962//2646 1858//2594 1908//2619
f 1911//2620 1912//2621 2011//2670
f 2012//2671 2011//2670 1912//2621
f 1912//2621 1812//2571 2014//2672
f 1914//2622 2014//2672 1812//2571
f 1914//2622 1814//2572 2016//2673
f 1916//2623 2016//2673 1814//2572
f 1916//2623 1816//2573 2018//2674
f 1918//2624 2018//2674 1816//2573
f 1918//2624 1818//2574 2020//2675
f 1920//2625 2020//2675 1818//2574
f 1920//2625 1822//2576 2022//2676
f 1924//2627 2022//2676 1822//2576
f 1926//2628 2025//2677 1824//2577
f 1824//2577 2025//2677 1923//2626
f 2025//2677 2026//2678 1923//2626
f 1924//2627 1923//2626 2026//2678
f 1928//2629 2028//2679 1826//2578
f 1926//2628 1826//2578 2028//2679
f 1930//2630 2030//2680 1828//2579
f 1928//2629 1828//2579 2030//2680
f 1830//2580 1932//2631 1930//2630
f 2032//2681 1930//2630 1932//2631
f 1832//2581 1934//2632 1932//2631
f 2034//2682 1932//2631 1934//2632
f 1834//2582 1836//2583 1934//2632
f 1936//2633 1934//2632 1836//2583
f 1936//2633 1838//2584 2036//2683
f 1938//2634 2036//2683 1838//2584
f 1938//2634 1840//2585 2038//2684
f 1940//2635 2038//2684 1840//2585
f 1940//2635 1842//2586 2040//2685
f 1942//2636 2040//2685 1842//2586
f 1844//2587 1944//2637 1942//2636
f 2042//2686 1942//2636 1944//2637
f 1846//2588 1947//2638 1944//2637
f 1944//2637 1947//2638 2045//2687
f 1947//2638 1948//2639 2045//2687
f 2046//2688 2045//2687 1948//2639
f 1964//2647 2048//2689 1862//2596
f 1948//2639 1862//2596 2048//2689
f 1966//2648 1866//2598 2050//2690
f 1952//2641 2050//2690 1866//2598
f 1848//2589 1954//2642 1951//2640
f 1954//2642 2053//2691 1951//2640
f 1951//2640 2053//2691 1952//2641
f 2054//2692 1952//2641 2053//2691
f 1850//2590 1956//2643 1954//2642
f 2056//2693 1954//2642 1956//2643
f 1958//2644 2058//2694 1852//2591
f 1956//2643 1852//2591 2058//2694
f 1960//2645 2060//2695 1854//2592
f 1958//2644 1854//2592 2060//2695
f 1962//2646 2062//2696 1856//2593
f 1960//2645 1856//2593 2062//2696
f 1968//2649 2064//2697 1868//2599
f 1964//2647 1868//2599 2064//2697
f 1970//2650 1870//2600 2066//2698
f 1966//2648 2066//2698 1870//2600
f 1972//2651 2068//2699 1872//2601
f 1968//2649 1872//2601 2068//2699
f 1974//2652 1874//2602 2070//2700
f 1970//2650 2070//2700 1874//2602
f 1976//2653 2072//2701 1876//2603
f 1972//2651 1876//2603 2072//2701
f 1978//2654 1878//2604 2074//2702
f 1974//2652 2074//2702 1878//2604
f 1980//2655 2076//2703 1880//2605
f 1976//2653 1880//2605 2076//2703
f 1986//2658 1886//2608 2078//2704
f 1978//2654 2078//2704 1886//2608
f 1980//2655 1911//2620 2081//2705
f 2081//2705 1911//2620 2082//2706
f 2011//2670 2082//2706 1911//2620
f 1983//2656 2085//2707 1984//2657
f 2086//2708 1984//2657 2085//2707
f 1986//2658 2089//2709 1883//2606
f 2089//2709 2090//2710 1883//2606
f 1983//2656 1883//2606 2090//2710
f 1984//2657 2092//2711 1884//2607
f 1988//2659 1884//2607 2092//2711
f 1988//2659 2094//2712 1888//2609
f 1990//2660 1888//2609 2094//2712
f 1990//2660 2096//2713 1890//2610
f 1992//2661 1890//2610 2096//2713
f 1992//2661 2098//2714 1892//2611
f 1994//2662 1892//2611 2098//2714
f 1996//2663 1894//2612 2100//2715
f 1994//2662 2100//2715 1894//2612
f 2000//2665 1898//2614 2102//2716
f 1996//2663 2102//2716 1898//2614
f 2002//2666 1900//2615 2105//2717
f 1900//2615 1999//2664 2105//2717
f 2105//2717 1999//2664 2106//2718
f 2000//2665 2106//2718 1999//2664
f 2004//2667 1902//2616 2108//2719
f 2002//2666 2108//2719 1902//2616
f 2006//2668 1904//2617 2110//2720
f 2004//2667 2110//2720 1904//2617
f 1906//2618 2006//2668 2008//2669
f 2112//2721 2008//2669 2006//2668
f 1908//2619 2008//2669 1962//2646
f 2062//2696 1962//2646 2008//2669
f 2011//2670 2012//2671 2115//2722
f 2116//2723 2115//2722 2012//2671
f 2012//2671 1912//2621 2118//2724
f 2014//2672 2118//2724 1912//2621
f 2014//2672 1914//2622 2120//2725
f 2016//2673 2120//2725 1914//2622
f 2016//2673 1916//2623 2122//2726
f 2018//2674 2122//2726 1916//2623
f 2018//2674 1918//2624 2124//2727
f 2020//2675 2124//2727 1918//2624
f 2022//2676 2126//2728 1920//2625
f 2020//2675 1920//2625 2126//2728
f 2026//2678 2128//2729 1924//2627
f 2022//2676 1924//2627 2128//2729
f 2028//2679 2131//2730 1926//2628
f 1926//2628 2131//2730 2025//2677
f 2131//2730 2132//2731 2025//2677
f 2026//2678 2025//2677 2132//2731
f 2030//2680 2134//2732 1928//2629
f 2028//2679 1928//2629 2134//2732
f 2032//2681 2136//2733 1930//2630
f 2030//2680 1930//2630 2136//2733
f 1932//2631 2034//2682 2032//2681
f 2138//2734 2032//2681 2034//2682
f 1934//2632 1936//2633 2034//2682
f 2036//2683 2034//2682 1936//2633
f 2036//2683 1938//2634 2140//2735
f 2038//2684 2140//2735 1938//2634
f 2038//2684 1940//2635 2142//2736
f 2040//2685 2142//2736 1940//2635
f 1942//2636 2042//2686 2040//2685
f 2144//2737 2040//2685 2042//2686
f 1944//2637 2045//2687 2042//2686
f 2042//2686 2045//2687 2147//2738
f 2045//2687 2046//2688 2147//2738
f 2148//2739 2147//2738 2046//2688
f 1948//2639 2048//2689 2046//2688
f 2150//2740 2046//2688 2048//2689
f 1964//2647 2064//2697 2048//2689
f 2152//2741 2048//2689 2064//2697
f 1966//2648 2050//2690 2066//2698
f 2154//2742 2066//2698 2050//2690
f 1952//2641 2054//2692 2050//2690
f 2156//2743 2050//2690 2054//2692
f 1954//2642 2056//2693 2053//2691
f 2056//2693 2159//2744 2053//2691
f 2053//2691 2159//2744 2054//2692
f 2160//2745 2054//2692 2159//2744
f 1956//2643 2058//2694 2056//2693
f 2162//2746 2056//2693 2058//2694
f 2060//2695 2164//2747 1958//2644
f 2058//2694 1958//2644 2164//2747
f 2062//2696 2166//2748 1960//2645
f 2060//2695 1960//2645 2166//2748
f 2068//2699 2168//2749 1968//2649
f 2064//2697 1968//2649 2168//2749
f 2070//2700 1970//2650 2170//2750
f 2066//2698 2170//2750 1970//2650
f 2072//2701 2172//2751 1972//2651
f 2068//2699 1972//2651 2172//2751
f 2074//2702 1974//2652 2174//2752
f 2070//2700 2174//2752 1974//2652
f 2076//2703 2176//2753 1976//2653
f 2072//2701 1976//2653 2176//2753
f 2078//2704 1978//2654 2178//2754
f 2074//2702 2178//2754 1978//2654
f 2081//2705 2180//2755 1980//2655
f 2076//2703 1980//2655 2180//2755
f 2089//2709 1986//2658 2182//2756
f 2078//2704 2182//2756 1986//2658
f 2011//2670 2115//2722 2082//2706
f 2085//2707 2185//2757 2086//2708
f 2186//2758 2086//2708 2185//2757
f 2085//2707 1983//2656 2090//2710
f 1984//2657 2086//2708 2092//2711
f 2188//2759 2092//2711 2086//2708
f 2092//2711 2190//2760 1988//2659
f 2094//2712 1988//2659 2190//2760
f 2094//2712 2192//2761 1990//2660
f 2096//2713 1990//2660 2192//2761
f 2096//2713 2194//2762 1992//2661
f 2098//2714 1992//2661 2194//2762
f 2100//2715 1994//2662 2196//2763
f 2098//2714 2196//2763 1994//2662
f 2102//2716 1996//2663 2198//2764
f 2100//2715 2198//2764 1996//2663
f 2106//2718 2000//2665 2200//2765
f 2102//2716 2200//2765 2000//2665
f 2108//2719 2002//2666 2203//2766
f 2002//2666 2105//2717 2203//2766
f 2203//2766 2105//2717 2204//2767
f 2106//2718 2204//2767 2105//2717
f 2110//2720 2004//2667 2206//2768
f 2108//2719 2206//2768 2004//2667
f 2112//2721 2006//2668 2208//2769
f 2110//2720 2208//2769 2006//2668
f 2008//2669 2112//2721 2062//2696
f 2166//2748 2062//2696 2112//2721
f 2115//2722 2116//2723 2211//2770
f 2212//2771 2211//2770 2116//2723
f 2214//2772 2116//2723 2118//2724
f 2012//2671 2118//2724 2116//2723
f 2118//2724 2014//2672 2216//2773
f 2120//2725 2216//2773 2014//2672
f 2120//2725 2016//2673 2218//2774
f 2122//2726 2218//2774 2016//2673
f 2122//2726 2018//2674 2220//2775
f 2124//2727 2220//2775 2018//2674
f 2126//2728 2222//2776 2020//2675
f 2124//2727 2020//2675 2222//2776
f 2128//2729 2224//2777 2022//2676
f 2126//2728 2022//2676 2224//2777
f 2132//2731 2226//2778 2026//2678
f 2128//2729 2026//2678 2226//2778
f 2134//2732 2229//2779 2028//2679
f 2028//2679 2229//2779 2131//2730
f 2229//2779 2230//2780 2131//2730
f 2132//2731 2131//2730 2230//2780
f 2136//2733 2232//2781 2030//2680
f 2134//2732 2030//2680 2232//2781
f 2138//2734 2234//2782 2032//2681
f 2136//2733 2032//2681 2234//2782
f 2034//2682 2036//2683 2138//2734
f 2140//2735 2138//2734 2036//2683
f 2140//2735 2038//2684 2236//2783
f 2142//2736 2236//2783 2038//2684
f 2040//2685 2144//2737 2142//2736
f 2238//2784 2142//2736 2144//2737
f 2042//2686 2147//2738 2144//2737
f 2144//2737 2147//2738 2241//2785
f 2147//2738 2148//2739 2241//2785
f 2242//2786 2241//2785 2148//2739
f 2046//2688 2150//2740 2148//2739
f 2244//2787 2148//2739 2150//2740
f 2048//2689 2152//2741 2150//2740
f 2246//2788 2150//2740 2152//2741
f 2064//2697 2168//2749 2152//2741
f 2248//2789 2152//2741 2168//2749
f 2066//2698 2154//2742 2170//2750
f 2250//2790 2170//2750 2154//2742
f 2050//2690 2156//2743 2154//2742
f 2252//2791 2154//2742 2156//2743
f 2054//2692 2160//2745 2156//2743
f 2254//2792 2156//2743 2160//2745
f 2056//2693 2162//2746 2159//2744
f 2162//2746 2257//2793 2159//2744
f 2159//2744 2257//2793 2160//2745
f 2258//2794 2160//2745 2257//2793
f 2058//2694 2164//2747 2162//2746
f 2260//2795 2162//2746 2164//2747
f 2166//2748 2262//2796 2060//2695
f 2164//2747 2060//2695 2262//2796
f 2172//2751 2264//2797 2068//2699
f 2168//2749 2068//2699 2264//2797
f 2174//2752 2070//2700 2266//2798
f 2170//2750 2266//2798 2070//2700
f 2176//2753 2268//2799 2072//2701
f 2172//2751 2072//2701 2268//2799
f 2178//2754 2074//2702 2270//2800
f 2174//2752 2270//2800 2074//2702
f 2180//2755 2272//2801 2076//2703
f 2176//2753 2076//2703 2272//2801
f 2182//2756 2078//2704 2274//2802
f 2178//2754 2274//2802 2078//2704
f 2277//2803 2082//2706 2278//2804
f 2082//2706 2115//2722 2278//2804
f 2211//2770 2278//2804 2115//2722
f 2185//2757 2281//2805 2186//2758
f 2282//2806 2186//2758 2281//2805
f 2285//2807 2286//2808 2090//2710
f 2090//2710 2286//2808 2085//2707
f 2185//2757 2085//2707 2286//2808
f 2086//2708 2186//2758 2188//2759
f 2288//2809 2188//2759 2186//2758
f 2092//2711 2188//2759 2190//2760
f 2290//2810 2190//2760 2188//2759
f 2190//2760 2292//2811 2094//2712
f 2192//2761 2094//2712 2292//2811
f 2192//2761 2294//2812 2096//2713
f 2194//2762 2096//2713 2294//2812
f 2196//2763 2098//2714 2296//2813
f 2194//2762 2296//2813 2098//2714
f 2198//2764 2100//2715 2298//2814
f 2196//2763 2298//2814 2100//2715
f 2200//2765 2102//2716 2300//2815
f 2198//2764 2300//2815 2102//2716
f 2204//2767 2106//2718 2302//2816
f 2200//2765 2302//2816 2106//2718
f 2206//2768 2108//2719 2305//2817
f 2108//2719 2203//2766 2305//2817
f 2305//2817 2203//2766 2306//2818
f 2204//2767 2306//2818 2203//2766
f 2208//2769 2110//2720 2308//2819
f 2206//2768 2308//2819 2110//2720
f 2166//2748 2112//2721 2262//2796
f 2208//2769 2262//2796 2112//2721
f 2211//2770 2212//2771 2311//2820
f 2312//2821 2311//2820 2212//2771
f 2314//2822 2212//2771 2214//2772
f 2116//2723 2214//2772 2212//2771
f 2316//2823 2214//2772 2216//2773
f 2118//2724 2216//2773 2214//2772
f 2216//2773 2120//2725 2318//2824
f 2218//2774 2318//2824 2120//2725
f 2218//2774 2122//2726 2320//2825
f 2220//2775 2320//2825 2122//2726
f 2222//2776 2322//2826 2124//2727
f 2220//2775 2124//2727 2322//2826
f 2224//2777 2324//2827 2126//2728
f 2222//2776 2126//2728 2324//2827
f 2226//2778 2326//2828 2128//2729
f 2224//2777 2128//2729 2326//2828
f 2230//2780 2328//2829 2132//2731
f 2226//2778 2132//2731 2328//2829
f 2232//2781 2331//2830 2134//2732
f 2134//2732 2331//2830 2229//2779
f 2331//2830 2332//2831 2229//2779
f 2230//2780 2229//2779 2332//2831
f 2234//2782 2334//2832 2136//2733
f 2232//2781 2136//2733 2334//2832
f 2140//2735 2236//2783 2138//2734
f 2234//2782 2138//2734 2236//2783
f 2142//2736 2238//2784 2236//2783
f 2336//2833 2236//2783 2238//2784
f 2144//2737 2241//2785 2238//2784
f 2238//2784 2241//2785 2339//2834
f 2241//2785 2242//2786 2339//2834
f 2340//2835 2339//2834 2242//2786
f 2148//2739 2244//2787 2242//2786
f 2342//2836 2242//2786 2244//2787
f 2150//2740 2246//2788 2244//2787
f 2344//2837 2244//2787 2246//2788
f 2152//2741 2248//2789 2246//2788
f 2346//2838 2246//2788 2248//2789
f 2168//2749 2264//2797 2248//2789
f 2348//2839 2248//2789 2264//2797
f 2170//2750 2250//2790 2266//2798
f 2350//2840 2266//2798 2250//2790
f 2154//2742 2252//2791 2250//2790
f 2352//2841 2250//2790 2252//2791
f 2156//2743 2254//2792 2252//2791
f 2354//2842 2252//2791 2254//2792
f 2160//2745 2258//2794 2254//2792
f 2356//2843 2254//2792 2258//2794
f 2162//2746 2260//2795 2257//2793
f 2260//2795 2359//2844 2257//2793
f 2257//2793 2359//2844 2258//2794
f 2360//2845 2258//2794 2359//2844
f 2164//2747 2262//2796 2260//2795
f 2362//2846 2260//2795 2262//2796
f 2268//2799 2364//2847 2172//2751
f 2264//2797 2172//2751 2364//2847
f 2270//2800 2174//2752 2366//2848
f 2266//2798 2366//2848 2174//2752
f 2272//2801 2368//2849 2176//2753
f 2268//2799 2176//2753 2368//2849
f 2274//2802 2178//2754 2370//2850
f 2270//2800 2370//2850 2178//2754
f 2278//2804 2373//2851 2277//2803
f 2374//2852 2277//2803 2373//2851
f 2278//2804 2211//2770 2376//2853
f 2311//2820 2376//2853 2211//2770
f 2281//2805 2379//2854 2282//2806
f 2380//2855 2282//2806 2379//2854
f 2286//2808 2382//2856 2185//2757
f 2281//2805 2185//2757 2382//2856
f 2186//2758 2282//2806 2288//2809
f 2384//2857 2288//2809 2282//2806
f 2387//2858 2388//2859 2285//2807
f 2286//2808 2285//2807 2388//2859
f 2188//2759 2288//2809 2290//2810
f 2390//2860 2290//2810 2288//2809
f 2190//2760 2290//2810 2292//2811
f 2392//2861 2292//2811 2290//2810
f 2292//2811 2394//2862 2192//2761
f 2294//2812 2192//2761 2394//2862
f 2296//2813 2194//2762 2396//2863
f 2294//2812 2396//2863 2194//2762
f 2298//2814 2196//2763 2398//2864
f 2296//2813 2398//2864 2196//2763
f 2300//2815 2198//2764 2400//2865
f 2298//2814 2400//2865 2198//2764
f 2302//2816 2200//2765 2402//2866
f 2300//2815 2402//2866 2200//2765
f 2306//2818 2204//2767 2404//2867
f 2302//2816 2404//2867 2204//2767
f 2308//2819 2206//2768 2407//2868
f 2206//2768 2305//2817 2407//2868
f 2407//2868 2305//2817 2408//2869
f 2306//2818 2408//2869 2305//2817
f 2262//2796 2208//2769 2362//2846
f 2308//2819 2362//2846 2208//2769
f 2311//2820 2312//2821 2411//2870
f 2412//2871 2411//2870 2312//2821
f 2414//2872 2312//2821 2314//2822
f 2212//2771 2314//2822 2312//2821
f 2416//2873 2314//2822 2316//2823
f 2214//2772 2316//2823 2314//2822
f 2418//2874 2316//2823 2318//2824
f 2216//2773 2318//2824 2316//2823
f 2318//2824 2218//2774 2420//2875
f 2320//2825 2420//2875 2218//2774
f 2322//2826 2422//2876 2220//2775
f 2320//2825 2220//2775 2422//2876
f 2324//2827 2424//2877 2222//2776
f 2322//2826 2222//2776 2424//2877
f 2326//2828 2426//2878 2224//2777
f 2324//2827 2224//2777 2426//2878
f 2328//2829 2428//2879 2226//2778
f 2326//2828 2226//2778 2428//2879
f 2332//2831 2430//2880 2230//2780
f 2328//2829 2230//2780 2430//2880
f 2334//2832 2433//2881 2232//2781
f 2232//2781 2433//2881 2331//2830
f 2433//2881 2434//2882 2331//2830
f 2332//2831 2331//2830 2434//2882
f 2236//2783 2336//2833 2234//2782
f 2334//2832 2234//2782 2336//2833
f 2238//2784 2339//2834 2336//2833
f 2336//2833 2339//2834 2437//2883
f 2339//2834 2340//2835 2437//2883
f 2438//2884 2437//2883 2340//2835
f 2242//2786 2342//2836 2340//2835
f 2440//2885 2340//2835 2342//2836
f 2244//2787 2344//2837 2342//2836
f 2442//2886 2342//2836 2344//2837
f 2246//2788 2346//2838 2344//2837
f 2444//2887 2344//2837 2346//2838
f 2248//2789 2348//2839 2346//2838
f 2446//2888 2346//2838 2348//2839
f 2264//2797 2364//2847 2348//2839
f 2448//2889 2348//2839 2364//2847
f 2266//2798 2350//2840 2366//2848
f 2450//2890 2366//2848 2350//2840
f 2250//2790 2352//2841 2350//2840
f 2452//2891 2350//2840 2352//2841
f 2252//2791 2354//2842 2352//2841
f 2454//2892 2352//2841 2354//2842
f 2254//2792 2356//2843 2354//2842
f 2456//2893 2354//2842 2356//2843
f 2258//2794 2360//2845 2356//2843
f 2458//2894 2356//2843 2360//2845
f 2260//2795 2362//2846 2359//2844
f 2362//2846 2461//2895 2359//2844
f 2359//2844 2461//2895 2360//2845
f 2462//2896 2360//2845 2461//2895
f 2368//2849 2464//2897 2268//2799
f 2364//2847 2268//2799 2464//2897
f 2370//2850 2270//2800 2466//2898
f 2366//2848 2466//2898 2270//2800
f 2373//2851 2469//2899 2374//2852
f 2470//2900 2374//2852 2469//2899
f 2376//2853 2472//2901 2278//2804
f 2373//2851 2278//2804 2472//2901
f 2376//2853 2311//2820 2474//2902
f 2411//2870 2474//2902 2311//2820
f 2379//2854 2477//2903 2380//2855
f 2478//2904 2380//2855 2477//2903
f 2382//2856 2480//2905 2281//2805
f 2379//2854 2281//2805 2480//2905
f 2282//2806 2380//2855 2384//2857
f 2482//2906 2384//2857 2380//2855
f 2388//2859 2484//2907 2286//2808
f 2382//2856 2286//2808 2484//2907
f 2288//2809 2384//2857 2390//2860
f 2486//2908 2390//2860 2384//2857
f 2388//2859 2387//2858 2489//2909
f 2490//2910 2489//2909 2387//2858
f 2290//2810 2390//2860 2392//2861
f 2492//2911 2392//2861 2390//2860
f 2292//2811 2392//2861 2394//2862
f 2494//2912 2394//2862 2392//2861
f 2396//2863 2294//2812 2496//2913
f 2394//2862 2496//2913 2294//2812
f 2398//2864 2296//2813 2498//2914
f 2396//2863 2498//2914 2296//2813
f 2400//2865 2298//2814 2500//2915
f 2398//2864 2500//2915 2298//2814
f 2402//2866 2300//2815 2502//2916
f 2400//2865 2502//2916 2300//2815
f 2404//2867 2302//2816 2504//2917
f 2402//2866 2504//2917 2302//2816
f 2408//2869 2306//2818 2506//2918
f 2404//2867 2506//2918 2306//2818
f 2362//2846 2308//2819 2461//2895
f 2308//2819 2407//2868 2461//2895
f 2461//2895 2407//2868 2462//2896
f 2408//2869 2462//2896 2407//2868
f 2411//2870 2412//2871 2509//2919
f 2510//2920 2509//2919 2412//2871
f 2512//2921 2412//2871 2414//2872
f 2312//2821 2414//2872 2412//2871
f 2514//2922 2414//2872 2416//2873
f 2314//2822 2416//2873 2414//2872
f 2516//2923 2416//2873 2418//2874
f 2316//2823 2418//2874 2416//2873
f 2518//2924 2418//2874 2420//2875
f 2318//2824 2420//2875 2418//2874
f 2422//2876 2520//2925 2320//2825
f 2420//2875 2320//2825 2520//2925
f 2424//2877 2522//2926 2322//2826
f 2422//2876 2322//2826 2522//2926
f 2426//2878 2524//2927 2324//2827
f 2424//2877 2324//2827 2524//2927
f 2428//2879 2526//2928 2326//2828
f 2426//2878 2326//2828 2526//2928
f 2430//2880 2528//2929 2328//2829
f 2428//2879 2328//2829 2528//2929
f 2434//2882 2530//2930 2332//2831
f 2430//2880 2332//2831 2530//2930
f 2336//2833 2437//2883 2334//2832
f 2334//2832 2437//2883 2433//2881
f 2437//2883 2438//2884 2433//2881
f 2434//2882 2433//2881 2438//2884
f 2340//2835 2440//2885 2438//2884
f 2532//2931 2438//2884 2440//2885
f 2342//2836 2442//2886 2440//2885
f 2534//2932 2440//2885 2442//2886
f 2344//2837 2444//2887 2442//2886
f 2536//2933 2442//2886 2444//2887
f 2346//2838 2446//2888 2444//2887
f 2538//2934 2444//2887 2446//2888
f 2348//2839 2448//2889 2446//2888
f 2540//2935 2446//2888 2448//2889
f 2364//2847 2464//2897 2448//2889
f 2542//2936 2448//2889 2464//2897
f 2366//2848 2450//2890 2466//2898
f 2544//2937 2466//2898 2450//2890
f 2350//2840 2452//2891 2450//2890
f 2546//2938 2450//2890 2452//2891
f 2352//2841 2454//2892 2452//2891
f 2548//2939 2452//2891 2454//2892
f 2354//2842 2456//2893 2454//2892
f 2550//2940 2454//2892 2456//2893
f 2356//2843 2458//2894 2456//2893
f 2552//2941 2456//2893 2458//2894
f 2360//2845 2462//2896 2458//2894
f 2554//2942 2458//2894 2462//2896
f 2469//2899 2557//2943 2470//2900
f 2558//2944 2470//2900 2557//2943
f 2472//2901 2560//2945 2373//2851
f 2469//2899 2373//2851 2560//2945
f 2474//2902 2562//2946 2376//2853
f 2472//2901 2376//2853 2562//2946
f 2474//2902 2411//2870 2564//2947
f 2509//2919 2564//2947 2411//2870
f 2477//2903 2567//2948 2478//2904
f 2568//2949 2478//2904 2567//2948
f 2480//2905 2570//2950 2379//2854
f 2477//2903 2379//2854 2570//2950
f 2380//2855 2478//2904 2482//2906
f 2572//2951 2482//2906 2478//2904
f 2484//2907 2574//2952 2382//2856
f 2480//2905 2382//2856 2574//2952
f 2384//2857 2482//2906 2486//2908
f 2576//2953 2486//2908 2482//2906
f 2489//2909 2578//2954 2388//2859
f 2484//2907 2388//2859 2578//2954
f 2390//2860 2486//2908 2492//2911
f 2580//2955 2492//2911 2486//2908
f 2489//2909 2490//2910 2583//2956
f 2584//2957 2583//2956 2490//2910
f 2392//2861 2492//2911 2494//2912
f 2586//2958 2494//2912 2492//2911
f 2496//2913 2394//2862 2588//2959
f 2494//2912 2588//2959 2394//2862
f 2498//2914 2396//2863 2590//2960
f 2496//2913 2590//2960 2396//2863
f 2500//2915 2398//2864 2592//2961
f 2498//2914 2592//2961 2398//2864
f 2502//2916 2400//2865 2594//2962
f 2500//2915 2594//2962 2400//2865
f 2504//2917 2402//2866 2596//2963
f 2502//2916 2596//2963 2402//2866
f 2506//2918 2404//2867 2598//2964
f 2504//2917 2598//2964 2404//2867
f 2462//2896 2408//2869 2554//2942
f 2506//2918 2554//2942 2408//2869
f 2509//2919 2510//2920 2601//2965
f 2602//2966 2601//2965 2510//2920
f 2604//2967 2510//2920 2512//2921
f 2412//2871 2512//2921 2510//2920
f 2606//2968 2512//2921 2514//2922
f 2414//2872 2514//2922 2512//2921
f 2608//2969 2514//2922 2516//2923
f 2416//2873 2516//2923 2514//2922
f 2610//2970 2516//2923 2518//2924
f 2418//2874 2518//2924 2516//2923
f 2520//2925 2612//2971 2420//2875
f 2518//2924 2420//2875 2612//2971
f 2522//2926 2614//2972 2422//2876
f 2520//2925 2422//2876 2614//2972
f 2524//2927 2616//2973 2424//2877
f 2522//2926 2424//2877 2616//2973
f 2526//2928 2618//2974 2426//2878
f 2524//2927 2426//2878 2618//2974
f 2528//2929 2620//2975 2428//2879
f 2526//2928 2428//2879 2620//2975
f 2530//2930 2622//2976 2430//2880
f 2528//2929 2430//2880 2622//2976
f 2438//2884 2532//2931 2434//2882
f 2530//2930 2434//2882 2532//2931
f 2440//2885 2534//2932 2532//2931
f 2624//2977 2532//2931 2534//2932
f 2442//2886 2536//2933 2534//2932
f 2626//2978 2534//2932 2536//2933
f 2444//2887 2538//2934 2536//2933
f 2628//2979 2536//2933 2538//2934
f 2446//2888 2540//2935 2538//2934
f 2630//2980 2538//2934 2540//2935
f 2448//2889 2542//2936 2540//2935
f 2632//2981 2540//2935 2542//2936
f 2450//2890 2546//2938 2544//2937
f 2634//2982 2544//2937 2546//2938
f 2452//2891 2548//2939 2546//2938
f 2636//2983 2546//2938 2548//2939
f 2454//2892 2550//2940 2548//2939
f 2638//2984 2548//2939 2550//2940
f 2456//2893 2552//2941 2550//2940
f 2640//2985 2550//2940 2552//2941
f 2458//2894 2554//2942 2552//2941
f 2642//2986 2552//2941 2554//2942
f 2558//2944 2557//2943 2645//2987
f 2646//2988 2645//2987 2557//2943
f 2560//2945 2648//2989 2469//2899
f 2557//2943 2469//2899 2648//2989
f 2562//2946 2650//2990 2472//2901
f 2560//2945 2472//2901 2650//2990
f 2564//2947 2652//2991 2474//2902
f 2562//2946 2474//2902 2652//2991
f 2564//2947 2509//2919 2654//2992
f 2601//2965 2654//2992 2509//2919
f 2567//2948 2657//2993 2568//2949
f 2658//2994 2568//2949 2657//2993
f 2570//2950 2660//2995 2477//2903
f 2567//2948 2477//2903 2660//2995
f 2478//2904 2568//2949 2572//2951
f 2662//2996 2572//2951 2568//2949
f 2574//2952 2664//2997 2480//2905
f 2570//2950 2480//2905 2664//2997
f 2482//2906 2572//2951 2576//2953
f 2666//2998 2576//2953 2572//2951
f 2578//2954 2668//2999 2484//2907
f 2574//2952 2484//2907 2668//2999
f 2486//2908 2576//2953 2580//2955
f 2670//3000 2580//2955 2576//2953
f 2583//2956 2672//3001 2489//2909
f 2578//2954 2489//2909 2672//3001
f 2492//2911 2580//2955 2586//2958
f 2674//3002 2586//2958 2580//2955
f 2584//2957 2677//3003 2583//2956
f 2678//3004 2583//2956 2677//3003
f 2588//2959 2494//2912 2680//3005
f 2586//2958 2680//3005 2494//2912
f 2590//2960 2496//2913 2682//3006
f 2588//2959 2682//3006 2496//2913
f 2592//2961 2498//2914 2684//3007
f 2590//2960 2684//3007 2498//2914
f 2594//2962 2500//2915 2686//3008
f 2592//2961 2686//3008 2500//2915
f 2596//2963 2502//2916 2688//3009
f 2594//2962 2688//3009 2502//2916
f 2598//2964 2504//2917 2690//3010
f 2596//2963 2690//3010 2504//2917
f 2554//2942 2506//2918 2642//2986
f 2598//2964 2642//2986 2506//2918
f 2601//2965 2602//2966 2693//3011
f 2694//3012 2693//3011 2602//2966
f 2696//3013 2602//2966 2604//2967
f 2510//2920 2604//2967 2602//2966
f 2698//3014 2604//2967 2606//2968
f 2512//2921 2606//2968 2604//2967
f 2700//3015 2606//2968 2608//2969
f 2514//2922 2608//2969 2606//2968
f 2702//3016 2608//2969 2610//2970
f 2516//2923 2610//2970 2608//2969
f 2612//2971 2704//3017 2518//2924
f 2610//2970 2518//2924 2704//3017
f 2614//2972 2706//3018 2520//2925
f 2612//2971 2520//2925 2706//3018
f 2616//2973 2708//3019 2522//2926
f 2614//2972 2522//2926 2708//3019
f 2618//2974 2710//3020 2524//2927
f 2616//2973 2524//2927 2710//3020
f 2620//2975 2712//3021 2526//2928
f 2618//2974 2526//2928 2712//3021
f 2622//2976 2714//3022 2528//2929
f 2620//2975 2528//2929 2714//3022
f 2532//2931 2624//2977 2530//2930
f 2622//2976 2530//2930 2624//2977
f 2534//2932 2626//2978 2624//2977
f 2716//3023 2624//2977 2626//2978
f 2536//2933 2628//2979 2626//2978
f 2718//3024 2626//2978 2628//2979
f 2538//2934 2630//2980 2628//2979
f 2720//3025 2628//2979 2630//2980
f 2540//2935 2632//2981 2630//2980
f 2722//3026 2630//2980 2632//2981
f 2546//2938 2636//2983 2634//2982
f 2724//3027 2634//2982 2636//2983
f 2548//2939 2638//2984 2636//2983
f 2726//3028 2636//2983 2638//2984
f 2550//2940 2640//2985 2638//2984
f 2728//3029 2638//2984 2640//2985
f 2552//2941 2642//2986 2640//2985
f 2730//3030 2640//2985 2642//2986
f 2645//2987 2646//2988 2733//3031
f 2734//3032 2733//3031 2646//2988
f 2557//2943 2648//2989 2646//2988
f 2736//3033 2646//2988 2648//2989
f 2650//2990 2738//3034 2560//2945
f 2648//2989 2560//2945 2738//3034
f 2652//2991 2740//3035 2562//2946
f 2650//2990 2562//2946 2740//3035
f 2654//2992 2742//3036 2564//2947
f 2652//2991 2564//2947 2742//3036
f 2654//2992 2601//2965 2744//3037
f 2693//3011 2744//3037 2601//2965
f 2657//2993 2747//3038 2658//2994
f 2748//3039 2658//2994 2747//3038
f 2660//2995 2750//3040 2567//2948
f 2657//2993 2567//2948 2750//3040
f 2568//2949 2658//2994 2662//2996
f 2752//3041 2662//2996 2658//2994
f 2664//2997 2754//3042 2570//2950
f 2660//2995 2570//2950 2754//3042
f 2572//2951 2662//2996 2666//2998
f 2756//3043 2666//2998 2662//2996
f 2668//2999 2758//3044 2574//2952
f 2664//2997 2574//2952 2758//3044
f 2576//2953 2666//2998 2670//3000
f 2760//3045 2670//3000 2666//2998
f 2672//3001 2762//3046 2578//2954
f 2668//2999 2578//2954 2762//3046
f 2580//2955 2670//3000 2674//3002
f 2764//3047 2674//3002 2670//3000
f 2583//2956 2678//3004 2672//3001
f 2766//3048 2672//3001 2678//3004
f 2680//3005 2586//2958 2768//3049
f 2674//3002 2768//3049 2586//2958
f 2677//3003 2771//3050 2678//3004
f 2772//3051 2678//3004 2771//3050
f 2682//3006 2588//2959 2774//3052
f 2680//3005 2774//3052 2588//2959
f 2684//3007 2590//2960 2776//3053
f 2682//3006 2776//3053 2590//2960
f 2686//3008 2592//2961 2778//3054
f 2684//3007 2778//3054 2592//2961
f 2688//3009 2594//2962 2780//3055
f 2686//3008 2780//3055 2594//2962
f 2690//3010 2596//2963 2782//3056
f 2688//3009 2782//3056 2596//2963
f 2642//2986 2598//2964 2730//3030
f 2690//3010 2730//3030 2598//2964
f 2693//3011 2694//3012 2785//3057
f 2786//3058 2785//3057 2694//3012
f 2788//3059 2694//3012 2696//3013
f 2602//2966 2696//3013 2694//3012
f 2790//3060 2696//3013 2698//3014
f 2604//2967 2698//3014 2696//3013
f 2792//3061 2698//3014 2700//3015
f 2606//2968 2700//3015 2698//3014
f 2794//3062 2700//3015 2702//3016
f 2608//2969 2702//3016 2700//3015
f 2704//3017 2796//3063 2610//2970
f 2702//3016 2610//2970 2796//3063
f 2706//3018 2798//3064 2612//2971
f 2704//3017 2612//2971 2798//3064
f 2708//3019 2800//3065 2614//2972
f 2706//3018 2614//2972 2800//3065
f 2710//3020 2802//3066 2616//2973
f 2708//3019 2616//2973 2802//3066
f 2712//3021 2804//3067 2618//2974
f 2710//3020 2618//2974 2804//3067
f 2714//3022 2806//3068 2620//2975
f 2712//3021 2620//2975 2806//3068
f 2624//2977 2716//3023 2622//2976
f 2714//3022 2622//2976 2716//3023
f 2626//2978 2718//3024 2716//3023
f 2808//3069 2716//3023 2718//3024
f 2628//2979 2720//3025 2718//3024
f 2810//3070 2718//3024 2720//3025
f 2630//2980 2722//3026 2720//3025
f 2812//3071 2720//3025 2722//3026
f 2636//2983 2726//3028 2724//3027
f 2814//3072 2724//3027 2726//3028
f 2638//2984 2728//3029 2726//3028
f 2816//3073 2726//3028 2728//3029
f 2640//2985 2730//3030 2728//3029
f 2818//3074 2728//3029 2730//3030
f 2733//3031 2734//3032 2821//3075
f 2822//3076 2821//3075 2734//3032
f 2646//2988 2736//3033 2734//3032
f 2824//3077 2734//3032 2736//3033
f 2738//3034 2826//3078 2648//2989
f 2736//3033 2648//2989 2826//3078
f 2740//3035 2828//3079 2650//2990
f 2738//3034 2650//2990 2828//3079
f 2742//3036 2830//3080 2652//2991
f 2740//3035 2652//2991 2830//3080
f 2744//3037 2832//3081 2654//2992
f 2742//3036 2654//2992 2832//3081
f 2744//3037 2693//3011 2834//3082
f 2785//3057 2834//3082 2693//3011
f 2747//3038 2785//3057 2748//3039
f 2786//3058 2748//3039 2785//3057
f 2750//3040 2836//3083 2657//2993
f 2747//3038 2657//2993 2836//3083
f 2658//2994 2748//3039 2752//3041
f 2838//3084 2752//3041 2748//3039
f 2754//3042 2840//3085 2660//2995
f 2750//3040 2660//2995 2840//3085
f 2662//2996 2752//3041 2756//3043
f 2842//3086 2756//3043 2752//3041
f 2758//3044 2844//3087 2664//2997
f 2754//3042 2664//2997 2844//3087
f 2666//2998 2756//3043 2760//3045
f 2846//3088 2760//3045 2756//3043
f 2762//3046 2848//3089 2668//2999
f 2758//3044 2668//2999 2848//3089
f 2670//3000 2760//3045 2764//3047
f 2850//3090 2764//3047 2760//3045
f 2766//3048 2852//3091 2672//3001
f 2762//3046 2672//3001 2852//3091
f 2674//3002 2764//3047 2768//3049
f 2854//3092 2768//3049 2764//3047
f 2678//3004 2772//3051 2766//3048
f 2856//3093 2766//3048 2772//3051
f 2774//3052 2680//3005 2858//3094
f 2768//3049 2858//3094 2680//3005
f 2771//3050 2861//3095 2772//3051
f 2862//3096 2772//3051 2861//3095
f 2776//3053 2682//3006 2864//3097
f 2774//3052 2864//3097 2682//3006
f 2778//3054 2684//3007 2866//3098
f 2776//3053 2866//3098 2684//3007
f 2780//3055 2686//3008 2871//3099
f 2871//3099 2686//3008 2872//3100
f 2872//3100 2686//3008 2873//3101
f 2873//3101 2686//3008 2874//3102
f 2778//3054 2874//3102 2686//3008
f 2782//3056 2688//3009 2876//3103
f 2780//3055 2876//3103 2688//3009
f 2730//3030 2690//3010 2818//3074
f 2782//3056 2818//3074 2690//3010
f 2878//3104 2786//3058 2788//3059
f 2694//3012 2788//3059 2786//3058
f 2880//3105 2788//3059 2790//3060
f 2696//3013 2790//3060 2788//3059
f 2882//3106 2790//3060 2792//3061
f 2698//3014 2792//3061 2790//3060
f 2884//3107 2792//3061 2794//3062
f 2700//3015 2794//3062 2792//3061
f 2886//3108 2794//3062 2796//3063
f 2702//3016 2796//3063 2794//3062
f 2798//3064 2888//3109 2704//3017
f 2796//3063 2704//3017 2888//3109
f 2800//3065 2890//3110 2706//3018
f 2798//3064 2706//3018 2890//3110
f 2802//3066 2892//3111 2708//3019
f 2800//3065 2708//3019 2892//3111
f 2804//3067 2897//3112 2710//3020
f 2897//3112 2898//3113 2710//3020
f 2898//3113 2899//3114 2710//3020
f 2899//3114 2900//3115 2710//3020
f 2802//3066 2710//3020 2900//3115
f 2806//3068 2902//3116 2712//3021
f 2804//3067 2712//3021 2902//3116
f 2716//3023 2808//3069 2714//3022
f 2806//3068 2714//3022 2808//3069
f 2718//3024 2810//3070 2808//3069
f 2904//3117 2808//3069 2810//3070
f 2720//3025 2812//3071 2810//3070
f 2906//3118 2810//3070 2812//3071
f 2726//3028 2816//3073 2814//3072
f 2908//3119 2814//3072 2816//3073
f 2728//3029 2818//3074 2816//3073
f 2910//3120 2816//3073 2818//3074
f 2821//3075 2822//3076 2913//3121
f 2914//3122 2913//3121 2822//3076
f 2734//3032 2824//3077 2822//3076
f 2916//3123 2822//3076 2824//3077
f 2736//3033 2826//3078 2824//3077
f 2918//3124 2824//3077 2826//3078
f 2828//3079 2920//3125 2738//3034
f 2826//3078 2738//3034 2920//3125
f 2830//3080 2922//3126 2740//3035
f 2828//3079 2740//3035 2922//3126
f 2832//3081 2924//3127 2742//3036
f 2830//3080 2742//3036 2924//3127
f 2834//3082 2926//3128 2744//3037
f 2832//3081 2744//3037 2926//3128
f 2836//3083 2834//3082 2747//3038
f 2785//3057 2747//3038 2834//3082
f 2838//3084 2748//3039 2878//3104
f 2786//3058 2878//3104 2748//3039
f 2840//3085 2928//3129 2750//3040
f 2836//3083 2750//3040 2928//3129
f 2752//3041 2838//3084 2842//3086
f 2930//3130 2842//3086 2838//3084
f 2844//3087 2932//3131 2754//3042
f 2840//3085 2754//3042 2932//3131
f 2756//3043 2842//3086 2846//3088
f 2934//3132 2846//3088 2842//3086
f 2848//3089 2936//3133 2758//3044
f 2844//3087 2758//3044 2936//3133
f 2760//3045 2846//3088 2850//3090
f 2938//3134 2850//3090 2846//3088
f 2852//3091 2940//3135 2762//3046
f 2848//3089 2762//3046 2940//3135
f 2764//3047 2850//3090 2854//3092
f 2942//3136 2854//3092 2850//3090
f 2766//3048 2856//3093 2852//3091
f 2944//3137 2852//3091 2856//3093
f 2858//3094 2768//3049 2946//3138
f 2854//3092 2946//3138 2768//3049
f 2772//3051 2862//3096 2856//3093
f 2948//3139 2856//3093 2862//3096
f 2864//3097 2774//3052 2950//3140
f 2858//3094 2950//3140 2774//3052
f 2861//3095 2953//3141 2862//3096
f 2954//3142 2862//3096 2953//3141
f 2866//3098 2776//3053 2956//3143
f 2864//3097 2956//3143 2776//3053
f 2778//3054 2866//3098 2874//3102
f 2874//3102 2866//3098 2959//3144
f 2959//3144 2866//3098 2960//3145
f 2956//3143 2960//3145 2866//3098
f 2876//3103 2780//3055 2964//3146
f 2964//3146 2780//3055 2965//3147
f 2780//3055 2871//3099 2965//3147
f 2871//3099 2872//3100 2965//3147
f 2966//3148 2965//3147 2872//3100
f 2972//3149 2973//3150 2974//3151
f 2973//3150 2975//3152 2974//3151
f 2975//3152 2959//3144 2974//3151
f 2974//3151 2959//3144 2976//3153
f 2960//3145 2976//3153 2959//3144
f 2818//3074 2782//3056 2910//3120
f 2876//3103 2910//3120 2782//3056
f 2978//3154 2878//3104 2880//3105
f 2788//3059 2880//3105 2878//3104
f 2980//3155 2880//3105 2882//3106
f 2790//3060 2882//3106 2880//3105
f 2982//3156 2882//3106 2884//3107
f 2792//3061 2884//3107 2882//3106
f 2984//3157 2884//3107 2886//3108
f 2794//3062 2886//3108 2884//3107
f 2888//3109 2986//3158 2796//3063
f 2886//3108 2796//3063 2986//3158
f 2890//3110 2988//3159 2798//3064
f 2888//3109 2798//3064 2988//3159
f 2892//3111 2990//3160 2800//3065
f 2890//3110 2800//3065 2990//3160
f 2892//3111 2802//3066 2900//3115
f 2900//3115 2993//3161 2892//3111
f 2993//3161 2994//3162 2892//3111
f 2990//3160 2892//3111 2994//3162
f 2902//3116 2998//3163 2804//3067
f 2998//3163 2999//3164 2804//3067
f 2804//3067 2999//3164 2897//3112
f 2897//3112 2999//3164 2898//3113
f 3000//3165 2898//3113 2999//3164
f 3006//3166 3007//3167 3008//3168
f 3008//3168 3007//3167 3009//3169
f 3009//3169 3007//3167 2993//3161
f 3007//3167 3010//3170 2993//3161
f 2994//3162 2993//3161 3010//3170
f 2808//3069 2904//3117 2806//3068
f 2902//3116 2806//3068 2904//3117
f 2810//3070 2906//3118 2904//3117
f 3012//3171 2904//3117 2906//3118
f 2816//3073 2910//3120 2908//3119
f 3014//3172 2908//3119 2910//3120
f 2913//3121 2914//3122 3017//3173
f 3018//3174 3017//3173 2914//3122
f 2822//3076 2916//3123 2914//3122
f 3020//3175 2914//3122 2916//3123
f 2824//3077 2918//3124 2916//3123
f 3022//3176 2916//3123 2918//3124
f 2826//3078 2920//3125 2918//3124
f 3024//3177 2918//3124 2920//3125
f 2922//3126 3026//3178 2828//3079
f 2920//3125 2828//3079 3026//3178
f 2924//3127 3028//3179 2830//3080
f 2922//3126 2830//3080 3028//3179
f 2926//3128 3030//3180 2832//3081
f 2924//3127 2832//3081 3030//3180
f 2836//3083 2928//3129 2834//3082
f 2926//3128 2834//3082 2928//3129
f 2930//3130 2838//3084 2978//3154
f 2878//3104 2978//3154 2838//3084
f 2932//3131 3032//3181 2840//3085
f 2928//3129 2840//3085 3032//3181
f 2842//3086 2930//3130 2934//3132
f 3034//3182 2934//3132 2930//3130
f 2936//3133 3036//3183 2844//3087
f 2932//3131 2844//3087 3036//3183
f 2846//3088 2934//3132 2938//3134
f 3038//3184 2938//3134 2934//3132
f 2940//3135 3040//3185 2848//3089
f 2936//3133 2848//3089 3040//3185
f 2850//3090 2938//3134 2942//3136
f 3042//3186 2942//3136 2938//3134
f 2852//3091 2944//3137 2940//3135
f 3044//3187 2940//3135 2944//3137
f 2946//3138 2854//3092 3046//3188
f 2942//3136 3046//3188 2854//3092
f 2856//3093 2948//3139 2944//3137
f 3048//3189 2944//3137 2948//3139
f 2950//3140 2858//3094 3050//3190
f 2946//3138 3050//3190 2858//3094
f 2862//3096 2954//3142 2948//3139
f 3052//3191 2948//3139 2954//3142
f 2956//3143 2864//3097 3054//3192
f 2950//3140 3054//3192 2864//3097
f 2953//3141 3057//3193 2954//3142
f 3058//3194 2954//3142 3057//3193
f 2975//3152 2973//3150 3061//3195
f 3062//3195 3061//3195 2973//3150
f 2960//3145 2956//3143 3064//3196
f 3054//3192 3064//3196 2956//3143
f 2910//3120 2876//3103 3014//3172
f 2876//3103 2964//3146 3014//3172
f 2965//3147 3014//3172 2964//3146
f 2976//3153 2960//3145 3066//3197
f 3064//3196 3066//3197 2960//3145
f 3070//3198 3071//3199 3072//3200
f 3071//3199 2974//3151 3072//3200
f 2976//3153 3072//3200 2974//3151
f 3074//3201 2978//3154 2980//3155
f 2880//3105 2980//3155 2978//3154
f 3076//3202 2980//3155 2982//3156
f 2882//3106 2982//3156 2980//3155
f 3078//3203 2982//3156 2984//3157
f 2884//3107 2984//3157 2982//3156
f 2986//3158 3080//3204 2886//3108
f 2984//3157 2886//3108 3080//3204
f 2988//3159 3082//3205 2888//3109
f 2986//3158 2888//3109 3082//3205
f 2990//3160 3084//3206 2890//3110
f 2988//3159 2890//3110 3084//3206
f 3009//3169 3087//3207 3008//3168
f 3088//3207 3008//3168 3087//3207
f 2994//3162 3090//3208 2990//3160
f 3084//3206 2990//3160 3090//3208
f 2904//3117 3012//3171 2902//3116
f 2902//3116 3012//3171 2998//3163
f 2999//3164 2998//3163 3012//3171
f 3010//3170 3092//3209 2994//3162
f 3090//3208 2994//3162 3092//3209
f 3096//3210 3097//3211 3098//3212
f 3098//3212 3097//3211 3007//3167
f 3010//3170 3007//3167 3097//3211
f 3017//3173 3018//3174 3101//3213
f 3102//3214 3101//3213 3018//3174
f 2914//3122 3020//3175 3018//3174
f 3104//3215 3018//3174 3020//3175
f 2916//3123 3022//3176 3020//3175
f 3106//3216 3020//3175 3022//3176
f 2918//3124 3024//3177 3022//3176
f 3108//3217 3022//3176 3024//3177
f 2920//3125 3026//3178 3024//3177
f 3110//3218 3024//3177 3026//3178
f 3028//3179 3112//3219 2922//3126
f 3026//3178 2922//3126 3112//3219
f 3030//3180 3114//3220 2924//3127
f 3028//3179 2924//3127 3114//3220
f 2928//3129 3032//3181 2926//3128
f 3030//3180 2926//3128 3032//3181
f 3034//3182 2930//3130 3074//3201
f 2978//3154 3074//3201 2930//3130
f 3036//3183 3116//3221 2932//3131
f 3032//3181 2932//3131 3116//3221
f 2934//3132 3034//3182 3038//3184
f 3118//3222 3038//3184 3034//3182
f 3040//3185 3120//3223 2936//3133
f 3036//3183 2936//3133 3120//3223
f 2938//3134 3038//3184 3042//3186
f 3122//3224 3042//3186 3038//3184
f 2940//3135 3044//3187 3040//3185
f 3124//3225 3040//3185 3044//3187
f 3046//3188 2942//3136 3126//3226
f 3042//3186 3126//3226 2942//3136
f 2944//3137 3048//3189 3044//3187
f 3128//3227 3044//3187 3048//3189
f 3050//3190 2946//3138 3130//3228
f 3046//3188 3130//3228 2946//3138
f 2948//3139 3052//3191 3048//3189
f 3132//3229 3048//3189 3052//3191
f 3054//3192 2950//3140 3134//3230
f 3050//3190 3134//3230 2950//3140
f 2954//3142 3058//3194 3052//3191
f 3136//3231 3052//3191 3058//3194
f 3057//3193 3139//3232 3058//3194
f 3140//3233 3058//3194 3139//3232
f 3064//3196 3054//3192 3142//3234
f 3134//3230 3142//3234 3054//3192
f 3066//3197 3064//3196 3144//3235
f 3142//3234 3144//3235 3064//3196
f 3072//3200 2976//3153 3146//3236
f 3066//3197 3146//3236 2976//3153
f 3139//3232 3070//3198 3140//3233
f 3072//3200 3140//3233 3070//3198
f 3148//3237 3074//3201 3076//3202
f 2980//3155 3076//3202 3074//3201
f 3150//3238 3076//3202 3078//3203
f 2982//3156 3078//3203 3076//3202
f 3080//3204 3152//3239 2984//3157
f 3078//3203 2984//3157 3152//3239
f 3082//3205 3154//3240 2986//3158
f 3080//3204 2986//3158 3154//3240
f 3084//3206 3156//3241 2988//3159
f 3082//3205 2988//3159 3156//3241
f 3090//3208 3158//3242 3084//3206
f 3156//3241 3084//3206 3158//3242
f 3092//3209 3160//3243 3090//3208
f 3158//3242 3090//3208 3160//3243
f 3097//3211 3162//3244 3010//3170
f 3092//3209 3010//3170 3162//3244
f 3101//3213 3102//3214 3096//3210
f 3097//3211 3096//3210 3102//3214
f 3018//3174 3104//3215 3102//3214
f 3164//3245 3102//3214 3104//3215
f 3020//3175 3106//3216 3104//3215
f 3166//3246 3104//3215 3106//3216
f 3022//3176 3108//3217 3106//3216
f 3168//3247 3106//3216 3108//3217
f 3024//3177 3110//3218 3108//3217
f 3170//3248 3108//3217 3110//3218
f 3026//3178 3112//3219 3110//3218
f 3172//3249 3110//3218 3112//3219
f 3114//3220 3174//3250 3028//3179
f 3112//3219 3028//3179 3174//3250
f 3032//3181 3116//3221 3030//3180
f 3114//3220 3030//3180 3116//3221
f 3118//3222 3034//3182 3148//3237
f 3074//3201 3148//3237 3034//3182
f 3120//3223 3176//3251 3036//3183
f 3116//3221 3036//3183 3176//3251
f 3038//3184 3118//3222 3122//3224
f 3178//3252 3122//3224 3118//3222
f 3040//3185 3124//3225 3120//3223
f 3180//3253 3120//3223 3124//3225
f 3126//3226 3042//3186 3182//3254
f 3122//3224 3182//3254 3042//3186
f 3044//3187 3128//3227 3124//3225
f 3184//3255 3124//3225 3128//3227
f 3130//3228 3046//3188 3186//3256
f 3126//3226 3186//3256 3046//3188
f 3048//3189 3132//3229 3128//3227
f 3188//3257 3128//3227 3132//3229
f 3134//3230 3050//3190 3190//3258
f 3130//3228 3190//3258 3050//3190
f 3052//3191 3136//3231 3132//3229
f 3192//3259 3132//3229 3136//3231
f 3058//3194 3140//3233 3136//3231
f 3194//3260 3136//3231 3140//3233
f 3142//3234 3134//3230 3196//3261
f 3190//3258 3196//3261 3134//3230
f 3144//3235 3142//3234 3198//3262
f 3196//3261 3198//3262 3142//3234
f 3146//3236 3066//3197 3200//3263
f 3144//3235 3200//3263 3066//3197
f 3140//3233 3072//3200 3194//3260
f 3146//3236 3194//3260 3072//3200
f 3202//3264 3148//3237 3150//3238
f 3076//3202 3150//3238 3148//3237
f 3152//3239 3204//3265 3078//3203
f 3150//3238 3078//3203 3204//3265
f 3154//3240 3206//3266 3080//3204
f 3152//3239 3080//3204 3206//3266
f 3156//3241 3208//3267 3082//3205
f 3154//3240 3082//3205 3208//3267
f 3158//3242 3210//3268 3156//3241
f 3208//3267 3156//3241 3210//3268
f 3160//3243 3212//3269 3158//3242
f 3210//3268 3158//3242 3212//3269
f 3162//3244 3214//3270 3092//3209
f 3160//3243 3092//3209 3214//3270
f 3102//3214 3164//3245 3097//3211
f 3162//3244 3097//3211 3164//3245
f 3104//3215 3166//3246 3164//3245
f 3216//3271 3164//3245 3166//3246
f 3106//3216 3168//3247 3166//3246
f 3218//3272 3166//3246 3168//3247
f 3108//3217 3170//3248 3168//3247
f 3220//3273 3168//3247 3170//3248
f 3110//3218 3172//3249 3170//3248
f 3222//3274 3170//3248 3172//3249
f 3112//3219 3174//3250 3172//3249
f 3224//3275 3172//3249 3174//3250
f 3116//3221 3176//3251 3114//3220
f 3174//3250 3114//3220 3176//3251
f 3178//3252 3118//3222 3202//3264
f 3148//3237 3202//3264 3118//3222
f 3120//3223 3180//3253 3176//3251
f 3226//3276 3176//3251 3180//3253
f 3182//3254 3122//3224 3228//3277
f 3178//3252 3228//3277 3122//3224
f 3124//3225 3184//3255 3180//3253
f 3230//3278 3180//3253 3184//3255
f 3186//3256 3126//3226 3232//3279
f 3182//3254 3232//3279 3126//3226
f 3128//3227 3188//3257 3184//3255
f 3234//3280 3184//3255 3188//3257
f 3190//3258 3130//3228 3236//3281
f 3186//3256 3236//3281 3130//3228
f 3132//3229 3192//3259 3188//3257
f 3238//3282 3188//3257 3192//3259
f 3136//3231 3194//3260 3192//3259
f 3240//3283 3192//3259 3194//3260
f 3196//3261 3190//3258 3242//3284
f 3236//3281 3242//3284 3190//3258
f 3198//3262 3196//3261 3244//3285
f 3242//3284 3244//3285 3196//3261
f 3200//3263 3144//3235 3246//3286
f 3198//3262 3246//3286 3144//3235
f 3194//3260 3146//3236 3240//3283
f 3200//3263 3240//3283 3146//3236
f 3204//3265 3248//3287 3150//3238
f 3202//3264 3150//3238 3248//3287
f 3206//3266 3250//3288 3152//3239
f 3204//3265 3152//3239 3250//3288
f 3208//3267 3252//3289 3154//3240
f 3206//3266 3154//3240 3252//3289
f 3210//3268 3254//3290 3208//3267
f 3252//3289 3208//3267 3254//3290
f 3212//3269 3256//3291 3210//3268
f 3254//3290 3210//3268 3256//3291
f 3214//3270 3258//3292 3160//3243
f 3212//3269 3160//3243 3258//3292
f 3164//3245 3216//3271 3162//3244
f 3214//3270 3162//3244 3216//3271
f 3166//3246 3218//3272 3216//3271
f 3260//3293 3216//3271 3218//3272
f 3168//3247 3220//3273 3218//3272
f 3262//3294 3218//3272 3220//3273
f 3170//3248 3222//3274 3220//3273
f 3264//3295 3220//3273 3222//3274
f 3172//3249 3224//3275 3222//3274
f 3266//3296 3222//3274 3224//3275
f 3176//3251 3226//3276 3174//3250
f 3224//3275 3174//3250 3226//3276
f 3228//3277 3178//3252 3248//3287
f 3202//3264 3248//3287 3178//3252
f 3180//3253 3230//3278 3226//3276
f 3268//3297 3226//3276 3230//3278
f 3232//3279 3182//3254 3270//3298
f 3228//3277 3270//3298 3182//3254
f 3184//3255 3234//3280 3230//3278
f 3272//3299 3230//3278 3234//3280
f 3236//3281 3186//3256 3274//3300
f 3232//3279 3274//3300 3186//3256
f 3188//3257 3238//3282 3234//3280
f 3276//3301 3234//3280 3238//3282
f 3192//3259 3240//3283 3238//3282
f 3278//3302 3238//3282 3240//3283
f 3242//3284 3236//3281 3280//3303
f 3274//3300 3280//3303 3236//3281
f 3244//3285 3242//3284 3282//3304
f 3280//3303 3282//3304 3242//3284
f 3246//3286 3198//3262 3284//3305
f 3244//3285 3284//3305 3198//3262
f 3240//3283 3200//3263 3278//3302
f 3246//3286 3278//3302 3200//3263
f 3250//3288 3286//3306 3204//3265
f 3248//3287 3204//3265 3286//3306
f 3252//3289 3288//3307 3206//3266
f 3250//3288 3206//3266 3288//3307
f 3254//3290 3290//3308 3252//3289
f 3288//3307 3252//3289 3290//3308
f 3256//3291 3292//3309 3254//3290
f 3290//3308 3254//3290 3292//3309
f 3258//3292 3294//3310 3212//3269
f 3256//3291 3212//3269 3294//3310
f 3216//3271 3260//3293 3214//3270
f 3258//3292 3214//3270 3260//3293
f 3218//3272 3262//3294 3260//3293
f 3296//3311 3260//3293 3262//3294
f 3220//3273 3264//3295 3262//3294
f 3298//3312 3262//3294 3264//3295
f 3222//3274 3266//3296 3264//3295
f 3300//3313 3264//3295 3266//3296
f 3226//3276 3268//3297 3224//3275
f 3266//3296 3224//3275 3268//3297
f 3270//3298 3228//3277 3286//3306
f 3248//3287 3286//3306 3228//3277
f 3230//3278 3272//3299 3268//3297
f 3302//3314 3268//3297 3272//3299
f 3274//3300 3232//3279 3304//3315
f 3270//3298 3304//3315 3232//3279
f 3234//3280 3276//3301 3272//3299
f 3306//3316 3272//3299 3276//3301
f 3238//3282 3278//3302 3276//3301
f 3308//3317 3276//3301 3278//3302
f 3280//3303 3274//3300 3310//3318
f 3304//3315 3310//3318 3274//3300
f 3282//3304 3280//3303 3312//3319
f 3310//3318 3312//3319 3280//3303
f 3284//3305 3244//3285 3314//3320
f 3282//3304 3314//3320 3244//3285
f 3278//3302 3246//3286 3308//3317
f 3284//3305 3308//3317 3246//3286
f 3288//3307 3316//3321 3250//3288
f 3286//3306 3250//3288 3316//3321
f 3290//3308 3318//3322 3288//3307
f 3316//3321 3288//3307 3318//3322
f 3292//3309 3320//3323 3290//3308
f 3318//3322 3290//3308 3320//3323
f 3294//3310 3322//3324 3256//3291
f 3292//3309 3256//3291 3322//3324
f 3260//3293 3296//3311 3258//3292
f 3294//3310 3258//3292 3296//3311
f 3262//3294 3298//3312 3296//3311
f 3324//3325 3296//3311 3298//3312
f 3264//3295 3300//3313 3298//3312
f 3326//3326 3298//3312 3300//3313
f 3268//3297 3302//3314 3266//3296
f 3300//3313 3266//3296 3302//3314
f 3304//3315 3270//3298 3316//3321
f 3286//3306 3316//3321 3270//3298
f 3272//3299 3306//3316 3302//3314
f 3328//3327 3302//3314 3306//3316
f 3276//3301 3308//3317 3306//3316
f 3330//3328 3306//3316 3308//3317
f 3310//3318 3304//3315 3318//3322
f 3316//3321 3318//3322 3304//3315
f 3312//3319 3310//3318 3320//3323
f 3318//3322 3320//3323 3310//3318
f 3314//3320 3282//3304 3332//3329
f 3312//3319 3332//3329 3282//3304
f 3308//3317 3284//3305 3330//3328
f 3314//3320 3330//3328 3284//3305
f 3322//3324 3334//3330 3292//3309
f 3320//3323 3292//3309 3334//3330
f 3296//3311 3324//3325 3294//3310
f 3322//3324 3294//3310 3324//3325
f 3298//3312 3326//3326 3324//3325
f 3336//3331 3324//3325 3326//3326
f 3302//3314 3328//3327 3300//3313
f 3326//3326 3300//3313 3328//3327
f 3306//3316 3330//3328 3328//3327
f 3338//3332 3328//3327 3330//3328
f 3332//3329 3312//3319 3334//3330
f 3320//3323 3334//3330 3312//3319
f 3330//3328 3314//3320 3338//3332
f 3332//3329 3338//3332 3314//3320
f 3324//3325 3336//3331 3322//3324
f 3334//3330 3322//3324 3336//3331
f 3328//3327 3338//3332 3326//3326
f 3336//3331 3326//3326 3338//3332
f 3338//3332 3332//3329 3336//3331
f 3334//3330 3336//3331 3332//3329
