# SSTK version 0.8.0
# 88
mtllib original-88.mtl
o #ID655
v -0.269752 0.042852 0.508504
v -0.259151 0.075477 0.511830
v -0.269752 0.042852 0.511830
v -0.259151 0.075477 0.508504
v -0.259151 0.075477 0.508504
v -0.269752 0.042852 0.508504
v -0.259151 0.075477 0.511830
v -0.269752 0.042852 0.511830
v -0.244545 0.106517 0.511830
v -0.244545 0.106517 0.508504
v -0.244545 0.106517 0.508504
v -0.244545 0.106517 0.511830
v -0.269752 0.042852 0.511830
v -0.259197 0.075495 0.512200
v -0.269799 0.042864 0.512200
v -0.259151 0.075477 0.511830
v -0.259151 0.075477 0.511830
v -0.269752 0.042852 0.511830
v -0.259197 0.075495 0.512200
v -0.269799 0.042864 0.512200
v -0.276180 0.009155 0.508504
v -0.276180 0.009155 0.511830
v -0.276180 0.009155 0.508504
v -0.276180 0.009155 0.511830
v -0.226164 0.135481 0.511830
v -0.226164 0.135481 0.508504
v -0.226164 0.135481 0.508504
v -0.226164 0.135481 0.511830
v -0.244588 0.106540 0.512200
v -0.244545 0.106517 0.511830
v -0.244545 0.106517 0.511830
v -0.244588 0.106540 0.512200
v -0.259329 0.075548 0.512544
v -0.269937 0.042899 0.512544
v -0.259329 0.075548 0.512544
v -0.269937 0.042899 0.512544
v -0.276180 0.009155 0.511830
v -0.276228 0.009161 0.512200
v -0.276180 0.009155 0.511830
v -0.276228 0.009161 0.512200
v -0.278334 -0.025082 0.508504
v -0.278334 -0.025082 0.511830
v -0.278334 -0.025082 0.508504
v -0.278334 -0.025082 0.511830
v -0.204297 0.161913 0.511830
v -0.204297 0.161913 0.508504
v -0.204297 0.161913 0.508504
v -0.204297 0.161913 0.511830
v -0.226203 0.135510 0.512200
v -0.226164 0.135481 0.511830
v -0.226164 0.135481 0.511830
v -0.226203 0.135510 0.512200
v -0.244713 0.106609 0.512544
v -0.244713 0.106609 0.512544
v -0.259540 0.075631 0.512838
v -0.270157 0.042956 0.512838
v -0.259540 0.075631 0.512838
v -0.270157 0.042956 0.512838
v -0.276370 0.009179 0.512544
v -0.276370 0.009179 0.512544
v -0.278334 -0.025082 0.511830
v -0.278383 -0.025082 0.512200
v -0.278334 -0.025082 0.511830
v -0.278383 -0.025082 0.512200
v -0.276180 -0.059319 0.508504
v -0.276180 -0.059319 0.511830
v -0.276180 -0.059319 0.508504
v -0.276180 -0.059319 0.511830
v -0.179290 0.185397 0.508504
v -0.179290 0.185397 0.511830
v -0.179290 0.185397 0.511830
v -0.179290 0.185397 0.508504
v -0.204333 0.161947 0.512200
v -0.204297 0.161913 0.511830
v -0.204297 0.161913 0.511830
v -0.204333 0.161947 0.512200
v -0.226319 0.135594 0.512544
v -0.226319 0.135594 0.512544
v -0.244912 0.106719 0.512838
v -0.244912 0.106719 0.512838
v -0.270444 0.043029 0.513065
v -0.259815 0.075740 0.513065
v -0.259815 0.075740 0.513065
v -0.270444 0.043029 0.513065
v -0.276595 0.009207 0.512838
v -0.276595 0.009207 0.512838
v -0.278526 -0.025082 0.512544
v -0.278526 -0.025082 0.512544
v -0.276180 -0.059319 0.511830
v -0.276228 -0.059325 0.512200
v -0.276180 -0.059319 0.511830
v -0.276228 -0.059325 0.512200
v -0.271450 -0.084117 0.508504
v -0.271450 -0.084117 0.511830
v -0.271450 -0.084117 0.508504
v -0.271450 -0.084117 0.511830
v -0.151537 0.205560 0.511830
v -0.151537 0.205560 0.508504
v -0.151537 0.205560 0.508504
v -0.151537 0.205560 0.511830
v -0.179321 0.185434 0.512200
v -0.179290 0.185397 0.511830
v -0.179290 0.185397 0.511830
v -0.179321 0.185434 0.512200
v -0.204437 0.162044 0.512544
v -0.204437 0.162044 0.512544
v -0.226502 0.135727 0.512838
v -0.226502 0.135727 0.512838
v -0.245171 0.106861 0.513065
v -0.245171 0.106861 0.513065
v -0.270778 0.043115 0.513207
v -0.260136 0.075867 0.513207
v -0.260136 0.075867 0.513207
v -0.270778 0.043115 0.513207
v -0.276889 0.009244 0.513065
v -0.276889 0.009244 0.513065
v -0.278752 -0.025082 0.512838
v -0.278752 -0.025082 0.512838
v -0.276370 -0.059343 0.512544
v -0.276370 -0.059343 0.512544
v -0.271450 -0.084117 0.511830
v -0.271497 -0.084126 0.512200
v -0.271450 -0.084117 0.511830
v -0.271497 -0.084126 0.512200
v -0.269752 -0.093016 0.508504
v -0.271450 -0.084117 0.511830
v -0.269752 -0.093016 0.511830
v -0.271450 -0.084117 0.508504
v -0.271450 -0.084117 0.508504
v -0.269752 -0.093016 0.508504
v -0.271450 -0.084117 0.511830
v -0.269752 -0.093016 0.511830
v -0.121476 0.222087 0.508504
v -0.121476 0.222087 0.511830
v -0.121476 0.222087 0.511830
v -0.121476 0.222087 0.508504
v -0.151563 0.205601 0.512200
v -0.151537 0.205560 0.511830
v -0.151537 0.205560 0.511830
v -0.151563 0.205601 0.512200
v -0.179412 0.185544 0.512544
v -0.179412 0.185544 0.512544
v -0.204602 0.162200 0.512838
v -0.204602 0.162200 0.512838
v -0.226742 0.135901 0.513065
v -0.226742 0.135901 0.513065
v -0.245473 0.107027 0.513207
v -0.245473 0.107027 0.513207
v -0.271135 0.043207 0.513256
v -0.260479 0.076003 0.513256
v -0.260479 0.076003 0.513256
v -0.271135 0.043207 0.513256
v -0.277230 0.009287 0.513207
v -0.277230 0.009287 0.513207
v -0.279048 -0.025082 0.513065
v -0.279048 -0.025082 0.513065
v -0.276595 -0.059371 0.512838
v -0.276595 -0.059371 0.512838
v -0.271637 -0.084153 0.512544
v -0.271637 -0.084153 0.512544
v -0.269752 -0.093016 0.511830
v -0.269799 -0.093028 0.512200
v -0.271450 -0.084117 0.511830
v -0.271450 -0.084117 0.511830
v -0.269752 -0.093016 0.511830
v -0.269799 -0.093028 0.512200
v -0.259151 -0.125642 0.511830
v -0.259151 -0.125642 0.508504
v -0.259151 -0.125642 0.508504
v -0.259151 -0.125642 0.511830
v -0.089580 0.234715 0.508504
v -0.089580 0.234715 0.511830
v -0.089580 0.234715 0.511830
v -0.089580 0.234715 0.508504
v -0.121497 0.222131 0.512200
v -0.121476 0.222087 0.511830
v -0.121476 0.222087 0.511830
v -0.121497 0.222131 0.512200
v -0.151640 0.205722 0.512544
v -0.151640 0.205722 0.512544
v -0.179557 0.185719 0.512838
v -0.179557 0.185719 0.512838
v -0.204818 0.162402 0.513065
v -0.204818 0.162402 0.513065
v -0.227020 0.136104 0.513207
v -0.227020 0.136104 0.513207
v -0.245797 0.107205 0.513256
v -0.245797 0.107205 0.513256
v -0.277597 0.009334 0.513256
v -0.277597 0.009334 0.513256
v -0.279393 -0.025082 0.513207
v -0.279393 -0.025082 0.513207
v -0.276889 -0.059408 0.513065
v -0.276889 -0.059408 0.513065
v -0.271860 -0.084196 0.512838
v -0.271860 -0.084196 0.512838
v -0.269937 -0.093064 0.512544
v -0.269937 -0.093064 0.512544
v -0.259197 -0.125660 0.512200
v -0.259151 -0.125642 0.511830
v -0.259151 -0.125642 0.511830
v -0.259197 -0.125660 0.512200
v -0.244545 -0.156681 0.508504
v -0.244545 -0.156681 0.511830
v -0.244545 -0.156681 0.508504
v -0.244545 -0.156681 0.511830
v -0.056354 0.243246 0.511830
v -0.056354 0.243246 0.508504
v -0.056354 0.243246 0.508504
v -0.056354 0.243246 0.511830
v -0.089595 0.234761 0.512200
v -0.089580 0.234715 0.511830
v -0.089580 0.234715 0.511830
v -0.089595 0.234761 0.512200
v -0.121557 0.222260 0.512544
v -0.121557 0.222260 0.512544
v -0.151762 0.205913 0.512838
v -0.151762 0.205913 0.512838
v -0.179746 0.185947 0.513065
v -0.179746 0.185947 0.513065
v -0.205069 0.162638 0.513207
v -0.205069 0.162638 0.513207
v -0.227319 0.136321 0.513256
v -0.227319 0.136321 0.513256
v -0.279762 -0.025082 0.513256
v -0.279762 -0.025082 0.513256
v -0.277230 -0.059452 0.513207
v -0.277230 -0.059452 0.513207
v -0.272150 -0.084251 0.513065
v -0.272150 -0.084251 0.513065
v -0.270157 -0.093120 0.512838
v -0.270157 -0.093120 0.512838
v -0.259329 -0.125712 0.512544
v -0.259329 -0.125712 0.512544
v -0.244545 -0.156681 0.511830
v -0.244588 -0.156705 0.512200
v -0.244545 -0.156681 0.511830
v -0.244588 -0.156705 0.512200
v -0.226164 -0.185646 0.508504
v -0.226164 -0.185646 0.511830
v -0.226164 -0.185646 0.508504
v -0.226164 -0.185646 0.511830
v -0.022320 0.247546 0.508504
v -0.022320 0.247546 0.511830
v -0.022320 0.247546 0.511830
v -0.022320 0.247546 0.508504
v -0.056363 0.243294 0.512200
v -0.056354 0.243246 0.511830
v -0.056354 0.243246 0.511830
v -0.056363 0.243294 0.512200
v -0.089640 0.234897 0.512544
v -0.089640 0.234897 0.512544
v -0.121654 0.222465 0.512838
v -0.121654 0.222465 0.512838
v -0.151920 0.206163 0.513065
v -0.151920 0.206163 0.513065
v -0.179965 0.186212 0.513207
v -0.179965 0.186212 0.513207
v -0.205339 0.162891 0.513256
v -0.205339 0.162891 0.513256
v -0.277597 -0.059498 0.513256
v -0.277597 -0.059498 0.513256
v -0.272487 -0.084315 0.513207
v -0.272487 -0.084315 0.513207
v -0.270444 -0.093194 0.513065
v -0.270444 -0.093194 0.513065
v -0.259540 -0.125796 0.512838
v -0.259540 -0.125796 0.512838
v -0.244713 -0.156773 0.512544
v -0.244713 -0.156773 0.512544
v -0.226164 -0.185646 0.511830
v -0.226203 -0.185674 0.512200
v -0.226164 -0.185646 0.511830
v -0.226203 -0.185674 0.512200
v -0.204297 -0.212078 0.508504
v -0.204297 -0.212078 0.511830
v -0.204297 -0.212078 0.508504
v -0.204297 -0.212078 0.511830
v 0.011985 0.247546 0.508504
v 0.011985 0.247546 0.511830
v 0.011985 0.247546 0.511830
v 0.011985 0.247546 0.508504
v -0.022323 0.247594 0.512200
v -0.022320 0.247546 0.511830
v -0.022320 0.247546 0.511830
v -0.022323 0.247594 0.512200
v -0.056389 0.243434 0.512544
v -0.056389 0.243434 0.512544
v -0.089710 0.235113 0.512838
v -0.089710 0.235113 0.512838
v -0.121780 0.222733 0.513065
v -0.121780 0.222733 0.513065
v -0.152105 0.206454 0.513207
v -0.152105 0.206454 0.513207
v -0.180201 0.186497 0.513256
v -0.180201 0.186497 0.513256
v -0.272850 -0.084384 0.513256
v -0.272850 -0.084384 0.513256
v -0.270778 -0.093279 0.513207
v -0.270778 -0.093279 0.513207
v -0.259815 -0.125904 0.513065
v -0.259815 -0.125904 0.513065
v -0.244912 -0.156883 0.512838
v -0.244912 -0.156883 0.512838
v -0.226319 -0.185758 0.512544
v -0.226319 -0.185758 0.512544
v -0.204297 -0.212078 0.511830
v -0.204333 -0.212111 0.512200
v -0.204297 -0.212078 0.511830
v -0.204333 -0.212111 0.512200
v -0.179290 -0.235561 0.508504
v -0.179290 -0.235561 0.511830
v -0.179290 -0.235561 0.511830
v -0.179290 -0.235561 0.508504
v 0.046019 0.243246 0.511830
v 0.046019 0.243246 0.508504
v 0.046019 0.243246 0.508504
v 0.046019 0.243246 0.511830
v 0.011988 0.247594 0.512200
v 0.011985 0.247546 0.511830
v 0.011985 0.247546 0.511830
v 0.011988 0.247594 0.512200
v -0.022332 0.247737 0.512544
v -0.022332 0.247737 0.512544
v -0.056432 0.243657 0.512838
v -0.056432 0.243657 0.512838
v -0.089801 0.235394 0.513065
v -0.089801 0.235394 0.513065
v -0.121927 0.223045 0.513207
v -0.121927 0.223045 0.513207
v -0.152303 0.206766 0.513256
v -0.152303 0.206766 0.513256
v -0.272850 -0.084384 0.513256
v -0.271135 -0.093371 0.513256
v -0.272850 -0.084384 0.513256
v -0.271135 -0.093371 0.513256
v -0.260136 -0.126031 0.513207
v -0.260136 -0.126031 0.513207
v -0.245171 -0.157025 0.513065
v -0.245171 -0.157025 0.513065
v -0.226502 -0.185892 0.512838
v -0.226502 -0.185892 0.512838
v -0.204437 -0.212209 0.512544
v -0.204437 -0.212209 0.512544
v -0.179321 -0.235598 0.512200
v -0.179290 -0.235561 0.511830
v -0.179290 -0.235561 0.511830
v -0.179321 -0.235598 0.512200
v -0.151537 -0.255725 0.511830
v -0.151537 -0.255725 0.508504
v -0.151537 -0.255725 0.508504
v -0.151537 -0.255725 0.511830
v 0.079246 0.234715 0.508504
v 0.079246 0.234715 0.511830
v 0.079246 0.234715 0.511830
v 0.079246 0.234715 0.508504
v 0.046019 0.243246 0.511830
v 0.046028 0.243294 0.512200
v 0.046028 0.243294 0.512200
v 0.046019 0.243246 0.511830
v 0.011997 0.247737 0.512544
v 0.011997 0.247737 0.512544
v -0.022346 0.247963 0.512838
v -0.022346 0.247963 0.512838
v -0.056487 0.243948 0.513065
v -0.056487 0.243948 0.513065
v -0.089908 0.235722 0.513207
v -0.089908 0.235722 0.513207
v -0.122084 0.223379 0.513256
v -0.122084 0.223379 0.513256
v -0.260479 -0.126167 0.513256
v -0.260479 -0.126167 0.513256
v -0.245473 -0.157191 0.513207
v -0.245473 -0.157191 0.513207
v -0.226742 -0.186065 0.513065
v -0.226742 -0.186065 0.513065
v -0.204602 -0.212364 0.512838
v -0.204602 -0.212364 0.512838
v -0.179412 -0.235708 0.512544
v -0.179412 -0.235708 0.512544
v -0.151563 -0.255766 0.512200
v -0.151537 -0.255725 0.511830
v -0.151537 -0.255725 0.511830
v -0.151563 -0.255766 0.512200
v -0.121476 -0.272251 0.511830
v -0.121476 -0.272251 0.508504
v -0.121476 -0.272251 0.508504
v -0.121476 -0.272251 0.511830
v 0.111142 0.222087 0.508504
v 0.111142 0.222087 0.511830
v 0.111142 0.222087 0.511830
v 0.111142 0.222087 0.508504
v 0.079246 0.234715 0.511830
v 0.079261 0.234761 0.512200
v 0.079261 0.234761 0.512200
v 0.079246 0.234715 0.511830
v 0.046055 0.243434 0.512544
v 0.046055 0.243434 0.512544
v 0.012011 0.247963 0.512838
v 0.012011 0.247963 0.512838
v -0.022364 0.248258 0.513065
v -0.022364 0.248258 0.513065
v -0.056552 0.244286 0.513207
v -0.056552 0.244286 0.513207
v -0.090022 0.236073 0.513256
v -0.090022 0.236073 0.513256
v -0.245797 -0.157369 0.513256
v -0.245797 -0.157369 0.513256
v -0.227020 -0.186268 0.513207
v -0.227020 -0.186268 0.513207
v -0.204818 -0.212567 0.513065
v -0.204818 -0.212567 0.513065
v -0.179557 -0.235883 0.512838
v -0.179557 -0.235883 0.512838
v -0.151640 -0.255886 0.512544
v -0.151640 -0.255886 0.512544
v -0.121497 -0.272295 0.512200
v -0.121476 -0.272251 0.511830
v -0.121476 -0.272251 0.511830
v -0.121497 -0.272295 0.512200
v -0.089580 -0.284879 0.508504
v -0.089580 -0.284879 0.511830
v -0.089580 -0.284879 0.511830
v -0.089580 -0.284879 0.508504
v 0.141203 0.205560 0.508504
v 0.141203 0.205560 0.511830
v 0.141203 0.205560 0.511830
v 0.141203 0.205560 0.508504
v 0.111142 0.222087 0.511830
v 0.111162 0.222131 0.512200
v 0.111162 0.222131 0.512200
v 0.111142 0.222087 0.511830
v 0.079305 0.234897 0.512544
v 0.079305 0.234897 0.512544
v 0.046098 0.243657 0.512838
v 0.046098 0.243657 0.512838
v 0.012030 0.248258 0.513065
v 0.012030 0.248258 0.513065
v -0.022386 0.248602 0.513207
v -0.022386 0.248602 0.513207
v -0.056621 0.244649 0.513256
v -0.056621 0.244649 0.513256
v -0.227319 -0.186485 0.513256
v -0.227319 -0.186485 0.513256
v -0.205069 -0.212802 0.513207
v -0.205069 -0.212802 0.513207
v -0.179746 -0.236111 0.513065
v -0.179746 -0.236111 0.513065
v -0.151762 -0.256078 0.512838
v -0.151762 -0.256078 0.512838
v -0.121557 -0.272424 0.512544
v -0.121557 -0.272424 0.512544
v -0.089595 -0.284926 0.512200
v -0.089580 -0.284879 0.511830
v -0.089580 -0.284879 0.511830
v -0.089595 -0.284926 0.512200
v -0.056354 -0.293411 0.511830
v -0.056354 -0.293411 0.508504
v -0.056354 -0.293411 0.508504
v -0.056354 -0.293411 0.511830
v 0.168956 0.185397 0.508504
v 0.168956 0.185397 0.511830
v 0.168956 0.185397 0.511830
v 0.168956 0.185397 0.508504
v 0.141203 0.205560 0.511830
v 0.141229 0.205601 0.512200
v 0.141229 0.205601 0.512200
v 0.141203 0.205560 0.511830
v 0.111223 0.222260 0.512544
v 0.111223 0.222260 0.512544
v 0.079375 0.235113 0.512838
v 0.079375 0.235113 0.512838
v 0.046153 0.243948 0.513065
v 0.046153 0.243948 0.513065
v 0.012051 0.248602 0.513207
v 0.012051 0.248602 0.513207
v -0.022409 0.248971 0.513256
v -0.022409 0.248971 0.513256
v -0.205339 -0.213056 0.513256
v -0.205339 -0.213056 0.513256
v -0.179965 -0.236377 0.513207
v -0.179965 -0.236377 0.513207
v -0.151920 -0.256328 0.513065
v -0.151920 -0.256328 0.513065
v -0.121654 -0.272629 0.512838
v -0.121654 -0.272629 0.512838
v -0.089640 -0.285061 0.512544
v -0.089640 -0.285061 0.512544
v -0.056363 -0.293458 0.512200
v -0.056354 -0.293411 0.511830
v -0.056354 -0.293411 0.511830
v -0.056363 -0.293458 0.512200
v -0.022320 -0.297710 0.511830
v -0.022320 -0.297710 0.508504
v -0.022320 -0.297710 0.508504
v -0.022320 -0.297710 0.511830
v 0.193963 0.161913 0.511830
v 0.193963 0.161913 0.508504
v 0.193963 0.161913 0.508504
v 0.193963 0.161913 0.511830
v 0.168956 0.185397 0.511830
v 0.168987 0.185434 0.512200
v 0.168987 0.185434 0.512200
v 0.168956 0.185397 0.511830
v 0.141305 0.205722 0.512544
v 0.141305 0.205722 0.512544
v 0.111320 0.222465 0.512838
v 0.111320 0.222465 0.512838
v 0.079467 0.235394 0.513065
v 0.079467 0.235394 0.513065
v 0.046218 0.244286 0.513207
v 0.046218 0.244286 0.513207
v 0.012075 0.248971 0.513256
v 0.012075 0.248971 0.513256
v -0.180201 -0.236661 0.513256
v -0.180201 -0.236661 0.513256
v -0.152105 -0.256618 0.513207
v -0.152105 -0.256618 0.513207
v -0.121780 -0.272897 0.513065
v -0.121780 -0.272897 0.513065
v -0.089710 -0.285277 0.512838
v -0.089710 -0.285277 0.512838
v -0.056389 -0.293598 0.512544
v -0.056389 -0.293598 0.512544
v -0.022323 -0.297759 0.512200
v -0.022320 -0.297710 0.511830
v -0.022320 -0.297710 0.511830
v -0.022323 -0.297759 0.512200
v 0.011985 -0.297710 0.508504
v 0.011985 -0.297710 0.511830
v 0.011985 -0.297710 0.511830
v 0.011985 -0.297710 0.508504
v 0.215829 0.135481 0.511830
v 0.215829 0.135481 0.508504
v 0.215829 0.135481 0.508504
v 0.215829 0.135481 0.511830
v 0.193963 0.161913 0.511830
v 0.193998 0.161947 0.512200
v 0.193998 0.161947 0.512200
v 0.193963 0.161913 0.511830
v 0.169078 0.185544 0.512544
v 0.169078 0.185544 0.512544
v 0.141427 0.205913 0.512838
v 0.141427 0.205913 0.512838
v 0.111446 0.222733 0.513065
v 0.111446 0.222733 0.513065
v 0.079573 0.235722 0.513207
v 0.079573 0.235722 0.513207
v 0.046287 0.244649 0.513256
v 0.046287 0.244649 0.513256
v -0.152303 -0.256931 0.513256
v -0.152303 -0.256931 0.513256
v -0.121927 -0.273209 0.513207
v -0.121927 -0.273209 0.513207
v -0.089801 -0.285558 0.513065
v -0.089801 -0.285558 0.513065
v -0.056432 -0.293821 0.512838
v -0.056432 -0.293821 0.512838
v -0.022332 -0.297901 0.512544
v -0.022332 -0.297901 0.512544
v 0.011988 -0.297759 0.512200
v 0.011985 -0.297710 0.511830
v 0.011985 -0.297710 0.511830
v 0.011988 -0.297759 0.512200
v 0.046019 -0.293411 0.511830
v 0.046019 -0.293411 0.508504
v 0.046019 -0.293411 0.508504
v 0.046019 -0.293411 0.511830
v 0.234211 0.106517 0.511830
v 0.234211 0.106517 0.508504
v 0.234211 0.106517 0.508504
v 0.234211 0.106517 0.511830
v 0.215869 0.135510 0.512200
v 0.215829 0.135481 0.511830
v 0.215829 0.135481 0.511830
v 0.215869 0.135510 0.512200
v 0.194102 0.162044 0.512544
v 0.194102 0.162044 0.512544
v 0.169223 0.185719 0.512838
v 0.169223 0.185719 0.512838
v 0.141586 0.206163 0.513065
v 0.141586 0.206163 0.513065
v 0.111592 0.223045 0.513207
v 0.111592 0.223045 0.513207
v 0.079687 0.236073 0.513256
v 0.079687 0.236073 0.513256
v -0.122084 -0.273543 0.513256
v -0.122084 -0.273543 0.513256
v -0.089908 -0.285886 0.513207
v -0.089908 -0.285886 0.513207
v -0.056487 -0.294112 0.513065
v -0.056487 -0.294112 0.513065
v -0.022346 -0.298127 0.512838
v -0.022346 -0.298127 0.512838
v 0.011997 -0.297901 0.512544
v 0.011997 -0.297901 0.512544
v 0.046019 -0.293411 0.511830
v 0.046028 -0.293458 0.512200
v 0.046028 -0.293458 0.512200
v 0.046019 -0.293411 0.511830
v 0.079246 -0.284879 0.511830
v 0.079246 -0.284879 0.508504
v 0.079246 -0.284879 0.508504
v 0.079246 -0.284879 0.511830
v 0.248817 0.075477 0.508504
v 0.248817 0.075477 0.511830
v 0.248817 0.075477 0.508504
v 0.248817 0.075477 0.511830
v 0.234253 0.106540 0.512200
v 0.234211 0.106517 0.511830
v 0.234211 0.106517 0.511830
v 0.234253 0.106540 0.512200
v 0.215984 0.135594 0.512544
v 0.215984 0.135594 0.512544
v 0.194268 0.162200 0.512838
v 0.194268 0.162200 0.512838
v 0.169411 0.185947 0.513065
v 0.169411 0.185947 0.513065
v 0.141770 0.206454 0.513207
v 0.141770 0.206454 0.513207
v 0.111750 0.223379 0.513256
v 0.111750 0.223379 0.513256
v -0.090022 -0.286238 0.513256
v -0.090022 -0.286238 0.513256
v -0.056552 -0.294450 0.513207
v -0.056552 -0.294450 0.513207
v -0.022364 -0.298423 0.513065
v -0.022364 -0.298423 0.513065
v 0.012011 -0.298127 0.512838
v 0.012011 -0.298127 0.512838
v 0.046055 -0.293598 0.512544
v 0.046055 -0.293598 0.512544
v 0.079246 -0.284879 0.511830
v 0.079261 -0.284926 0.512200
v 0.079261 -0.284926 0.512200
v 0.079246 -0.284879 0.511830
v 0.111142 -0.272251 0.511830
v 0.111142 -0.272251 0.508504
v 0.111142 -0.272251 0.508504
v 0.111142 -0.272251 0.511830
v 0.259418 0.042852 0.511830
v 0.259418 0.042852 0.508504
v 0.259418 0.042852 0.508504
v 0.259418 0.042852 0.511830
v 0.248817 0.075477 0.511830
v 0.248862 0.075495 0.512200
v 0.248817 0.075477 0.511830
v 0.248862 0.075495 0.512200
v 0.234378 0.106609 0.512544
v 0.234378 0.106609 0.512544
v 0.216168 0.135727 0.512838
v 0.216168 0.135727 0.512838
v 0.194483 0.162402 0.513065
v 0.194483 0.162402 0.513065
v 0.169631 0.186212 0.513207
v 0.169631 0.186212 0.513207
v 0.141968 0.206766 0.513256
v 0.141968 0.206766 0.513256
v -0.056621 -0.294813 0.513256
v -0.056621 -0.294813 0.513256
v -0.022386 -0.298767 0.513207
v -0.022386 -0.298767 0.513207
v 0.012030 -0.298423 0.513065
v 0.012030 -0.298423 0.513065
v 0.046098 -0.293821 0.512838
v 0.046098 -0.293821 0.512838
v 0.079305 -0.285061 0.512544
v 0.079305 -0.285061 0.512544
v 0.111142 -0.272251 0.511830
v 0.111162 -0.272295 0.512200
v 0.111162 -0.272295 0.512200
v 0.111142 -0.272251 0.511830
v 0.141203 -0.255725 0.508504
v 0.141203 -0.255725 0.511830
v 0.141203 -0.255725 0.511830
v 0.141203 -0.255725 0.508504
v 0.265846 0.009155 0.511830
v 0.265846 0.009155 0.508504
v 0.265846 0.009155 0.508504
v 0.265846 0.009155 0.511830
v 0.259465 0.042864 0.512200
v 0.259418 0.042852 0.511830
v 0.259418 0.042852 0.511830
v 0.259465 0.042864 0.512200
v 0.248995 0.075548 0.512544
v 0.248995 0.075548 0.512544
v 0.234577 0.106719 0.512838
v 0.234577 0.106719 0.512838
v 0.216407 0.135901 0.513065
v 0.216407 0.135901 0.513065
v 0.194735 0.162638 0.513207
v 0.194735 0.162638 0.513207
v 0.169866 0.186497 0.513256
v 0.169866 0.186497 0.513256
v -0.022409 -0.299135 0.513256
v -0.022409 -0.299135 0.513256
v 0.012051 -0.298767 0.513207
v 0.012051 -0.298767 0.513207
v 0.046153 -0.294112 0.513065
v 0.046153 -0.294112 0.513065
v 0.079375 -0.285277 0.512838
v 0.079375 -0.285277 0.512838
v 0.111223 -0.272424 0.512544
v 0.111223 -0.272424 0.512544
v 0.141203 -0.255725 0.511830
v 0.141229 -0.255766 0.512200
v 0.141229 -0.255766 0.512200
v 0.141203 -0.255725 0.511830
v 0.168956 -0.235561 0.511830
v 0.168956 -0.235561 0.508504
v 0.168956 -0.235561 0.508504
v 0.168956 -0.235561 0.511830
v 0.268000 -0.025082 0.511830
v 0.268000 -0.025082 0.508504
v 0.268000 -0.025082 0.508504
v 0.268000 -0.025082 0.511830
v 0.265894 0.009161 0.512200
v 0.265846 0.009155 0.511830
v 0.265846 0.009155 0.511830
v 0.265894 0.009161 0.512200
v 0.259603 0.042899 0.512544
v 0.259603 0.042899 0.512544
v 0.249206 0.075631 0.512838
v 0.249206 0.075631 0.512838
v 0.234837 0.106861 0.513065
v 0.234837 0.106861 0.513065
v 0.216686 0.136104 0.513207
v 0.216686 0.136104 0.513207
v 0.195004 0.162891 0.513256
v 0.195004 0.162891 0.513256
v 0.012075 -0.299135 0.513256
v 0.012075 -0.299135 0.513256
v 0.046218 -0.294450 0.513207
v 0.046218 -0.294450 0.513207
v 0.079467 -0.285558 0.513065
v 0.079467 -0.285558 0.513065
v 0.111320 -0.272629 0.512838
v 0.111320 -0.272629 0.512838
v 0.141305 -0.255886 0.512544
v 0.141305 -0.255886 0.512544
v 0.168956 -0.235561 0.511830
v 0.168987 -0.235598 0.512200
v 0.168987 -0.235598 0.512200
v 0.168956 -0.235561 0.511830
v 0.193963 -0.212078 0.511830
v 0.193963 -0.212078 0.508504
v 0.193963 -0.212078 0.508504
v 0.193963 -0.212078 0.511830
v 0.265846 -0.059319 0.511830
v 0.265846 -0.059319 0.508504
v 0.265846 -0.059319 0.508504
v 0.265846 -0.059319 0.511830
v 0.268048 -0.025082 0.512200
v 0.268000 -0.025082 0.511830
v 0.268000 -0.025082 0.511830
v 0.268048 -0.025082 0.512200
v 0.266035 0.009179 0.512544
v 0.266035 0.009179 0.512544
v 0.259823 0.042956 0.512838
v 0.259823 0.042956 0.512838
v 0.249481 0.075740 0.513065
v 0.249481 0.075740 0.513065
v 0.235138 0.107027 0.513207
v 0.235138 0.107027 0.513207
v 0.216985 0.136321 0.513256
v 0.216985 0.136321 0.513256
v 0.046287 -0.294813 0.513256
v 0.046287 -0.294813 0.513256
v 0.079573 -0.285886 0.513207
v 0.079573 -0.285886 0.513207
v 0.111446 -0.272897 0.513065
v 0.111446 -0.272897 0.513065
v 0.141427 -0.256078 0.512838
v 0.141427 -0.256078 0.512838
v 0.169078 -0.235708 0.512544
v 0.169078 -0.235708 0.512544
v 0.193963 -0.212078 0.511830
v 0.193998 -0.212111 0.512200
v 0.193998 -0.212111 0.512200
v 0.193963 -0.212078 0.511830
v 0.215829 -0.185646 0.508504
v 0.215829 -0.185646 0.511830
v 0.215829 -0.185646 0.508504
v 0.215829 -0.185646 0.511830
v 0.261115 -0.084117 0.508504
v 0.261115 -0.084117 0.511830
v 0.261115 -0.084117 0.508504
v 0.261115 -0.084117 0.511830
v 0.265894 -0.059325 0.512200
v 0.265846 -0.059319 0.511830
v 0.265846 -0.059319 0.511830
v 0.265894 -0.059325 0.512200
v 0.268191 -0.025082 0.512544
v 0.268191 -0.025082 0.512544
v 0.266261 0.009207 0.512838
v 0.266261 0.009207 0.512838
v 0.260109 0.043029 0.513065
v 0.260109 0.043029 0.513065
v 0.249801 0.075867 0.513207
v 0.249801 0.075867 0.513207
v 0.235462 0.107205 0.513256
v 0.235462 0.107205 0.513256
v 0.079687 -0.286238 0.513256
v 0.079687 -0.286238 0.513256
v 0.111592 -0.273209 0.513207
v 0.111592 -0.273209 0.513207
v 0.141586 -0.256328 0.513065
v 0.141586 -0.256328 0.513065
v 0.169223 -0.235883 0.512838
v 0.169223 -0.235883 0.512838
v 0.194102 -0.212209 0.512544
v 0.194102 -0.212209 0.512544
v 0.215829 -0.185646 0.511830
v 0.215869 -0.185674 0.512200
v 0.215829 -0.185646 0.511830
v 0.215869 -0.185674 0.512200
v 0.234211 -0.156681 0.508504
v 0.234211 -0.156681 0.511830
v 0.234211 -0.156681 0.508504
v 0.234211 -0.156681 0.511830
v 0.261115 -0.084117 0.508504
v 0.259418 -0.093016 0.511830
v 0.261115 -0.084117 0.511830
v 0.259418 -0.093016 0.508504
v 0.259418 -0.093016 0.508504
v 0.261115 -0.084117 0.508504
v 0.259418 -0.093016 0.511830
v 0.261115 -0.084117 0.511830
v 0.261115 -0.084117 0.511830
v 0.261163 -0.084126 0.512200
v 0.261115 -0.084117 0.511830
v 0.261163 -0.084126 0.512200
v 0.266035 -0.059343 0.512544
v 0.266035 -0.059343 0.512544
v 0.268418 -0.025082 0.512838
v 0.268418 -0.025082 0.512838
v 0.266554 0.009244 0.513065
v 0.266554 0.009244 0.513065
v 0.260443 0.043115 0.513207
v 0.260443 0.043115 0.513207
v 0.250145 0.076003 0.513256
v 0.250145 0.076003 0.513256
v 0.111750 -0.273543 0.513256
v 0.111750 -0.273543 0.513256
v 0.141770 -0.256618 0.513207
v 0.141770 -0.256618 0.513207
v 0.169411 -0.236111 0.513065
v 0.169411 -0.236111 0.513065
v 0.194268 -0.212364 0.512838
v 0.194268 -0.212364 0.512838
v 0.215984 -0.185758 0.512544
v 0.215984 -0.185758 0.512544
v 0.234211 -0.156681 0.511830
v 0.234253 -0.156705 0.512200
v 0.234211 -0.156681 0.511830
v 0.234253 -0.156705 0.512200
v 0.248817 -0.125642 0.508504
v 0.248817 -0.125642 0.511830
v 0.248817 -0.125642 0.508504
v 0.248817 -0.125642 0.511830
v 0.261115 -0.084117 0.511830
v 0.259465 -0.093028 0.512200
v 0.259418 -0.093016 0.511830
v 0.259418 -0.093016 0.511830
v 0.261115 -0.084117 0.511830
v 0.259465 -0.093028 0.512200
v 0.261303 -0.084153 0.512544
v 0.261303 -0.084153 0.512544
v 0.266261 -0.059371 0.512838
v 0.266261 -0.059371 0.512838
v 0.268714 -0.025082 0.513065
v 0.268714 -0.025082 0.513065
v 0.266896 0.009287 0.513207
v 0.266896 0.009287 0.513207
v 0.260801 0.043207 0.513256
v 0.260801 0.043207 0.513256
v 0.141968 -0.256931 0.513256
v 0.141968 -0.256931 0.513256
v 0.169631 -0.236377 0.513207
v 0.169631 -0.236377 0.513207
v 0.194483 -0.212567 0.513065
v 0.194483 -0.212567 0.513065
v 0.216168 -0.185892 0.512838
v 0.216168 -0.185892 0.512838
v 0.234378 -0.156773 0.512544
v 0.234378 -0.156773 0.512544
v 0.248817 -0.125642 0.511830
v 0.248862 -0.125660 0.512200
v 0.248817 -0.125642 0.511830
v 0.248862 -0.125660 0.512200
v 0.259603 -0.093064 0.512544
v 0.259603 -0.093064 0.512544
v 0.261525 -0.084196 0.512838
v 0.261525 -0.084196 0.512838
v 0.266554 -0.059408 0.513065
v 0.266554 -0.059408 0.513065
v 0.269058 -0.025082 0.513207
v 0.269058 -0.025082 0.513207
v 0.267263 0.009334 0.513256
v 0.267263 0.009334 0.513256
v 0.169866 -0.236661 0.513256
v 0.169866 -0.236661 0.513256
v 0.194735 -0.212802 0.513207
v 0.194735 -0.212802 0.513207
v 0.216407 -0.186065 0.513065
v 0.216407 -0.186065 0.513065
v 0.234577 -0.156883 0.512838
v 0.234577 -0.156883 0.512838
v 0.248995 -0.125712 0.512544
v 0.248995 -0.125712 0.512544
v 0.259823 -0.093120 0.512838
v 0.259823 -0.093120 0.512838
v 0.261815 -0.084251 0.513065
v 0.261815 -0.084251 0.513065
v 0.266896 -0.059452 0.513207
v 0.266896 -0.059452 0.513207
v 0.269428 -0.025082 0.513256
v 0.269428 -0.025082 0.513256
v 0.195004 -0.213056 0.513256
v 0.195004 -0.213056 0.513256
v 0.216686 -0.186268 0.513207
v 0.216686 -0.186268 0.513207
v 0.234837 -0.157025 0.513065
v 0.234837 -0.157025 0.513065
v 0.249206 -0.125796 0.512838
v 0.249206 -0.125796 0.512838
v 0.260109 -0.093194 0.513065
v 0.260109 -0.093194 0.513065
v 0.262153 -0.084315 0.513207
v 0.262153 -0.084315 0.513207
v 0.267263 -0.059498 0.513256
v 0.267263 -0.059498 0.513256
v 0.216985 -0.186485 0.513256
v 0.216985 -0.186485 0.513256
v 0.235138 -0.157191 0.513207
v 0.235138 -0.157191 0.513207
v 0.249481 -0.125904 0.513065
v 0.249481 -0.125904 0.513065
v 0.260443 -0.093279 0.513207
v 0.260443 -0.093279 0.513207
v 0.262515 -0.084384 0.513256
v 0.262515 -0.084384 0.513256
v 0.235462 -0.157369 0.513256
v 0.235462 -0.157369 0.513256
v 0.249801 -0.126031 0.513207
v 0.249801 -0.126031 0.513207
v 0.262515 -0.084384 0.513256
v 0.260801 -0.093371 0.513256
v 0.262515 -0.084384 0.513256
v 0.260801 -0.093371 0.513256
v 0.250145 -0.126167 0.513256
v 0.250145 -0.126167 0.513256
vt 20.63794 12.65338
vt 20.60294 13.21026
vt 20.60294 12.65338
vt 20.63794 13.21026
vt 20.63794 13.40523
vt 20.60294 13.96211
vt 20.60294 13.40523
vt 20.63794 13.96211
vt 20.95763 11.29355
vt 20.96902 11.85024
vt 20.95372 11.29376
vt 20.97293 11.84993
vt 20.63794 11.69759
vt 20.60294 12.25447
vt 20.60294 11.69759
vt 20.63794 12.25447
vt 20.63794 13.94128
vt 20.60294 14.49816
vt 20.60294 13.94128
vt 20.63794 14.49816
vt 20.98111 11.44243
vt 20.99934 11.99868
vt 20.9772 11.44275
vt 21.00324 11.99826
vt 20.48501 8.821274
vt 20.52568 9.374883
vt 20.48111 8.821875
vt 20.52955 9.373993
vt 20.94351 10.89673
vt 20.94858 11.45363
vt 20.9396 10.89683
vt 20.9525 11.45343
vt 20.63794 10.55293
vt 20.60294 11.1098
vt 20.60294 10.55293
vt 20.63794 11.1098
vt 20.63794 14.25308
vt 20.60294 14.80996
vt 20.60294 14.25308
vt 20.63794 14.80996
vt 21.015 11.30353
vt 21.0409 11.85905
vt 21.01109 11.30398
vt 21.0448 11.8585
vt 20.44346 7.941452
vt 20.50361 8.490824
vt 20.43959 7.942379
vt 20.50745 8.489611
vt 18.54312 7.239965
vt 18.6094 7.788039
vt 18.53925 7.24091
vt 18.61322 7.78664
vt 20.51058 9.41878
vt 20.53297 9.974863
vt 20.50667 9.419075
vt 20.53686 9.974278
vt 20.93808 10.28802
vt 20.93713 10.84498
vt 20.93416 10.28802
vt 20.94104 10.84488
vt 20.63794 9.237449
vt 20.60294 9.794325
vt 20.60294 9.237449
vt 20.63794 9.794325
vt 20.63794 14.89258
vt 20.60294 14.33571
vt 20.63794 14.33571
vt 20.60294 14.89258
vt 21.06057 10.8276
vt 21.09543 11.38195
vt 21.05667 10.82819
vt 21.09932 11.38125
vt 20.37449 6.712949
vt 20.45591 7.25576
vt 20.37066 6.714234
vt 20.45969 7.254193
vt 18.36959 5.826171
vt 18.46534 6.363777
vt 18.36578 5.827612
vt 18.46906 6.361891
vt 15.46171 7.49381
vt 15.36763 6.954952
vt 15.37147 6.953736
vt 15.45797 7.49561
vt 18.6536 8.434185
vt 18.69139 8.988658
vt 18.64969 8.434652
vt 18.69527 8.987732
vt 20.52632 9.793527
vt 20.5311 10.35063
vt 20.52241 9.793527
vt 20.53501 10.35034
vt 20.94104 9.503058
vt 20.93416 10.05992
vt 20.93713 9.502959
vt 20.93808 10.05992
vt 20.63794 7.918957
vt 20.60294 8.328776
vt 20.60294 7.918957
vt 20.63794 8.328776
vt 20.63794 14.18786
vt 20.60294 14.74473
vt 20.60294 14.18786
vt 20.63794 14.74473
vt 21.11881 9.944988
vt 21.16463 10.49744
vt 21.11493 9.94577
vt 21.16851 10.49656
vt 20.25733 5.056605
vt 20.3626 5.589568
vt 20.25357 5.05829
vt 20.3663 5.587606
vt 18.11302 4.149944
vt 18.23959 4.67216
vt 18.10931 4.151906
vt 18.24319 4.669767
vt 15.24942 6.121168
vt 15.11924 5.600493
vt 15.12298 5.598662
vt 15.24582 6.123563
vt 11.3712 8.527357
vt 11.26333 7.993999
vt 11.26715 7.992599
vt 11.36752 8.52943
vt 15.5903 8.754501
vt 15.5323 8.203656
vt 15.5362 8.203051
vt 15.58646 8.755703
vt 18.71293 9.454798
vt 18.72284 10.01212
vt 18.70901 9.454798
vt 18.72675 10.01166
vt 20.53501 10.00281
vt 20.52241 10.55962
vt 20.5311 10.00252
vt 20.52632 10.55962
vt 20.95012 8.726155
vt 20.9396 9.135745
vt 20.94621 8.726005
vt 20.94351 9.135846
vt 20.63794 7.771899
vt 20.60294 7.771899
vt 20.63794 14.36874
vt 20.60294 13.81187
vt 20.63794 13.81187
vt 20.60294 14.36874
vt 21.18842 8.542533
vt 21.2484 9.091752
vt 21.18456 8.543552
vt 21.25225 9.090635
vt 20.05407 2.872697
vt 20.18673 3.390903
vt 20.05041 2.874842
vt 20.19032 3.388488
vt 17.74258 2.173585
vt 17.90163 2.674222
vt 17.73902 2.176095
vt 17.90506 2.671298
vt 14.94074 4.627731
vt 14.77458 4.132025
vt 14.77816 4.129578
vt 14.93733 4.630717
vt 11.21945 7.700539
vt 11.07147 7.190588
vt 11.07516 7.188501
vt 11.21595 7.703269
vt 6.633217 10.58341
vt 6.518304 10.0528
vt 6.522106 10.0513
vt 6.629565 10.58562
vt 11.46368 9.327239
vt 11.39697 8.778083
vt 11.40086 8.77738
vt 11.45986 9.328633
vt 15.64353 9.919474
vt 15.62159 9.362438
vt 15.62551 9.362438
vt 15.63963 9.920076
vt 18.72675 10.35051
vt 18.70901 10.90737
vt 18.72284 10.35005
vt 18.71293 10.90737
vt 20.52992 10.25209
vt 20.50667 10.66058
vt 20.52602 10.25166
vt 20.51058 10.66087
vt 20.9525 8.579142
vt 20.94858 8.578942
vt 20.60294 6.17939
vt 20.63794 6.736267
vt 20.60294 6.736267
vt 20.63794 6.17939
vt 20.63794 13.77054
vt 20.60294 13.21367
vt 20.63794 13.21367
vt 20.60294 13.77054
vt 21.25812 6.409387
vt 21.33771 6.952645
vt 21.2543 6.410734
vt 21.34151 6.951202
vt 19.69385 0.0328153
vt 19.85868 0.5285555
vt 19.69034 0.03550184
vt 19.86211 0.5256115
vt 17.40922 0.3375965
vt 17.20936 -0.1269186
vt 17.21273 -0.1300105
vt 17.40602 0.3410767
vt 14.51868 3.014976
vt 14.31693 2.551765
vt 14.32031 2.548703
vt 14.51551 3.018543
vt 11.00584 6.852307
vt 10.8193 6.373409
vt 10.82279 6.370657
vt 11.00258 6.855666
vt 6.666859 10.60966
vt 6.51 10.10526
vt 6.513652 10.10305
vt 6.663413 10.61256
vt 6.602701 10.54633
vt 6.531467 9.997787
vt 6.53536 9.997035
vt 6.598898 10.54782
vt 11.49885 10.09817
vt 11.47393 9.540779
vt 11.47785 9.540779
vt 11.49496 10.09887
vt 15.64353 10.45311
vt 15.62159 11.01015
vt 15.63963 10.45251
vt 15.62551 11.01015
vt 18.68426 11.31948
vt 18.64969 11.72629
vt 18.68037 11.31879
vt 18.6536 11.72676
vt 20.53686 10.10538
vt 20.53297 10.10479
vt 20.96902 7.556842
vt 20.95763 8.113524
vt 20.95372 8.113317
vt 20.97293 7.557147
vt 20.63794 4.485038
vt 20.60294 5.041915
vt 20.60294 4.485038
vt 20.63794 5.041915
vt 20.63794 12.40268
vt 20.60294 12.95956
vt 20.60294 12.40268
vt 20.63794 12.95956
vt 21.27404 3.093465
vt 21.38335 3.624281
vt 21.27031 3.095309
vt 21.38706 3.622343
vt 19.04192 -3.62012
vt 19.24502 -3.159421
vt 19.03865 -3.616788
vt 19.24818 -3.162992
vt 16.45902 -2.765648
vt 16.68811 -2.334445
vt 16.45592 -2.761945
vt 16.69101 -2.338502
vt 13.96259 1.298469
vt 13.72616 0.8760978
vt 13.72928 0.8724296
vt 13.95973 1.302598
vt 10.72755 5.992393
vt 10.50453 5.552179
vt 10.50778 5.54879
vt 10.72458 5.99634
vt 6.702895 10.62424
vt 6.506471 10.15397
vt 6.509915 10.15107
vt 6.69971 10.62777
vt 6.575923 10.49968
vt 6.54944 9.941733
vt 6.553363 9.941733
vt 6.57203 10.50044
vt 11.49885 10.28343
vt 11.47393 10.84082
vt 11.49496 10.28273
vt 11.47785 10.84082
vt 15.57599 11.64573
vt 15.5323 12.05075
vt 15.57212 11.64483
vt 15.5362 12.05136
vt 18.69527 11.17321
vt 18.69139 11.17229
vt 20.52568 10.16408
vt 20.48501 10.71769
vt 20.48111 10.71709
vt 20.52955 10.16497
vt 21.00324 6.483651
vt 20.9772 7.03916
vt 20.99934 6.483231
vt 20.98111 7.03948
vt 20.63794 2.715563
vt 20.60294 3.272439
vt 20.60294 2.715563
vt 20.63794 3.272439
vt 20.63794 11.94859
vt 20.60294 11.39171
vt 20.63794 11.39171
vt 20.60294 11.94859
vt 20.97012 -2.532753
vt 21.13022 -2.033558
vt 20.96661 -2.53006
vt 21.1337 -2.03634
vt 17.84431 -8.230795
vt 18.09247 -7.826009
vt 17.84143 -8.226701
vt 18.09522 -7.830312
vt 15.39639 -5.69403
vt 15.66196 -5.315899
vt 15.39365 -5.689702
vt 15.66447 -5.320537
vt 13.24984 -0.4877222
vt 12.98043 -0.8601456
vt 12.98322 -0.864397
vt 13.24734 -0.4830635
vt 10.38203 5.135211
vt 10.12526 4.741192
vt 10.12821 4.737206
vt 10.37939 5.139698
vt 6.740495 10.62673
vt 6.507507 10.19803
vt 6.51069 10.19449
vt 6.737622 10.63085
vt 6.575923 9.887115
vt 6.54944 10.44507
vt 6.57203 9.886363
vt 6.553363 10.44507
vt 11.44705 11.1533
vt 11.39697 11.55692
vt 11.4432 11.15226
vt 11.40086 11.55762
vt 15.5903 11.49991
vt 15.58646 11.4987
vt 18.6094 11.97727
vt 18.54312 12.52535
vt 18.53925 12.5244
vt 18.61322 11.97867
vt 20.50745 10.25425
vt 20.43959 10.80148
vt 20.50361 10.25304
vt 20.44346 10.80241
vt 21.0448 5.414174
vt 21.01109 5.9687
vt 21.0409 5.413626
vt 21.015 5.96915
vt 20.63794 0.8988702
vt 20.60294 1.455747
vt 20.60294 0.8988702
vt 20.63794 1.455747
vt -6.970559 31.83843
vt -6.609587 31.78443
vt -6.609587 31.83843
vt -6.970559 31.78443
vt 18.73373 -13.48079
vt 18.99041 -13.08913
vt 18.73098 -13.47648
vt 18.99311 -13.0935
vt 15.66297 -13.75378
vt 15.96067 -13.43837
vt 15.66071 -13.74885
vt 15.96278 -13.44346
vt 13.92628 -8.797875
vt 14.22709 -8.488855
vt 13.92402 -8.792937
vt 14.2291 -8.494045
vt 12.35914 -2.286877
vt 12.05959 -2.599748
vt 12.06198 -2.604541
vt 12.35707 -2.28174
vt 9.96769 4.29999
vt 9.680605 3.959385
vt 9.683204 3.954853
vt 9.965448 4.304956
vt 6.778757 10.61722
vt 6.512796 10.23691
vt 6.515666 10.23279
vt 6.776242 10.62186
vt 6.584856 9.98061
vt 6.531467 10.3836
vt 6.581008 9.979487
vt 6.53536 10.38435
vt 11.46368 11.00776
vt 11.45986 11.00637
vt 15.46171 12.52968
vt 15.36763 13.06854
vt 15.45797 12.52788
vt 15.37147 13.06976
vt 18.46906 12.82722
vt 18.36578 13.3615
vt 18.46534 12.82534
vt 18.36959 13.36294
vt 20.45969 10.45989
vt 20.37066 10.99985
vt 20.45591 10.45832
vt 20.37449 11.00113
vt 21.09932 4.418888
vt 21.05667 4.971947
vt 21.09543 4.41819
vt 21.06057 4.972546
vt 20.60294 -0.3795125
vt 20.63794 -0.9363891
vt 20.63794 -0.3795125
vt 20.60294 -0.9363891
vt -20.63794 -8.836486
vt -20.60294 -9.393362
vt -20.60294 -8.836486
vt -20.63794 -9.393362
vt 6.609587 -29.6043
vt 6.970592 -29.59826
vt 6.609555 -29.59826
vt 6.970559 -29.6043
vt 11.94922 -19.50203
vt 12.29092 -19.32165
vt 11.94791 -19.49634
vt 12.29206 -19.32743
vt 11.96353 -11.8449
vt 12.29498 -11.62268
vt 11.96187 -11.83942
vt 12.29636 -11.62834
vt 11.276 -4.01765
vt 10.9506 -4.261427
vt 10.95252 -4.266698
vt 11.27443 -4.01211
vt 9.484712 3.510397
vt 9.171497 3.229898
vt 9.173695 3.224886
vt 9.482906 3.515768
vt 6.81674 10.59623
vt 6.521938 10.27044
vt 6.524449 10.26579
vt 6.814622 10.60132
vt 6.602701 9.835052
vt 6.598898 9.833559
vt 11.3712 11.71707
vt 11.26333 12.25043
vt 11.36752 11.715
vt 11.26715 12.25183
vt 15.24942 13.56956
vt 15.11924 14.09023
vt 15.24582 13.56716
vt 15.12298 14.09206
vt 18.24319 13.78389
vt 18.10931 14.30175
vt 18.23959 13.7815
vt 18.11302 14.30371
vt 20.3663 10.88963
vt 20.25357 11.41895
vt 20.3626 10.88767
vt 20.25733 11.42064
vt 21.16463 3.592922
vt 21.11881 4.145376
vt 21.11493 4.144594
vt 21.16851 3.593803
vt 20.60294 -2.761272
vt 20.63794 -2.204396
vt 20.60294 -2.204396
vt 20.63794 -2.761272
vt -20.63794 -7.8894
vt -20.60294 -7.332524
vt -20.63794 -7.332524
vt -20.60294 -7.8894
vt -8.897958 -27.68971
vt -9.15464 -27.29805
vt -9.15734 -27.30242
vt -8.895212 -27.6854
vt 6.609555 -23.76455
vt 6.970686 -23.75851
vt 6.609461 -23.75851
vt 6.970592 -23.76455
vt 9.48934 -14.48119
vt 9.842381 -14.362
vt 9.488398 -14.47532
vt 9.84303 -14.36796
vt 9.999757 -5.577167
vt 9.654405 -5.743243
vt 9.655797 -5.748897
vt 9.998738 -5.571326
vt 8.935822 2.79352
vt 8.601415 2.579006
vt 8.603167 2.573592
vt 8.934489 2.799211
vt 6.853496 10.56474
vt 6.534472 10.29875
vt 6.536585 10.29365
vt 6.851811 10.57021
vt 6.633217 9.787482
vt 6.518304 10.3181
vt 6.629565 9.785271
vt 6.522106 10.31959
vt 11.21945 12.41449
vt 11.07147 12.92444
vt 11.21595 12.41176
vt 11.07516 12.92653
vt 14.94074 14.64464
vt 14.77458 15.14034
vt 14.93733 14.64165
vt 14.77816 15.14279
vt 17.90506 14.91715
vt 17.73902 15.41235
vt 17.90163 14.91422
vt 17.74258 15.41486
vt 20.18673 11.67965
vt 20.05407 12.19786
vt 20.05041 12.19571
vt 20.19032 11.68207
vt 21.2484 3.083561
vt 21.18842 3.632779
vt 21.18456 3.63176
vt 21.25225 3.084678
vt 20.60294 -4.546999
vt 20.63794 -3.990123
vt 20.60294 -3.990123
vt 20.63794 -4.546999
vt -20.63794 -6.265409
vt -20.60294 -5.708532
vt -20.63794 -5.708532
vt -20.60294 -6.265409
vt -14.61639 -20.31343
vt -14.7765 -19.81423
vt -14.77997 -19.81702
vt -14.61289 -20.31074
vt 1.048928 -25.06345
vt 0.7072269 -24.88307
vt 0.7060889 -24.88885
vt 1.050245 -25.05776
vt 6.609461 -16.3055
vt 6.970836 -16.29946
vt 6.609311 -16.29946
vt 6.970686 -16.3055
vt 8.550258 -6.851786
vt 8.192423 -6.933573
vt 8.193231 -6.939491
vt 8.549836 -6.845773
vt 8.326976 2.178157
vt 7.977008 2.034383
vt 7.978275 2.028657
vt 8.326147 2.184072
vt 6.888112 10.52414
vt 6.549904 10.32228
vt 6.551583 10.31681
vt 6.886887 10.52989
vt 6.666859 9.746313
vt 6.51 10.25071
vt 6.663413 9.743417
vt 6.513652 10.25293
vt 11.00584 13.10196
vt 10.8193 13.58086
vt 11.00258 13.09861
vt 10.82279 13.58361
vt 14.51868 15.775
vt 14.31693 16.23821
vt 14.51551 15.77144
vt 14.32031 16.24128
vt 17.40922 16.29458
vt 17.20936 16.75909
vt 17.40602 16.2911
vt 17.21273 16.76218
vt 19.85868 13.01558
vt 19.69385 13.51132
vt 19.69034 13.50863
vt 19.86211 13.01852
vt 21.33771 3.142136
vt 21.25812 3.685395
vt 21.2543 3.684048
vt 21.34151 3.14358
vt 20.60294 -5.708532
vt 20.63794 -6.265409
vt 20.63794 -5.708532
vt 20.60294 -6.265409
vt -20.63794 -4.546999
vt -20.60294 -3.990123
vt -20.63794 -3.990123
vt -20.60294 -4.546999
vt -16.70101 -15.09105
vt -16.81032 -14.56023
vt -16.81403 -14.56217
vt -16.69728 -15.0892
vt -4.020094 -23.40388
vt -4.317799 -23.08846
vt -4.319903 -23.09356
vt -4.017834 -23.39894
vt 3.913199 -17.13938
vt 3.560158 -17.02019
vt 3.559509 -17.02615
vt 3.914142 -17.13351
vt 6.971031 -7.729415
vt 6.609311 -7.735456
vt 6.970836 -7.735456
vt 6.609115 -7.729415
vt 7.667711 1.692507
vt 7.308376 1.622804
vt 7.309132 1.616866
vt 7.667406 1.69854
vt 6.919745 10.4761
vt 6.567729 10.3417
vt 6.568947 10.33595
vt 6.919 10.48204
vt 6.702895 9.713323
vt 6.506471 10.18359
vt 6.69971 9.709787
vt 6.509915 10.18649
vt 10.72755 13.77923
vt 10.50453 14.21945
vt 10.72458 13.77529
vt 10.50778 14.22284
vt 13.96259 16.9716
vt 13.72616 17.39398
vt 13.95973 16.96748
vt 13.72928 17.39764
vt 16.68811 17.96842
vt 16.45902 18.39962
vt 16.45592 18.39592
vt 16.69101 17.97247
vt 19.24502 15.12646
vt 19.04192 15.58715
vt 19.03865 15.58382
vt 19.24818 15.13003
vt 21.38335 4.278176
vt 21.27404 4.808992
vt 21.27031 4.807148
vt 21.38706 4.280115
vt 20.60294 -7.8894
vt 20.63794 -7.332524
vt 20.60294 -7.332524
vt 20.63794 -7.8894
vt -20.63794 -2.761272
vt -20.60294 -2.204396
vt -20.63794 -2.204396
vt -20.60294 -2.761272
vt -17.67824 -11.1486
vt -17.75782 -10.60534
vt -17.76162 -10.60679
vt -17.67442 -11.14725
vt -7.693588 -20.18571
vt -7.94175 -19.78093
vt -7.9445 -19.78523
vt -7.690707 -20.18162
vt 0.9550701 -16.80833
vt 0.6236212 -16.58611
vt 0.6222376 -16.59177
vt 0.95673 -16.80286
vt 5.325355 -8.144858
vt 4.967519 -8.063071
vt 5.324546 -8.150776
vt 4.967942 -8.057058
vt 6.971259 1.36758
vt 6.609115 1.361539
vt 6.971031 1.361539
vt 6.608888 1.36758
vt 6.94766 10.42255
vt 6.587458 10.35783
vt 6.588196 10.35189
vt 6.947408 10.42859
vt 6.740495 9.690064
vt 6.507507 10.11877
vt 6.737622 9.685941
vt 6.51069 10.12231
vt 10.38203 14.44292
vt 10.12526 14.83694
vt 10.37939 14.43843
vt 10.12821 14.84093
vt 13.24984 18.23122
vt 12.98043 18.60365
vt 13.24734 18.22656
vt 12.98322 18.6079
vt 15.66196 19.97034
vt 15.39639 20.34848
vt 15.39365 20.34415
vt 15.66447 19.97498
vt 18.09247 18.26385
vt 17.84431 18.66864
vt 17.84143 18.66454
vt 18.09522 18.26816
vt 21.13022 7.721266
vt 20.97012 8.220461
vt 20.96661 8.217768
vt 21.1337 7.724048
vt 20.60294 -9.393362
vt 20.63794 -8.836486
vt 20.60294 -8.836486
vt 20.63794 -9.393362
vt -20.63794 -0.3795125
vt -20.60294 -0.9363891
vt -20.60294 -0.3795125
vt -20.63794 -0.9363891
vt -18.22027 -7.85531
vt -18.28025 -7.306091
vt -18.2841 -7.307208
vt -18.21641 -7.854291
vt -10.18829 -16.48124
vt -10.3914 -16.02054
vt -10.39456 -16.02411
vt -10.18502 -16.47791
vt -1.682271 -15.48237
vt -1.983075 -15.17335
vt -1.985085 -15.17854
vt -1.68001 -15.47743
vt 3.685037 -8.058747
vt 3.339685 -7.892671
vt 3.683645 -8.064402
vt 3.340705 -7.886831
vt 6.253507 1.210424
vt 5.894172 1.280128
vt 6.252751 1.204486
vt 5.894477 1.28616
vt 6.971503 10.37158
vt 6.608888 10.36554
vt 6.971259 10.36554
vt 6.608644 10.37158
vt 6.778757 9.677767
vt 6.512796 10.05807
vt 6.776242 9.673122
vt 6.515666 10.0622
vt 9.96769 15.08581
vt 9.680605 15.42642
vt 9.965448 15.08084
vt 9.683204 15.43095
vt 12.35914 19.5311
vt 12.05959 19.84397
vt 12.35707 19.52597
vt 12.06198 19.84877
vt 14.22709 22.25434
vt 13.92628 22.56336
vt 13.92402 22.55842
vt 14.2291 22.25953
vt 15.96067 22.5385
vt 15.66297 22.85391
vt 15.66071 22.84898
vt 15.96278 22.54359
vt 18.99041 16.76328
vt 18.73373 17.15494
vt 18.73098 17.15064
vt 18.99311 16.76766
vt 6.609587 31.78443
vt 6.970559 31.83843
vt 6.609587 31.83843
vt 6.970559 31.78443
vt -20.63794 1.455747
vt -20.60294 0.8988702
vt -20.60294 1.455747
vt -20.63794 0.8988702
vt -18.55407 -4.923968
vt -18.59989 -4.371513
vt -18.60377 -4.372394
vt -18.55019 -4.923185
vt -11.87116 -12.76716
vt -12.03599 -12.27142
vt -12.03941 -12.27436
vt -11.86765 -12.76447
vt -3.895118 -13.43862
vt -4.160691 -13.06049
vt -4.163205 -13.06513
vt -3.892382 -13.43429
vt 2.118174 -7.484877
vt 1.792771 -7.2411
vt 2.116251 -7.490148
vt 1.794345 -7.235561
vt 5.531657 1.238669
vt 5.181688 1.382444
vt 5.530389 1.232943
vt 5.182517 1.388358
vt 6.99084 10.31308
vt 6.630638 10.37779
vt 6.990103 10.30713
vt 6.630891 10.38383
vt 6.81674 9.677266
vt 6.521938 10.00306
vt 6.814622 9.672171
vt 6.524449 10.00771
vt 9.484712 15.69653
vt 9.171497 15.97703
vt 9.482906 15.69116
vt 9.173695 15.98205
vt 11.276 20.82503
vt 10.9506 21.06881
vt 11.27443 20.81949
vt 10.95252 21.07408
vt 12.29498 24.66935
vt 11.96353 24.89157
vt 11.96187 24.8861
vt 12.29636 24.67501
vt 12.29092 27.47293
vt 11.94922 27.65331
vt 11.94791 27.64762
vt 12.29206 27.47872
vt 6.970592 32.25936
vt 6.609587 32.2654
vt 6.609555 32.25936
vt 6.970559 32.2654
vt -20.60294 11.94859
vt -20.63794 11.39171
vt -20.60294 11.39171
vt -20.63794 11.94859
vt -20.63794 3.272439
vt -20.60294 2.715563
vt -20.60294 3.272439
vt -20.63794 2.715563
vt -18.81212 -1.669574
vt -18.76947 -2.222633
vt -18.80823 -1.668876
vt -18.77336 -2.223232
vt -13.0237 -9.198964
vt -13.15636 -8.680758
vt -13.15995 -8.683173
vt -13.02004 -9.196819
vt -5.678346 -10.94264
vt -5.907435 -10.51144
vt -5.91034 -10.5155
vt -5.675248 -10.93894
vt 0.6781064 -6.474867
vt 0.3785619 -6.161996
vt 0.6757154 -6.47966
vt 0.3806315 -6.156859
vt 4.823558 1.455343
vt 4.48915 1.669857
vt 4.821806 1.449929
vt 4.490483 1.675548
vt 7.005145 10.25503
vt 6.653128 10.38943
vt 7.003927 10.24927
vt 6.653874 10.39537
vt 6.853496 9.688935
vt 6.534472 9.954931
vt 6.851811 9.68347
vt 6.536585 9.960032
vt 8.935822 16.25977
vt 8.601415 16.47429
vt 8.934489 16.25408
vt 8.603167 16.4797
vt 9.999757 22.04351
vt 9.654405 22.20958
vt 9.998738 22.03767
vt 9.655797 22.21524
vt 9.842381 26.93758
vt 9.48934 27.05677
vt 9.488398 27.0509
vt 9.84303 26.94354
vt 6.970686 31.56047
vt 6.609555 31.56651
vt 6.609461 31.56047
vt 6.970592 31.56651
vt -9.15464 30.9722
vt -8.897958 31.36387
vt -9.15734 30.97658
vt -8.895212 31.35956
vt -20.60294 12.95956
vt -20.63794 12.40268
vt -20.60294 12.40268
vt -20.63794 12.95956
vt -20.60294 5.041915
vt -20.63794 4.485038
vt -20.60294 4.485038
vt -20.63794 5.041915
vt -18.95258 0.8617001
vt -18.91888 0.3071735
vt -18.94868 0.8622482
vt -18.92278 0.3067242
vt -13.93612 -5.279355
vt -13.82339 -5.808671
vt -13.93241 -5.277393
vt -13.82715 -5.810356
vt -7.075704 -8.192764
vt -7.275565 -7.728248
vt -7.079071 -8.195856
vt -7.272361 -7.724768
vt -0.6011503 -5.102283
vt -0.8705555 -4.729859
vt -0.6039391 -5.106534
vt -0.868055 -4.7252
vt 4.146086 1.855046
vt 3.832871 2.135546
vt 4.143888 1.850034
vt 3.834678 2.140917
vt 7.014322 10.1992
vt 6.676114 10.40106
vt 7.012643 10.19373
vt 6.677339 10.40681
vt 6.888112 9.712654
vt 6.549904 9.914511
vt 6.886887 9.706904
vt 6.551583 9.919981
vt 8.326976 16.75709
vt 7.977008 16.90087
vt 8.326147 16.75118
vt 7.978275 16.90659
vt 8.550258 23.10089
vt 8.192423 23.18268
vt 8.549836 23.09488
vt 8.193231 23.1886
vt 6.970836 28.71057
vt 6.609461 28.71661
vt 6.609311 28.71057
vt 6.970686 28.71661
vt 0.7072269 33.03436
vt 1.048928 33.21474
vt 0.7060889 33.04014
vt 1.050245 33.20905
vt -14.7765 25.50194
vt -14.61639 26.00114
vt -14.77997 25.50472
vt -14.61289 25.99844
vt -20.60294 13.77054
vt -20.63794 13.21367
vt -20.60294 13.21367
vt -20.63794 13.77054
vt -20.63794 6.736267
vt -20.60294 6.17939
vt -20.60294 6.736267
vt -20.63794 6.17939
vt -19.04401 3.246951
vt -19.02579 2.690702
vt -19.02188 2.691023
vt -19.04792 3.246531
vt -14.47848 -2.056907
vt -14.38945 -2.596866
vt -14.4747 -2.05534
vt -14.39328 -2.59815
vt -8.322363 -4.835725
vt -8.156322 -5.330928
vt -8.318933 -4.832802
vt -8.159887 -5.333439
vt -1.703671 -3.447243
vt -1.940101 -3.024872
vt -1.706789 -3.450911
vt -1.937236 -3.020743
vt 3.514101 2.425032
vt 3.227016 2.765637
vt 3.511501 2.4205
vt 3.229257 2.770603
vt 7.018443 10.14707
vt 6.699419 10.41306
vt 7.01633 10.14197
vt 6.701104 10.41853
vt 6.919745 9.747799
vt 6.567729 9.882196
vt 6.919 9.741856
vt 6.568947 9.88795
vt 7.667711 17.16844
vt 7.308376 17.23814
vt 7.667406 17.1624
vt 7.309132 17.24408
vt 6.971031 23.90389
vt 6.609311 23.90993
vt 6.609115 23.90389
vt 6.970836 23.90993
vt 3.560158 29.59577
vt 3.913199 29.71496
vt 3.559509 29.60173
vt 3.914142 29.7091
vt -4.317799 32.18859
vt -4.020094 32.50401
vt -4.319903 32.19369
vt -4.017834 32.49907
vt -16.81032 22.46269
vt -16.70101 22.99351
vt -16.81403 22.46463
vt -16.69728 22.99166
vt -20.60294 13.81187
vt -20.63794 14.36874
vt -20.63794 13.81187
vt -20.60294 14.36874
vt -20.63794 8.328776
vt -20.60294 7.771899
vt -20.60294 8.328776
vt -20.63794 7.771899
vt -19.11082 5.491953
vt -19.09161 4.935783
vt -19.1069 5.492259
vt -19.09552 4.935577
vt -14.85101 0.9974894
vt -14.79086 0.4481167
vt -14.78699 0.4490442
vt -14.85484 0.9962757
vt -9.109788 -1.921058
vt -8.975905 -2.43892
vt -9.106189 -1.918665
vt -8.979612 -2.440881
vt -2.627092 -1.585657
vt -2.82884 -1.122446
vt -2.630473 -1.58872
vt -2.825674 -1.118879
vt 2.939828 3.146879
vt 2.683058 3.540897
vt 2.936877 3.142892
vt 2.68569 3.545384
vt 7.01773 10.09975
vt 6.722928 10.42554
vt 7.015219 10.0951
vt 6.725046 10.43064
vt 6.94766 9.793266
vt 6.587458 9.857982
vt 6.947408 9.787226
vt 6.588196 9.863927
vt 6.971259 17.468
vt 6.609115 17.47404
vt 6.608888 17.468
vt 6.971031 17.47404
vt 5.325355 24.39396
vt 4.967519 24.31218
vt 4.967942 24.30616
vt 5.324546 24.39988
vt 0.6236212 29.63278
vt 0.9550701 29.855
vt 0.6222376 29.63844
vt 0.95673 29.84953
vt -7.94175 30.21877
vt -7.693588 30.62356
vt -7.9445 30.22307
vt -7.690707 30.61946
vt -17.75782 20.70012
vt -17.67824 21.24338
vt -17.76162 20.70157
vt -17.67442 21.24203
vt -20.60294 14.74473
vt -20.63794 14.18786
vt -20.60294 14.18786
vt -20.63794 14.74473
vt -20.63794 9.794325
vt -20.60294 9.237449
vt -20.60294 9.794325
vt -20.63794 9.237449
vt -19.14853 7.595817
vt -19.13563 7.039214
vt -19.14461 7.596017
vt -19.13954 7.039113
vt -15.10697 3.890324
vt -15.05853 3.338206
vt -15.1031 3.891214
vt -15.06242 3.337605
vt -9.681987 0.9664103
vt -9.586234 0.4288048
vt -9.582428 0.430246
vt -9.68571 0.9645242
vt -3.377337 0.4162613
vt -3.543499 0.9119676
vt -3.380923 0.413814
vt -3.540089 0.9149535
vt 2.432693 3.998366
vt 2.209672 4.438579
vt 2.429444 3.994977
vt 2.212645 4.442527
vt 7.012535 10.05799
vt 6.746574 10.43829
vt 7.009665 10.05386
vt 6.749089 10.44294
vt 6.971503 9.841482
vt 6.608888 9.847523
vt 6.608644 9.841482
vt 6.971259 9.847523
vt 6.253507 17.65052
vt 5.894172 17.58082
vt 5.894477 17.57478
vt 6.252751 17.65646
vt 3.685037 24.52509
vt 3.339685 24.35901
vt 3.340705 24.35317
vt 3.683645 24.53074
vt -1.983075 28.93883
vt -1.682271 29.24785
vt -1.985085 28.94402
vt -1.68001 29.24291
vt -10.3914 27.98757
vt -10.18829 28.44827
vt -10.39456 27.99114
vt -10.18502 28.44494
vt -18.28025 19.4814
vt -18.22027 20.03062
vt -18.2841 19.48252
vt -18.21641 20.0296
vt -20.60294 14.89258
vt -20.63794 14.33571
vt -20.60294 14.33571
vt -20.63794 14.89258
vt -20.63794 11.1098
vt -20.60294 10.55293
vt -20.60294 11.1098
vt -20.63794 10.55293
vt -19.16503 9.551858
vt -19.15815 8.995
vt -19.16112 9.551957
vt -19.16207 8.995
vt -15.2603 6.632385
vt -15.2301 6.077182
vt -15.2564 6.63297
vt -15.23401 6.076887
vt -10.08592 3.789295
vt -10.01195 3.243565
vt -10.0821 3.790694
vt -10.01582 3.242619
vt -3.964154 2.503529
vt -4.094333 3.024205
vt -3.967891 2.501699
vt -4.090733 3.0266
vt 1.999508 4.955226
vt 1.812962 5.434124
vt 1.996015 4.952473
vt 1.816225 5.437482
vt 7.003303 10.02212
vt 6.770316 10.45082
vt 7.000121 10.01858
vt 6.773189 10.45494
vt 6.99084 9.902742
vt 6.630638 9.838026
vt 6.630891 9.831986
vt 6.990103 9.908687
vt 5.531657 17.69658
vt 5.181688 17.5528
vt 5.182517 17.54689
vt 5.530389 17.70231
vt 2.118174 24.29226
vt 1.792771 24.04848
vt 1.794345 24.04294
vt 2.116251 24.29753
vt -4.160691 27.71493
vt -3.895118 28.09307
vt -4.163205 27.71957
vt -3.892382 28.08874
vt -12.03599 25.81555
vt -11.87116 26.31129
vt -12.03941 25.8185
vt -11.86765 26.30861
vt -18.59989 18.46188
vt -18.55407 19.01433
vt -18.60377 18.46276
vt -18.55019 19.01355
vt -20.63794 14.80996
vt -20.60294 14.25308
vt -20.60294 14.80996
vt -20.63794 14.25308
vt -20.60294 12.25447
vt -20.63794 11.84465
vt -20.60294 11.84465
vt -20.63794 12.25447
vt -19.16207 11.35294
vt -19.16112 10.79598
vt -19.15815 11.35294
vt -19.16503 10.79608
vt -15.32935 9.227836
vt -15.31674 8.671021
vt -15.32544 9.228126
vt -15.32066 8.671021
vt -10.3353 6.533359
vt -10.28973 5.980279
vt -10.33143 6.534286
vt -10.29364 5.979812
vt -4.397924 4.631699
vt -4.492007 5.170558
vt -4.401765 4.630483
vt -4.488264 5.172358
vt 1.644883 5.992573
vt 1.496907 6.502524
vt 1.641202 5.990487
vt 1.500407 6.505254
vt 6.990547 9.99209
vt 6.794123 10.46236
vt 6.987102 9.989192
vt 6.797307 10.4659
vt 7.005145 9.968868
vt 6.653128 9.834471
vt 6.653874 9.828529
vt 7.003927 9.974622
vt 4.823558 17.59795
vt 4.48915 17.38343
vt 4.490483 17.37774
vt 4.821806 17.60336
vt 0.6781064 23.71909
vt 0.3785619 23.40622
vt 0.3806315 23.40109
vt 0.6757154 23.72389
vt -5.907435 26.14541
vt -5.678346 26.57661
vt -5.91034 26.14947
vt -5.675248 26.57291
vt -13.15636 23.75131
vt -13.0237 24.26952
vt -13.15995 23.75373
vt -13.02004 24.26737
vt -18.77336 18.02337
vt -18.80823 17.46902
vt -18.76947 18.02277
vt -18.81212 17.46972
vt -20.63794 14.49816
vt -20.60294 13.94128
vt -20.60294 14.49816
vt -20.63794 13.94128
vt -20.60294 11.69759
vt -20.63794 11.69759
vt -19.13563 12.99336
vt -19.14615 12.58377
vt -19.14224 12.58362
vt -19.13954 12.99346
vt -15.32066 11.68213
vt -15.32544 11.12502
vt -15.31674 11.68213
vt -15.32935 11.12531
vt -10.44941 9.184288
vt -10.43166 8.62743
vt -10.4455 9.184751
vt -10.43558 8.62743
vt -4.687659 6.765213
vt -4.745657 7.316057
vt -4.69156 6.764607
vt -4.741815 7.317259
vt 1.371746 7.085936
vt 1.263875 7.619294
vt 1.367931 7.084536
vt 1.26756 7.621367
vt 6.974807 9.967538
vt 6.817949 10.47194
vt 6.971156 9.965326
vt 6.821394 10.47483
vt 7.014322 10.03759
vt 6.676114 9.835732
vt 6.677339 9.829982
vt 7.012643 10.04306
vt 4.146086 17.35189
vt 3.832871 17.07139
vt 3.834678 17.06602
vt 4.143888 17.3569
vt -0.6011503 22.84578
vt -0.8705555 22.47336
vt -0.868055 22.4687
vt -0.6039391 22.85003
vt -7.075704 24.82494
vt -7.275565 24.36042
vt -7.272361 24.35694
vt -7.079071 24.82803
vt -13.82715 22.2876
vt -13.93241 21.75463
vt -13.82339 22.28591
vt -13.93612 21.75659
vt -18.92278 16.96595
vt -18.94868 16.41043
vt -18.91888 16.9655
vt -18.95258 16.41098
vt -20.63794 13.96211
vt -20.60294 13.40523
vt -20.60294 13.96211
vt -20.63794 13.40523
vt -20.63794 13.21026
vt -20.60294 12.65338
vt -20.60294 13.21026
vt -20.63794 12.65338
vt -19.14461 12.43655
vt -19.14853 12.43675
vt -15.2301 14.00247
vt -15.25335 13.59399
vt -15.24945 13.59355
vt -15.23401 14.00277
vt -10.43558 11.73474
vt -10.4455 11.17742
vt -10.43166 11.73474
vt -10.44941 11.17788
vt -4.857895 9.433178
vt -4.843774 8.87554
vt -4.839853 8.87554
vt -4.861797 9.432576
vt 1.181834 8.211904
vt 1.115122 8.76106
vt 1.177938 8.211202
vt 1.118939 8.762454
vt 6.956629 9.947812
vt 6.841715 10.47843
vt 6.952827 9.946318
vt 6.845368 10.48064
vt 7.018443 10.10661
vt 6.699419 9.840615
vt 6.701104 9.835149
vt 7.01633 10.11171
vt 3.514101 16.96077
vt 3.227016 16.62016
vt 3.229257 16.6152
vt 3.511501 16.9653
vt -1.703671 21.71732
vt -1.940101 21.29495
vt -1.937236 21.29082
vt -1.706789 21.72099
vt -8.159887 22.92188
vt -8.318933 22.42125
vt -8.156322 22.91937
vt -8.322363 22.42417
vt -14.39328 20.31223
vt -14.4747 19.76942
vt -14.38945 20.31095
vt -14.47848 19.77099
vt -19.02579 15.79121
vt -19.04401 15.23496
vt -19.02188 15.79089
vt -19.04792 15.23538
vt -19.09552 14.4715
vt -19.1069 13.91482
vt -19.09161 14.4713
vt -19.11082 13.91513
vt -15.2564 13.44669
vt -15.2603 13.44727
vt -10.28973 14.18067
vt -10.32429 13.77386
vt -10.3204 13.77316
vt -10.29364 14.18113
vt -4.839853 11.49704
vt -4.861797 10.94001
vt -4.857895 10.93941
vt -4.843774 11.49704
vt 1.055087 9.906549
vt 1.072192 9.348456
vt 1.076114 9.348456
vt 1.051191 9.905848
vt 6.936529 9.93207
vt 6.865295 10.48061
vt 6.932636 9.931318
vt 6.869097 10.48211
vt 7.01773 10.17374
vt 6.722928 9.847952
vt 6.725046 9.842856
vt 7.015219 10.17839
vt 2.939828 16.43125
vt 2.683058 16.03723
vt 2.68569 16.03275
vt 2.936877 16.43524
vt -2.627092 20.37564
vt -2.82884 19.91242
vt -2.825674 19.90886
vt -2.630473 20.3787
vt -8.979612 20.89454
vt -9.106189 20.37232
vt -8.975905 20.89258
vt -9.109788 20.37472
vt -14.79086 18.29574
vt -14.85101 17.74637
vt -14.78699 18.29482
vt -14.85484 17.74758
vt -15.06242 16.20136
vt -15.1031 15.64775
vt -15.05853 16.20076
vt -15.10697 15.64864
vt -10.33143 13.62666
vt -10.3353 13.62759
vt -4.687659 13.48919
vt -4.731352 13.08417
vt -4.72748 13.08327
vt -4.69156 13.4898
vt 1.076114 11.03314
vt 1.051191 10.47575
vt 1.055087 10.47505
vt 1.072192 11.03314
vt 6.914979 9.919365
vt 6.888496 10.47731
vt 6.911056 9.919365
vt 6.892389 10.47807
vt 7.012535 10.237
vt 6.746574 9.856693
vt 6.749089 9.852048
vt 7.009665 10.24112
vt 2.432693 15.77326
vt 2.209672 15.33305
vt 2.212645 15.3291
vt 2.429444 15.77665
vt -3.377337 18.85611
vt -3.543499 18.3604
vt -3.540089 18.35742
vt -3.380923 18.85856
vt -9.586234 18.76031
vt -9.681987 18.2227
vt -9.582428 18.75887
vt -9.68571 18.22459
vt -10.01582 16.52269
vt -10.0821 15.97462
vt -10.01195 16.52175
vt -10.08592 15.97602
vt -4.745657 12.93835
vt -4.741815 12.93715
vt 1.181834 12.12309
vt 1.131749 11.71948
vt 1.135605 11.71843
vt 1.177938 12.1238
vt 6.914979 10.46743
vt 6.888496 9.909483
vt 6.892389 9.908731
vt 6.911056 10.46743
vt 7.003303 10.29468
vt 6.770316 9.865978
vt 6.773189 9.861856
vt 7.000121 10.29822
vt 1.999508 14.99905
vt 1.812962 14.52015
vt 1.816225 14.51679
vt 1.996015 15.0018
vt -3.964154 17.1872
vt -4.094333 16.66652
vt -4.090733 16.66412
vt -3.967891 17.18903
vt -4.397924 15.3918
vt -4.492007 14.85294
vt -4.488264 14.85114
vt -4.401765 15.39301
vt 1.115122 11.57394
vt 1.118939 11.57254
vt 6.936529 10.44931
vt 6.883139 10.04633
vt 6.886987 10.0452
vt 6.932636 10.45007
vt 6.990547 10.34547
vt 6.794123 9.8752
vt 6.797307 9.871664
vt 6.987102 10.34837
vt 1.644883 14.12246
vt 1.496907 13.6125
vt 1.500407 13.60977
vt 1.641202 14.12454
vt 1.371746 13.15849
vt 1.263875 12.62513
vt 1.26756 12.62306
vt 1.367931 13.15989
vt 6.865295 9.90077
vt 6.869097 9.899277
vt 6.974807 10.38844
vt 6.817949 9.884036
vt 6.821394 9.88114
vt 6.971156 10.39065
vt 6.956629 10.42308
vt 6.841715 9.892467
vt 6.845368 9.890256
vt 6.952827 10.42457
vn 0.9685831604410063 -0.24868988984297663 0
vn 0.9297764716058311 -0.368124588757952 0
vn 0.8763066737420931 -0.4817536855645931 0
vn 0.9602644119709588 -0.24655400307361994 0.13077990163034342
vn 0.8976502091983833 -0.35540480364189714 0.26059840267039874
vn 0.9351159864653369 -0.24009699652488897 0.2605983962281561
vn 0.921791023827644 -0.3649629094340323 0.13077990338056764
vn 0.9921147054673806 -0.1253332006906906 0
vn 0.8090169736320784 -0.5877852808425821 0
vn 0.8460279003038044 -0.46510780016701797 0.2605984000935795
vn 0.868780465942299 -0.4776160812766213 0.1307798948732012
vn 0.803596992695203 -0.31816649710782696 0.5029929954277308
vn 0.8371372074350634 -0.21494030190899993 0.50299300446735
vn 0.9835938534231633 -0.12425679411597748 0.13077989380708432
vn 0.95783445119018 -0.12100260646682237 0.2605984139273334
vn 1 0 0
vn 0.7289686175301027 -0.6845471164618626 0
vn 0.7810632707960683 -0.5674756787821019 0.2605983902562341
vn 0.8020687028342303 -0.5827370020591887 0.13077990046213028
vn 0.7573835196839208 -0.4163751108213271 0.5029930130724717
vn 0.6543749852379026 -0.25908539415527215 0.71039998397403
vn 0.6816870699844123 -0.17502749229330705 0.7103999687201452
vn 0.8574752990869688 -0.10832429988465747 0.5029929994644181
vn 0.9914114266223862 0 0.13077990351183474
vn 0.965447292681982 0 0.2605983980246837
vn 0.9921147054673806 0.1253332006906906 0
vn 0.6374240168438534 -0.7705132203607198 0
vn 0.7037808169097384 -0.6608941158793 0.2605984062613965
vn 0.722707825590474 -0.6786678240310546 0.13077990463080588
vn 0.6992256954252005 -0.5080171966762138 0.5029929967090853
vn 0.6167430593281494 -0.3390573776404604 0.7103999531518348
vn 0.4797871862452596 -0.12318839646838355 0.8686937750959223
vn 0.4605642943573919 -0.18235029776593367 0.8686937893571892
vn 0.6982484970817613 -0.08820929963134086 0.7103999970309756
vn 0.8642904885744039 0 0.5029929933506213
vn 0.9835938534231633 0.12425679411597743 0.13077989380708438
vn 0.9578344511901802 0.12100260646682229 0.26059841392733346
vn 0.9822872551433722 0.18738129144314172 0
vn 0.5358268100958747 -0.8443279159085524 0
vn 0.6153992975860777 -0.7438898970820697 0.2605983989777948
vn 0.6319494271410498 -0.7638956328078934 0.13077990561675298
vn 0.6300406378170531 -0.5916475355125765 0.5029930301912495
vn 0.5693846831487958 -0.41368218775688365 0.7103999789753825
vn 0.43407807955702826 -0.23863648876137922 0.868693759088738
vn 0.24551809619289344 -0.06303832902250145 0.9673401850000175
vn 0.23568129741359353 -0.09331282897596942 0.9673401893842449
vn 0.4914434938308047 -0.06208375922064949 0.8686937890951011
vn 0.7037981766609127 0 0.7103999764419864
vn 0.8574752990869688 0.10832429988465725 0.5029929994644181
vn 0.9738836512113614 0.18577820976908796 0.13052620686367905
vn 0.9488166245701715 0.1809965046870122 0.25881900670227237
vn 0.9685831604410063 0.24868988984297663 0
vn 0.42577928015806865 -0.9048270578337482 0
vn 0.517312511513923 -0.8151541181430404 0.2605984058001881
vn 0.531224781456003 -0.8370763707793344 0.13077989543473464
vn 0.5509194834981601 -0.6659472800527017 0.5029929849337154
vn 0.5130467902317841 -0.4817829908270352 0.7103999864742542
vn 0.4007461886817877 -0.2911590917768392 0.8686937754656167
vn 0.22212769757549616 -0.12211569866711833 0.9673401894415687
vn 0.12618019576431158 -0.03239757891245991 0.9914781667174982
vn 0.12112479501171548 -0.04795668802499912 0.9914781591679378
vn 0.2514828969701652 -0.03176967961724305 0.9673401883456051
vn 0.49534948877818197 0 0.8686937803203117
vn 0.6982484970817613 0.08820929963134055 0.7103999970309756
vn 0.8506857064169393 0.16227700122409672 0.5000000037716276
vn 0.9602644119709588 0.24655400307361988 0.13077990163034353
vn 0.9351159864653369 0.24009699652488886 0.2605983962281562
vn 0.9297764716058311 0.368124588757952 0
vn 0.3090170042518809 -0.9510565130859434 0
vn 0.4110675038676005 -0.8735628082190685 0.2605984024518855
vn 0.42212248417566894 -0.8970558663715876 0.13077989509738402
vn 0.46310999736533026 -0.7297445958484248 0.5029929971384326
vn 0.4486178845042787 -0.5422857812688937 0.710399975462057
vn 0.36109428057873605 -0.3390900817622204 0.8686937532777681
vn 0.20507099671590287 -0.14899279761396403 0.9673401845085888
vn 0.1141590956603391 -0.06275949761425131 0.9914781623098012
vn 0.12924579441300613 -0.016327539294198824 0.9914781571407146
vn 0.25348169559310285 0 0.9673401831823413
vn 0.4914434938308048 0.06208375922064911 0.8686937890951012
vn 0.6945819790471709 0.13249859600303399 0.7071067786693465
vn 0.8371372074350634 0.2149403019089997 0.50299300446735
vn 0.8976502091983833 0.355404803641897 0.26059840267039885
vn 0.921791023827644 0.3649629094340322 0.1307799033805678
vn 0.8763066737420931 0.4817536855645931 0
vn 0.18738129144314172 -0.9822872551433722 0
vn 0.29833961232191397 -0.918194937922953 0.26059841076314044
vn 0.30636299750468876 -0.9428882923202222 0.13077989893480407
vn 0.36799700206564817 -0.7820334043897257 0.5029930028234102
vn 0.3771138865171493 -0.5942364787544241 0.7103999746012619
vn 0.3157476822421472 -0.38167337853444383 0.8686937511441044
vn 0.18478019587421673 -0.1735201961256309 0.9673401784011706
vn 0.10539309567802146 -0.0765725468598998 0.9914781593412898
vn 0.1302729950754047 0 0.9914781625200243
vn 0.2514828969701652 0.03176967961724262 0.9673401883456051
vn 0.4911436076035526 0.09369066145045514 0.8660254134072186
vn 0.6816870699844123 0.17502749229330672 0.7103999687201452
vn 0.8035969926952028 0.31816649710782663 0.5029929954277309
vn 0.868780465942299 0.4776160812766212 0.13077989487320144
vn 0.8460279003038044 0.46510780016701786 0.2605984000935797
vn 0.8090169736320784 0.5877852808425821 0
vn 0.0627905217796479 -0.9980267282866925 0
vn 0.18090679365918444 -0.9483465667602828 0.2605983908659794
vn 0.18577200010322886 -0.9738508005411446 0.1307799000726709
vn 0.26708040285349105 -0.8219891087821442 0.5029930053739847
vn 0.2996626996741692 -0.6368155993075746 0.7103999992275641
vn 0.26542149819786104 -0.4182373971602833 0.868693794101808
vn 0.16157529783269928 -0.1953109973801835 0.9673401870245196
vn 0.09496492636888766 -0.08917800659015858 0.9914781620894921
vn 0.12924579441300613 0.016327539294198386 0.9914781571407146
vn 0.25423460961039607 0.048497851833281126 0.9659258365132422
vn 0.4797871862452596 0.12318839646838316 0.8686937750959223
vn 0.6543749852379025 0.25908539415527176 0.7103999839740301
vn 0.7573835196839208 0.4163751108213269 0.5029930130724719
vn 0.80206870283423 0.5827370020591885 0.13077990046213053
vn 0.7810632707960683 0.5674756787821017 0.2605983902562343
vn 0.7289686175301027 0.6845471164618626 0
vn -0.0627905217796479 -0.9980267282866925 0
vn 0.06062094013246028 -0.9635422021053959 0.26059840056942246
vn 0.06225124018546022 -0.9894551029478058 0.13077990038962206
vn 0.16195190297142395 -0.8489815155767483 0.5029930092286995
vn 0.21748558779460367 -0.66935186243565 0.7103999601320108
vn 0.21090959605578394 -0.4482055916181165 0.8686937837545751
vn 0.13582229675491878 -0.21402169488657038 0.9673401768882022
vn 0.0830391365932535 -0.10037709588195017 0.9914781593238213
vn 0.12821419532675943 0.024458169108531345 0.9914448638631248
vn 0.24551809619289344 0.06303832902250103 0.9673401850000175
vn 0.460564294357392 0.18235029776593334 0.8686937893571894
vn 0.6167430593281493 0.33905737764045996 0.7103999531518348
vn 0.6992256954252005 0.5080171966762136 0.5029929967090855
vn 0.722707825590474 0.6786678240310546 0.13077990463080616
vn 0.7037808169097384 0.6608941158792998 0.26059840626139685
vn 0.6374240168438534 0.7705132203607198 0
vn -0.18738129144314172 -0.9822872551433722 0
vn -0.06062094013246028 -0.9635422021053959 0.26059840056942246
vn -0.06225124018546022 -0.9894551029478058 0.13077990038962206
vn 0.05426925022332984 -0.8625850035497262 0.502993002069926
vn 0.1318785960857141 -0.6913319794805897 0.7103999789146326
vn 0.15307139467575145 -0.47110538361364557 0.8686937697844161
vn 0.1079272976287434 -0.22935709496082535 0.9673401787466949
vn 0.06980376757679496 -0.10999309618164149 0.9914781655813006
vn 0.12618019576431158 0.032397578912459465 0.9914781667174982
vn 0.23568129741359353 0.093312828975969 0.9673401893842449
vn 0.43407807955702826 0.23863648876137883 0.868693759088738
vn 0.5693846831487958 0.4136821877568833 0.7103999789753828
vn 0.6300406378170531 0.5916475355125763 0.5029930301912497
vn 0.6153992975860778 0.7438898970820695 0.2605983989777952
vn 0.6319494271410498 0.7638956328078934 0.13077990561675332
vn 0.5358268100958747 0.8443279159085524 0
vn -0.3090170042518809 -0.9510565130859434 0
vn -0.18577200010322886 -0.9738508005411446 0.1307799000726709
vn -0.18090679365918444 -0.9483465667602828 0.2605983908659794
vn -0.05426925022332984 -0.8625850035497262 0.502993002069926
vn 0.044191849009775956 -0.7024093842608383 0.7103999840817897
vn 0.09281923783393004 -0.48657548864506367 0.8686937797277853
vn 0.07833014908274523 -0.24107539717698048 0.9673401886723386
vn 0.05546754811608656 -0.11787449599648188 0.9914781663251919
vn 0.12112479501171548 0.047956688024998674 0.9914781591679378
vn 0.22212769757549622 0.12211569866711794 0.967340189441569
vn 0.40074618868178763 0.2911590917768388 0.8686937754656167
vn 0.5130467902317841 0.48178299082703485 0.7103999864742544
vn 0.5509194834981603 0.6659472800527017 0.5029929849337157
vn 0.517312511513923 0.8151541181430402 0.26059840580018845
vn 0.531224781456003 0.8370763707793344 0.13077989543473503
vn 0.42577928015806865 0.9048270578337482 0
vn -0.42577928015806865 -0.9048270578337482 0
vn -0.30636299750468876 -0.9428882923202222 0.13077989893480407
vn -0.29833961232191397 -0.918194937922953 0.26059841076314044
vn -0.16195190297142395 -0.8489815155767483 0.5029930092286995
vn -0.044191849009775956 -0.7024093842608383 0.7103999840817897
vn 0.03110324838920305 -0.4943720743971107 0.8686937550114753
vn 0.04749772968275238 -0.24899179833693008 0.9673401935389253
vn 0.04025656840760306 -0.12389699509910569 0.9914781607808899
vn 0.1141590956603391 0.06275949761425087 0.9914781623098012
vn 0.20507099671590287 0.14899279761396358 0.9673401845085888
vn 0.36109428057873605 0.33909008176222005 0.8686937532777683
vn 0.4486178845042787 0.5422857812688935 0.7103999754620572
vn 0.46310999736533026 0.7297445958484245 0.5029929971384328
vn 0.41106750386760055 0.8735628082190685 0.26059840245188587
vn 0.4221224841756689 0.8970558663715874 0.13077989509738439
vn 0.3090170042518809 0.9510565130859434 0
vn -0.5358268100958747 -0.8443279159085524 0
vn -0.42212248417566894 -0.8970558663715876 0.13077989509738402
vn -0.4110675038676005 -0.8735628082190685 0.2605984024518855
vn -0.26708040285349105 -0.8219891087821442 0.5029930053739847
vn -0.1318785960857141 -0.6913319794805897 0.7103999789146326
vn -0.03110324838920305 -0.4943720743971107 0.8686937550114753
vn 0.01591624977007105 -0.25298149634538497 0.9673401860256331
vn 0.024410729096746613 -0.12796549526498122 0.9914781633130169
vn 0.10539309567802146 0.07657254685989935 0.9914781593412898
vn 0.18478019587421676 0.1735201961256305 0.9673401784011707
vn 0.31574768224214717 0.3816733785344434 0.8686937511441045
vn 0.3771138865171493 0.5942364787544239 0.7103999746012621
vn 0.36799700206564817 0.7820334043897255 0.5029930028234106
vn 0.298339612321914 0.918194937922953 0.26059841076314094
vn 0.3063629975046887 0.942888292320222 0.1307798989348045
vn 0.18738129144314172 0.9822872551433722 0
vn -0.6374240168438534 -0.7705132203607198 0
vn -0.531224781456003 -0.8370763707793344 0.13077989543473464
vn -0.517312511513923 -0.8151541181430404 0.2605984058001881
vn -0.36799700206564817 -0.7820334043897257 0.5029930028234102
vn -0.21748558779460367 -0.66935186243565 0.7103999601320108
vn -0.09281923783393004 -0.48657548864506367 0.8686937797277853
vn -0.01591624977007105 -0.25298149634538497 0.9673401860256331
vn 0.008179909729017354 -0.13001589569285593 0.9914781671544813
vn 0.09496492636888769 0.08917800659015816 0.9914781620894924
vn 0.16157529783269928 0.19531099738018307 0.9673401870245196
vn 0.265421498197861 0.4182373971602829 0.868693794101808
vn 0.2996626996741692 0.6368155993075744 0.7103999992275644
vn 0.26708040285349105 0.8219891087821439 0.5029930053739852
vn 0.18090679365918444 0.9483465667602826 0.26059839086597986
vn 0.18577200010322886 0.9738508005411446 0.13077990007267135
vn 0.0627905217796479 0.9980267282866925 0
vn -0.7289686175301027 -0.6845471164618626 0
vn -0.6319494271410498 -0.7638956328078934 0.13077990561675298
vn -0.6153992975860777 -0.7438898970820697 0.2605983989777948
vn -0.46310999736533026 -0.7297445958484248 0.5029929971384326
vn -0.2996626996741692 -0.6368155993075746 0.7103999992275641
vn -0.15307139467575145 -0.47110538361364557 0.8686937697844161
vn -0.04749772968275238 -0.24899179833693008 0.9673401935389253
vn -0.008179909729017354 -0.13001589569285593 0.9914781671544813
vn 0.0830391365932535 0.10037709588194972 0.9914781593238213
vn 0.1358222967549188 0.21402169488657 0.9673401768882024
vn 0.21090959605578388 0.4482055916181161 0.8686937837545751
vn 0.21748558779460367 0.6693518624356498 0.710399960132011
vn 0.16195190297142392 0.8489815155767478 0.5029930092286998
vn 0.06062094013246029 0.9635422021053959 0.26059840056942296
vn 0.06225124018546022 0.9894551029478058 0.1307799003896225
vn -0.0627905217796479 0.9980267282866925 0
vn -0.8090169736320784 -0.5877852808425821 0
vn -0.722707825590474 -0.6786678240310546 0.13077990463080588
vn -0.7037808169097384 -0.6608941158793 0.2605984062613965
vn -0.5509194834981601 -0.6659472800527017 0.5029929849337154
vn -0.3771138865171493 -0.5942364787544241 0.7103999746012619
vn -0.21090959605578394 -0.4482055916181165 0.8686937837545751
vn -0.07833014908274523 -0.24107539717698048 0.9673401886723386
vn -0.024410729096746613 -0.12796549526498122 0.9914781633130169
vn 0.06980376757679496 0.10999309618164105 0.9914781655813006
vn 0.1079272976287434 0.2293570949608249 0.9673401787466949
vn 0.15307139467575145 0.47110538361364523 0.8686937697844164
vn 0.1318785960857141 0.6913319794805894 0.7103999789146328
vn 0.05426925022332984 0.862585003549726 0.5029930020699265
vn -0.06062094013246029 0.9635422021053959 0.26059840056942296
vn -0.06225124018546022 0.9894551029478058 0.1307799003896225
vn -0.18738129144314172 0.9822872551433722 0
vn -0.8763066737420931 -0.4817536855645931 0
vn -0.7810632707960683 -0.5674756787821019 0.2605983902562341
vn -0.8020687028342303 -0.5827370020591887 0.13077990046213028
vn -0.6300406378170531 -0.5916475355125765 0.5029930301912495
vn -0.4486178845042787 -0.5422857812688937 0.710399975462057
vn -0.26542149819786104 -0.4182373971602833 0.868693794101808
vn -0.1079272976287434 -0.22935709496082535 0.9673401787466949
vn -0.04025656840760306 -0.12389699509910569 0.9914781607808899
vn 0.05546754811608656 0.11787449599648143 0.9914781663251919
vn 0.07833014908274526 0.2410753971769801 0.9673401886723388
vn 0.09281923783393004 0.48657548864506334 0.8686937797277855
vn 0.044191849009775956 0.7024093842608381 0.71039998408179
vn -0.05426925022332984 0.862585003549726 0.5029930020699265
vn -0.18577200010322886 0.9738508005411446 0.13077990007267135
vn -0.18090679365918444 0.9483465667602826 0.26059839086597986
vn -0.3090170042518809 0.9510565130859434 0
vn -0.9297764716058311 -0.368124588757952 0
vn -0.8460279003038044 -0.46510780016701797 0.2605984000935795
vn -0.868780465942299 -0.4776160812766213 0.1307798948732012
vn -0.6992256954252005 -0.5080171966762138 0.5029929967090853
vn -0.5130467902317841 -0.4817829908270352 0.7103999864742542
vn -0.3157476822421472 -0.38167337853444383 0.8686937511441044
vn -0.13582229675491878 -0.21402169488657038 0.9673401768882022
vn -0.05546754811608656 -0.11787449599648188 0.9914781663251919
vn 0.04025656840760306 0.12389699509910525 0.9914781607808899
vn 0.04749772968275239 0.2489917983369297 0.9673401935389255
vn 0.03110324838920305 0.49437207439711034 0.8686937550114755
vn -0.044191849009775956 0.7024093842608381 0.71039998408179
vn -0.16195190297142392 0.8489815155767478 0.5029930092286998
vn -0.3063629975046887 0.942888292320222 0.1307798989348045
vn -0.298339612321914 0.918194937922953 0.26059841076314094
vn -0.42577928015806865 0.9048270578337482 0
vn -0.9685831604410063 -0.24868988984297663 0
vn -0.921791023827644 -0.3649629094340323 0.13077990338056764
vn -0.8976502091983833 -0.35540480364189714 0.26059840267039874
vn -0.7573835196839208 -0.4163751108213271 0.5029930130724717
vn -0.5693846831487958 -0.41368218775688365 0.7103999789753825
vn -0.36109428057873605 -0.3390900817622204 0.8686937532777681
vn -0.16157529783269928 -0.1953109973801835 0.9673401870245196
vn -0.06980376757679496 -0.10999309618164149 0.9914781655813006
vn 0.024410729096746613 0.12796549526498077 0.9914781633130169
vn 0.01591624977007105 0.2529814963453845 0.9673401860256333
vn -0.03110324838920305 0.49437207439711034 0.8686937550114755
vn -0.1318785960857141 0.6913319794805894 0.7103999789146328
vn -0.26708040285349105 0.8219891087821439 0.5029930053739852
vn -0.4221224841756689 0.8970558663715874 0.13077989509738439
vn -0.41106750386760055 0.8735628082190685 0.26059840245188587
vn -0.5358268100958747 0.8443279159085524 0
vn -0.9921147054673806 -0.1253332006906906 0
vn -0.9351159864653369 -0.24009699652488897 0.2605983962281561
vn -0.9602644119709588 -0.24655400307361994 0.13077990163034342
vn -0.803596992695203 -0.31816649710782696 0.5029929954277308
vn -0.6167430593281494 -0.3390573776404604 0.7103999531518348
vn -0.4007461886817877 -0.2911590917768392 0.8686937754656167
vn -0.18478019587421673 -0.1735201961256309 0.9673401784011706
vn -0.0830391365932535 -0.10037709588195017 0.9914781593238213
vn 0.008179909729017354 0.1300158956928555 0.9914781671544813
vn -0.01591624977007105 0.2529814963453845 0.9673401860256333
vn -0.09281923783393004 0.48657548864506334 0.8686937797277855
vn -0.21748558779460367 0.6693518624356498 0.710399960132011
vn -0.36799700206564817 0.7820334043897255 0.5029930028234106
vn -0.531224781456003 0.8370763707793344 0.13077989543473503
vn -0.517312511513923 0.8151541181430402 0.26059840580018845
vn -0.6374240168438534 0.7705132203607198 0
vn -1 0 0
vn -0.95783445119018 -0.12100260646682237 0.2605984139273334
vn -0.9835938534231633 -0.12425679411597748 0.13077989380708432
vn -0.8371372074350634 -0.21494030190899993 0.50299300446735
vn -0.6543749852379026 -0.25908539415527215 0.71039998397403
vn -0.43407807955702826 -0.23863648876137922 0.868693759088738
vn -0.20507099671590287 -0.14899279761396403 0.9673401845085888
vn -0.09496492636888766 -0.08917800659015858 0.9914781620894921
vn -0.008179909729017354 0.1300158956928555 0.9914781671544813
vn -0.04749772968275239 0.2489917983369297 0.9673401935389255
vn -0.15307139467575145 0.47110538361364523 0.8686937697844164
vn -0.2996626996741692 0.6368155993075744 0.7103999992275644
vn -0.46310999736533026 0.7297445958484245 0.5029929971384328
vn -0.6319494271410498 0.7638956328078934 0.13077990561675332
vn -0.6153992975860778 0.7438898970820695 0.2605983989777952
vn -0.7289686175301027 0.6845471164618626 0
vn -0.9921147054673806 0.1253332006906906 0
vn -0.965447292681982 0 0.2605983980246837
vn -0.9914114266223862 0 0.13077990351183474
vn -0.8574752990869688 -0.10832429988465747 0.5029929994644181
vn -0.6816870699844123 -0.17502749229330705 0.7103999687201452
vn -0.4605642943573919 -0.18235029776593367 0.8686937893571892
vn -0.22212769757549616 -0.12211569866711833 0.9673401894415687
vn -0.10539309567802146 -0.0765725468598998 0.9914781593412898
vn -0.024410729096746613 0.12796549526498077 0.9914781633130169
vn -0.07833014908274526 0.2410753971769801 0.9673401886723388
vn -0.21090959605578388 0.4482055916181161 0.8686937837545751
vn -0.3771138865171493 0.5942364787544239 0.7103999746012621
vn -0.5509194834981603 0.6659472800527017 0.5029929849337157
vn -0.722707825590474 0.6786678240310546 0.13077990463080616
vn -0.7037808169097384 0.6608941158792998 0.26059840626139685
vn -0.8090169736320784 0.5877852808425821 0
vn -0.9822872551433722 0.18738129144314172 0
vn -0.9578344511901802 0.12100260646682229 0.26059841392733346
vn -0.9835938534231633 0.12425679411597743 0.13077989380708438
vn -0.8642904885744039 0 0.5029929933506213
vn -0.6982484970817613 -0.08820929963134086 0.7103999970309756
vn -0.4797871862452596 -0.12318839646838355 0.8686937750959223
vn -0.23568129741359353 -0.09331282897596942 0.9673401893842449
vn -0.1141590956603391 -0.06275949761425131 0.9914781623098012
vn -0.04025656840760306 0.12389699509910525 0.9914781607808899
vn -0.1079272976287434 0.2293570949608249 0.9673401787466949
vn -0.265421498197861 0.4182373971602829 0.868693794101808
vn -0.4486178845042787 0.5422857812688935 0.7103999754620572
vn -0.6300406378170531 0.5916475355125763 0.5029930301912497
vn -0.80206870283423 0.5827370020591885 0.13077990046213053
vn -0.7810632707960683 0.5674756787821017 0.2605983902562343
vn -0.8763066737420931 0.4817536855645931 0
vn -0.9685831604410063 0.24868988984297663 0
vn -0.9738836512113614 0.18577820976908796 0.13052620686367905
vn -0.9488166245701715 0.1809965046870122 0.25881900670227237
vn -0.8574752990869688 0.10832429988465725 0.5029929994644181
vn -0.7037981766609127 0 0.7103999764419864
vn -0.4914434938308047 -0.06208375922064949 0.8686937890951011
vn -0.24551809619289344 -0.06303832902250145 0.9673401850000175
vn -0.12112479501171548 -0.04795668802499912 0.9914781591679378
vn -0.05546754811608656 0.11787449599648143 0.9914781663251919
vn -0.1358222967549188 0.21402169488657 0.9673401768882024
vn -0.31574768224214717 0.3816733785344434 0.8686937511441045
vn -0.5130467902317841 0.48178299082703485 0.7103999864742544
vn -0.6992256954252005 0.5080171966762136 0.5029929967090855
vn -0.868780465942299 0.4776160812766212 0.13077989487320144
vn -0.8460279003038044 0.46510780016701786 0.2605984000935797
vn -0.9297764716058311 0.368124588757952 0
vn -0.9351159864653369 0.24009699652488886 0.2605983962281562
vn -0.9602644119709588 0.24655400307361988 0.13077990163034353
vn -0.8506857064169393 0.16227700122409672 0.5000000037716276
vn -0.6982484970817613 0.08820929963134055 0.7103999970309756
vn -0.49534948877818197 0 0.8686937803203117
vn -0.2514828969701652 -0.03176967961724305 0.9673401883456051
vn -0.12618019576431158 -0.03239757891245991 0.9914781667174982
vn -0.06980376757679496 0.10999309618164105 0.9914781655813006
vn -0.16157529783269928 0.19531099738018307 0.9673401870245196
vn -0.36109428057873605 0.33909008176222005 0.8686937532777683
vn -0.5693846831487958 0.4136821877568833 0.7103999789753828
vn -0.7573835196839208 0.4163751108213269 0.5029930130724719
vn -0.921791023827644 0.3649629094340322 0.1307799033805678
vn -0.8976502091983833 0.355404803641897 0.26059840267039885
vn -0.8371372074350634 0.2149403019089997 0.50299300446735
vn -0.6945819790471709 0.13249859600303399 0.7071067786693465
vn -0.4914434938308048 0.06208375922064911 0.8686937890951012
vn -0.25348169559310285 0 0.9673401831823413
vn -0.12924579441300613 -0.016327539294198824 0.9914781571407146
vn -0.0830391365932535 0.10037709588194972 0.9914781593238213
vn -0.18478019587421676 0.1735201961256305 0.9673401784011707
vn -0.40074618868178763 0.2911590917768388 0.8686937754656167
vn -0.6167430593281493 0.33905737764045996 0.7103999531518348
vn -0.8035969926952028 0.31816649710782663 0.5029929954277309
vn -0.6816870699844123 0.17502749229330672 0.7103999687201452
vn -0.4911436076035526 0.09369066145045514 0.8660254134072186
vn -0.2514828969701652 0.03176967961724262 0.9673401883456051
vn -0.1302729950754047 0 0.9914781625200243
vn -0.09496492636888769 0.08917800659015816 0.9914781620894924
vn -0.20507099671590287 0.14899279761396358 0.9673401845085888
vn -0.43407807955702826 0.23863648876137883 0.868693759088738
vn -0.6543749852379025 0.25908539415527176 0.7103999839740301
vn -0.4797871862452596 0.12318839646838316 0.8686937750959223
vn -0.25423460961039607 0.048497851833281126 0.9659258365132422
vn -0.12924579441300613 0.016327539294198386 0.9914781571407146
vn -0.10539309567802146 0.07657254685989935 0.9914781593412898
vn -0.22212769757549622 0.12211569866711794 0.967340189441569
vn -0.460564294357392 0.18235029776593334 0.8686937893571894
vn -0.24551809619289344 0.06303832902250103 0.9673401850000175
vn -0.12821419532675943 0.024458169108531345 0.9914448638631248
vn -0.1141590956603391 0.06275949761425087 0.9914781623098012
vn -0.23568129741359353 0.093312828975969 0.9673401893842449
vn -0.12618019576431158 0.032397578912459465 0.9914781667174982
vn -0.12112479501171548 0.047956688024998674 0.9914781591679378
vn -0.921791023827644 0.3649629094340323 -0.13077990338056764
vn -0.9602644119709588 0.24655400307361994 -0.13077990163034342
vn -0.8976502091983833 0.35540480364189714 -0.26059840267039874
vn -0.9351159864653369 0.24009699652488897 -0.2605983962281561
vn -0.868780465942299 0.4776160812766213 -0.1307798948732012
vn -0.8460279003038044 0.46510780016701797 -0.2605984000935795
vn -0.803596992695203 0.31816649710782696 -0.5029929954277308
vn -0.8371372074350634 0.21494030190899993 -0.50299300446735
vn -0.9835938534231633 0.12425679411597748 -0.13077989380708432
vn -0.95783445119018 0.12100260646682237 -0.2605984139273334
vn -0.8020687028342303 0.5827370020591887 -0.13077990046213028
vn -0.7810632707960683 0.5674756787821019 -0.2605983902562341
vn -0.7573835196839208 0.4163751108213271 -0.5029930130724717
vn -0.6543749852379026 0.25908539415527215 -0.71039998397403
vn -0.6816870699844123 0.17502749229330705 -0.7103999687201452
vn -0.8574752990869688 0.10832429988465747 -0.5029929994644181
vn -0.9914114266223862 0 -0.13077990351183474
vn -0.965447292681982 0 -0.2605983980246837
vn -0.722707825590474 0.6786678240310546 -0.13077990463080588
vn -0.7037808169097384 0.6608941158793 -0.2605984062613965
vn -0.6992256954252005 0.5080171966762138 -0.5029929967090853
vn -0.6167430593281494 0.3390573776404604 -0.7103999531518348
vn -0.4605642943573919 0.18235029776593367 -0.8686937893571892
vn -0.4797871862452596 0.12318839646838355 -0.8686937750959223
vn -0.6982484970817613 0.08820929963134086 -0.7103999970309756
vn -0.8642904885744039 0 -0.5029929933506213
vn -0.9835938534231633 -0.12425679411597743 -0.13077989380708438
vn -0.9578344511901802 -0.12100260646682229 -0.26059841392733346
vn -0.9822872551433722 -0.18738129144314172 0
vn -0.6319494271410498 0.7638956328078934 -0.13077990561675298
vn -0.6153992975860777 0.7438898970820697 -0.2605983989777948
vn -0.6300406378170531 0.5916475355125765 -0.5029930301912495
vn -0.5693846831487958 0.41368218775688365 -0.7103999789753825
vn -0.43407807955702826 0.23863648876137922 -0.868693759088738
vn -0.23568129741359353 0.09331282897596942 -0.9673401893842449
vn -0.24551809619289344 0.06303832902250145 -0.9673401850000175
vn -0.4914434938308047 0.06208375922064949 -0.8686937890951011
vn -0.7037981766609127 0 -0.7103999764419864
vn -0.8574752990869688 -0.10832429988465725 -0.5029929994644181
vn -0.9738836512113614 -0.18577820976908796 -0.13052620686367905
vn -0.9488166245701715 -0.1809965046870122 -0.25881900670227237
vn -0.531224781456003 0.8370763707793344 -0.13077989543473464
vn -0.517312511513923 0.8151541181430404 -0.2605984058001881
vn -0.5509194834981601 0.6659472800527017 -0.5029929849337154
vn -0.5130467902317841 0.4817829908270352 -0.7103999864742542
vn -0.4007461886817877 0.2911590917768392 -0.8686937754656167
vn -0.22212769757549616 0.12211569866711833 -0.9673401894415687
vn -0.12112479501171548 0.04795668802499912 -0.9914781591679378
vn -0.12618019576431158 0.03239757891245991 -0.9914781667174982
vn -0.2514828969701652 0.03176967961724305 -0.9673401883456051
vn -0.49534948877818197 0 -0.8686937803203117
vn -0.6982484970817613 -0.08820929963134055 -0.7103999970309756
vn -0.8506857064169393 -0.16227700122409672 -0.5000000037716276
vn -0.9602644119709588 -0.24655400307361988 -0.13077990163034353
vn -0.9351159864653369 -0.24009699652488886 -0.2605983962281562
vn -0.42212248417566894 0.8970558663715876 -0.13077989509738402
vn -0.4110675038676005 0.8735628082190685 -0.2605984024518855
vn -0.46310999736533026 0.7297445958484248 -0.5029929971384326
vn -0.4486178845042787 0.5422857812688937 -0.710399975462057
vn -0.36109428057873605 0.3390900817622204 -0.8686937532777681
vn -0.20507099671590287 0.14899279761396403 -0.9673401845085888
vn -0.1141590956603391 0.06275949761425131 -0.9914781623098012
vn -0.12924579441300613 0.016327539294198824 -0.9914781571407146
vn -0.25348169559310285 0 -0.9673401831823413
vn -0.4914434938308048 -0.06208375922064911 -0.8686937890951012
vn -0.6945819790471709 -0.13249859600303399 -0.7071067786693465
vn -0.8371372074350634 -0.2149403019089997 -0.50299300446735
vn -0.921791023827644 -0.3649629094340322 -0.1307799033805678
vn -0.8976502091983833 -0.355404803641897 -0.26059840267039885
vn -0.30636299750468876 0.9428882923202222 -0.13077989893480407
vn -0.29833961232191397 0.918194937922953 -0.26059841076314044
vn -0.36799700206564817 0.7820334043897257 -0.5029930028234102
vn -0.3771138865171493 0.5942364787544241 -0.7103999746012619
vn -0.3157476822421472 0.38167337853444383 -0.8686937511441044
vn -0.18478019587421673 0.1735201961256309 -0.9673401784011706
vn -0.10539309567802146 0.0765725468598998 -0.9914781593412898
vn -0.1302729950754047 0 -0.9914781625200243
vn -0.2514828969701652 -0.03176967961724262 -0.9673401883456051
vn -0.4911436076035526 -0.09369066145045514 -0.8660254134072186
vn -0.6816870699844123 -0.17502749229330672 -0.7103999687201452
vn -0.8035969926952028 -0.31816649710782663 -0.5029929954277309
vn -0.868780465942299 -0.4776160812766212 -0.13077989487320144
vn -0.8460279003038044 -0.46510780016701786 -0.2605984000935797
vn -0.18577200010322886 0.9738508005411446 -0.1307799000726709
vn -0.18090679365918444 0.9483465667602828 -0.2605983908659794
vn -0.26708040285349105 0.8219891087821442 -0.5029930053739847
vn -0.2996626996741692 0.6368155993075746 -0.7103999992275641
vn -0.26542149819786104 0.4182373971602833 -0.868693794101808
vn -0.16157529783269928 0.1953109973801835 -0.9673401870245196
vn -0.09496492636888766 0.08917800659015858 -0.9914781620894921
vn -0.12924579441300613 -0.016327539294198386 -0.9914781571407146
vn -0.25423460961039607 -0.048497851833281126 -0.9659258365132422
vn -0.4797871862452596 -0.12318839646838316 -0.8686937750959223
vn -0.6543749852379025 -0.25908539415527176 -0.7103999839740301
vn -0.7573835196839208 -0.4163751108213269 -0.5029930130724719
vn -0.80206870283423 -0.5827370020591885 -0.13077990046213053
vn -0.7810632707960683 -0.5674756787821017 -0.2605983902562343
vn -0.06225124018546022 0.9894551029478058 -0.13077990038962206
vn -0.06062094013246028 0.9635422021053959 -0.26059840056942246
vn -0.16195190297142395 0.8489815155767483 -0.5029930092286995
vn -0.21748558779460367 0.66935186243565 -0.7103999601320108
vn -0.21090959605578394 0.4482055916181165 -0.8686937837545751
vn -0.13582229675491878 0.21402169488657038 -0.9673401768882022
vn -0.0830391365932535 0.10037709588195017 -0.9914781593238213
vn -0.12821419532675943 -0.024458169108531345 -0.9914448638631248
vn -0.24551809619289344 -0.06303832902250103 -0.9673401850000175
vn -0.460564294357392 -0.18235029776593334 -0.8686937893571894
vn -0.6167430593281493 -0.33905737764045996 -0.7103999531518348
vn -0.6992256954252005 -0.5080171966762136 -0.5029929967090855
vn -0.722707825590474 -0.6786678240310546 -0.13077990463080616
vn -0.7037808169097384 -0.6608941158792998 -0.26059840626139685
vn 0.06225124018546022 0.9894551029478058 -0.13077990038962206
vn 0.06062094013246028 0.9635422021053959 -0.26059840056942246
vn -0.05426925022332984 0.8625850035497262 -0.502993002069926
vn -0.1318785960857141 0.6913319794805897 -0.7103999789146326
vn -0.15307139467575145 0.47110538361364557 -0.8686937697844161
vn -0.1079272976287434 0.22935709496082535 -0.9673401787466949
vn -0.06980376757679496 0.10999309618164149 -0.9914781655813006
vn -0.12618019576431158 -0.032397578912459465 -0.9914781667174982
vn -0.23568129741359353 -0.093312828975969 -0.9673401893842449
vn -0.43407807955702826 -0.23863648876137883 -0.868693759088738
vn -0.5693846831487958 -0.4136821877568833 -0.7103999789753828
vn -0.6300406378170531 -0.5916475355125763 -0.5029930301912497
vn -0.6319494271410498 -0.7638956328078934 -0.13077990561675332
vn -0.6153992975860778 -0.7438898970820695 -0.2605983989777952
vn 0.18090679365918444 0.9483465667602828 -0.2605983908659794
vn 0.18577200010322886 0.9738508005411446 -0.1307799000726709
vn 0.05426925022332984 0.8625850035497262 -0.502993002069926
vn -0.044191849009775956 0.7024093842608383 -0.7103999840817897
vn -0.09281923783393004 0.48657548864506367 -0.8686937797277853
vn -0.07833014908274523 0.24107539717698048 -0.9673401886723386
vn -0.05546754811608656 0.11787449599648188 -0.9914781663251919
vn -0.12112479501171548 -0.047956688024998674 -0.9914781591679378
vn -0.22212769757549622 -0.12211569866711794 -0.967340189441569
vn -0.40074618868178763 -0.2911590917768388 -0.8686937754656167
vn -0.5130467902317841 -0.48178299082703485 -0.7103999864742544
vn -0.5509194834981603 -0.6659472800527017 -0.5029929849337157
vn -0.531224781456003 -0.8370763707793344 -0.13077989543473503
vn -0.517312511513923 -0.8151541181430402 -0.26059840580018845
vn 0.29833961232191397 0.918194937922953 -0.26059841076314044
vn 0.30636299750468876 0.9428882923202222 -0.13077989893480407
vn 0.16195190297142395 0.8489815155767483 -0.5029930092286995
vn 0.044191849009775956 0.7024093842608383 -0.7103999840817897
vn -0.03110324838920305 0.4943720743971107 -0.8686937550114753
vn -0.04749772968275238 0.24899179833693008 -0.9673401935389253
vn -0.04025656840760306 0.12389699509910569 -0.9914781607808899
vn -0.1141590956603391 -0.06275949761425087 -0.9914781623098012
vn -0.20507099671590287 -0.14899279761396358 -0.9673401845085888
vn -0.36109428057873605 -0.33909008176222005 -0.8686937532777683
vn -0.4486178845042787 -0.5422857812688935 -0.7103999754620572
vn -0.46310999736533026 -0.7297445958484245 -0.5029929971384328
vn -0.4221224841756689 -0.8970558663715874 -0.13077989509738439
vn -0.41106750386760055 -0.8735628082190685 -0.26059840245188587
vn 0.4110675038676005 0.8735628082190685 -0.2605984024518855
vn 0.42212248417566894 0.8970558663715876 -0.13077989509738402
vn 0.26708040285349105 0.8219891087821442 -0.5029930053739847
vn 0.1318785960857141 0.6913319794805897 -0.7103999789146326
vn 0.03110324838920305 0.4943720743971107 -0.8686937550114753
vn -0.01591624977007105 0.25298149634538497 -0.9673401860256331
vn -0.024410729096746613 0.12796549526498122 -0.9914781633130169
vn -0.10539309567802146 -0.07657254685989935 -0.9914781593412898
vn -0.18478019587421676 -0.1735201961256305 -0.9673401784011707
vn -0.31574768224214717 -0.3816733785344434 -0.8686937511441045
vn -0.3771138865171493 -0.5942364787544239 -0.7103999746012621
vn -0.36799700206564817 -0.7820334043897255 -0.5029930028234106
vn -0.3063629975046887 -0.942888292320222 -0.1307798989348045
vn -0.298339612321914 -0.918194937922953 -0.26059841076314094
vn 0.517312511513923 0.8151541181430404 -0.2605984058001881
vn 0.531224781456003 0.8370763707793344 -0.13077989543473464
vn 0.36799700206564817 0.7820334043897257 -0.5029930028234102
vn 0.21748558779460367 0.66935186243565 -0.7103999601320108
vn 0.09281923783393004 0.48657548864506367 -0.8686937797277853
vn 0.01591624977007105 0.25298149634538497 -0.9673401860256331
vn -0.008179909729017354 0.13001589569285593 -0.9914781671544813
vn -0.09496492636888769 -0.08917800659015816 -0.9914781620894924
vn -0.16157529783269928 -0.19531099738018307 -0.9673401870245196
vn -0.265421498197861 -0.4182373971602829 -0.868693794101808
vn -0.2996626996741692 -0.6368155993075744 -0.7103999992275644
vn -0.26708040285349105 -0.8219891087821439 -0.5029930053739852
vn -0.18577200010322886 -0.9738508005411446 -0.13077990007267135
vn -0.18090679365918444 -0.9483465667602826 -0.26059839086597986
vn 0.6153992975860777 0.7438898970820697 -0.2605983989777948
vn 0.6319494271410498 0.7638956328078934 -0.13077990561675298
vn 0.46310999736533026 0.7297445958484248 -0.5029929971384326
vn 0.2996626996741692 0.6368155993075746 -0.7103999992275641
vn 0.15307139467575145 0.47110538361364557 -0.8686937697844161
vn 0.04749772968275238 0.24899179833693008 -0.9673401935389253
vn 0.008179909729017354 0.13001589569285593 -0.9914781671544813
vn -0.0830391365932535 -0.10037709588194972 -0.9914781593238213
vn -0.1358222967549188 -0.21402169488657 -0.9673401768882024
vn -0.21090959605578388 -0.4482055916181161 -0.8686937837545751
vn -0.21748558779460367 -0.6693518624356498 -0.710399960132011
vn -0.16195190297142392 -0.8489815155767478 -0.5029930092286998
vn -0.06225124018546022 -0.9894551029478058 -0.1307799003896225
vn -0.06062094013246029 -0.9635422021053959 -0.26059840056942296
vn 0.7037808169097384 0.6608941158793 -0.2605984062613965
vn 0.722707825590474 0.6786678240310546 -0.13077990463080588
vn 0.5509194834981601 0.6659472800527017 -0.5029929849337154
vn 0.3771138865171493 0.5942364787544241 -0.7103999746012619
vn 0.21090959605578394 0.4482055916181165 -0.8686937837545751
vn 0.07833014908274523 0.24107539717698048 -0.9673401886723386
vn 0.024410729096746613 0.12796549526498122 -0.9914781633130169
vn -0.06980376757679496 -0.10999309618164105 -0.9914781655813006
vn -0.1079272976287434 -0.2293570949608249 -0.9673401787466949
vn -0.15307139467575145 -0.47110538361364523 -0.8686937697844164
vn -0.1318785960857141 -0.6913319794805894 -0.7103999789146328
vn -0.05426925022332984 -0.862585003549726 -0.5029930020699265
vn 0.06225124018546022 -0.9894551029478058 -0.1307799003896225
vn 0.06062094013246029 -0.9635422021053959 -0.26059840056942296
vn 0.8020687028342303 0.5827370020591887 -0.13077990046213028
vn 0.7810632707960683 0.5674756787821019 -0.2605983902562341
vn 0.6300406378170531 0.5916475355125765 -0.5029930301912495
vn 0.4486178845042787 0.5422857812688937 -0.710399975462057
vn 0.26542149819786104 0.4182373971602833 -0.868693794101808
vn 0.1079272976287434 0.22935709496082535 -0.9673401787466949
vn 0.04025656840760306 0.12389699509910569 -0.9914781607808899
vn -0.05546754811608656 -0.11787449599648143 -0.9914781663251919
vn -0.07833014908274526 -0.2410753971769801 -0.9673401886723388
vn -0.09281923783393004 -0.48657548864506334 -0.8686937797277855
vn -0.044191849009775956 -0.7024093842608381 -0.71039998408179
vn 0.05426925022332984 -0.862585003549726 -0.5029930020699265
vn 0.18090679365918444 -0.9483465667602826 -0.26059839086597986
vn 0.18577200010322886 -0.9738508005411446 -0.13077990007267135
vn 0.868780465942299 0.4776160812766213 -0.1307798948732012
vn 0.8460279003038044 0.46510780016701797 -0.2605984000935795
vn 0.6992256954252005 0.5080171966762138 -0.5029929967090853
vn 0.5130467902317841 0.4817829908270352 -0.7103999864742542
vn 0.3157476822421472 0.38167337853444383 -0.8686937511441044
vn 0.13582229675491878 0.21402169488657038 -0.9673401768882022
vn 0.05546754811608656 0.11787449599648188 -0.9914781663251919
vn -0.04025656840760306 -0.12389699509910525 -0.9914781607808899
vn -0.04749772968275239 -0.2489917983369297 -0.9673401935389255
vn -0.03110324838920305 -0.49437207439711034 -0.8686937550114755
vn 0.044191849009775956 -0.7024093842608381 -0.71039998408179
vn 0.16195190297142392 -0.8489815155767478 -0.5029930092286998
vn 0.298339612321914 -0.918194937922953 -0.26059841076314094
vn 0.3063629975046887 -0.942888292320222 -0.1307798989348045
vn 0.921791023827644 0.3649629094340323 -0.13077990338056764
vn 0.8976502091983833 0.35540480364189714 -0.26059840267039874
vn 0.7573835196839208 0.4163751108213271 -0.5029930130724717
vn 0.5693846831487958 0.41368218775688365 -0.7103999789753825
vn 0.36109428057873605 0.3390900817622204 -0.8686937532777681
vn 0.16157529783269928 0.1953109973801835 -0.9673401870245196
vn 0.06980376757679496 0.10999309618164149 -0.9914781655813006
vn -0.024410729096746613 -0.12796549526498077 -0.9914781633130169
vn -0.01591624977007105 -0.2529814963453845 -0.9673401860256333
vn 0.03110324838920305 -0.49437207439711034 -0.8686937550114755
vn 0.1318785960857141 -0.6913319794805894 -0.7103999789146328
vn 0.26708040285349105 -0.8219891087821439 -0.5029930053739852
vn 0.41106750386760055 -0.8735628082190685 -0.26059840245188587
vn 0.4221224841756689 -0.8970558663715874 -0.13077989509738439
vn 0.9602644119709588 0.24655400307361994 -0.13077990163034342
vn 0.9351159864653369 0.24009699652488897 -0.2605983962281561
vn 0.803596992695203 0.31816649710782696 -0.5029929954277308
vn 0.6167430593281494 0.3390573776404604 -0.7103999531518348
vn 0.4007461886817877 0.2911590917768392 -0.8686937754656167
vn 0.18478019587421673 0.1735201961256309 -0.9673401784011706
vn 0.0830391365932535 0.10037709588195017 -0.9914781593238213
vn -0.008179909729017354 -0.1300158956928555 -0.9914781671544813
vn 0.01591624977007105 -0.2529814963453845 -0.9673401860256333
vn 0.09281923783393004 -0.48657548864506334 -0.8686937797277855
vn 0.21748558779460367 -0.6693518624356498 -0.710399960132011
vn 0.36799700206564817 -0.7820334043897255 -0.5029930028234106
vn 0.517312511513923 -0.8151541181430402 -0.26059840580018845
vn 0.531224781456003 -0.8370763707793344 -0.13077989543473503
vn 0.9835938534231633 0.12425679411597748 -0.13077989380708432
vn 0.95783445119018 0.12100260646682237 -0.2605984139273334
vn 0.8371372074350634 0.21494030190899993 -0.50299300446735
vn 0.6543749852379026 0.25908539415527215 -0.71039998397403
vn 0.43407807955702826 0.23863648876137922 -0.868693759088738
vn 0.20507099671590287 0.14899279761396403 -0.9673401845085888
vn 0.09496492636888766 0.08917800659015858 -0.9914781620894921
vn 0.008179909729017354 -0.1300158956928555 -0.9914781671544813
vn 0.04749772968275239 -0.2489917983369297 -0.9673401935389255
vn 0.15307139467575145 -0.47110538361364523 -0.8686937697844164
vn 0.2996626996741692 -0.6368155993075744 -0.7103999992275644
vn 0.46310999736533026 -0.7297445958484245 -0.5029929971384328
vn 0.6153992975860778 -0.7438898970820695 -0.2605983989777952
vn 0.6319494271410498 -0.7638956328078934 -0.13077990561675332
vn 0.9914114266223862 0 -0.13077990351183474
vn 0.965447292681982 0 -0.2605983980246837
vn 0.8574752990869688 0.10832429988465747 -0.5029929994644181
vn 0.6816870699844123 0.17502749229330705 -0.7103999687201452
vn 0.4605642943573919 0.18235029776593367 -0.8686937893571892
vn 0.22212769757549616 0.12211569866711833 -0.9673401894415687
vn 0.10539309567802146 0.0765725468598998 -0.9914781593412898
vn 0.024410729096746613 -0.12796549526498077 -0.9914781633130169
vn 0.07833014908274526 -0.2410753971769801 -0.9673401886723388
vn 0.21090959605578388 -0.4482055916181161 -0.8686937837545751
vn 0.3771138865171493 -0.5942364787544239 -0.7103999746012621
vn 0.5509194834981603 -0.6659472800527017 -0.5029929849337157
vn 0.7037808169097384 -0.6608941158792998 -0.26059840626139685
vn 0.722707825590474 -0.6786678240310546 -0.13077990463080616
vn 0.9822872551433722 -0.18738129144314172 0
vn 0.9835938534231633 -0.12425679411597743 -0.13077989380708438
vn 0.9578344511901802 -0.12100260646682229 -0.26059841392733346
vn 0.8642904885744039 0 -0.5029929933506213
vn 0.6982484970817613 0.08820929963134086 -0.7103999970309756
vn 0.4797871862452596 0.12318839646838355 -0.8686937750959223
vn 0.23568129741359353 0.09331282897596942 -0.9673401893842449
vn 0.1141590956603391 0.06275949761425131 -0.9914781623098012
vn 0.04025656840760306 -0.12389699509910525 -0.9914781607808899
vn 0.1079272976287434 -0.2293570949608249 -0.9673401787466949
vn 0.265421498197861 -0.4182373971602829 -0.868693794101808
vn 0.4486178845042787 -0.5422857812688935 -0.7103999754620572
vn 0.6300406378170531 -0.5916475355125763 -0.5029930301912497
vn 0.80206870283423 -0.5827370020591885 -0.13077990046213053
vn 0.7810632707960683 -0.5674756787821017 -0.2605983902562343
vn 0.9738836512113614 -0.18577820976908796 -0.13052620686367905
vn 0.9488166245701715 -0.1809965046870122 -0.25881900670227237
vn 0.8574752990869688 -0.10832429988465725 -0.5029929994644181
vn 0.7037981766609127 0 -0.7103999764419864
vn 0.4914434938308047 0.06208375922064949 -0.8686937890951011
vn 0.24551809619289344 0.06303832902250145 -0.9673401850000175
vn 0.12112479501171548 0.04795668802499912 -0.9914781591679378
vn 0.05546754811608656 -0.11787449599648143 -0.9914781663251919
vn 0.1358222967549188 -0.21402169488657 -0.9673401768882024
vn 0.31574768224214717 -0.3816733785344434 -0.8686937511441045
vn 0.5130467902317841 -0.48178299082703485 -0.7103999864742544
vn 0.6992256954252005 -0.5080171966762136 -0.5029929967090855
vn 0.868780465942299 -0.4776160812766212 -0.13077989487320144
vn 0.8460279003038044 -0.46510780016701786 -0.2605984000935797
vn 0.9602644119709588 -0.24655400307361988 -0.13077990163034353
vn 0.9351159864653369 -0.24009699652488886 -0.2605983962281562
vn 0.8506857064169393 -0.16227700122409672 -0.5000000037716276
vn 0.6982484970817613 -0.08820929963134055 -0.7103999970309756
vn 0.49534948877818197 0 -0.8686937803203117
vn 0.2514828969701652 0.03176967961724305 -0.9673401883456051
vn 0.12618019576431158 0.03239757891245991 -0.9914781667174982
vn 0.06980376757679496 -0.10999309618164105 -0.9914781655813006
vn 0.16157529783269928 -0.19531099738018307 -0.9673401870245196
vn 0.36109428057873605 -0.33909008176222005 -0.8686937532777683
vn 0.5693846831487958 -0.4136821877568833 -0.7103999789753828
vn 0.7573835196839208 -0.4163751108213269 -0.5029930130724719
vn 0.921791023827644 -0.3649629094340322 -0.1307799033805678
vn 0.8976502091983833 -0.355404803641897 -0.26059840267039885
vn 0.8371372074350634 -0.2149403019089997 -0.50299300446735
vn 0.6945819790471709 -0.13249859600303399 -0.7071067786693465
vn 0.4914434938308048 -0.06208375922064911 -0.8686937890951012
vn 0.25348169559310285 0 -0.9673401831823413
vn 0.12924579441300613 0.016327539294198824 -0.9914781571407146
vn 0.0830391365932535 -0.10037709588194972 -0.9914781593238213
vn 0.18478019587421676 -0.1735201961256305 -0.9673401784011707
vn 0.40074618868178763 -0.2911590917768388 -0.8686937754656167
vn 0.6167430593281493 -0.33905737764045996 -0.7103999531518348
vn 0.8035969926952028 -0.31816649710782663 -0.5029929954277309
vn 0.6816870699844123 -0.17502749229330672 -0.7103999687201452
vn 0.4911436076035526 -0.09369066145045514 -0.8660254134072186
vn 0.2514828969701652 -0.03176967961724262 -0.9673401883456051
vn 0.1302729950754047 0 -0.9914781625200243
vn 0.09496492636888769 -0.08917800659015816 -0.9914781620894924
vn 0.20507099671590287 -0.14899279761396358 -0.9673401845085888
vn 0.43407807955702826 -0.23863648876137883 -0.868693759088738
vn 0.6543749852379025 -0.25908539415527176 -0.7103999839740301
vn 0.4797871862452596 -0.12318839646838316 -0.8686937750959223
vn 0.25423460961039607 -0.048497851833281126 -0.9659258365132422
vn 0.12924579441300613 -0.016327539294198386 -0.9914781571407146
vn 0.10539309567802146 -0.07657254685989935 -0.9914781593412898
vn 0.22212769757549622 -0.12211569866711794 -0.967340189441569
vn 0.460564294357392 -0.18235029776593334 -0.8686937893571894
vn 0.24551809619289344 -0.06303832902250103 -0.9673401850000175
vn 0.12821419532675943 -0.024458169108531345 -0.9914448638631248
vn 0.1141590956603391 -0.06275949761425087 -0.9914781623098012
vn 0.23568129741359353 -0.093312828975969 -0.9673401893842449
vn 0.12618019576431158 -0.032397578912459465 -0.9914781667174982
vn 0.12112479501171548 -0.047956688024998674 -0.9914781591679378
usemtl material_0_0
f 1/1/1 2/2/2 3/3/1
f 2/2/2 1/1/1 4/4/2
f 4/5/2 9/6/3 2/7/2
f 9/6/3 4/5/2 10/8/3
f 13/9/4 14/10/5 15/11/6
f 14/10/5 13/9/4 16/12/7
f 21/13/8 3/14/1 22/15/8
f 3/14/1 21/13/8 1/16/1
f 10/17/3 25/18/9 9/19/3
f 25/18/9 10/17/3 26/20/9
f 16/21/7 29/22/10 14/23/5
f 29/22/10 16/21/7 30/24/11
f 15/25/6 33/26/12 34/27/13
f 33/26/12 15/25/6 14/28/5
f 37/29/14 15/30/6 38/31/15
f 15/30/6 37/29/14 13/32/4
f 41/33/16 22/34/8 42/35/16
f 22/34/8 41/33/16 21/36/8
f 26/37/9 45/38/17 25/39/9
f 45/38/17 26/37/9 46/40/17
f 30/41/11 49/42/18 29/43/10
f 49/42/18 30/41/11 50/44/19
f 14/45/5 53/46/20 33/47/12
f 53/46/20 14/45/5 29/48/10
f 34/49/13 55/50/21 56/51/22
f 55/50/21 34/49/13 33/52/12
f 38/53/15 34/54/13 59/55/23
f 34/54/13 38/53/15 15/56/6
f 61/57/24 38/58/15 62/59/25
f 38/58/15 61/57/24 37/60/14
f 65/61/26 42/62/16 66/63/26
f 42/62/16 65/61/26 41/64/16
f 69/65/27 45/66/17 46/67/17
f 45/66/17 69/65/27 70/68/27
f 50/69/19 73/70/28 49/71/18
f 73/70/28 50/69/19 74/72/29
f 29/73/10 77/74/30 53/75/20
f 77/74/30 29/73/10 49/76/18
f 33/77/12 79/78/31 55/79/21
f 79/78/31 33/77/12 53/80/20
f 55/81/21 81/82/32 56/83/22
f 81/82/32 55/81/21 82/84/33
f 59/85/23 56/86/22 85/87/34
f 56/86/22 59/85/23 34/88/13
f 62/89/25 59/90/23 87/91/35
f 59/90/23 62/89/25 38/92/15
f 89/93/36 62/94/25 90/95/37
f 62/94/25 89/93/36 61/96/24
f 93/97/38 66/98/26 94/99/38
f 66/98/26 93/97/38 65/100/26
f 69/101/27 97/102/39 70/103/27
f 97/102/39 69/101/27 98/104/39
f 74/105/29 101/106/40 73/107/28
f 101/106/40 74/105/29 102/108/41
f 49/109/18 105/110/42 77/111/30
f 105/110/42 49/109/18 73/112/28
f 53/113/20 107/114/43 79/115/31
f 107/114/43 53/113/20 77/116/30
f 79/117/31 82/118/33 55/119/21
f 82/118/33 79/117/31 109/120/44
f 82/121/33 111/122/45 81/123/32
f 111/122/45 82/121/33 112/124/46
f 56/125/22 115/126/47 85/127/34
f 115/126/47 56/125/22 81/128/32
f 87/129/35 85/130/34 117/131/48
f 85/130/34 87/129/35 59/132/23
f 90/133/37 87/134/35 119/135/49
f 87/134/35 90/133/37 62/136/25
f 121/137/50 90/138/37 122/139/51
f 90/138/37 121/137/50 89/140/36
f 125/141/52 126/99/38 127/142/52
f 126/99/38 125/141/52 128/97/38
f 133/143/53 97/144/39 98/145/39
f 97/144/39 133/143/53 134/146/53
f 102/147/41 137/148/54 101/149/40
f 137/148/54 102/147/41 138/150/55
f 73/151/28 141/152/56 105/153/42
f 141/152/56 73/151/28 101/154/40
f 77/155/30 143/156/57 107/157/43
f 143/156/57 77/155/30 105/158/42
f 107/159/43 109/160/44 79/161/31
f 109/160/44 107/159/43 145/162/58
f 109/163/44 112/164/46 82/165/33
f 112/164/46 109/163/44 147/166/59
f 112/167/46 149/168/60 111/169/45
f 149/168/60 112/167/46 150/170/61
f 81/171/32 153/172/62 115/173/47
f 153/172/62 81/171/32 111/174/45
f 85/175/34 155/176/63 117/177/48
f 155/176/63 85/175/34 115/178/47
f 119/179/49 117/180/48 157/181/64
f 117/180/48 119/179/49 87/182/35
f 122/183/51 119/184/49 159/185/65
f 119/184/49 122/183/51 90/186/37
f 161/187/66 122/139/51 162/188/67
f 122/139/51 161/187/66 163/137/50
f 167/189/68 125/190/52 127/191/52
f 125/190/52 167/189/68 168/192/68
f 171/193/69 134/194/53 133/195/53
f 134/194/53 171/193/69 172/196/69
f 138/197/55 175/198/70 137/199/54
f 175/198/70 138/197/55 176/200/71
f 101/201/40 179/202/72 141/203/56
f 179/202/72 101/201/40 137/204/54
f 141/205/56 143/206/57 105/207/42
f 143/206/57 141/205/56 181/208/73
f 143/209/57 145/210/58 107/211/43
f 145/210/58 143/209/57 183/212/74
f 145/213/58 147/214/59 109/215/44
f 147/214/59 145/213/58 185/216/75
f 147/217/59 150/218/61 112/219/46
f 150/218/61 147/217/59 187/220/76
f 111/221/45 189/222/77 153/223/62
f 189/222/77 111/221/45 149/224/60
f 115/225/47 191/226/78 155/227/63
f 191/226/78 115/225/47 153/228/62
f 157/229/64 155/230/63 193/231/79
f 155/230/63 157/229/64 117/232/48
f 159/233/65 157/234/64 195/235/80
f 157/234/64 159/233/65 119/236/49
f 162/237/67 159/185/65 197/238/81
f 159/185/65 162/237/67 122/183/51
f 199/239/82 161/240/66 162/241/67
f 161/240/66 199/239/82 200/242/83
f 203/243/84 167/244/68 204/245/84
f 167/244/68 203/243/84 168/246/68
f 171/247/69 207/248/85 172/249/69
f 207/248/85 171/247/69 208/250/85
f 176/251/71 211/252/86 175/253/70
f 211/252/86 176/251/71 212/254/87
f 137/255/54 215/256/88 179/257/72
f 215/256/88 137/255/54 175/258/70
f 141/259/56 217/260/89 181/261/73
f 217/260/89 141/259/56 179/262/72
f 181/263/73 183/264/74 143/265/57
f 183/264/74 181/263/73 219/266/90
f 183/267/74 185/268/75 145/269/58
f 185/268/75 183/267/74 221/270/91
f 185/271/75 187/272/76 147/273/59
f 187/272/76 185/271/75 223/274/92
f 153/275/62 225/276/93 191/277/78
f 225/276/93 153/275/62 189/278/77
f 193/279/79 191/280/78 227/281/94
f 191/280/78 193/279/79 155/282/63
f 195/283/80 193/284/79 229/285/95
f 193/284/79 195/283/80 157/286/64
f 197/287/81 195/235/80 231/288/96
f 195/235/80 197/287/81 159/233/65
f 233/289/97 162/290/67 197/291/81
f 162/290/67 233/289/97 199/292/82
f 235/293/98 199/294/82 236/295/99
f 199/294/82 235/293/98 200/296/83
f 239/297/100 204/298/84 240/299/100
f 204/298/84 239/297/100 203/300/84
f 243/301/101 207/302/85 208/303/85
f 207/302/85 243/301/101 244/304/101
f 212/305/87 247/306/102 211/307/86
f 247/306/102 212/305/87 248/308/103
f 175/309/70 251/310/104 215/311/88
f 251/310/104 175/309/70 211/312/86
f 179/313/72 253/314/105 217/315/89
f 253/314/105 179/313/72 215/316/88
f 217/317/89 219/318/90 181/319/73
f 219/318/90 217/317/89 255/320/106
f 219/321/90 221/322/91 183/323/74
f 221/322/91 219/321/90 257/324/107
f 221/325/91 223/326/92 185/327/75
f 223/326/92 221/325/91 259/328/108
f 227/329/94 225/330/93 261/331/109
f 225/330/93 227/329/94 191/332/78
f 229/333/95 227/334/94 263/335/110
f 227/334/94 229/333/95 193/336/79
f 231/337/96 229/285/95 265/338/111
f 229/285/95 231/337/96 195/283/80
f 267/339/112 197/340/81 231/341/96
f 197/340/81 267/339/112 233/342/97
f 236/343/99 233/344/97 269/345/113
f 233/344/97 236/343/99 199/346/82
f 271/347/114 236/348/99 272/349/115
f 236/348/99 271/347/114 235/350/98
f 275/351/116 240/352/100 276/353/116
f 240/352/100 275/351/116 239/354/100
f 279/355/117 244/356/101 243/357/101
f 244/356/101 279/355/117 280/358/117
f 248/359/103 283/360/118 247/361/102
f 283/360/118 248/359/103 284/362/119
f 211/363/86 287/364/120 251/365/104
f 287/364/120 211/363/86 247/366/102
f 215/367/88 289/368/121 253/369/105
f 289/368/121 215/367/88 251/370/104
f 253/371/105 255/372/106 217/373/89
f 255/372/106 253/371/105 291/374/122
f 255/375/106 257/376/107 219/377/90
f 257/376/107 255/375/106 293/378/123
f 257/379/107 259/380/108 221/381/91
f 259/380/108 257/379/107 295/382/124
f 263/383/110 261/384/109 297/385/125
f 261/384/109 263/383/110 227/386/94
f 265/387/111 263/335/110 299/388/126
f 263/335/110 265/387/111 229/333/95
f 267/389/112 265/390/111 301/391/127
f 265/390/111 267/389/112 231/392/96
f 269/393/113 267/394/112 303/395/128
f 267/394/112 269/393/113 233/396/97
f 272/397/115 269/398/113 305/399/129
f 269/398/113 272/397/115 236/400/99
f 307/401/130 272/402/115 308/403/131
f 272/402/115 307/401/130 271/404/114
f 276/405/116 311/406/132 275/407/116
f 311/406/132 276/405/116 312/408/132
f 279/409/117 315/410/133 280/411/117
f 315/410/133 279/409/117 316/412/133
f 284/413/119 319/414/134 283/415/118
f 319/414/134 284/413/119 320/416/135
f 247/417/102 323/418/136 287/419/120
f 323/418/136 247/417/102 283/420/118
f 251/421/104 325/422/137 289/423/121
f 325/422/137 251/421/104 287/424/120
f 289/425/121 291/426/122 253/427/105
f 291/426/122 289/425/121 327/428/138
f 291/429/122 293/430/123 255/431/106
f 293/430/123 291/429/122 329/432/139
f 293/433/123 295/434/124 257/435/107
f 295/434/124 293/433/123 331/436/140
f 299/437/126 333/385/125 334/438/141
f 333/385/125 299/437/126 263/383/110
f 301/439/127 299/440/126 337/441/142
f 299/440/126 301/439/127 265/442/111
f 303/443/128 301/444/127 339/445/143
f 301/444/127 303/443/128 267/446/112
f 305/447/129 303/448/128 341/449/144
f 303/448/128 305/447/129 269/450/113
f 308/451/131 305/452/129 343/453/145
f 305/452/129 308/451/131 272/454/115
f 345/455/146 307/456/130 308/457/131
f 307/456/130 345/455/146 346/458/147
f 349/459/148 311/460/132 312/461/132
f 311/460/132 349/459/148 350/462/148
f 353/463/149 315/464/133 316/465/133
f 315/464/133 353/463/149 354/466/149
f 357/467/150 319/468/134 320/469/135
f 319/468/134 357/467/150 358/470/151
f 283/471/118 361/472/152 323/473/136
f 361/472/152 283/471/118 319/474/134
f 287/475/120 363/476/153 325/477/137
f 363/476/153 287/475/120 323/478/136
f 325/479/137 327/480/138 289/481/121
f 327/480/138 325/479/137 365/482/154
f 327/483/138 329/484/139 291/485/122
f 329/484/139 327/483/138 367/486/155
f 329/487/139 331/488/140 293/489/123
f 331/488/140 329/487/139 369/490/156
f 337/491/142 334/492/141 371/493/157
f 334/492/141 337/491/142 299/494/126
f 339/495/143 337/496/142 373/497/158
f 337/496/142 339/495/143 301/498/127
f 341/499/144 339/500/143 375/501/159
f 339/500/143 341/499/144 303/502/128
f 343/503/145 341/504/144 377/505/160
f 341/504/144 343/503/145 305/506/129
f 379/507/161 308/508/131 343/509/145
f 308/508/131 379/507/161 345/510/146
f 381/511/162 346/512/147 345/513/146
f 346/512/147 381/511/162 382/514/163
f 385/515/164 350/516/148 349/517/148
f 350/516/148 385/515/164 386/518/164
f 389/519/165 354/520/149 353/521/149
f 354/520/149 389/519/165 390/522/165
f 393/523/166 358/524/151 357/525/150
f 358/524/151 393/523/166 394/526/167
f 358/527/151 361/528/152 319/529/134
f 361/528/152 358/527/151 397/530/168
f 323/531/136 399/532/169 363/533/153
f 399/532/169 323/531/136 361/534/152
f 363/535/153 365/536/154 325/537/137
f 365/536/154 363/535/153 401/538/170
f 365/539/154 367/540/155 327/541/138
f 367/540/155 365/539/154 403/542/171
f 367/543/155 369/544/156 329/545/139
f 369/544/156 367/543/155 405/546/172
f 373/547/158 371/548/157 407/549/173
f 371/548/157 373/547/158 337/550/142
f 375/551/159 373/552/158 409/553/174
f 373/552/158 375/551/159 339/554/143
f 377/555/160 375/556/159 411/557/175
f 375/556/159 377/555/160 341/558/144
f 379/559/161 377/560/160 413/561/176
f 377/560/160 379/559/161 343/562/145
f 415/563/177 345/564/146 379/565/161
f 345/564/146 415/563/177 381/566/162
f 417/567/178 382/568/163 381/569/162
f 382/568/163 417/567/178 418/570/179
f 385/571/164 421/572/180 386/573/164
f 421/572/180 385/571/164 422/574/180
f 425/575/181 390/576/165 389/577/165
f 390/576/165 425/575/181 426/578/181
f 429/579/182 394/580/167 393/581/166
f 394/580/167 429/579/182 430/582/183
f 394/583/167 397/584/168 358/585/151
f 397/584/168 394/583/167 433/586/184
f 397/587/168 399/588/169 361/589/152
f 399/588/169 397/587/168 435/590/185
f 437/591/186 363/592/153 399/593/169
f 363/592/153 437/591/186 401/594/170
f 401/595/170 403/596/171 365/597/154
f 403/596/171 401/595/170 439/598/187
f 403/599/171 405/600/172 367/601/155
f 405/600/172 403/599/171 441/602/188
f 409/603/174 407/604/173 443/605/189
f 407/604/173 409/603/174 373/606/158
f 411/607/175 409/608/174 445/609/190
f 409/608/174 411/607/175 375/610/159
f 413/611/176 411/612/175 447/613/191
f 411/612/175 413/611/176 377/614/160
f 449/615/192 379/616/161 413/617/176
f 379/616/161 449/615/192 415/618/177
f 451/619/193 381/620/162 415/621/177
f 381/620/162 451/619/193 417/622/178
f 453/623/194 418/624/179 417/625/178
f 418/624/179 453/623/194 454/626/195
f 457/627/196 421/628/180 422/629/180
f 421/628/180 457/627/196 458/630/196
f 461/631/197 426/632/181 425/633/181
f 426/632/181 461/631/197 462/634/197
f 465/635/198 430/636/183 429/637/182
f 430/636/183 465/635/198 466/638/199
f 430/639/183 433/640/184 394/641/167
f 433/640/184 430/639/183 469/642/200
f 433/643/184 435/644/185 397/645/168
f 435/644/185 433/643/184 471/646/201
f 473/647/202 399/648/169 435/649/185
f 399/648/169 473/647/202 437/650/186
f 475/651/203 401/652/170 437/653/186
f 401/652/170 475/651/203 439/654/187
f 439/655/187 441/656/188 403/657/171
f 441/656/188 439/655/187 477/658/204
f 445/659/190 443/660/189 479/661/205
f 443/660/189 445/659/190 409/662/174
f 447/663/191 445/664/190 481/665/206
f 445/664/190 447/663/191 411/666/175
f 449/667/192 447/668/191 483/669/207
f 447/668/191 449/667/192 413/670/176
f 485/671/208 415/672/177 449/673/192
f 415/672/177 485/671/208 451/674/193
f 487/675/209 417/676/178 451/677/193
f 417/676/178 487/675/209 453/678/194
f 489/679/210 454/680/195 453/681/194
f 454/680/195 489/679/210 490/682/211
f 493/683/212 458/684/196 457/685/196
f 458/684/196 493/683/212 494/686/212
f 461/687/197 497/688/213 462/689/197
f 497/688/213 461/687/197 498/690/213
f 501/691/214 466/692/199 465/693/198
f 466/692/199 501/691/214 502/694/215
f 466/695/199 469/696/200 430/697/183
f 469/696/200 466/695/199 505/698/216
f 469/699/200 471/700/201 433/701/184
f 471/700/201 469/699/200 507/702/217
f 509/703/218 435/704/185 471/705/201
f 435/704/185 509/703/218 473/706/202
f 511/707/219 437/708/186 473/709/202
f 437/708/186 511/707/219 475/710/203
f 513/711/220 439/712/187 475/713/203
f 439/712/187 513/711/220 477/714/204
f 481/715/206 479/716/205 515/717/221
f 479/716/205 481/715/206 445/718/190
f 483/719/207 481/720/206 517/721/222
f 481/720/206 483/719/207 447/722/191
f 485/723/208 483/724/207 519/725/223
f 483/724/207 485/723/208 449/726/192
f 521/727/224 451/728/193 485/729/208
f 451/728/193 521/727/224 487/730/209
f 523/731/225 453/732/194 487/733/209
f 453/732/194 523/731/225 489/734/210
f 525/735/226 490/736/211 489/737/210
f 490/736/211 525/735/226 526/738/227
f 493/739/212 529/740/228 494/741/212
f 529/740/228 493/739/212 530/742/228
f 498/743/213 533/744/229 497/745/213
f 533/744/229 498/743/213 534/746/229
f 537/747/230 502/748/215 501/749/214
f 502/748/215 537/747/230 538/750/231
f 502/751/215 505/752/216 466/753/199
f 505/752/216 502/751/215 541/754/232
f 505/755/216 507/756/217 469/757/200
f 507/756/217 505/755/216 543/758/233
f 545/759/234 471/760/201 507/761/217
f 471/760/201 545/759/234 509/762/218
f 547/763/235 473/764/202 509/765/218
f 473/764/202 547/763/235 511/766/219
f 549/767/236 475/768/203 511/769/219
f 475/768/203 549/767/236 513/770/220
f 517/771/222 515/772/221 551/773/237
f 515/772/221 517/771/222 481/774/206
f 519/775/223 517/776/222 553/777/238
f 517/776/222 519/775/223 483/778/207
f 521/779/224 519/780/223 555/781/239
f 519/780/223 521/779/224 485/782/208
f 557/783/240 487/784/209 521/785/224
f 487/784/209 557/783/240 523/786/225
f 559/787/241 489/788/210 523/789/225
f 489/788/210 559/787/241 525/790/226
f 561/791/242 526/792/227 525/793/226
f 526/792/227 561/791/242 562/794/243
f 565/795/244 529/796/228 530/797/228
f 529/796/228 565/795/244 566/798/244
f 534/799/229 569/800/245 533/801/229
f 569/800/245 534/799/229 570/802/245
f 537/803/230 573/804/246 538/805/231
f 573/804/246 537/803/230 574/806/247
f 538/807/231 541/808/232 502/809/215
f 541/808/232 538/807/231 577/810/248
f 541/811/232 543/812/233 505/813/216
f 543/812/233 541/811/232 579/814/249
f 581/815/250 507/816/217 543/817/233
f 507/816/217 581/815/250 545/818/234
f 583/819/251 509/820/218 545/821/234
f 509/820/218 583/819/251 547/822/235
f 585/823/252 511/824/219 547/825/235
f 511/824/219 585/823/252 549/826/236
f 553/827/238 551/828/237 587/829/253
f 551/828/237 553/827/238 517/830/222
f 555/831/239 553/832/238 589/833/254
f 553/832/238 555/831/239 519/834/223
f 557/835/240 555/836/239 591/837/255
f 555/836/239 557/835/240 521/838/224
f 593/839/256 523/840/225 557/841/240
f 523/840/225 593/839/256 559/842/241
f 595/843/257 525/844/226 559/845/241
f 525/844/226 595/843/257 561/846/242
f 561/847/242 597/848/258 562/849/243
f 597/848/258 561/847/242 598/850/259
f 601/851/260 566/852/244 565/853/244
f 566/852/244 601/851/260 602/854/260
f 569/855/245 605/856/261 606/857/261
f 605/856/261 569/855/245 570/858/245
f 574/859/247 609/860/262 573/861/246
f 609/860/262 574/859/247 610/862/263
f 538/863/231 613/864/264 577/865/248
f 613/864/264 538/863/231 573/866/246
f 615/867/265 541/868/232 577/869/248
f 541/868/232 615/867/265 579/870/249
f 617/871/266 543/872/233 579/873/249
f 543/872/233 617/871/266 581/874/250
f 619/875/267 545/876/234 581/877/250
f 545/876/234 619/875/267 583/878/251
f 621/879/268 547/880/235 583/881/251
f 547/880/235 621/879/268 585/882/252
f 589/883/254 587/884/253 623/885/269
f 587/884/253 589/883/254 553/886/238
f 591/887/255 589/888/254 625/889/270
f 589/888/254 591/887/255 555/890/239
f 593/891/256 591/892/255 627/893/271
f 591/892/255 593/891/256 557/894/240
f 629/895/272 559/896/241 593/897/256
f 559/896/241 629/895/272 595/898/257
f 595/899/257 598/900/259 561/901/242
f 598/900/259 595/899/257 631/902/273
f 598/903/259 633/904/274 597/905/258
f 633/904/274 598/903/259 634/906/275
f 637/907/276 602/908/260 601/909/260
f 602/908/260 637/907/276 638/910/276
f 605/911/261 641/912/277 606/913/261
f 641/912/277 605/911/261 642/914/277
f 609/915/262 645/916/278 646/917/279
f 645/916/278 609/915/262 610/918/263
f 573/919/246 649/920/280 613/921/264
f 649/920/280 573/919/246 609/922/262
f 577/923/248 651/924/281 615/925/265
f 651/924/281 577/923/248 613/926/264
f 653/927/282 579/928/249 615/929/265
f 579/928/249 653/927/282 617/930/266
f 655/931/283 581/932/250 617/933/266
f 581/932/250 655/931/283 619/934/267
f 657/935/284 583/936/251 619/937/267
f 583/936/251 657/935/284 621/938/268
f 625/939/270 623/940/269 659/941/285
f 623/940/269 625/939/270 589/942/254
f 627/943/271 625/944/270 661/945/286
f 625/944/270 627/943/271 591/946/255
f 663/947/287 593/948/256 627/949/271
f 593/948/256 663/947/287 629/950/272
f 629/951/272 631/952/273 595/953/257
f 631/952/273 629/951/272 665/954/288
f 631/955/273 634/956/275 598/957/259
f 634/956/275 631/955/273 667/958/289
f 634/959/275 669/960/290 633/961/274
f 669/960/290 634/959/275 670/962/291
f 637/963/276 673/964/292 638/965/276
f 673/964/292 637/963/276 674/966/292
f 642/967/277 677/968/293 641/969/277
f 677/968/293 642/967/277 678/970/293
f 645/971/278 681/972/294 646/973/279
f 681/972/294 645/971/278 682/974/295
f 649/975/280 646/976/279 685/977/296
f 646/976/279 649/975/280 609/978/262
f 613/979/264 687/980/297 651/981/281
f 687/980/297 613/979/264 649/982/280
f 689/983/298 615/984/265 651/985/281
f 615/984/265 689/983/298 653/986/282
f 691/987/299 617/988/266 653/989/282
f 617/988/266 691/987/299 655/990/283
f 693/991/300 619/992/267 655/993/283
f 619/992/267 693/991/300 657/994/284
f 661/995/286 659/996/285 695/997/301
f 659/996/285 661/995/286 625/998/270
f 697/999/302 627/1000/271 661/1001/286
f 627/1000/271 697/999/302 663/1002/287
f 699/1003/303 629/1004/272 663/1005/287
f 629/1004/272 699/1003/303 665/1006/288
f 665/1007/288 667/1008/289 631/1009/273
f 667/1008/289 665/1007/288 701/1010/304
f 667/1011/289 670/1012/291 634/1013/275
f 670/1012/291 667/1011/289 703/1014/305
f 670/1015/291 705/1016/306 669/1017/290
f 705/1016/306 670/1015/291 706/1018/307
f 709/1019/308 673/1020/292 674/1021/292
f 673/1020/292 709/1019/308 710/1022/308
f 678/1023/293 713/1024/309 677/1025/293
f 713/1024/309 678/1023/293 714/1026/309
f 682/1027/295 717/1028/310 681/1029/294
f 717/1028/310 682/1027/295 718/1030/311
f 646/1031/279 721/1032/312 685/1033/296
f 721/1032/312 646/1031/279 681/1034/294
f 687/1035/297 685/1036/296 723/1037/313
f 685/1036/296 687/1035/297 649/1038/280
f 725/1039/314 651/1040/281 687/1041/297
f 651/1040/281 725/1039/314 689/1042/298
f 727/1043/315 653/1044/282 689/1045/298
f 653/1044/282 727/1043/315 691/1046/299
f 729/1047/316 655/1048/283 691/1049/299
f 655/1048/283 729/1047/316 693/1050/300
f 731/1051/317 661/1052/286 695/1053/301
f 661/1052/286 731/1051/317 697/1054/302
f 733/1055/318 663/1056/287 697/1057/302
f 663/1056/287 733/1055/318 699/1058/303
f 735/1059/319 665/1060/288 699/1061/303
f 665/1060/288 735/1059/319 701/1062/304
f 701/1063/304 703/1064/305 667/1065/289
f 703/1064/305 701/1063/304 737/1066/320
f 703/1067/305 706/1068/307 670/1069/291
f 706/1068/307 703/1067/305 739/1070/321
f 706/1071/307 741/1072/322 705/1073/306
f 741/1072/322 706/1071/307 742/1074/323
f 745/1075/324 710/1076/308 709/1077/308
f 710/1076/308 745/1075/324 746/1078/324
f 714/1079/309 749/1080/325 713/1081/309
f 749/1080/325 714/1079/309 750/1082/325
f 718/1083/311 753/1084/326 717/1085/310
f 753/1084/326 718/1083/311 754/1086/327
f 681/1087/294 757/1088/328 721/1089/312
f 757/1088/328 681/1087/294 717/1090/310
f 685/1091/296 759/1092/329 723/1093/313
f 759/1092/329 685/1091/296 721/1094/312
f 761/1095/330 687/1096/297 723/1097/313
f 687/1096/297 761/1095/330 725/1098/314
f 763/1099/331 689/1100/298 725/1101/314
f 689/1100/298 763/1099/331 727/1102/315
f 765/1103/332 691/1104/299 727/1105/315
f 691/1104/299 765/1103/332 729/1106/316
f 767/1107/333 697/1108/302 731/1109/317
f 697/1108/302 767/1107/333 733/1110/318
f 769/1111/334 699/1112/303 733/1113/318
f 699/1112/303 769/1111/334 735/1114/319
f 771/1115/335 701/1116/304 735/1117/319
f 701/1116/304 771/1115/335 737/1118/320
f 737/1119/320 739/1120/321 703/1121/305
f 739/1120/321 737/1119/320 773/1122/336
f 739/1123/321 742/1124/323 706/1125/307
f 742/1124/323 739/1123/321 775/1126/337
f 742/1127/323 777/1128/338 741/1129/322
f 777/1128/338 742/1127/323 778/1130/339
f 781/1131/340 745/1132/324 782/1133/340
f 745/1132/324 781/1131/340 746/1134/324
f 749/1135/325 785/1136/341 786/1137/341
f 785/1136/341 749/1135/325 750/1138/325
f 754/1139/327 789/1140/342 753/1141/326
f 789/1140/342 754/1139/327 790/1142/343
f 717/1143/310 793/1144/344 757/1145/328
f 793/1144/344 717/1143/310 753/1146/326
f 721/1147/312 795/1148/345 759/1149/329
f 795/1148/345 721/1147/312 757/1150/328
f 797/1151/346 723/1152/313 759/1153/329
f 723/1152/313 797/1151/346 761/1154/330
f 799/1155/347 725/1156/314 761/1157/330
f 725/1156/314 799/1155/347 763/1158/331
f 801/1159/348 727/1160/315 763/1161/331
f 727/1160/315 801/1159/348 765/1162/332
f 803/1163/349 733/1164/318 767/1165/333
f 733/1164/318 803/1163/349 769/1166/334
f 805/1167/350 735/1168/319 769/1169/334
f 735/1168/319 805/1167/350 771/1170/335
f 807/1171/351 737/1172/320 771/1173/335
f 737/1172/320 807/1171/351 773/1174/336
f 773/1175/336 775/1176/337 739/1177/321
f 775/1176/337 773/1175/336 809/1178/352
f 775/1179/337 778/1180/339 742/1181/323
f 778/1180/339 775/1179/337 811/1182/353
f 813/1183/354 778/1184/339 814/1185/355
f 778/1184/339 813/1183/354 777/1186/338
f 817/1187/356 782/1188/340 818/1189/356
f 782/1188/340 817/1187/356 781/1190/340
f 821/1136/341 822/1191/357 823/1137/341
f 822/1191/357 821/1136/341 824/1192/357
f 789/1193/342 829/1194/358 830/1195/359
f 829/1194/358 789/1193/342 790/1196/343
f 753/1197/326 833/1198/360 793/1199/344
f 833/1198/360 753/1197/326 789/1200/342
f 757/1201/328 835/1202/361 795/1203/345
f 835/1202/361 757/1201/328 793/1204/344
f 837/1205/362 759/1206/329 795/1207/345
f 759/1206/329 837/1205/362 797/1208/346
f 839/1209/363 761/1210/330 797/1211/346
f 761/1210/330 839/1209/363 799/1212/347
f 841/1213/364 763/1214/331 799/1215/347
f 763/1214/331 841/1213/364 801/1216/348
f 843/1217/365 769/1218/334 803/1219/349
f 769/1218/334 843/1217/365 805/1220/350
f 845/1221/366 771/1222/335 805/1223/350
f 771/1222/335 845/1221/366 807/1224/351
f 847/1225/367 773/1226/336 807/1227/351
f 773/1226/336 847/1225/367 809/1228/352
f 849/1229/368 775/1230/337 809/1231/352
f 775/1230/337 849/1229/368 811/1232/353
f 814/1233/355 811/1234/353 851/1235/369
f 811/1234/353 814/1233/355 778/1236/339
f 853/1237/370 814/1238/355 854/1239/371
f 814/1238/355 853/1237/370 813/1240/354
f 857/1241/372 818/1242/356 858/1243/372
f 818/1242/356 857/1241/372 817/1244/356
f 824/1245/357 858/1246/372 822/1247/357
f 858/1246/372 824/1245/357 857/1248/372
f 861/1194/358 862/1249/373 830/1195/359
f 862/1249/373 861/1194/358 863/1250/374
f 833/1251/360 830/1252/359 867/1253/375
f 830/1252/359 833/1251/360 789/1254/342
f 793/1255/344 869/1256/376 835/1257/361
f 869/1256/376 793/1255/344 833/1258/360
f 837/1259/362 835/1260/361 871/1261/377
f 835/1260/361 837/1259/362 795/1262/345
f 873/1263/378 797/1264/346 837/1265/362
f 797/1264/346 873/1263/378 839/1266/363
f 875/1267/379 799/1268/347 839/1269/363
f 799/1268/347 875/1267/379 841/1270/364
f 877/1271/380 805/1272/350 843/1273/365
f 805/1272/350 877/1271/380 845/1274/366
f 879/1275/381 807/1276/351 845/1277/366
f 807/1276/351 879/1275/381 847/1278/367
f 881/1279/382 809/1280/352 847/1281/367
f 809/1280/352 881/1279/382 849/1282/368
f 851/1283/369 849/1284/368 883/1285/383
f 849/1284/368 851/1283/369 811/1286/353
f 854/1287/371 851/1288/369 885/1289/384
f 851/1288/369 854/1287/371 814/1290/355
f 887/1291/385 854/1292/371 888/1293/386
f 854/1292/371 887/1291/385 853/1294/370
f 863/1295/374 888/1296/386 862/1297/373
f 888/1296/386 863/1295/374 887/1298/385
f 830/1252/359 891/1299/387 867/1253/375
f 891/1299/387 830/1252/359 862/1300/373
f 869/1301/376 867/1302/375 893/1303/388
f 867/1302/375 869/1301/376 833/1304/360
f 871/1305/377 869/1306/376 895/1307/389
f 869/1306/376 871/1305/377 835/1308/361
f 873/1309/378 871/1310/377 897/1311/390
f 871/1310/377 873/1309/378 837/1312/362
f 899/1313/391 839/1314/363 873/1315/378
f 839/1314/363 899/1313/391 875/1316/379
f 901/1317/392 845/1318/366 877/1319/380
f 845/1318/366 901/1317/392 879/1320/381
f 903/1321/393 847/1322/367 879/1323/381
f 847/1322/367 903/1321/393 881/1324/382
f 905/1325/394 849/1326/368 881/1327/382
f 849/1326/368 905/1325/394 883/1328/383
f 885/1329/384 883/1330/383 907/1331/395
f 883/1330/383 885/1329/384 851/1332/369
f 888/1333/386 885/1334/384 909/1335/396
f 885/1334/384 888/1333/386 854/1336/371
f 862/1337/373 909/1338/396 891/1339/387
f 909/1338/396 862/1337/373 888/1340/386
f 867/1302/375 911/1341/397 893/1303/388
f 911/1341/397 867/1302/375 891/1342/387
f 895/1343/389 893/1344/388 913/1345/398
f 893/1344/388 895/1343/389 869/1346/376
f 897/1347/390 895/1348/389 915/1349/399
f 895/1348/389 897/1347/390 871/1350/377
f 917/1351/400 873/1352/378 897/1353/390
f 873/1352/378 917/1351/400 899/1354/391
f 919/1355/401 879/1356/381 901/1357/392
f 879/1356/381 919/1355/401 903/1358/393
f 921/1359/402 881/1360/382 903/1361/393
f 881/1360/382 921/1359/402 905/1362/394
f 923/1363/403 883/1364/383 905/1365/394
f 883/1364/383 923/1363/403 907/1366/395
f 909/1367/396 907/1368/395 925/1369/404
f 907/1368/395 909/1367/396 885/1370/384
f 891/1371/387 925/1372/404 911/1373/397
f 925/1372/404 891/1371/387 909/1374/396
f 913/1345/398 911/1375/397 927/1376/405
f 911/1375/397 913/1345/398 893/1344/388
f 915/1377/399 913/1378/398 929/1379/406
f 913/1378/398 915/1377/399 895/1380/389
f 917/1381/400 915/1382/399 931/1383/407
f 915/1382/399 917/1381/400 897/1384/390
f 933/1385/408 903/1386/393 919/1387/401
f 903/1386/393 933/1385/408 921/1388/402
f 935/1389/409 905/1390/394 921/1391/402
f 905/1390/394 935/1389/409 923/1392/403
f 937/1393/410 907/1394/395 923/1395/403
f 907/1394/395 937/1393/410 925/1396/404
f 927/1397/405 925/1398/404 937/1399/410
f 925/1398/404 927/1397/405 911/1400/397
f 929/1379/406 927/1401/405 939/1402/411
f 927/1401/405 929/1379/406 913/1378/398
f 931/1403/407 929/1404/406 941/1405/412
f 929/1404/406 931/1403/407 915/1406/399
f 943/1407/413 921/1408/402 933/1409/408
f 921/1408/402 943/1407/413 935/1410/409
f 945/1411/414 923/1412/403 935/1413/409
f 923/1412/403 945/1411/414 937/1414/410
f 939/1415/411 937/1416/410 945/1417/414
f 937/1416/410 939/1415/411 927/1418/405
f 947/1405/412 939/1419/411 948/1420/415
f 939/1419/411 947/1405/412 929/1404/406
f 951/1421/416 935/1422/409 943/1423/413
f 935/1422/409 951/1421/416 945/1424/414
f 948/1425/415 945/1426/414 951/1427/416
f 945/1426/414 948/1425/415 939/1428/411
usemtl material_1_0
f 5//372 6//357 7//372
f 8//357 7//372 6//357
f 11//356 5//372 12//356
f 7//372 12//356 5//372
f 17//417 18//418 19//419
f 20//420 19//419 18//418
f 6//357 23//325 8//357
f 24//325 8//357 23//325
f 27//340 11//356 28//340
f 12//356 28//340 11//356
f 31//421 17//417 32//422
f 19//419 32//422 17//417
f 19//419 20//420 35//423
f 36//424 35//423 20//420
f 18//418 39//425 20//420
f 40//426 20//420 39//425
f 23//325 43//309 24//325
f 44//309 24//325 43//309
f 47//324 27//340 48//324
f 28//340 48//324 27//340
f 51//427 31//421 52//428
f 32//422 52//428 31//421
f 32//422 19//419 54//429
f 35//423 54//429 19//419
f 35//423 36//424 57//430
f 58//431 57//430 36//424
f 20//420 40//426 36//424
f 60//432 36//424 40//426
f 39//425 63//433 40//426
f 64//434 40//426 63//433
f 43//309 67//293 44//309
f 68//293 44//309 67//293
f 71//308 72//308 48//324
f 47//324 48//324 72//308
f 75//435 51//427 76//436
f 52//428 76//436 51//427
f 52//428 32//422 78//437
f 54//429 78//437 32//422
f 54//429 35//423 80//438
f 57//430 80//438 35//423
f 83//439 57//430 84//440
f 58//431 84//440 57//430
f 36//424 60//432 58//431
f 86//441 58//431 60//432
f 40//426 64//434 60//432
f 88//442 60//432 64//434
f 63//433 91//443 64//434
f 92//444 64//434 91//443
f 67//293 95//445 68//293
f 96//445 68//293 95//445
f 99//292 72//308 100//292
f 71//308 100//292 72//308
f 103//446 75//435 104//447
f 76//436 104//447 75//435
f 76//436 52//428 106//448
f 78//437 106//448 52//428
f 78//437 54//429 108//449
f 80//438 108//449 54//429
f 110//450 80//438 83//439
f 57//430 83//439 80//438
f 113//451 83//439 114//452
f 84//440 114//452 83//439
f 84//440 58//431 116//453
f 86//441 116//453 58//431
f 60//432 88//442 86//441
f 118//454 86//441 88//442
f 64//434 92//444 88//442
f 120//455 88//442 92//444
f 91//443 123//456 92//444
f 124//457 92//444 123//456
f 129//445 130//277 131//445
f 132//277 131//445 130//277
f 135//276 136//276 100//292
f 99//292 100//292 136//276
f 139//458 103//446 140//459
f 104//447 140//459 103//446
f 104//447 76//436 142//460
f 106//448 142//460 76//436
f 106//448 78//437 144//461
f 108//449 144//461 78//437
f 146//462 108//449 110//450
f 80//438 110//450 108//449
f 148//463 110//450 113//451
f 83//439 113//451 110//450
f 151//464 113//451 152//465
f 114//452 152//465 113//451
f 114//452 84//440 154//466
f 116//453 154//466 84//440
f 116//453 86//441 156//467
f 118//454 156//467 86//441
f 88//442 120//455 118//454
f 158//468 118//454 120//455
f 92//444 124//457 120//455
f 160//469 120//455 124//457
f 164//456 165//470 124//457
f 166//471 124//457 165//470
f 169//261 170//261 130//277
f 132//277 130//277 170//261
f 173//260 174//260 135//276
f 136//276 135//276 174//260
f 177//472 139//458 178//473
f 140//459 178//473 139//458
f 140//459 104//447 180//474
f 142//460 180//474 104//447
f 182//475 142//460 144//461
f 106//448 144//461 142//460
f 184//476 144//461 146//462
f 108//449 146//462 144//461
f 186//477 146//462 148//463
f 110//450 148//463 146//462
f 188//478 148//463 151//464
f 113//451 151//464 148//463
f 152//465 114//452 190//479
f 154//466 190//479 114//452
f 154//466 116//453 192//480
f 156//467 192//480 116//453
f 118//454 158//468 156//467
f 194//481 156//467 158//468
f 120//455 160//469 158//468
f 196//482 158//468 160//469
f 124//457 166//471 160//469
f 198//483 160//469 166//471
f 201//484 202//485 165//470
f 166//471 165//470 202//485
f 169//261 205//245 170//261
f 206//245 170//261 205//245
f 209//244 174//260 210//244
f 173//260 210//244 174//260
f 213//486 177//472 214//487
f 178//473 214//487 177//472
f 178//473 140//459 216//488
f 180//474 216//488 140//459
f 180//474 142//460 218//489
f 182//475 218//489 142//460
f 220//490 182//475 184//476
f 144//461 184//476 182//475
f 222//491 184//476 186//477
f 146//462 186//477 184//476
f 224//492 186//477 188//478
f 148//463 188//478 186//477
f 190//479 154//466 226//493
f 192//480 226//493 154//466
f 156//467 194//481 192//480
f 228//494 192//480 194//481
f 158//468 196//482 194//481
f 230//495 194//481 196//482
f 160//469 198//483 196//482
f 232//496 196//482 198//483
f 202//485 234//497 166//471
f 198//483 166//471 234//497
f 201//484 237//498 202//485
f 238//499 202//485 237//498
f 205//245 241//229 206//245
f 242//229 206//245 241//229
f 245//228 246//228 210//244
f 209//244 210//244 246//228
f 249//500 213//486 250//501
f 214//487 250//501 213//486
f 214//487 178//473 252//502
f 216//488 252//502 178//473
f 216//488 180//474 254//503
f 218//489 254//503 180//474
f 256//504 218//489 220//490
f 182//475 220//490 218//489
f 258//505 220//490 222//491
f 184//476 222//491 220//490
f 260//506 222//491 224//492
f 186//477 224//492 222//491
f 192//480 228//494 226//493
f 262//507 226//493 228//494
f 194//481 230//495 228//494
f 264//508 228//494 230//495
f 196//482 232//496 230//495
f 266//509 230//495 232//496
f 234//497 268//510 198//483
f 232//496 198//483 268//510
f 202//485 238//499 234//497
f 270//511 234//497 238//499
f 237//498 273//512 238//499
f 274//513 238//499 273//512
f 241//229 277//213 242//229
f 278//213 242//229 277//213
f 281//212 282//212 245//228
f 246//228 245//228 282//212
f 285//514 249//500 286//515
f 250//501 286//515 249//500
f 250//501 214//487 288//516
f 252//502 288//516 214//487
f 252//502 216//488 290//517
f 254//503 290//517 216//488
f 292//518 254//503 256//504
f 218//489 256//504 254//503
f 294//519 256//504 258//505
f 220//490 258//505 256//504
f 296//520 258//505 260//506
f 222//491 260//506 258//505
f 228//494 264//508 262//507
f 298//521 262//507 264//508
f 230//495 266//509 264//508
f 300//522 264//508 266//509
f 232//496 268//510 266//509
f 302//523 266//509 268//510
f 234//497 270//511 268//510
f 304//524 268//510 270//511
f 238//499 274//513 270//511
f 306//525 270//511 274//513
f 273//512 309//526 274//513
f 310//527 274//513 309//526
f 313//197 278//213 314//197
f 277//213 314//197 278//213
f 317//196 282//212 318//196
f 281//212 318//196 282//212
f 321//528 285//514 322//529
f 286//515 322//529 285//514
f 286//515 250//501 324//530
f 288//516 324//530 250//501
f 288//516 252//502 326//531
f 290//517 326//531 252//502
f 328//532 290//517 292//518
f 254//503 292//518 290//517
f 330//533 292//518 294//519
f 256//504 294//519 292//518
f 332//534 294//519 296//520
f 258//505 296//520 294//519
f 264//508 300//522 335//521
f 336//535 335//521 300//522
f 266//509 302//523 300//522
f 338//536 300//522 302//523
f 268//510 304//524 302//523
f 340//537 302//523 304//524
f 270//511 306//525 304//524
f 342//538 304//524 306//525
f 274//513 310//527 306//525
f 344//539 306//525 310//527
f 347//540 348//541 309//526
f 310//527 309//526 348//541
f 351//181 352//181 314//197
f 313//197 314//197 352//181
f 355//180 356//180 318//196
f 317//196 318//196 356//180
f 359//542 360//543 322//529
f 321//528 322//529 360//543
f 322//529 286//515 362//544
f 324//530 362//544 286//515
f 324//530 288//516 364//545
f 326//531 364//545 288//516
f 366//546 326//531 328//532
f 290//517 328//532 326//531
f 368//547 328//532 330//533
f 292//518 330//533 328//532
f 370//548 330//533 332//534
f 294//519 332//534 330//533
f 300//522 338//536 336//535
f 372//549 336//535 338//536
f 302//523 340//537 338//536
f 374//550 338//536 340//537
f 304//524 342//538 340//537
f 376//551 340//537 342//538
f 306//525 344//539 342//538
f 378//552 342//538 344//539
f 348//541 380//553 310//527
f 344//539 310//527 380//553
f 383//554 384//555 347//540
f 348//541 347//540 384//555
f 387//165 388//165 351//181
f 352//181 351//181 388//165
f 391//164 392//164 355//180
f 356//180 355//180 392//164
f 395//556 396//557 359//542
f 360//543 359//542 396//557
f 398//558 359//542 362//544
f 322//529 362//544 359//542
f 362//544 324//530 400//559
f 364//545 400//559 324//530
f 402//560 364//545 366//546
f 326//531 366//546 364//545
f 404//561 366//546 368//547
f 328//532 368//547 366//546
f 406//562 368//547 370//548
f 330//533 370//548 368//547
f 338//536 374//550 372//549
f 408//563 372//549 374//550
f 340//537 376//551 374//550
f 410//564 374//550 376//551
f 342//538 378//552 376//551
f 412//565 376//551 378//552
f 344//539 380//553 378//552
f 414//566 378//552 380//553
f 384//555 416//567 348//541
f 380//553 348//541 416//567
f 419//568 420//569 383//554
f 384//555 383//554 420//569
f 423//149 388//165 424//149
f 387//165 424//149 388//165
f 427//148 428//148 391//164
f 392//164 391//164 428//148
f 431//570 432//571 395//556
f 396//557 395//556 432//571
f 434//572 395//556 398//558
f 359//542 398//558 395//556
f 436//573 398//558 400//559
f 362//544 400//559 398//558
f 402//560 438//574 364//545
f 400//559 364//545 438//574
f 440//575 402//560 404//561
f 366//546 404//561 402//560
f 442//576 404//561 406//562
f 368//547 406//562 404//561
f 374//550 410//564 408//563
f 444//577 408//563 410//564
f 376//551 412//565 410//564
f 446//578 410//564 412//565
f 378//552 414//566 412//565
f 448//579 412//565 414//566
f 416//567 450//580 380//553
f 414//566 380//553 450//580
f 420//569 452//581 384//555
f 416//567 384//555 452//581
f 455//582 456//583 419//568
f 420//569 419//568 456//583
f 459//133 460//133 424//149
f 423//149 424//149 460//133
f 463//132 464//132 427//148
f 428//148 427//148 464//132
f 467//584 468//585 431//570
f 432//571 431//570 468//585
f 470//586 431//570 434//572
f 395//556 434//572 431//570
f 472//587 434//572 436//573
f 398//558 436//573 434//572
f 438//574 474//588 400//559
f 436//573 400//559 474//588
f 440//575 476//589 402//560
f 438//574 402//560 476//589
f 478//590 440//575 442//576
f 404//561 442//576 440//575
f 410//564 446//578 444//577
f 480//591 444//577 446//578
f 412//565 448//579 446//578
f 482//592 446//578 448//579
f 414//566 450//580 448//579
f 484//593 448//579 450//580
f 452//581 486//594 416//567
f 450//580 416//567 486//594
f 456//583 488//595 420//569
f 452//581 420//569 488//595
f 491//596 492//597 455//582
f 456//583 455//582 492//597
f 495//117 496//117 459//133
f 460//133 459//133 496//117
f 499//116 464//132 500//116
f 463//132 500//116 464//132
f 503//598 504//599 467//584
f 468//585 467//584 504//599
f 506//600 467//584 470//586
f 431//570 470//586 467//584
f 508//601 470//586 472//587
f 434//572 472//587 470//586
f 474//588 510//602 436//573
f 472//587 436//573 510//602
f 476//589 512//603 438//574
f 474//588 438//574 512//603
f 478//590 514//604 440//575
f 476//589 440//575 514//604
f 446//578 482//592 480//591
f 516//605 480//591 482//592
f 448//579 484//593 482//592
f 518//606 482//592 484//593
f 450//580 486//594 484//593
f 520//607 484//593 486//594
f 488//595 522//608 452//581
f 486//594 452//581 522//608
f 492//597 524//609 456//583
f 488//595 456//583 524//609
f 527//610 528//611 491//596
f 492//597 491//596 528//611
f 531//101 496//117 532//101
f 495//117 532//101 496//117
f 535//100 499//116 536//100
f 500//116 536//100 499//116
f 539//612 540//613 503//598
f 504//599 503//598 540//613
f 542//614 503//598 506//600
f 467//584 506//600 503//598
f 544//615 506//600 508//601
f 470//586 508//601 506//600
f 510//602 546//616 472//587
f 508//601 472//587 546//616
f 512//603 548//617 474//588
f 510//602 474//588 548//617
f 514//604 550//618 476//589
f 512//603 476//589 550//618
f 482//592 518//606 516//605
f 552//619 516//605 518//606
f 484//593 520//607 518//606
f 554//620 518//606 520//607
f 486//594 522//608 520//607
f 556//621 520//607 522//608
f 524//609 558//622 488//595
f 522//608 488//595 558//622
f 528//611 560//623 492//597
f 524//609 492//597 560//623
f 563//624 564//625 527//610
f 528//611 527//610 564//625
f 567//85 568//85 532//101
f 531//101 532//101 568//85
f 571//84 535//100 572//84
f 536//100 572//84 535//100
f 575//626 540//613 576//627
f 539//612 576//627 540//613
f 578//628 539//612 542//614
f 503//598 542//614 539//612
f 580//629 542//614 544//615
f 506//600 544//615 542//614
f 546//616 582//630 508//601
f 544//615 508//601 582//630
f 548//617 584//631 510//602
f 546//616 510//602 584//631
f 550//618 586//632 512//603
f 548//617 512//603 586//632
f 518//606 554//620 552//619
f 588//633 552//619 554//620
f 520//607 556//621 554//620
f 590//634 554//620 556//621
f 522//608 558//622 556//621
f 592//635 556//621 558//622
f 560//623 594//636 524//609
f 558//622 524//609 594//636
f 564//625 596//637 528//611
f 560//623 528//611 596//637
f 599//638 564//625 600//639
f 563//624 600//639 564//625
f 603//69 604//69 567//85
f 568//85 567//85 604//69
f 571//84 572//84 607//68
f 608//68 607//68 572//84
f 611//640 575//626 612//641
f 576//627 612//641 575//626
f 576//627 539//612 614//642
f 578//628 614//642 539//612
f 580//629 616//643 542//614
f 578//628 542//614 616//643
f 582//630 618//644 544//615
f 580//629 544//615 618//644
f 584//631 620//645 546//616
f 582//630 546//616 620//645
f 586//632 622//646 548//617
f 584//631 548//617 622//646
f 554//620 590//634 588//633
f 624//647 588//633 590//634
f 556//621 592//635 590//634
f 626//648 590//634 592//635
f 558//622 594//636 592//635
f 628//649 592//635 594//636
f 596//637 630//650 560//623
f 594//636 560//623 630//650
f 632//651 596//637 599//638
f 564//625 599//638 596//637
f 635//652 599//638 636//653
f 600//639 636//653 599//638
f 639//53 640//53 603//69
f 604//69 603//69 640//53
f 643//52 607//68 644//52
f 608//68 644//52 607//68
f 611//640 612//641 647//654
f 648//655 647//654 612//641
f 612//641 576//627 650//656
f 614//642 650//656 576//627
f 614//642 578//628 652//657
f 616//643 652//657 578//628
f 618//644 654//658 580//629
f 616//643 580//629 654//658
f 620//645 656//659 582//630
f 618//644 582//630 656//659
f 622//646 658//660 584//631
f 620//645 584//631 658//660
f 590//634 626//648 624//647
f 660//661 624//647 626//648
f 592//635 628//649 626//648
f 662//662 626//648 628//649
f 630//650 664//663 594//636
f 628//649 594//636 664//663
f 666//664 630//650 632//651
f 596//637 632//651 630//650
f 668//665 632//651 635//652
f 599//638 635//652 632//651
f 671//666 635//652 672//667
f 636//653 672//667 635//652
f 675//39 640//53 676//39
f 639//53 676//39 640//53
f 679//26 643//52 680//26
f 644//52 680//26 643//52
f 683//668 647//654 684//669
f 648//655 684//669 647//654
f 612//641 650//656 648//655
f 686//670 648//655 650//656
f 650//656 614//642 688//671
f 652//657 688//671 614//642
f 654//658 690//672 616//643
f 652//657 616//643 690//672
f 656//659 692//673 618//644
f 654//658 618//644 692//673
f 658//660 694//674 620//645
f 656//659 620//645 694//674
f 626//648 662//662 660//661
f 696//675 660//661 662//662
f 664//663 698//676 628//649
f 662//662 628//649 698//676
f 666//664 700//677 630//650
f 664//663 630//650 700//677
f 702//678 666//664 668//665
f 632//651 668//665 666//664
f 704//679 668//665 671//666
f 635//652 671//666 668//665
f 707//680 671//666 708//681
f 672//667 708//681 671//666
f 711//27 712//27 676//39
f 675//39 676//39 712//27
f 715//16 679//26 716//16
f 680//26 716//16 679//26
f 719//682 683//668 720//683
f 684//669 720//683 683//668
f 684//669 648//655 722//684
f 686//670 722//684 648//655
f 650//656 688//671 686//670
f 724//685 686//670 688//671
f 690//672 726//686 652//657
f 688//671 652//657 726//686
f 692//673 728//687 654//658
f 690//672 654//658 728//687
f 694//674 730//688 656//659
f 692//673 656//659 730//688
f 698//676 732//689 662//662
f 696//675 662//662 732//689
f 700//677 734//690 664//663
f 698//676 664//663 734//690
f 702//678 736//691 666//664
f 700//677 666//664 736//691
f 738//692 702//678 704//679
f 668//665 704//679 702//678
f 740//693 704//679 707//680
f 671//666 707//680 704//679
f 743//694 707//680 744//695
f 708//681 744//695 707//680
f 747//17 748//17 711//27
f 712//27 711//27 748//17
f 751//8 715//16 752//8
f 716//16 752//8 715//16
f 755//696 719//682 756//697
f 720//683 756//697 719//682
f 720//683 684//669 758//698
f 722//684 758//698 684//669
f 722//684 686//670 760//699
f 724//685 760//699 686//670
f 726//686 762//700 688//671
f 724//685 688//671 762//700
f 728//687 764//701 690//672
f 726//686 690//672 764//701
f 730//688 766//702 692//673
f 728//687 692//673 766//702
f 734//690 768//703 698//676
f 732//689 698//676 768//703
f 736//691 770//704 700//677
f 734//690 700//677 770//704
f 738//692 772//705 702//678
f 736//691 702//678 772//705
f 774//706 738//692 740//693
f 704//679 740//693 738//692
f 776//707 740//693 743//694
f 707//680 743//694 740//693
f 779//708 743//694 780//709
f 744//695 780//709 743//694
f 747//17 783//9 748//17
f 784//9 748//17 783//9
f 751//8 752//8 787//710
f 788//710 787//710 752//8
f 791//711 755//696 792//712
f 756//697 792//712 755//696
f 756//697 720//683 794//713
f 758//698 794//713 720//683
f 758//698 722//684 796//714
f 760//699 796//714 722//684
f 762//700 798//715 724//685
f 760//699 724//685 798//715
f 764//701 800//716 726//686
f 762//700 726//686 800//716
f 766//702 802//717 728//687
f 764//701 728//687 802//717
f 770//704 804//718 734//690
f 768//703 734//690 804//718
f 772//705 806//719 736//691
f 770//704 736//691 806//719
f 774//706 808//720 738//692
f 772//705 738//692 808//720
f 810//721 774//706 776//707
f 740//693 776//707 774//706
f 812//722 776//707 779//708
f 743//694 779//708 776//707
f 780//709 815//723 779//708
f 816//724 779//708 815//723
f 783//9 819//3 784//9
f 820//3 784//9 819//3
f 825//1 826//710 827//1
f 828//710 827//1 826//710
f 791//711 792//712 831//725
f 832//726 831//725 792//712
f 792//712 756//697 834//727
f 794//713 834//727 756//697
f 794//713 758//698 836//728
f 796//714 836//728 758//698
f 798//715 838//729 760//699
f 796//714 760//699 838//729
f 800//716 840//730 762//700
f 798//715 762//700 840//730
f 802//717 842//731 764//701
f 800//716 764//701 842//731
f 806//719 844//732 770//704
f 804//718 770//704 844//732
f 808//720 846//733 772//705
f 806//719 772//705 846//733
f 810//721 848//734 774//706
f 808//720 774//706 848//734
f 812//722 850//735 776//707
f 810//721 776//707 850//735
f 779//708 816//724 812//722
f 852//736 812//722 816//724
f 815//723 855//737 816//724
f 856//738 816//724 855//737
f 819//3 859//2 820//3
f 860//2 820//3 859//2
f 859//2 825//1 860//2
f 827//1 860//2 825//1
f 864//739 865//725 866//740
f 832//726 866//740 865//725
f 792//712 834//727 832//726
f 868//741 832//726 834//727
f 834//727 794//713 870//742
f 836//728 870//742 794//713
f 796//714 838//729 836//728
f 872//743 836//728 838//729
f 840//730 874//744 798//715
f 838//729 798//715 874//744
f 842//731 876//745 800//716
f 840//730 800//716 876//745
f 846//733 878//746 806//719
f 844//732 806//719 878//746
f 848//734 880//747 808//720
f 846//733 808//720 880//747
f 850//735 882//748 810//721
f 848//734 810//721 882//748
f 812//722 852//736 850//735
f 884//749 850//735 852//736
f 816//724 856//738 852//736
f 886//750 852//736 856//738
f 855//737 889//751 856//738
f 890//752 856//738 889//751
f 889//751 864//739 890//752
f 866//740 890//752 864//739
f 866//740 832//726 892//753
f 868//741 892//753 832//726
f 834//727 870//742 868//741
f 894//754 868//741 870//742
f 836//728 872//743 870//742
f 896//755 870//742 872//743
f 838//729 874//744 872//743
f 898//756 872//743 874//744
f 876//745 900//757 840//730
f 874//744 840//730 900//757
f 880//747 902//758 846//733
f 878//746 846//733 902//758
f 882//748 904//759 848//734
f 880//747 848//734 904//759
f 884//749 906//760 850//735
f 882//748 850//735 906//760
f 852//736 886//750 884//749
f 908//761 884//749 886//750
f 856//738 890//752 886//750
f 910//762 886//750 890//752
f 890//752 866//740 910//762
f 892//753 910//762 866//740
f 892//753 868//741 912//763
f 894//754 912//763 868//741
f 870//742 896//755 894//754
f 914//764 894//754 896//755
f 872//743 898//756 896//755
f 916//765 896//755 898//756
f 900//757 918//766 874//744
f 898//756 874//744 918//766
f 904//759 920//767 880//747
f 902//758 880//747 920//767
f 906//760 922//768 882//748
f 904//759 882//748 922//768
f 908//761 924//769 884//749
f 906//760 884//749 924//769
f 886//750 910//762 908//761
f 926//770 908//761 910//762
f 910//762 892//753 926//770
f 912//763 926//770 892//753
f 894//754 914//764 912//763
f 928//771 912//763 914//764
f 896//755 916//765 914//764
f 930//772 914//764 916//765
f 898//756 918//766 916//765
f 932//773 916//765 918//766
f 922//768 934//774 904//759
f 920//767 904//759 934//774
f 924//769 936//775 906//760
f 922//768 906//760 936//775
f 926//770 938//776 908//761
f 924//769 908//761 938//776
f 912//763 928//771 926//770
f 938//776 926//770 928//771
f 914//764 930//772 928//771
f 940//777 928//771 930//772
f 916//765 932//773 930//772
f 942//778 930//772 932//773
f 936//775 944//779 922//768
f 934//774 922//768 944//779
f 938//776 946//780 924//769
f 936//775 924//769 946//780
f 928//771 940//777 938//776
f 946//780 938//776 940//777
f 930//772 949//778 940//777
f 950//781 940//777 949//778
f 946//780 952//782 936//775
f 944//779 936//775 952//782
f 940//777 950//781 946//780
f 952//782 946//780 950//781
