# SSTK version 0.8.0
# 92
mtllib original-92.mtl
o #ID687
v -0.289301 -0.098035 0.204396
v -0.291236 -0.087892 0.370705
v -0.289301 -0.098035 0.370705
v -0.291236 -0.087892 0.204396
v -0.277917 -0.133071 0.370705
v -0.277917 -0.133071 0.204396
v -0.112325 -0.297539 0.204396
v -0.119153 -0.279062 0.204396
v -0.130070 -0.290513 0.204396
v -0.116888 -0.276110 0.204396
v -0.115464 -0.272672 0.204396
v -0.114978 -0.268982 0.204396
v -0.112325 -0.232299 0.204396
v -0.122106 -0.281328 0.204396
v -0.125544 -0.282752 0.204396
v -0.129233 -0.283237 0.204396
v -0.115464 -0.265293 0.204396
v -0.116888 -0.261855 0.204396
v -0.119153 -0.258902 0.204396
v -0.122106 -0.256637 0.204396
v -0.125544 -0.255213 0.204396
v -0.129233 -0.254727 0.204396
v -0.192156 -0.251112 0.204396
v -0.182535 -0.248065 0.204396
v -0.186225 -0.248551 0.204396
v -0.179097 -0.246641 0.204396
v -0.176145 -0.244376 0.204396
v -0.173880 -0.241424 0.204396
v -0.172456 -0.237986 0.204396
v -0.171970 -0.234296 0.204396
v -0.172456 -0.230607 0.204396
v -0.136490 -0.231475 0.204396
v -0.140179 -0.230989 0.204396
v -0.143617 -0.229565 0.204396
v -0.173880 -0.227169 0.204396
v -0.146569 -0.227300 0.204396
v -0.148835 -0.224347 0.204396
v -0.176145 -0.224216 0.204396
v -0.150259 -0.220909 0.204396
v -0.179097 -0.221951 0.204396
v -0.182535 -0.220527 0.204396
v -0.150745 -0.217220 0.204396
v -0.186225 -0.220041 0.204396
v -0.196305 -0.244376 0.204396
v -0.219010 -0.225894 0.204396
v -0.193353 -0.246641 0.204396
v -0.189915 -0.248065 0.204396
v -0.198570 -0.241424 0.204396
v -0.199994 -0.237986 0.204396
v -0.200480 -0.234296 0.204396
v -0.199994 -0.230607 0.204396
v -0.198570 -0.227169 0.204396
v -0.196305 -0.224216 0.204396
v -0.242492 -0.197509 0.204396
v -0.193353 -0.221951 0.204396
v -0.189915 -0.220527 0.204396
v -0.150259 -0.213530 0.204396
v -0.148835 -0.210092 0.204396
v -0.146569 -0.207140 0.204396
v -0.143617 -0.204875 0.204396
v -0.140179 -0.203451 0.204396
v -0.136490 -0.202965 0.204396
v -0.205357 -0.072329 0.204396
v -0.254126 -0.068839 0.204396
v -0.253640 -0.072528 0.204396
v -0.209046 -0.071843 0.204396
v -0.212484 -0.070419 0.204396
v -0.215437 -0.068153 0.204396
v -0.255550 -0.065401 0.204396
v -0.217702 -0.065201 0.204396
v -0.257815 -0.062449 0.204396
v -0.219126 -0.061763 0.204396
v -0.260768 -0.060183 0.204396
v -0.219612 -0.058074 0.204396
v -0.264206 -0.058759 0.204396
v -0.267895 -0.058273 0.204396
v -0.132800 -0.230989 0.204396
v -0.129362 -0.229565 0.204396
v -0.126410 -0.227300 0.204396
v -0.124144 -0.224347 0.204396
v -0.115156 -0.207865 0.204396
v -0.122720 -0.220909 0.204396
v -0.122234 -0.217220 0.204396
v -0.122720 -0.213530 0.204396
v -0.124144 -0.210092 0.204396
v -0.126410 -0.207140 0.204396
v -0.119857 -0.183720 0.204396
v -0.129362 -0.204875 0.204396
v -0.132800 -0.203451 0.204396
v -0.182535 -0.195797 0.204396
v -0.186225 -0.196283 0.204396
v -0.179097 -0.194373 0.204396
v -0.176145 -0.192107 0.204396
v -0.173880 -0.189155 0.204396
v -0.172456 -0.185717 0.204396
v -0.171970 -0.182028 0.204396
v -0.144952 -0.169793 0.204396
v -0.126400 -0.160008 0.204396
v -0.148390 -0.171217 0.204396
v -0.172456 -0.178338 0.204396
v -0.173880 -0.174900 0.204396
v -0.152079 -0.171703 0.204396
v -0.176145 -0.171948 0.204396
v -0.141999 -0.167527 0.204396
v -0.139734 -0.164575 0.204396
v -0.138310 -0.161137 0.204396
v -0.137824 -0.157447 0.204396
v -0.134745 -0.136869 0.204396
v -0.138310 -0.153758 0.204396
v -0.139734 -0.150320 0.204396
v -0.141999 -0.147368 0.204396
v -0.144952 -0.145102 0.204396
v -0.148390 -0.143678 0.204396
v -0.152079 -0.143192 0.204396
v -0.192815 -0.140437 0.204396
v -0.191391 -0.136999 0.204396
v -0.190906 -0.133309 0.204396
v -0.144844 -0.114440 0.204396
v -0.191391 -0.129620 0.204396
v -0.192815 -0.126182 0.204396
v -0.195081 -0.123230 0.204396
v -0.167504 -0.117496 0.204396
v -0.171193 -0.117981 0.204396
v -0.198033 -0.120964 0.204396
v -0.201471 -0.119540 0.204396
v -0.205161 -0.119054 0.204396
v -0.164065 -0.116071 0.204396
v -0.161113 -0.113806 0.204396
v -0.158848 -0.110854 0.204396
v -0.157424 -0.107416 0.204396
v -0.156938 -0.103726 0.204396
v -0.156636 -0.092853 0.204396
v -0.157424 -0.100037 0.204396
v -0.158848 -0.096599 0.204396
v -0.161113 -0.093646 0.204396
v -0.164065 -0.091381 0.204396
v -0.170052 -0.072236 0.204396
v -0.167504 -0.089957 0.204396
v -0.171193 -0.089471 0.204396
v -0.213422 -0.087519 0.204396
v -0.214846 -0.084081 0.204396
v -0.217112 -0.081129 0.204396
v -0.220064 -0.078863 0.204396
v -0.223502 -0.077439 0.204396
v -0.227192 -0.076953 0.204396
v -0.254126 -0.076218 0.204396
v -0.201667 -0.071843 0.204396
v -0.198229 -0.070419 0.204396
v -0.195277 -0.068153 0.204396
v -0.193011 -0.065201 0.204396
v -0.185014 -0.052711 0.204396
v -0.191587 -0.061763 0.204396
v -0.191102 -0.058074 0.204396
v -0.191587 -0.054384 0.204396
v -0.193011 -0.050946 0.204396
v -0.201431 -0.034393 0.204396
v -0.195277 -0.047994 0.204396
v -0.198229 -0.045728 0.204396
v -0.201667 -0.044304 0.204396
v -0.205357 -0.043818 0.204396
v -0.250037 -0.026173 0.204396
v -0.253726 -0.026658 0.204396
v -0.219207 -0.017392 0.204396
v -0.246599 -0.024748 0.204396
v -0.243647 -0.022483 0.204396
v -0.241381 -0.019531 0.204396
v -0.239957 -0.016093 0.204396
v -0.239471 -0.012403 0.204396
v -0.238238 -0.001806 0.204396
v -0.239957 -0.008714 0.204396
v -0.241381 -0.005276 0.204396
v -0.243647 -0.002323 0.204396
v -0.246599 -0.000058 0.204396
v -0.258409 0.012271 0.204396
v -0.250037 0.001366 0.204396
v -0.253726 0.001852 0.204396
v -0.296204 0.011684 0.204396
v -0.291980 0.033827 0.204396
v -0.241359 -0.189146 0.204396
v -0.262232 -0.166405 0.204396
v -0.238407 -0.191412 0.204396
v -0.234969 -0.192836 0.204396
v -0.231279 -0.193322 0.204396
v -0.189915 -0.195797 0.204396
v -0.193353 -0.194373 0.204396
v -0.243624 -0.186194 0.204396
v -0.245048 -0.182756 0.204396
v -0.245534 -0.179066 0.204396
v -0.245048 -0.175377 0.204396
v -0.243624 -0.171939 0.204396
v -0.241359 -0.168987 0.204396
v -0.238407 -0.166721 0.204396
v -0.234969 -0.165297 0.204396
v -0.277917 -0.133071 0.204396
v -0.231279 -0.164811 0.204396
v -0.263191 -0.137888 0.204396
v -0.164425 -0.164575 0.204396
v -0.165849 -0.161137 0.204396
v -0.166334 -0.157447 0.204396
v -0.208850 -0.147079 0.204396
v -0.165849 -0.153758 0.204396
v -0.205161 -0.147564 0.204396
v -0.164425 -0.150320 0.204396
v -0.212288 -0.145655 0.204396
v -0.259502 -0.138374 0.204396
v -0.215240 -0.143389 0.204396
v -0.217506 -0.140437 0.204396
v -0.266629 -0.136464 0.204396
v -0.269582 -0.134199 0.204396
v -0.271847 -0.131246 0.204396
v -0.289301 -0.098035 0.204396
v -0.273271 -0.127808 0.204396
v -0.273757 -0.124119 0.204396
v -0.273271 -0.120429 0.204396
v -0.271847 -0.116991 0.204396
v -0.269582 -0.114039 0.204396
v -0.266629 -0.111773 0.204396
v -0.263191 -0.110349 0.204396
v -0.259502 -0.109864 0.204396
v -0.227192 -0.105464 0.204396
v -0.184962 -0.107416 0.204396
v -0.230881 -0.104978 0.204396
v -0.234319 -0.103554 0.204396
v -0.237272 -0.101288 0.204396
v -0.239537 -0.098336 0.204396
v -0.240961 -0.094898 0.204396
v -0.291236 -0.087892 0.204396
v -0.241447 -0.091208 0.204396
v -0.240961 -0.087519 0.204396
v -0.267895 -0.086783 0.204396
v -0.271585 -0.086298 0.204396
v -0.275023 -0.084874 0.204396
v -0.277975 -0.082608 0.204396
v -0.296204 -0.061849 0.204396
v -0.280240 -0.079656 0.204396
v -0.281665 -0.076218 0.204396
v -0.282150 -0.072528 0.204396
v -0.281665 -0.068839 0.204396
v -0.280240 -0.065401 0.204396
v -0.277975 -0.062449 0.204396
v -0.275023 -0.060183 0.204396
v -0.298517 -0.025082 0.204396
v -0.271585 -0.058759 0.204396
v -0.219126 -0.054384 0.204396
v -0.217702 -0.050946 0.204396
v -0.215437 -0.047994 0.204396
v -0.212484 -0.045728 0.204396
v -0.209046 -0.044304 0.204396
v -0.257416 -0.026173 0.204396
v -0.260854 -0.024748 0.204396
v -0.263806 -0.022483 0.204396
v -0.266072 -0.019531 0.204396
v -0.267496 -0.016093 0.204396
v -0.267981 -0.012403 0.204396
v -0.267496 -0.008714 0.204396
v -0.266072 -0.005276 0.204396
v -0.263806 -0.002323 0.204396
v -0.260854 -0.000058 0.204396
v -0.257416 0.001366 0.204396
v -0.179097 -0.169682 0.204396
v -0.155769 -0.171217 0.204396
v -0.159207 -0.169793 0.204396
v -0.162159 -0.167527 0.204396
v -0.182535 -0.168258 0.204396
v -0.186225 -0.167772 0.204396
v -0.196305 -0.192107 0.204396
v -0.227590 -0.192836 0.204396
v -0.224152 -0.191412 0.204396
v -0.198570 -0.189155 0.204396
v -0.221199 -0.189146 0.204396
v -0.199994 -0.185717 0.204396
v -0.218934 -0.186194 0.204396
v -0.217510 -0.182756 0.204396
v -0.200480 -0.182028 0.204396
v -0.217024 -0.179066 0.204396
v -0.199994 -0.178338 0.204396
v -0.217510 -0.175377 0.204396
v -0.198570 -0.174900 0.204396
v -0.218934 -0.171939 0.204396
v -0.196305 -0.171948 0.204396
v -0.193353 -0.169682 0.204396
v -0.221199 -0.168987 0.204396
v -0.189915 -0.168258 0.204396
v -0.224152 -0.166721 0.204396
v -0.227590 -0.165297 0.204396
v -0.218930 -0.136999 0.204396
v -0.255812 -0.137888 0.204396
v -0.252374 -0.136464 0.204396
v -0.219416 -0.133309 0.204396
v -0.249422 -0.134199 0.204396
v -0.247156 -0.131246 0.204396
v -0.218930 -0.129620 0.204396
v -0.245732 -0.127808 0.204396
v -0.217506 -0.126182 0.204396
v -0.245247 -0.124119 0.204396
v -0.215240 -0.123230 0.204396
v -0.245732 -0.120429 0.204396
v -0.212288 -0.120964 0.204396
v -0.208850 -0.119540 0.204396
v -0.247156 -0.116991 0.204396
v -0.174882 -0.117496 0.204396
v -0.178321 -0.116071 0.204396
v -0.249422 -0.114039 0.204396
v -0.181273 -0.113806 0.204396
v -0.252374 -0.111773 0.204396
v -0.183538 -0.110854 0.204396
v -0.255812 -0.110349 0.204396
v -0.239537 -0.084081 0.204396
v -0.264206 -0.086298 0.204396
v -0.260768 -0.084874 0.204396
v -0.257815 -0.082608 0.204396
v -0.237272 -0.081129 0.204396
v -0.255550 -0.079656 0.204396
v -0.234319 -0.078863 0.204396
v -0.230881 -0.077439 0.204396
v -0.185448 -0.103726 0.204396
v -0.223502 -0.104978 0.204396
v -0.220064 -0.103554 0.204396
v -0.184962 -0.100037 0.204396
v -0.217112 -0.101288 0.204396
v -0.214846 -0.098336 0.204396
v -0.183538 -0.096599 0.204396
v -0.213422 -0.094898 0.204396
v -0.181273 -0.093646 0.204396
v -0.212937 -0.091208 0.204396
v -0.178321 -0.091381 0.204396
v -0.174882 -0.089957 0.204396
v -0.162159 -0.147368 0.204396
v -0.201471 -0.147079 0.204396
v -0.159207 -0.145102 0.204396
v -0.198033 -0.145655 0.204396
v -0.195081 -0.143389 0.204396
v -0.155769 -0.143678 0.204396
v -0.132923 -0.282752 0.204396
v -0.162352 -0.272766 0.204396
v -0.136361 -0.281328 0.204396
v -0.139313 -0.279062 0.204396
v -0.141579 -0.276110 0.204396
v -0.143003 -0.272672 0.204396
v -0.143488 -0.268982 0.204396
v -0.143003 -0.265293 0.204396
v -0.141579 -0.261855 0.204396
v -0.139313 -0.258902 0.204396
v -0.136361 -0.256637 0.204396
v -0.132923 -0.255213 0.204396
v -0.291236 -0.087892 0.204396
v -0.296204 -0.061849 0.370705
v -0.291236 -0.087892 0.370705
v -0.296204 -0.061849 0.204396
v -0.262232 -0.166405 0.204396
v -0.262232 -0.166405 0.370705
v -0.112325 -0.232299 0.204396
v -0.112325 -0.297539 0.256665
v -0.112325 -0.232299 0.256665
v -0.112325 -0.297539 0.204396
v -0.115156 -0.207865 0.204396
v -0.112325 -0.232299 0.256665
v -0.115156 -0.207865 0.256665
v -0.112325 -0.232299 0.204396
v -0.119857 -0.183720 0.204396
v -0.119857 -0.183720 0.256665
v -0.126400 -0.160008 0.204396
v -0.126400 -0.160008 0.256665
v -0.134745 -0.136869 0.204396
v -0.134745 -0.136869 0.256665
v -0.144844 -0.114440 0.204396
v -0.144844 -0.114440 0.256665
v -0.156636 -0.092853 0.204396
v -0.156636 -0.092853 0.256665
v -0.170052 -0.072236 0.204396
v -0.170052 -0.072236 0.256665
v -0.185014 -0.052711 0.204396
v -0.185014 -0.052711 0.256665
v -0.201431 -0.034393 0.204396
v -0.201431 -0.034393 0.256665
v -0.219207 -0.017392 0.256665
v -0.219207 -0.017392 0.204396
v -0.238238 -0.001806 0.256665
v -0.238238 -0.001806 0.204396
v -0.258409 0.012271 0.256665
v -0.258409 0.012271 0.204396
v -0.258409 0.012271 0.204396
v -0.291980 0.033827 0.256665
v -0.291980 0.033827 0.204396
v -0.258409 0.012271 0.256665
v -0.296204 0.011684 0.204396
v -0.289301 0.047871 0.370705
v -0.296204 0.011684 0.370705
v -0.291980 0.033827 0.256665
v -0.291980 0.033827 0.204396
v -0.289301 0.047871 0.256665
v -0.298517 -0.025082 0.204396
v -0.298517 -0.025082 0.370705
v -0.242492 -0.197509 0.204396
v -0.242492 -0.197509 0.370705
v -0.219010 -0.225894 0.204396
v -0.219010 -0.225894 0.370705
v -0.192156 -0.251112 0.370705
v -0.192156 -0.251112 0.204396
v -0.162352 -0.272766 0.370705
v -0.162352 -0.272766 0.204396
v -0.130070 -0.290513 0.370705
v -0.130070 -0.290513 0.204396
v -0.095817 -0.304075 0.370705
v -0.112325 -0.297539 0.256665
v -0.112325 -0.297539 0.204396
v -0.095817 -0.304075 0.256665
v -0.051190 -0.313236 0.256665
v -0.060136 -0.313236 0.256665
v -0.051190 -0.314366 0.256665
v -0.095817 -0.304075 0.256665
v -0.051190 -0.288163 0.256665
v -0.112325 -0.297539 0.256665
v -0.112325 -0.232299 0.256665
v -0.051190 -0.252746 0.256665
v -0.051190 -0.252416 0.256665
v -0.051190 -0.245398 0.256665
v -0.051190 -0.138721 0.256665
v -0.115156 -0.207865 0.256665
v -0.119857 -0.183720 0.256665
v -0.126400 -0.160008 0.256665
v -0.134745 -0.136869 0.256665
v -0.051149 -0.125299 0.256665
v -0.144844 -0.114440 0.256665
v -0.051190 -0.124841 0.256665
v -0.052348 -0.111920 0.256665
v -0.156636 -0.092853 0.256665
v -0.054777 -0.098675 0.256665
v -0.058421 -0.085655 0.256665
v -0.170052 -0.072236 0.256665
v -0.063255 -0.072949 0.256665
v -0.069246 -0.060643 0.256665
v -0.185014 -0.052711 0.256665
v -0.076352 -0.048822 0.256665
v -0.201431 -0.034393 0.256665
v -0.084525 -0.037567 0.256665
v -0.093709 -0.026954 0.256665
v -0.219207 -0.017392 0.256665
v -0.103842 -0.017056 0.256665
v -0.238238 -0.001806 0.256665
v -0.114854 -0.007940 0.256665
v -0.126670 0.000330 0.256665
v -0.258409 0.012271 0.256665
v -0.272662 0.094075 0.256665
v -0.291980 0.033827 0.256665
v -0.289301 0.047871 0.256665
v -0.277917 0.082907 0.256665
v -0.277917 0.082907 0.370705
v -0.277917 0.082907 0.256665
v -0.060136 -0.313236 0.370705
v -0.060136 -0.313236 0.256665
v -0.023587 -0.317853 0.370705
v -0.051190 -0.314366 0.256665
v -0.023587 -0.317853 0.204396
v -0.051190 -0.314366 0.204396
v -0.051190 -0.314366 0.204396
v -0.051190 -0.313236 0.256665
v -0.051190 -0.314366 0.256665
v -0.051190 -0.313236 0.204396
v -0.051190 -0.313236 0.204396
v -0.051190 -0.288163 0.256665
v -0.051190 -0.313236 0.256665
v -0.051190 -0.288163 0.204396
v -0.051190 -0.288163 0.256665
v -0.051190 -0.252746 0.204396
v -0.051190 -0.252746 0.256665
v -0.051190 -0.288163 0.204396
v -0.051190 -0.252746 0.204396
v -0.051190 -0.252416 0.256665
v -0.051190 -0.252746 0.256665
v -0.051190 -0.252416 0.204396
v -0.051190 -0.252416 0.204396
v -0.051190 -0.245398 0.256665
v -0.051190 -0.252416 0.256665
v -0.051190 -0.245398 0.204396
v -0.051190 -0.245398 0.204396
v -0.051190 -0.138721 0.256665
v -0.051190 -0.245398 0.256665
v -0.051190 -0.138721 0.204396
v -0.051190 -0.138721 0.204396
v -0.051149 -0.125299 0.256665
v -0.051190 -0.138721 0.256665
v -0.051149 -0.125299 0.204396
v -0.051190 -0.124841 0.256665
v -0.051190 -0.124841 0.204396
v -0.051190 -0.124841 0.204396
v -0.052348 -0.111920 0.256665
v -0.051190 -0.124841 0.256665
v -0.052348 -0.111920 0.204396
v -0.054777 -0.098675 0.256665
v -0.054777 -0.098675 0.204396
v -0.058421 -0.085655 0.204396
v -0.058421 -0.085655 0.256665
v -0.063255 -0.072949 0.256665
v -0.063255 -0.072949 0.204396
v -0.069246 -0.060643 0.204396
v -0.069246 -0.060643 0.256665
v -0.076352 -0.048822 0.204396
v -0.076352 -0.048822 0.256665
v -0.084525 -0.037567 0.204396
v -0.084525 -0.037567 0.256665
v -0.093709 -0.026954 0.256665
v -0.093709 -0.026954 0.204396
v -0.103842 -0.017056 0.256665
v -0.103842 -0.017056 0.204396
v -0.114854 -0.007940 0.256665
v -0.114854 -0.007940 0.204396
v -0.126670 0.000330 0.256665
v -0.126670 0.000330 0.204396
v -0.272662 0.094075 0.256665
v -0.126670 0.000330 0.204396
v -0.272662 0.094075 0.204396
v -0.126670 0.000330 0.256665
v -0.262232 0.116240 0.370705
v -0.272662 0.094075 0.256665
v -0.262232 0.116240 0.204396
v -0.272662 0.094075 0.204396
v 0.013252 -0.317853 0.370705
v 0.013252 -0.317853 0.204396
v 0.013252 -0.317853 0.204396
v -0.051190 -0.314366 0.204396
v -0.023587 -0.317853 0.204396
v 0.049801 -0.313236 0.204396
v -0.051190 -0.313236 0.204396
v -0.051190 -0.288163 0.204396
v 0.055437 -0.311789 0.204396
v 0.055437 -0.138721 0.204396
v -0.048657 -0.253066 0.204396
v -0.051190 -0.252416 0.204396
v -0.051190 -0.245398 0.204396
v -0.051190 -0.138721 0.204396
v 0.055901 -0.124865 0.204396
v -0.051149 -0.125299 0.204396
v -0.051190 -0.124841 0.204396
v 0.057703 -0.111096 0.204396
v -0.052348 -0.111920 0.204396
v -0.054777 -0.098675 0.204396
v 0.060830 -0.097519 0.204396
v -0.058421 -0.085655 0.204396
v 0.065258 -0.084234 0.204396
v -0.063255 -0.072949 0.204396
v 0.070955 -0.071342 0.204396
v -0.069246 -0.060643 0.204396
v 0.077877 -0.058940 0.204396
v -0.076352 -0.048822 0.204396
v 0.085973 -0.047120 0.204396
v -0.084525 -0.037567 0.204396
v 0.095181 -0.035971 0.204396
v -0.093709 -0.026954 0.204396
v 0.105434 -0.025577 0.204396
v -0.103842 -0.017056 0.204396
v 0.116653 -0.016015 0.204396
v -0.114854 -0.007940 0.204396
v 0.128755 -0.007358 0.204396
v -0.126670 0.000330 0.204396
v 0.141649 0.000330 0.204396
v 0.271546 0.070708 0.204396
v 0.008022 0.062240 0.204396
v 0.024206 0.062968 0.204396
v 0.040226 0.065147 0.204396
v 0.055921 0.068752 0.204396
v 0.071132 0.073749 0.204396
v 0.267583 0.082907 0.204396
v 0.085706 0.080087 0.204396
v 0.099495 0.087702 0.204396
v 0.251897 0.116240 0.204396
v 0.220035 0.161998 0.204396
v 0.232158 0.147345 0.204396
v -0.008162 0.062968 0.204396
v -0.272662 0.094075 0.204396
v -0.024182 0.065147 0.204396
v -0.039877 0.068752 0.204396
v -0.055088 0.073749 0.204396
v -0.069662 0.080087 0.204396
v -0.083451 0.087702 0.204396
v -0.148995 0.135669 0.204396
v -0.262232 0.116240 0.204396
v -0.242492 0.147345 0.204396
v -0.212320 0.182012 0.204396
v -0.219010 0.175730 0.204396
v -0.051190 -0.252746 0.204396
v -0.051190 -0.252416 0.204396
v -0.051190 -0.252746 0.204396
v -0.048657 -0.253066 0.204396
v -0.242492 0.147345 0.370705
v -0.242492 0.147345 0.204396
v 0.049801 -0.313236 0.370705
v 0.049801 -0.313236 0.204396
v 0.055437 -0.311789 0.256665
v 0.085483 -0.304075 0.370705
v 0.085483 -0.304075 0.256665
v 0.055437 -0.311789 0.204396
v 0.055437 -0.138721 0.204396
v 0.055437 -0.311789 0.256665
v 0.055437 -0.138721 0.256665
v 0.055437 -0.311789 0.204396
v 0.055901 -0.124865 0.204396
v 0.055437 -0.138721 0.256665
v 0.055901 -0.124865 0.256665
v 0.055437 -0.138721 0.204396
v 0.057703 -0.111096 0.204396
v 0.057703 -0.111096 0.256665
v 0.060830 -0.097519 0.204396
v 0.060830 -0.097519 0.256665
v 0.065258 -0.084234 0.204396
v 0.065258 -0.084234 0.256665
v 0.070955 -0.071342 0.204396
v 0.070955 -0.071342 0.256665
v 0.077877 -0.058940 0.204396
v 0.077877 -0.058940 0.256665
v 0.085973 -0.047120 0.204396
v 0.085973 -0.047120 0.256665
v 0.095181 -0.035971 0.204396
v 0.095181 -0.035971 0.256665
v 0.105434 -0.025577 0.204396
v 0.105434 -0.025577 0.256665
v 0.116653 -0.016015 0.256665
v 0.116653 -0.016015 0.204396
v 0.128755 -0.007358 0.256665
v 0.128755 -0.007358 0.204396
v 0.141649 0.000330 0.256665
v 0.141649 0.000330 0.204396
v 0.271546 0.070708 0.256665
v 0.141649 0.000330 0.204396
v 0.141649 0.000330 0.256665
v 0.271546 0.070708 0.204396
v 0.267583 0.082907 0.204396
v 0.278967 0.047871 0.370705
v 0.267583 0.082907 0.370705
v 0.271546 0.070708 0.256665
v 0.278967 0.047871 0.256665
v 0.271546 0.070708 0.204396
v 0.251897 0.116240 0.370705
v 0.251897 0.116240 0.204396
v 0.232158 0.147345 0.204396
v 0.232158 0.147345 0.370705
v 0.208676 0.175730 0.256665
v 0.208676 0.175730 0.370705
v 0.220035 0.161998 0.256665
v 0.220035 0.161998 0.204396
v 0.220035 0.161998 0.204396
v 0.099495 0.087702 0.256665
v 0.099495 0.087702 0.204396
v 0.220035 0.161998 0.256665
v 0.099495 0.087702 0.204396
v 0.085706 0.080087 0.256665
v 0.085706 0.080087 0.204396
v 0.099495 0.087702 0.256665
v 0.071132 0.073749 0.256665
v 0.071132 0.073749 0.204396
v 0.055921 0.068752 0.256665
v 0.055921 0.068752 0.204396
v 0.040226 0.065147 0.256665
v 0.040226 0.065147 0.204396
v 0.024206 0.062968 0.256665
v 0.024206 0.062968 0.204396
v 0.008022 0.062240 0.256665
v 0.008022 0.062240 0.204396
v -0.008162 0.062968 0.256665
v -0.008162 0.062968 0.204396
v -0.024182 0.065147 0.256665
v -0.024182 0.065147 0.204396
v -0.039877 0.068752 0.256665
v -0.039877 0.068752 0.204396
v -0.055088 0.073749 0.256665
v -0.055088 0.073749 0.204396
v -0.069662 0.080087 0.256665
v -0.069662 0.080087 0.204396
v -0.083451 0.087702 0.256665
v -0.083451 0.087702 0.204396
v -0.083451 0.087702 0.204396
v -0.148995 0.135669 0.256665
v -0.148995 0.135669 0.204396
v -0.083451 0.087702 0.256665
v -0.148995 0.135669 0.204396
v -0.212320 0.182012 0.256665
v -0.212320 0.182012 0.204396
v -0.148995 0.135669 0.256665
v -0.219010 0.175730 0.370705
v -0.212320 0.182012 0.256665
v -0.192156 0.200948 0.370705
v -0.219010 0.175730 0.204396
v -0.212320 0.182012 0.204396
v -0.192156 0.200948 0.256665
v 0.109683 -0.294493 0.256665
v 0.119735 -0.290513 0.370705
v 0.109683 -0.294493 0.204396
v 0.119735 -0.290513 0.204396
v 0.085483 -0.304075 0.256665
v 0.055437 -0.138721 0.256665
v 0.055437 -0.311789 0.256665
v 0.109683 -0.294493 0.256665
v 0.109683 -0.252625 0.256665
v 0.110664 -0.228603 0.256665
v 0.113601 -0.204740 0.256665
v 0.118474 -0.181196 0.256665
v 0.125250 -0.158129 0.256665
v 0.133886 -0.135690 0.256665
v 0.055901 -0.124865 0.256665
v 0.144322 -0.114031 0.256665
v 0.057703 -0.111096 0.256665
v 0.156489 -0.093294 0.256665
v 0.060830 -0.097519 0.256665
v 0.065258 -0.084234 0.256665
v 0.170308 -0.073619 0.256665
v 0.070955 -0.071342 0.256665
v 0.185684 -0.055137 0.256665
v 0.077877 -0.058940 0.256665
v 0.085973 -0.047120 0.256665
v 0.202517 -0.037969 0.256665
v 0.095181 -0.035971 0.256665
v 0.220693 -0.022232 0.256665
v 0.105434 -0.025577 0.256665
v 0.116653 -0.016015 0.256665
v 0.240093 -0.008029 0.256665
v 0.128755 -0.007358 0.256665
v 0.285870 0.011684 0.256665
v 0.141649 0.000330 0.256665
v 0.271546 0.070708 0.256665
v 0.278967 0.047871 0.256665
v 0.285870 0.011684 0.370705
v 0.285870 0.011684 0.256665
v 0.181821 0.200948 0.256665
v 0.181821 0.200948 0.370705
v 0.024206 0.062968 0.256665
v -0.008162 0.062968 0.256665
v 0.008022 0.062240 0.256665
v 0.040226 0.065147 0.256665
v -0.024182 0.065147 0.256665
v 0.055921 0.068752 0.256665
v -0.039877 0.068752 0.256665
v 0.071132 0.073749 0.256665
v -0.055088 0.073749 0.256665
v 0.085706 0.080087 0.256665
v -0.069662 0.080087 0.256665
v 0.099495 0.087702 0.256665
v -0.083451 0.087702 0.256665
v 0.220035 0.161998 0.256665
v -0.148995 0.135669 0.256665
v 0.032622 0.154048 0.256665
v 0.006341 0.153976 0.256665
v 0.058794 0.156436 0.256665
v 0.084653 0.161120 0.256665
v 0.110000 0.168064 0.256665
v 0.208676 0.175730 0.256665
v 0.134636 0.177215 0.256665
v 0.158370 0.188500 0.256665
v 0.181821 0.200948 0.256665
v -0.019843 0.156220 0.256665
v -0.212320 0.182012 0.256665
v -0.045728 0.160763 0.256665
v -0.071112 0.167568 0.256665
v -0.095798 0.176584 0.256665
v -0.119594 0.187739 0.256665
v -0.192156 0.200948 0.256665
v -0.142313 0.200948 0.256665
v -0.167144 0.219120 0.256665
v -0.162352 0.222601 0.204396
v -0.167144 0.219120 0.256665
v -0.167144 0.219120 0.204396
v -0.162352 0.222601 0.370705
v 0.152017 -0.272766 0.370705
v 0.152017 -0.272766 0.204396
v 0.164661 -0.147811 0.204396
v 0.205123 -0.144680 0.204396
v 0.164669 -0.144090 0.204396
v 0.208845 -0.144688 0.204396
v 0.201531 -0.143709 0.204396
v 0.163714 -0.140493 0.204396
v 0.198312 -0.141842 0.204396
v 0.195687 -0.139205 0.204396
v 0.161860 -0.137267 0.204396
v 0.193833 -0.135978 0.204396
v 0.159235 -0.134630 0.204396
v 0.192878 -0.132381 0.204396
v 0.156016 -0.132762 0.204396
v 0.152424 -0.131791 0.204396
v 0.192886 -0.128660 0.204396
v 0.148702 -0.131783 0.204396
v 0.142293 -0.190824 0.204396
v 0.176779 -0.188596 0.204396
v 0.139667 -0.188187 0.204396
v 0.180500 -0.188604 0.204396
v 0.173186 -0.187625 0.204396
v 0.136448 -0.186319 0.204396
v 0.169968 -0.185757 0.204396
v 0.132856 -0.185348 0.204396
v 0.167342 -0.183120 0.204396
v 0.129134 -0.185340 0.204396
v 0.191828 -0.179951 0.204396
v 0.229080 -0.177433 0.204396
v 0.192799 -0.176359 0.204396
v 0.232801 -0.177441 0.204396
v 0.225488 -0.176462 0.204396
v 0.222269 -0.174594 0.204396
v 0.192807 -0.172637 0.204396
v 0.219643 -0.171957 0.204396
v 0.191852 -0.169041 0.204396
v 0.217790 -0.168730 0.204396
v 0.189998 -0.165814 0.204396
v 0.216834 -0.165134 0.204396
v 0.187373 -0.163177 0.204396
v 0.216842 -0.161412 0.204396
v 0.184154 -0.161309 0.204396
v 0.217813 -0.157820 0.204396
v 0.180562 -0.160338 0.204396
v 0.176840 -0.160330 0.204396
v 0.152362 -0.160057 0.204396
v 0.155959 -0.159102 0.204396
v 0.159186 -0.157248 0.204396
v 0.219681 -0.154601 0.204396
v 0.161823 -0.154622 0.204396
v 0.163690 -0.151404 0.204396
v 0.222318 -0.151976 0.204396
v 0.225545 -0.150122 0.204396
v 0.229142 -0.149167 0.204396
v 0.221144 -0.132443 0.204396
v 0.252383 -0.130647 0.204396
v 0.221152 -0.128721 0.204396
v 0.256105 -0.130655 0.204396
v 0.248791 -0.129676 0.204396
v 0.245572 -0.127808 0.204396
v 0.220197 -0.125125 0.204396
v 0.242947 -0.125171 0.204396
v 0.241093 -0.121944 0.204396
v 0.218343 -0.121898 0.204396
v 0.240138 -0.118347 0.204396
v 0.215717 -0.119261 0.204396
v 0.212499 -0.117393 0.204396
v 0.240146 -0.114626 0.204396
v 0.208906 -0.116422 0.204396
v 0.205185 -0.116414 0.204396
v 0.241881 -0.080621 0.204396
v 0.266722 -0.080383 0.204396
v 0.239255 -0.077984 0.204396
v 0.270443 -0.080391 0.204396
v 0.263130 -0.079412 0.204396
v 0.259911 -0.077544 0.204396
v 0.236037 -0.076116 0.204396
v 0.257285 -0.074907 0.204396
v 0.232444 -0.075145 0.204396
v 0.228723 -0.075137 0.204396
v 0.144322 -0.114031 0.204396
v 0.161839 -0.105169 0.204396
v 0.156489 -0.093294 0.204396
v 0.163692 -0.108396 0.204396
v 0.166318 -0.111033 0.204396
v 0.169537 -0.112901 0.204396
v 0.173129 -0.113872 0.204396
v 0.176851 -0.113880 0.204396
v 0.160883 -0.101573 0.204396
v 0.160892 -0.097851 0.204396
v 0.161863 -0.094259 0.204396
v 0.163730 -0.091040 0.204396
v 0.170308 -0.073619 0.204396
v 0.166367 -0.088415 0.204396
v 0.169594 -0.086561 0.204396
v 0.173191 -0.085606 0.204396
v 0.217395 -0.083790 0.204396
v 0.219262 -0.080571 0.204396
v 0.221899 -0.077946 0.204396
v 0.225126 -0.076092 0.204396
v 0.255432 -0.071681 0.204396
v 0.209436 -0.069904 0.204396
v 0.205843 -0.068933 0.204396
v 0.202625 -0.067066 0.204396
v 0.185684 -0.055137 0.204396
v 0.213157 -0.069912 0.204396
v 0.199999 -0.064428 0.204396
v 0.198146 -0.061202 0.204396
v 0.197190 -0.057605 0.204396
v 0.197198 -0.053884 0.204396
v 0.198169 -0.050291 0.204396
v 0.202517 -0.037969 0.204396
v 0.200037 -0.047073 0.204396
v 0.202674 -0.044447 0.204396
v 0.205901 -0.042593 0.204396
v 0.209498 -0.041638 0.204396
v 0.254476 -0.068084 0.204396
v 0.216754 -0.068957 0.204396
v 0.219981 -0.067103 0.204396
v 0.254484 -0.064363 0.204396
v 0.222618 -0.064478 0.204396
v 0.224485 -0.061259 0.204396
v 0.255455 -0.060770 0.204396
v 0.225456 -0.057667 0.204396
v 0.257323 -0.057552 0.204396
v 0.225464 -0.053945 0.204396
v 0.259960 -0.054926 0.204396
v 0.263187 -0.053072 0.204396
v 0.224509 -0.050349 0.204396
v 0.266784 -0.052117 0.204396
v 0.208676 -0.225894 0.204396
v 0.196448 -0.223600 0.204396
v 0.192851 -0.224555 0.204396
v 0.199674 -0.221746 0.204396
v 0.232158 -0.197509 0.204396
v 0.202312 -0.219121 0.204396
v 0.204179 -0.215902 0.204396
v 0.205150 -0.212310 0.204396
v 0.205158 -0.208588 0.204396
v 0.204203 -0.204992 0.204396
v 0.202349 -0.201765 0.204396
v 0.199724 -0.199128 0.204396
v 0.196505 -0.197260 0.204396
v 0.236398 -0.176486 0.204396
v 0.239625 -0.174632 0.204396
v 0.251897 -0.166405 0.204396
v 0.192913 -0.196289 0.204396
v 0.189191 -0.196281 0.204396
v 0.144146 -0.194051 0.204396
v 0.184097 -0.187649 0.204396
v 0.187323 -0.185795 0.204396
v 0.189961 -0.183170 0.204396
v 0.242262 -0.172007 0.204396
v 0.244130 -0.168788 0.204396
v 0.245101 -0.165195 0.204396
v 0.267583 -0.133071 0.204396
v 0.245109 -0.161474 0.204396
v 0.244153 -0.157877 0.204396
v 0.242300 -0.154651 0.204396
v 0.239674 -0.152014 0.204396
v 0.236455 -0.150146 0.204396
v 0.232863 -0.149175 0.204396
v 0.212441 -0.143733 0.204396
v 0.215668 -0.141879 0.204396
v 0.218305 -0.139254 0.204396
v 0.220173 -0.136035 0.204396
v 0.259701 -0.129699 0.204396
v 0.262928 -0.127846 0.204396
v 0.265565 -0.125220 0.204396
v 0.267433 -0.122001 0.204396
v 0.278967 -0.098035 0.204396
v 0.268404 -0.118409 0.204396
v 0.268412 -0.114688 0.204396
v 0.267456 -0.111091 0.204396
v 0.265603 -0.107864 0.204396
v 0.262977 -0.105227 0.204396
v 0.259759 -0.103359 0.204396
v 0.256166 -0.102388 0.204396
v 0.252445 -0.102380 0.204396
v 0.239206 -0.100602 0.204396
v 0.241843 -0.097976 0.204396
v 0.280902 -0.087892 0.204396
v 0.243711 -0.094758 0.204396
v 0.244682 -0.091165 0.204396
v 0.244690 -0.087444 0.204396
v 0.274040 -0.079436 0.204396
v 0.277267 -0.077582 0.204396
v 0.279904 -0.074957 0.204396
v 0.281772 -0.071738 0.204396
v 0.285870 -0.061849 0.204396
v 0.243735 -0.083847 0.204396
v 0.282743 -0.068146 0.204396
v 0.282751 -0.064424 0.204396
v 0.281795 -0.060828 0.204396
v 0.288183 -0.025082 0.204396
v 0.279942 -0.057601 0.204396
v 0.277316 -0.054964 0.204396
v 0.274097 -0.053096 0.204396
v 0.270505 -0.052125 0.204396
v 0.222655 -0.047122 0.204396
v 0.261493 -0.033605 0.204396
v 0.257896 -0.034561 0.204396
v 0.220030 -0.044485 0.204396
v 0.216811 -0.042617 0.204396
v 0.213219 -0.041646 0.204396
v 0.264720 -0.031752 0.204396
v 0.267357 -0.029126 0.204396
v 0.269224 -0.025907 0.204396
v 0.270195 -0.022315 0.204396
v 0.285870 0.011684 0.204396
v 0.270203 -0.018594 0.204396
v 0.269248 -0.014997 0.204396
v 0.267395 -0.011770 0.204396
v 0.264769 -0.009133 0.204396
v 0.261550 -0.007266 0.204396
v 0.257958 -0.006295 0.204396
v 0.254237 -0.006287 0.204396
v 0.250583 -0.033582 0.204396
v 0.220693 -0.022232 0.204396
v 0.254175 -0.034553 0.204396
v 0.247364 -0.031714 0.204396
v 0.244738 -0.029077 0.204396
v 0.242885 -0.025850 0.204396
v 0.241929 -0.022254 0.204396
v 0.241937 -0.018532 0.204396
v 0.240093 -0.008029 0.204396
v 0.242908 -0.014940 0.204396
v 0.244776 -0.011721 0.204396
v 0.247413 -0.009095 0.204396
v 0.250640 -0.007242 0.204396
v 0.152017 -0.272766 0.204396
v 0.136391 -0.269680 0.204396
v 0.132794 -0.270635 0.204396
v 0.181821 -0.251112 0.204396
v 0.139618 -0.267826 0.204396
v 0.142255 -0.265200 0.204396
v 0.144122 -0.261982 0.204396
v 0.145093 -0.258389 0.204396
v 0.145101 -0.254668 0.204396
v 0.144146 -0.251071 0.204396
v 0.142293 -0.247844 0.204396
v 0.139667 -0.245207 0.204396
v 0.136448 -0.243340 0.204396
v 0.132856 -0.242369 0.204396
v 0.129134 -0.242361 0.204396
v 0.110664 -0.228603 0.204396
v 0.189130 -0.224547 0.204396
v 0.129073 -0.213606 0.204396
v 0.125480 -0.212636 0.204396
v 0.122262 -0.210768 0.204396
v 0.113601 -0.204740 0.204396
v 0.185537 -0.223576 0.204396
v 0.182319 -0.221709 0.204396
v 0.179693 -0.219071 0.204396
v 0.177839 -0.215845 0.204396
v 0.132794 -0.213615 0.204396
v 0.119636 -0.208131 0.204396
v 0.117782 -0.204904 0.204396
v 0.116827 -0.201307 0.204396
v 0.116835 -0.197586 0.204396
v 0.118474 -0.181196 0.204396
v 0.117806 -0.193994 0.204396
v 0.119674 -0.190775 0.204396
v 0.122311 -0.188149 0.204396
v 0.125538 -0.186296 0.204396
v 0.165488 -0.179894 0.204396
v 0.125250 -0.158129 0.204396
v 0.164533 -0.176297 0.204396
v 0.164541 -0.172576 0.204396
v 0.165512 -0.168983 0.204396
v 0.167380 -0.165765 0.204396
v 0.170017 -0.163139 0.204396
v 0.148641 -0.160049 0.204396
v 0.173244 -0.161285 0.204396
v 0.145048 -0.159078 0.204396
v 0.141830 -0.157210 0.204396
v 0.139204 -0.154573 0.204396
v 0.137351 -0.151346 0.204396
v 0.136395 -0.147750 0.204396
v 0.133886 -0.135690 0.204396
v 0.136403 -0.144028 0.204396
v 0.137374 -0.140436 0.204396
v 0.139242 -0.137217 0.204396
v 0.141879 -0.134592 0.204396
v 0.145106 -0.132738 0.204396
v 0.193857 -0.125067 0.204396
v 0.195724 -0.121849 0.204396
v 0.198361 -0.119223 0.204396
v 0.201588 -0.117370 0.204396
v 0.241117 -0.111034 0.204396
v 0.180447 -0.112925 0.204396
v 0.183674 -0.111071 0.204396
v 0.186311 -0.108445 0.204396
v 0.242984 -0.107815 0.204396
v 0.188179 -0.105227 0.204396
v 0.245621 -0.105189 0.204396
v 0.189150 -0.101634 0.204396
v 0.228661 -0.103403 0.204396
v 0.232383 -0.103411 0.204396
v 0.225069 -0.102432 0.204396
v 0.221850 -0.100564 0.204396
v 0.189158 -0.097913 0.204396
v 0.219225 -0.097927 0.204396
v 0.217371 -0.094700 0.204396
v 0.188202 -0.094316 0.204396
v 0.216416 -0.091104 0.204396
v 0.186349 -0.091089 0.204396
v 0.216424 -0.087382 0.204396
v 0.183723 -0.088452 0.204396
v 0.180505 -0.086585 0.204396
v 0.176912 -0.085614 0.204396
v 0.248848 -0.103336 0.204396
v 0.235979 -0.102456 0.204396
v 0.176884 -0.212248 0.204396
v 0.136391 -0.212659 0.204396
v 0.139618 -0.210806 0.204396
v 0.176892 -0.208527 0.204396
v 0.142255 -0.208180 0.204396
v 0.177863 -0.204934 0.204396
v 0.144122 -0.204961 0.204396
v 0.145093 -0.201369 0.204396
v 0.179731 -0.201716 0.204396
v 0.182368 -0.199090 0.204396
v 0.145101 -0.197648 0.204396
v 0.185595 -0.197236 0.204396
v 0.119735 -0.290513 0.204396
v 0.109683 -0.252625 0.204396
v 0.109683 -0.294493 0.204396
v 0.119636 -0.265151 0.204396
v 0.122262 -0.267788 0.204396
v 0.125480 -0.269656 0.204396
v 0.129073 -0.270627 0.204396
v 0.117782 -0.261924 0.204396
v 0.116827 -0.258328 0.204396
v 0.116835 -0.254606 0.204396
v 0.117806 -0.251014 0.204396
v 0.119674 -0.247795 0.204396
v 0.122311 -0.245170 0.204396
v 0.125538 -0.243316 0.204396
v 0.109683 -0.294493 0.204396
v 0.109683 -0.252625 0.256665
v 0.109683 -0.294493 0.256665
v 0.109683 -0.252625 0.204396
v 0.220693 -0.022232 0.204396
v 0.240093 -0.008029 0.256665
v 0.220693 -0.022232 0.256665
v 0.240093 -0.008029 0.204396
v 0.240093 -0.008029 0.204396
v 0.285870 0.011684 0.256665
v 0.240093 -0.008029 0.256665
v 0.285870 0.011684 0.204396
v 0.109683 -0.252625 0.204396
v 0.110664 -0.228603 0.256665
v 0.109683 -0.252625 0.256665
v 0.110664 -0.228603 0.204396
v 0.113601 -0.204740 0.204396
v 0.113601 -0.204740 0.256665
v 0.118474 -0.181196 0.256665
v 0.118474 -0.181196 0.204396
v 0.125250 -0.158129 0.204396
v 0.125250 -0.158129 0.256665
v 0.133886 -0.135690 0.256665
v 0.133886 -0.135690 0.204396
v 0.144322 -0.114031 0.256665
v 0.144322 -0.114031 0.204396
v 0.156489 -0.093294 0.204396
v 0.156489 -0.093294 0.256665
v 0.170308 -0.073619 0.256665
v 0.170308 -0.073619 0.204396
v 0.185684 -0.055137 0.204396
v 0.185684 -0.055137 0.256665
v 0.202517 -0.037969 0.256665
v 0.202517 -0.037969 0.204396
v 0.288183 -0.025082 0.370705
v 0.288183 -0.025082 0.204396
v 0.285870 0.011684 0.204396
v 0.152017 0.222601 0.204396
v 0.152017 0.222601 0.370705
v 0.181821 0.200948 0.204396
v 0.158370 0.188500 0.256665
v 0.181821 0.200948 0.204396
v 0.158370 0.188500 0.204396
v 0.181821 0.200948 0.256665
v 0.134636 0.177215 0.256665
v 0.158370 0.188500 0.204396
v 0.134636 0.177215 0.204396
v 0.158370 0.188500 0.256665
v 0.110000 0.168064 0.256665
v 0.110000 0.168064 0.204396
v 0.084653 0.161120 0.256665
v 0.084653 0.161120 0.204396
v 0.058794 0.156436 0.256665
v 0.058794 0.156436 0.204396
v 0.032622 0.154048 0.256665
v 0.032622 0.154048 0.204396
v 0.006341 0.153976 0.256665
v 0.006341 0.153976 0.204396
v -0.019843 0.156220 0.256665
v -0.019843 0.156220 0.204396
v -0.045728 0.160763 0.256665
v -0.045728 0.160763 0.204396
v -0.071112 0.167568 0.256665
v -0.071112 0.167568 0.204396
v -0.095798 0.176584 0.256665
v -0.095798 0.176584 0.204396
v -0.119594 0.187739 0.256665
v -0.119594 0.187739 0.204396
v -0.142313 0.200948 0.256665
v -0.142313 0.200948 0.204396
v -0.167144 0.219120 0.256665
v -0.142313 0.200948 0.204396
v -0.167144 0.219120 0.204396
v -0.142313 0.200948 0.256665
v 0.116810 0.208517 0.204396
v 0.095283 0.208696 0.204396
v 0.097743 0.208372 0.204396
v 0.114351 0.208841 0.204396
v 0.069294 0.208517 0.204396
v 0.047766 0.208696 0.204396
v 0.050226 0.208372 0.204396
v 0.066834 0.208841 0.204396
v 0.021777 0.208517 0.204396
v -0.004502 0.208696 0.204396
v -0.002043 0.208372 0.204396
v 0.019317 0.208841 0.204396
v -0.030492 0.208517 0.204396
v -0.047268 0.208696 0.204396
v -0.044808 0.208372 0.204396
v -0.032952 0.208841 0.204396
v -0.073257 0.208517 0.204396
v -0.094785 0.208696 0.204396
v -0.092325 0.208372 0.204396
v -0.075717 0.208841 0.204396
v 0.110000 0.168064 0.204396
v 0.064926 0.162543 0.204396
v 0.084653 0.161120 0.204396
v 0.067386 0.162867 0.204396
v 0.069678 0.163816 0.204396
v 0.071646 0.165326 0.204396
v 0.073157 0.167295 0.204396
v 0.074106 0.169587 0.204396
v 0.134636 0.177215 0.204396
v 0.074430 0.172046 0.204396
v 0.074106 0.174506 0.204396
v 0.073157 0.176798 0.204396
v 0.071646 0.178766 0.204396
v 0.158370 0.188500 0.204396
v 0.069678 0.180276 0.204396
v 0.067386 0.181226 0.204396
v 0.064926 0.181550 0.204396
v 0.017410 0.181550 0.204396
v -0.025356 0.181550 0.204396
v -0.059624 0.182172 0.204396
v -0.059300 0.184631 0.204396
v -0.059624 0.187091 0.204396
v -0.060574 0.189383 0.204396
v 0.142800 0.189689 0.204396
v 0.145260 0.190013 0.204396
v 0.181821 0.200948 0.204396
v 0.147552 0.190962 0.204396
v 0.149520 0.192472 0.204396
v 0.151030 0.194441 0.204396
v 0.151980 0.196733 0.204396
v 0.152304 0.199192 0.204396
v 0.151980 0.201652 0.204396
v 0.152017 0.222601 0.204396
v 0.151030 0.203944 0.204396
v 0.149520 0.205912 0.204396
v 0.147552 0.207423 0.204396
v 0.145260 0.208372 0.204396
v 0.142800 0.208696 0.204396
v 0.121562 0.209791 0.204396
v 0.119270 0.208841 0.204396
v 0.123530 0.211301 0.204396
v 0.125041 0.213269 0.204396
v 0.125990 0.215561 0.204396
v 0.126314 0.218021 0.204396
v 0.125990 0.220480 0.204396
v 0.125041 0.222772 0.204396
v 0.119735 0.240349 0.204396
v 0.123530 0.224741 0.204396
v 0.121562 0.226251 0.204396
v 0.119270 0.227200 0.204396
v 0.116810 0.227524 0.204396
v 0.088547 0.231671 0.204396
v 0.069294 0.227524 0.204396
v 0.086087 0.231347 0.204396
v 0.021777 0.227524 0.204396
v -0.030492 0.227524 0.204396
v -0.073257 0.227524 0.204396
v -0.120774 0.227524 0.204396
v 0.090839 0.232621 0.204396
v 0.092807 0.234131 0.204396
v 0.094317 0.236099 0.204396
v 0.095267 0.238391 0.204396
v 0.095591 0.240851 0.204396
v 0.095267 0.243310 0.204396
v 0.094317 0.245603 0.204396
v 0.092807 0.247571 0.204396
v 0.085483 0.253910 0.204396
v 0.090839 0.249081 0.204396
v 0.088547 0.250030 0.204396
v 0.086087 0.250354 0.204396
v 0.043322 0.250354 0.204396
v -0.004195 0.250354 0.204396
v -0.046960 0.250354 0.204396
v -0.094477 0.250354 0.204396
v 0.032622 0.154048 0.204396
v -0.019843 0.156220 0.204396
v 0.006341 0.153976 0.204396
v 0.058794 0.156436 0.204396
v -0.045728 0.160763 0.204396
v -0.025356 0.162543 0.204396
v -0.071112 0.167568 0.204396
v 0.017410 0.162543 0.204396
v -0.027815 0.162867 0.204396
v -0.030107 0.163816 0.204396
v -0.032076 0.165326 0.204396
v -0.033586 0.167295 0.204396
v -0.034535 0.169587 0.204396
v -0.095798 0.176584 0.204396
v -0.034859 0.172046 0.204396
v -0.068804 0.175128 0.204396
v -0.034535 0.174506 0.204396
v -0.071263 0.175452 0.204396
v -0.073555 0.176401 0.204396
v -0.075524 0.177911 0.204396
v -0.119594 0.187739 0.204396
v -0.077034 0.179880 0.204396
v -0.077983 0.182172 0.204396
v -0.078307 0.184631 0.204396
v -0.077983 0.187091 0.204396
v -0.077034 0.189383 0.204396
v -0.094785 0.189689 0.204396
v -0.097244 0.190013 0.204396
v -0.142313 0.200948 0.204396
v -0.099536 0.190962 0.204396
v -0.101504 0.192472 0.204396
v -0.103015 0.194441 0.204396
v -0.103964 0.196733 0.204396
v -0.104288 0.199192 0.204396
v -0.103964 0.201652 0.204396
v -0.167144 0.219120 0.204396
v -0.103015 0.203944 0.204396
v -0.123234 0.208841 0.204396
v -0.101504 0.205912 0.204396
v -0.120774 0.208517 0.204396
v -0.099536 0.207423 0.204396
v -0.097244 0.208372 0.204396
v -0.125526 0.209791 0.204396
v -0.127494 0.211301 0.204396
v -0.129004 0.213269 0.204396
v -0.129954 0.215561 0.204396
v -0.130278 0.218021 0.204396
v -0.129954 0.220480 0.204396
v -0.162352 0.222601 0.204396
v -0.129004 0.222772 0.204396
v -0.130070 0.240349 0.204396
v -0.127494 0.224741 0.204396
v -0.125526 0.226251 0.204396
v -0.123234 0.227200 0.204396
v -0.096937 0.231671 0.204396
v -0.094477 0.231347 0.204396
v 0.043322 0.231347 0.204396
v -0.004195 0.231347 0.204396
v -0.046960 0.231347 0.204396
v -0.099229 0.232621 0.204396
v -0.101197 0.234131 0.204396
v -0.102707 0.236099 0.204396
v -0.103657 0.238391 0.204396
v -0.103980 0.240851 0.204396
v -0.103657 0.243310 0.204396
v -0.102707 0.245603 0.204396
v -0.101197 0.247571 0.204396
v -0.095817 0.253910 0.204396
v -0.099229 0.249081 0.204396
v -0.096937 0.250030 0.204396
v 0.049801 0.263072 0.204396
v -0.060136 0.263072 0.204396
v 0.013252 0.267689 0.204396
v -0.023587 0.267689 0.204396
v -0.049420 0.231671 0.204396
v -0.092017 0.231671 0.204396
v -0.051712 0.232621 0.204396
v -0.089725 0.232621 0.204396
v -0.053680 0.234131 0.204396
v -0.087757 0.234131 0.204396
v -0.055190 0.236099 0.204396
v -0.086247 0.236099 0.204396
v -0.056140 0.238391 0.204396
v -0.085297 0.238391 0.204396
v -0.056464 0.240851 0.204396
v -0.084974 0.240851 0.204396
v -0.056140 0.243310 0.204396
v -0.085297 0.243310 0.204396
v -0.055190 0.245603 0.204396
v -0.086247 0.245603 0.204396
v -0.053680 0.247571 0.204396
v -0.087757 0.247571 0.204396
v -0.051712 0.249081 0.204396
v -0.089725 0.249081 0.204396
v -0.049420 0.250030 0.204396
v -0.092017 0.250030 0.204396
v -0.006655 0.231671 0.204396
v -0.044500 0.231671 0.204396
v -0.008947 0.232621 0.204396
v -0.042208 0.232621 0.204396
v -0.010915 0.234131 0.204396
v -0.040240 0.234131 0.204396
v -0.012425 0.236099 0.204396
v -0.038730 0.236099 0.204396
v -0.013374 0.238391 0.204396
v -0.037781 0.238391 0.204396
v -0.013698 0.240851 0.204396
v -0.037457 0.240851 0.204396
v -0.013374 0.243310 0.204396
v -0.037781 0.243310 0.204396
v -0.012425 0.245603 0.204396
v -0.038730 0.245603 0.204396
v -0.010915 0.247571 0.204396
v -0.040240 0.247571 0.204396
v -0.008947 0.249081 0.204396
v -0.042208 0.249081 0.204396
v -0.006655 0.250030 0.204396
v -0.044500 0.250030 0.204396
v 0.040862 0.231671 0.204396
v -0.001735 0.231671 0.204396
v 0.038570 0.232621 0.204396
v 0.000557 0.232621 0.204396
v 0.036602 0.234131 0.204396
v 0.002525 0.234131 0.204396
v 0.035092 0.236099 0.204396
v 0.004035 0.236099 0.204396
v 0.034143 0.238391 0.204396
v 0.004985 0.238391 0.204396
v 0.033819 0.240851 0.204396
v 0.005308 0.240851 0.204396
v 0.034143 0.243310 0.204396
v 0.004985 0.243310 0.204396
v 0.035092 0.245603 0.204396
v 0.004035 0.245603 0.204396
v 0.036602 0.247571 0.204396
v 0.002525 0.247571 0.204396
v 0.038570 0.249081 0.204396
v 0.000557 0.249081 0.204396
v 0.040862 0.250030 0.204396
v -0.001735 0.250030 0.204396
v 0.083628 0.231671 0.204396
v 0.045782 0.231671 0.204396
v 0.081336 0.232621 0.204396
v 0.048074 0.232621 0.204396
v 0.079367 0.234131 0.204396
v 0.050042 0.234131 0.204396
v 0.077857 0.236099 0.204396
v 0.051552 0.236099 0.204396
v 0.076908 0.238391 0.204396
v 0.052502 0.238391 0.204396
v 0.076584 0.240851 0.204396
v 0.052825 0.240851 0.204396
v 0.076908 0.243310 0.204396
v 0.052502 0.243310 0.204396
v 0.077857 0.245603 0.204396
v 0.051552 0.245603 0.204396
v 0.079367 0.247571 0.204396
v 0.050042 0.247571 0.204396
v 0.081336 0.249081 0.204396
v 0.048074 0.249081 0.204396
v 0.083628 0.250030 0.204396
v 0.045782 0.250030 0.204396
v -0.118315 0.208841 0.204396
v -0.078009 0.209791 0.204396
v -0.116023 0.209791 0.204396
v -0.079977 0.211301 0.204396
v -0.114054 0.211301 0.204396
v -0.081487 0.213269 0.204396
v -0.112544 0.213269 0.204396
v -0.082437 0.215561 0.204396
v -0.111595 0.215561 0.204396
v -0.082761 0.218021 0.204396
v -0.111271 0.218021 0.204396
v -0.082437 0.220480 0.204396
v -0.111595 0.220480 0.204396
v -0.081487 0.222772 0.204396
v -0.112544 0.222772 0.204396
v -0.079977 0.224741 0.204396
v -0.114054 0.224741 0.204396
v -0.078009 0.226251 0.204396
v -0.116023 0.226251 0.204396
v -0.075717 0.227200 0.204396
v -0.118315 0.227200 0.204396
v -0.075524 0.191351 0.204396
v -0.092325 0.190013 0.204396
v -0.090033 0.190962 0.204396
v -0.088065 0.192472 0.204396
v -0.073555 0.192862 0.204396
v -0.086554 0.194441 0.204396
v -0.071263 0.193811 0.204396
v -0.068804 0.194135 0.204396
v -0.055498 0.194441 0.204396
v -0.056447 0.196733 0.204396
v -0.085605 0.196733 0.204396
v -0.056771 0.199192 0.204396
v -0.085281 0.199192 0.204396
v -0.056447 0.201652 0.204396
v -0.085605 0.201652 0.204396
v -0.055498 0.203944 0.204396
v -0.086554 0.203944 0.204396
v -0.053988 0.205912 0.204396
v -0.088065 0.205912 0.204396
v -0.052019 0.207423 0.204396
v -0.090033 0.207423 0.204396
v -0.049727 0.208372 0.204396
v -0.070798 0.208841 0.204396
v -0.035244 0.209791 0.204396
v -0.068506 0.209791 0.204396
v -0.037212 0.211301 0.204396
v -0.066537 0.211301 0.204396
v -0.038722 0.213269 0.204396
v -0.065027 0.213269 0.204396
v -0.039672 0.215561 0.204396
v -0.064078 0.215561 0.204396
v -0.039995 0.218021 0.204396
v -0.063754 0.218021 0.204396
v -0.039672 0.220480 0.204396
v -0.064078 0.220480 0.204396
v -0.038722 0.222772 0.204396
v -0.065027 0.222772 0.204396
v -0.037212 0.224741 0.204396
v -0.066537 0.224741 0.204396
v -0.035244 0.226251 0.204396
v -0.068506 0.226251 0.204396
v -0.032952 0.227200 0.204396
v -0.070798 0.227200 0.204396
v -0.006962 0.190013 0.204396
v -0.047268 0.189689 0.204396
v -0.004502 0.189689 0.204396
v -0.044808 0.190013 0.204396
v -0.009254 0.190962 0.204396
v -0.042516 0.190962 0.204396
v -0.011222 0.192472 0.204396
v -0.040548 0.192472 0.204396
v -0.012732 0.194441 0.204396
v -0.039037 0.194441 0.204396
v -0.013682 0.196733 0.204396
v -0.038088 0.196733 0.204396
v -0.014006 0.199192 0.204396
v -0.037764 0.199192 0.204396
v -0.013682 0.201652 0.204396
v -0.038088 0.201652 0.204396
v -0.012732 0.203944 0.204396
v -0.039037 0.203944 0.204396
v -0.011222 0.205912 0.204396
v -0.040548 0.205912 0.204396
v -0.009254 0.207423 0.204396
v -0.042516 0.207423 0.204396
v -0.006962 0.208372 0.204396
v -0.028032 0.208841 0.204396
v 0.017025 0.209791 0.204396
v -0.025740 0.209791 0.204396
v 0.015057 0.211301 0.204396
v -0.023772 0.211301 0.204396
v 0.013546 0.213269 0.204396
v -0.022262 0.213269 0.204396
v 0.012597 0.215561 0.204396
v -0.021313 0.215561 0.204396
v 0.012273 0.218021 0.204396
v -0.020989 0.218021 0.204396
v 0.012597 0.220480 0.204396
v -0.021313 0.220480 0.204396
v 0.013546 0.222772 0.204396
v -0.022262 0.222772 0.204396
v 0.015057 0.224741 0.204396
v -0.023772 0.224741 0.204396
v 0.017025 0.226251 0.204396
v -0.025740 0.226251 0.204396
v 0.019317 0.227200 0.204396
v -0.028032 0.227200 0.204396
v 0.045307 0.190013 0.204396
v 0.047766 0.189689 0.204396
v -0.002043 0.190013 0.204396
v 0.043015 0.190962 0.204396
v 0.000249 0.190962 0.204396
v 0.041046 0.192472 0.204396
v 0.002218 0.192472 0.204396
v 0.039536 0.194441 0.204396
v 0.003728 0.194441 0.204396
v 0.038587 0.196733 0.204396
v 0.004677 0.196733 0.204396
v 0.038263 0.199192 0.204396
v 0.005001 0.199192 0.204396
v 0.038587 0.201652 0.204396
v 0.004677 0.201652 0.204396
v 0.039536 0.203944 0.204396
v 0.003728 0.203944 0.204396
v 0.041046 0.205912 0.204396
v 0.002218 0.205912 0.204396
v 0.043015 0.207423 0.204396
v 0.000249 0.207423 0.204396
v 0.045307 0.208372 0.204396
v 0.024236 0.208841 0.204396
v 0.064542 0.209791 0.204396
v 0.026528 0.209791 0.204396
v 0.062574 0.211301 0.204396
v 0.028497 0.211301 0.204396
v 0.061063 0.213269 0.204396
v 0.030007 0.213269 0.204396
v 0.060114 0.215561 0.204396
v 0.030956 0.215561 0.204396
v 0.059790 0.218021 0.204396
v 0.031280 0.218021 0.204396
v 0.060114 0.220480 0.204396
v 0.030956 0.220480 0.204396
v 0.061063 0.222772 0.204396
v 0.030007 0.222772 0.204396
v 0.062574 0.224741 0.204396
v 0.028497 0.224741 0.204396
v 0.064542 0.226251 0.204396
v 0.026528 0.226251 0.204396
v 0.066834 0.227200 0.204396
v 0.024236 0.227200 0.204396
v 0.092824 0.190013 0.204396
v 0.095283 0.189689 0.204396
v 0.050226 0.190013 0.204396
v 0.090532 0.190962 0.204396
v 0.052518 0.190962 0.204396
v 0.088563 0.192472 0.204396
v 0.054486 0.192472 0.204396
v 0.087053 0.194441 0.204396
v 0.055997 0.194441 0.204396
v 0.086104 0.196733 0.204396
v 0.056946 0.196733 0.204396
v 0.085780 0.199192 0.204396
v 0.057270 0.199192 0.204396
v 0.086104 0.201652 0.204396
v 0.056946 0.201652 0.204396
v 0.087053 0.203944 0.204396
v 0.055997 0.203944 0.204396
v 0.088563 0.205912 0.204396
v 0.054486 0.205912 0.204396
v 0.090532 0.207423 0.204396
v 0.052518 0.207423 0.204396
v 0.092824 0.208372 0.204396
v 0.071753 0.208841 0.204396
v 0.112059 0.209791 0.204396
v 0.074045 0.209791 0.204396
v 0.110091 0.211301 0.204396
v 0.076013 0.211301 0.204396
v 0.108580 0.213269 0.204396
v 0.077524 0.213269 0.204396
v 0.107631 0.215561 0.204396
v 0.078473 0.215561 0.204396
v 0.107307 0.218021 0.204396
v 0.078797 0.218021 0.204396
v 0.107631 0.220480 0.204396
v 0.078473 0.220480 0.204396
v 0.108580 0.222772 0.204396
v 0.077524 0.222772 0.204396
v 0.110091 0.224741 0.204396
v 0.076013 0.224741 0.204396
v 0.112059 0.226251 0.204396
v 0.074045 0.226251 0.204396
v 0.114351 0.227200 0.204396
v 0.071753 0.227200 0.204396
v 0.140341 0.190013 0.204396
v 0.097743 0.190013 0.204396
v 0.138048 0.190962 0.204396
v 0.100035 0.190962 0.204396
v 0.136080 0.192472 0.204396
v 0.102003 0.192472 0.204396
v 0.134570 0.194441 0.204396
v 0.103513 0.194441 0.204396
v 0.133621 0.196733 0.204396
v 0.104463 0.196733 0.204396
v 0.133297 0.199192 0.204396
v 0.104787 0.199192 0.204396
v 0.133621 0.201652 0.204396
v 0.104463 0.201652 0.204396
v 0.134570 0.203944 0.204396
v 0.103513 0.203944 0.204396
v 0.136080 0.205912 0.204396
v 0.102003 0.205912 0.204396
v 0.138048 0.207423 0.204396
v 0.100035 0.207423 0.204396
v 0.140341 0.208372 0.204396
v -0.062084 0.191351 0.204396
v -0.049727 0.190013 0.204396
v -0.052019 0.190962 0.204396
v -0.053988 0.192472 0.204396
v -0.064052 0.192862 0.204396
v -0.066344 0.193811 0.204396
v -0.033586 0.176798 0.204396
v -0.066344 0.175452 0.204396
v -0.064052 0.176401 0.204396
v -0.062084 0.177911 0.204396
v -0.032076 0.178766 0.204396
v -0.060574 0.179880 0.204396
v -0.030107 0.180276 0.204396
v -0.027815 0.181226 0.204396
v 0.014950 0.162867 0.204396
v -0.022896 0.162867 0.204396
v 0.012658 0.163816 0.204396
v -0.020604 0.163816 0.204396
v 0.010690 0.165326 0.204396
v -0.018636 0.165326 0.204396
v 0.009179 0.167295 0.204396
v -0.017125 0.167295 0.204396
v 0.008230 0.169587 0.204396
v -0.016176 0.169587 0.204396
v 0.007906 0.172046 0.204396
v -0.015852 0.172046 0.204396
v 0.008230 0.174506 0.204396
v -0.016176 0.174506 0.204396
v 0.009179 0.176798 0.204396
v -0.017125 0.176798 0.204396
v 0.010690 0.178766 0.204396
v -0.018636 0.178766 0.204396
v 0.012658 0.180276 0.204396
v -0.020604 0.180276 0.204396
v 0.014950 0.181226 0.204396
v -0.022896 0.181226 0.204396
v 0.062467 0.162867 0.204396
v 0.019869 0.162867 0.204396
v 0.060175 0.163816 0.204396
v 0.022161 0.163816 0.204396
v 0.058207 0.165326 0.204396
v 0.024129 0.165326 0.204396
v 0.056696 0.167295 0.204396
v 0.025640 0.167295 0.204396
v 0.055747 0.169587 0.204396
v 0.026589 0.169587 0.204396
v 0.055423 0.172046 0.204396
v 0.026913 0.172046 0.204396
v 0.055747 0.174506 0.204396
v 0.026589 0.174506 0.204396
v 0.056696 0.176798 0.204396
v 0.025640 0.176798 0.204396
v 0.058207 0.178766 0.204396
v 0.024129 0.178766 0.204396
v 0.060175 0.180276 0.204396
v 0.022161 0.180276 0.204396
v 0.062467 0.181226 0.204396
v 0.019869 0.181226 0.204396
v -0.130070 0.240349 0.370705
v -0.130070 0.240349 0.204396
v 0.181821 -0.251112 0.370705
v 0.181821 -0.251112 0.204396
v 0.208676 -0.225894 0.370705
v 0.208676 -0.225894 0.204396
v 0.232158 -0.197509 0.204396
v 0.232158 -0.197509 0.370705
v 0.251897 -0.166405 0.204396
v 0.251897 -0.166405 0.370705
v 0.267583 -0.133071 0.204396
v 0.267583 -0.133071 0.370705
v 0.278967 -0.098035 0.204396
v 0.278967 -0.098035 0.370705
v 0.280902 -0.087892 0.204396
v 0.280902 -0.087892 0.370705
v 0.285870 -0.061849 0.370705
v 0.280902 -0.087892 0.204396
v 0.280902 -0.087892 0.370705
v 0.285870 -0.061849 0.204396
v 0.119735 0.240349 0.204396
v 0.119735 0.240349 0.370705
v 0.085483 0.253910 0.204396
v 0.085483 0.253910 0.370705
v 0.049801 0.263072 0.204396
v 0.049801 0.263072 0.370705
v 0.013252 0.267689 0.204396
v 0.013252 0.267689 0.370705
v -0.023587 0.267689 0.204396
v -0.023587 0.267689 0.370705
v -0.060136 0.263072 0.204396
v -0.060136 0.263072 0.370705
v -0.095817 0.253910 0.204396
v -0.095817 0.253910 0.370705
vn 0.9685831604410063 0.24868988984297663 0
vn 0.9822872551433722 0.18738129144314172 0
vn 0.9297764716058311 0.368124588757952 0
vn 0 0 1
vn 0.9921147054673806 0.1253332006906906 0
vn 0.8763066737420931 0.4817536855645931 0
vn -1 0 0
vn -0.98819114027588 -0.15322620624506741 0
vn -0.99335211345264 -0.11511550155897127 0
vn -0.9734942004134771 -0.2287117000971419 0
vn -0.9530399555172615 -0.3028445858648565 0
vn -0.9269493884570144 -0.37518639532793135 0
vn -0.8953767661070352 -0.4453093831435706 0
vn -0.8585088133245377 -0.5127988079589247 0
vn -0.8165636368784154 -0.5772554260705528 0
vn -0.7697891982449268 -0.6382981985447185 0
vn -0.7184622508294188 -0.6955659523964104 0
vn -0.6628862323838327 -0.7487201365770572 0
vn -0.6033899082043832 -0.7974463108429972 0
vn -0.5722807014497787 -0.8200578020774811 0
vn -0.540325005747448 -0.8414564089505887 0
vn 0.9921147054673806 -0.1253332006906906 0
vn 0.9685831604410063 -0.24868988984297663 0
vn 0.9822872551433722 -0.18738129144314172 0
vn 1 0 0
vn 0.8090169736320784 0.5877852808425821 0
vn 0.7289686175301027 0.6845471164618626 0
vn 0.6374240168438534 0.7705132203607198 0
vn 0.5358268100958747 0.8443279159085524 0
vn 0.42577928015806865 0.9048270578337482 0
vn 0.3090170042518809 0.9510565130859434 0
vn 0.368124588757952 0.9297764716058311 0
vn 0.9297764716058311 -0.368124588757952 0
vn 0.18738129144314172 0.9822872551433722 0
vn 0.0627905217796479 0.9980267282866925 0
vn 0.1253332006906906 0.9921147054673806 0
vn 0.9999953328133437 -0.0030552171002523566 0
vn 0.999069715493769 0.043124280668779796 0
vn 0.9960126808427803 0.08921176828410875 0
vn 0.9908511019800327 0.1349596002696918 0
vn 0.9743104785207168 0.225208995035127 0
vn 0.9497975359131324 0.3128652118298578 0
vn 0.9178075824386652 0.39702549240331225 0
vn 0.8789475807491496 0.4769183895544572 0
vn 0.8338983915582131 0.5519179944127797 0
vn 0.7833768840729258 0.6215469873631387 0
vn 0.7281026319475533 0.6854681300768445 0
vn 0.6687697141236643 0.743469615701242 0
vn 0.6060270990696242 0.7954439987788304 0
vn 0.573422028230711 0.819260140333812 0
vn 0.540325005747448 0.8414564089505887 0
vn 0.8763066737420931 -0.4817536855645931 0
vn 0.9048270578337482 -0.42577928015806865 0
vn -0.0627905217796479 0.9980267282866925 0
vn 0.8090169736320784 -0.5877852808425821 0
vn -0.18738129144314172 0.9822872551433722 0
vn -0.24868988984297663 0.9685831604410063 0
vn -0.3090170042518809 0.9510565130859434 0
vn -0.9966573673063627 0.08169511732013164 0
vn -0.9994410271951703 0.03343102090967078 0
vn -0.984156328944973 0.17730290521464695 0
vn -0.9626795881562252 0.2706436966702909 0
vn -0.9327151527546955 0.3606139817336329 0
vn -0.894906236773452 0.4462542183374608 0
vn -0.8500051986537914 0.5267742991657133 0
vn -0.7988254592173012 0.6015628692882131 0
vn -0.7421966544707901 0.6701821588884374 0
vn -0.6809273084822128 0.7323510091227904 0
vn -0.6157765974814121 0.7879207967773251 0
vn -0.5474359781787206 0.8368475666425201 0
vn -0.512113729365255 0.8589176492514345 0
vn -0.47637378224868165 0.8792428672364 0
vn -0.9297764716058311 -0.368124588757952 0
vn -0.9685831604410063 -0.24868988984297663 0
vn -0.9510565130859434 -0.3090170042518809 0
vn -0.8763066737420931 -0.4817536855645931 0
vn -0.8090169736320784 -0.5877852808425821 0
vn -0.7289686175301027 -0.6845471164618626 0
vn -0.7705132203607198 -0.6374240168438534 0
vn 0.5247034778590196 -0.8512850640782142 0
vn 0.4834034047622849 -0.8753977086240461 0
vn 0.4415909869392292 -0.8972164734633653 0
vn 0.3558302079719489 -0.9345506209374855 0
vn 0.2682838053288609 -0.9633399191346044 0
vn 0.17949870185162514 -0.9837582101479923 0
vn 0.08993635135769841 -0.9959475150350369 0
vn 0 -1 0
vn -0.08993635135769841 -0.9959475150350369 0
vn -0.17949870185162514 -0.9837582101479923 0
vn -0.2682838053288609 -0.9633399191346044 0
vn -0.3558302079719489 -0.9345506209374855 0
vn -0.4415909869392292 -0.8972164734633653 0
vn -0.4834034047622849 -0.8753977086240461 0
vn -0.590576189684391 -0.8069818859044273 0
vn 0.7289686175301027 -0.6845471164618626 0
vn 0.6845471164618626 -0.7289686175301027 0
vn 0.6374240168438534 -0.7705132203607198 0
vn -0.368124588757952 0.9297764716058311 0
vn -0.42577928015806865 0.9048270578337482 0
vn -0.9921147054673806 -0.1253332006906906 0
vn -0.9945244562324416 -0.10450409540092848 0
vn -0.6211285800637449 -0.7837086748454402 0
vn -0.6374240168438534 -0.7705132203607198 0
vn 0.5358268100958747 -0.8443279159085524 0
vn 0.5877852808425821 -0.8090169736320784 0
vn -0.5358268100958747 0.8443279159085524 0
vn 0.6231642148180226 -0.7820910185970924 0
vn 0.5907299999460988 -0.8068692999263772 0
vn 0.39552908010309606 -0.9184534537976319 0
vn 0.9991670274125973 -0.040807491119571895 0
vn 0.9966694964766787 -0.08154700971172359 0
vn 0.9867001766839397 -0.16255079615886947 0
vn 0.970158427465103 -0.24247190686435915 0
vn 0.9471544488542957 -0.3207778826782097 0
vn 0.9178414911333485 -0.3969470961653601 0
vn 0.8824147716187485 -0.4704722848681225 0
vn 0.8411102668838997 -0.540863678705175 0
vn 0.7942030986993457 -0.6076523990048568 0
vn 0.7420057806796946 -0.6703934825443315 0
vn 0.6848659673829817 -0.7286690652968414 0
vn -0.9980267282866925 -0.0627905217796479 0
vn -0.5358268100958747 -0.8443279159085524 0
vn -0.5877852808425821 -0.8090169736320784 0
vn -0.46883889792798994 0.8832836960963719 0
vn -0.3891888033062678 0.9211580078254952 0
vn -0.4294315945550393 0.9030993885491875 0
vn -0.3065113057138781 0.9518670177443768 0
vn -0.22144960389137885 0.9751718171360118 0
vn -0.13466530571766677 0.9908911420716038 0
vn -0.04683351042791287 0.9989027091268692 0
vn 0.04136258009476382 0.9991442022890912 0
vn 0.12923690605156346 0.9916137464326618 0
vn 0.21610600163570523 0.9763699073901388 0
vn 0.30129399781325483 0.9535312930794176 0
vn 0.38413849306966147 0.9232754833429564 0
vn 0.46399480939509463 0.88583791793669 0
vn 0.5026073157234845 0.8645148270453396 0
vn 0.590576189684391 0.8069818859044273 0
vn 0.42577928015806865 -0.9048270578337482 0
vn -0.6374240168438534 0.7705132203607198 0
vn -0.7289686175301027 0.6845471164618626 0
vn -0.8090169736320784 0.5877852808425821 0
vn -0.8763066737420931 0.4817536855645931 0
vn -0.9297764716058311 0.368124588757952 0
vn -0.9685831604410063 0.24868988984297663 0
vn -0.9822872551433722 0.18738129144314172 0
vn -0.9921147054673806 0.1253332006906906 0
vn -0.42577928015806865 -0.9048270578337482 0
vn -0.3090170042518809 -0.9510565130859434 0
vn -0.18738129144314172 -0.9822872551433722 0
vn -0.0627905217796479 -0.9980267282866925 0
vn 0.0627905217796479 -0.9980267282866925 0
vn 0.18738129144314172 -0.9822872551433722 0
vn 0.3090170042518809 -0.9510565130859434 0
usemtl material_0_0
f 1//1 2//2 3//1
f 2//2 1//1 4//2
f 5//3 1//1 3//1
f 1//1 5//3 6//3
f 7//4 8//4 9//4
f 8//4 7//4 10//4
f 10//4 7//4 11//4
f 11//4 7//4 12//4
f 12//4 7//4 13//4
f 9//4 8//4 14//4
f 9//4 14//4 15//4
f 9//4 15//4 16//4
f 12//4 13//4 17//4
f 17//4 13//4 18//4
f 18//4 13//4 19//4
f 19//4 13//4 20//4
f 20//4 13//4 21//4
f 21//4 13//4 22//4
f 22//4 13//4 23//4
f 23//4 13//4 24//4
f 23//4 24//4 25//4
f 24//4 13//4 26//4
f 26//4 13//4 27//4
f 27//4 13//4 28//4
f 28//4 13//4 29//4
f 29//4 13//4 30//4
f 30//4 13//4 31//4
f 31//4 13//4 32//4
f 31//4 32//4 33//4
f 31//4 33//4 34//4
f 31//4 34//4 35//4
f 35//4 34//4 36//4
f 35//4 36//4 37//4
f 35//4 37//4 38//4
f 38//4 37//4 39//4
f 38//4 39//4 40//4
f 40//4 39//4 41//4
f 41//4 39//4 42//4
f 41//4 42//4 43//4
f 23//4 44//4 45//4
f 44//4 23//4 46//4
f 46//4 23//4 47//4
f 47//4 23//4 25//4
f 45//4 44//4 48//4
f 45//4 48//4 49//4
f 45//4 49//4 50//4
f 45//4 50//4 51//4
f 45//4 51//4 52//4
f 45//4 52//4 53//4
f 45//4 53//4 54//4
f 54//4 53//4 55//4
f 54//4 55//4 56//4
f 54//4 56//4 43//4
f 54//4 43//4 42//4
f 54//4 42//4 57//4
f 54//4 57//4 58//4
f 54//4 58//4 59//4
f 54//4 59//4 60//4
f 54//4 60//4 61//4
f 54//4 61//4 62//4
f 63//4 64//4 65//4
f 64//4 63//4 66//4
f 64//4 66//4 67//4
f 64//4 67//4 68//4
f 64//4 68//4 69//4
f 69//4 68//4 70//4
f 69//4 70//4 71//4
f 71//4 70//4 72//4
f 71//4 72//4 73//4
f 73//4 72//4 74//4
f 73//4 74//4 75//4
f 75//4 74//4 76//4
f 13//4 77//4 32//4
f 77//4 13//4 78//4
f 78//4 13//4 79//4
f 79//4 13//4 80//4
f 80//4 13//4 81//4
f 80//4 81//4 82//4
f 82//4 81//4 83//4
f 83//4 81//4 84//4
f 84//4 81//4 85//4
f 85//4 81//4 86//4
f 86//4 81//4 87//4
f 86//4 87//4 88//4
f 88//4 87//4 89//4
f 89//4 87//4 62//4
f 62//4 87//4 90//4
f 62//4 90//4 91//4
f 62//4 91//4 54//4
f 90//4 87//4 92//4
f 92//4 87//4 93//4
f 93//4 87//4 94//4
f 94//4 87//4 95//4
f 95//4 87//4 96//4
f 96//4 87//4 97//4
f 97//4 87//4 98//4
f 96//4 97//4 99//4
f 96//4 99//4 100//4
f 100//4 99//4 101//4
f 101//4 99//4 102//4
f 101//4 102//4 103//4
f 97//4 98//4 104//4
f 104//4 98//4 105//4
f 105//4 98//4 106//4
f 106//4 98//4 107//4
f 107//4 98//4 108//4
f 107//4 108//4 109//4
f 109//4 108//4 110//4
f 110//4 108//4 111//4
f 111//4 108//4 112//4
f 112//4 108//4 113//4
f 113//4 108//4 114//4
f 114//4 108//4 115//4
f 115//4 108//4 116//4
f 116//4 108//4 117//4
f 117//4 108//4 118//4
f 117//4 118//4 119//4
f 119//4 118//4 120//4
f 120//4 118//4 121//4
f 121//4 118//4 122//4
f 121//4 122//4 123//4
f 121//4 123//4 124//4
f 124//4 123//4 125//4
f 125//4 123//4 126//4
f 122//4 118//4 127//4
f 127//4 118//4 128//4
f 128//4 118//4 129//4
f 129//4 118//4 130//4
f 130//4 118//4 131//4
f 131//4 118//4 132//4
f 131//4 132//4 133//4
f 133//4 132//4 134//4
f 134//4 132//4 135//4
f 135//4 132//4 136//4
f 136//4 132//4 137//4
f 136//4 137//4 138//4
f 138//4 137//4 139//4
f 139//4 137//4 140//4
f 140//4 137//4 141//4
f 141//4 137//4 142//4
f 142//4 137//4 143//4
f 143//4 137//4 144//4
f 144//4 137//4 145//4
f 145//4 137//4 146//4
f 146//4 137//4 65//4
f 65//4 137//4 63//4
f 63//4 137//4 147//4
f 147//4 137//4 148//4
f 148//4 137//4 149//4
f 149//4 137//4 150//4
f 150//4 137//4 151//4
f 150//4 151//4 152//4
f 152//4 151//4 153//4
f 153//4 151//4 154//4
f 154//4 151//4 155//4
f 155//4 151//4 156//4
f 155//4 156//4 157//4
f 157//4 156//4 158//4
f 158//4 156//4 159//4
f 159//4 156//4 160//4
f 156//4 161//4 162//4
f 161//4 156//4 163//4
f 161//4 163//4 164//4
f 164//4 163//4 165//4
f 165//4 163//4 166//4
f 166//4 163//4 167//4
f 167//4 163//4 168//4
f 168//4 163//4 169//4
f 168//4 169//4 170//4
f 170//4 169//4 171//4
f 171//4 169//4 172//4
f 172//4 169//4 173//4
f 173//4 169//4 174//4
f 173//4 174//4 175//4
f 175//4 174//4 176//4
f 176//4 174//4 177//4
f 177//4 174//4 178//4
f 54//4 179//4 180//4
f 179//4 54//4 181//4
f 181//4 54//4 182//4
f 182//4 54//4 183//4
f 183//4 54//4 91//4
f 183//4 91//4 184//4
f 183//4 184//4 185//4
f 180//4 179//4 186//4
f 180//4 186//4 187//4
f 180//4 187//4 188//4
f 180//4 188//4 189//4
f 180//4 189//4 190//4
f 180//4 190//4 191//4
f 180//4 191//4 192//4
f 180//4 192//4 193//4
f 180//4 193//4 194//4
f 194//4 193//4 195//4
f 194//4 195//4 196//4
f 196//4 195//4 197//4
f 196//4 197//4 198//4
f 196//4 198//4 199//4
f 196//4 199//4 200//4
f 200//4 199//4 201//4
f 200//4 201//4 202//4
f 202//4 201//4 203//4
f 196//4 200//4 204//4
f 196//4 204//4 205//4
f 205//4 204//4 206//4
f 205//4 206//4 207//4
f 194//4 196//4 208//4
f 194//4 208//4 209//4
f 194//4 209//4 210//4
f 194//4 210//4 211//4
f 211//4 210//4 212//4
f 211//4 212//4 213//4
f 211//4 213//4 214//4
f 211//4 214//4 215//4
f 211//4 215//4 216//4
f 211//4 216//4 217//4
f 211//4 217//4 218//4
f 211//4 218//4 219//4
f 211//4 219//4 220//4
f 220//4 219//4 221//4
f 211//4 220//4 222//4
f 211//4 222//4 223//4
f 211//4 223//4 224//4
f 211//4 224//4 225//4
f 211//4 225//4 226//4
f 211//4 226//4 227//4
f 227//4 226//4 228//4
f 227//4 228//4 229//4
f 227//4 229//4 230//4
f 227//4 230//4 231//4
f 227//4 231//4 232//4
f 227//4 232//4 233//4
f 227//4 233//4 234//4
f 234//4 233//4 235//4
f 234//4 235//4 236//4
f 234//4 236//4 237//4
f 234//4 237//4 238//4
f 234//4 238//4 239//4
f 234//4 239//4 240//4
f 234//4 240//4 241//4
f 234//4 241//4 242//4
f 242//4 241//4 243//4
f 242//4 243//4 76//4
f 242//4 76//4 74//4
f 242//4 74//4 244//4
f 242//4 244//4 245//4
f 242//4 245//4 246//4
f 242//4 246//4 247//4
f 242//4 247//4 248//4
f 242//4 248//4 160//4
f 242//4 160//4 156//4
f 242//4 156//4 162//4
f 242//4 162//4 249//4
f 242//4 249//4 250//4
f 242//4 250//4 251//4
f 242//4 251//4 177//4
f 177//4 251//4 252//4
f 177//4 252//4 253//4
f 177//4 253//4 254//4
f 177//4 254//4 255//4
f 177//4 255//4 256//4
f 177//4 256//4 257//4
f 177//4 257//4 258//4
f 177//4 258//4 259//4
f 177//4 259//4 176//4
f 102//4 260//4 103//4
f 260//4 102//4 261//4
f 260//4 261//4 262//4
f 260//4 262//4 263//4
f 260//4 263//4 264//4
f 264//4 263//4 265//4
f 266//4 183//4 185//4
f 183//4 266//4 267//4
f 267//4 266//4 268//4
f 268//4 266//4 269//4
f 268//4 269//4 270//4
f 270//4 269//4 271//4
f 270//4 271//4 272//4
f 272//4 271//4 273//4
f 273//4 271//4 274//4
f 273//4 274//4 275//4
f 275//4 274//4 276//4
f 275//4 276//4 277//4
f 277//4 276//4 278//4
f 277//4 278//4 279//4
f 279//4 278//4 280//4
f 279//4 280//4 281//4
f 279//4 281//4 282//4
f 282//4 281//4 283//4
f 282//4 283//4 284//4
f 284//4 283//4 265//4
f 284//4 265//4 263//4
f 284//4 263//4 197//4
f 284//4 197//4 285//4
f 285//4 197//4 195//4
f 286//4 205//4 207//4
f 205//4 286//4 287//4
f 287//4 286//4 288//4
f 288//4 286//4 289//4
f 288//4 289//4 290//4
f 290//4 289//4 291//4
f 291//4 289//4 292//4
f 291//4 292//4 293//4
f 293//4 292//4 294//4
f 293//4 294//4 295//4
f 295//4 294//4 296//4
f 295//4 296//4 297//4
f 297//4 296//4 298//4
f 297//4 298//4 299//4
f 297//4 299//4 300//4
f 300//4 299//4 126//4
f 300//4 126//4 123//4
f 300//4 123//4 301//4
f 300//4 301//4 302//4
f 300//4 302//4 303//4
f 303//4 302//4 304//4
f 303//4 304//4 305//4
f 305//4 304//4 306//4
f 305//4 306//4 307//4
f 307//4 306//4 221//4
f 307//4 221//4 219//4
f 308//4 230//4 229//4
f 230//4 308//4 309//4
f 309//4 308//4 310//4
f 310//4 308//4 311//4
f 311//4 308//4 312//4
f 311//4 312//4 313//4
f 313//4 312//4 314//4
f 313//4 314//4 146//4
f 146//4 314//4 315//4
f 146//4 315//4 145//4
f 316//4 220//4 221//4
f 220//4 316//4 317//4
f 317//4 316//4 318//4
f 318//4 316//4 319//4
f 318//4 319//4 320//4
f 320//4 319//4 321//4
f 321//4 319//4 322//4
f 321//4 322//4 323//4
f 323//4 322//4 324//4
f 323//4 324//4 325//4
f 325//4 324//4 326//4
f 325//4 326//4 327//4
f 325//4 327//4 140//4
f 140//4 327//4 139//4
f 328//4 202//4 203//4
f 202//4 328//4 329//4
f 329//4 328//4 330//4
f 329//4 330//4 331//4
f 331//4 330//4 332//4
f 332//4 330//4 333//4
f 332//4 333//4 114//4
f 332//4 114//4 115//4
f 9//4 334//4 335//4
f 334//4 9//4 16//4
f 335//4 334//4 336//4
f 335//4 336//4 337//4
f 335//4 337//4 338//4
f 335//4 338//4 339//4
f 335//4 339//4 23//4
f 23//4 339//4 340//4
f 23//4 340//4 341//4
f 23//4 341//4 342//4
f 23//4 342//4 343//4
f 23//4 343//4 344//4
f 23//4 344//4 345//4
f 23//4 345//4 22//4
f 346//2 347//5 348//2
f 347//5 346//2 349//5
f 350//6 5//3 351//6
f 5//3 350//6 6//3
f 352//7 353//7 354//7
f 353//7 352//7 355//7
f 356//8 357//9 358//8
f 357//9 356//8 359//9
f 360//10 358//8 361//10
f 358//8 360//10 356//8
f 362//11 361//10 363//11
f 361//10 362//11 360//10
f 364//12 363//11 365//12
f 363//11 364//12 362//11
f 366//13 365//12 367//13
f 365//12 366//13 364//12
f 368//14 367//13 369//14
f 367//13 368//14 366//13
f 370//15 369//14 371//15
f 369//14 370//15 368//14
f 372//16 371//15 373//16
f 371//15 372//16 370//15
f 374//17 373//16 375//17
f 373//16 374//17 372//16
f 374//17 376//18 377//18
f 376//18 374//17 375//17
f 377//18 378//19 379//19
f 378//19 377//18 376//18
f 379//19 380//20 381//20
f 380//20 379//19 378//19
f 382//21 383//21 384//21
f 383//21 382//21 385//21
f 386//22 387//23 388//22
f 387//23 386//22 389//24
f 389//24 386//22 390//24
f 391//23 387//23 389//24
f 392//25 388//22 393//25
f 388//22 392//25 386//22
f 349//5 393//25 347//5
f 393//25 349//5 392//25
f 394//26 351//6 395//26
f 351//6 394//26 350//6
f 396//27 395//26 397//27
f 395//26 396//27 394//26
f 398//28 396//27 397//27
f 396//27 398//28 399//28
f 400//29 399//28 398//28
f 399//28 400//29 401//29
f 402//30 401//29 400//29
f 401//29 402//30 403//30
f 404//31 403//30 402//30
f 403//30 404//31 405//32
f 403//30 405//32 406//32
f 405//32 404//31 407//31
f 408//4 409//4 410//4
f 409//4 408//4 411//4
f 411//4 408//4 412//4
f 411//4 412//4 413//4
f 413//4 412//4 414//4
f 414//4 412//4 415//4
f 414//4 415//4 416//4
f 414//4 416//4 417//4
f 414//4 417//4 418//4
f 414//4 418//4 419//4
f 419//4 418//4 420//4
f 420//4 418//4 421//4
f 421//4 418//4 422//4
f 422//4 418//4 423//4
f 422//4 423//4 424//4
f 424//4 423//4 425//4
f 424//4 425//4 426//4
f 424//4 426//4 427//4
f 427//4 426//4 428//4
f 427//4 428//4 429//4
f 427//4 429//4 430//4
f 430//4 429//4 431//4
f 430//4 431//4 432//4
f 430//4 432//4 433//4
f 433//4 432//4 434//4
f 433//4 434//4 435//4
f 435//4 434//4 436//4
f 435//4 436//4 437//4
f 435//4 437//4 438//4
f 438//4 437//4 439//4
f 438//4 439//4 440//4
f 440//4 439//4 441//4
f 440//4 441//4 442//4
f 440//4 442//4 443//4
f 443//4 442//4 444//4
f 443//4 444//4 445//4
f 445//4 444//4 446//4
f 446//4 444//4 447//4
f 391//23 448//33 387//23
f 448//33 391//23 449//33
f 450//34 407//31 404//31
f 407//31 450//34 451//34
f 452//35 451//34 450//34
f 451//34 452//35 453//36
f 453//36 454//35 455//36
f 454//35 453//36 452//35
f 456//25 457//25 458//25
f 457//25 456//25 459//25
f 460//25 461//25 462//25
f 461//25 460//25 463//25
f 464//25 465//25 466//25
f 465//25 464//25 467//25
f 468//25 469//25 470//25
f 469//25 468//25 471//25
f 472//25 473//25 474//25
f 473//25 472//25 475//25
f 476//25 477//25 478//25
f 477//25 476//25 479//25
f 480//37 481//38 482//37
f 481//38 480//37 483//38
f 483//38 484//39 481//38
f 484//39 483//38 485//39
f 486//39 487//40 488//39
f 487//40 486//39 489//40
f 489//40 490//41 487//40
f 490//41 489//40 491//41
f 490//41 492//42 493//42
f 492//42 490//41 491//41
f 492//42 494//43 493//42
f 494//43 492//42 495//43
f 494//43 496//44 497//44
f 496//44 494//43 495//43
f 497//44 498//45 499//45
f 498//45 497//44 496//44
f 499//45 500//46 501//46
f 500//46 499//45 498//45
f 500//46 502//47 501//46
f 502//47 500//46 503//47
f 504//48 503//47 505//48
f 503//47 504//48 502//47
f 506//49 505//48 507//49
f 505//48 506//49 504//48
f 508//50 507//49 509//50
f 507//49 508//50 506//49
f 510//51 511//51 512//51
f 511//51 510//51 513//51
f 449//33 514//52 448//33
f 514//52 449//33 515//53
f 515//53 516//52 514//52
f 516//52 515//53 517//53
f 518//54 454//35 452//35
f 454//35 518//54 519//54
f 520//4 521//4 522//4
f 521//4 520//4 523//4
f 521//4 523//4 524//4
f 524//4 523//4 525//4
f 525//4 523//4 526//4
f 525//4 526//4 527//4
f 525//4 527//4 528//4
f 528//4 527//4 529//4
f 529//4 527//4 530//4
f 530//4 527//4 531//4
f 531//4 527//4 532//4
f 531//4 532//4 533//4
f 533//4 532//4 534//4
f 534//4 532//4 535//4
f 534//4 535//4 536//4
f 536//4 535//4 537//4
f 537//4 535//4 538//4
f 537//4 538//4 539//4
f 539//4 538//4 540//4
f 539//4 540//4 541//4
f 541//4 540//4 542//4
f 541//4 542//4 543//4
f 543//4 542//4 544//4
f 543//4 544//4 545//4
f 545//4 544//4 546//4
f 545//4 546//4 547//4
f 547//4 546//4 548//4
f 547//4 548//4 549//4
f 549//4 548//4 550//4
f 549//4 550//4 551//4
f 551//4 550//4 552//4
f 551//4 552//4 553//4
f 553//4 552//4 554//4
f 553//4 554//4 555//4
f 555//4 554//4 556//4
f 555//4 556//4 557//4
f 555//4 557//4 558//4
f 558//4 557//4 559//4
f 559//4 557//4 560//4
f 560//4 557//4 561//4
f 561//4 557//4 562//4
f 562//4 557//4 563//4
f 562//4 563//4 564//4
f 564//4 563//4 565//4
f 565//4 563//4 566//4
f 565//4 566//4 567//4
f 567//4 566//4 568//4
f 555//4 569//4 570//4
f 569//4 555//4 558//4
f 570//4 569//4 571//4
f 570//4 571//4 572//4
f 570//4 572//4 573//4
f 570//4 573//4 574//4
f 570//4 574//4 575//4
f 570//4 575//4 576//4
f 570//4 576//4 577//4
f 577//4 576//4 578//4
f 578//4 576//4 579//4
f 578//4 579//4 580//4
f 581//4 525//4 528//4
f 582//4 583//4 584//4
f 516//52 585//55 514//52
f 585//55 516//52 586//55
f 587//56 519//54 518//54
f 519//54 587//56 588//56
f 587//56 589//57 588//56
f 589//57 587//56 590//58
f 589//57 590//58 591//58
f 592//57 588//56 589//57
f 593//7 594//7 595//7
f 594//7 593//7 596//7
f 597//59 598//60 599//59
f 598//60 597//59 600//60
f 601//61 599//59 602//61
f 599//59 601//61 597//59
f 603//62 602//61 604//62
f 602//61 603//62 601//61
f 605//63 604//62 606//63
f 604//62 605//63 603//62
f 607//64 606//63 608//64
f 606//63 607//64 605//63
f 609//65 608//64 610//65
f 608//64 609//65 607//64
f 611//66 610//65 612//66
f 610//65 611//66 609//65
f 613//67 612//66 614//67
f 612//66 613//67 611//66
f 615//68 614//67 616//68
f 614//67 615//68 613//67
f 617//69 615//68 616//68
f 615//68 617//69 618//69
f 619//70 618//69 617//69
f 618//69 619//70 620//70
f 621//71 620//70 619//70
f 620//70 621//71 622//71
f 623//72 624//72 625//72
f 624//72 623//72 626//72
f 627//73 628//74 629//73
f 628//74 627//73 630//75
f 628//74 630//75 631//74
f 630//75 627//73 632//75
f 633//76 627//73 629//73
f 627//73 633//76 634//76
f 635//77 633//76 636//77
f 633//76 635//77 634//76
f 637//78 636//77 638//78
f 636//77 637//78 639//79
f 636//77 639//79 635//77
f 635//77 639//79 640//79
f 641//80 642//80 643//80
f 642//80 641//80 644//80
f 645//81 646//82 647//82
f 646//82 645//81 648//81
f 647//82 649//83 650//83
f 649//83 647//82 646//82
f 650//83 651//84 652//84
f 651//84 650//83 649//83
f 652//84 653//85 654//85
f 653//85 652//84 651//84
f 654//85 655//86 656//86
f 655//86 654//85 653//85
f 656//86 657//87 658//87
f 657//87 656//86 655//86
f 658//87 659//88 660//88
f 659//88 658//87 657//87
f 660//88 661//89 662//89
f 661//89 660//88 659//88
f 662//89 663//90 664//90
f 663//90 662//89 661//89
f 664//90 665//91 666//91
f 665//91 664//90 663//90
f 666//91 667//92 668//92
f 667//92 666//91 665//91
f 668//92 669//93 670//93
f 669//93 668//92 667//92
f 671//94 672//94 673//94
f 672//94 671//94 674//94
f 675//94 676//94 677//94
f 676//94 675//94 678//94
f 679//95 680//96 681//97
f 680//96 679//95 682//95
f 680//96 682//95 683//96
f 681//97 680//96 684//97
f 586//55 679//95 585//55
f 679//95 586//55 682//95
f 590//58 685//98 591//58
f 685//98 590//58 686//99
f 685//98 686//99 687//98
f 687//98 686//99 688//99
f 689//4 690//4 691//4
f 690//4 689//4 692//4
f 690//4 692//4 693//4
f 690//4 693//4 694//4
f 690//4 694//4 695//4
f 690//4 695//4 696//4
f 690//4 696//4 697//4
f 690//4 697//4 698//4
f 690//4 698//4 699//4
f 699//4 698//4 700//4
f 699//4 700//4 701//4
f 701//4 700//4 702//4
f 701//4 702//4 703//4
f 703//4 702//4 704//4
f 704//4 702//4 705//4
f 704//4 705//4 706//4
f 706//4 705//4 707//4
f 706//4 707//4 708//4
f 708//4 707//4 709//4
f 709//4 707//4 710//4
f 709//4 710//4 711//4
f 711//4 710//4 712//4
f 711//4 712//4 713//4
f 713//4 712//4 714//4
f 714//4 712//4 715//4
f 714//4 715//4 716//4
f 716//4 715//4 717//4
f 716//4 717//4 718//4
f 718//4 717//4 719//4
f 719//4 717//4 720//4
f 631//74 721//100 628//74
f 721//100 631//74 722//101
f 723//102 638//78 724//103
f 638//78 723//102 637//78
f 725//4 726//4 727//4
f 726//4 725//4 728//4
f 726//4 728//4 729//4
f 729//4 728//4 730//4
f 729//4 730//4 731//4
f 731//4 730//4 732//4
f 731//4 732//4 733//4
f 733//4 732//4 734//4
f 733//4 734//4 735//4
f 735//4 734//4 736//4
f 735//4 736//4 737//4
f 737//4 736//4 738//4
f 737//4 738//4 739//4
f 739//4 738//4 740//4
f 739//4 740//4 741//4
f 740//4 738//4 742//4
f 742//4 738//4 743//4
f 743//4 738//4 744//4
f 744//4 738//4 745//4
f 744//4 745//4 746//4
f 746//4 745//4 747//4
f 747//4 745//4 748//4
f 739//4 749//4 750//4
f 749//4 739//4 741//4
f 750//4 749//4 751//4
f 750//4 751//4 752//4
f 750//4 752//4 753//4
f 750//4 753//4 754//4
f 750//4 754//4 755//4
f 755//4 754//4 756//4
f 755//4 756//4 757//4
f 758//104 759//105 760//105
f 759//105 758//104 761//104
f 684//97 761//104 681//97
f 761//104 684//97 759//105
f 762//106 688//99 686//99
f 688//99 762//106 763//106
f 764//4 765//4 766//4
f 765//4 764//4 767//4
f 766//4 765//4 768//4
f 766//4 768//4 769//4
f 769//4 768//4 770//4
f 769//4 770//4 771//4
f 769//4 771//4 772//4
f 772//4 771//4 773//4
f 772//4 773//4 774//4
f 774//4 773//4 775//4
f 774//4 775//4 776//4
f 776//4 775//4 777//4
f 777//4 775//4 778//4
f 777//4 778//4 779//4
f 780//4 781//4 782//4
f 781//4 780//4 783//4
f 782//4 781//4 784//4
f 782//4 784//4 785//4
f 785//4 784//4 786//4
f 785//4 786//4 787//4
f 787//4 786//4 788//4
f 787//4 788//4 789//4
f 790//4 791//4 792//4
f 791//4 790//4 793//4
f 792//4 791//4 794//4
f 792//4 794//4 795//4
f 792//4 795//4 796//4
f 796//4 795//4 797//4
f 796//4 797//4 798//4
f 798//4 797//4 799//4
f 798//4 799//4 800//4
f 800//4 799//4 801//4
f 800//4 801//4 802//4
f 802//4 801//4 803//4
f 802//4 803//4 804//4
f 804//4 803//4 805//4
f 804//4 805//4 806//4
f 806//4 805//4 807//4
f 807//4 805//4 808//4
f 808//4 805//4 809//4
f 809//4 805//4 810//4
f 810//4 805//4 811//4
f 810//4 811//4 812//4
f 812//4 811//4 813//4
f 813//4 811//4 814//4
f 813//4 814//4 815//4
f 813//4 815//4 764//4
f 764//4 815//4 816//4
f 817//4 818//4 819//4
f 818//4 817//4 820//4
f 819//4 818//4 821//4
f 819//4 821//4 822//4
f 819//4 822//4 823//4
f 823//4 822//4 824//4
f 823//4 824//4 825//4
f 823//4 825//4 826//4
f 826//4 825//4 827//4
f 826//4 827//4 828//4
f 828//4 827//4 829//4
f 829//4 827//4 830//4
f 829//4 830//4 831//4
f 831//4 830//4 832//4
f 833//4 834//4 835//4
f 834//4 833//4 836//4
f 835//4 834//4 837//4
f 835//4 837//4 838//4
f 835//4 838//4 839//4
f 839//4 838//4 840//4
f 839//4 840//4 841//4
f 841//4 840//4 842//4
f 843//4 844//4 845//4
f 844//4 843//4 846//4
f 846//4 843//4 847//4
f 847//4 843//4 848//4
f 848//4 843//4 849//4
f 849//4 843//4 850//4
f 845//4 844//4 851//4
f 845//4 851//4 852//4
f 845//4 852//4 853//4
f 845//4 853//4 854//4
f 845//4 854//4 855//4
f 855//4 854//4 856//4
f 855//4 856//4 857//4
f 855//4 857//4 858//4
f 855//4 858//4 859//4
f 855//4 859//4 860//4
f 855//4 860//4 861//4
f 855//4 861//4 862//4
f 855//4 862//4 842//4
f 855//4 842//4 840//4
f 855//4 840//4 863//4
f 855//4 863//4 864//4
f 855//4 864//4 865//4
f 855//4 865//4 866//4
f 855//4 866//4 867//4
f 864//4 863//4 868//4
f 867//4 866//4 869//4
f 867//4 869//4 870//4
f 867//4 870//4 871//4
f 867//4 871//4 872//4
f 867//4 872//4 873//4
f 867//4 873//4 874//4
f 874//4 873//4 875//4
f 874//4 875//4 876//4
f 874//4 876//4 877//4
f 874//4 877//4 878//4
f 879//4 868//4 863//4
f 868//4 879//4 880//4
f 880//4 879//4 881//4
f 881//4 879//4 882//4
f 881//4 882//4 883//4
f 883//4 882//4 884//4
f 884//4 882//4 885//4
f 884//4 885//4 886//4
f 886//4 885//4 887//4
f 886//4 887//4 888//4
f 888//4 887//4 889//4
f 888//4 889//4 890//4
f 888//4 890//4 891//4
f 891//4 890//4 892//4
f 893//4 894//4 895//4
f 894//4 893//4 896//4
f 896//4 893//4 897//4
f 896//4 897//4 898//4
f 898//4 897//4 899//4
f 899//4 897//4 900//4
f 900//4 897//4 901//4
f 901//4 897//4 902//4
f 902//4 897//4 903//4
f 903//4 897//4 904//4
f 904//4 897//4 905//4
f 905//4 897//4 906//4
f 906//4 897//4 907//4
f 907//4 897//4 908//4
f 905//4 906//4 909//4
f 909//4 906//4 910//4
f 910//4 906//4 793//4
f 910//4 793//4 783//4
f 910//4 783//4 911//4
f 911//4 783//4 780//4
f 783//4 793//4 912//4
f 912//4 793//4 913//4
f 913//4 793//4 914//4
f 914//4 793//4 790//4
f 907//4 908//4 915//4
f 915//4 908//4 916//4
f 916//4 908//4 917//4
f 917//4 908//4 918//4
f 917//4 918//4 919//4
f 919//4 918//4 920//4
f 920//4 918//4 921//4
f 921//4 918//4 922//4
f 922//4 918//4 923//4
f 923//4 918//4 924//4
f 924//4 918//4 816//4
f 816//4 918//4 767//4
f 816//4 767//4 764//4
f 767//4 918//4 925//4
f 925//4 918//4 926//4
f 926//4 918//4 927//4
f 927//4 918//4 928//4
f 928//4 918//4 817//4
f 817//4 918//4 820//4
f 820//4 918//4 929//4
f 929//4 918//4 930//4
f 930//4 918//4 931//4
f 931//4 918//4 932//4
f 932//4 918//4 933//4
f 932//4 933//4 934//4
f 934//4 933//4 935//4
f 935//4 933//4 936//4
f 936//4 933//4 937//4
f 937//4 933//4 938//4
f 938//4 933//4 939//4
f 939//4 933//4 940//4
f 940//4 933//4 941//4
f 941//4 933//4 942//4
f 942//4 933//4 943//4
f 943//4 933//4 944//4
f 943//4 944//4 945//4
f 945//4 944//4 946//4
f 946//4 944//4 947//4
f 947//4 944//4 948//4
f 948//4 944//4 949//4
f 949//4 944//4 950//4
f 950//4 944//4 951//4
f 951//4 944//4 952//4
f 947//4 948//4 836//4
f 947//4 836//4 953//4
f 953//4 836//4 833//4
f 951//4 952//4 954//4
f 954//4 952//4 955//4
f 955//4 952//4 956//4
f 956//4 952//4 957//4
f 956//4 957//4 958//4
f 958//4 957//4 959//4
f 959//4 957//4 960//4
f 960//4 957//4 961//4
f 961//4 957//4 892//4
f 892//4 957//4 891//4
f 891//4 957//4 962//4
f 962//4 957//4 963//4
f 962//4 963//4 964//4
f 962//4 964//4 965//4
f 965//4 964//4 966//4
f 966//4 964//4 967//4
f 967//4 964//4 878//4
f 878//4 964//4 874//4
f 963//4 957//4 968//4
f 968//4 957//4 969//4
f 969//4 957//4 970//4
f 970//4 957//4 971//4
f 971//4 957//4 972//4
f 971//4 972//4 973//4
f 973//4 972//4 974//4
f 974//4 972//4 975//4
f 975//4 972//4 976//4
f 976//4 972//4 977//4
f 977//4 972//4 978//4
f 978//4 972//4 979//4
f 874//4 980//4 981//4
f 980//4 874//4 982//4
f 982//4 874//4 964//4
f 981//4 980//4 983//4
f 981//4 983//4 984//4
f 981//4 984//4 985//4
f 981//4 985//4 986//4
f 981//4 986//4 987//4
f 981//4 987//4 988//4
f 988//4 987//4 989//4
f 988//4 989//4 990//4
f 988//4 990//4 991//4
f 988//4 991//4 992//4
f 988//4 992//4 972//4
f 972//4 992//4 979//4
f 993//4 994//4 995//4
f 994//4 993//4 996//4
f 994//4 996//4 997//4
f 997//4 996//4 998//4
f 998//4 996//4 999//4
f 999//4 996//4 1000//4
f 1000//4 996//4 1001//4
f 1001//4 996//4 1002//4
f 1002//4 996//4 893//4
f 1002//4 893//4 1003//4
f 1003//4 893//4 1004//4
f 1004//4 893//4 1005//4
f 1005//4 893//4 1006//4
f 1006//4 893//4 1007//4
f 1007//4 893//4 1008//4
f 1008//4 893//4 1009//4
f 1008//4 1009//4 1010//4
f 1008//4 1010//4 1011//4
f 1008//4 1011//4 1012//4
f 1008//4 1012//4 1013//4
f 1009//4 893//4 895//4
f 1010//4 1009//4 1014//4
f 1010//4 1014//4 1015//4
f 1010//4 1015//4 1016//4
f 1010//4 1016//4 1017//4
f 1010//4 1017//4 1018//4
f 1013//4 1012//4 1019//4
f 1013//4 1019//4 1020//4
f 1013//4 1020//4 1021//4
f 1013//4 1021//4 1022//4
f 1013//4 1022//4 1023//4
f 1023//4 1022//4 1024//4
f 1023//4 1024//4 1025//4
f 1023//4 1025//4 1026//4
f 1023//4 1026//4 1027//4
f 1023//4 1027//4 789//4
f 1023//4 789//4 788//4
f 1023//4 788//4 1028//4
f 1023//4 1028//4 1029//4
f 1029//4 1028//4 1030//4
f 1029//4 1030//4 1031//4
f 1029//4 1031//4 1032//4
f 1029//4 1032//4 1033//4
f 1029//4 1033//4 1034//4
f 1029//4 1034//4 1035//4
f 1035//4 1034//4 1036//4
f 1035//4 1036//4 807//4
f 1035//4 807//4 808//4
f 1029//4 1035//4 1037//4
f 1029//4 1037//4 1038//4
f 1029//4 1038//4 1039//4
f 1029//4 1039//4 1040//4
f 1029//4 1040//4 1041//4
f 1029//4 1041//4 1042//4
f 1042//4 1041//4 1043//4
f 1042//4 1043//4 1044//4
f 1042//4 1044//4 1045//4
f 1042//4 1045//4 1046//4
f 1042//4 1046//4 843//4
f 843//4 1046//4 1047//4
f 843//4 1047//4 779//4
f 843//4 779//4 778//4
f 843//4 778//4 1048//4
f 843//4 1048//4 1049//4
f 843//4 1049//4 1050//4
f 843//4 1050//4 1051//4
f 843//4 1051//4 832//4
f 843//4 832//4 830//4
f 843//4 830//4 850//4
f 850//4 830//4 1052//4
f 850//4 1052//4 1053//4
f 1053//4 1052//4 1054//4
f 1054//4 1052//4 1055//4
f 1055//4 1052//4 1056//4
f 1055//4 1056//4 1057//4
f 1057//4 1056//4 1058//4
f 1057//4 1058//4 1059//4
f 1059//4 1058//4 1060//4
f 1060//4 1058//4 1061//4
f 1059//4 1060//4 1062//4
f 1059//4 1062//4 1063//4
f 1059//4 1063//4 1064//4
f 1064//4 1063//4 1065//4
f 1064//4 1065//4 1066//4
f 1064//4 1066//4 1067//4
f 1067//4 1066//4 1068//4
f 1067//4 1068//4 1069//4
f 1069//4 1068//4 1070//4
f 1069//4 1070//4 1071//4
f 1071//4 1070//4 1072//4
f 1072//4 1070//4 859//4
f 1072//4 859//4 1073//4
f 1073//4 859//4 858//4
f 1074//4 1061//4 1058//4
f 1061//4 1074//4 1075//4
f 1075//4 1074//4 941//4
f 1075//4 941//4 942//4
f 1076//4 1018//4 1017//4
f 1018//4 1076//4 1077//4
f 1077//4 1076//4 1078//4
f 1078//4 1076//4 1079//4
f 1078//4 1079//4 1080//4
f 1080//4 1079//4 1081//4
f 1080//4 1081//4 1082//4
f 1082//4 1081//4 1083//4
f 1083//4 1081//4 1084//4
f 1083//4 1084//4 1085//4
f 1083//4 1085//4 1086//4
f 1086//4 1085//4 1087//4
f 1086//4 1087//4 911//4
f 911//4 1087//4 910//4
f 1088//4 1089//4 1090//4
f 1089//4 1088//4 1091//4
f 1091//4 1088//4 1092//4
f 1092//4 1088//4 1093//4
f 1093//4 1088//4 1094//4
f 1094//4 1088//4 993//4
f 1094//4 993//4 995//4
f 1089//4 1091//4 1095//4
f 1089//4 1095//4 1096//4
f 1089//4 1096//4 1097//4
f 1089//4 1097//4 1098//4
f 1089//4 1098//4 1008//4
f 1008//4 1098//4 1099//4
f 1008//4 1099//4 1100//4
f 1008//4 1100//4 1101//4
f 1008//4 1101//4 1007//4
f 1102//25 1103//25 1104//25
f 1103//25 1102//25 1105//25
f 1106//107 1107//108 1108//107
f 1107//108 1106//107 1109//108
f 1110//109 1111//109 1112//109
f 1111//109 1110//109 1113//109
f 1114//110 1115//111 1116//110
f 1115//111 1114//110 1117//111
f 1115//111 1118//112 1119//112
f 1118//112 1115//111 1117//111
f 1118//112 1120//113 1119//112
f 1120//113 1118//112 1121//113
f 1120//113 1122//114 1123//114
f 1122//114 1120//113 1121//113
f 1122//114 1124//115 1123//114
f 1124//115 1122//114 1125//115
f 1125//115 1126//116 1124//115
f 1126//116 1125//115 1127//116
f 1126//116 1128//117 1129//117
f 1128//117 1126//116 1127//116
f 1128//117 1130//118 1129//117
f 1130//118 1128//117 1131//118
f 1130//118 1132//119 1133//119
f 1132//119 1130//118 1131//118
f 1132//119 1134//120 1133//119
f 1134//120 1132//119 1135//120
f 1135//120 1108//107 1134//120
f 1108//107 1135//120 1106//107
f 722//101 1136//7 721//100
f 1136//7 722//101 1137//7
f 1137//7 722//101 1138//121
f 1139//122 724//103 1140//122
f 724//103 1139//122 1141//123
f 724//103 1141//123 723//102
f 1142//124 1143//124 1144//124
f 1143//124 1142//124 1145//124
f 1146//125 1147//126 1148//125
f 1147//126 1146//125 1149//126
f 1150//127 1148//125 1151//127
f 1148//125 1150//127 1146//125
f 1152//128 1151//127 1153//128
f 1151//127 1152//128 1150//127
f 1154//129 1153//128 1155//129
f 1153//128 1154//129 1152//128
f 1156//130 1155//129 1157//130
f 1155//129 1156//130 1154//129
f 1158//131 1157//130 1159//131
f 1157//130 1158//131 1156//130
f 1160//132 1159//131 1161//132
f 1159//131 1160//132 1158//131
f 1162//133 1161//132 1163//133
f 1161//132 1162//133 1160//132
f 1164//134 1163//133 1165//134
f 1163//133 1164//134 1162//133
f 1166//135 1165//134 1167//135
f 1165//134 1166//135 1164//134
f 1168//136 1167//135 1169//136
f 1167//135 1168//136 1166//135
f 1170//137 1169//136 1171//137
f 1169//136 1170//137 1168//136
f 1172//138 1173//138 1174//138
f 1173//138 1172//138 1175//138
f 1176//4 1177//4 1178//4
f 1177//4 1176//4 1179//4
f 1180//4 1181//4 1182//4
f 1181//4 1180//4 1183//4
f 1184//4 1185//4 1186//4
f 1185//4 1184//4 1187//4
f 1188//4 1189//4 1190//4
f 1189//4 1188//4 1191//4
f 1192//4 1193//4 1194//4
f 1193//4 1192//4 1195//4
f 1196//4 1197//4 1198//4
f 1197//4 1196//4 1199//4
f 1199//4 1196//4 1200//4
f 1200//4 1196//4 1201//4
f 1201//4 1196//4 1202//4
f 1202//4 1196//4 1203//4
f 1203//4 1196//4 1204//4
f 1203//4 1204//4 1205//4
f 1205//4 1204//4 1206//4
f 1206//4 1204//4 1207//4
f 1207//4 1204//4 1208//4
f 1208//4 1204//4 1209//4
f 1208//4 1209//4 1210//4
f 1210//4 1209//4 1211//4
f 1211//4 1209//4 1212//4
f 1212//4 1209//4 1213//4
f 1213//4 1209//4 1214//4
f 1214//4 1209//4 1215//4
f 1215//4 1209//4 1216//4
f 1216//4 1209//4 1217//4
f 1217//4 1209//4 1218//4
f 1218//4 1209//4 1219//4
f 1219//4 1209//4 1220//4
f 1220//4 1209//4 1221//4
f 1220//4 1221//4 1222//4
f 1222//4 1221//4 1223//4
f 1223//4 1221//4 1224//4
f 1224//4 1221//4 1225//4
f 1225//4 1221//4 1226//4
f 1226//4 1221//4 1227//4
f 1227//4 1221//4 1228//4
f 1227//4 1228//4 1229//4
f 1229//4 1228//4 1230//4
f 1230//4 1228//4 1231//4
f 1231//4 1228//4 1232//4
f 1232//4 1228//4 1233//4
f 1233//4 1228//4 1234//4
f 1233//4 1234//4 1235//4
f 1234//4 1228//4 1236//4
f 1236//4 1228//4 1237//4
f 1237//4 1228//4 1238//4
f 1238//4 1228//4 1239//4
f 1239//4 1228//4 1240//4
f 1240//4 1228//4 1241//4
f 1241//4 1228//4 1242//4
f 1241//4 1242//4 1243//4
f 1243//4 1242//4 1244//4
f 1244//4 1242//4 1245//4
f 1245//4 1242//4 1246//4
f 1246//4 1242//4 1247//4
f 1246//4 1247//4 1248//4
f 1248//4 1247//4 1249//4
f 1248//4 1249//4 1250//4
f 1250//4 1249//4 1251//4
f 1251//4 1249//4 1252//4
f 1252//4 1249//4 1253//4
f 1247//4 1242//4 1254//4
f 1254//4 1242//4 1255//4
f 1255//4 1242//4 1256//4
f 1256//4 1242//4 1257//4
f 1257//4 1242//4 1258//4
f 1258//4 1242//4 1259//4
f 1259//4 1242//4 1260//4
f 1260//4 1242//4 1261//4
f 1261//4 1242//4 1262//4
f 1261//4 1262//4 1263//4
f 1263//4 1262//4 1264//4
f 1264//4 1262//4 1265//4
f 1265//4 1262//4 1266//4
f 1266//4 1262//4 1267//4
f 1267//4 1262//4 1268//4
f 1268//4 1262//4 1269//4
f 1270//4 1271//4 1272//4
f 1271//4 1270//4 1273//4
f 1271//4 1273//4 1274//4
f 1274//4 1273//4 1198//4
f 1274//4 1198//4 1275//4
f 1274//4 1275//4 1276//4
f 1275//4 1198//4 1197//4
f 1275//4 1197//4 1277//4
f 1276//4 1275//4 1278//4
f 1276//4 1278//4 1279//4
f 1276//4 1279//4 1280//4
f 1276//4 1280//4 1281//4
f 1276//4 1281//4 1282//4
f 1276//4 1282//4 1283//4
f 1283//4 1282//4 1284//4
f 1283//4 1284//4 1285//4
f 1285//4 1284//4 1286//4
f 1283//4 1285//4 1287//4
f 1283//4 1287//4 1288//4
f 1283//4 1288//4 1289//4
f 1283//4 1289//4 1290//4
f 1290//4 1289//4 1291//4
f 1290//4 1291//4 1292//4
f 1290//4 1292//4 1293//4
f 1290//4 1293//4 1294//4
f 1290//4 1294//4 1295//4
f 1290//4 1295//4 1296//4
f 1290//4 1296//4 1297//4
f 1290//4 1297//4 1298//4
f 1298//4 1297//4 1299//4
f 1298//4 1299//4 1300//4
f 1298//4 1300//4 1301//4
f 1298//4 1301//4 1302//4
f 1298//4 1302//4 1303//4
f 1298//4 1303//4 1304//4
f 1298//4 1304//4 1305//4
f 1305//4 1304//4 1306//4
f 1305//4 1306//4 1307//4
f 1307//4 1306//4 1308//4
f 1307//4 1308//4 1309//4
f 1309//4 1308//4 1310//4
f 1309//4 1310//4 1311//4
f 1305//4 1307//4 1312//4
f 1305//4 1312//4 1313//4
f 1305//4 1313//4 1314//4
f 1305//4 1314//4 1315//4
f 1305//4 1315//4 1316//4
f 1305//4 1316//4 1317//4
f 1305//4 1317//4 1318//4
f 1318//4 1317//4 1319//4
f 1318//4 1319//4 1320//4
f 1320//4 1319//4 1321//4
f 1320//4 1321//4 1322//4
f 1320//4 1322//4 1323//4
f 1320//4 1323//4 1253//4
f 1320//4 1253//4 1324//4
f 1324//4 1253//4 1325//4
f 1325//4 1253//4 1249//4
f 1325//4 1249//4 1326//4
f 1325//4 1326//4 1327//4
f 1325//4 1327//4 1328//4
f 1320//4 1324//4 1329//4
f 1320//4 1329//4 1330//4
f 1320//4 1330//4 1331//4
f 1320//4 1331//4 1332//4
f 1320//4 1332//4 1333//4
f 1320//4 1333//4 1334//4
f 1320//4 1334//4 1335//4
f 1320//4 1335//4 1336//4
f 1320//4 1336//4 1337//4
f 1337//4 1336//4 1338//4
f 1337//4 1338//4 1339//4
f 1337//4 1339//4 1269//4
f 1337//4 1269//4 1262//4
f 1337//4 1262//4 1340//4
f 1337//4 1340//4 1341//4
f 1341//4 1340//4 1342//4
f 1341//4 1342//4 1343//4
f 1344//4 1325//4 1328//4
f 1325//4 1344//4 1345//4
f 1345//4 1344//4 1346//4
f 1345//4 1346//4 1347//4
f 1347//4 1346//4 1348//4
f 1347//4 1348//4 1349//4
f 1349//4 1348//4 1350//4
f 1349//4 1350//4 1351//4
f 1351//4 1350//4 1352//4
f 1351//4 1352//4 1353//4
f 1353//4 1352//4 1354//4
f 1353//4 1354//4 1355//4
f 1355//4 1354//4 1356//4
f 1355//4 1356//4 1357//4
f 1357//4 1356//4 1358//4
f 1357//4 1358//4 1359//4
f 1359//4 1358//4 1360//4
f 1359//4 1360//4 1361//4
f 1361//4 1360//4 1362//4
f 1361//4 1362//4 1363//4
f 1363//4 1362//4 1364//4
f 1363//4 1364//4 1365//4
f 1365//4 1364//4 1268//4
f 1365//4 1268//4 1269//4
f 1366//4 1328//4 1327//4
f 1328//4 1366//4 1367//4
f 1367//4 1366//4 1368//4
f 1367//4 1368//4 1369//4
f 1369//4 1368//4 1370//4
f 1369//4 1370//4 1371//4
f 1371//4 1370//4 1372//4
f 1371//4 1372//4 1373//4
f 1373//4 1372//4 1374//4
f 1373//4 1374//4 1375//4
f 1375//4 1374//4 1376//4
f 1375//4 1376//4 1377//4
f 1377//4 1376//4 1378//4
f 1377//4 1378//4 1379//4
f 1379//4 1378//4 1380//4
f 1379//4 1380//4 1381//4
f 1381//4 1380//4 1382//4
f 1381//4 1382//4 1383//4
f 1383//4 1382//4 1384//4
f 1383//4 1384//4 1385//4
f 1385//4 1384//4 1386//4
f 1385//4 1386//4 1387//4
f 1387//4 1386//4 1267//4
f 1387//4 1267//4 1268//4
f 1388//4 1327//4 1326//4
f 1327//4 1388//4 1389//4
f 1389//4 1388//4 1390//4
f 1389//4 1390//4 1391//4
f 1391//4 1390//4 1392//4
f 1391//4 1392//4 1393//4
f 1393//4 1392//4 1394//4
f 1393//4 1394//4 1395//4
f 1395//4 1394//4 1396//4
f 1395//4 1396//4 1397//4
f 1397//4 1396//4 1398//4
f 1397//4 1398//4 1399//4
f 1399//4 1398//4 1400//4
f 1399//4 1400//4 1401//4
f 1401//4 1400//4 1402//4
f 1401//4 1402//4 1403//4
f 1403//4 1402//4 1404//4
f 1403//4 1404//4 1405//4
f 1405//4 1404//4 1406//4
f 1405//4 1406//4 1407//4
f 1407//4 1406//4 1408//4
f 1407//4 1408//4 1409//4
f 1409//4 1408//4 1266//4
f 1409//4 1266//4 1267//4
f 1410//4 1326//4 1249//4
f 1326//4 1410//4 1411//4
f 1411//4 1410//4 1412//4
f 1411//4 1412//4 1413//4
f 1413//4 1412//4 1414//4
f 1413//4 1414//4 1415//4
f 1415//4 1414//4 1416//4
f 1415//4 1416//4 1417//4
f 1417//4 1416//4 1418//4
f 1417//4 1418//4 1419//4
f 1419//4 1418//4 1420//4
f 1419//4 1420//4 1421//4
f 1421//4 1420//4 1422//4
f 1421//4 1422//4 1423//4
f 1423//4 1422//4 1424//4
f 1423//4 1424//4 1425//4
f 1425//4 1424//4 1426//4
f 1425//4 1426//4 1427//4
f 1427//4 1426//4 1428//4
f 1427//4 1428//4 1429//4
f 1429//4 1428//4 1430//4
f 1429//4 1430//4 1431//4
f 1431//4 1430//4 1265//4
f 1431//4 1265//4 1266//4
f 1193//4 1309//4 1311//4
f 1309//4 1193//4 1432//4
f 1432//4 1193//4 1195//4
f 1432//4 1195//4 1433//4
f 1432//4 1433//4 1434//4
f 1434//4 1433//4 1435//4
f 1434//4 1435//4 1436//4
f 1436//4 1435//4 1437//4
f 1436//4 1437//4 1438//4
f 1438//4 1437//4 1439//4
f 1438//4 1439//4 1440//4
f 1440//4 1439//4 1441//4
f 1440//4 1441//4 1442//4
f 1442//4 1441//4 1443//4
f 1442//4 1443//4 1444//4
f 1444//4 1443//4 1445//4
f 1444//4 1445//4 1446//4
f 1446//4 1445//4 1447//4
f 1446//4 1447//4 1448//4
f 1448//4 1447//4 1449//4
f 1448//4 1449//4 1450//4
f 1450//4 1449//4 1451//4
f 1450//4 1451//4 1452//4
f 1452//4 1451//4 1252//4
f 1452//4 1252//4 1253//4
f 1453//4 1296//4 1295//4
f 1296//4 1453//4 1454//4
f 1454//4 1453//4 1455//4
f 1455//4 1453//4 1456//4
f 1456//4 1453//4 1457//4
f 1456//4 1457//4 1458//4
f 1458//4 1457//4 1459//4
f 1458//4 1459//4 1460//4
f 1458//4 1460//4 1461//4
f 1458//4 1461//4 1462//4
f 1458//4 1462//4 1463//4
f 1463//4 1462//4 1464//4
f 1463//4 1464//4 1465//4
f 1465//4 1464//4 1466//4
f 1465//4 1466//4 1467//4
f 1467//4 1466//4 1468//4
f 1467//4 1468//4 1469//4
f 1469//4 1468//4 1470//4
f 1469//4 1470//4 1471//4
f 1471//4 1470//4 1472//4
f 1471//4 1472//4 1473//4
f 1473//4 1472//4 1474//4
f 1473//4 1474//4 1194//4
f 1194//4 1474//4 1189//4
f 1194//4 1189//4 1192//4
f 1192//4 1189//4 1475//4
f 1475//4 1189//4 1191//4
f 1475//4 1191//4 1476//4
f 1475//4 1476//4 1477//4
f 1477//4 1476//4 1478//4
f 1477//4 1478//4 1479//4
f 1479//4 1478//4 1480//4
f 1479//4 1480//4 1481//4
f 1481//4 1480//4 1482//4
f 1481//4 1482//4 1483//4
f 1483//4 1482//4 1484//4
f 1483//4 1484//4 1485//4
f 1485//4 1484//4 1486//4
f 1485//4 1486//4 1487//4
f 1487//4 1486//4 1488//4
f 1487//4 1488//4 1489//4
f 1489//4 1488//4 1490//4
f 1489//4 1490//4 1491//4
f 1491//4 1490//4 1492//4
f 1491//4 1492//4 1493//4
f 1493//4 1492//4 1494//4
f 1493//4 1494//4 1495//4
f 1495//4 1494//4 1251//4
f 1495//4 1251//4 1252//4
f 1496//4 1497//4 1498//4
f 1497//4 1496//4 1499//4
f 1499//4 1496//4 1500//4
f 1499//4 1500//4 1501//4
f 1501//4 1500//4 1502//4
f 1501//4 1502//4 1503//4
f 1503//4 1502//4 1504//4
f 1503//4 1504//4 1505//4
f 1505//4 1504//4 1506//4
f 1505//4 1506//4 1507//4
f 1507//4 1506//4 1508//4
f 1507//4 1508//4 1509//4
f 1509//4 1508//4 1510//4
f 1509//4 1510//4 1511//4
f 1511//4 1510//4 1512//4
f 1511//4 1512//4 1513//4
f 1513//4 1512//4 1514//4
f 1513//4 1514//4 1515//4
f 1515//4 1514//4 1516//4
f 1515//4 1516//4 1517//4
f 1517//4 1516//4 1518//4
f 1517//4 1518//4 1190//4
f 1190//4 1518//4 1185//4
f 1190//4 1185//4 1188//4
f 1188//4 1185//4 1519//4
f 1519//4 1185//4 1187//4
f 1519//4 1187//4 1520//4
f 1519//4 1520//4 1521//4
f 1521//4 1520//4 1522//4
f 1521//4 1522//4 1523//4
f 1523//4 1522//4 1524//4
f 1523//4 1524//4 1525//4
f 1525//4 1524//4 1526//4
f 1525//4 1526//4 1527//4
f 1527//4 1526//4 1528//4
f 1527//4 1528//4 1529//4
f 1529//4 1528//4 1530//4
f 1529//4 1530//4 1531//4
f 1531//4 1530//4 1532//4
f 1531//4 1532//4 1533//4
f 1533//4 1532//4 1534//4
f 1533//4 1534//4 1535//4
f 1535//4 1534//4 1536//4
f 1535//4 1536//4 1537//4
f 1537//4 1536//4 1538//4
f 1537//4 1538//4 1539//4
f 1539//4 1538//4 1250//4
f 1539//4 1250//4 1251//4
f 1540//4 1498//4 1541//4
f 1498//4 1540//4 1542//4
f 1542//4 1540//4 1543//4
f 1542//4 1543//4 1544//4
f 1544//4 1543//4 1545//4
f 1544//4 1545//4 1546//4
f 1546//4 1545//4 1547//4
f 1546//4 1547//4 1548//4
f 1548//4 1547//4 1549//4
f 1548//4 1549//4 1550//4
f 1550//4 1549//4 1551//4
f 1550//4 1551//4 1552//4
f 1552//4 1551//4 1553//4
f 1552//4 1553//4 1554//4
f 1554//4 1553//4 1555//4
f 1554//4 1555//4 1556//4
f 1556//4 1555//4 1557//4
f 1556//4 1557//4 1558//4
f 1558//4 1557//4 1559//4
f 1558//4 1559//4 1560//4
f 1560//4 1559//4 1561//4
f 1560//4 1561//4 1186//4
f 1186//4 1561//4 1184//4
f 1184//4 1561//4 1181//4
f 1184//4 1181//4 1562//4
f 1562//4 1181//4 1183//4
f 1562//4 1183//4 1563//4
f 1562//4 1563//4 1564//4
f 1564//4 1563//4 1565//4
f 1564//4 1565//4 1566//4
f 1566//4 1565//4 1567//4
f 1566//4 1567//4 1568//4
f 1568//4 1567//4 1569//4
f 1568//4 1569//4 1570//4
f 1570//4 1569//4 1571//4
f 1570//4 1571//4 1572//4
f 1572//4 1571//4 1573//4
f 1572//4 1573//4 1574//4
f 1574//4 1573//4 1575//4
f 1574//4 1575//4 1576//4
f 1576//4 1575//4 1577//4
f 1576//4 1577//4 1578//4
f 1578//4 1577//4 1579//4
f 1578//4 1579//4 1580//4
f 1580//4 1579//4 1581//4
f 1580//4 1581//4 1582//4
f 1582//4 1581//4 1248//4
f 1582//4 1248//4 1250//4
f 1583//4 1541//4 1584//4
f 1541//4 1583//4 1585//4
f 1585//4 1583//4 1586//4
f 1585//4 1586//4 1587//4
f 1587//4 1586//4 1588//4
f 1587//4 1588//4 1589//4
f 1589//4 1588//4 1590//4
f 1589//4 1590//4 1591//4
f 1591//4 1590//4 1592//4
f 1591//4 1592//4 1593//4
f 1593//4 1592//4 1594//4
f 1593//4 1594//4 1595//4
f 1595//4 1594//4 1596//4
f 1595//4 1596//4 1597//4
f 1597//4 1596//4 1598//4
f 1597//4 1598//4 1599//4
f 1599//4 1598//4 1600//4
f 1599//4 1600//4 1601//4
f 1601//4 1600//4 1602//4
f 1601//4 1602//4 1603//4
f 1603//4 1602//4 1604//4
f 1603//4 1604//4 1182//4
f 1182//4 1604//4 1177//4
f 1182//4 1177//4 1180//4
f 1180//4 1177//4 1605//4
f 1605//4 1177//4 1179//4
f 1605//4 1179//4 1606//4
f 1605//4 1606//4 1607//4
f 1607//4 1606//4 1608//4
f 1607//4 1608//4 1609//4
f 1609//4 1608//4 1610//4
f 1609//4 1610//4 1611//4
f 1611//4 1610//4 1612//4
f 1611//4 1612//4 1613//4
f 1613//4 1612//4 1614//4
f 1613//4 1614//4 1615//4
f 1615//4 1614//4 1616//4
f 1615//4 1616//4 1617//4
f 1617//4 1616//4 1618//4
f 1617//4 1618//4 1619//4
f 1619//4 1618//4 1620//4
f 1619//4 1620//4 1621//4
f 1621//4 1620//4 1622//4
f 1621//4 1622//4 1623//4
f 1623//4 1622//4 1624//4
f 1623//4 1624//4 1625//4
f 1625//4 1624//4 1246//4
f 1625//4 1246//4 1248//4
f 1626//4 1584//4 1219//4
f 1584//4 1626//4 1627//4
f 1627//4 1626//4 1628//4
f 1627//4 1628//4 1629//4
f 1629//4 1628//4 1630//4
f 1629//4 1630//4 1631//4
f 1631//4 1630//4 1632//4
f 1631//4 1632//4 1633//4
f 1633//4 1632//4 1634//4
f 1633//4 1634//4 1635//4
f 1635//4 1634//4 1636//4
f 1635//4 1636//4 1637//4
f 1637//4 1636//4 1638//4
f 1637//4 1638//4 1639//4
f 1639//4 1638//4 1640//4
f 1639//4 1640//4 1641//4
f 1641//4 1640//4 1642//4
f 1641//4 1642//4 1643//4
f 1643//4 1642//4 1644//4
f 1643//4 1644//4 1645//4
f 1645//4 1644//4 1646//4
f 1645//4 1646//4 1178//4
f 1178//4 1646//4 1233//4
f 1178//4 1233//4 1176//4
f 1176//4 1233//4 1235//4
f 1218//4 1497//4 1647//4
f 1497//4 1218//4 1219//4
f 1497//4 1219//4 1584//4
f 1497//4 1584//4 1541//4
f 1497//4 1541//4 1498//4
f 1647//4 1497//4 1648//4
f 1647//4 1648//4 1649//4
f 1647//4 1649//4 1650//4
f 1647//4 1650//4 1651//4
f 1651//4 1650//4 1461//4
f 1651//4 1461//4 1652//4
f 1652//4 1461//4 1460//4
f 1653//4 1285//4 1286//4
f 1285//4 1653//4 1654//4
f 1654//4 1653//4 1655//4
f 1655//4 1653//4 1656//4
f 1656//4 1653//4 1657//4
f 1656//4 1657//4 1658//4
f 1658//4 1657//4 1659//4
f 1658//4 1659//4 1215//4
f 1215//4 1659//4 1660//4
f 1215//4 1660//4 1214//4
f 1661//4 1275//4 1277//4
f 1275//4 1661//4 1662//4
f 1662//4 1661//4 1663//4
f 1662//4 1663//4 1664//4
f 1664//4 1663//4 1665//4
f 1664//4 1665//4 1666//4
f 1666//4 1665//4 1667//4
f 1666//4 1667//4 1668//4
f 1668//4 1667//4 1669//4
f 1668//4 1669//4 1670//4
f 1670//4 1669//4 1671//4
f 1670//4 1671//4 1672//4
f 1672//4 1671//4 1673//4
f 1672//4 1673//4 1674//4
f 1674//4 1673//4 1675//4
f 1674//4 1675//4 1676//4
f 1676//4 1675//4 1677//4
f 1676//4 1677//4 1678//4
f 1678//4 1677//4 1679//4
f 1678//4 1679//4 1680//4
f 1680//4 1679//4 1681//4
f 1680//4 1681//4 1682//4
f 1682//4 1681//4 1213//4
f 1682//4 1213//4 1214//4
f 1683//4 1277//4 1197//4
f 1277//4 1683//4 1684//4
f 1684//4 1683//4 1685//4
f 1684//4 1685//4 1686//4
f 1686//4 1685//4 1687//4
f 1686//4 1687//4 1688//4
f 1688//4 1687//4 1689//4
f 1688//4 1689//4 1690//4
f 1690//4 1689//4 1691//4
f 1690//4 1691//4 1692//4
f 1692//4 1691//4 1693//4
f 1692//4 1693//4 1694//4
f 1694//4 1693//4 1695//4
f 1694//4 1695//4 1696//4
f 1696//4 1695//4 1697//4
f 1696//4 1697//4 1698//4
f 1698//4 1697//4 1699//4
f 1698//4 1699//4 1700//4
f 1700//4 1699//4 1701//4
f 1700//4 1701//4 1702//4
f 1702//4 1701//4 1703//4
f 1702//4 1703//4 1704//4
f 1704//4 1703//4 1212//4
f 1704//4 1212//4 1213//4
f 758//104 1705//139 761//104
f 1705//139 758//104 1706//139
f 1707//140 763//106 762//106
f 763//106 1707//140 1708//140
f 1709//141 1708//140 1707//140
f 1708//140 1709//141 1710//141
f 1711//142 1709//141 1712//142
f 1709//141 1711//142 1710//141
f 1713//143 1712//142 1714//143
f 1712//142 1713//143 1711//142
f 1715//144 1714//143 1716//144
f 1714//143 1715//144 1713//143
f 1717//145 1716//144 1718//145
f 1716//144 1717//145 1715//144
f 1719//146 1718//145 1720//146
f 1718//145 1719//146 1717//145
f 1721//147 1722//146 1723//146
f 1722//146 1721//147 1724//147
f 1137//7 1721//147 1136//7
f 1721//147 1137//7 1724//147
f 1725//148 1140//122 1726//148
f 1140//122 1725//148 1139//122
f 1727//149 1726//148 1728//149
f 1726//148 1727//149 1725//148
f 1729//150 1728//149 1730//150
f 1728//149 1729//150 1727//149
f 1731//151 1730//150 1732//151
f 1730//150 1731//151 1729//150
f 1733//152 1732//151 1734//152
f 1732//151 1733//152 1731//151
f 1735//153 1734//152 1736//153
f 1734//152 1735//153 1733//152
f 1737//154 1736//153 1738//154
f 1736//153 1737//154 1735//153
f 1706//139 1738//154 1705//139
f 1738//154 1706//139 1737//154
