# SSTK version 0.8.0
# 52
mtllib original-52.mtl
o #ID412
v 0.031583 0.551552 0.436852
v 0.034076 0.545175 0.432431
v 0.034076 0.547418 0.438404
v 0.031583 0.549310 0.430879
v 0.031583 0.549310 0.430879
v 0.031583 0.551552 0.436852
v 0.034076 0.545175 0.432431
v 0.034076 0.547418 0.438404
v 0.028547 0.555361 0.435422
v 0.028547 0.553118 0.429449
v 0.028547 0.553118 0.429449
v 0.028547 0.555361 0.435422
v 0.031583 0.549310 0.430879
v 0.034032 0.545025 0.432093
v 0.034076 0.545175 0.432431
v 0.031542 0.549155 0.430542
v 0.031542 0.549155 0.430542
v 0.031583 0.549310 0.430879
v 0.034032 0.545025 0.432093
v 0.034076 0.545175 0.432431
v 0.035986 0.540778 0.434082
v 0.035986 0.543021 0.440055
v 0.035986 0.540778 0.434082
v 0.035986 0.543021 0.440055
v 0.031623 0.551707 0.437188
v 0.034076 0.547418 0.438404
v 0.034120 0.547567 0.438742
v 0.031583 0.551552 0.436852
v 0.031583 0.551552 0.436852
v 0.031623 0.551707 0.437188
v 0.034076 0.547418 0.438404
v 0.034120 0.547567 0.438742
v 0.028584 0.555520 0.435756
v 0.028547 0.555361 0.435422
v 0.028547 0.555361 0.435422
v 0.028584 0.555520 0.435756
v 0.025021 0.558784 0.434137
v 0.025021 0.556541 0.428163
v 0.025021 0.556541 0.428163
v 0.025021 0.558784 0.434137
v 0.028547 0.553118 0.429449
v 0.028510 0.552959 0.429115
v 0.028510 0.552959 0.429115
v 0.028547 0.553118 0.429449
v 0.033904 0.544846 0.431794
v 0.031422 0.548961 0.430248
v 0.031422 0.548961 0.430248
v 0.033904 0.544846 0.431794
v 0.035940 0.540634 0.433743
v 0.035986 0.540778 0.434082
v 0.035940 0.540634 0.433743
v 0.035986 0.540778 0.434082
v 0.037278 0.536191 0.435806
v 0.037278 0.538433 0.441779
v 0.037278 0.536191 0.435806
v 0.037278 0.538433 0.441779
v 0.035986 0.543021 0.440055
v 0.036032 0.543165 0.440396
v 0.035986 0.543021 0.440055
v 0.036032 0.543165 0.440396
v 0.031743 0.551901 0.437482
v 0.034249 0.547746 0.439043
v 0.031743 0.551901 0.437482
v 0.034249 0.547746 0.439043
v 0.028693 0.555728 0.436046
v 0.028693 0.555728 0.436046
v 0.025054 0.558947 0.434470
v 0.025021 0.558784 0.434137
v 0.025021 0.558784 0.434137
v 0.025054 0.558947 0.434470
v 0.021061 0.561770 0.433015
v 0.021061 0.559527 0.427042
v 0.021061 0.561770 0.433015
v 0.021061 0.559527 0.427042
v 0.025021 0.556541 0.428163
v 0.024988 0.556377 0.427830
v 0.024988 0.556377 0.427830
v 0.025021 0.556541 0.428163
v 0.028401 0.552751 0.428825
v 0.028401 0.552751 0.428825
v 0.031232 0.548741 0.430016
v 0.033700 0.544650 0.431551
v 0.031232 0.548741 0.430016
v 0.033700 0.544650 0.431551
v 0.035804 0.540471 0.433437
v 0.035804 0.540471 0.433437
v 0.037230 0.536052 0.435463
v 0.037278 0.536191 0.435806
v 0.037230 0.536052 0.435463
v 0.037278 0.536191 0.435806
v 0.037930 0.531486 0.437571
v 0.037930 0.533729 0.443545
v 0.037930 0.531486 0.437571
v 0.037930 0.533729 0.443545
v 0.037278 0.538433 0.441779
v 0.037326 0.538572 0.442120
v 0.037278 0.538433 0.441779
v 0.037326 0.538572 0.442120
v 0.036167 0.543328 0.440701
v 0.036167 0.543328 0.440701
v 0.034453 0.547942 0.439284
v 0.031933 0.552121 0.437715
v 0.031933 0.552121 0.437715
v 0.034453 0.547942 0.439284
v 0.028866 0.555969 0.436270
v 0.028866 0.555969 0.436270
v 0.025150 0.559166 0.434755
v 0.025150 0.559166 0.434755
v 0.021089 0.561937 0.433347
v 0.021061 0.561770 0.433015
v 0.021089 0.561937 0.433347
v 0.021061 0.561770 0.433015
v 0.016731 0.564275 0.432075
v 0.016731 0.562032 0.426102
v 0.016731 0.564275 0.432075
v 0.016731 0.562032 0.426102
v 0.021061 0.559527 0.427042
v 0.021033 0.559361 0.426710
v 0.021061 0.559527 0.427042
v 0.021033 0.559361 0.426710
v 0.024892 0.556159 0.427546
v 0.024892 0.556159 0.427546
v 0.028228 0.552510 0.428600
v 0.028228 0.552510 0.428600
v 0.035589 0.540300 0.433185
v 0.035589 0.540300 0.433185
v 0.037090 0.535906 0.435150
v 0.037090 0.535906 0.435150
v 0.037881 0.531354 0.437228
v 0.037930 0.531486 0.437571
v 0.037881 0.531354 0.437228
v 0.037930 0.531486 0.437571
v 0.037930 0.526743 0.439353
v 0.037930 0.528986 0.445326
v 0.037930 0.526743 0.439353
v 0.037930 0.528986 0.445326
v 0.037930 0.533729 0.443545
v 0.037979 0.533862 0.443889
v 0.037930 0.533729 0.443545
v 0.037979 0.533862 0.443889
v 0.037466 0.538719 0.442433
v 0.037466 0.538719 0.442433
v 0.036383 0.543499 0.440953
v 0.036383 0.543499 0.440953
v 0.034719 0.548143 0.439451
v 0.032181 0.552352 0.437871
v 0.032181 0.552352 0.437871
v 0.034719 0.548143 0.439451
v 0.029092 0.556227 0.436415
v 0.029092 0.556227 0.436415
v 0.025303 0.559427 0.434972
v 0.025303 0.559427 0.434972
v 0.021171 0.562167 0.433627
v 0.021171 0.562167 0.433627
v 0.016754 0.564444 0.432405
v 0.016731 0.564275 0.432075
v 0.016754 0.564444 0.432405
v 0.016731 0.564275 0.432075
v 0.012099 0.564018 0.425355
v 0.012099 0.566262 0.431329
v 0.012099 0.564018 0.425355
v 0.012099 0.566262 0.431329
v 0.016731 0.562032 0.426102
v 0.016708 0.561863 0.425771
v 0.016731 0.562032 0.426102
v 0.016708 0.561863 0.425771
v 0.020950 0.559130 0.426430
v 0.020950 0.559130 0.426430
v 0.024738 0.555898 0.427328
v 0.024738 0.555898 0.427328
v 0.036867 0.535761 0.434890
v 0.036867 0.535761 0.434890
v 0.037739 0.531224 0.436909
v 0.037739 0.531224 0.436909
v 0.037881 0.526616 0.439007
v 0.037930 0.526743 0.439353
v 0.037881 0.526616 0.439007
v 0.037930 0.526743 0.439353
v 0.037278 0.522039 0.441120
v 0.037278 0.524282 0.447093
v 0.037278 0.522039 0.441120
v 0.037278 0.524282 0.447093
v 0.037930 0.528986 0.445326
v 0.037979 0.529113 0.445672
v 0.037930 0.528986 0.445326
v 0.037979 0.529113 0.445672
v 0.038121 0.533991 0.444207
v 0.038121 0.533991 0.444207
v 0.037689 0.538863 0.442694
v 0.037689 0.538863 0.442694
v 0.036663 0.543667 0.441132
v 0.036663 0.543667 0.441132
v 0.035030 0.548333 0.439532
v 0.032469 0.552578 0.437938
v 0.032469 0.552578 0.437938
v 0.035030 0.548333 0.439532
v 0.029354 0.556487 0.436470
v 0.029354 0.556487 0.436470
v 0.025503 0.559711 0.435107
v 0.025503 0.559711 0.435107
v 0.021302 0.562444 0.433838
v 0.021302 0.562444 0.433838
v 0.016821 0.564683 0.432682
v 0.016821 0.564683 0.432682
v 0.012117 0.566434 0.431658
v 0.012099 0.566262 0.431329
v 0.012117 0.566434 0.431658
v 0.012099 0.566262 0.431329
v 0.007237 0.567702 0.430789
v 0.007237 0.565458 0.424814
v 0.007237 0.567702 0.430789
v 0.007237 0.565458 0.424814
v 0.012099 0.564018 0.425355
v 0.012081 0.563847 0.425025
v 0.012099 0.564018 0.425355
v 0.012081 0.563847 0.425025
v 0.016641 0.561624 0.425494
v 0.016641 0.561624 0.425494
v 0.020819 0.558852 0.426219
v 0.020819 0.558852 0.426219
v 0.037513 0.531107 0.436637
v 0.037513 0.531107 0.436637
v 0.037739 0.526504 0.438682
v 0.037739 0.526504 0.438682
v 0.037230 0.521918 0.440771
v 0.037278 0.522039 0.441120
v 0.037230 0.521918 0.440771
v 0.037278 0.522039 0.441120
v 0.035986 0.517451 0.442842
v 0.035986 0.519694 0.448815
v 0.035986 0.517451 0.442842
v 0.035986 0.519694 0.448815
v 0.037278 0.524282 0.447093
v 0.037326 0.524403 0.447442
v 0.037278 0.524282 0.447093
v 0.037326 0.524403 0.447442
v 0.038121 0.529225 0.445997
v 0.038121 0.529225 0.445997
v 0.038347 0.534109 0.444479
v 0.038347 0.534109 0.444479
v 0.037979 0.538996 0.442886
v 0.037979 0.538996 0.442886
v 0.036990 0.543819 0.441227
v 0.036990 0.543819 0.441227
v 0.035362 0.548501 0.439521
v 0.032779 0.552784 0.437913
v 0.032779 0.552784 0.437913
v 0.035362 0.548501 0.439521
v 0.029636 0.556727 0.436431
v 0.029636 0.556727 0.436431
v 0.025735 0.559999 0.435152
v 0.025735 0.559999 0.435152
v 0.021473 0.562750 0.433966
v 0.021473 0.562750 0.433966
v 0.016928 0.564974 0.432889
v 0.016928 0.564974 0.432889
v 0.012168 0.566679 0.431933
v 0.012168 0.566679 0.431933
v 0.007249 0.567875 0.431117
v 0.007237 0.567702 0.430789
v 0.007249 0.567875 0.431117
v 0.007237 0.567702 0.430789
v 0.002221 0.568574 0.430460
v 0.002221 0.566331 0.424487
v 0.002221 0.568574 0.430460
v 0.002221 0.566331 0.424487
v 0.007237 0.565458 0.424814
v 0.007225 0.565284 0.424486
v 0.007237 0.565458 0.424814
v 0.007225 0.565284 0.424486
v 0.012030 0.563601 0.424751
v 0.012030 0.563601 0.424751
v 0.016533 0.561333 0.425287
v 0.016533 0.561333 0.425287
v 0.037513 0.526414 0.438399
v 0.037513 0.526414 0.438399
v 0.037090 0.521823 0.440439
v 0.037090 0.521823 0.440439
v 0.035940 0.517336 0.442491
v 0.035986 0.517451 0.442842
v 0.035940 0.517336 0.442491
v 0.035986 0.517451 0.442842
v 0.034076 0.513055 0.444493
v 0.034076 0.515297 0.450466
v 0.034076 0.513055 0.444493
v 0.034076 0.515297 0.450466
v 0.035986 0.519694 0.448815
v 0.036032 0.519809 0.449166
v 0.035986 0.519694 0.448815
v 0.036032 0.519809 0.449166
v 0.037466 0.524498 0.447772
v 0.037466 0.524498 0.447772
v 0.038347 0.529315 0.446279
v 0.038347 0.529315 0.446279
v 0.038643 0.534206 0.444684
v 0.038643 0.534206 0.444684
v 0.038317 0.539108 0.442995
v 0.038317 0.539108 0.442995
v 0.037341 0.543946 0.441231
v 0.037341 0.543946 0.441231
v 0.025985 0.560272 0.435101
v 0.025985 0.560272 0.435101
v 0.021672 0.563063 0.434000
v 0.021672 0.563063 0.434000
v 0.017068 0.565299 0.433009
v 0.017068 0.565299 0.433009
v 0.012249 0.566981 0.432135
v 0.012249 0.566981 0.432135
v 0.007284 0.568125 0.431390
v 0.007284 0.568125 0.431390
v 0.002227 0.568749 0.430789
v 0.002221 0.568574 0.430460
v 0.002227 0.568749 0.430789
v 0.002221 0.568574 0.430460
v -0.002874 0.566623 0.424377
v -0.002874 0.568866 0.430350
v -0.002874 0.566623 0.424377
v -0.002874 0.568866 0.430350
v 0.002221 0.566331 0.424487
v 0.002215 0.566156 0.424159
v 0.002221 0.566331 0.424487
v 0.002215 0.566156 0.424159
v 0.007191 0.565034 0.424213
v 0.007191 0.565034 0.424213
v 0.011949 0.563299 0.424549
v 0.011949 0.563299 0.424549
v 0.036867 0.521760 0.440147
v 0.036867 0.521760 0.440147
v 0.035804 0.517257 0.442153
v 0.035804 0.517257 0.442153
v 0.034032 0.512945 0.444140
v 0.034076 0.513055 0.444493
v 0.034032 0.512945 0.444140
v 0.034076 0.513055 0.444493
v 0.031583 0.508920 0.446045
v 0.031583 0.511163 0.452018
v 0.031583 0.508920 0.446045
v 0.031583 0.511163 0.452018
v 0.034076 0.515297 0.450466
v 0.034120 0.515407 0.450819
v 0.034076 0.515297 0.450466
v 0.034120 0.515407 0.450819
v 0.036167 0.519888 0.449504
v 0.036167 0.519888 0.449504
v 0.037689 0.524561 0.448065
v 0.037689 0.524561 0.448065
v 0.038643 0.529377 0.446498
v 0.038643 0.529377 0.446498
v 0.038987 0.534277 0.444809
v 0.038987 0.534277 0.444809
v 0.038680 0.539192 0.443016
v 0.038680 0.539192 0.443016
v 0.021886 0.563363 0.433940
v 0.021886 0.563363 0.433940
v 0.017231 0.565633 0.433036
v 0.017231 0.565633 0.433036
v 0.012356 0.567319 0.432250
v 0.012356 0.567319 0.432250
v 0.007339 0.568435 0.431589
v 0.007339 0.568435 0.431589
v 0.002244 0.569003 0.431061
v 0.002244 0.569003 0.431061
v -0.002874 0.569041 0.430679
v -0.002874 0.568866 0.430350
v -0.002874 0.569041 0.430679
v -0.002874 0.568866 0.430350
v -0.007968 0.566331 0.424487
v -0.007968 0.568574 0.430460
v -0.007968 0.566331 0.424487
v -0.007968 0.568574 0.430460
v -0.002874 0.566623 0.424377
v -0.002874 0.566448 0.424049
v -0.002874 0.566623 0.424377
v -0.002874 0.566448 0.424049
v 0.002197 0.565902 0.423887
v 0.002197 0.565902 0.423887
v 0.007136 0.564724 0.424014
v 0.007136 0.564724 0.424014
v 0.035589 0.517221 0.441852
v 0.035589 0.517221 0.441852
v 0.033904 0.512882 0.443797
v 0.033904 0.512882 0.443797
v 0.031542 0.508815 0.445690
v 0.031583 0.508920 0.446045
v 0.031542 0.508815 0.445690
v 0.031583 0.508920 0.446045
v 0.028547 0.505111 0.447476
v 0.028547 0.507354 0.453449
v 0.028547 0.505111 0.447476
v 0.028547 0.507354 0.453449
v 0.031583 0.511163 0.452018
v 0.031623 0.511267 0.452373
v 0.031583 0.511163 0.452018
v 0.031623 0.511267 0.452373
v 0.034249 0.515470 0.451163
v 0.034249 0.515470 0.451163
v 0.036383 0.519924 0.449805
v 0.036383 0.519924 0.449805
v 0.037979 0.524587 0.448296
v 0.037979 0.524587 0.448296
v 0.038987 0.529406 0.446639
v 0.038987 0.529406 0.446639
v 0.039356 0.534317 0.444847
v 0.039356 0.534317 0.444847
v 0.017405 0.565955 0.432967
v 0.017405 0.565955 0.432967
v 0.012480 0.567670 0.432271
v 0.012480 0.567670 0.432271
v 0.007410 0.568784 0.431700
v 0.007410 0.568784 0.431700
v 0.002272 0.569317 0.431258
v 0.002272 0.569317 0.431258
v -0.002874 0.569296 0.430950
v -0.002874 0.569296 0.430950
v -0.007968 0.568574 0.430460
v -0.007974 0.568749 0.430789
v -0.007968 0.568574 0.430460
v -0.007974 0.568749 0.430789
v -0.012985 0.567702 0.430789
v -0.012985 0.565458 0.424814
v -0.012985 0.567702 0.430789
v -0.012985 0.565458 0.424814
v -0.007962 0.566156 0.424159
v -0.007968 0.566331 0.424487
v -0.007962 0.566156 0.424159
v -0.007968 0.566331 0.424487
v -0.002874 0.566193 0.423777
v -0.002874 0.566193 0.423777
v 0.002170 0.565588 0.423689
v 0.002170 0.565588 0.423689
v 0.033700 0.512871 0.443485
v 0.033700 0.512871 0.443485
v 0.031422 0.508767 0.445342
v 0.031422 0.508767 0.445342
v 0.028510 0.505011 0.447120
v 0.028547 0.505111 0.447476
v 0.028510 0.505011 0.447120
v 0.028547 0.505111 0.447476
v 0.025021 0.501688 0.448761
v 0.025021 0.503931 0.454734
v 0.025021 0.501688 0.448761
v 0.025021 0.503931 0.454734
v 0.028547 0.507354 0.453449
v 0.028584 0.507455 0.453806
v 0.028547 0.507354 0.453449
v 0.028584 0.507455 0.453806
v 0.031743 0.511315 0.452723
v 0.031743 0.511315 0.452723
v 0.034453 0.515481 0.451474
v 0.034453 0.515481 0.451474
v 0.036663 0.519916 0.450050
v 0.036663 0.519916 0.450050
v 0.038317 0.524575 0.448453
v 0.038317 0.524575 0.448453
v 0.039356 0.529401 0.446693
v 0.039356 0.529401 0.446693
v 0.012613 0.568011 0.432195
v 0.012613 0.568011 0.432195
v 0.007494 0.569148 0.431715
v 0.007494 0.569148 0.431715
v 0.002308 0.569671 0.431367
v 0.002308 0.569671 0.431367
v -0.002874 0.569612 0.431147
v -0.002874 0.569612 0.431147
v -0.007992 0.569003 0.431061
v -0.007992 0.569003 0.431061
v -0.012985 0.567702 0.430789
v -0.012997 0.567875 0.431117
v -0.012985 0.567702 0.430789
v -0.012997 0.567875 0.431117
v -0.017846 0.566262 0.431329
v -0.017846 0.564018 0.425355
v -0.017846 0.566262 0.431329
v -0.017846 0.564018 0.425355
v -0.012973 0.565284 0.424486
v -0.012985 0.565458 0.424814
v -0.012973 0.565284 0.424486
v -0.012985 0.565458 0.424814
v -0.007945 0.565902 0.423887
v -0.007945 0.565902 0.423887
v -0.002874 0.565877 0.423581
v -0.002874 0.566017 0.423668
v -0.002874 0.566017 0.423668
v -0.002874 0.565877 0.423581
v 0.031232 0.508779 0.445022
v 0.031232 0.508779 0.445022
v 0.028401 0.504977 0.446765
v 0.028401 0.504977 0.446765
v 0.024988 0.501592 0.448404
v 0.025021 0.501688 0.448761
v 0.024988 0.501592 0.448404
v 0.025021 0.501688 0.448761
v 0.021061 0.498702 0.449882
v 0.021061 0.500945 0.455855
v 0.021061 0.498702 0.449882
v 0.021061 0.500945 0.455855
v 0.025021 0.503931 0.454734
v 0.025054 0.504027 0.455092
v 0.025021 0.503931 0.454734
v 0.025054 0.504027 0.455092
v 0.028693 0.507489 0.454160
v 0.028693 0.507489 0.454160
v 0.031933 0.511303 0.453043
v 0.031933 0.511303 0.453043
v 0.034719 0.515441 0.451731
v 0.034719 0.515441 0.451731
v 0.036990 0.519864 0.450223
v 0.036990 0.519864 0.450223
v 0.038680 0.524526 0.448523
v 0.038680 0.524526 0.448523
v 0.007584 0.569500 0.431636
v 0.007584 0.569500 0.431636
v 0.002350 0.570042 0.431380
v 0.002350 0.570042 0.431380
v -0.002874 0.569968 0.431256
v -0.002874 0.569968 0.431256
v -0.008019 0.569317 0.431258
v -0.008019 0.569317 0.431258
v -0.013031 0.568125 0.431390
v -0.013031 0.568125 0.431390
v -0.017846 0.566262 0.431329
v -0.017864 0.566434 0.431658
v -0.017846 0.566262 0.431329
v -0.017864 0.566434 0.431658
v -0.022478 0.564275 0.432075
v -0.022478 0.562032 0.426102
v -0.022478 0.564275 0.432075
v -0.022478 0.562032 0.426102
v -0.017829 0.563847 0.425025
v -0.017846 0.564018 0.425355
v -0.017829 0.563847 0.425025
v -0.017846 0.564018 0.425355
v -0.012938 0.565034 0.424213
v -0.012938 0.565034 0.424213
v -0.007917 0.565588 0.423689
v -0.007917 0.565588 0.423689
v 0.028228 0.505011 0.446436
v 0.028228 0.505011 0.446436
v 0.024892 0.501570 0.448044
v 0.024892 0.501570 0.448044
v 0.021061 0.498702 0.449882
v 0.021033 0.498610 0.449522
v 0.021061 0.498702 0.449882
v 0.021033 0.498610 0.449522
v 0.016731 0.496197 0.450824
v 0.016731 0.498440 0.456797
v 0.016731 0.496197 0.450824
v 0.016731 0.498440 0.456797
v 0.021089 0.501038 0.456215
v 0.021061 0.500945 0.455855
v 0.021089 0.501038 0.456215
v 0.021061 0.500945 0.455855
v 0.025150 0.504050 0.455451
v 0.025150 0.504050 0.455451
v 0.028866 0.507455 0.454488
v 0.028866 0.507455 0.454488
v 0.032181 0.511232 0.453311
v 0.032181 0.511232 0.453311
v 0.035030 0.515350 0.451917
v 0.035030 0.515350 0.451917
v 0.037341 0.519772 0.450308
v 0.037341 0.519772 0.450308
v 0.002395 0.570402 0.431297
v 0.002395 0.570402 0.431297
v -0.002874 0.570341 0.431268
v -0.002874 0.570341 0.431268
v -0.008055 0.569671 0.431367
v -0.008055 0.569671 0.431367
v -0.013086 0.568435 0.431589
v -0.013086 0.568435 0.431589
v -0.017915 0.566679 0.431933
v -0.017915 0.566679 0.431933
v -0.022478 0.564275 0.432075
v -0.022501 0.564444 0.432405
v -0.022478 0.564275 0.432075
v -0.022501 0.564444 0.432405
v -0.026808 0.559527 0.427042
v -0.026808 0.561770 0.433015
v -0.026808 0.559527 0.427042
v -0.026808 0.561770 0.433015
v -0.022455 0.561863 0.425771
v -0.022478 0.562032 0.426102
v -0.022455 0.561863 0.425771
v -0.022478 0.562032 0.426102
v -0.017778 0.563601 0.424751
v -0.017778 0.563601 0.424751
v -0.012883 0.564724 0.424014
v -0.012883 0.564724 0.424014
v 0.024738 0.501623 0.447708
v 0.024738 0.501623 0.447708
v 0.020950 0.498598 0.449160
v 0.020950 0.498598 0.449160
v 0.016731 0.496197 0.450824
v 0.016708 0.496108 0.450463
v 0.016731 0.496197 0.450824
v 0.016708 0.496108 0.450463
v 0.012099 0.496454 0.457543
v 0.012099 0.494210 0.451569
v 0.012099 0.496454 0.457543
v 0.012099 0.494210 0.451569
v 0.016754 0.498530 0.457156
v 0.016731 0.498440 0.456797
v 0.016754 0.498530 0.457156
v 0.016731 0.498440 0.456797
v 0.021171 0.501050 0.456578
v 0.021171 0.501050 0.456578
v 0.025303 0.503997 0.455786
v 0.025303 0.503997 0.455786
v 0.029092 0.507356 0.454767
v 0.029092 0.507356 0.454767
v 0.032469 0.511106 0.453511
v 0.032469 0.511106 0.453511
v 0.035362 0.515217 0.452020
v 0.035362 0.515217 0.452020
v -0.002874 0.570705 0.431183
v -0.002874 0.570705 0.431183
v -0.008097 0.570042 0.431380
v -0.008097 0.570042 0.431380
v -0.013158 0.568784 0.431700
v -0.013158 0.568784 0.431700
v -0.017997 0.566981 0.432135
v -0.017997 0.566981 0.432135
v -0.022569 0.564683 0.432682
v -0.022569 0.564683 0.432682
v -0.026808 0.561770 0.433015
v -0.026836 0.561937 0.433347
v -0.026808 0.561770 0.433015
v -0.026836 0.561937 0.433347
v -0.030768 0.556541 0.428163
v -0.030768 0.558784 0.434137
v -0.030768 0.556541 0.428163
v -0.030768 0.558784 0.434137
v -0.026780 0.559361 0.426710
v -0.026808 0.559527 0.427042
v -0.026780 0.559361 0.426710
v -0.026808 0.559527 0.427042
v -0.022388 0.561624 0.425494
v -0.022388 0.561624 0.425494
v -0.017696 0.563299 0.424549
v -0.017696 0.563299 0.424549
v 0.020819 0.498668 0.448819
v 0.020819 0.498668 0.448819
v 0.016641 0.496105 0.450097
v 0.016641 0.496105 0.450097
v 0.012099 0.494210 0.451569
v 0.012081 0.494123 0.451207
v 0.012099 0.494210 0.451569
v 0.012081 0.494123 0.451207
v 0.007237 0.492771 0.452110
v 0.007237 0.495014 0.458083
v 0.007237 0.492771 0.452110
v 0.007237 0.495014 0.458083
v 0.012117 0.496541 0.457903
v 0.012099 0.496454 0.457543
v 0.012117 0.496541 0.457903
v 0.012099 0.496454 0.457543
v 0.016821 0.498533 0.457523
v 0.016821 0.498533 0.457523
v 0.021302 0.500980 0.456920
v 0.021302 0.500980 0.456920
v 0.025503 0.503872 0.456075
v 0.025503 0.503872 0.456075
v 0.029354 0.507197 0.454979
v 0.029354 0.507197 0.454979
v 0.032779 0.510934 0.453627
v 0.032779 0.510934 0.453627
v -0.008143 0.570402 0.431297
v -0.008143 0.570402 0.431297
v -0.013242 0.569148 0.431715
v -0.013242 0.569148 0.431715
v -0.018103 0.567319 0.432250
v -0.018103 0.567319 0.432250
v -0.022676 0.564974 0.432889
v -0.022676 0.564974 0.432889
v -0.026919 0.562167 0.433627
v -0.026919 0.562167 0.433627
v -0.030768 0.558784 0.434137
v -0.030801 0.558947 0.434470
v -0.030768 0.558784 0.434137
v -0.030801 0.558947 0.434470
v -0.034295 0.553118 0.429449
v -0.034295 0.555361 0.435422
v -0.034295 0.553118 0.429449
v -0.034295 0.555361 0.435422
v -0.030735 0.556377 0.427830
v -0.030768 0.556541 0.428163
v -0.030735 0.556377 0.427830
v -0.030768 0.556541 0.428163
v -0.026698 0.559130 0.426430
v -0.026698 0.559130 0.426430
v -0.022281 0.561333 0.425287
v -0.022281 0.561333 0.425287
v 0.016533 0.496188 0.449749
v 0.016533 0.496188 0.449749
v 0.012030 0.494127 0.450839
v 0.012030 0.494127 0.450839
v 0.007237 0.492771 0.452110
v 0.007225 0.492685 0.451748
v 0.007237 0.492771 0.452110
v 0.007225 0.492685 0.451748
v 0.002221 0.494141 0.458410
v 0.002221 0.491898 0.452437
v 0.002221 0.494141 0.458410
v 0.002221 0.491898 0.452437
v 0.007249 0.495099 0.458445
v 0.007237 0.495014 0.458083
v 0.007249 0.495099 0.458445
v 0.007237 0.495014 0.458083
v 0.012168 0.496537 0.458273
v 0.012168 0.496537 0.458273
v 0.016928 0.498449 0.457870
v 0.016928 0.498449 0.457870
v 0.021473 0.500833 0.457217
v 0.021473 0.500833 0.457217
v 0.025735 0.503684 0.456298
v 0.025735 0.503684 0.456298
v 0.029636 0.506990 0.455108
v 0.029636 0.506990 0.455108
v -0.013331 0.569500 0.431636
v -0.013331 0.569500 0.431636
v -0.018227 0.567670 0.432271
v -0.018227 0.567670 0.432271
v -0.022815 0.565299 0.433009
v -0.022815 0.565299 0.433009
v -0.027050 0.562444 0.433838
v -0.027050 0.562444 0.433838
v -0.030897 0.559166 0.434755
v -0.030897 0.559166 0.434755
v -0.034295 0.555361 0.435422
v -0.034332 0.555520 0.435756
v -0.034295 0.555361 0.435422
v -0.034332 0.555520 0.435756
v -0.037330 0.549310 0.430879
v -0.037330 0.551552 0.436852
v -0.037330 0.549310 0.430879
v -0.037330 0.551552 0.436852
v -0.034258 0.552959 0.429115
v -0.034295 0.553118 0.429449
v -0.034258 0.552959 0.429115
v -0.034295 0.553118 0.429449
v -0.030639 0.556159 0.427546
v -0.030639 0.556159 0.427546
v -0.026567 0.558852 0.426219
v -0.026567 0.558852 0.426219
v 0.011949 0.494222 0.450488
v 0.011949 0.494222 0.450488
v 0.007191 0.492694 0.451378
v 0.007191 0.492694 0.451378
v 0.002221 0.491898 0.452437
v 0.002215 0.491814 0.452075
v 0.002221 0.491898 0.452437
v 0.002215 0.491814 0.452075
v -0.002874 0.491606 0.452547
v -0.002874 0.493849 0.458520
v -0.002874 0.491606 0.452547
v -0.002874 0.493849 0.458520
v 0.002227 0.494226 0.458772
v 0.002221 0.494141 0.458410
v 0.002227 0.494226 0.458772
v 0.002221 0.494141 0.458410
v 0.007284 0.495090 0.458816
v 0.007284 0.495090 0.458816
v 0.012249 0.496442 0.458623
v 0.012249 0.496442 0.458623
v 0.017068 0.498285 0.458174
v 0.017068 0.498285 0.458174
v 0.021672 0.500620 0.457448
v 0.021672 0.500620 0.457448
v 0.025985 0.503446 0.456439
v 0.025985 0.503446 0.456439
v -0.018360 0.568011 0.432195
v -0.018360 0.568011 0.432195
v -0.022978 0.565633 0.433036
v -0.022978 0.565633 0.433036
v -0.027221 0.562750 0.433966
v -0.027221 0.562750 0.433966
v -0.031051 0.559427 0.434972
v -0.031051 0.559427 0.434972
v -0.034440 0.555728 0.436046
v -0.034440 0.555728 0.436046
v -0.037330 0.551552 0.436852
v -0.037371 0.551707 0.437188
v -0.037330 0.551552 0.436852
v -0.037371 0.551707 0.437188
v -0.039824 0.545175 0.432431
v -0.039824 0.547418 0.438404
v -0.039824 0.545175 0.432431
v -0.039824 0.547418 0.438404
v -0.037289 0.549155 0.430542
v -0.037330 0.549310 0.430879
v -0.037289 0.549155 0.430542
v -0.037330 0.549310 0.430879
v -0.034149 0.552751 0.428825
v -0.034149 0.552751 0.428825
v -0.030486 0.555898 0.427328
v -0.030486 0.555898 0.427328
v 0.007136 0.492796 0.451024
v 0.007136 0.492796 0.451024
v 0.002197 0.491825 0.451703
v 0.002197 0.491825 0.451703
v -0.002874 0.491606 0.452547
v -0.002874 0.491522 0.452185
v -0.002874 0.491606 0.452547
v -0.002874 0.491522 0.452185
v -0.007968 0.491898 0.452437
v -0.007968 0.494141 0.458410
v -0.007968 0.491898 0.452437
v -0.007968 0.494141 0.458410
v -0.002874 0.493849 0.458520
v -0.002874 0.493933 0.458882
v -0.002874 0.493849 0.458520
v -0.002874 0.493933 0.458882
v 0.002244 0.494214 0.459144
v 0.002244 0.494214 0.459144
v 0.007339 0.494988 0.459169
v 0.007339 0.494988 0.459169
v 0.012356 0.496264 0.458932
v 0.012356 0.496264 0.458932
v 0.017231 0.498051 0.458413
v 0.017231 0.498051 0.458413
v 0.021886 0.500355 0.457600
v 0.021886 0.500355 0.457600
v -0.023152 0.565955 0.432967
v -0.023152 0.565955 0.432967
v -0.027420 0.563063 0.434000
v -0.027420 0.563063 0.434000
v -0.031250 0.559711 0.435107
v -0.031250 0.559711 0.435107
v -0.034614 0.555969 0.436270
v -0.034614 0.555969 0.436270
v -0.037490 0.551901 0.437482
v -0.037490 0.551901 0.437482
v -0.039824 0.547418 0.438404
v -0.039868 0.547567 0.438742
v -0.039824 0.547418 0.438404
v -0.039868 0.547567 0.438742
v -0.041733 0.540778 0.434082
v -0.041733 0.543021 0.440055
v -0.041733 0.540778 0.434082
v -0.041733 0.543021 0.440055
v -0.039780 0.545025 0.432093
v -0.039824 0.545175 0.432431
v -0.039780 0.545025 0.432093
v -0.039824 0.545175 0.432431
v -0.037170 0.548961 0.430248
v -0.037170 0.548961 0.430248
v -0.033976 0.552510 0.428600
v -0.033976 0.552510 0.428600
v 0.002170 0.491933 0.451347
v 0.002170 0.491933 0.451347
v -0.002874 0.491535 0.451812
v -0.002874 0.491535 0.451812
v -0.007962 0.491814 0.452075
v -0.007968 0.491898 0.452437
v -0.007962 0.491814 0.452075
v -0.007968 0.491898 0.452437
v -0.012985 0.495014 0.458083
v -0.012985 0.492771 0.452110
v -0.012985 0.495014 0.458083
v -0.012985 0.492771 0.452110
v -0.007968 0.494141 0.458410
v -0.007974 0.494226 0.458772
v -0.007968 0.494141 0.458410
v -0.007974 0.494226 0.458772
v -0.002874 0.493921 0.459255
v -0.002874 0.493921 0.459255
v 0.002272 0.494107 0.459500
v 0.002272 0.494107 0.459500
v 0.007410 0.494799 0.459482
v 0.007410 0.494799 0.459482
v 0.012480 0.496013 0.459178
v 0.012480 0.496013 0.459178
v 0.017405 0.497763 0.458573
v 0.017405 0.497763 0.458573
v -0.027633 0.563363 0.433940
v -0.027633 0.563363 0.433940
v -0.031483 0.559999 0.435152
v -0.031483 0.559999 0.435152
v -0.034839 0.556227 0.436415
v -0.034839 0.556227 0.436415
v -0.037681 0.552121 0.437715
v -0.037681 0.552121 0.437715
v -0.039996 0.547746 0.439043
v -0.039996 0.547746 0.439043
v -0.041733 0.543021 0.440055
v -0.041779 0.543165 0.440396
v -0.041733 0.543021 0.440055
v -0.041779 0.543165 0.440396
v -0.043026 0.536191 0.435806
v -0.043026 0.538433 0.441779
v -0.043026 0.536191 0.435806
v -0.043026 0.538433 0.441779
v -0.041687 0.540634 0.433743
v -0.041733 0.540778 0.434082
v -0.041687 0.540634 0.433743
v -0.041733 0.540778 0.434082
v -0.039651 0.544846 0.431794
v -0.039651 0.544846 0.431794
v -0.036979 0.548741 0.430016
v -0.036979 0.548741 0.430016
v -0.002874 0.491643 0.451456
v -0.002874 0.491595 0.451613
v -0.002874 0.491643 0.451456
v -0.002874 0.491595 0.451613
v -0.007945 0.491825 0.451703
v -0.007945 0.491825 0.451703
v -0.012973 0.492685 0.451748
v -0.012985 0.492771 0.452110
v -0.012973 0.492685 0.451748
v -0.012985 0.492771 0.452110
v -0.017846 0.494210 0.451569
v -0.017846 0.496454 0.457543
v -0.017846 0.494210 0.451569
v -0.017846 0.496454 0.457543
v -0.012985 0.495014 0.458083
v -0.012997 0.495099 0.458445
v -0.012985 0.495014 0.458083
v -0.012997 0.495099 0.458445
v -0.007992 0.494214 0.459144
v -0.007992 0.494214 0.459144
v -0.002874 0.493812 0.459611
v -0.002874 0.493812 0.459611
v 0.002308 0.493912 0.459815
v 0.002308 0.493912 0.459815
v 0.007494 0.494536 0.459733
v 0.007494 0.494536 0.459733
v 0.012613 0.495707 0.459346
v 0.012613 0.495707 0.459346
v -0.031732 0.560272 0.435101
v -0.031732 0.560272 0.435101
v -0.035101 0.556487 0.436470
v -0.035101 0.556487 0.436470
v -0.037928 0.552352 0.437871
v -0.037928 0.552352 0.437871
v -0.040200 0.547942 0.439284
v -0.040200 0.547942 0.439284
v -0.041915 0.543328 0.440701
v -0.041915 0.543328 0.440701
v -0.043026 0.538433 0.441779
v -0.043073 0.538572 0.442120
v -0.043026 0.538433 0.441779
v -0.043073 0.538572 0.442120
v -0.043677 0.531486 0.437571
v -0.043677 0.533729 0.443545
v -0.043677 0.531486 0.437571
v -0.043677 0.533729 0.443545
v -0.042978 0.536052 0.435463
v -0.043026 0.536191 0.435806
v -0.042978 0.536052 0.435463
v -0.043026 0.536191 0.435806
v -0.041552 0.540471 0.433437
v -0.041552 0.540471 0.433437
v -0.039447 0.544650 0.431551
v -0.039447 0.544650 0.431551
v -0.007917 0.491933 0.451347
v -0.007917 0.491933 0.451347
v -0.012938 0.492694 0.451378
v -0.012938 0.492694 0.451378
v -0.017829 0.494123 0.451207
v -0.017846 0.494210 0.451569
v -0.017829 0.494123 0.451207
v -0.017846 0.494210 0.451569
v -0.022478 0.498440 0.456797
v -0.022478 0.496197 0.450824
v -0.022478 0.498440 0.456797
v -0.022478 0.496197 0.450824
v -0.017846 0.496454 0.457543
v -0.017864 0.496541 0.457903
v -0.017846 0.496454 0.457543
v -0.017864 0.496541 0.457903
v -0.013031 0.495090 0.458816
v -0.013031 0.495090 0.458816
v -0.008019 0.494107 0.459500
v -0.008019 0.494107 0.459500
v -0.002874 0.493615 0.459927
v -0.002874 0.493615 0.459927
v 0.002350 0.493642 0.460069
v 0.002350 0.493642 0.460069
v 0.007584 0.494218 0.459905
v 0.007584 0.494218 0.459905
v -0.035383 0.556727 0.436431
v -0.035383 0.556727 0.436431
v -0.038217 0.552578 0.437938
v -0.038217 0.552578 0.437938
v -0.040467 0.548143 0.439451
v -0.040467 0.548143 0.439451
v -0.042130 0.543499 0.440953
v -0.042130 0.543499 0.440953
v -0.043213 0.538719 0.442433
v -0.043213 0.538719 0.442433
v -0.043677 0.533729 0.443545
v -0.043726 0.533862 0.443889
v -0.043677 0.533729 0.443545
v -0.043726 0.533862 0.443889
v -0.043677 0.526743 0.439353
v -0.043677 0.528986 0.445326
v -0.043677 0.526743 0.439353
v -0.043677 0.528986 0.445326
v -0.043629 0.531354 0.437228
v -0.043677 0.531486 0.437571
v -0.043629 0.531354 0.437228
v -0.043677 0.531486 0.437571
v -0.042838 0.535906 0.435150
v -0.042838 0.535906 0.435150
v -0.041336 0.540300 0.433185
v -0.041336 0.540300 0.433185
v -0.012883 0.492796 0.451024
v -0.012883 0.492796 0.451024
v -0.017778 0.494127 0.450839
v -0.017778 0.494127 0.450839
v -0.022455 0.496108 0.450463
v -0.022478 0.496197 0.450824
v -0.022455 0.496108 0.450463
v -0.022478 0.496197 0.450824
v -0.026808 0.498702 0.449882
v -0.026808 0.500945 0.455855
v -0.026808 0.498702 0.449882
v -0.026808 0.500945 0.455855
v -0.022478 0.498440 0.456797
v -0.022501 0.498530 0.457156
v -0.022478 0.498440 0.456797
v -0.022501 0.498530 0.457156
v -0.017915 0.496537 0.458273
v -0.017915 0.496537 0.458273
v -0.013086 0.494988 0.459169
v -0.013086 0.494988 0.459169
v -0.008055 0.493912 0.459815
v -0.008055 0.493912 0.459815
v -0.002874 0.493342 0.460181
v -0.002874 0.493342 0.460181
v 0.002395 0.493315 0.460244
v 0.002395 0.493315 0.460244
v -0.038527 0.552784 0.437913
v -0.038527 0.552784 0.437913
v -0.040777 0.548333 0.439532
v -0.040777 0.548333 0.439532
v -0.042411 0.543667 0.441132
v -0.042411 0.543667 0.441132
v -0.043436 0.538863 0.442694
v -0.043436 0.538863 0.442694
v -0.043868 0.533991 0.444207
v -0.043868 0.533991 0.444207
v -0.043677 0.528986 0.445326
v -0.043726 0.529113 0.445672
v -0.043677 0.528986 0.445326
v -0.043726 0.529113 0.445672
v -0.043026 0.522039 0.441120
v -0.043026 0.524282 0.447093
v -0.043026 0.522039 0.441120
v -0.043026 0.524282 0.447093
v -0.043629 0.526616 0.439007
v -0.043677 0.526743 0.439353
v -0.043629 0.526616 0.439007
v -0.043677 0.526743 0.439353
v -0.043486 0.531224 0.436909
v -0.043486 0.531224 0.436909
v -0.042615 0.535761 0.434890
v -0.042615 0.535761 0.434890
v -0.017696 0.494222 0.450488
v -0.017696 0.494222 0.450488
v -0.022388 0.496105 0.450097
v -0.022388 0.496105 0.450097
v -0.026780 0.498610 0.449522
v -0.026808 0.498702 0.449882
v -0.026780 0.498610 0.449522
v -0.026808 0.498702 0.449882
v -0.030768 0.503931 0.454734
v -0.030768 0.501688 0.448761
v -0.030768 0.503931 0.454734
v -0.030768 0.501688 0.448761
v -0.026808 0.500945 0.455855
v -0.026836 0.501038 0.456215
v -0.026808 0.500945 0.455855
v -0.026836 0.501038 0.456215
v -0.022569 0.498533 0.457523
v -0.022569 0.498533 0.457523
v -0.017997 0.496442 0.458623
v -0.017997 0.496442 0.458623
v -0.013158 0.494799 0.459482
v -0.013158 0.494799 0.459482
v -0.008097 0.493642 0.460069
v -0.008097 0.493642 0.460069
v -0.002874 0.493013 0.460357
v -0.002874 0.493013 0.460357
v -0.041110 0.548501 0.439521
v -0.041110 0.548501 0.439521
v -0.042738 0.543819 0.441227
v -0.042738 0.543819 0.441227
v -0.043726 0.538996 0.442886
v -0.043726 0.538996 0.442886
v -0.044095 0.534109 0.444479
v -0.044095 0.534109 0.444479
v -0.043868 0.529225 0.445997
v -0.043868 0.529225 0.445997
v -0.043026 0.524282 0.447093
v -0.043073 0.524403 0.447442
v -0.043026 0.524282 0.447093
v -0.043073 0.524403 0.447442
v -0.041733 0.517451 0.442842
v -0.041733 0.519694 0.448815
v -0.041733 0.517451 0.442842
v -0.041733 0.519694 0.448815
v -0.042978 0.521918 0.440771
v -0.043026 0.522039 0.441120
v -0.042978 0.521918 0.440771
v -0.043026 0.522039 0.441120
v -0.043486 0.526504 0.438682
v -0.043486 0.526504 0.438682
v -0.043260 0.531107 0.436637
v -0.043260 0.531107 0.436637
v -0.022281 0.496188 0.449749
v -0.022281 0.496188 0.449749
v -0.026698 0.498598 0.449160
v -0.026698 0.498598 0.449160
v -0.030735 0.501592 0.448404
v -0.030768 0.501688 0.448761
v -0.030735 0.501592 0.448404
v -0.030768 0.501688 0.448761
v -0.034295 0.507354 0.453449
v -0.034295 0.505111 0.447476
v -0.034295 0.505111 0.447476
v -0.034295 0.507354 0.453449
v -0.030768 0.503931 0.454734
v -0.030801 0.504027 0.455092
v -0.030768 0.503931 0.454734
v -0.030801 0.504027 0.455092
v -0.026919 0.501050 0.456578
v -0.026919 0.501050 0.456578
v -0.022676 0.498449 0.457870
v -0.022676 0.498449 0.457870
v -0.018103 0.496264 0.458932
v -0.018103 0.496264 0.458932
v -0.013242 0.494536 0.459733
v -0.013242 0.494536 0.459733
v -0.008143 0.493315 0.460244
v -0.008143 0.493315 0.460244
v -0.043088 0.543946 0.441231
v -0.043088 0.543946 0.441231
v -0.044064 0.539108 0.442995
v -0.044064 0.539108 0.442995
v -0.044390 0.534206 0.444684
v -0.044390 0.534206 0.444684
v -0.044095 0.529315 0.446279
v -0.044095 0.529315 0.446279
v -0.043213 0.524498 0.447772
v -0.043213 0.524498 0.447772
v -0.041733 0.519694 0.448815
v -0.041779 0.519809 0.449166
v -0.041733 0.519694 0.448815
v -0.041779 0.519809 0.449166
v -0.039824 0.513055 0.444493
v -0.039824 0.515297 0.450466
v -0.039824 0.513055 0.444493
v -0.039824 0.515297 0.450466
v -0.041687 0.517336 0.442491
v -0.041733 0.517451 0.442842
v -0.041687 0.517336 0.442491
v -0.041733 0.517451 0.442842
v -0.042838 0.521823 0.440439
v -0.042838 0.521823 0.440439
v -0.043260 0.526414 0.438399
v -0.043260 0.526414 0.438399
v -0.026567 0.498668 0.448819
v -0.026567 0.498668 0.448819
v -0.030639 0.501570 0.448044
v -0.030639 0.501570 0.448044
v -0.034295 0.505111 0.447476
v -0.034258 0.505011 0.447120
v -0.034258 0.505011 0.447120
v -0.034295 0.505111 0.447476
v -0.037330 0.511163 0.452018
v -0.037330 0.508920 0.446045
v -0.037330 0.508920 0.446045
v -0.037330 0.511163 0.452018
v -0.034332 0.507455 0.453806
v -0.034295 0.507354 0.453449
v -0.034295 0.507354 0.453449
v -0.034332 0.507455 0.453806
v -0.030897 0.504050 0.455451
v -0.030897 0.504050 0.455451
v -0.027050 0.500980 0.456920
v -0.027050 0.500980 0.456920
v -0.022815 0.498285 0.458174
v -0.022815 0.498285 0.458174
v -0.018227 0.496013 0.459178
v -0.018227 0.496013 0.459178
v -0.013331 0.494218 0.459905
v -0.013331 0.494218 0.459905
v -0.044427 0.539192 0.443016
v -0.044427 0.539192 0.443016
v -0.044734 0.534277 0.444809
v -0.044734 0.534277 0.444809
v -0.044390 0.529377 0.446498
v -0.044390 0.529377 0.446498
v -0.043436 0.524561 0.448065
v -0.043436 0.524561 0.448065
v -0.041915 0.519888 0.449504
v -0.041915 0.519888 0.449504
v -0.039824 0.515297 0.450466
v -0.039868 0.515407 0.450819
v -0.039824 0.515297 0.450466
v -0.039868 0.515407 0.450819
v -0.039780 0.512945 0.444140
v -0.039824 0.513055 0.444493
v -0.039780 0.512945 0.444140
v -0.039824 0.513055 0.444493
v -0.041552 0.517257 0.442153
v -0.041552 0.517257 0.442153
v -0.042615 0.521760 0.440147
v -0.042615 0.521760 0.440147
v -0.030486 0.501623 0.447708
v -0.030486 0.501623 0.447708
v -0.034149 0.504977 0.446765
v -0.034149 0.504977 0.446765
v -0.037330 0.508920 0.446045
v -0.037289 0.508815 0.445690
v -0.037289 0.508815 0.445690
v -0.037330 0.508920 0.446045
v -0.037371 0.511267 0.452373
v -0.037330 0.511163 0.452018
v -0.037330 0.511163 0.452018
v -0.037371 0.511267 0.452373
v -0.034440 0.507489 0.454160
v -0.034440 0.507489 0.454160
v -0.031051 0.503997 0.455786
v -0.031051 0.503997 0.455786
v -0.027221 0.500833 0.457217
v -0.027221 0.500833 0.457217
v -0.022978 0.498051 0.458413
v -0.022978 0.498051 0.458413
v -0.018360 0.495707 0.459346
v -0.018360 0.495707 0.459346
v -0.045103 0.534317 0.444847
v -0.045103 0.534317 0.444847
v -0.044734 0.529406 0.446639
v -0.044734 0.529406 0.446639
v -0.043726 0.524587 0.448296
v -0.043726 0.524587 0.448296
v -0.042130 0.519924 0.449805
v -0.042130 0.519924 0.449805
v -0.039996 0.515470 0.451163
v -0.039996 0.515470 0.451163
v -0.039651 0.512882 0.443797
v -0.039651 0.512882 0.443797
v -0.041336 0.517221 0.441852
v -0.041336 0.517221 0.441852
v -0.033976 0.505011 0.446436
v -0.033976 0.505011 0.446436
v -0.037170 0.508767 0.445342
v -0.037170 0.508767 0.445342
v -0.037490 0.511315 0.452723
v -0.037490 0.511315 0.452723
v -0.034614 0.507455 0.454488
v -0.034614 0.507455 0.454488
v -0.031250 0.503872 0.456075
v -0.031250 0.503872 0.456075
v -0.027420 0.500620 0.457448
v -0.027420 0.500620 0.457448
v -0.023152 0.497763 0.458573
v -0.023152 0.497763 0.458573
v -0.045103 0.529401 0.446693
v -0.045103 0.529401 0.446693
v -0.044064 0.524575 0.448453
v -0.044064 0.524575 0.448453
v -0.042411 0.519916 0.450050
v -0.042411 0.519916 0.450050
v -0.040200 0.515481 0.451474
v -0.040200 0.515481 0.451474
v -0.039447 0.512871 0.443485
v -0.039447 0.512871 0.443485
v -0.036979 0.508779 0.445022
v -0.036979 0.508779 0.445022
v -0.037681 0.511303 0.453043
v -0.037681 0.511303 0.453043
v -0.034839 0.507356 0.454767
v -0.034839 0.507356 0.454767
v -0.031483 0.503684 0.456298
v -0.031483 0.503684 0.456298
v -0.027633 0.500355 0.457600
v -0.027633 0.500355 0.457600
v -0.044427 0.524526 0.448523
v -0.044427 0.524526 0.448523
v -0.042738 0.519864 0.450223
v -0.042738 0.519864 0.450223
v -0.040467 0.515441 0.451731
v -0.040467 0.515441 0.451731
v -0.037928 0.511232 0.453311
v -0.037928 0.511232 0.453311
v -0.035101 0.507197 0.454979
v -0.035101 0.507197 0.454979
v -0.031732 0.503446 0.456439
v -0.031732 0.503446 0.456439
v -0.043088 0.519772 0.450308
v -0.043088 0.519772 0.450308
v -0.040777 0.515350 0.451917
v -0.040777 0.515350 0.451917
v -0.038217 0.511106 0.453511
v -0.038217 0.511106 0.453511
v -0.035383 0.506990 0.455108
v -0.035383 0.506990 0.455108
v -0.041110 0.515217 0.452020
v -0.041110 0.515217 0.452020
v -0.038527 0.510934 0.453627
v -0.038527 0.510934 0.453627
vt 1.297993 11.68682
vt 1.302576 11.66104
vt 1.292414 11.71055
vt 1.302496 11.66092
vt 1.297918 11.68666
vt 1.306086 11.63364
vt 1.298068 11.68697
vt 1.302657 11.66117
vt 1.292482 11.71074
vt 1.285933 11.73189
vt 1.292346 11.71037
vt 1.30226 11.66056
vt 1.297698 11.68621
vt 1.306001 11.63355
vt 1.308461 11.60504
vt 1.306171 11.63373
vt 1.298288 11.68743
vt 1.302893 11.66153
vt 1.292682 11.71128
vt 1.285993 11.7321
vt 1.278654 11.7505
vt 1.285872 11.73168
vt 1.292146 11.70983
vt 1.297349 11.68548
vt 1.301884 11.65998
vt 1.305753 11.63328
vt 1.308373 11.60499
vt 1.30966 11.57572
vt 1.308549 11.6051
vt 1.30642 11.63399
vt 1.303269 11.6621
vt 1.298637 11.68815
vt 1.293 11.71214
vt 1.28617 11.73272
vt 1.278706 11.75074
vt 1.270696 11.76612
vt 1.278603 11.75027
vt 1.285695 11.73107
vt 1.291828 11.70897
vt 1.305357 11.63287
vt 1.308116 11.60483
vt 1.30957 11.5757
vt 1.309659 11.54615
vt 1.309749 11.57574
vt 1.308806 11.60526
vt 1.306816 11.63441
vt 1.303758 11.66286
vt 1.299093 11.68909
vt 1.293414 11.71325
vt 1.286451 11.73369
vt 1.278857 11.75142
vt 1.270738 11.76637
vt 1.262182 11.7785
vt 1.270654 11.76587
vt 1.278451 11.74959
vt 1.285414 11.73009
vt 1.307707 11.60457
vt 1.309308 11.57565
vt 1.30957 11.54617
vt 1.308461 11.51683
vt 1.309749 11.54613
vt 1.310011 11.57579
vt 1.309216 11.60551
vt 1.307331 11.63496
vt 1.304329 11.66373
vt 1.299623 11.69019
vt 1.293897 11.71455
vt 1.286818 11.73497
vt 1.279098 11.7525
vt 1.270862 11.7671
vt 1.262214 11.77877
vt 1.253246 11.78748
vt 1.26215 11.77824
vt 1.27053 11.76513
vt 1.27821 11.74851
vt 1.308892 11.57556
vt 1.309308 11.54622
vt 1.308373 11.51688
vt 1.306086 11.48823
vt 1.308549 11.51677
vt 1.31001 11.54608
vt 1.310427 11.57588
vt 1.30975 11.60584
vt 1.307932 11.63559
vt 1.30494 11.66467
vt 1.300193 11.69137
vt 1.294415 11.71595
vt 1.287246 11.73645
vt 1.279412 11.75391
vt 1.271059 11.76827
vt 1.262309 11.77954
vt 1.253268 11.78775
vt 1.244026 11.79291
vt 1.253225 11.7872
vt 1.262056 11.77746
vt 1.270333 11.76397
vt 1.308892 11.54631
vt 1.308116 11.51704
vt 1.306001 11.48832
vt 1.302576 11.46083
vt 1.306171 11.48814
vt 1.308806 11.51661
vt 1.310427 11.54599
vt 1.31097 11.57599
vt 1.310371 11.60623
vt 1.308577 11.63628
vt 1.287704 11.73804
vt 1.279778 11.75555
vt 1.271315 11.76979
vt 1.262459 11.78078
vt 1.253332 11.78856
vt 1.244037 11.7932
vt 1.234662 11.79473
vt 1.244015 11.79263
vt 1.253161 11.78639
vt 1.261906 11.77622
vt 1.307706 11.5173
vt 1.305752 11.48858
vt 1.302496 11.46095
vt 1.297993 11.43505
vt 1.302657 11.4607
vt 1.30642 11.48788
vt 1.309216 11.51636
vt 1.310969 11.54588
vt 1.311601 11.57612
vt 1.311038 11.60664
vt 1.280171 11.75731
vt 1.271614 11.77156
vt 1.262655 11.78239
vt 1.253433 11.78985
vt 1.244069 11.79402
vt 1.234662 11.79502
vt 1.225299 11.79291
vt 1.234662 11.79445
vt 1.243983 11.79181
vt 1.25306 11.78511
vt 1.305356 11.489
vt 1.302259 11.46131
vt 1.297918 11.43521
vt 1.292414 11.41131
vt 1.298067 11.4349
vt 1.302893 11.46034
vt 1.306815 11.48746
vt 1.309749 11.51603
vt 1.311601 11.54575
vt 1.31228 11.57626
vt 1.271935 11.77347
vt 1.262882 11.78427
vt 1.253565 11.79152
vt 1.24412 11.79534
vt 1.234662 11.79585
vt 1.225288 11.7932
vt 1.216078 11.78748
vt 1.22531 11.79263
vt 1.234662 11.79362
vt 1.243932 11.79049
vt 1.301884 11.46189
vt 1.297698 11.43566
vt 1.292345 11.4115
vt 1.285932 11.38997
vt 1.292482 11.41113
vt 1.298287 11.43444
vt 1.303268 11.45976
vt 1.307331 11.48691
vt 1.310371 11.51564
vt 1.31228 11.54561
vt 1.263127 11.78628
vt 1.253718 11.79347
vt 1.244186 11.79705
vt 1.234662 11.79718
vt 1.225256 11.79402
vt 1.216057 11.78775
vt 1.207142 11.7785
vt 1.2161 11.7872
vt 1.225342 11.79181
vt 1.234662 11.79229
vt 1.234662 11.79288
vt 1.297348 11.43638
vt 1.292145 11.41204
vt 1.285872 11.39018
vt 1.278654 11.37136
vt 1.285992 11.38977
vt 1.292682 11.41059
vt 1.298637 11.43372
vt 1.303758 11.45901
vt 1.307932 11.48628
vt 1.311038 11.51523
vt 1.253883 11.79556
vt 1.244264 11.79905
vt 1.234662 11.7989
vt 1.225205 11.79534
vt 1.215993 11.78856
vt 1.20711 11.77876
vt 1.198629 11.76611
vt 1.207175 11.77823
vt 1.216164 11.78639
vt 1.225393 11.79049
vt 1.291827 11.41289
vt 1.285695 11.3908
vt 1.278602 11.37159
vt 1.270695 11.35575
vt 1.278705 11.37113
vt 1.286169 11.38915
vt 1.293 11.40973
vt 1.299092 11.43278
vt 1.304328 11.45814
vt 1.308576 11.48559
vt 1.244347 11.80119
vt 1.234662 11.80091
vt 1.225139 11.79705
vt 1.215892 11.78984
vt 1.207016 11.77954
vt 1.198587 11.76636
vt 1.19067 11.7505
vt 1.198671 11.76586
vt 1.207269 11.77746
vt 1.216265 11.78511
vt 1.285413 11.39178
vt 1.27845 11.37227
vt 1.270653 11.356
vt 1.262182 11.34336
vt 1.270737 11.3555
vt 1.278857 11.37045
vt 1.286451 11.38817
vt 1.293414 11.40861
vt 1.299623 11.43168
vt 1.30494 11.4572
vt 1.234662 11.80307
vt 1.225061 11.79904
vt 1.21576 11.79152
vt 1.206866 11.78078
vt 1.198463 11.7671
vt 1.190619 11.75073
vt 1.183392 11.73189
vt 1.190722 11.75027
vt 1.198795 11.76513
vt 1.207419 11.77622
vt 1.27821 11.37335
vt 1.270529 11.35673
vt 1.262149 11.34363
vt 1.253246 11.33439
vt 1.262214 11.3431
vt 1.270861 11.35476
vt 1.279098 11.36937
vt 1.286818 11.3869
vt 1.293897 11.40731
vt 1.300192 11.4305
vt 1.224978 11.80119
vt 1.215606 11.79347
vt 1.20667 11.78239
vt 1.198266 11.76827
vt 1.190467 11.75141
vt 1.183332 11.7321
vt 1.17691 11.71055
vt 1.183452 11.73168
vt 1.190873 11.74959
vt 1.198992 11.76396
vt 1.270332 11.3579
vt 1.262055 11.3444
vt 1.253224 11.33466
vt 1.244025 11.32895
vt 1.253267 11.33411
vt 1.262308 11.34232
vt 1.271058 11.35359
vt 1.279412 11.36796
vt 1.287245 11.38542
vt 1.294414 11.40592
vt 1.215442 11.79556
vt 1.206442 11.78426
vt 1.198009 11.76979
vt 1.190226 11.75249
vt 1.183155 11.73271
vt 1.176842 11.71073
vt 1.171331 11.68681
vt 1.176979 11.71036
vt 1.183629 11.73106
vt 1.191114 11.74851
vt 1.261905 11.34564
vt 1.25316 11.33547
vt 1.244014 11.32923
vt 1.234662 11.32713
vt 1.244036 11.32867
vt 1.253331 11.3333
vt 1.262458 11.34108
vt 1.271315 11.35207
vt 1.279777 11.36632
vt 1.287704 11.38382
vt 1.206198 11.78628
vt 1.197711 11.77156
vt 1.189912 11.7539
vt 1.182873 11.73369
vt 1.176642 11.71127
vt 1.171256 11.68696
vt 1.166748 11.66104
vt 1.171406 11.68665
vt 1.177179 11.70983
vt 1.183911 11.73008
vt 1.253059 11.33675
vt 1.243982 11.33006
vt 1.234662 11.32741
vt 1.225298 11.32895
vt 1.234662 11.32684
vt 1.244068 11.32784
vt 1.253432 11.33202
vt 1.262654 11.33947
vt 1.271613 11.3503
vt 1.28017 11.36456
vt 1.19739 11.77346
vt 1.189546 11.75554
vt 1.182506 11.73496
vt 1.176324 11.71213
vt 1.171037 11.68742
vt 1.166667 11.66116
vt 1.163238 11.63363
vt 1.166828 11.66091
vt 1.171626 11.6862
vt 1.177496 11.70897
vt 1.243931 11.33137
vt 1.234662 11.32824
vt 1.225309 11.32923
vt 1.216078 11.33438
vt 1.225287 11.32866
vt 1.234662 11.32601
vt 1.244119 11.32652
vt 1.253564 11.33034
vt 1.262882 11.3376
vt 1.271934 11.3484
vt 1.189154 11.7573
vt 1.182079 11.73644
vt 1.17591 11.71325
vt 1.170687 11.68814
vt 1.166431 11.66152
vt 1.163153 11.63372
vt 1.160863 11.60503
vt 1.163323 11.63354
vt 1.167065 11.66055
vt 1.171976 11.68548
vt 1.234662 11.32957
vt 1.234662 11.32898
vt 1.225341 11.33005
vt 1.216099 11.33466
vt 1.207142 11.34336
vt 1.216056 11.33411
vt 1.225255 11.32784
vt 1.234662 11.32468
vt 1.244185 11.32481
vt 1.253718 11.32839
vt 1.263126 11.33559
vt 1.18162 11.73804
vt 1.175427 11.71455
vt 1.170232 11.68909
vt 1.166056 11.6621
vt 1.162904 11.63398
vt 1.160775 11.60509
vt 1.159665 11.57571
vt 1.160951 11.60498
vt 1.163572 11.63328
vt 1.16744 11.65997
vt 1.225392 11.33137
vt 1.216163 11.33547
vt 1.207174 11.34362
vt 1.198628 11.35574
vt 1.207109 11.34309
vt 1.215992 11.3333
vt 1.225204 11.32652
vt 1.234662 11.32296
vt 1.244263 11.32282
vt 1.253882 11.3263
vt 1.17491 11.71594
vt 1.169701 11.69018
vt 1.165566 11.66285
vt 1.162509 11.6344
vt 1.160518 11.60525
vt 1.159575 11.57573
vt 1.159664 11.54614
vt 1.159754 11.57569
vt 1.161208 11.60482
vt 1.163967 11.63286
vt 1.216264 11.33675
vt 1.207268 11.3444
vt 1.19867 11.35599
vt 1.19067 11.37136
vt 1.198586 11.35549
vt 1.207015 11.34232
vt 1.215891 11.33202
vt 1.225138 11.32481
vt 1.234662 11.32095
vt 1.244346 11.32068
vt 1.169132 11.69136
vt 1.164996 11.66372
vt 1.161993 11.63495
vt 1.160108 11.6055
vt 1.159313 11.57578
vt 1.159575 11.54612
vt 1.160863 11.51682
vt 1.159754 11.54616
vt 1.160016 11.57564
vt 1.161618 11.60456
vt 1.207418 11.34564
vt 1.198794 11.35673
vt 1.190721 11.37159
vt 1.183391 11.38997
vt 1.190618 11.37112
vt 1.198462 11.35476
vt 1.206865 11.34108
vt 1.215759 11.33034
vt 1.22506 11.32282
vt 1.234662 11.31879
vt 1.164384 11.66466
vt 1.161392 11.63559
vt 1.159575 11.60583
vt 1.158897 11.57587
vt 1.159313 11.54607
vt 1.160775 11.51676
vt 1.163238 11.48822
vt 1.16095 11.51687
vt 1.160015 11.54621
vt 1.160432 11.57555
vt 1.198991 11.35789
vt 1.190873 11.37227
vt 1.183452 11.39018
vt 1.17691 11.41131
vt 1.183331 11.38976
vt 1.190467 11.37044
vt 1.198265 11.35359
vt 1.206669 11.33947
vt 1.215606 11.32839
vt 1.224977 11.32067
vt 1.160747 11.63627
vt 1.158953 11.60622
vt 1.158354 11.57598
vt 1.158897 11.54599
vt 1.160518 11.5166
vt 1.163153 11.48813
vt 1.166748 11.46082
vt 1.163323 11.48831
vt 1.161208 11.51703
vt 1.160432 11.5463
vt 1.191114 11.37335
vt 1.183629 11.39079
vt 1.176978 11.41149
vt 1.171331 11.43504
vt 1.176842 11.41112
vt 1.183154 11.38915
vt 1.190226 11.36936
vt 1.198009 11.35207
vt 1.206442 11.3376
vt 1.215441 11.3263
vt 1.158286 11.60664
vt 1.157723 11.57611
vt 1.158354 11.54587
vt 1.160108 11.51635
vt 1.162904 11.48787
vt 1.166667 11.46069
vt 1.166828 11.46094
vt 1.163571 11.48858
vt 1.161617 11.51729
vt 1.18391 11.39177
vt 1.177178 11.41203
vt 1.171406 11.4352
vt 1.171256 11.43489
vt 1.176642 11.41058
vt 1.182872 11.38817
vt 1.189912 11.36795
vt 1.19771 11.3503
vt 1.206197 11.33558
vt 1.157044 11.57625
vt 1.157722 11.54574
vt 1.159574 11.51602
vt 1.162508 11.48745
vt 1.166431 11.46033
vt 1.167064 11.4613
vt 1.163967 11.489
vt 1.177496 11.41289
vt 1.171626 11.43565
vt 1.171036 11.43443
vt 1.176324 11.40973
vt 1.182506 11.38689
vt 1.189546 11.36631
vt 1.197389 11.3484
vt 1.157044 11.54561
vt 1.158953 11.51563
vt 1.161992 11.4869
vt 1.166055 11.45976
vt 1.16744 11.46188
vt 1.171975 11.43638
vt 1.170687 11.43371
vt 1.175909 11.40861
vt 1.182078 11.38541
vt 1.189153 11.36455
vt 1.158286 11.51522
vt 1.161392 11.48627
vt 1.165566 11.459
vt 1.170231 11.43277
vt 1.175427 11.40731
vt 1.18162 11.38382
vt 1.160747 11.48558
vt 1.164995 11.45813
vt 1.169701 11.43167
vt 1.174909 11.40591
vt 1.164384 11.45719
vt 1.169131 11.43049
vn -0.8378209051841216 -0.5110987031624872 0.19192250118754436
vn -0.9004053816071403 -0.407283491680294 0.15293889687586967
vn -0.762149358573594 -0.6060790670567491 0.22758848762949402
vn -0.830624576700466 -0.4607321870761767 0.3127117912282404
vn -0.8699282082847873 -0.30280890288380974 0.38927070370723116
vn -0.8926711614891939 -0.35780748456379546 0.27406568817650767
vn -0.8094616794844934 -0.4031090897833495 0.42693658917945015
vn -0.9486000318844587 -0.29627740995851204 0.11125500373951654
vn -0.8088662330928053 -0.40181541643930585 0.4292782175628797
vn -0.8692846091585826 -0.3015819031773977 0.39165370412637324
vn -0.7358128728852004 -0.4935207818136954 0.46369888291263606
vn -0.7556033268062564 -0.554898119685913 0.3480685123482962
vn -0.6748765109384491 -0.690830211197028 0.2594134042045918
vn -0.7363509884907827 -0.4948732922650961 0.4613974927883249
vn -0.7805773263522168 -0.17785490600436496 0.5992217202296686
vn -0.7263195214639514 -0.2678511079154465 0.6330211187068282
vn -0.9164920003266149 -0.19556090006969315 0.3489962001243735
vn -0.9404515232863794 -0.24775390613459744 0.23274220576289487
vn -0.9813520949942475 -0.17994989908209844 0.06757291965531907
vn -0.91581076326173 -0.19440789220121685 0.3514202859025752
vn -0.7241004162026268 -0.26488790592718897 0.6367990142491518
vn -0.7781786985059203 -0.17515109966371528 0.6031251988420178
vn -0.6587107101830452 -0.34699320536418726 0.6676046103205363
vn -0.6515585165087957 -0.5753514145779063 0.49441101252708713
vn -0.6690803850881454 -0.6389228857602683 0.37961689153944406
vn -0.5776070158499265 -0.7642114209704775 0.286968707874615
vn -0.6520319040250125 -0.5767543035603218 0.4921472030380394
vn -0.6607165197025108 -0.35018741044255913 0.6639446197987723
vn -0.630167699079533 -0.15276059977686735 0.7612836988880157
vn -0.6772379838780409 -0.07467344822236467 0.7319648825752422
vn -0.822360176354118 -0.08162364765301981 0.5630819838093203
vn -0.9481357773019539 -0.08317130800890742 0.30679159265551426
vn -0.9729220118317048 -0.13242500161042053 0.1894370023037434
vn -0.997919904084786 -0.060351280247035934 0.022662480092764326
vn -0.9474286773139682 -0.08209827803416961 0.30925519259493267
vn -0.8198212781441679 -0.07920432788847102 0.5671152848811238
vn -0.6336425181431642 -0.03685893105538648 0.772747422126172
vn -0.589619493006081 -0.10993689869595617 0.8001641905086524
vn -0.5363850833785502 -0.17680439452120247 0.8252461744273503
vn -0.5832922870420832 -0.4202606906638523 0.6950906845584667
vn -0.5576521206929677 -0.6462053239789386 0.5210017193329699
vn -0.57264650889846 -0.7116753110588545 0.40693270632340245
vn -0.47200918833134303 -0.8253234795969723 0.309916892338467
vn -0.5580545993384793 -0.6476501992322724 0.5187718993850451
vn -0.5850564833123815 -0.42365518791604523 0.6915382802751915
vn -0.5732538201507035 -0.22420350788107873 0.7881071277031089
vn -0.7134850852270639 0.008821302817351958 0.7006148854935454
vn -0.8507550295555971 0.019221760667772148 0.5252108182460505
vn -0.9641429745222859 0.03237899914437697 0.2634006930395722
vn -0.9893473845558752 -0.013853439783742068 0.1449131977378446
vn -0.997919904084786 0.060351280247035934 -0.022662480092764326
vn -0.9634227092059363 0.03336755031884186 0.26590090254080245
vn -0.8481197904619234 0.021336689760044412 0.5293746940465764
vn -0.6675404249324575 0.041271771541489526 0.743428827766869
vn -0.445933378837416 0.1036896950792157 0.8890398578089878
vn -0.41496410917871823 0.05225209115577981 0.9083361200917649
vn -0.3775112079722553 0.005181269109417473 0.9259905195550031
vn -0.4749822982045242 -0.23647829910609094 0.8476259967958975
vn -0.49923087820736695 -0.48370287888520175 0.7188880686188002
vn -0.4557041115105984 -0.7052137178129443 0.5431458137192822
vn -0.46795579773180423 -0.7722638962568139 0.4296810979173227
vn -0.3597733953856076 -0.8734858887968187 0.3280022957930982
vn -0.4560310024526876 -0.7066923038008281 0.5409452029093844
vn -0.5007309229779066 -0.4872658223600104 0.7154303328301899
vn -0.507613496621218 -0.28795309808332387 0.8120415945948805
vn -0.6465888736792234 0.14588329406150977 0.7487595695201475
vn -0.8651188159358609 0.12290390226394267 0.48627570895740785
vn -0.9641429660418152 0.1489960947521922 0.21960989226509597
vn -0.9893473950237792 0.10581219946778564 0.09997754949713282
vn -0.9813520949942475 0.17994989908209844 -0.06757291965531907
vn -0.9634227082019161 0.14989750127612383 0.22214280189117055
vn -0.8624344985222229 0.12470069978632588 0.49056749915941505
vn -0.6905750065611498 0.12313990116995142 0.7127010067713687
vn -0.46977782026842124 0.15867910684616163 0.8684064374671318
vn -0.22814809182286913 0.2368703915102501 0.9443732661524069
vn -0.21231839718104337 0.21054499720458864 0.9542492873304086
vn -0.1931703083689367 0.18644920807775062 0.9632870417335788
vn -0.3343070970331742 -0.03683006967314983 0.9417442916424409
vn -0.40653840061296853 -0.28815330043447057 0.8670030013072455
vn -0.40796779696979474 -0.5365407960148112 0.7387057945132183
vn -0.34734649926920563 -0.7517188984184325 0.56059709882054
vn -0.3566838968623553 -0.8200138927865759 0.44760899606251336
vn -0.24258479114935708 -0.9082089668642326 0.3410411875572009
vn -0.34759438887461436 -0.7532231758917332 0.5584200821267573
vn -0.4091862954330432 -0.5402401939703415 0.735327891792954
vn -0.434453302072364 -0.34315100163684764 0.8327651039723312
vn -0.657503206774992 0.22468460231517698 0.7191706074104203
vn -0.8651188072148097 0.2275436018976396 0.44698250372768894
vn -0.9481357865953086 0.26454679625985195 0.17622009750861004
vn -0.9729220153841143 0.22438320354800984 0.05545205087682335
vn -0.9486000318844587 0.29627740995851204 -0.11125500373951654
vn -0.9474286662084128 0.2653605905354821 0.17878109362348102
vn -0.8624345056010033 0.22901570148732175 0.45139620293155214
vn -0.7022267046046059 0.20730410135932398 0.6811040044661012
vn -0.485979812710671 0.2162953056571452 0.846782122147358
vn -0.24033368946762504 0.2650081883862905 0.9338149590765269
vn -0.1172907983090221 0.2954916957399049 0.9481178863310131
vn -0.10914069769463526 0.28196659404405616 0.9531962798657593
vn -0.09928569144505577 0.2695917039237781 0.9578427139409429
vn -0.1710767065367436 0.1649384063022024 0.9713537371148734
vn -0.286143801240765 -0.07321382031746697 0.9553855041427034
vn -0.3322263970488446 -0.33119359705801915 0.8831400921550976
vn -0.3109637874743416 -0.5781843767106647 0.7543237696157485
vn -0.23420618977268667 -0.7852476657098136 0.5731784749704485
vn -0.2405016978344482 -0.8544396923063603 0.4605341958532072
vn -0.12211079618376845 -0.9291663709615028 0.3489108890957654
vn -0.2343727107805895 -0.7867699361895535 0.5710188262655131
vn -0.31188778721218924 -0.5819887761376926 0.7510093692076251
vn -0.3550281889016965 -0.3891206878359534 0.8500235734279701
vn -0.7505781171001173 0.2770588063121185 0.599892413667106
vn -0.8507550284694286 0.33122661108407464 0.40805001365487176
vn -0.9164920079179731 0.3769372032565244 0.13401770115783732
vn -0.9404515388897915 0.33971081404780806 0.012143550502163265
vn -0.9004053816071403 0.407283491680294 -0.15293889687586967
vn -0.915810779785634 0.37766469166394134 0.13660159698484153
vn -0.84811979230319 0.3323750969836477 0.4125767962558059
vn -0.7022267347661159 0.29224131446839713 0.6492092321413048
vn -0.49417502804279045 0.27552471563511177 0.824546646790282
vn -0.24861240329571918 0.2944858039038376 0.9227513122324115
vn -0.12356649867144143 0.3099526966674597 0.9426879898644357
vn -0.08791888245542434 0.2585486072208211 0.9619890268667118
vn -0.14644120005046657 0.1463046000504193 0.9783404003371557
vn -0.2338460112523137 -0.10352090498126838 0.9667468465183849
vn -0.2532356889448481 -0.3651171840605963 0.8958577608908062
vn -0.20967580529427113 -0.6082089153571508 0.7655834193308244
vn -0.11789350024667919 -0.8054844016853876 0.5807719012152012
vn -0.12106229660416208 -0.8752176754498515 0.4683352868630383
vn 0 -0.9361722540249108 0.3515416202868696
vn -0.11797710123710138 -0.8070173084623392 0.5786229060674077
vn -0.21029649608254325 -0.6120874885978784 0.7623150857994001
vn -0.2706093133732988 -0.4253497210204478 0.8636250426796682
vn -0.646588881309201 0.38301248892834416 0.6597152809297593
vn -0.8223601484581926 0.43207387291956767 0.37018367679856484
vn -0.8699282285497328 0.4841864158902681 0.09374642307661636
vn -0.8926711562974108 0.44976267798092456 -0.02918458857120714
vn -0.8378209051841216 0.5110987031624872 -0.19192250118754436
vn -0.8692846228962792 0.4848312127700762 0.09634801253773163
vn -0.8198212926618698 0.43290719612509526 0.3748124966450947
vn -0.6905750211088449 0.37640051150545517 0.6175992188781896
vn -0.49417501006755815 0.33529720683082714 0.8021015163407772
vn -0.2527995008083681 0.32478610103855693 0.9113761029142756
vn -0.12783109882469404 0.32510609701090604 0.9369979913850438
vn -0.07524908051857805 0.2489863017158856 0.9655793066542772
vn -0.11968499639330825 0.13077949605897674 0.9841606703424466
vn -0.17825099545539105 -0.12741039675160082 0.9757013751239473
vn -0.17075310392259244 -0.3895767089494753 0.90502672079055
vn -0.10554590201095237 -0.6263309119334018 0.7723792147160409
vn 0 -0.8122493551035194 0.5833103677579518
vn 0 -0.8821635493676953 0.47094317296993454
vn 0.12211079618376845 -0.9291663709615028 0.3489108890957654
vn 0 -0.8137858462775955 0.5811648616341644
vn -0.10585759727380221 -0.6302536837687969 0.7691387801920269
vn -0.1824645018308835 -0.451469604530132 0.8734311087641736
vn -0.625012569934768 0.4596577778888961 0.630931069650068
vn -0.7805773191454582 0.5283077129579645 0.33405090819336875
vn -0.8094616822511168 0.5844880871840619 0.05608440877024999
vn -0.8306245929431424 0.5526852953044715 -0.06783619942367404
vn -0.762149358573594 0.6060790670567491 -0.22758848762949402
vn -0.808866239617868 0.5850554286557252 0.058698822875039414
vn -0.7781787030642422 0.5288415020824244 0.33876920133397503
vn -0.6675403916216973 0.45825919424838646 0.586846092634492
vn -0.48597982201555223 0.39452291787242894 0.7798559353285432
vn -0.25279950223357206 0.355363203139758 0.8998941079508794
vn -0.12998830249967963 0.3406852065513883 0.9311480179060092
vn -0.0614934692597499 0.241022197098607 0.9685694883404908
vn -0.09123625747046352 0.11853949671347762 0.9887488725868157
vn -0.12019440401244506 -0.14463640482839163 0.9821576327873295
vn -0.08595380333831598 -0.4043403157039678 0.9105607353648045
vn 0 -0.632388993953729 0.7746509925935617
vn 0.12106229660416208 -0.8752176754498515 0.4683352868630383
vn 0.11789350024667919 -0.8054844016853876 0.5807719012152012
vn 0.24258479114935708 -0.9082089668642326 0.3410411875572009
vn 0.11797710123710138 -0.8070173084623392 0.5786229060674077
vn 0 -0.6363264755910706 0.7714198704090053
vn -0.09184796896792913 -0.46723449474981216 0.8793496901189845
vn -0.6772379920336089 0.5380013936714573 0.5018995940961252
vn -0.7263195227686285 0.618307219382664 0.30026010941253917
vn -0.7363509862906614 0.6762539874095438 0.02162797959733172
vn -0.7556033375372754 0.6468489321345147 -0.10319910512678139
vn -0.6748765109384491 0.690830211197028 -0.2594134042045918
vn -0.7358128627816818 0.6767505657691253 0.024250828773363448
vn -0.7241003980984401 0.6185629983755917 0.3050547991988958
vn -0.6336424984482698 0.5363765986864646 0.5574919986347552
vn -0.4697778009990835 0.45213170096155514 0.7582122016125014
vn -0.2486124067570951 0.3856616104819874 0.888513924149129
vn -0.12998830405734255 0.35640781112460507 0.9252440288797673
vn -0.0468722488390074 0.23474529418552412 0.9709261759508422
vn -0.06152323061808782 0.10971230110221493 0.9920575099666201
vn -0.06050421791274191 -0.1550342946516692 0.9860545659833572
vn 0 -0.4092758069699407 0.9124107155382952
vn 0.10554590201095237 -0.6263309119334018 0.7723792147160409
vn 0.2405016978344482 -0.8544396923063603 0.4605341958532072
vn 0.23420618977268667 -0.7852476657098136 0.5731784749704485
vn 0.3597733953856076 -0.8734858887968187 0.3280022957930982
vn 0.2343727107805895 -0.7867699361895535 0.5710188262655131
vn 0.10585759727380221 -0.6302536837687969 0.7691387801920269
vn 0 -0.3524352940233092 0.9358361841298422
vn 0 -0.5279422014494841 0.8492803023317288
vn -0.630167707476354 0.6160861073092887 0.4725744056066561
vn -0.660716490893642 0.7006470903432963 0.2693461962877227
vn -0.6520319076108072 0.7581367088493097 -0.0091171351064191
vn -0.669080382472416 0.7308712808537088 -0.1347538964699154
vn -0.5776070158499265 0.7642114209704775 -0.286968707874615
vn -0.6515585171173285 0.7585706199286819 -0.006489480170487302
vn -0.6587107266965615 0.7006513283963512 0.27420411111308307
vn -0.5896194654155352 0.6094382642530523 0.5300319689106737
vn -0.44593337106420267 0.5071108670945073 0.7375513521416477
vn -0.2403336957028889 0.415135592577471 0.8774406843115627
vn -0.1278310927865773 0.3719867790090357 0.9193938481192229
vn -0.03160505057436361 0.23021970418381904 0.9726253176756744
vn -0.03097082950586834 0.10438339833458936 0.9940547841401102
vn 0 -0.15851049869438572 0.9873572918673652
vn 0.08595380333831598 -0.4043403157039678 0.9105607353648045
vn 0.20967580529427113 -0.6082089153571508 0.7655834193308244
vn 0.3566838968623553 -0.8200138927865759 0.44760899606251336
vn 0.34734649926920563 -0.7517188984184325 0.56059709882054
vn 0.47200918833134303 -0.8253234795969723 0.309916892338467
vn 0.34759438887461436 -0.7532231758917332 0.5584200821267573
vn 0.21029649608254325 -0.6120874885978784 0.7623150857994001
vn 0.08046184710904482 -0.34781798750306847 0.9341030664381292
vn -0.5732538123841915 0.687526314852858 0.44574390962955307
vn -0.5850565239377344 0.774118631673258 0.24176270989178208
vn -0.5726465190560014 0.803621426742171 -0.16207580539340866
vn -0.5580546118641108 0.8290343176250761 -0.03573724075976521
vn -0.47200918833134303 0.8253234795969723 -0.309916892338467
vn -0.5576520846969809 0.8294142772393168 -0.033107539091466846
vn -0.5832922814107057 0.7739013753360692 0.24667139213868047
vn -0.5363851114526509 0.6762877144397876 0.5049019107804361
vn -0.41496410700697817 0.5585359094312949 0.7182217121277089
vn -0.22814810611601083 0.4432684118827827 0.8668688232383219
vn -0.12356650230489773 0.38714000722135916 0.913703417043397
vn -0.015909299506521063 0.2274881929437097 0.9736508697990349
vn 0 0.10260180095576174 0.994722509266094
vn 0.06050421791274191 -0.1550342946516692 0.9860545659833572
vn 0.17075310392259244 -0.3895767089494753 0.90502672079055
vn 0.3109637874743416 -0.5781843767106647 0.7543237696157485
vn 0.46795579773180423 -0.7722638962568139 0.4296810979173227
vn 0.4557041115105984 -0.7052137178129443 0.5431458137192822
vn 0.5776070158499265 -0.7642114209704775 0.286968707874615
vn 0.4560310024526876 -0.7066923038008281 0.5409452029093844
vn 0.31188778721218924 -0.5819887761376926 0.7510093692076251
vn 0.1824645018308835 -0.451469604530132 0.8734311087641736
vn -0.5076135044808745 0.7512732066317401 0.42180220372338956
vn -0.500730907671155 0.8377330128339986 0.21788060333791254
vn -0.46795581329506 0.8642079245529511 -0.1848297052511837
vn -0.4560310126985398 0.8880780247292264 -0.057906281612445445
vn -0.3597733953856076 0.8734858887968187 -0.3280022957930982
vn -0.45570412281341754 0.8884133444756663 -0.055276412767242454
vn -0.4992308887030092 0.837326581052313 0.22282889495765199
vn -0.47498230051807744 0.735943000802715 0.4824725005262474
vn -0.3775112176204648 0.6055928282662517 0.7005302326974876
vn -0.21231840044438136 0.46958760098284436 0.8569763017936474
vn -0.1172908002815161 0.40160080096390394 0.9082729021799959
vn 0 0.22657500472808884 0.973993720324965
vn 0.03097082950586834 0.10438339833458936 0.9940547841401102
vn 0.12019440401244506 -0.14463640482839163 0.9821576327873295
vn 0.2532356889448481 -0.3651171840605963 0.8958577608908062
vn 0.40796779696979474 -0.5365407960148112 0.7387057945132183
vn 0.57264650889846 -0.7116753110588545 0.40693270632340245
vn 0.5576521206929677 -0.6462053239789386 0.5210017193329699
vn 0.6748765109384491 -0.690830211197028 0.2594134042045918
vn 0.5580545993384793 -0.6476501992322724 0.5187718993850451
vn 0.4091862954330432 -0.5402401939703415 0.735327891792954
vn 0.2706093133732988 -0.4253497210204478 0.8636250426796682
vn -0.4344533126781169 0.8064686235341822 0.40107191170398865
vn -0.4091862940654198 0.8907107870816918 0.19799209712844754
vn -0.3566838883116582 0.9119561701156801 -0.20276229335558701
vn -0.34759439099620165 0.9346102757906263 -0.07537752804748248
vn -0.24258479114935708 0.9082089668642326 -0.3410411875572009
vn -0.34734650778074766 0.9349107209425005 -0.0727485216296056
vn -0.40796779845754305 0.8901490966344975 0.20297009923260473
vn -0.4065384253696532 0.7875999491494439 0.463047328896039
vn -0.3343070913471197 0.6475897832384144 0.6847380822769041
vn -0.19317030117146777 0.49367640299386584 0.8479203051421534
vn -0.10914070018934327 0.41512560072018245 0.9031938015669104
vn 0.015909299506521063 0.2274881929437097 0.9736508697990349
vn 0.06152323061808782 0.10971230110221493 0.9920575099666201
vn 0.17825099545539105 -0.12741039675160082 0.9757013751239473
vn 0.3322263970488446 -0.33119359705801915 0.8831400921550976
vn 0.49923087820736695 -0.48370287888520175 0.7188880686188002
vn 0.6690803850881454 -0.6389228857602683 0.37961689153944406
vn 0.6515585165087957 -0.5753514145779063 0.49441101252708713
vn 0.762149358573594 -0.6060790670567491 0.22758848762949402
vn 0.6520319040250125 -0.5767543035603218 0.4921472030380394
vn 0.5007309229779066 -0.4872658223600104 0.7154303328301899
vn 0.3550281889016965 -0.3891206878359534 0.8500235734279701
vn -0.35502820831194004 0.8524359199572769 0.3838072089857158
vn -0.3118878037188909 0.9324623111185034 0.18231850217393136
vn -0.2405017101924327 0.9463806401074942 -0.215691009140958
vn -0.23437269973232175 0.9681580988942617 -0.08797347989952484
vn -0.12211079618376845 0.9291663709615028 -0.3489108890957654
vn -0.23420619297446899 0.9684335709497003 -0.08534563743986927
vn -0.3109637939680301 0.9317797819256527 0.18731779636647328
vn -0.332226408836284 0.8306238220922473 0.4468665118853871
vn -0.2861437814471975 0.6839595556538796 0.671059656490275
vn -0.17107669733872324 0.5151801919858336 0.8398345869354957
vn -0.09928569161830136 0.4275003069680162 0.8985465146458069
vn 0.03160505057436361 0.23021970418381904 0.9726253176756744
vn 0.09123625747046352 0.11853949671347762 0.9887488725868157
vn 0.2338460112523137 -0.10352090498126838 0.9667468465183849
vn 0.40653840061296853 -0.28815330043447057 0.8670030013072455
vn 0.5832922870420832 -0.4202606906638523 0.6950906845584667
vn 0.7556033268062564 -0.554898119685913 0.3480685123482962
vn 0.7358128728852004 -0.4935207818136954 0.46369888291263606
vn 0.8378209051841216 -0.5110987031624872 0.19192250118754436
vn 0.7363509884907827 -0.4948732922650961 0.4613974927883249
vn 0.5850564833123815 -0.42365518791604523 0.6915382802751915
vn 0.434453302072364 -0.34315100163684764 0.8327651039723312
vn -0.2706092923108278 0.8886630747492654 0.3702006894810087
vn -0.21029650760682647 0.9625632348177512 0.17101870618607357
vn -0.12106230044099245 0.9671578035230561 -0.22349430081412028
vn -0.11797710283084338 0.9884061237166608 -0.0955758222933277
vn 0 0.9361722540249108 -0.3515416202868696
vn -0.11789349863432184 0.9886665885472873 -0.09294890892327971
vn -0.20967581031958313 0.9617945473364989 0.1760321086637463
vn -0.25323570245007315 0.8645336083644231 0.43411210420006513
vn -0.23384600352237914 0.7142539107586745 0.6596646099364063
vn -0.14644120626939053 0.5338070228531624 0.8328295356548117
vn -0.08791888092183762 0.43854300459816387 0.8943994093778608
vn 0.0468722488390074 0.23474529418552412 0.9709261759508422
vn 0.11968499639330825 0.13077949605897674 0.9841606703424466
vn 0.286143801240765 -0.07321382031746697 0.9553855041427034
vn 0.4749822982045242 -0.23647829910609094 0.8476259967958975
vn 0.6587107101830452 -0.34699320536418726 0.6676046103205363
vn 0.830624576700466 -0.4607321870761767 0.3127117912282404
vn 0.8088662330928053 -0.40181541643930585 0.4292782175628797
vn 0.9004053816071403 -0.407283491680294 0.15293889687586967
vn 0.8094616794844934 -0.4031090897833495 0.42693658917945015
vn 0.6607165197025108 -0.35018741044255913 0.6639446197987723
vn 0.507613496621218 -0.28795309808332387 0.8120415945948805
vn -0.18246449861079378 0.914781493035247 0.3603907972561397
vn -0.10585760282491126 0.9807308261717391 0.16419870438179954
vn 0 0.9741034217809674 -0.2261029050556642
vn 0 0.9951748659211359 -0.0981172066400647
vn 0.12211079618376845 0.9291663709615028 -0.3489108890957654
vn 0 0.9954303266797666 -0.09549065255936356
vn -0.10554589994168061 0.9799104994585505 0.1692201999064976
vn -0.17075310348199219 0.8889827181281089 0.42491540866486255
vn -0.1782510005333805 0.7381328022087148 0.6506816019470347
vn -0.11968500425917708 0.5493258195486137 0.8269925294298159
vn -0.07524908216661916 0.4481050129021226 0.8908083256487167
vn 0.0614934692597499 0.241022197098607 0.9685694883404908
vn 0.14644120005046657 0.1463046000504193 0.9783404003371557
vn 0.3343070970331742 -0.03683006967314983 0.9417442916424409
vn 0.5363850833785502 -0.17680439452120247 0.8252461744273503
vn 0.7241004162026268 -0.26488790592718897 0.6367990142491518
vn 0.8926711614891939 -0.35780748456379546 0.27406568817650767
vn 0.8692846091585826 -0.3015819031773977 0.39165370412637324
vn 0.9486000318844587 -0.29627740995851204 0.11125500373951654
vn 0.8699282082847873 -0.30280890288380974 0.38927070370723116
vn 0.7263195214639514 -0.2678511079154465 0.6330211187068282
vn 0.5732538201507035 -0.22420350788107873 0.7881071277031089
vn -0.09184796989049332 0.9305455988905473 0.35446979957737995
vn 0 0.9868040854099783 0.16191879760601058
vn 0.11797710283084338 0.9884061237166608 -0.0955758222933277
vn 0.12106230044099245 0.9671578035230561 -0.22349430081412028
vn 0.24258479114935708 0.9082089668642326 -0.3410411875572009
vn 0.11789349863432184 0.9886665885472873 -0.09294890892327971
vn 0 0.985966566390387 0.16694289430925344
vn -0.08595380299947446 0.9037398315372263 0.4193641146342795
vn -0.12019439768282872 0.7553506854379491 0.6442038875806964
vn -0.09123626495617859 0.5615605305053507 0.8223902446742635
vn -0.061493469257693556 0.4560688944946529 0.8878173892828853
vn 0.07524908051857805 0.2489863017158856 0.9655793066542772
vn 0.1710767065367436 0.1649384063022024 0.9713537371148734
vn 0.3775112079722553 0.005181269109417473 0.9259905195550031
vn 0.589619493006081 -0.10993689869595617 0.8001641905086524
vn 0.7781786985059203 -0.17515109966371528 0.6031251988420178
vn 0.9404515232863794 -0.24775390613459744 0.23274220576289487
vn 0.91581076326173 -0.19440789220121685 0.3514202859025752
vn 0.9813520949942475 -0.17994989908209844 0.06757291965531907
vn 0.9164920003266149 -0.19556090006969315 0.3489962001243735
vn 0.7805773263522168 -0.17785490600436496 0.5992217202296686
vn 0.630167699079533 -0.15276059977686735 0.7612836988880157
vn 0 0.9358153927626799 0.35249049727394277
vn 0 0.956456687577837 0.29187429620922734
vn 0.10585760282491126 0.9807308261717391 0.16419870438179954
vn 0.23437269973232175 0.9681580988942617 -0.08797347989952484
vn 0.2405017101924327 0.9463806401074942 -0.215691009140958
vn 0.3597733953856076 0.8734858887968187 -0.3280022957930982
vn 0.23420619297446899 0.9684335709497003 -0.08534563743986927
vn 0.10554589994168061 0.9799104994585505 0.1692201999064976
vn 0 0.9086731076180882 0.4175083035002855
vn -0.06050422254784107 0.7657436322455687 0.6402936269628523
vn -0.06152323226531982 0.570383821001851 0.8190709301586498
vn -0.04687225098707518 0.4623455097364594 0.8854601186467621
vn 0.08791888245542434 0.2585486072208211 0.9619890268667118
vn 0.1931703083689367 0.18644920807775062 0.9632870417335788
vn 0.41496410917871823 0.05225209115577981 0.9083361200917649
vn 0.6336425181431642 -0.03685893105538648 0.772747422126172
vn 0.8198212781441679 -0.07920432788847102 0.5671152848811238
vn 0.9729220118317048 -0.13242500161042053 0.1894370023037434
vn 0.9474286773139682 -0.08209827803416961 0.30925519259493267
vn 0.997919904084786 -0.060351280247035934 0.022662480092764326
vn 0.9481357773019539 -0.08317130800890742 0.30679159265551426
vn 0.822360176354118 -0.08162364765301981 0.5630819838093203
vn 0.6772379838780409 -0.07467344822236467 0.7319648825752422
vn 0.09184796989049332 0.9305455988905473 0.35446979957737995
vn 0.21029650760682647 0.9625632348177512 0.17101870618607357
vn 0.34759439099620165 0.9346102757906263 -0.07537752804748248
vn 0.3566838883116582 0.9119561701156801 -0.20276229335558701
vn 0.47200918833134303 0.8253234795969723 -0.309916892338467
vn 0.34734650778074766 0.9349107209425005 -0.0727485216296056
vn 0.20967581031958313 0.9617945473364989 0.1760321086637463
vn 0.08595380299947446 0.9037398315372263 0.4193641146342795
vn 0 0.7692181088632002 0.6389863073626242
vn -0.03097083140632465 0.5757102261418707 0.81706703710141
vn -0.03160505098271859 0.46687091451675294 0.8837605274794018
vn 0.09928569144505577 0.2695917039237781 0.9578427139409429
vn 0.21231839718104337 0.21054499720458864 0.9542492873304086
vn 0.445933378837416 0.1036896950792157 0.8890398578089878
vn 0.6675404249324575 0.041271771541489526 0.743428827766869
vn 0.8481197904619234 0.021336689760044412 0.5293746940465764
vn 0.9893473845558752 -0.013853439783742068 0.1449131977378446
vn 0.9634227092059363 0.03336755031884186 0.26590090254080245
vn 0.997919904084786 0.060351280247035934 -0.022662480092764326
vn 0.9641429745222859 0.03237899914437697 0.2634006930395722
vn 0.8507550295555971 0.019221760667772148 0.5252108182460505
vn 0.7134850852270639 0.008821302817351958 0.7006148854935454
vn 0.18246449861079378 0.914781493035247 0.3603907972561397
vn 0.3118878037188909 0.9324623111185034 0.18231850217393136
vn 0.4560310126985398 0.8880780247292264 -0.057906281612445445
vn 0.46795581329506 0.8642079245529511 -0.1848297052511837
vn 0.5776070158499265 0.7642114209704775 -0.286968707874615
vn 0.45570412281341754 0.8884133444756663 -0.055276412767242454
vn 0.3109637939680301 0.9317797819256527 0.18731779636647328
vn 0.17075310348199219 0.8889827181281089 0.42491540866486255
vn 0.06050422254784107 0.7657436322455687 0.6402936269628523
vn 0 0.5774909769091938 0.8163970673566048
vn -0.01590929943922632 0.4696023834473754 0.882734668885219
vn 0.10914069769463526 0.28196659404405616 0.9531962798657593
vn 0.22814809182286913 0.2368703915102501 0.9443732661524069
vn 0.46977782026842124 0.15867910684616163 0.8684064374671318
vn 0.6905750065611498 0.12313990116995142 0.7127010067713687
vn 0.8624344985222229 0.12470069978632588 0.49056749915941505
vn 0.9893473950237792 0.10581219946778564 0.09997754949713282
vn 0.9634227082019161 0.14989750127612383 0.22214280189117055
vn 0.9813520949942475 0.17994989908209844 -0.06757291965531907
vn 0.9641429660418152 0.1489960947521922 0.21960989226509597
vn 0.8651188159358609 0.12290390226394267 0.48627570895740785
vn 0.738117621592775 0.09631751281765698 0.6677614195345859
vn 0.2706092923108278 0.8886630747492654 0.3702006894810087
vn 0.4091862940654198 0.8907107870816918 0.19799209712844754
vn 0.5580546118641108 0.8290343176250761 -0.03573724075976521
vn 0.5726465190560014 0.803621426742171 -0.16207580539340866
vn 0.6748765109384491 0.690830211197028 -0.2594134042045918
vn 0.5576520846969809 0.8294142772393168 -0.033107539091466846
vn 0.40796779845754305 0.8901490966344975 0.20297009923260473
vn 0.25323570245007315 0.8645336083644231 0.43411210420006513
vn 0.12019439768282872 0.7553506854379491 0.6442038875806964
vn 0.03097083140632465 0.5757102261418707 0.81706703710141
vn 0 0.47051551224066335 0.8823917229558006
vn 0.1172907983090221 0.2954916957399049 0.9481178863310131
vn 0.24033368946762504 0.2650081883862905 0.9338149590765269
vn 0.485979812710671 0.2162953056571452 0.846782122147358
vn 0.7022267046046059 0.20730410135932398 0.6811040044661012
vn 0.8624345056010033 0.22901570148732175 0.45139620293155214
vn 0.9729220153841143 0.22438320354800984 0.05545205087682335
vn 0.9474286662084128 0.2653605905354821 0.17878109362348102
vn 0.9486000318844587 0.29627740995851204 -0.11125500373951654
vn 0.9481357865953086 0.26454679625985195 0.17622009750861004
vn 0.8651188072148097 0.2275436018976396 0.44698250372768894
vn 0.7505780807959385 0.18627329523406821 0.6339832837790973
vn 0.35502820831194004 0.8524359199572769 0.3838072089857158
vn 0.500730907671155 0.8377330128339986 0.21788060333791254
vn 0.6520319076108072 0.7581367088493097 -0.0091171351064191
vn 0.669080382472416 0.7308712808537088 -0.1347538964699154
vn 0.762149358573594 0.6060790670567491 -0.22758848762949402
vn 0.6515585171173285 0.7585706199286819 -0.006489480170487302
vn 0.4992308887030092 0.837326581052313 0.22282889495765199
vn 0.332226408836284 0.8306238220922473 0.4468665118853871
vn 0.1782510005333805 0.7381328022087148 0.6506816019470347
vn 0.06152323226531982 0.570383821001851 0.8190709301586498
vn 0.01590929943922632 0.4696023834473754 0.882734668885219
vn 0.12356649867144143 0.3099526966674597 0.9426879898644357
vn 0.24861240329571918 0.2944858039038376 0.9227513122324115
vn 0.49417502804279045 0.27552471563511177 0.824546646790282
vn 0.7022267347661159 0.29224131446839713 0.6492092321413048
vn 0.84811979230319 0.3323750969836477 0.4125767962558059
vn 0.9404515388897915 0.33971081404780806 0.012143550502163265
vn 0.915810779785634 0.37766469166394134 0.13660159698484153
vn 0.9004053816071403 0.407283491680294 -0.15293889687586967
vn 0.9164920079179731 0.3769372032565244 0.13401770115783732
vn 0.8507550284694286 0.33122661108407464 0.40805001365487176
vn 0.7505781171001173 0.2770588063121185 0.599892413667106
vn 0.38059021251778546 0.767983225259318 0.515124116942667
vn 0.5850565239377344 0.774118631673258 0.24176270989178208
vn 0.7556033375372754 0.6468489321345147 -0.10319910512678139
vn 0.7363509862906614 0.6762539874095438 0.02162797959733172
vn 0.8378209051841216 0.5110987031624872 -0.19192250118754436
vn 0.7358128627816818 0.6767505657691253 0.024250828773363448
vn 0.5832922814107057 0.7739013753360692 0.24667139213868047
vn 0.4065384253696532 0.7875999491494439 0.463047328896039
vn 0.23384600352237914 0.7142539107586745 0.6596646099364063
vn 0.09123626495617859 0.5615605305053507 0.8223902446742635
vn 0.03160505098271859 0.46687091451675294 0.8837605274794018
vn 0.12783109882469404 0.32510609701090604 0.9369979913850438
vn 0.2527995008083681 0.32478610103855693 0.9113761029142756
vn 0.49417501006755815 0.33529720683082714 0.8021015163407772
vn 0.6905750211088449 0.37640051150545517 0.6175992188781896
vn 0.8198212926618698 0.43290719612509526 0.3748124966450947
vn 0.8926711562974108 0.44976267798092456 -0.02918458857120714
vn 0.8692846228962792 0.4848312127700762 0.09634801253773163
vn 0.8699282285497328 0.4841864158902681 0.09374642307661636
vn 0.8223601484581926 0.43207387291956767 0.37018367679856484
vn 0.7381176256738499 0.3670139127657973 0.5661123196910116
vn 0.44467769170797516 0.7196292865808785 0.5332873900556463
vn 0.660716490893642 0.7006470903432963 0.2693461962877227
vn 0.8306245929431424 0.5526852953044715 -0.06783619942367404
vn 0.8094616822511168 0.5844880871840619 0.05608440877024999
vn 0.808866239617868 0.5850554286557252 0.058698822875039414
vn 0.6587107266965615 0.7006513283963512 0.27420411111308307
vn 0.47498230051807744 0.735943000802715 0.4824725005262474
vn 0.2861437814471975 0.6839595556538796 0.671059656490275
vn 0.11968500425917708 0.5493258195486137 0.8269925294298159
vn 0.04687225098707518 0.4623455097364594 0.8854601186467621
vn 0.12998830249967963 0.3406852065513883 0.9311480179060092
vn 0.25279950223357206 0.355363203139758 0.8998941079508794
vn 0.48597982201555223 0.39452291787242894 0.7798559353285432
vn 0.6675403916216973 0.45825919424838646 0.586846092634492
vn 0.7781787030642422 0.5288415020824244 0.33876920133397503
vn 0.7805773191454582 0.5283077129579645 0.33405090819336875
vn 0.7134851176869503 0.45450861126704806 0.5332550132191335
vn 0.5732538123841915 0.687526314852858 0.44574390962955307
vn 0.7263195227686285 0.618307219382664 0.30026010941253917
vn 0.7241003980984401 0.6185629983755917 0.3050547991988958
vn 0.5363851114526509 0.6762877144397876 0.5049019107804361
vn 0.3343070913471197 0.6475897832384144 0.6847380822769041
vn 0.14644120626939053 0.5338070228531624 0.8328295356548117
vn 0.061493469257693556 0.4560688944946529 0.8878173892828853
vn 0.12998830405734255 0.35640781112460507 0.9252440288797673
vn 0.2486124067570951 0.3856616104819874 0.888513924149129
vn 0.4697778009990835 0.45213170096155514 0.7582122016125014
vn 0.6336424984482698 0.5363765986864646 0.5574919986347552
vn 0.5932624252142943 0.5327978226444832 0.60346182564778
vn 0.5520313809467781 0.601201179249695 0.5777702800584067
vn 0.5896194654155352 0.6094382642530523 0.5300319689106737
vn 0.3775112176204648 0.6055928282662517 0.7005302326974876
vn 0.17107669733872324 0.5151801919858336 0.8398345869354957
vn 0.07524908216661916 0.4481050129021226 0.8908083256487167
vn 0.1278310927865773 0.3719867790090357 0.9193938481192229
vn 0.2403336957028889 0.415135592577471 0.8774406843115627
vn 0.44593337106420267 0.5071108670945073 0.7375513521416477
vn 0.41496410700697817 0.5585359094312949 0.7182217121277089
vn 0.19317030117146777 0.49367640299386584 0.8479203051421534
vn 0.08791888092183762 0.43854300459816387 0.8943994093778608
vn 0.12356650230489773 0.38714000722135916 0.913703417043397
vn 0.22814810611601083 0.4432684118827827 0.8668688232383219
vn 0.21231840044438136 0.46958760098284436 0.8569763017936474
vn 0.09928569161830136 0.4275003069680162 0.8985465146458069
vn 0.1172908002815161 0.40160080096390394 0.9082729021799959
vn 0.10914070018934327 0.41512560072018245 0.9031938015669104
vn 0.8094616794844934 0.4031090897833495 -0.42693658917945015
vn 0.830624576700466 0.4607321870761767 -0.3127117912282404
vn 0.8699282082847873 0.30280890288380974 -0.38927070370723116
vn 0.8926711614891939 0.35780748456379546 -0.27406568817650767
vn 0.8088662330928053 0.40181541643930585 -0.4292782175628797
vn 0.8692846091585826 0.3015819031773977 -0.39165370412637324
vn 0.7556033268062564 0.554898119685913 -0.3480685123482962
vn 0.7358128728852004 0.4935207818136954 -0.46369888291263606
vn 0.7363509884907827 0.4948732922650961 -0.4613974927883249
vn 0.7263195214639514 0.2678511079154465 -0.6330211187068282
vn 0.7805773263522168 0.17785490600436496 -0.5992217202296686
vn 0.9164920003266149 0.19556090006969315 -0.3489962001243735
vn 0.9404515232863794 0.24775390613459744 -0.23274220576289487
vn 0.91581076326173 0.19440789220121685 -0.3514202859025752
vn 0.7241004162026268 0.26488790592718897 -0.6367990142491518
vn 0.7781786985059203 0.17515109966371528 -0.6031251988420178
vn 0.6587107101830452 0.34699320536418726 -0.6676046103205363
vn 0.6690803850881454 0.6389228857602683 -0.37961689153944406
vn 0.6515585165087957 0.5753514145779063 -0.49441101252708713
vn 0.6520319040250125 0.5767543035603218 -0.4921472030380394
vn 0.6607165197025108 0.35018741044255913 -0.6639446197987723
vn 0.630167699079533 0.15276059977686735 -0.7612836988880157
vn 0.6772379838780409 0.07467344822236467 -0.7319648825752422
vn 0.822360176354118 0.08162364765301981 -0.5630819838093203
vn 0.9481357773019539 0.08317130800890742 -0.30679159265551426
vn 0.9729220118317048 0.13242500161042053 -0.1894370023037434
vn 0.9474286773139682 0.08209827803416961 -0.30925519259493267
vn 0.8198212781441679 0.07920432788847102 -0.5671152848811238
vn 0.589619493006081 0.10993689869595617 -0.8001641905086524
vn 0.6336425181431642 0.03685893105538648 -0.772747422126172
vn 0.5363850833785502 0.17680439452120247 -0.8252461744273503
vn 0.5832922870420832 0.4202606906638523 -0.6950906845584667
vn 0.5576521206929677 0.6462053239789386 -0.5210017193329699
vn 0.57264650889846 0.7116753110588545 -0.40693270632340245
vn 0.5580545993384793 0.6476501992322724 -0.5187718993850451
vn 0.5850564833123815 0.42365518791604523 -0.6915382802751915
vn 0.5732538201507035 0.22420350788107873 -0.7881071277031089
vn 0.7134850852270639 -0.008821302817351958 -0.7006148854935454
vn 0.8507550295555971 -0.019221760667772148 -0.5252108182460505
vn 0.9641429745222859 -0.03237899914437697 -0.2634006930395722
vn 0.9893473845558752 0.013853439783742068 -0.1449131977378446
vn 0.9634227092059363 -0.03336755031884186 -0.26590090254080245
vn 0.8481197904619234 -0.021336689760044412 -0.5293746940465764
vn 0.6675404249324575 -0.041271771541489526 -0.743428827766869
vn 0.41496410917871823 -0.05225209115577981 -0.9083361200917649
vn 0.445933378837416 -0.1036896950792157 -0.8890398578089878
vn 0.3775112079722553 -0.005181269109417473 -0.9259905195550031
vn 0.4749822982045242 0.23647829910609094 -0.8476259967958975
vn 0.49923087820736695 0.48370287888520175 -0.7188880686188002
vn 0.4557041115105984 0.7052137178129443 -0.5431458137192822
vn 0.46795579773180423 0.7722638962568139 -0.4296810979173227
vn 0.4560310024526876 0.7066923038008281 -0.5409452029093844
vn 0.5007309229779066 0.4872658223600104 -0.7154303328301899
vn 0.507613496621218 0.28795309808332387 -0.8120415945948805
vn 0.6465888736792234 -0.14588329406150977 -0.7487595695201475
vn 0.8651188159358609 -0.12290390226394267 -0.48627570895740785
vn 0.9641429660418152 -0.1489960947521922 -0.21960989226509597
vn 0.9893473950237792 -0.10581219946778564 -0.09997754949713282
vn 0.9634227082019161 -0.14989750127612383 -0.22214280189117055
vn 0.8624344985222229 -0.12470069978632588 -0.49056749915941505
vn 0.6905750065611498 -0.12313990116995142 -0.7127010067713687
vn 0.46977782026842124 -0.15867910684616163 -0.8684064374671318
vn 0.21231839718104337 -0.21054499720458864 -0.9542492873304086
vn 0.22814809182286913 -0.2368703915102501 -0.9443732661524069
vn 0.1931703083689367 -0.18644920807775062 -0.9632870417335788
vn 0.3343070970331742 0.03683006967314983 -0.9417442916424409
vn 0.40653840061296853 0.28815330043447057 -0.8670030013072455
vn 0.40796779696979474 0.5365407960148112 -0.7387057945132183
vn 0.34734649926920563 0.7517188984184325 -0.56059709882054
vn 0.3566838968623553 0.8200138927865759 -0.44760899606251336
vn 0.34759438887461436 0.7532231758917332 -0.5584200821267573
vn 0.4091862954330432 0.5402401939703415 -0.735327891792954
vn 0.434453302072364 0.34315100163684764 -0.8327651039723312
vn 0.657503206774992 -0.22468460231517698 -0.7191706074104203
vn 0.8651188072148097 -0.2275436018976396 -0.44698250372768894
vn 0.9481357865953086 -0.26454679625985195 -0.17622009750861004
vn 0.9729220153841143 -0.22438320354800984 -0.05545205087682335
vn 0.9474286662084128 -0.2653605905354821 -0.17878109362348102
vn 0.8624345056010033 -0.22901570148732175 -0.45139620293155214
vn 0.7022267046046059 -0.20730410135932398 -0.6811040044661012
vn 0.485979812710671 -0.2162953056571452 -0.846782122147358
vn 0.24033368946762504 -0.2650081883862905 -0.9338149590765269
vn 0.10914069769463526 -0.28196659404405616 -0.9531962798657593
vn 0.1172907983090221 -0.2954916957399049 -0.9481178863310131
vn 0.09928569144505577 -0.2695917039237781 -0.9578427139409429
vn 0.1710767065367436 -0.1649384063022024 -0.9713537371148734
vn 0.286143801240765 0.07321382031746697 -0.9553855041427034
vn 0.3322263970488446 0.33119359705801915 -0.8831400921550976
vn 0.3109637874743416 0.5781843767106647 -0.7543237696157485
vn 0.23420618977268667 0.7852476657098136 -0.5731784749704485
vn 0.2405016978344482 0.8544396923063603 -0.4605341958532072
vn 0.2343727107805895 0.7867699361895535 -0.5710188262655131
vn 0.31188778721218924 0.5819887761376926 -0.7510093692076251
vn 0.3550281889016965 0.3891206878359534 -0.8500235734279701
vn 0.7505781171001173 -0.2770588063121185 -0.599892413667106
vn 0.8507550284694286 -0.33122661108407464 -0.40805001365487176
vn 0.9164920079179731 -0.3769372032565244 -0.13401770115783732
vn 0.9404515388897915 -0.33971081404780806 -0.012143550502163265
vn 0.915810779785634 -0.37766469166394134 -0.13660159698484153
vn 0.84811979230319 -0.3323750969836477 -0.4125767962558059
vn 0.7022267347661159 -0.29224131446839713 -0.6492092321413048
vn 0.49417502804279045 -0.27552471563511177 -0.824546646790282
vn 0.24861240329571918 -0.2944858039038376 -0.9227513122324115
vn 0.12356649867144143 -0.3099526966674597 -0.9426879898644357
vn 0.08791888245542434 -0.2585486072208211 -0.9619890268667118
vn 0.14644120005046657 -0.1463046000504193 -0.9783404003371557
vn 0.2338460112523137 0.10352090498126838 -0.9667468465183849
vn 0.2532356889448481 0.3651171840605963 -0.8958577608908062
vn 0.20967580529427113 0.6082089153571508 -0.7655834193308244
vn 0.11789350024667919 0.8054844016853876 -0.5807719012152012
vn 0.12106229660416208 0.8752176754498515 -0.4683352868630383
vn 0.11797710123710138 0.8070173084623392 -0.5786229060674077
vn 0.21029649608254325 0.6120874885978784 -0.7623150857994001
vn 0.2706093133732988 0.4253497210204478 -0.8636250426796682
vn 0.646588881309201 -0.38301248892834416 -0.6597152809297593
vn 0.8223601484581926 -0.43207387291956767 -0.37018367679856484
vn 0.8699282285497328 -0.4841864158902681 -0.09374642307661636
vn 0.8926711562974108 -0.44976267798092456 0.02918458857120714
vn 0.8692846228962792 -0.4848312127700762 -0.09634801253773163
vn 0.8198212926618698 -0.43290719612509526 -0.3748124966450947
vn 0.6905750211088449 -0.37640051150545517 -0.6175992188781896
vn 0.49417501006755815 -0.33529720683082714 -0.8021015163407772
vn 0.2527995008083681 -0.32478610103855693 -0.9113761029142756
vn 0.12783109882469404 -0.32510609701090604 -0.9369979913850438
vn 0.07524908051857805 -0.2489863017158856 -0.9655793066542772
vn 0.11968499639330825 -0.13077949605897674 -0.9841606703424466
vn 0.17825099545539105 0.12741039675160082 -0.9757013751239473
vn 0.17075310392259244 0.3895767089494753 -0.90502672079055
vn 0.10554590201095237 0.6263309119334018 -0.7723792147160409
vn 0 0.8122493551035194 -0.5833103677579518
vn 0 0.8821635493676953 -0.47094317296993454
vn 0 0.8137858462775955 -0.5811648616341644
vn 0.10585759727380221 0.6302536837687969 -0.7691387801920269
vn 0.1824645018308835 0.451469604530132 -0.8734311087641736
vn 0.625012569934768 -0.4596577778888961 -0.630931069650068
vn 0.7805773191454582 -0.5283077129579645 -0.33405090819336875
vn 0.8094616822511168 -0.5844880871840619 -0.05608440877024999
vn 0.8306245929431424 -0.5526852953044715 0.06783619942367404
vn 0.808866239617868 -0.5850554286557252 -0.058698822875039414
vn 0.7781787030642422 -0.5288415020824244 -0.33876920133397503
vn 0.6675403916216973 -0.45825919424838646 -0.586846092634492
vn 0.48597982201555223 -0.39452291787242894 -0.7798559353285432
vn 0.25279950223357206 -0.355363203139758 -0.8998941079508794
vn 0.12998830249967963 -0.3406852065513883 -0.9311480179060092
vn 0.0614934692597499 -0.241022197098607 -0.9685694883404908
vn 0.09123625747046352 -0.11853949671347762 -0.9887488725868157
vn 0.12019440401244506 0.14463640482839163 -0.9821576327873295
vn 0.08595380333831598 0.4043403157039678 -0.9105607353648045
vn 0 0.632388993953729 -0.7746509925935617
vn -0.12106229660416208 0.8752176754498515 -0.4683352868630383
vn -0.11789350024667919 0.8054844016853876 -0.5807719012152012
vn -0.11797710123710138 0.8070173084623392 -0.5786229060674077
vn 0 0.6363264755910706 -0.7714198704090053
vn 0.09184796896792913 0.46723449474981216 -0.8793496901189845
vn 0.6772379920336089 -0.5380013936714573 -0.5018995940961252
vn 0.7263195227686285 -0.618307219382664 -0.30026010941253917
vn 0.7363509862906614 -0.6762539874095438 -0.02162797959733172
vn 0.7556033375372754 -0.6468489321345147 0.10319910512678139
vn 0.7358128627816818 -0.6767505657691253 -0.024250828773363448
vn 0.7241003980984401 -0.6185629983755917 -0.3050547991988958
vn 0.6336424984482698 -0.5363765986864646 -0.5574919986347552
vn 0.4697778009990835 -0.45213170096155514 -0.7582122016125014
vn 0.2486124067570951 -0.3856616104819874 -0.888513924149129
vn 0.12998830405734255 -0.35640781112460507 -0.9252440288797673
vn 0.0468722488390074 -0.23474529418552412 -0.9709261759508422
vn 0.06152323061808782 -0.10971230110221493 -0.9920575099666201
vn 0.06050421791274191 0.1550342946516692 -0.9860545659833572
vn 0 0.4092758069699407 -0.9124107155382952
vn -0.10554590201095237 0.6263309119334018 -0.7723792147160409
vn -0.2405016978344482 0.8544396923063603 -0.4605341958532072
vn -0.23420618977268667 0.7852476657098136 -0.5731784749704485
vn -0.2343727107805895 0.7867699361895535 -0.5710188262655131
vn -0.10585759727380221 0.6302536837687969 -0.7691387801920269
vn 0 0.5279422014494841 -0.8492803023317288
vn 0 0.3524352940233092 -0.9358361841298422
vn 0.630167707476354 -0.6160861073092887 -0.4725744056066561
vn 0.660716490893642 -0.7006470903432963 -0.2693461962877227
vn 0.6520319076108072 -0.7581367088493097 0.0091171351064191
vn 0.669080382472416 -0.7308712808537088 0.1347538964699154
vn 0.6515585171173285 -0.7585706199286819 0.006489480170487302
vn 0.6587107266965615 -0.7006513283963512 -0.27420411111308307
vn 0.5896194654155352 -0.6094382642530523 -0.5300319689106737
vn 0.44593337106420267 -0.5071108670945073 -0.7375513521416477
vn 0.2403336957028889 -0.415135592577471 -0.8774406843115627
vn 0.1278310927865773 -0.3719867790090357 -0.9193938481192229
vn 0.03160505057436361 -0.23021970418381904 -0.9726253176756744
vn 0.03097082950586834 -0.10438339833458936 -0.9940547841401102
vn 0 0.15851049869438572 -0.9873572918673652
vn -0.08595380333831598 0.4043403157039678 -0.9105607353648045
vn -0.20967580529427113 0.6082089153571508 -0.7655834193308244
vn -0.3566838968623553 0.8200138927865759 -0.44760899606251336
vn -0.34734649926920563 0.7517188984184325 -0.56059709882054
vn -0.34759438887461436 0.7532231758917332 -0.5584200821267573
vn -0.21029649608254325 0.6120874885978784 -0.7623150857994001
vn -0.08046184710904482 0.34781798750306847 -0.9341030664381292
vn 0.5732538123841915 -0.687526314852858 -0.44574390962955307
vn 0.5850565239377344 -0.774118631673258 -0.24176270989178208
vn 0.5726465190560014 -0.803621426742171 0.16207580539340866
vn 0.5580546118641108 -0.8290343176250761 0.03573724075976521
vn 0.5576520846969809 -0.8294142772393168 0.033107539091466846
vn 0.5832922814107057 -0.7739013753360692 -0.24667139213868047
vn 0.5363851114526509 -0.6762877144397876 -0.5049019107804361
vn 0.41496410700697817 -0.5585359094312949 -0.7182217121277089
vn 0.22814810611601083 -0.4432684118827827 -0.8668688232383219
vn 0.12356650230489773 -0.38714000722135916 -0.913703417043397
vn 0.015909299506521063 -0.2274881929437097 -0.9736508697990349
vn 0 -0.10260180095576174 -0.994722509266094
vn -0.06050421791274191 0.1550342946516692 -0.9860545659833572
vn -0.17075310392259244 0.3895767089494753 -0.90502672079055
vn -0.3109637874743416 0.5781843767106647 -0.7543237696157485
vn -0.46795579773180423 0.7722638962568139 -0.4296810979173227
vn -0.4557041115105984 0.7052137178129443 -0.5431458137192822
vn -0.4560310024526876 0.7066923038008281 -0.5409452029093844
vn -0.31188778721218924 0.5819887761376926 -0.7510093692076251
vn -0.1824645018308835 0.451469604530132 -0.8734311087641736
vn 0.5076135044808745 -0.7512732066317401 -0.42180220372338956
vn 0.500730907671155 -0.8377330128339986 -0.21788060333791254
vn 0.46795581329506 -0.8642079245529511 0.1848297052511837
vn 0.4560310126985398 -0.8880780247292264 0.057906281612445445
vn 0.45570412281341754 -0.8884133444756663 0.055276412767242454
vn 0.4992308887030092 -0.837326581052313 -0.22282889495765199
vn 0.47498230051807744 -0.735943000802715 -0.4824725005262474
vn 0.3775112176204648 -0.6055928282662517 -0.7005302326974876
vn 0.21231840044438136 -0.46958760098284436 -0.8569763017936474
vn 0.1172908002815161 -0.40160080096390394 -0.9082729021799959
vn 0 -0.22657500472808884 -0.973993720324965
vn -0.03097082950586834 -0.10438339833458936 -0.9940547841401102
vn -0.12019440401244506 0.14463640482839163 -0.9821576327873295
vn -0.2532356889448481 0.3651171840605963 -0.8958577608908062
vn -0.40796779696979474 0.5365407960148112 -0.7387057945132183
vn -0.57264650889846 0.7116753110588545 -0.40693270632340245
vn -0.5576521206929677 0.6462053239789386 -0.5210017193329699
vn -0.5580545993384793 0.6476501992322724 -0.5187718993850451
vn -0.4091862954330432 0.5402401939703415 -0.735327891792954
vn -0.2706093133732988 0.4253497210204478 -0.8636250426796682
vn 0.4344533126781169 -0.8064686235341822 -0.40107191170398865
vn 0.4091862940654198 -0.8907107870816918 -0.19799209712844754
vn 0.3566838883116582 -0.9119561701156801 0.20276229335558701
vn 0.34759439099620165 -0.9346102757906263 0.07537752804748248
vn 0.34734650778074766 -0.9349107209425005 0.0727485216296056
vn 0.40796779845754305 -0.8901490966344975 -0.20297009923260473
vn 0.4065384253696532 -0.7875999491494439 -0.463047328896039
vn 0.3343070913471197 -0.6475897832384144 -0.6847380822769041
vn 0.19317030117146777 -0.49367640299386584 -0.8479203051421534
vn 0.10914070018934327 -0.41512560072018245 -0.9031938015669104
vn -0.015909299506521063 -0.2274881929437097 -0.9736508697990349
vn -0.06152323061808782 -0.10971230110221493 -0.9920575099666201
vn -0.17825099545539105 0.12741039675160082 -0.9757013751239473
vn -0.3322263970488446 0.33119359705801915 -0.8831400921550976
vn -0.49923087820736695 0.48370287888520175 -0.7188880686188002
vn -0.6690803850881454 0.6389228857602683 -0.37961689153944406
vn -0.6515585165087957 0.5753514145779063 -0.49441101252708713
vn -0.6520319040250125 0.5767543035603218 -0.4921472030380394
vn -0.5007309229779066 0.4872658223600104 -0.7154303328301899
vn -0.3550281889016965 0.3891206878359534 -0.8500235734279701
vn 0.35502820831194004 -0.8524359199572769 -0.3838072089857158
vn 0.3118878037188909 -0.9324623111185034 -0.18231850217393136
vn 0.2405017101924327 -0.9463806401074942 0.215691009140958
vn 0.23437269973232175 -0.9681580988942617 0.08797347989952484
vn 0.23420619297446899 -0.9684335709497003 0.08534563743986927
vn 0.3109637939680301 -0.9317797819256527 -0.18731779636647328
vn 0.332226408836284 -0.8306238220922473 -0.4468665118853871
vn 0.2861437814471975 -0.6839595556538796 -0.671059656490275
vn 0.17107669733872324 -0.5151801919858336 -0.8398345869354957
vn 0.09928569161830136 -0.4275003069680162 -0.8985465146458069
vn -0.03160505057436361 -0.23021970418381904 -0.9726253176756744
vn -0.09123625747046352 -0.11853949671347762 -0.9887488725868157
vn -0.2338460112523137 0.10352090498126838 -0.9667468465183849
vn -0.40653840061296853 0.28815330043447057 -0.8670030013072455
vn -0.5832922870420832 0.4202606906638523 -0.6950906845584667
vn -0.7556033268062564 0.554898119685913 -0.3480685123482962
vn -0.7358128728852004 0.4935207818136954 -0.46369888291263606
vn -0.7363509884907827 0.4948732922650961 -0.4613974927883249
vn -0.5850564833123815 0.42365518791604523 -0.6915382802751915
vn -0.434453302072364 0.34315100163684764 -0.8327651039723312
vn 0.2706092923108278 -0.8886630747492654 -0.3702006894810087
vn 0.21029650760682647 -0.9625632348177512 -0.17101870618607357
vn 0.12106230044099245 -0.9671578035230561 0.22349430081412028
vn 0.11797710283084338 -0.9884061237166608 0.0955758222933277
vn 0.11789349863432184 -0.9886665885472873 0.09294890892327971
vn 0.20967581031958313 -0.9617945473364989 -0.1760321086637463
vn 0.25323570245007315 -0.8645336083644231 -0.43411210420006513
vn 0.23384600352237914 -0.7142539107586745 -0.6596646099364063
vn 0.14644120626939053 -0.5338070228531624 -0.8328295356548117
vn 0.08791888092183762 -0.43854300459816387 -0.8943994093778608
vn -0.0468722488390074 -0.23474529418552412 -0.9709261759508422
vn -0.11968499639330825 -0.13077949605897674 -0.9841606703424466
vn -0.286143801240765 0.07321382031746697 -0.9553855041427034
vn -0.4749822982045242 0.23647829910609094 -0.8476259967958975
vn -0.6587107101830452 0.34699320536418726 -0.6676046103205363
vn -0.830624576700466 0.4607321870761767 -0.3127117912282404
vn -0.8088662330928053 0.40181541643930585 -0.4292782175628797
vn -0.8094616794844934 0.4031090897833495 -0.42693658917945015
vn -0.6607165197025108 0.35018741044255913 -0.6639446197987723
vn -0.507613496621218 0.28795309808332387 -0.8120415945948805
vn 0.18246449861079378 -0.914781493035247 -0.3603907972561397
vn 0.10585760282491126 -0.9807308261717391 -0.16419870438179954
vn 0 -0.9741034217809674 0.2261029050556642
vn 0 -0.9951748659211359 0.0981172066400647
vn 0 -0.9954303266797666 0.09549065255936356
vn 0.10554589994168061 -0.9799104994585505 -0.1692201999064976
vn 0.17075310348199219 -0.8889827181281089 -0.42491540866486255
vn 0.1782510005333805 -0.7381328022087148 -0.6506816019470347
vn 0.11968500425917708 -0.5493258195486137 -0.8269925294298159
vn 0.07524908216661916 -0.4481050129021226 -0.8908083256487167
vn -0.0614934692597499 -0.241022197098607 -0.9685694883404908
vn -0.14644120005046657 -0.1463046000504193 -0.9783404003371557
vn -0.3343070970331742 0.03683006967314983 -0.9417442916424409
vn -0.5363850833785502 0.17680439452120247 -0.8252461744273503
vn -0.7241004162026268 0.26488790592718897 -0.6367990142491518
vn -0.8926711614891939 0.35780748456379546 -0.27406568817650767
vn -0.8692846091585826 0.3015819031773977 -0.39165370412637324
vn -0.8699282082847873 0.30280890288380974 -0.38927070370723116
vn -0.7263195214639514 0.2678511079154465 -0.6330211187068282
vn -0.5732538201507035 0.22420350788107873 -0.7881071277031089
vn 0.09184796989049332 -0.9305455988905473 -0.35446979957737995
vn 0 -0.9868040854099783 -0.16191879760601058
vn -0.11797710283084338 -0.9884061237166608 0.0955758222933277
vn -0.12106230044099245 -0.9671578035230561 0.22349430081412028
vn -0.11789349863432184 -0.9886665885472873 0.09294890892327971
vn 0 -0.985966566390387 -0.16694289430925344
vn 0.08595380299947446 -0.9037398315372263 -0.4193641146342795
vn 0.12019439768282872 -0.7553506854379491 -0.6442038875806964
vn 0.09123626495617859 -0.5615605305053507 -0.8223902446742635
vn 0.061493469257693556 -0.4560688944946529 -0.8878173892828853
vn -0.07524908051857805 -0.2489863017158856 -0.9655793066542772
vn -0.1710767065367436 -0.1649384063022024 -0.9713537371148734
vn -0.3775112079722553 -0.005181269109417473 -0.9259905195550031
vn -0.589619493006081 0.10993689869595617 -0.8001641905086524
vn -0.7781786985059203 0.17515109966371528 -0.6031251988420178
vn -0.9404515232863794 0.24775390613459744 -0.23274220576289487
vn -0.91581076326173 0.19440789220121685 -0.3514202859025752
vn -0.9164920003266149 0.19556090006969315 -0.3489962001243735
vn -0.7805773263522168 0.17785490600436496 -0.5992217202296686
vn -0.630167699079533 0.15276059977686735 -0.7612836988880157
vn 0 -0.9358153927626799 -0.35249049727394277
vn 0 -0.956456687577837 -0.29187429620922734
vn -0.10585760282491126 -0.9807308261717391 -0.16419870438179954
vn -0.23437269973232175 -0.9681580988942617 0.08797347989952484
vn -0.2405017101924327 -0.9463806401074942 0.215691009140958
vn -0.23420619297446899 -0.9684335709497003 0.08534563743986927
vn -0.10554589994168061 -0.9799104994585505 -0.1692201999064976
vn 0 -0.9086731076180882 -0.4175083035002855
vn 0.06050422254784107 -0.7657436322455687 -0.6402936269628523
vn 0.06152323226531982 -0.570383821001851 -0.8190709301586498
vn 0.04687225098707518 -0.4623455097364594 -0.8854601186467621
vn -0.08791888245542434 -0.2585486072208211 -0.9619890268667118
vn -0.1931703083689367 -0.18644920807775062 -0.9632870417335788
vn -0.41496410917871823 -0.05225209115577981 -0.9083361200917649
vn -0.6336425181431642 0.03685893105538648 -0.772747422126172
vn -0.8198212781441679 0.07920432788847102 -0.5671152848811238
vn -0.9729220118317048 0.13242500161042053 -0.1894370023037434
vn -0.9474286773139682 0.08209827803416961 -0.30925519259493267
vn -0.9481357773019539 0.08317130800890742 -0.30679159265551426
vn -0.822360176354118 0.08162364765301981 -0.5630819838093203
vn -0.6772379838780409 0.07467344822236467 -0.7319648825752422
vn -0.09184796989049332 -0.9305455988905473 -0.35446979957737995
vn -0.21029650760682647 -0.9625632348177512 -0.17101870618607357
vn -0.34759439099620165 -0.9346102757906263 0.07537752804748248
vn -0.3566838883116582 -0.9119561701156801 0.20276229335558701
vn -0.34734650778074766 -0.9349107209425005 0.0727485216296056
vn -0.20967581031958313 -0.9617945473364989 -0.1760321086637463
vn -0.08595380299947446 -0.9037398315372263 -0.4193641146342795
vn 0 -0.7692181088632002 -0.6389863073626242
vn 0.03097083140632465 -0.5757102261418707 -0.81706703710141
vn 0.03160505098271859 -0.46687091451675294 -0.8837605274794018
vn -0.09928569144505577 -0.2695917039237781 -0.9578427139409429
vn -0.21231839718104337 -0.21054499720458864 -0.9542492873304086
vn -0.445933378837416 -0.1036896950792157 -0.8890398578089878
vn -0.6675404249324575 -0.041271771541489526 -0.743428827766869
vn -0.8481197904619234 -0.021336689760044412 -0.5293746940465764
vn -0.9893473845558752 0.013853439783742068 -0.1449131977378446
vn -0.9634227092059363 -0.03336755031884186 -0.26590090254080245
vn -0.9641429745222859 -0.03237899914437697 -0.2634006930395722
vn -0.8507550295555971 -0.019221760667772148 -0.5252108182460505
vn -0.7134850852270639 -0.008821302817351958 -0.7006148854935454
vn -0.18246449861079378 -0.914781493035247 -0.3603907972561397
vn -0.3118878037188909 -0.9324623111185034 -0.18231850217393136
vn -0.4560310126985398 -0.8880780247292264 0.057906281612445445
vn -0.46795581329506 -0.8642079245529511 0.1848297052511837
vn -0.45570412281341754 -0.8884133444756663 0.055276412767242454
vn -0.3109637939680301 -0.9317797819256527 -0.18731779636647328
vn -0.17075310348199219 -0.8889827181281089 -0.42491540866486255
vn -0.06050422254784107 -0.7657436322455687 -0.6402936269628523
vn 0 -0.5774909769091938 -0.8163970673566048
vn 0.01590929943922632 -0.4696023834473754 -0.882734668885219
vn -0.10914069769463526 -0.28196659404405616 -0.9531962798657593
vn -0.22814809182286913 -0.2368703915102501 -0.9443732661524069
vn -0.46977782026842124 -0.15867910684616163 -0.8684064374671318
vn -0.6905750065611498 -0.12313990116995142 -0.7127010067713687
vn -0.8624344985222229 -0.12470069978632588 -0.49056749915941505
vn -0.9893473950237792 -0.10581219946778564 -0.09997754949713282
vn -0.9634227082019161 -0.14989750127612383 -0.22214280189117055
vn -0.9641429660418152 -0.1489960947521922 -0.21960989226509597
vn -0.8651188159358609 -0.12290390226394267 -0.48627570895740785
vn -0.738117621592775 -0.09631751281765698 -0.6677614195345859
vn -0.2706092923108278 -0.8886630747492654 -0.3702006894810087
vn -0.4091862940654198 -0.8907107870816918 -0.19799209712844754
vn -0.5580546118641108 -0.8290343176250761 0.03573724075976521
vn -0.5726465190560014 -0.803621426742171 0.16207580539340866
vn -0.5576520846969809 -0.8294142772393168 0.033107539091466846
vn -0.40796779845754305 -0.8901490966344975 -0.20297009923260473
vn -0.25323570245007315 -0.8645336083644231 -0.43411210420006513
vn -0.12019439768282872 -0.7553506854379491 -0.6442038875806964
vn -0.03097083140632465 -0.5757102261418707 -0.81706703710141
vn 0 -0.47051551224066335 -0.8823917229558006
vn -0.1172907983090221 -0.2954916957399049 -0.9481178863310131
vn -0.24033368946762504 -0.2650081883862905 -0.9338149590765269
vn -0.485979812710671 -0.2162953056571452 -0.846782122147358
vn -0.7022267046046059 -0.20730410135932398 -0.6811040044661012
vn -0.8624345056010033 -0.22901570148732175 -0.45139620293155214
vn -0.9729220153841143 -0.22438320354800984 -0.05545205087682335
vn -0.9474286662084128 -0.2653605905354821 -0.17878109362348102
vn -0.9481357865953086 -0.26454679625985195 -0.17622009750861004
vn -0.8651188072148097 -0.2275436018976396 -0.44698250372768894
vn -0.7505780807959385 -0.18627329523406821 -0.6339832837790973
vn -0.35502820831194004 -0.8524359199572769 -0.3838072089857158
vn -0.500730907671155 -0.8377330128339986 -0.21788060333791254
vn -0.6520319076108072 -0.7581367088493097 0.0091171351064191
vn -0.669080382472416 -0.7308712808537088 0.1347538964699154
vn -0.6515585171173285 -0.7585706199286819 0.006489480170487302
vn -0.4992308887030092 -0.837326581052313 -0.22282889495765199
vn -0.332226408836284 -0.8306238220922473 -0.4468665118853871
vn -0.1782510005333805 -0.7381328022087148 -0.6506816019470347
vn -0.06152323226531982 -0.570383821001851 -0.8190709301586498
vn -0.01590929943922632 -0.4696023834473754 -0.882734668885219
vn -0.12356649867144143 -0.3099526966674597 -0.9426879898644357
vn -0.24861240329571918 -0.2944858039038376 -0.9227513122324115
vn -0.49417502804279045 -0.27552471563511177 -0.824546646790282
vn -0.7022267347661159 -0.29224131446839713 -0.6492092321413048
vn -0.84811979230319 -0.3323750969836477 -0.4125767962558059
vn -0.9404515388897915 -0.33971081404780806 -0.012143550502163265
vn -0.915810779785634 -0.37766469166394134 -0.13660159698484153
vn -0.9164920079179731 -0.3769372032565244 -0.13401770115783732
vn -0.8507550284694286 -0.33122661108407464 -0.40805001365487176
vn -0.7505781171001173 -0.2770588063121185 -0.599892413667106
vn -0.38059021251778546 -0.767983225259318 -0.515124116942667
vn -0.5850565239377344 -0.774118631673258 -0.24176270989178208
vn -0.7363509862906614 -0.6762539874095438 -0.02162797959733172
vn -0.7556033375372754 -0.6468489321345147 0.10319910512678139
vn -0.7358128627816818 -0.6767505657691253 -0.024250828773363448
vn -0.5832922814107057 -0.7739013753360692 -0.24667139213868047
vn -0.4065384253696532 -0.7875999491494439 -0.463047328896039
vn -0.23384600352237914 -0.7142539107586745 -0.6596646099364063
vn -0.09123626495617859 -0.5615605305053507 -0.8223902446742635
vn -0.03160505098271859 -0.46687091451675294 -0.8837605274794018
vn -0.12783109882469404 -0.32510609701090604 -0.9369979913850438
vn -0.2527995008083681 -0.32478610103855693 -0.9113761029142756
vn -0.49417501006755815 -0.33529720683082714 -0.8021015163407772
vn -0.6905750211088449 -0.37640051150545517 -0.6175992188781896
vn -0.8198212926618698 -0.43290719612509526 -0.3748124966450947
vn -0.8926711562974108 -0.44976267798092456 0.02918458857120714
vn -0.8692846228962792 -0.4848312127700762 -0.09634801253773163
vn -0.8699282285497328 -0.4841864158902681 -0.09374642307661636
vn -0.8223601484581926 -0.43207387291956767 -0.37018367679856484
vn -0.7381176256738499 -0.3670139127657973 -0.5661123196910116
vn -0.44467769170797516 -0.7196292865808785 -0.5332873900556463
vn -0.660716490893642 -0.7006470903432963 -0.2693461962877227
vn -0.8094616822511168 -0.5844880871840619 -0.05608440877024999
vn -0.8306245929431424 -0.5526852953044715 0.06783619942367404
vn -0.808866239617868 -0.5850554286557252 -0.058698822875039414
vn -0.6587107266965615 -0.7006513283963512 -0.27420411111308307
vn -0.47498230051807744 -0.735943000802715 -0.4824725005262474
vn -0.2861437814471975 -0.6839595556538796 -0.671059656490275
vn -0.11968500425917708 -0.5493258195486137 -0.8269925294298159
vn -0.04687225098707518 -0.4623455097364594 -0.8854601186467621
vn -0.12998830249967963 -0.3406852065513883 -0.9311480179060092
vn -0.25279950223357206 -0.355363203139758 -0.8998941079508794
vn -0.48597982201555223 -0.39452291787242894 -0.7798559353285432
vn -0.6675403916216973 -0.45825919424838646 -0.586846092634492
vn -0.7781787030642422 -0.5288415020824244 -0.33876920133397503
vn -0.7805773191454582 -0.5283077129579645 -0.33405090819336875
vn -0.7134851176869503 -0.45450861126704806 -0.5332550132191335
vn -0.5732538123841915 -0.687526314852858 -0.44574390962955307
vn -0.7263195227686285 -0.618307219382664 -0.30026010941253917
vn -0.7241003980984401 -0.6185629983755917 -0.3050547991988958
vn -0.5363851114526509 -0.6762877144397876 -0.5049019107804361
vn -0.3343070913471197 -0.6475897832384144 -0.6847380822769041
vn -0.14644120626939053 -0.5338070228531624 -0.8328295356548117
vn -0.061493469257693556 -0.4560688944946529 -0.8878173892828853
vn -0.12998830405734255 -0.35640781112460507 -0.9252440288797673
vn -0.2486124067570951 -0.3856616104819874 -0.888513924149129
vn -0.4697778009990835 -0.45213170096155514 -0.7582122016125014
vn -0.6336424984482698 -0.5363765986864646 -0.5574919986347552
vn -0.5932624252142943 -0.5327978226444832 -0.60346182564778
vn -0.5520313809467781 -0.601201179249695 -0.5777702800584067
vn -0.5896194654155352 -0.6094382642530523 -0.5300319689106737
vn -0.3775112176204648 -0.6055928282662517 -0.7005302326974876
vn -0.17107669733872324 -0.5151801919858336 -0.8398345869354957
vn -0.07524908216661916 -0.4481050129021226 -0.8908083256487167
vn -0.1278310927865773 -0.3719867790090357 -0.9193938481192229
vn -0.2403336957028889 -0.415135592577471 -0.8774406843115627
vn -0.44593337106420267 -0.5071108670945073 -0.7375513521416477
vn -0.41496410700697817 -0.5585359094312949 -0.7182217121277089
vn -0.19317030117146777 -0.49367640299386584 -0.8479203051421534
vn -0.08791888092183762 -0.43854300459816387 -0.8943994093778608
vn -0.12356650230489773 -0.38714000722135916 -0.913703417043397
vn -0.22814810611601083 -0.4432684118827827 -0.8668688232383219
vn -0.21231840044438136 -0.46958760098284436 -0.8569763017936474
vn -0.09928569161830136 -0.4275003069680162 -0.8985465146458069
vn -0.1172908002815161 -0.40160080096390394 -0.9082729021799959
vn -0.10914070018934327 -0.41512560072018245 -0.9031938015669104
usemtl material_0_0
f 5//490 6//490 7//482
f 8//482 7//482 6//490
f 11//468 12//468 5//490
f 6//490 5//490 12//468
f 17//553 18//554 19//555
f 20//556 19//555 18//554
f 7//482 8//482 23//460
f 24//460 23//460 8//482
f 29//554 30//557 31//556
f 32//558 31//556 30//557
f 35//559 36//560 29//554
f 30//557 29//554 36//560
f 39//446 40//446 11//468
f 12//468 11//468 40//446
f 43//561 44//559 17//553
f 18//554 17//553 44//559
f 47//562 17//553 48//563
f 19//555 48//563 17//553
f 19//555 20//556 51//564
f 52//565 51//564 20//556
f 23//460 24//460 55//438
f 56//438 55//438 24//460
f 31//556 32//558 59//565
f 60//566 59//565 32//558
f 30//557 63//567 32//558
f 64//568 32//558 63//567
f 36//560 66//569 30//557
f 63//567 30//557 66//569
f 69//570 70//571 35//559
f 36//560 35//559 70//571
f 40//446 39//446 73//424
f 74//424 73//424 39//446
f 77//572 78//570 43//561
f 44//559 43//561 78//570
f 80//573 43//561 47//562
f 17//553 47//562 43//561
f 47//562 48//563 83//574
f 84//575 83//574 48//563
f 48//563 19//555 86//576
f 51//564 86//576 19//555
f 51//564 52//565 89//577
f 90//578 89//577 52//565
f 55//438 56//438 93//416
f 94//416 93//416 56//438
f 59//565 60//566 97//578
f 98//579 97//578 60//566
f 32//558 64//568 60//566
f 100//580 60//566 64//568
f 103//581 104//582 63//567
f 64//568 63//567 104//582
f 106//583 103//581 66//569
f 63//567 66//569 103//581
f 70//571 108//584 36//560
f 66//569 36//560 108//584
f 70//571 69//570 111//585
f 112//586 111//585 69//570
f 73//424 74//424 115//402
f 116//402 115//402 74//424
f 78//570 77//572 119//586
f 120//587 119//586 77//572
f 122//588 77//572 80//573
f 43//561 80//573 77//572
f 80//573 47//562 124//589
f 83//574 124//589 47//562
f 84//575 48//563 126//590
f 86//576 126//590 48//563
f 86//576 51//564 128//591
f 89//577 128//591 51//564
f 89//577 90//578 131//592
f 132//593 131//592 90//578
f 93//416 94//416 135//394
f 136//394 135//394 94//416
f 97//578 98//579 139//593
f 140//594 139//593 98//579
f 60//566 100//580 98//579
f 142//595 98//579 100//580
f 64//568 104//582 100//580
f 144//596 100//580 104//582
f 147//597 148//598 103//581
f 104//582 103//581 148//598
f 150//599 147//597 106//583
f 103//581 106//583 147//597
f 152//600 106//583 108//584
f 66//569 108//584 106//583
f 154//601 108//584 111//585
f 70//571 111//585 108//584
f 111//585 112//586 157//602
f 158//603 157//602 112//586
f 116//402 161//380 115//402
f 162//380 115//402 161//380
f 119//586 120//587 165//603
f 166//604 165//603 120//587
f 120//587 77//572 168//605
f 122//588 168//605 77//572
f 122//588 80//573 170//606
f 124//589 170//606 80//573
f 126//590 86//576 172//607
f 128//591 172//607 86//576
f 128//591 89//577 174//608
f 131//592 174//608 89//577
f 131//592 132//593 177//609
f 178//610 177//609 132//593
f 135//394 136//394 181//371
f 182//371 181//371 136//394
f 139//593 140//594 185//610
f 186//611 185//610 140//594
f 98//579 142//595 140//594
f 188//612 140//594 142//595
f 100//580 144//596 142//595
f 190//613 142//595 144//596
f 148//598 192//614 104//582
f 144//596 104//582 192//614
f 195//615 196//616 147//597
f 148//598 147//597 196//616
f 198//617 195//615 150//599
f 147//597 150//599 195//615
f 200//618 150//599 152//600
f 106//583 152//600 150//599
f 202//619 152//600 154//601
f 108//584 154//601 152//600
f 204//620 154//601 157//602
f 111//585 157//602 154//601
f 157//602 158//603 207//621
f 208//622 207//621 158//603
f 162//380 161//380 211//357
f 212//357 211//357 161//380
f 165//603 166//604 215//622
f 216//623 215//622 166//604
f 166//604 120//587 218//624
f 168//605 218//624 120//587
f 168//605 122//588 220//625
f 170//606 220//625 122//588
f 172//607 128//591 222//626
f 174//608 222//626 128//591
f 174//608 131//592 224//627
f 177//609 224//627 131//592
f 177//609 178//610 227//628
f 228//629 227//628 178//610
f 181//371 182//371 231//349
f 232//349 231//349 182//371
f 185//610 186//611 235//629
f 236//630 235//629 186//611
f 140//594 188//612 186//611
f 238//631 186//611 188//612
f 142//595 190//613 188//612
f 240//632 188//612 190//613
f 192//614 242//633 144//596
f 190//613 144//596 242//633
f 196//616 244//634 148//598
f 192//614 148//598 244//634
f 247//635 248//636 195//615
f 196//616 195//615 248//636
f 250//637 247//635 198//617
f 195//615 198//617 247//635
f 252//638 198//617 200//618
f 150//599 200//618 198//617
f 254//639 200//618 202//619
f 152//600 202//619 200//618
f 256//640 202//619 204//620
f 154//601 204//620 202//619
f 258//641 204//620 207//621
f 157//602 207//621 204//620
f 207//621 208//622 261//642
f 262//643 261//642 208//622
f 211//357 212//357 265//335
f 266//335 265//335 212//357
f 215//622 216//623 269//643
f 270//644 269//643 216//623
f 216//623 166//604 272//645
f 218//624 272//645 166//604
f 218//624 168//605 274//646
f 220//625 274//646 168//605
f 222//626 174//608 276//647
f 224//627 276//647 174//608
f 224//627 177//609 278//648
f 227//628 278//648 177//609
f 227//628 228//629 281//649
f 282//650 281//649 228//629
f 231//349 232//349 285//327
f 286//327 285//327 232//349
f 235//629 236//630 289//650
f 290//651 289//650 236//630
f 186//611 238//631 236//630
f 292//652 236//630 238//631
f 188//612 240//632 238//631
f 294//653 238//631 240//632
f 242//633 296//654 190//613
f 240//632 190//613 296//654
f 244//634 298//655 192//614
f 242//633 192//614 298//655
f 248//636 300//656 196//616
f 244//634 196//616 300//656
f 302//657 250//637 252//638
f 198//617 252//638 250//637
f 304//658 252//638 254//639
f 200//618 254//639 252//638
f 306//659 254//639 256//640
f 202//619 256//640 254//639
f 308//660 256//640 258//641
f 204//620 258//641 256//640
f 258//641 207//621 310//661
f 261//642 310//661 207//621
f 261//642 262//643 313//662
f 314//663 313//662 262//643
f 266//335 317//313 265//335
f 318//313 265//335 317//313
f 269//643 270//644 321//663
f 322//664 321//663 270//644
f 216//623 272//645 270//644
f 324//665 270//644 272//645
f 272//645 218//624 326//666
f 274//646 326//666 218//624
f 276//647 224//627 328//667
f 278//648 328//667 224//627
f 278//648 227//628 330//668
f 281//649 330//668 227//628
f 281//649 282//650 333//669
f 334//670 333//669 282//650
f 285//327 286//327 337//305
f 338//305 337//305 286//327
f 289//650 290//651 341//670
f 342//671 341//670 290//651
f 236//630 292//652 290//651
f 344//672 290//651 292//652
f 238//631 294//653 292//652
f 346//673 292//652 294//653
f 296//654 348//674 240//632
f 294//653 240//632 348//674
f 298//655 350//675 242//633
f 296//654 242//633 350//675
f 300//656 352//676 244//634
f 298//655 244//634 352//676
f 354//677 302//657 304//658
f 252//638 304//658 302//657
f 356//678 304//658 306//659
f 254//639 306//659 304//658
f 358//679 306//659 308//660
f 256//640 308//660 306//659
f 360//680 308//660 310//661
f 258//641 310//661 308//660
f 310//661 261//642 362//681
f 313//662 362//681 261//642
f 313//662 314//663 365//682
f 366//683 365//682 314//663
f 317//313 369//291 318//313
f 370//291 318//313 369//291
f 321//663 322//664 373//683
f 374//684 373//683 322//664
f 270//644 324//665 322//664
f 376//685 322//664 324//665
f 324//665 272//645 378//686
f 326//666 378//686 272//645
f 328//667 278//648 380//687
f 330//668 380//687 278//648
f 330//668 281//649 382//688
f 333//669 382//688 281//649
f 333//669 334//670 385//689
f 386//690 385//689 334//670
f 337//305 338//305 389//283
f 390//283 389//283 338//305
f 341//670 342//671 393//690
f 394//691 393//690 342//671
f 290//651 344//672 342//671
f 396//692 342//671 344//672
f 292//652 346//673 344//672
f 398//693 344//672 346//673
f 348//674 400//694 294//653
f 346//673 294//653 400//694
f 350//675 402//695 296//654
f 348//674 296//654 402//695
f 352//676 404//696 298//655
f 350//675 298//655 404//696
f 406//697 354//677 356//678
f 304//658 356//678 354//677
f 408//698 356//678 358//679
f 306//659 358//679 356//678
f 410//699 358//679 360//680
f 308//660 360//680 358//679
f 412//700 360//680 362//681
f 310//661 362//681 360//680
f 362//681 313//662 414//701
f 365//682 414//701 313//662
f 366//683 417//702 365//682
f 418//703 365//682 417//702
f 370//291 369//291 421//269
f 422//269 421//269 369//291
f 374//684 425//704 373//683
f 426//702 373//683 425//704
f 322//664 376//685 374//684
f 428//705 374//684 376//685
f 376//685 324//665 430//706
f 378//686 430//706 324//665
f 380//687 330//668 432//707
f 382//688 432//707 330//668
f 382//688 333//669 434//708
f 385//689 434//708 333//669
f 385//689 386//690 437//709
f 438//710 437//709 386//690
f 389//283 390//283 441//261
f 442//261 441//261 390//283
f 393//690 394//691 445//710
f 446//711 445//710 394//691
f 342//671 396//692 394//691
f 448//712 394//691 396//692
f 344//672 398//693 396//692
f 450//713 396//692 398//693
f 346//673 400//694 398//693
f 452//714 398//693 400//694
f 348//674 402//695 400//694
f 454//715 400//694 402//695
f 350//675 404//696 402//695
f 456//716 402//695 404//696
f 458//717 406//697 408//698
f 356//678 408//698 406//697
f 460//718 408//698 410//699
f 358//679 410//699 408//698
f 462//719 410//699 412//700
f 360//680 412//700 410//699
f 464//720 412//700 414//701
f 362//681 414//701 412//700
f 365//682 418//703 414//701
f 466//721 414//701 418//703
f 417//702 469//722 418//703
f 470//723 418//703 469//722
f 421//269 422//269 473//247
f 474//247 473//247 422//269
f 425//704 477//724 426//702
f 478//722 426//702 477//724
f 428//705 480//725 374//684
f 425//704 374//684 480//725
f 428//705 376//685 483//726
f 483//726 376//685 484//727
f 430//706 484//727 376//685
f 432//707 382//688 486//728
f 434//708 486//728 382//688
f 434//708 385//689 488//729
f 437//709 488//729 385//689
f 437//709 438//710 491//730
f 492//731 491//730 438//710
f 441//261 442//261 495//239
f 496//239 495//239 442//261
f 445//710 446//711 499//731
f 500//732 499//731 446//711
f 394//691 448//712 446//711
f 502//733 446//711 448//712
f 396//692 450//713 448//712
f 504//734 448//712 450//713
f 398//693 452//714 450//713
f 506//735 450//713 452//714
f 400//694 454//715 452//714
f 508//736 452//714 454//715
f 402//695 456//716 454//715
f 510//737 454//715 456//716
f 512//738 458//717 460//718
f 408//698 460//718 458//717
f 514//739 460//718 462//719
f 410//699 462//719 460//718
f 516//740 462//719 464//720
f 412//700 464//720 462//719
f 464//720 414//701 518//741
f 466//721 518//741 414//701
f 418//703 470//723 466//721
f 520//742 466//721 470//723
f 469//722 523//743 470//723
f 524//744 470//723 523//743
f 473//247 474//247 527//225
f 528//225 527//225 474//247
f 477//724 531//745 478//722
f 532//743 478//722 531//745
f 480//725 534//746 425//704
f 477//724 425//704 534//746
f 428//705 483//726 480//725
f 483//726 484//727 480//725
f 536//747 480//725 484//727
f 434//708 488//729 486//728
f 538//748 486//728 488//729
f 437//709 491//730 488//729
f 540//749 488//729 491//730
f 492//731 543//750 491//730
f 544//751 491//730 543//750
f 495//239 496//239 547//217
f 548//217 547//217 496//239
f 500//732 551//752 499//731
f 552//750 499//731 551//752
f 502//733 554//753 446//711
f 500//732 446//711 554//753
f 504//734 556//754 448//712
f 502//733 448//712 556//754
f 450//713 506//735 504//734
f 558//755 504//734 506//735
f 452//714 508//736 506//735
f 560//756 506//735 508//736
f 454//715 510//737 508//736
f 562//757 508//736 510//737
f 564//758 512//738 514//739
f 460//718 514//739 512//738
f 566//759 514//739 516//740
f 462//719 516//740 514//739
f 516//740 464//720 568//760
f 518//741 568//760 464//720
f 518//741 466//721 570//761
f 520//742 570//761 466//721
f 470//723 524//744 520//742
f 572//762 520//742 524//744
f 523//743 575//763 524//744
f 576//764 524//744 575//763
f 528//225 579//203 527//225
f 580//203 527//225 579//203
f 531//745 583//765 532//743
f 584//763 532//743 583//765
f 534//746 586//766 477//724
f 531//745 477//724 586//766
f 480//725 536//747 534//746
f 588//767 534//746 536//747
f 488//729 540//749 538//748
f 590//768 538//748 540//749
f 491//730 544//751 540//749
f 592//769 540//749 544//751
f 543//750 595//770 544//751
f 596//771 544//751 595//770
f 548//217 599//194 547//217
f 600//194 547//217 599//194
f 551//752 603//772 552//750
f 604//770 552//750 603//772
f 554//753 606//773 500//732
f 551//752 500//732 606//773
f 556//754 608//774 502//733
f 554//753 502//733 608//774
f 558//755 610//775 504//734
f 556//754 504//734 610//775
f 506//735 560//756 558//755
f 612//776 558//755 560//756
f 508//736 562//757 560//756
f 614//777 560//756 562//757
f 616//778 564//758 566//759
f 514//739 566//759 564//758
f 566//759 516//740 618//779
f 568//760 618//779 516//740
f 568//760 518//741 620//780
f 570//761 620//780 518//741
f 570//761 520//742 622//781
f 572//762 622//781 520//742
f 572//762 524//744 624//782
f 576//764 624//782 524//744
f 575//763 627//783 576//764
f 628//784 576//764 627//783
f 579//203 631//180 580//203
f 632//180 580//203 631//180
f 583//765 635//785 584//763
f 636//783 584//763 635//785
f 531//745 586//766 583//765
f 638//786 583//765 586//766
f 534//746 588//767 586//766
f 640//787 586//766 588//767
f 540//749 592//769 590//768
f 642//788 590//768 592//769
f 544//751 596//771 592//769
f 644//789 592//769 596//771
f 595//770 647//790 596//771
f 648//791 596//771 647//790
f 600//194 599//194 651//172
f 652//172 651//172 599//194
f 603//772 655//792 604//770
f 656//790 604//770 655//792
f 606//773 658//793 551//752
f 603//772 551//752 658//793
f 608//774 660//794 554//753
f 606//773 554//753 660//794
f 610//775 662//795 556//754
f 608//774 556//754 662//795
f 558//755 612//776 610//775
f 664//796 610//775 612//776
f 560//756 614//777 612//776
f 666//797 612//776 614//777
f 616//778 566//759 668//798
f 618//779 668//798 566//759
f 618//779 568//760 670//799
f 620//780 670//799 568//760
f 620//780 570//761 672//800
f 622//781 672//800 570//761
f 622//781 572//762 674//801
f 624//782 674//801 572//762
f 624//782 576//764 676//802
f 628//784 676//802 576//764
f 627//783 679//803 628//784
f 680//804 628//784 679//803
f 631//180 683//158 632//180
f 684//158 632//180 683//158
f 635//785 687//805 636//783
f 688//803 636//783 687//805
f 583//765 638//786 635//785
f 690//806 635//785 638//786
f 586//766 640//787 638//786
f 692//807 638//786 640//787
f 592//769 644//789 642//788
f 694//808 642//788 644//789
f 596//771 648//791 644//789
f 696//809 644//789 648//791
f 647//790 699//810 648//791
f 700//811 648//791 699//810
f 652//172 703//150 651//172
f 704//150 651//172 703//150
f 655//792 707//812 656//790
f 708//810 656//790 707//812
f 658//793 710//813 603//772
f 655//792 603//772 710//813
f 660//794 712//814 606//773
f 658//793 606//773 712//814
f 662//795 714//815 608//774
f 660//794 608//774 714//815
f 610//775 664//796 662//795
f 716//816 662//795 664//796
f 612//776 666//797 664//796
f 718//817 664//796 666//797
f 668//798 618//779 720//818
f 670//799 720//818 618//779
f 670//799 620//780 722//819
f 672//800 722//819 620//780
f 672//800 622//781 724//820
f 674//801 724//820 622//781
f 674//801 624//782 726//821
f 676//802 726//821 624//782
f 676//802 628//784 728//822
f 680//804 728//822 628//784
f 679//803 731//823 680//804
f 732//824 680//804 731//823
f 683//158 735//136 684//158
f 736//136 684//158 735//136
f 687//805 739//825 688//803
f 740//823 688//803 739//825
f 635//785 690//806 687//805
f 742//826 687//805 690//806
f 638//786 692//807 690//806
f 744//827 690//806 692//807
f 644//789 696//809 694//808
f 746//828 694//808 696//809
f 648//791 700//811 696//809
f 748//829 696//809 700//811
f 699//810 751//830 700//811
f 752//831 700//811 751//830
f 704//150 703//150 755//128
f 756//128 755//128 703//150
f 707//812 759//832 708//810
f 760//830 708//810 759//832
f 710//813 762//833 655//792
f 707//812 655//792 762//833
f 712//814 764//834 658//793
f 710//813 658//793 764//834
f 714//815 766//835 660//794
f 712//814 660//794 766//835
f 662//795 716//816 714//815
f 768//836 714//815 716//816
f 664//796 718//817 716//816
f 770//837 716//816 718//817
f 720//818 670//799 772//838
f 722//819 772//838 670//799
f 722//819 672//800 774//839
f 724//820 774//839 672//800
f 724//820 674//801 776//840
f 726//821 776//840 674//801
f 726//821 676//802 778//841
f 728//822 778//841 676//802
f 680//804 732//824 728//822
f 780//842 728//822 732//824
f 731//823 783//843 732//824
f 784//844 732//824 783//843
f 735//136 787//114 736//136
f 788//114 736//136 787//114
f 739//825 791//845 740//823
f 792//843 740//823 791//845
f 742//826 794//846 687//805
f 739//825 687//805 794//846
f 690//806 744//827 742//826
f 796//847 742//826 744//827
f 696//809 748//829 746//828
f 798//848 746//828 748//829
f 700//811 752//831 748//829
f 800//849 748//829 752//831
f 751//830 803//850 752//831
f 804//851 752//831 803//850
f 755//128 756//128 807//106
f 808//106 807//106 756//128
f 760//830 759//832 811//850
f 812//852 811//850 759//832
f 762//833 814//853 707//812
f 759//832 707//812 814//853
f 764//834 816//854 710//813
f 762//833 710//813 816//854
f 766//835 818//855 712//814
f 764//834 712//814 818//855
f 714//815 768//836 766//835
f 820//856 766//835 768//836
f 716//816 770//837 768//836
f 822//857 768//836 770//837
f 772//838 722//819 824//858
f 774//839 824//858 722//819
f 774//839 724//820 826//859
f 776//840 826//859 724//820
f 776//840 726//821 828//860
f 778//841 828//860 726//821
f 778//841 728//822 830//861
f 780//842 830//861 728//822
f 732//824 784//844 780//842
f 832//862 780//842 784//844
f 783//843 835//863 784//844
f 836//864 784//844 835//863
f 787//114 839//91 788//114
f 840//91 788//114 839//91
f 791//845 843//865 792//843
f 844//863 792//843 843//865
f 794//846 846//866 739//825
f 791//845 739//825 846//866
f 742//826 796//847 794//846
f 848//867 794//846 796//847
f 748//829 800//849 798//848
f 850//868 798//848 800//849
f 752//831 804//851 800//849
f 852//869 800//849 804//851
f 804//851 803//850 855//870
f 856//871 855//870 803//850
f 808//106 859//83 807//106
f 860//83 807//106 859//83
f 811//850 812//852 863//871
f 864//872 863//871 812//852
f 759//832 814//853 812//852
f 866//873 812//852 814//853
f 816//854 868//874 762//833
f 814//853 762//833 868//874
f 818//855 870//875 764//834
f 816//854 764//834 870//875
f 766//835 820//856 818//855
f 872//876 818//855 820//856
f 768//836 822//857 820//856
f 874//877 820//856 822//857
f 824//858 774//839 876//878
f 826//859 876//878 774//839
f 826//859 776//840 878//879
f 828//860 878//879 776//840
f 828//860 778//841 880//880
f 830//861 880//880 778//841
f 830//861 780//842 882//881
f 832//862 882//881 780//842
f 784//844 836//864 832//862
f 884//882 832//862 836//864
f 835//863 887//883 836//864
f 888//884 836//864 887//883
f 839//91 891//70 840//91
f 892//70 840//91 891//70
f 843//865 895//885 844//863
f 896//883 844//863 895//885
f 846//866 898//886 791//845
f 843//865 791//845 898//886
f 794//846 848//867 846//866
f 900//887 846//866 848//867
f 800//849 852//869 850//868
f 850//868 852//869 903//888
f 904//889 903//888 852//869
f 852//869 804//851 906//890
f 855//870 906//890 804//851
f 855//870 856//871 909//891
f 910//892 909//891 856//871
f 860//83 859//83 913//62
f 914//62 913//62 859//83
f 863//871 864//872 917//892
f 918//893 917//892 864//872
f 812//852 866//873 864//872
f 920//894 864//872 866//873
f 814//853 868//874 866//873
f 922//895 866//873 868//874
f 870//875 924//896 816//854
f 868//874 816//854 924//896
f 818//855 872//876 870//875
f 926//897 870//875 872//876
f 820//856 874//877 872//876
f 928//898 872//876 874//877
f 876//878 826//859 930//899
f 878//879 930//899 826//859
f 878//879 828//860 932//900
f 880//880 932//900 828//860
f 880//880 830//861 934//901
f 882//881 934//901 830//861
f 882//881 832//862 936//902
f 884//882 936//902 832//862
f 836//864 888//884 884//882
f 938//903 884//882 888//884
f 887//883 941//904 888//884
f 942//905 888//884 941//904
f 891//70 945//51 892//70
f 946//51 892//70 945//51
f 895//885 949//906 896//883
f 950//904 896//883 949//906
f 898//886 952//907 843//865
f 895//885 843//865 952//907
f 846//866 900//887 898//886
f 954//908 898//886 900//887
f 904//889 956//909 903//888
f 904//889 852//869 956//909
f 906//890 956//909 852//869
f 906//890 855//870 958//910
f 909//891 958//910 855//870
f 909//891 910//892 961//911
f 962//912 961//911 910//892
f 914//62 965//43 913//62
f 966//43 913//62 965//43
f 917//892 918//893 969//912
f 970//913 969//912 918//893
f 864//872 920//894 918//893
f 972//914 918//893 920//894
f 866//873 922//895 920//894
f 974//915 920//894 922//895
f 868//874 924//896 922//895
f 976//916 922//895 924//896
f 870//875 926//897 924//896
f 978//917 924//896 926//897
f 872//876 928//898 926//897
f 980//918 926//897 928//898
f 930//899 878//879 982//919
f 932//900 982//919 878//879
f 932//900 880//880 984//920
f 934//901 984//920 880//880
f 934//901 882//881 986//921
f 936//902 986//921 882//881
f 884//882 938//903 936//902
f 988//922 936//902 938//903
f 888//884 942//905 938//903
f 990//923 938//903 942//905
f 941//904 993//924 942//905
f 994//925 942//905 993//924
f 945//51 997//34 946//51
f 998//34 946//51 997//34
f 949//906 1001//926 950//904
f 1002//924 950//904 1001//926
f 952//907 1004//927 895//885
f 949//906 895//885 1004//927
f 954//908 1006//928 898//886
f 952//907 898//886 1006//928
f 956//909 906//890 1008//929
f 958//910 1008//929 906//890
f 958//910 909//891 1010//930
f 961//911 1010//930 909//891
f 961//911 962//912 1013//931
f 1014//932 1013//931 962//912
f 966//43 965//43 1017//26
f 1018//26 1017//26 965//43
f 969//912 970//913 1021//932
f 1022//933 1021//932 970//913
f 918//893 972//914 970//913
f 1024//934 970//913 972//914
f 920//894 974//915 972//914
f 1026//935 972//914 974//915
f 922//895 976//916 974//915
f 1028//936 974//915 976//916
f 924//896 978//917 976//916
f 1030//937 976//916 978//917
f 926//897 980//918 978//917
f 1032//938 978//917 980//918
f 982//919 932//900 1034//939
f 984//920 1034//939 932//900
f 984//920 934//901 1036//940
f 986//921 1036//940 934//901
f 986//921 936//902 1038//941
f 988//922 1038//941 936//902
f 938//903 990//923 988//922
f 1040//942 988//922 990//923
f 942//905 994//925 990//923
f 1042//943 990//923 994//925
f 993//924 1045//944 994//925
f 1046//945 994//925 1045//944
f 997//34 1049//19 998//34
f 1050//19 998//34 1049//19
f 1001//926 1053//946 1002//924
f 1054//944 1002//924 1053//946
f 1004//927 1056//947 949//906
f 1001//926 949//906 1056//947
f 1006//928 1058//948 952//907
f 1004//927 952//907 1058//948
f 1008//929 958//910 1060//949
f 1010//930 1060//949 958//910
f 1010//930 961//911 1062//950
f 1013//931 1062//950 961//911
f 1013//931 1014//932 1065//951
f 1066//952 1065//951 1014//932
f 1018//26 1069//13 1017//26
f 1070//13 1017//26 1069//13
f 1021//932 1022//933 1073//952
f 1074//953 1073//952 1022//933
f 970//913 1024//934 1022//933
f 1076//954 1022//933 1024//934
f 972//914 1026//935 1024//934
f 1078//955 1024//934 1026//935
f 974//915 1028//936 1026//935
f 1080//956 1026//935 1028//936
f 1028//936 976//916 1082//957
f 1030//937 1082//957 976//916
f 978//917 1032//938 1030//937
f 1084//958 1030//937 1032//938
f 1034//939 984//920 1086//959
f 1036//940 1086//959 984//920
f 1036//940 986//921 1088//960
f 1038//941 1088//960 986//921
f 1038//941 988//922 1090//961
f 1040//942 1090//961 988//922
f 990//923 1042//943 1040//942
f 1092//962 1040//942 1042//943
f 994//925 1046//945 1042//943
f 1094//963 1042//943 1046//945
f 1045//944 1097//964 1046//945
f 1098//965 1046//945 1097//964
f 1049//19 1101//8 1050//19
f 1102//8 1050//19 1101//8
f 1053//946 1105//966 1054//944
f 1106//964 1054//944 1105//966
f 1056//947 1108//967 1001//926
f 1053//946 1001//926 1108//967
f 1058//948 1110//968 1004//927
f 1056//947 1004//927 1110//968
f 1060//949 1010//930 1112//969
f 1062//950 1112//969 1010//930
f 1062//950 1013//931 1114//970
f 1065//951 1114//970 1013//931
f 1065//951 1066//952 1117//971
f 1118//972 1117//971 1066//952
f 1121//3 1070//13 1122//3
f 1069//13 1122//3 1070//13
f 1073//952 1074//953 1125//972
f 1126//973 1125//972 1074//953
f 1022//933 1076//954 1074//953
f 1128//974 1074//953 1076//954
f 1024//934 1078//955 1076//954
f 1130//975 1076//954 1078//955
f 1026//935 1080//956 1078//955
f 1132//976 1078//955 1080//956
f 1080//956 1028//936 1134//977
f 1082//957 1134//977 1028//936
f 1082//957 1030//937 1136//978
f 1084//958 1136//978 1030//937
f 1086//959 1036//940 1138//979
f 1088//960 1138//979 1036//940
f 1088//960 1038//941 1140//980
f 1090//961 1140//980 1038//941
f 1090//961 1040//942 1142//981
f 1092//962 1142//981 1040//942
f 1042//943 1094//963 1092//962
f 1144//982 1092//962 1094//963
f 1046//945 1098//965 1094//963
f 1146//983 1094//963 1098//965
f 1097//964 1149//984 1098//965
f 1150//985 1098//965 1149//984
f 1101//8 1153//2 1102//8
f 1154//2 1102//8 1153//2
f 1105//966 1157//986 1106//964
f 1158//984 1106//964 1157//986
f 1108//967 1160//987 1053//946
f 1105//966 1053//946 1160//987
f 1110//968 1162//988 1056//947
f 1108//967 1056//947 1162//988
f 1112//969 1062//950 1164//989
f 1114//970 1164//989 1062//950
f 1114//970 1065//951 1166//990
f 1117//971 1166//990 1065//951
f 1169//991 1117//971 1170//992
f 1118//972 1170//992 1117//971
f 1173//1 1121//3 1174//1
f 1122//3 1174//1 1121//3
f 1177//992 1125//972 1178//993
f 1126//973 1178//993 1125//972
f 1074//953 1128//974 1126//973
f 1180//994 1126//973 1128//974
f 1076//954 1130//975 1128//974
f 1182//995 1128//974 1130//975
f 1078//955 1132//976 1130//975
f 1184//996 1130//975 1132//976
f 1132//976 1080//956 1186//997
f 1134//977 1186//997 1080//956
f 1134//977 1082//957 1188//998
f 1136//978 1188//998 1082//957
f 1138//979 1088//960 1190//999
f 1140//980 1190//999 1088//960
f 1140//980 1090//961 1192//1000
f 1142//981 1192//1000 1090//961
f 1142//981 1092//962 1194//1001
f 1144//982 1194//1001 1092//962
f 1094//963 1146//983 1144//982
f 1196//1002 1144//982 1146//983
f 1098//965 1150//985 1146//983
f 1198//1003 1146//983 1150//985
f 1149//984 1201//1004 1150//985
f 1202//1005 1150//985 1201//1004
f 1153//2 1173//1 1154//2
f 1174//1 1154//2 1173//1
f 1157//986 1205//1006 1158//984
f 1206//1004 1158//984 1205//1006
f 1160//987 1208//1007 1105//966
f 1157//986 1105//966 1208//1007
f 1162//988 1210//1008 1108//967
f 1160//987 1108//967 1210//1008
f 1164//989 1114//970 1212//1009
f 1166//990 1212//1009 1114//970
f 1166//990 1117//971 1214//1010
f 1169//991 1214//1010 1117//971
f 1217//1011 1169//991 1218//1012
f 1170//992 1218//1012 1169//991
f 1221//1012 1177//992 1222//1013
f 1178//993 1222//1013 1177//992
f 1126//973 1180//994 1178//993
f 1224//1014 1178//993 1180//994
f 1128//974 1182//995 1180//994
f 1226//1015 1180//994 1182//995
f 1130//975 1184//996 1182//995
f 1228//1016 1182//995 1184//996
f 1184//996 1132//976 1230//1017
f 1186//997 1230//1017 1132//976
f 1186//997 1134//977 1232//1018
f 1188//998 1232//1018 1134//977
f 1190//999 1140//980 1234//1019
f 1192//1000 1234//1019 1140//980
f 1192//1000 1142//981 1236//1020
f 1194//1001 1236//1020 1142//981
f 1194//1001 1144//982 1238//1021
f 1196//1002 1238//1021 1144//982
f 1146//983 1198//1003 1196//1002
f 1240//1022 1196//1002 1198//1003
f 1150//985 1202//1005 1198//1003
f 1242//1023 1198//1003 1202//1005
f 1201//1004 1221//1012 1202//1005
f 1222//1013 1202//1005 1221//1012
f 1205//1006 1217//1011 1206//1004
f 1218//1012 1206//1004 1217//1011
f 1208//1007 1244//1024 1157//986
f 1205//1006 1157//986 1244//1024
f 1210//1008 1246//1025 1160//987
f 1208//1007 1160//987 1246//1025
f 1212//1009 1166//990 1248//1026
f 1214//1010 1248//1026 1166//990
f 1250//1027 1214//1010 1217//1011
f 1169//991 1217//1011 1214//1010
f 1222//1013 1178//993 1252//1028
f 1224//1014 1252//1028 1178//993
f 1180//994 1226//1015 1224//1014
f 1254//1029 1224//1014 1226//1015
f 1182//995 1228//1016 1226//1015
f 1256//1030 1226//1015 1228//1016
f 1228//1016 1184//996 1258//1031
f 1230//1017 1258//1031 1184//996
f 1230//1017 1186//997 1260//1032
f 1232//1018 1260//1032 1186//997
f 1192//1000 1236//1020 1234//1019
f 1262//1033 1234//1019 1236//1020
f 1194//1001 1238//1021 1236//1020
f 1264//1034 1236//1020 1238//1021
f 1196//1002 1240//1022 1238//1021
f 1266//1035 1238//1021 1240//1022
f 1198//1003 1242//1023 1240//1022
f 1268//1036 1240//1022 1242//1023
f 1202//1005 1222//1013 1242//1023
f 1252//1028 1242//1023 1222//1013
f 1244//1024 1250//1027 1205//1006
f 1217//1011 1205//1006 1250//1027
f 1246//1025 1270//1037 1208//1007
f 1244//1024 1208//1007 1270//1037
f 1248//1026 1214//1010 1272//1038
f 1250//1027 1272//1038 1214//1010
f 1224//1014 1254//1029 1252//1028
f 1274//1039 1252//1028 1254//1029
f 1226//1015 1256//1030 1254//1029
f 1276//1040 1254//1029 1256//1030
f 1256//1030 1228//1016 1278//1041
f 1258//1031 1278//1041 1228//1016
f 1258//1031 1230//1017 1280//1042
f 1260//1032 1280//1042 1230//1017
f 1236//1020 1264//1034 1262//1033
f 1282//1043 1262//1033 1264//1034
f 1238//1021 1266//1035 1264//1034
f 1284//1044 1264//1034 1266//1035
f 1240//1022 1268//1036 1266//1035
f 1286//1045 1266//1035 1268//1036
f 1242//1023 1252//1028 1268//1036
f 1274//1039 1268//1036 1252//1028
f 1270//1037 1272//1038 1244//1024
f 1250//1027 1244//1024 1272//1038
f 1254//1029 1276//1040 1274//1039
f 1288//1046 1274//1039 1276//1040
f 1276//1040 1256//1030 1290//1047
f 1278//1041 1290//1047 1256//1030
f 1278//1041 1258//1031 1292//1048
f 1280//1042 1292//1048 1258//1031
f 1264//1034 1284//1044 1282//1043
f 1294//1049 1282//1043 1284//1044
f 1266//1035 1286//1045 1284//1044
f 1296//1050 1284//1044 1286//1045
f 1268//1036 1274//1039 1286//1045
f 1288//1046 1286//1045 1274//1039
f 1288//1046 1276//1040 1298//1051
f 1290//1047 1298//1051 1276//1040
f 1290//1047 1278//1041 1300//1052
f 1292//1048 1300//1052 1278//1041
f 1284//1044 1296//1050 1294//1049
f 1302//1053 1294//1049 1296//1050
f 1286//1045 1288//1046 1296//1050
f 1298//1051 1296//1050 1288//1046
f 1298//1051 1290//1047 1304//1054
f 1300//1052 1304//1054 1290//1047
f 1296//1050 1298//1051 1302//1053
f 1304//1054 1302//1053 1298//1051
usemtl material_1_0
f 1/1/1 2/2/2 3/2/2
f 2/2/2 1/1/1 4/1/1
f 9/3/3 4/1/1 1/1/1
f 4/1/1 9/3/3 10/3/3
f 13/1/4 14/4/5 15/2/6
f 14/4/5 13/1/4 16/5/7
f 3/2/2 21/6/8 22/6/8
f 21/6/8 3/2/2 2/2/2
f 25/7/9 26/2/6 27/8/10
f 26/2/6 25/7/9 28/1/4
f 33/9/11 28/1/4 25/7/9
f 28/1/4 33/9/11 34/3/12
f 37/10/13 10/3/3 9/3/3
f 10/3/3 37/10/13 38/10/13
f 41/3/12 16/5/7 13/1/4
f 16/5/7 41/3/12 42/11/14
f 16/5/7 45/12/15 14/4/5
f 45/12/15 16/5/7 46/13/16
f 15/2/6 49/14/17 50/6/18
f 49/14/17 15/2/6 14/4/5
f 22/6/8 53/15/19 54/15/19
f 53/15/19 22/6/8 21/6/8
f 27/8/10 57/6/18 58/16/20
f 57/6/18 27/8/10 26/2/6
f 61/17/21 27/8/10 62/18/22
f 27/8/10 61/17/21 25/7/9
f 65/19/23 25/7/9 61/17/21
f 25/7/9 65/19/23 33/9/11
f 67/20/24 34/3/12 33/9/11
f 34/3/12 67/20/24 68/10/25
f 38/10/13 71/21/26 72/21/26
f 71/21/26 38/10/13 37/10/13
f 75/10/25 42/11/14 41/3/12
f 42/11/14 75/10/25 76/22/27
f 42/11/14 46/13/16 16/5/7
f 46/13/16 42/11/14 79/23/28
f 45/12/15 81/24/29 82/25/30
f 81/24/29 45/12/15 46/13/16
f 14/4/5 85/26/31 49/14/17
f 85/26/31 14/4/5 45/12/15
f 50/6/18 87/27/32 88/15/33
f 87/27/32 50/6/18 49/14/17
f 54/15/19 91/28/34 92/28/34
f 91/28/34 54/15/19 53/15/19
f 58/16/20 95/15/33 96/29/35
f 95/15/33 58/16/20 57/6/18
f 62/18/22 58/16/20 99/30/36
f 58/16/20 62/18/22 27/8/10
f 101/31/37 61/17/21 62/18/22
f 61/17/21 101/31/37 102/32/38
f 102/32/38 65/19/23 61/17/21
f 65/19/23 102/32/38 105/33/39
f 107/34/40 33/9/11 65/19/23
f 33/9/11 107/34/40 67/20/24
f 68/10/25 109/35/41 110/21/42
f 109/35/41 68/10/25 67/20/24
f 72/21/26 113/36/43 114/36/43
f 113/36/43 72/21/26 71/21/26
f 76/22/27 117/21/42 118/37/44
f 117/21/42 76/22/27 75/10/25
f 76/22/27 79/23/28 42/11/14
f 79/23/28 76/22/27 121/38/45
f 46/13/16 123/39/46 81/24/29
f 123/39/46 46/13/16 79/23/28
f 45/12/15 125/40/47 85/26/31
f 125/40/47 45/12/15 82/25/30
f 49/14/17 127/41/48 87/27/32
f 127/41/48 49/14/17 85/26/31
f 88/15/33 129/42/49 130/28/50
f 129/42/49 88/15/33 87/27/32
f 92/28/34 133/43/51 134/43/51
f 133/43/51 92/28/34 91/28/34
f 96/29/35 137/28/50 138/44/52
f 137/28/50 96/29/35 95/15/33
f 99/30/36 96/29/35 141/45/53
f 96/29/35 99/30/36 58/16/20
f 101/31/37 99/30/36 143/46/54
f 99/30/36 101/31/37 62/18/22
f 145/47/55 102/32/38 101/31/37
f 102/32/38 145/47/55 146/48/56
f 146/48/56 105/33/39 102/32/38
f 105/33/39 146/48/56 149/49/57
f 105/33/39 107/34/40 65/19/23
f 107/34/40 105/33/39 151/50/58
f 107/34/40 109/35/41 67/20/24
f 109/35/41 107/34/40 153/51/59
f 110/21/42 155/52/60 156/36/61
f 155/52/60 110/21/42 109/35/41
f 159/53/62 113/36/43 160/53/62
f 113/36/43 159/53/62 114/36/43
f 118/37/44 163/36/61 164/54/63
f 163/36/61 118/37/44 117/21/42
f 76/22/27 167/55/64 121/38/45
f 167/55/64 76/22/27 118/37/44
f 79/23/28 169/56/65 123/39/46
f 169/56/65 79/23/28 121/38/45
f 85/26/31 171/57/66 127/41/48
f 171/57/66 85/26/31 125/40/47
f 87/27/32 173/58/67 129/42/49
f 173/58/67 87/27/32 127/41/48
f 130/28/50 175/59/68 176/43/69
f 175/59/68 130/28/50 129/42/49
f 134/43/51 179/60/70 180/60/70
f 179/60/70 134/43/51 133/43/51
f 138/44/52 183/43/69 184/61/71
f 183/43/69 138/44/52 137/28/50
f 141/45/53 138/44/52 187/62/72
f 138/44/52 141/45/53 96/29/35
f 143/46/54 141/45/53 189/63/73
f 141/45/53 143/46/54 99/30/36
f 191/64/74 101/31/37 143/46/54
f 101/31/37 191/64/74 145/47/55
f 193/65/75 146/48/56 145/47/55
f 146/48/56 193/65/75 194/66/76
f 194/66/76 149/49/57 146/48/56
f 149/49/57 194/66/76 197/67/77
f 149/49/57 151/50/58 105/33/39
f 151/50/58 149/49/57 199/68/78
f 151/50/58 153/51/59 107/34/40
f 153/51/59 151/50/58 201/69/79
f 153/51/59 155/52/60 109/35/41
f 155/52/60 153/51/59 203/70/80
f 156/36/61 205/71/81 206/53/82
f 205/71/81 156/36/61 155/52/60
f 159/53/62 209/72/83 210/72/83
f 209/72/83 159/53/62 160/53/62
f 164/54/63 213/53/82 214/73/84
f 213/53/82 164/54/63 163/36/61
f 118/37/44 217/74/85 167/55/64
f 217/74/85 118/37/44 164/54/63
f 121/38/45 219/75/86 169/56/65
f 219/75/86 121/38/45 167/55/64
f 127/41/48 221/76/87 173/58/67
f 221/76/87 127/41/48 171/57/66
f 129/42/49 223/77/88 175/59/68
f 223/77/88 129/42/49 173/58/67
f 176/43/69 225/78/89 226/60/90
f 225/78/89 176/43/69 175/59/68
f 180/60/70 229/79/91 230/79/91
f 229/79/91 180/60/70 179/60/70
f 184/61/71 233/60/90 234/80/92
f 233/60/90 184/61/71 183/43/69
f 187/62/72 184/61/71 237/81/93
f 184/61/71 187/62/72 138/44/52
f 189/63/73 187/62/72 239/82/94
f 187/62/72 189/63/73 141/45/53
f 241/83/95 143/46/54 189/63/73
f 143/46/54 241/83/95 191/64/74
f 243/84/96 145/47/55 191/64/74
f 145/47/55 243/84/96 193/65/75
f 245/85/97 194/66/76 193/65/75
f 194/66/76 245/85/97 246/86/98
f 246/86/98 197/67/77 194/66/76
f 197/67/77 246/86/98 249/87/99
f 197/67/77 199/68/78 149/49/57
f 199/68/78 197/67/77 251/88/100
f 199/68/78 201/69/79 151/50/58
f 201/69/79 199/68/78 253/89/101
f 201/69/79 203/70/80 153/51/59
f 203/70/80 201/69/79 255/90/102
f 203/70/80 205/71/81 155/52/60
f 205/71/81 203/70/80 257/91/103
f 206/53/82 259/92/104 260/72/105
f 259/92/104 206/53/82 205/71/81
f 210/72/83 263/93/106 264/93/106
f 263/93/106 210/72/83 209/72/83
f 214/73/84 267/72/105 268/94/107
f 267/72/105 214/73/84 213/53/82
f 164/54/63 271/95/108 217/74/85
f 271/95/108 164/54/63 214/73/84
f 167/55/64 273/96/109 219/75/86
f 273/96/109 167/55/64 217/74/85
f 173/58/67 275/97/110 223/77/88
f 275/97/110 173/58/67 221/76/87
f 175/59/68 277/98/111 225/78/89
f 277/98/111 175/59/68 223/77/88
f 226/60/90 279/99/112 280/79/113
f 279/99/112 226/60/90 225/78/89
f 230/79/91 283/100/114 284/100/114
f 283/100/114 230/79/91 229/79/91
f 234/80/92 287/79/113 288/101/115
f 287/79/113 234/80/92 233/60/90
f 237/81/93 234/80/92 291/102/116
f 234/80/92 237/81/93 184/61/71
f 239/82/94 237/81/93 293/103/117
f 237/81/93 239/82/94 187/62/72
f 295/104/118 189/63/73 239/82/94
f 189/63/73 295/104/118 241/83/95
f 297/105/119 191/64/74 241/83/95
f 191/64/74 297/105/119 243/84/96
f 299/106/120 193/65/75 243/84/96
f 193/65/75 299/106/120 245/85/97
f 249/87/99 251/88/100 197/67/77
f 251/88/100 249/87/99 301/107/121
f 251/88/100 253/89/101 199/68/78
f 253/89/101 251/88/100 303/108/122
f 253/89/101 255/90/102 201/69/79
f 255/90/102 253/89/101 305/109/123
f 255/90/102 257/91/103 203/70/80
f 257/91/103 255/90/102 307/110/124
f 205/71/81 309/111/125 259/92/104
f 309/111/125 205/71/81 257/91/103
f 260/72/105 311/112/126 312/93/127
f 311/112/126 260/72/105 259/92/104
f 315/113/128 263/93/106 316/113/128
f 263/93/106 315/113/128 264/93/106
f 268/94/107 319/93/127 320/114/129
f 319/93/127 268/94/107 267/72/105
f 271/95/108 268/94/107 323/115/130
f 268/94/107 271/95/108 214/73/84
f 217/74/85 325/116/131 273/96/109
f 325/116/131 217/74/85 271/95/108
f 223/77/88 327/117/132 277/98/111
f 327/117/132 223/77/88 275/97/110
f 225/78/89 329/118/133 279/99/112
f 329/118/133 225/78/89 277/98/111
f 280/79/113 331/119/134 332/100/135
f 331/119/134 280/79/113 279/99/112
f 284/100/114 335/120/136 336/120/136
f 335/120/136 284/100/114 283/100/114
f 288/101/115 339/100/135 340/121/137
f 339/100/135 288/101/115 287/79/113
f 291/102/116 288/101/115 343/122/138
f 288/101/115 291/102/116 234/80/92
f 293/103/117 291/102/116 345/123/139
f 291/102/116 293/103/117 237/81/93
f 347/124/140 239/82/94 293/103/117
f 239/82/94 347/124/140 295/104/118
f 349/125/141 241/83/95 295/104/118
f 241/83/95 349/125/141 297/105/119
f 351/126/142 243/84/96 297/105/119
f 243/84/96 351/126/142 299/106/120
f 301/107/121 303/108/122 251/88/100
f 303/108/122 301/107/121 353/127/143
f 303/108/122 305/109/123 253/89/101
f 305/109/123 303/108/122 355/128/144
f 305/109/123 307/110/124 255/90/102
f 307/110/124 305/109/123 357/129/145
f 307/110/124 309/111/125 257/91/103
f 309/111/125 307/110/124 359/130/146
f 259/92/104 361/131/147 311/112/126
f 361/131/147 259/92/104 309/111/125
f 312/93/127 363/132/148 364/113/149
f 363/132/148 312/93/127 311/112/126
f 367/133/150 316/113/128 368/133/150
f 316/113/128 367/133/150 315/113/128
f 320/114/129 371/113/149 372/134/151
f 371/113/149 320/114/129 319/93/127
f 323/115/130 320/114/129 375/135/152
f 320/114/129 323/115/130 268/94/107
f 271/95/108 377/136/153 325/116/131
f 377/136/153 271/95/108 323/115/130
f 277/98/111 379/137/154 329/118/133
f 379/137/154 277/98/111 327/117/132
f 279/99/112 381/138/155 331/119/134
f 381/138/155 279/99/112 329/118/133
f 332/100/135 383/139/156 384/120/157
f 383/139/156 332/100/135 331/119/134
f 336/120/136 387/140/158 388/140/158
f 387/140/158 336/120/136 335/120/136
f 340/121/137 391/120/157 392/141/159
f 391/120/157 340/121/137 339/100/135
f 343/122/138 340/121/137 395/142/160
f 340/121/137 343/122/138 288/101/115
f 345/123/139 343/122/138 397/143/161
f 343/122/138 345/123/139 291/102/116
f 399/144/162 293/103/117 345/123/139
f 293/103/117 399/144/162 347/124/140
f 401/145/163 295/104/118 347/124/140
f 295/104/118 401/145/163 349/125/141
f 403/146/164 297/105/119 349/125/141
f 297/105/119 403/146/164 351/126/142
f 353/127/143 355/128/144 303/108/122
f 355/128/144 353/127/143 405/147/165
f 355/128/144 357/129/145 305/109/123
f 357/129/145 355/128/144 407/148/166
f 357/129/145 359/130/146 307/110/124
f 359/130/146 357/129/145 409/149/167
f 359/130/146 361/131/147 309/111/125
f 361/131/147 359/130/146 411/150/168
f 311/112/126 413/151/169 363/132/148
f 413/151/169 311/112/126 361/131/147
f 415/133/170 363/132/148 416/152/171
f 363/132/148 415/133/170 364/113/149
f 367/133/150 419/153/172 420/153/172
f 419/153/172 367/133/150 368/133/150
f 423/154/173 371/113/149 424/133/170
f 371/113/149 423/154/173 372/134/151
f 375/135/152 372/134/151 427/155/174
f 372/134/151 375/135/152 320/114/129
f 323/115/130 429/156/175 377/136/153
f 429/156/175 323/115/130 375/135/152
f 329/118/133 431/157/176 381/138/155
f 431/157/176 329/118/133 379/137/154
f 331/119/134 433/158/177 383/139/156
f 433/158/177 331/119/134 381/138/155
f 384/120/157 435/159/178 436/140/179
f 435/159/178 384/120/157 383/139/156
f 388/140/158 439/160/180 440/160/180
f 439/160/180 388/140/158 387/140/158
f 392/141/159 443/140/179 444/161/181
f 443/140/179 392/141/159 391/120/157
f 395/142/160 392/141/159 447/162/182
f 392/141/159 395/142/160 340/121/137
f 397/143/161 395/142/160 449/163/183
f 395/142/160 397/143/161 343/122/138
f 399/144/162 397/143/161 451/164/184
f 397/143/161 399/144/162 345/123/139
f 401/145/163 399/144/162 453/165/185
f 399/144/162 401/145/163 347/124/140
f 403/146/164 401/145/163 455/166/186
f 401/145/163 403/146/164 349/125/141
f 405/147/165 407/148/166 355/128/144
f 407/148/166 405/147/165 457/167/187
f 407/148/166 409/149/167 357/129/145
f 409/149/167 407/148/166 459/168/188
f 409/149/167 411/150/168 359/130/146
f 411/150/168 409/149/167 461/169/189
f 411/150/168 413/151/169 361/131/147
f 413/151/169 411/150/168 463/170/190
f 416/152/171 413/151/169 465/171/191
f 413/151/169 416/152/171 363/132/148
f 467/153/192 416/152/171 468/172/193
f 416/152/171 467/153/192 415/133/170
f 420/153/172 471/173/194 472/173/194
f 471/173/194 420/153/172 419/153/172
f 475/174/195 424/133/170 476/153/192
f 424/133/170 475/174/195 423/154/173
f 479/175/196 372/134/151 423/154/173
f 372/134/151 479/175/196 427/155/174
f 375/135/152 481/176/197 429/156/175
f 481/176/197 375/135/152 482/177/198
f 482/177/198 375/135/152 427/155/174
f 381/138/155 485/178/199 433/158/177
f 485/178/199 381/138/155 431/157/176
f 383/139/156 487/179/200 435/159/178
f 487/179/200 383/139/156 433/158/177
f 436/140/179 489/180/201 490/160/202
f 489/180/201 436/140/179 435/159/178
f 440/160/180 493/181/203 494/181/203
f 493/181/203 440/160/180 439/160/180
f 444/161/181 497/160/202 498/182/204
f 497/160/202 444/161/181 443/140/179
f 447/162/182 444/161/181 501/183/205
f 444/161/181 447/162/182 392/141/159
f 449/163/183 447/162/182 503/184/206
f 447/162/182 449/163/183 395/142/160
f 451/164/184 449/163/183 505/185/207
f 449/163/183 451/164/184 397/143/161
f 453/165/185 451/164/184 507/186/208
f 451/164/184 453/165/185 399/144/162
f 455/166/186 453/165/185 509/187/209
f 453/165/185 455/166/186 401/145/163
f 457/167/187 459/168/188 407/148/166
f 459/168/188 457/167/187 511/188/210
f 459/168/188 461/169/189 409/149/167
f 461/169/189 459/168/188 513/189/211
f 461/169/189 463/170/190 411/150/168
f 463/170/190 461/169/189 515/190/212
f 413/151/169 517/191/213 465/171/191
f 517/191/213 413/151/169 463/170/190
f 468/172/193 465/171/191 519/192/214
f 465/171/191 468/172/193 416/152/171
f 521/173/215 468/172/193 522/193/216
f 468/172/193 521/173/215 467/153/192
f 472/173/194 525/194/217 526/194/217
f 525/194/217 472/173/194 471/173/194
f 529/195/218 476/153/192 530/173/215
f 476/153/192 529/195/218 475/174/195
f 533/196/219 423/154/173 475/174/195
f 423/154/173 533/196/219 479/175/196
f 481/176/197 479/175/196 535/197/220
f 479/175/196 481/176/197 482/177/198
f 479/175/196 482/177/198 427/155/174
f 487/179/200 485/178/199 537/198/221
f 485/178/199 487/179/200 433/158/177
f 489/180/201 487/179/200 539/199/222
f 487/179/200 489/180/201 435/159/178
f 541/181/223 489/180/201 542/200/224
f 489/180/201 541/181/223 490/160/202
f 494/181/203 545/201/225 546/201/225
f 545/201/225 494/181/203 493/181/203
f 549/202/226 497/160/202 550/181/223
f 497/160/202 549/202/226 498/182/204
f 553/203/227 444/161/181 498/182/204
f 444/161/181 553/203/227 501/183/205
f 555/204/228 447/162/182 501/183/205
f 447/162/182 555/204/228 503/184/206
f 505/185/207 503/184/206 557/205/229
f 503/184/206 505/185/207 449/163/183
f 507/186/208 505/185/207 559/206/230
f 505/185/207 507/186/208 451/164/184
f 509/187/209 507/186/208 561/207/231
f 507/186/208 509/187/209 453/165/185
f 511/188/210 513/189/211 459/168/188
f 513/189/211 511/188/210 563/208/232
f 513/189/211 515/190/212 461/169/189
f 515/190/212 513/189/211 565/209/233
f 463/170/190 567/210/234 517/191/213
f 567/210/234 463/170/190 515/190/212
f 465/171/191 569/211/235 519/192/214
f 569/211/235 465/171/191 517/191/213
f 522/193/216 519/192/214 571/212/236
f 519/192/214 522/193/216 468/172/193
f 573/194/237 522/193/216 574/213/238
f 522/193/216 573/194/237 521/173/215
f 577/214/239 525/194/217 578/214/239
f 525/194/217 577/214/239 526/194/217
f 581/215/240 530/173/215 582/194/237
f 530/173/215 581/215/240 529/195/218
f 585/216/241 475/174/195 529/195/218
f 475/174/195 585/216/241 533/196/219
f 535/197/220 533/196/219 587/217/242
f 533/196/219 535/197/220 479/175/196
f 539/199/222 537/198/221 589/218/243
f 537/198/221 539/199/222 487/179/200
f 542/200/224 539/199/222 591/219/244
f 539/199/222 542/200/224 489/180/201
f 593/201/245 542/200/224 594/220/246
f 542/200/224 593/201/245 541/181/223
f 597/221/247 545/201/225 598/221/247
f 545/201/225 597/221/247 546/201/225
f 601/222/248 550/181/223 602/201/245
f 550/181/223 601/222/248 549/202/226
f 605/223/249 498/182/204 549/202/226
f 498/182/204 605/223/249 553/203/227
f 607/224/250 501/183/205 553/203/227
f 501/183/205 607/224/250 555/204/228
f 609/225/251 503/184/206 555/204/228
f 503/184/206 609/225/251 557/205/229
f 559/206/230 557/205/229 611/226/252
f 557/205/229 559/206/230 505/185/207
f 561/207/231 559/206/230 613/227/253
f 559/206/230 561/207/231 507/186/208
f 563/208/232 565/209/233 513/189/211
f 565/209/233 563/208/232 615/228/254
f 515/190/212 617/229/255 567/210/234
f 617/229/255 515/190/212 565/209/233
f 517/191/213 619/230/256 569/211/235
f 619/230/256 517/191/213 567/210/234
f 519/192/214 621/231/257 571/212/236
f 621/231/257 519/192/214 569/211/235
f 522/193/216 623/232/258 574/213/238
f 623/232/258 522/193/216 571/212/236
f 625/214/259 574/213/238 626/233/260
f 574/213/238 625/214/259 573/194/237
f 629/234/261 578/214/239 630/234/261
f 578/214/239 629/234/261 577/214/239
f 633/235/262 582/194/237 634/214/259
f 582/194/237 633/235/262 581/215/240
f 585/216/241 581/215/240 637/236/263
f 581/215/240 585/216/241 529/195/218
f 587/217/242 585/216/241 639/237/264
f 585/216/241 587/217/242 533/196/219
f 591/219/244 589/218/243 641/238/265
f 589/218/243 591/219/244 539/199/222
f 594/220/246 591/219/244 643/239/266
f 591/219/244 594/220/246 542/200/224
f 645/221/267 594/220/246 646/240/268
f 594/220/246 645/221/267 593/201/245
f 597/221/247 649/241/269 650/241/269
f 649/241/269 597/221/247 598/221/247
f 653/242/270 602/201/245 654/221/267
f 602/201/245 653/242/270 601/222/248
f 657/243/271 549/202/226 601/222/248
f 549/202/226 657/243/271 605/223/249
f 659/244/272 553/203/227 605/223/249
f 553/203/227 659/244/272 607/224/250
f 661/245/273 555/204/228 607/224/250
f 555/204/228 661/245/273 609/225/251
f 611/226/252 609/225/251 663/246/274
f 609/225/251 611/226/252 557/205/229
f 613/227/253 611/226/252 665/247/275
f 611/226/252 613/227/253 559/206/230
f 565/209/233 667/248/276 617/229/255
f 667/248/276 565/209/233 615/228/254
f 567/210/234 669/249/277 619/230/256
f 669/249/277 567/210/234 617/229/255
f 569/211/235 671/250/278 621/231/257
f 671/250/278 569/211/235 619/230/256
f 571/212/236 673/251/279 623/232/258
f 673/251/279 571/212/236 621/231/257
f 574/213/238 675/252/280 626/233/260
f 675/252/280 574/213/238 623/232/258
f 677/234/281 626/233/260 678/253/282
f 626/233/260 677/234/281 625/214/259
f 681/254/283 630/234/261 682/254/283
f 630/234/261 681/254/283 629/234/261
f 685/255/284 634/214/259 686/234/281
f 634/214/259 685/255/284 633/235/262
f 637/236/263 633/235/262 689/256/285
f 633/235/262 637/236/263 581/215/240
f 639/237/264 637/236/263 691/257/286
f 637/236/263 639/237/264 585/216/241
f 643/239/266 641/238/265 693/258/287
f 641/238/265 643/239/266 591/219/244
f 646/240/268 643/239/266 695/259/288
f 643/239/266 646/240/268 594/220/246
f 697/241/289 646/240/268 698/260/290
f 646/240/268 697/241/289 645/221/267
f 701/261/291 649/241/269 702/261/291
f 649/241/269 701/261/291 650/241/269
f 705/262/292 654/221/267 706/241/289
f 654/221/267 705/262/292 653/242/270
f 709/263/293 601/222/248 653/242/270
f 601/222/248 709/263/293 657/243/271
f 711/264/294 605/223/249 657/243/271
f 605/223/249 711/264/294 659/244/272
f 713/265/295 607/224/250 659/244/272
f 607/224/250 713/265/295 661/245/273
f 663/246/274 661/245/273 715/266/296
f 661/245/273 663/246/274 609/225/251
f 665/247/275 663/246/274 717/267/297
f 663/246/274 665/247/275 611/226/252
f 617/229/255 719/268/298 669/249/277
f 719/268/298 617/229/255 667/248/276
f 619/230/256 721/269/299 671/250/278
f 721/269/299 619/230/256 669/249/277
f 621/231/257 723/270/300 673/251/279
f 723/270/300 621/231/257 671/250/278
f 623/232/258 725/271/301 675/252/280
f 725/271/301 623/232/258 673/251/279
f 626/233/260 727/272/302 678/253/282
f 727/272/302 626/233/260 675/252/280
f 729/254/303 678/253/282 730/273/304
f 678/253/282 729/254/303 677/234/281
f 733/274/305 682/254/283 734/274/305
f 682/254/283 733/274/305 681/254/283
f 737/275/306 686/234/281 738/254/303
f 686/234/281 737/275/306 685/255/284
f 689/256/285 685/255/284 741/276/307
f 685/255/284 689/256/285 633/235/262
f 691/257/286 689/256/285 743/277/308
f 689/256/285 691/257/286 637/236/263
f 695/259/288 693/258/287 745/278/309
f 693/258/287 695/259/288 643/239/266
f 698/260/290 695/259/288 747/279/310
f 695/259/288 698/260/290 646/240/268
f 749/261/311 698/260/290 750/280/312
f 698/260/290 749/261/311 697/241/289
f 701/261/291 753/281/313 754/281/313
f 753/281/313 701/261/291 702/261/291
f 757/282/314 706/241/289 758/261/311
f 706/241/289 757/282/314 705/262/292
f 761/283/315 653/242/270 705/262/292
f 653/242/270 761/283/315 709/263/293
f 763/284/316 657/243/271 709/263/293
f 657/243/271 763/284/316 711/264/294
f 765/285/317 659/244/272 711/264/294
f 659/244/272 765/285/317 713/265/295
f 715/266/296 713/265/295 767/286/318
f 713/265/295 715/266/296 661/245/273
f 717/267/297 715/266/296 769/287/319
f 715/266/296 717/267/297 663/246/274
f 669/249/277 771/288/320 721/269/299
f 771/288/320 669/249/277 719/268/298
f 671/250/278 773/289/321 723/270/300
f 773/289/321 671/250/278 721/269/299
f 673/251/279 775/290/322 725/271/301
f 775/290/322 673/251/279 723/270/300
f 675/252/280 777/291/323 727/272/302
f 777/291/323 675/252/280 725/271/301
f 730/273/304 727/272/302 779/292/324
f 727/272/302 730/273/304 678/253/282
f 781/274/325 730/273/304 782/293/326
f 730/273/304 781/274/325 729/254/303
f 785/294/327 734/274/305 786/294/327
f 734/274/305 785/294/327 733/274/305
f 789/295/328 738/254/303 790/274/325
f 738/254/303 789/295/328 737/275/306
f 793/296/329 685/255/284 737/275/306
f 685/255/284 793/296/329 741/276/307
f 743/277/308 741/276/307 795/297/330
f 741/276/307 743/277/308 689/256/285
f 747/279/310 745/278/309 797/298/331
f 745/278/309 747/279/310 695/259/288
f 750/280/312 747/279/310 799/299/332
f 747/279/310 750/280/312 698/260/290
f 801/281/333 750/280/312 802/300/334
f 750/280/312 801/281/333 749/261/311
f 754/281/313 805/301/335 806/301/335
f 805/301/335 754/281/313 753/281/313
f 757/282/314 809/281/333 810/302/336
f 809/281/333 757/282/314 758/261/311
f 813/303/337 705/262/292 757/282/314
f 705/262/292 813/303/337 761/283/315
f 815/304/338 709/263/293 761/283/315
f 709/263/293 815/304/338 763/284/316
f 817/305/339 711/264/294 763/284/316
f 711/264/294 817/305/339 765/285/317
f 767/286/318 765/285/317 819/306/340
f 765/285/317 767/286/318 713/265/295
f 769/287/319 767/286/318 821/307/341
f 767/286/318 769/287/319 715/266/296
f 721/269/299 823/308/342 773/289/321
f 823/308/342 721/269/299 771/288/320
f 723/270/300 825/309/343 775/290/322
f 825/309/343 723/270/300 773/289/321
f 725/271/301 827/310/344 777/291/323
f 827/310/344 725/271/301 775/290/322
f 727/272/302 829/311/345 779/292/324
f 829/311/345 727/272/302 777/291/323
f 782/293/326 779/292/324 831/312/346
f 779/292/324 782/293/326 730/273/304
f 833/294/347 782/293/326 834/313/348
f 782/293/326 833/294/347 781/274/325
f 837/314/349 786/294/327 838/314/349
f 786/294/327 837/314/349 785/294/327
f 841/315/350 790/274/325 842/294/347
f 790/274/325 841/315/350 789/295/328
f 845/316/351 737/275/306 789/295/328
f 737/275/306 845/316/351 793/296/329
f 795/297/330 793/296/329 847/317/352
f 793/296/329 795/297/330 741/276/307
f 799/299/332 797/298/331 849/318/353
f 797/298/331 799/299/332 747/279/310
f 802/300/334 799/299/332 851/319/354
f 799/299/332 802/300/334 750/280/312
f 801/281/333 853/320/355 854/301/356
f 853/320/355 801/281/333 802/300/334
f 857/321/357 805/301/335 858/321/357
f 805/301/335 857/321/357 806/301/335
f 810/302/336 861/301/356 862/322/358
f 861/301/356 810/302/336 809/281/333
f 813/303/337 810/302/336 865/323/359
f 810/302/336 813/303/337 757/282/314
f 867/324/360 761/283/315 813/303/337
f 761/283/315 867/324/360 815/304/338
f 869/325/361 763/284/316 815/304/338
f 763/284/316 869/325/361 817/305/339
f 819/306/340 817/305/339 871/326/362
f 817/305/339 819/306/340 765/285/317
f 821/307/341 819/306/340 873/327/363
f 819/306/340 821/307/341 767/286/318
f 773/289/321 875/328/364 825/309/343
f 875/328/364 773/289/321 823/308/342
f 775/290/322 877/329/365 827/310/344
f 877/329/365 775/290/322 825/309/343
f 777/291/323 879/330/366 829/311/345
f 879/330/366 777/291/323 827/310/344
f 779/292/324 881/331/367 831/312/346
f 881/331/367 779/292/324 829/311/345
f 834/313/348 831/312/346 883/332/368
f 831/312/346 834/313/348 782/293/326
f 885/314/369 834/313/348 886/333/370
f 834/313/348 885/314/369 833/294/347
f 889/334/371 838/314/349 890/334/371
f 838/314/349 889/334/371 837/314/349
f 893/335/372 842/294/347 894/314/369
f 842/294/347 893/335/372 841/315/350
f 897/336/373 789/295/328 841/315/350
f 789/295/328 897/336/373 845/316/351
f 847/317/352 845/316/351 899/337/374
f 845/316/351 847/317/352 793/296/329
f 851/319/354 901/338/375 902/339/376
f 901/338/375 851/319/354 849/318/353
f 849/318/353 851/319/354 799/299/332
f 802/300/334 905/340/377 853/320/355
f 905/340/377 802/300/334 851/319/354
f 854/301/356 907/341/378 908/321/379
f 907/341/378 854/301/356 853/320/355
f 857/321/357 911/342/380 912/342/380
f 911/342/380 857/321/357 858/321/357
f 862/322/358 915/321/379 916/343/381
f 915/321/379 862/322/358 861/301/356
f 865/323/359 862/322/358 919/344/382
f 862/322/358 865/323/359 810/302/336
f 867/324/360 865/323/359 921/345/383
f 865/323/359 867/324/360 813/303/337
f 923/346/384 815/304/338 867/324/360
f 815/304/338 923/346/384 869/325/361
f 871/326/362 869/325/361 925/347/385
f 869/325/361 871/326/362 817/305/339
f 873/327/363 871/326/362 927/348/386
f 871/326/362 873/327/363 819/306/340
f 825/309/343 929/349/387 877/329/365
f 929/349/387 825/309/343 875/328/364
f 827/310/344 931/350/388 879/330/366
f 931/350/388 827/310/344 877/329/365
f 829/311/345 933/351/389 881/331/367
f 933/351/389 829/311/345 879/330/366
f 831/312/346 935/352/390 883/332/368
f 935/352/390 831/312/346 881/331/367
f 886/333/370 883/332/368 937/353/391
f 883/332/368 886/333/370 834/313/348
f 939/334/392 886/333/370 940/354/393
f 886/333/370 939/334/392 885/314/369
f 943/355/394 890/334/371 944/355/394
f 890/334/371 943/355/394 889/334/371
f 947/356/395 894/314/369 948/334/392
f 894/314/369 947/356/395 893/335/372
f 951/357/396 841/315/350 893/335/372
f 841/315/350 951/357/396 897/336/373
f 899/337/374 897/336/373 953/358/397
f 897/336/373 899/337/374 845/316/351
f 851/319/354 955/359/398 905/340/377
f 955/359/398 851/319/354 902/339/376
f 901/338/375 955/359/398 902/339/376
f 853/320/355 957/360/399 907/341/378
f 957/360/399 853/320/355 905/340/377
f 908/321/379 959/361/400 960/342/401
f 959/361/400 908/321/379 907/341/378
f 963/362/402 911/342/380 964/362/402
f 911/342/380 963/362/402 912/342/380
f 916/343/381 967/342/401 968/363/403
f 967/342/401 916/343/381 915/321/379
f 919/344/382 916/343/381 971/364/404
f 916/343/381 919/344/382 862/322/358
f 921/345/383 919/344/382 973/365/405
f 919/344/382 921/345/383 865/323/359
f 923/346/384 921/345/383 975/366/406
f 921/345/383 923/346/384 867/324/360
f 925/347/385 923/346/384 977/367/407
f 923/346/384 925/347/385 869/325/361
f 927/348/386 925/347/385 979/368/408
f 925/347/385 927/348/386 871/326/362
f 877/329/365 981/369/409 931/350/388
f 981/369/409 877/329/365 929/349/387
f 879/330/366 983/370/410 933/351/389
f 983/370/410 879/330/366 931/350/388
f 881/331/367 985/371/411 935/352/390
f 985/371/411 881/331/367 933/351/389
f 937/353/391 935/352/390 987/372/412
f 935/352/390 937/353/391 883/332/368
f 940/354/393 937/353/391 989/373/413
f 937/353/391 940/354/393 886/333/370
f 991/355/414 940/354/393 992/374/415
f 940/354/393 991/355/414 939/334/392
f 995/375/416 944/355/394 996/375/416
f 944/355/394 995/375/416 943/355/394
f 999/376/417 948/334/392 1000/355/414
f 948/334/392 999/376/417 947/356/395
f 1003/377/418 893/335/372 947/356/395
f 893/335/372 1003/377/418 951/357/396
f 1005/378/419 897/336/373 951/357/396
f 897/336/373 1005/378/419 953/358/397
f 905/340/377 1007/379/420 957/360/399
f 1007/379/420 905/340/377 955/359/398
f 907/341/378 1009/380/421 959/361/400
f 1009/380/421 907/341/378 957/360/399
f 960/342/401 1011/381/422 1012/362/423
f 1011/381/422 960/342/401 959/361/400
f 963/362/402 1015/382/424 1016/382/424
f 1015/382/424 963/362/402 964/362/402
f 968/363/403 1019/362/423 1020/383/425
f 1019/362/423 968/363/403 967/342/401
f 971/364/404 968/363/403 1023/384/426
f 968/363/403 971/364/404 916/343/381
f 973/365/405 971/364/404 1025/385/427
f 971/364/404 973/365/405 919/344/382
f 975/366/406 973/365/405 1027/386/428
f 973/365/405 975/366/406 921/345/383
f 977/367/407 975/366/406 1029/387/429
f 975/366/406 977/367/407 923/346/384
f 979/368/408 977/367/407 1031/388/430
f 977/367/407 979/368/408 925/347/385
f 931/350/388 1033/389/431 983/370/410
f 1033/389/431 931/350/388 981/369/409
f 933/351/389 1035/390/432 985/371/411
f 1035/390/432 933/351/389 983/370/410
f 935/352/390 1037/391/433 987/372/412
f 1037/391/433 935/352/390 985/371/411
f 989/373/413 987/372/412 1039/392/434
f 987/372/412 989/373/413 937/353/391
f 992/374/415 989/373/413 1041/393/435
f 989/373/413 992/374/415 940/354/393
f 1043/375/436 992/374/415 1044/394/437
f 992/374/415 1043/375/436 991/355/414
f 1047/395/438 996/375/416 1048/395/438
f 996/375/416 1047/395/438 995/375/416
f 1051/396/439 1000/355/414 1052/375/436
f 1000/355/414 1051/396/439 999/376/417
f 1055/397/440 947/356/395 999/376/417
f 947/356/395 1055/397/440 1003/377/418
f 1057/398/441 951/357/396 1003/377/418
f 951/357/396 1057/398/441 1005/378/419
f 957/360/399 1059/399/442 1009/380/421
f 1059/399/442 957/360/399 1007/379/420
f 959/361/400 1061/400/443 1011/381/422
f 1061/400/443 959/361/400 1009/380/421
f 1012/362/423 1063/401/444 1064/382/445
f 1063/401/444 1012/362/423 1011/381/422
f 1067/402/446 1015/382/424 1068/402/446
f 1015/382/424 1067/402/446 1016/382/424
f 1020/383/425 1071/382/445 1072/403/447
f 1071/382/445 1020/383/425 1019/362/423
f 1023/384/426 1020/383/425 1075/404/448
f 1020/383/425 1023/384/426 968/363/403
f 1025/385/427 1023/384/426 1077/405/449
f 1023/384/426 1025/385/427 971/364/404
f 1027/386/428 1025/385/427 1079/406/450
f 1025/385/427 1027/386/428 973/365/405
f 975/366/406 1081/407/451 1029/387/429
f 1081/407/451 975/366/406 1027/386/428
f 1031/388/430 1029/387/429 1083/408/452
f 1029/387/429 1031/388/430 977/367/407
f 983/370/410 1085/409/453 1035/390/432
f 1085/409/453 983/370/410 1033/389/431
f 985/371/411 1087/410/454 1037/391/433
f 1087/410/454 985/371/411 1035/390/432
f 987/372/412 1089/411/455 1039/392/434
f 1089/411/455 987/372/412 1037/391/433
f 1041/393/435 1039/392/434 1091/412/456
f 1039/392/434 1041/393/435 989/373/413
f 1044/394/437 1041/393/435 1093/413/457
f 1041/393/435 1044/394/437 992/374/415
f 1095/395/458 1044/394/437 1096/414/459
f 1044/394/437 1095/395/458 1043/375/436
f 1099/415/460 1048/395/438 1100/415/460
f 1048/395/438 1099/415/460 1047/395/438
f 1103/416/461 1052/375/436 1104/395/458
f 1052/375/436 1103/416/461 1051/396/439
f 1107/417/462 999/376/417 1051/396/439
f 999/376/417 1107/417/462 1055/397/440
f 1109/418/463 1003/377/418 1055/397/440
f 1003/377/418 1109/418/463 1057/398/441
f 1009/380/421 1111/419/464 1061/400/443
f 1111/419/464 1009/380/421 1059/399/442
f 1011/381/422 1113/420/465 1063/401/444
f 1113/420/465 1011/381/422 1061/400/443
f 1064/382/445 1115/421/466 1116/402/467
f 1115/421/466 1064/382/445 1063/401/444
f 1068/402/446 1119/422/468 1067/402/446
f 1119/422/468 1068/402/446 1120/422/468
f 1072/403/447 1123/402/467 1124/423/469
f 1123/402/467 1072/403/447 1071/382/445
f 1075/404/448 1072/403/447 1127/424/470
f 1072/403/447 1075/404/448 1020/383/425
f 1077/405/449 1075/404/448 1129/425/471
f 1075/404/448 1077/405/449 1023/384/426
f 1079/406/450 1077/405/449 1131/426/472
f 1077/405/449 1079/406/450 1025/385/427
f 1027/386/428 1133/427/473 1081/407/451
f 1133/427/473 1027/386/428 1079/406/450
f 1029/387/429 1135/428/474 1083/408/452
f 1135/428/474 1029/387/429 1081/407/451
f 1035/390/432 1137/429/475 1087/410/454
f 1137/429/475 1035/390/432 1085/409/453
f 1037/391/433 1139/430/476 1089/411/455
f 1139/430/476 1037/391/433 1087/410/454
f 1039/392/434 1141/431/477 1091/412/456
f 1141/431/477 1039/392/434 1089/411/455
f 1093/413/457 1091/412/456 1143/432/478
f 1091/412/456 1093/413/457 1041/393/435
f 1096/414/459 1093/413/457 1145/433/479
f 1093/413/457 1096/414/459 1044/394/437
f 1147/415/480 1096/414/459 1148/434/481
f 1096/414/459 1147/415/480 1095/395/458
f 1151/435/482 1100/415/460 1152/435/482
f 1100/415/460 1151/435/482 1099/415/460
f 1155/436/483 1104/395/458 1156/415/480
f 1104/395/458 1155/436/483 1103/416/461
f 1159/437/484 1051/396/439 1103/416/461
f 1051/396/439 1159/437/484 1107/417/462
f 1161/438/485 1055/397/440 1107/417/462
f 1055/397/440 1161/438/485 1109/418/463
f 1061/400/443 1163/439/486 1113/420/465
f 1163/439/486 1061/400/443 1111/419/464
f 1063/401/444 1165/440/487 1115/421/466
f 1165/440/487 1063/401/444 1113/420/465
f 1115/421/466 1167/422/488 1116/402/467
f 1167/422/488 1115/421/466 1168/441/489
f 1120/422/468 1171/442/490 1119/422/468
f 1171/442/490 1120/422/468 1172/442/490
f 1123/402/467 1175/443/491 1124/423/469
f 1175/443/491 1123/402/467 1176/422/488
f 1127/424/470 1124/423/469 1179/444/492
f 1124/423/469 1127/424/470 1072/403/447
f 1129/425/471 1127/424/470 1181/445/493
f 1127/424/470 1129/425/471 1075/404/448
f 1131/426/472 1129/425/471 1183/446/494
f 1129/425/471 1131/426/472 1077/405/449
f 1079/406/450 1185/447/495 1133/427/473
f 1185/447/495 1079/406/450 1131/426/472
f 1081/407/451 1187/448/496 1135/428/474
f 1187/448/496 1081/407/451 1133/427/473
f 1087/410/454 1189/449/497 1139/430/476
f 1189/449/497 1087/410/454 1137/429/475
f 1089/411/455 1191/450/498 1141/431/477
f 1191/450/498 1089/411/455 1139/430/476
f 1091/412/456 1193/451/499 1143/432/478
f 1193/451/499 1091/412/456 1141/431/477
f 1145/433/479 1143/432/478 1195/452/500
f 1143/432/478 1145/433/479 1093/413/457
f 1148/434/481 1145/433/479 1197/453/501
f 1145/433/479 1148/434/481 1096/414/459
f 1199/435/502 1148/434/481 1200/454/503
f 1148/434/481 1199/435/502 1147/415/480
f 1172/442/490 1152/435/482 1171/442/490
f 1152/435/482 1172/442/490 1151/435/482
f 1203/455/504 1156/415/480 1204/435/502
f 1156/415/480 1203/455/504 1155/436/483
f 1207/456/505 1103/416/461 1155/436/483
f 1103/416/461 1207/456/505 1159/437/484
f 1209/457/506 1107/417/462 1159/437/484
f 1107/417/462 1209/457/506 1161/438/485
f 1113/420/465 1211/458/507 1165/440/487
f 1211/458/507 1113/420/465 1163/439/486
f 1115/421/466 1213/459/508 1168/441/489
f 1213/459/508 1115/421/466 1165/440/487
f 1168/441/489 1215/442/509 1167/422/488
f 1215/442/509 1168/441/489 1216/460/510
f 1176/422/488 1219/461/511 1175/443/491
f 1219/461/511 1176/422/488 1220/442/509
f 1179/444/492 1175/443/491 1223/462/512
f 1175/443/491 1179/444/492 1124/423/469
f 1181/445/493 1179/444/492 1225/463/513
f 1179/444/492 1181/445/493 1127/424/470
f 1183/446/494 1181/445/493 1227/464/514
f 1181/445/493 1183/446/494 1129/425/471
f 1131/426/472 1229/465/515 1185/447/495
f 1229/465/515 1131/426/472 1183/446/494
f 1133/427/473 1231/466/516 1187/448/496
f 1231/466/516 1133/427/473 1185/447/495
f 1139/430/476 1233/467/517 1191/450/498
f 1233/467/517 1139/430/476 1189/449/497
f 1141/431/477 1235/468/518 1193/451/499
f 1235/468/518 1141/431/477 1191/450/498
f 1143/432/478 1237/469/519 1195/452/500
f 1237/469/519 1143/432/478 1193/451/499
f 1197/453/501 1195/452/500 1239/470/520
f 1195/452/500 1197/453/501 1145/433/479
f 1200/454/503 1197/453/501 1241/471/521
f 1197/453/501 1200/454/503 1148/434/481
f 1220/442/509 1200/454/503 1219/461/511
f 1200/454/503 1220/442/509 1199/435/502
f 1216/460/510 1204/435/502 1215/442/509
f 1204/435/502 1216/460/510 1203/455/504
f 1243/472/522 1155/436/483 1203/455/504
f 1155/436/483 1243/472/522 1207/456/505
f 1245/473/523 1159/437/484 1207/456/505
f 1159/437/484 1245/473/523 1209/457/506
f 1165/440/487 1247/474/524 1213/459/508
f 1247/474/524 1165/440/487 1211/458/507
f 1213/459/508 1216/460/510 1168/441/489
f 1216/460/510 1213/459/508 1249/475/525
f 1175/443/491 1251/476/526 1223/462/512
f 1251/476/526 1175/443/491 1219/461/511
f 1225/463/513 1223/462/512 1253/477/527
f 1223/462/512 1225/463/513 1179/444/492
f 1227/464/514 1225/463/513 1255/478/528
f 1225/463/513 1227/464/514 1181/445/493
f 1183/446/494 1257/479/529 1229/465/515
f 1257/479/529 1183/446/494 1227/464/514
f 1185/447/495 1259/480/530 1231/466/516
f 1259/480/530 1185/447/495 1229/465/515
f 1235/468/518 1233/467/517 1261/481/531
f 1233/467/517 1235/468/518 1191/450/498
f 1237/469/519 1235/468/518 1263/482/532
f 1235/468/518 1237/469/519 1193/451/499
f 1239/470/520 1237/469/519 1265/483/533
f 1237/469/519 1239/470/520 1195/452/500
f 1241/471/521 1239/470/520 1267/484/534
f 1239/470/520 1241/471/521 1197/453/501
f 1219/461/511 1241/471/521 1251/476/526
f 1241/471/521 1219/461/511 1200/454/503
f 1249/475/525 1203/455/504 1216/460/510
f 1203/455/504 1249/475/525 1243/472/522
f 1269/485/535 1207/456/505 1243/472/522
f 1207/456/505 1269/485/535 1245/473/523
f 1213/459/508 1271/486/536 1249/475/525
f 1271/486/536 1213/459/508 1247/474/524
f 1253/477/527 1251/476/526 1273/487/537
f 1251/476/526 1253/477/527 1223/462/512
f 1255/478/528 1253/477/527 1275/488/538
f 1253/477/527 1255/478/528 1225/463/513
f 1227/464/514 1277/489/539 1257/479/529
f 1277/489/539 1227/464/514 1255/478/528
f 1229/465/515 1279/490/540 1259/480/530
f 1279/490/540 1229/465/515 1257/479/529
f 1263/482/532 1261/481/531 1281/491/541
f 1261/481/531 1263/482/532 1235/468/518
f 1265/483/533 1263/482/532 1283/492/542
f 1263/482/532 1265/483/533 1237/469/519
f 1267/484/534 1265/483/533 1285/493/543
f 1265/483/533 1267/484/534 1239/470/520
f 1251/476/526 1267/484/534 1273/487/537
f 1267/484/534 1251/476/526 1241/471/521
f 1271/486/536 1243/472/522 1249/475/525
f 1243/472/522 1271/486/536 1269/485/535
f 1275/488/538 1273/487/537 1287/494/544
f 1273/487/537 1275/488/538 1253/477/527
f 1255/478/528 1289/495/545 1277/489/539
f 1289/495/545 1255/478/528 1275/488/538
f 1257/479/529 1291/496/546 1279/490/540
f 1291/496/546 1257/479/529 1277/489/539
f 1283/492/542 1281/491/541 1293/497/547
f 1281/491/541 1283/492/542 1263/482/532
f 1285/493/543 1283/492/542 1295/498/548
f 1283/492/542 1285/493/543 1265/483/533
f 1273/487/537 1285/493/543 1287/494/544
f 1285/493/543 1273/487/537 1267/484/534
f 1275/488/538 1297/499/549 1289/495/545
f 1297/499/549 1275/488/538 1287/494/544
f 1277/489/539 1299/500/550 1291/496/546
f 1299/500/550 1277/489/539 1289/495/545
f 1295/498/548 1293/497/547 1301/501/551
f 1293/497/547 1295/498/548 1283/492/542
f 1287/494/544 1295/498/548 1297/499/549
f 1295/498/548 1287/494/544 1285/493/543
f 1289/495/545 1303/502/552 1299/500/550
f 1303/502/552 1289/495/545 1297/499/549
f 1297/499/549 1301/501/551 1303/502/552
f 1301/501/551 1297/499/549 1295/498/548
