# SSTK version 0.8.0
# 113
mtllib original-113.mtl
o #ID831
v -0.051331 0.501747 0.451915
v -0.052548 0.502621 0.451673
v -0.051848 0.501461 0.452109
v -0.051855 0.502616 0.451589
v -0.051855 0.502616 0.451589
v -0.051331 0.501747 0.451915
v -0.052548 0.502621 0.451673
v -0.051848 0.501461 0.452109
v -0.050850 0.501958 0.451583
v -0.054323 0.507715 0.449421
v -0.054840 0.507564 0.449730
v -0.054840 0.507564 0.449730
v -0.054323 0.507715 0.449421
v -0.050850 0.501958 0.451583
v -0.052548 0.502621 0.451673
v -0.055394 0.507342 0.449900
v -0.055394 0.507342 0.449900
v -0.052548 0.502621 0.451673
v -0.082260 0.459525 0.467856
v -0.105054 0.458885 0.468097
v -0.099698 0.457490 0.468620
v -0.098852 0.459628 0.467818
v -0.064787 0.461079 0.467273
v -0.093052 0.461814 0.466996
v -0.047288 0.462151 0.466870
v -0.088038 0.465316 0.465682
v -0.029774 0.462740 0.466649
v -0.012252 0.462846 0.466609
v 0.005267 0.601492 0.414546
v -0.135952 0.590808 0.418559
v 0.005267 0.590808 0.418559
v -0.151710 0.601492 0.414546
v -0.134433 0.451981 0.470690
v -0.151710 0.448509 0.471993
v -0.135952 0.502621 0.451673
v -0.128408 0.475318 0.461926
v -0.125950 0.469917 0.463954
v -0.117092 0.454975 0.469565
v -0.122070 0.465316 0.465682
v -0.117056 0.461814 0.466996
v -0.111256 0.459628 0.467818
v -0.129250 0.481141 0.459739
v -0.128408 0.486965 0.457552
v -0.125950 0.492366 0.455525
v -0.122070 0.496967 0.453796
v -0.117056 0.500469 0.452482
v -0.111346 0.502621 0.451673
v 0.005267 0.477419 0.461137
v 0.005267 0.462469 0.466750
v 0.004365 0.477263 0.461196
v -0.084159 0.469917 0.463954
v -0.002874 0.476847 0.461352
v -0.081701 0.475318 0.461926
v -0.080858 0.481141 0.459739
v -0.010112 0.477263 0.461196
v -0.017240 0.478502 0.460730
v -0.024149 0.480548 0.459961
v -0.030732 0.483372 0.458902
v -0.081701 0.486965 0.457552
v -0.036887 0.486933 0.457564
v -0.042517 0.491178 0.455970
v -0.084159 0.492366 0.455525
v -0.047531 0.496045 0.454143
v -0.088038 0.496967 0.453796
v -0.051848 0.501461 0.452109
v -0.093052 0.500469 0.452482
v -0.098762 0.502621 0.451673
v -0.052548 0.502621 0.451673
v -0.052548 0.502621 0.451673
v -0.051848 0.501461 0.452109
v -0.098762 0.502621 0.451673
v -0.093052 0.500469 0.452482
v -0.088038 0.496967 0.453796
v -0.047531 0.496045 0.454143
v -0.084159 0.492366 0.455525
v -0.042517 0.491178 0.455970
v -0.081701 0.486965 0.457552
v -0.036887 0.486933 0.457564
v -0.030732 0.483372 0.458902
v -0.080858 0.481141 0.459739
v -0.024149 0.480548 0.459961
v -0.017240 0.478502 0.460730
v -0.010112 0.477263 0.461196
v -0.002874 0.476847 0.461352
v -0.081701 0.475318 0.461926
v -0.084159 0.469917 0.463954
v 0.004365 0.477263 0.461196
v -0.088038 0.465316 0.465682
v -0.012252 0.462846 0.466609
v 0.005267 0.477419 0.461137
v 0.005267 0.462469 0.466750
v -0.135952 0.590808 0.418559
v -0.135952 0.502621 0.451673
v -0.151710 0.601492 0.414546
v -0.111346 0.502621 0.451673
v -0.117056 0.500469 0.452482
v -0.122070 0.496967 0.453796
v -0.125950 0.492366 0.455525
v -0.128408 0.486965 0.457552
v -0.129250 0.481141 0.459739
v -0.128408 0.475318 0.461926
v -0.105054 0.458885 0.468097
v -0.099698 0.457490 0.468620
v -0.111256 0.459628 0.467818
v -0.117092 0.454975 0.469565
v -0.117056 0.461814 0.466996
v -0.122070 0.465316 0.465682
v -0.125950 0.469917 0.463954
v -0.134433 0.451981 0.470690
v -0.151710 0.448509 0.471993
v 0.005267 0.601492 0.414546
v 0.005267 0.590808 0.418559
v -0.029774 0.462740 0.466649
v -0.047288 0.462151 0.466870
v -0.093052 0.461814 0.466996
v -0.064787 0.461079 0.467273
v -0.098852 0.459628 0.467818
v -0.082260 0.459525 0.467856
v -0.047061 0.496390 0.453927
v -0.047531 0.496045 0.454143
v -0.047061 0.496390 0.453927
v -0.047531 0.496045 0.454143
v -0.046624 0.496655 0.453574
v -0.046624 0.496655 0.453574
v -0.050437 0.502077 0.451134
v -0.053014 0.506348 0.449530
v -0.053983 0.507767 0.449092
v -0.053983 0.507767 0.449092
v -0.053014 0.506348 0.449530
v -0.050437 0.502077 0.451134
v -0.057526 0.513750 0.447408
v -0.054996 0.509265 0.448838
v -0.056982 0.513836 0.447122
v -0.056982 0.513836 0.447122
v -0.054996 0.509265 0.448838
v -0.057526 0.513750 0.447408
v -0.058111 0.513596 0.447553
v -0.058111 0.513596 0.447553
v 0.200618 0.455852 0.469235
v 0.110232 0.457490 0.468620
v 0.127626 0.454975 0.469565
v 0.196062 0.456451 0.469011
v 0.191826 0.458206 0.468352
v 0.092794 0.459525 0.467856
v 0.188202 0.460987 0.467308
v 0.094517 0.459781 0.467760
v 0.100477 0.460496 0.467491
v 0.106049 0.462596 0.466703
v 0.186815 0.462794 0.466628
v 0.110864 0.465959 0.465441
v 0.185432 0.464597 0.465951
v 0.183696 0.468787 0.464379
v 0.114588 0.470375 0.463782
v 0.183105 0.473276 0.462693
v 0.116946 0.475556 0.461837
v 0.183696 0.477765 0.461008
v 0.117754 0.481141 0.459739
v 0.185432 0.481955 0.459434
v 0.116946 0.486727 0.457642
v 0.188202 0.485565 0.458078
v 0.191826 0.488346 0.457033
v 0.114588 0.491908 0.455696
v 0.196062 0.490101 0.456375
v 0.200618 0.490700 0.456150
v 0.248135 0.455852 0.469235
v 0.205174 0.456451 0.469011
v 0.347921 0.455852 0.469235
v 0.300404 0.455852 0.469235
v 0.243579 0.456451 0.469011
v 0.209411 0.458206 0.468352
v 0.239343 0.458206 0.468352
v 0.235719 0.460987 0.467308
v 0.213035 0.460987 0.467308
v 0.215805 0.464597 0.465951
v 0.234332 0.462794 0.466628
v 0.232949 0.464597 0.465951
v 0.231213 0.468787 0.464379
v 0.217540 0.468787 0.464379
v 0.230622 0.473276 0.462693
v 0.218131 0.473276 0.462693
v 0.231213 0.477765 0.461008
v 0.217540 0.477765 0.461008
v 0.232949 0.481955 0.459434
v 0.215805 0.481955 0.459434
v 0.213035 0.485565 0.458078
v 0.235719 0.485565 0.458078
v 0.209411 0.488346 0.457033
v 0.239343 0.488346 0.457033
v 0.243579 0.490101 0.456375
v 0.205174 0.490101 0.456375
v 0.248135 0.490700 0.456150
v 0.295848 0.456451 0.469011
v 0.252691 0.456451 0.469011
v 0.291612 0.458206 0.468352
v 0.256927 0.458206 0.468352
v 0.287987 0.460987 0.467308
v 0.260552 0.460987 0.467308
v 0.263322 0.464597 0.465951
v 0.286601 0.462794 0.466628
v 0.285218 0.464597 0.465951
v 0.283482 0.468787 0.464379
v 0.265057 0.468787 0.464379
v 0.282891 0.473276 0.462693
v 0.265648 0.473276 0.462693
v 0.283482 0.477765 0.461008
v 0.265057 0.477765 0.461008
v 0.263322 0.481955 0.459434
v 0.285218 0.481955 0.459434
v 0.287987 0.485565 0.458078
v 0.260552 0.485565 0.458078
v 0.256927 0.488346 0.457033
v 0.291612 0.488346 0.457033
v 0.295848 0.490101 0.456375
v 0.252691 0.490101 0.456375
v 0.300404 0.490700 0.456150
v 0.343365 0.456451 0.469011
v 0.304960 0.456451 0.469011
v 0.339129 0.458206 0.468352
v 0.309196 0.458206 0.468352
v 0.335504 0.460987 0.467308
v 0.312820 0.460987 0.467308
v 0.315590 0.464597 0.465951
v 0.332735 0.464597 0.465951
v 0.331866 0.466694 0.465164
v 0.317326 0.468787 0.464379
v 0.330999 0.468787 0.464379
v 0.317917 0.473276 0.462693
v 0.330408 0.473276 0.462693
v 0.330999 0.477765 0.461008
v 0.317326 0.477765 0.461008
v 0.315590 0.481955 0.459434
v 0.332735 0.481955 0.459434
v 0.335504 0.485565 0.458078
v 0.312820 0.485565 0.458078
v 0.309196 0.488346 0.457033
v 0.339129 0.488346 0.457033
v 0.343365 0.490101 0.456375
v 0.304960 0.490101 0.456375
v 0.347921 0.490700 0.456150
v 0.360593 0.502983 0.451537
v 0.360337 0.485565 0.458078
v 0.360593 0.485232 0.458203
v 0.356713 0.488346 0.457033
v 0.352477 0.490101 0.456375
v 0.110864 0.496324 0.454038
v 0.106049 0.499687 0.452775
v 0.131615 0.501229 0.452196
v 0.186954 0.502983 0.451537
v 0.190993 0.502983 0.451537
v 0.494704 0.439855 0.475242
v 0.197575 0.439855 0.475242
v 0.352477 0.456451 0.469011
v 0.482453 0.484839 0.458350
v 0.494704 0.601492 0.414546
v 0.196573 0.440143 0.475135
v 0.179449 0.444563 0.473475
v 0.166235 0.447594 0.472337
v 0.162244 0.448509 0.471993
v 0.144966 0.451981 0.470690
v 0.356713 0.458206 0.468352
v 0.360337 0.460987 0.467308
v 0.363107 0.464597 0.465951
v 0.364843 0.468787 0.464379
v 0.365434 0.473276 0.462693
v 0.364843 0.477765 0.461008
v 0.363107 0.481955 0.459434
v 0.482453 0.587484 0.419807
v 0.131615 0.590808 0.418559
v 0.005267 0.590808 0.418559
v 0.005267 0.601492 0.414546
v 0.151518 0.502983 0.451537
v 0.156270 0.502983 0.451537
v 0.151518 0.519750 0.445242
v 0.151518 0.521990 0.444400
v 0.151518 0.540667 0.437387
v 0.151518 0.542422 0.436728
v 0.151518 0.561100 0.429714
v 0.151518 0.562768 0.429088
v 0.151518 0.579011 0.422988
v 0.186954 0.579011 0.422988
v 0.190993 0.579011 0.422988
v 0.360593 0.579011 0.422988
v 0.360593 0.587484 0.419807
v 0.360894 0.484839 0.458350
v 0.101958 0.501229 0.452196
v 0.075321 0.461079 0.467273
v 0.088557 0.460496 0.467491
v 0.082985 0.462596 0.466703
v 0.057822 0.462151 0.466870
v 0.040307 0.462740 0.466649
v 0.078170 0.465959 0.465441
v 0.022786 0.462846 0.466609
v 0.005267 0.477419 0.461137
v 0.005267 0.462469 0.466750
v 0.074446 0.470375 0.463782
v 0.072088 0.475556 0.461837
v 0.071280 0.481141 0.459739
v 0.005701 0.477495 0.461109
v 0.011493 0.478502 0.460730
v 0.018402 0.480548 0.459961
v 0.024985 0.483372 0.458902
v 0.072088 0.486727 0.457642
v 0.031140 0.486933 0.457564
v 0.074446 0.491908 0.455696
v 0.036769 0.491178 0.455970
v 0.041784 0.496045 0.454143
v 0.078170 0.496324 0.454038
v 0.046100 0.501461 0.452109
v 0.050213 0.501229 0.452196
v 0.082985 0.499687 0.452775
v 0.087076 0.501229 0.452196
v 0.087076 0.501229 0.452196
v 0.082985 0.499687 0.452775
v 0.050213 0.501229 0.452196
v 0.078170 0.496324 0.454038
v 0.046100 0.501461 0.452109
v 0.041784 0.496045 0.454143
v 0.074446 0.491908 0.455696
v 0.036769 0.491178 0.455970
v 0.031140 0.486933 0.457564
v 0.072088 0.486727 0.457642
v 0.024985 0.483372 0.458902
v 0.071280 0.481141 0.459739
v 0.018402 0.480548 0.459961
v 0.011493 0.478502 0.460730
v 0.005701 0.477495 0.461109
v 0.005267 0.477419 0.461137
v 0.072088 0.475556 0.461837
v 0.074446 0.470375 0.463782
v 0.078170 0.465959 0.465441
v 0.022786 0.462846 0.466609
v 0.005267 0.462469 0.466750
v 0.040307 0.462740 0.466649
v 0.082985 0.462596 0.466703
v 0.057822 0.462151 0.466870
v 0.075321 0.461079 0.467273
v 0.088557 0.460496 0.467491
v 0.094517 0.459781 0.467760
v 0.092794 0.459525 0.467856
v 0.131615 0.501229 0.452196
v 0.106049 0.499687 0.452775
v 0.101958 0.501229 0.452196
v 0.482453 0.484839 0.458350
v 0.363107 0.481955 0.459434
v 0.360894 0.484839 0.458350
v 0.482453 0.587484 0.419807
v 0.360593 0.587484 0.419807
v 0.131615 0.590808 0.418559
v 0.360593 0.579011 0.422988
v 0.190993 0.579011 0.422988
v 0.186954 0.579011 0.422988
v 0.151518 0.579011 0.422988
v 0.151518 0.562768 0.429088
v 0.151518 0.561100 0.429714
v 0.151518 0.542422 0.436728
v 0.151518 0.540667 0.437387
v 0.151518 0.521990 0.444400
v 0.151518 0.519750 0.445242
v 0.151518 0.502983 0.451537
v 0.156270 0.502983 0.451537
v 0.186954 0.502983 0.451537
v 0.005267 0.601492 0.414546
v 0.494704 0.601492 0.414546
v 0.005267 0.590808 0.418559
v 0.364843 0.477765 0.461008
v 0.365434 0.473276 0.462693
v 0.364843 0.468787 0.464379
v 0.363107 0.464597 0.465951
v 0.360337 0.460987 0.467308
v 0.356713 0.458206 0.468352
v 0.352477 0.456451 0.469011
v 0.200618 0.455852 0.469235
v 0.347921 0.455852 0.469235
v 0.127626 0.454975 0.469565
v 0.144966 0.451981 0.470690
v 0.162244 0.448509 0.471993
v 0.166235 0.447594 0.472337
v 0.179449 0.444563 0.473475
v 0.196573 0.440143 0.475135
v 0.197575 0.439855 0.475242
v 0.494704 0.439855 0.475242
v 0.190993 0.502983 0.451537
v 0.360593 0.502983 0.451537
v 0.110864 0.496324 0.454038
v 0.114588 0.491908 0.455696
v 0.200618 0.490700 0.456150
v 0.248135 0.490700 0.456150
v 0.300404 0.490700 0.456150
v 0.347921 0.490700 0.456150
v 0.352477 0.490101 0.456375
v 0.356713 0.488346 0.457033
v 0.360337 0.485565 0.458078
v 0.360593 0.485232 0.458203
v 0.343365 0.490101 0.456375
v 0.304960 0.490101 0.456375
v 0.309196 0.488346 0.457033
v 0.339129 0.488346 0.457033
v 0.335504 0.485565 0.458078
v 0.312820 0.485565 0.458078
v 0.315590 0.481955 0.459434
v 0.332735 0.481955 0.459434
v 0.330999 0.477765 0.461008
v 0.317326 0.477765 0.461008
v 0.317917 0.473276 0.462693
v 0.330408 0.473276 0.462693
v 0.330999 0.468787 0.464379
v 0.317326 0.468787 0.464379
v 0.331866 0.466694 0.465164
v 0.315590 0.464597 0.465951
v 0.332735 0.464597 0.465951
v 0.335504 0.460987 0.467308
v 0.312820 0.460987 0.467308
v 0.309196 0.458206 0.468352
v 0.339129 0.458206 0.468352
v 0.304960 0.456451 0.469011
v 0.343365 0.456451 0.469011
v 0.300404 0.455852 0.469235
v 0.252691 0.490101 0.456375
v 0.295848 0.490101 0.456375
v 0.256927 0.488346 0.457033
v 0.291612 0.488346 0.457033
v 0.287987 0.485565 0.458078
v 0.260552 0.485565 0.458078
v 0.263322 0.481955 0.459434
v 0.285218 0.481955 0.459434
v 0.283482 0.477765 0.461008
v 0.265057 0.477765 0.461008
v 0.265648 0.473276 0.462693
v 0.282891 0.473276 0.462693
v 0.265057 0.468787 0.464379
v 0.283482 0.468787 0.464379
v 0.263322 0.464597 0.465951
v 0.285218 0.464597 0.465951
v 0.286601 0.462794 0.466628
v 0.287987 0.460987 0.467308
v 0.260552 0.460987 0.467308
v 0.256927 0.458206 0.468352
v 0.291612 0.458206 0.468352
v 0.252691 0.456451 0.469011
v 0.295848 0.456451 0.469011
v 0.248135 0.455852 0.469235
v 0.205174 0.490101 0.456375
v 0.243579 0.490101 0.456375
v 0.209411 0.488346 0.457033
v 0.239343 0.488346 0.457033
v 0.235719 0.485565 0.458078
v 0.213035 0.485565 0.458078
v 0.232949 0.481955 0.459434
v 0.215805 0.481955 0.459434
v 0.217540 0.477765 0.461008
v 0.231213 0.477765 0.461008
v 0.218131 0.473276 0.462693
v 0.230622 0.473276 0.462693
v 0.217540 0.468787 0.464379
v 0.231213 0.468787 0.464379
v 0.215805 0.464597 0.465951
v 0.232949 0.464597 0.465951
v 0.234332 0.462794 0.466628
v 0.235719 0.460987 0.467308
v 0.213035 0.460987 0.467308
v 0.209411 0.458206 0.468352
v 0.239343 0.458206 0.468352
v 0.243579 0.456451 0.469011
v 0.205174 0.456451 0.469011
v 0.196062 0.490101 0.456375
v 0.191826 0.488346 0.457033
v 0.116946 0.486727 0.457642
v 0.188202 0.485565 0.458078
v 0.185432 0.481955 0.459434
v 0.117754 0.481141 0.459739
v 0.183696 0.477765 0.461008
v 0.116946 0.475556 0.461837
v 0.183105 0.473276 0.462693
v 0.114588 0.470375 0.463782
v 0.183696 0.468787 0.464379
v 0.110864 0.465959 0.465441
v 0.185432 0.464597 0.465951
v 0.186815 0.462794 0.466628
v 0.106049 0.462596 0.466703
v 0.188202 0.460987 0.467308
v 0.100477 0.460496 0.467491
v 0.191826 0.458206 0.468352
v 0.110232 0.457490 0.468620
v 0.196062 0.456451 0.469011
v 0.005267 0.477419 0.461137
v 0.004290 0.477807 0.460905
v 0.004365 0.477263 0.461196
v 0.005701 0.477495 0.461109
v 0.005588 0.478032 0.460821
v 0.005588 0.478032 0.460821
v 0.005701 0.477495 0.461109
v 0.004290 0.477807 0.460905
v 0.005267 0.477419 0.461137
v 0.004365 0.477263 0.461196
v -0.002874 0.477396 0.461060
v -0.002874 0.476847 0.461352
v -0.002874 0.477396 0.461060
v -0.002874 0.476847 0.461352
v -0.010112 0.477263 0.461196
v -0.010037 0.477807 0.460905
v -0.010037 0.477807 0.460905
v -0.010112 0.477263 0.461196
v -0.017240 0.478502 0.460730
v -0.017091 0.479033 0.460444
v -0.017091 0.479033 0.460444
v -0.017240 0.478502 0.460730
v -0.024149 0.480548 0.459961
v -0.023928 0.481058 0.459684
v -0.023928 0.481058 0.459684
v -0.024149 0.480548 0.459961
v -0.030732 0.483372 0.458902
v -0.030442 0.483852 0.458635
v -0.030442 0.483852 0.458635
v -0.030732 0.483372 0.458902
v -0.036887 0.486933 0.457564
v -0.036531 0.487375 0.457312
v -0.036531 0.487375 0.457312
v -0.036887 0.486933 0.457564
v -0.042517 0.491178 0.455970
v -0.042101 0.491575 0.455735
v -0.042101 0.491575 0.455735
v -0.042517 0.491178 0.455970
v -0.041714 0.491888 0.455364
v -0.041714 0.491888 0.455364
v -0.046248 0.496821 0.453108
v -0.046248 0.496821 0.453108
v -0.050121 0.502098 0.450601
v -0.053538 0.507764 0.448474
v -0.053879 0.507783 0.448991
v -0.053879 0.507783 0.448991
v -0.053538 0.507764 0.448474
v -0.050121 0.502098 0.450601
v -0.056514 0.513850 0.446714
v -0.056514 0.513850 0.446714
v -0.059344 0.520204 0.444984
v -0.058781 0.520224 0.444724
v -0.058781 0.520224 0.444724
v -0.059344 0.520204 0.444984
v -0.059949 0.520122 0.445102
v -0.059949 0.520122 0.445102
v 0.046100 0.501461 0.452109
v 0.041314 0.496390 0.453927
v 0.041784 0.496045 0.454143
v 0.045584 0.501747 0.451915
v 0.045584 0.501747 0.451915
v 0.046100 0.501461 0.452109
v 0.041314 0.496390 0.453927
v 0.041784 0.496045 0.454143
v 0.036354 0.491575 0.455735
v 0.036769 0.491178 0.455970
v 0.036354 0.491575 0.455735
v 0.036769 0.491178 0.455970
v 0.030784 0.487375 0.457312
v 0.031140 0.486933 0.457564
v 0.030784 0.487375 0.457312
v 0.031140 0.486933 0.457564
v 0.024694 0.483852 0.458635
v 0.024985 0.483372 0.458902
v 0.024694 0.483852 0.458635
v 0.024985 0.483372 0.458902
v 0.018180 0.481058 0.459684
v 0.018402 0.480548 0.459961
v 0.018180 0.481058 0.459684
v 0.018402 0.480548 0.459961
v 0.011344 0.479033 0.460444
v 0.011493 0.478502 0.460730
v 0.011344 0.479033 0.460444
v 0.011493 0.478502 0.460730
v 0.005701 0.477495 0.461109
v 0.005701 0.477495 0.461109
v 0.471034 0.392883 0.490583
v 0.494704 0.392420 0.490736
v 0.447377 0.393914 0.490247
v 0.423742 0.395512 0.489725
v 0.400138 0.397678 0.489018
v 0.376576 0.400409 0.488126
v 0.353066 0.403705 0.487050
v 0.329616 0.407564 0.485788
v 0.306236 0.411986 0.484345
v 0.282935 0.416968 0.482718
v 0.259724 0.422507 0.480909
v 0.236611 0.428603 0.478917
v 0.213606 0.435252 0.476746
v 0.213606 0.435252 0.476746
v 0.236611 0.428603 0.478917
v 0.259724 0.422507 0.480909
v 0.282935 0.416968 0.482718
v 0.306236 0.411986 0.484345
v 0.329616 0.407564 0.485788
v 0.353066 0.403705 0.487050
v 0.376576 0.400409 0.488126
v 0.400138 0.397678 0.489018
v 0.423742 0.395512 0.489725
v 0.447377 0.393914 0.490247
v 0.471034 0.392883 0.490583
v 0.494704 0.392420 0.490736
v 0.004219 0.478257 0.460483
v 0.005484 0.478476 0.460399
v 0.005484 0.478476 0.460399
v 0.004219 0.478257 0.460483
v -0.002874 0.477850 0.460635
v -0.002874 0.477850 0.460635
v -0.009967 0.478257 0.460483
v -0.009967 0.478257 0.460483
v -0.016952 0.479471 0.460026
v -0.016952 0.479471 0.460026
v -0.023721 0.481476 0.459273
v -0.023721 0.481476 0.459273
v -0.030171 0.484242 0.458234
v -0.030171 0.484242 0.458234
v -0.036200 0.487730 0.456925
v -0.036200 0.487730 0.456925
v -0.041381 0.492096 0.454882
v -0.041381 0.492096 0.454882
v -0.045960 0.496877 0.452562
v -0.045960 0.496877 0.452562
v -0.049922 0.502018 0.450019
v -0.053324 0.507659 0.447900
v -0.053324 0.507659 0.447900
v -0.049922 0.502018 0.450019
v -0.056155 0.513788 0.446211
v -0.056155 0.513788 0.446211
v -0.058297 0.520180 0.444336
v -0.058297 0.520180 0.444336
v -0.060262 0.526823 0.442499
v -0.059689 0.526774 0.442264
v -0.059689 0.526774 0.442264
v -0.060262 0.526823 0.442499
v -0.060877 0.526814 0.442589
v -0.060877 0.526814 0.442589
v 0.049647 0.507342 0.449900
v 0.049092 0.507564 0.449730
v 0.049092 0.507564 0.449730
v 0.049647 0.507342 0.449900
v 0.040876 0.496655 0.453574
v 0.045103 0.501958 0.451583
v 0.045103 0.501958 0.451583
v 0.040876 0.496655 0.453574
v 0.035966 0.491888 0.455364
v 0.035966 0.491888 0.455364
v 0.030452 0.487730 0.456925
v 0.030452 0.487730 0.456925
v 0.024423 0.484242 0.458234
v 0.024423 0.484242 0.458234
v 0.017974 0.481476 0.459273
v 0.017974 0.481476 0.459273
v 0.011204 0.479471 0.460026
v 0.011204 0.479471 0.460026
v 0.005394 0.478797 0.459877
v 0.004159 0.478582 0.459956
v 0.005394 0.478797 0.459877
v 0.004159 0.478582 0.459956
v -0.002874 0.478179 0.460108
v -0.002874 0.478179 0.460108
v -0.009907 0.478582 0.459956
v -0.009907 0.478582 0.459956
v -0.016832 0.479786 0.459505
v -0.016832 0.479786 0.459505
v -0.023544 0.481774 0.458758
v -0.023544 0.481774 0.458758
v -0.029938 0.484517 0.457728
v -0.029938 0.484517 0.457728
v -0.035915 0.487974 0.456430
v -0.035915 0.487974 0.456430
v -0.041125 0.492185 0.454324
v -0.041125 0.492185 0.454324
v -0.045778 0.496820 0.451971
v -0.045778 0.496820 0.451971
v -0.049854 0.501843 0.449427
v -0.053251 0.507476 0.447313
v -0.053251 0.507476 0.447313
v -0.049854 0.501843 0.449427
v -0.055929 0.513657 0.445648
v -0.055929 0.513657 0.445648
v -0.057926 0.520075 0.443850
v -0.057926 0.520075 0.443850
v -0.059196 0.526671 0.441900
v -0.059196 0.526671 0.441900
v -0.059689 0.533379 0.439784
v -0.060262 0.533497 0.439993
v -0.060262 0.533497 0.439993
v -0.059689 0.533379 0.439784
v -0.060877 0.533562 0.440054
v -0.060877 0.533562 0.440054
v 0.052363 0.513596 0.447553
v 0.051779 0.513750 0.447408
v 0.051779 0.513750 0.447408
v 0.052363 0.513596 0.447553
v 0.048575 0.507715 0.449421
v 0.048575 0.507715 0.449421
v 0.044690 0.502077 0.451134
v 0.040501 0.496821 0.453108
v 0.044690 0.502077 0.451134
v 0.040501 0.496821 0.453108
v 0.035633 0.492096 0.454882
v 0.035633 0.492096 0.454882
v 0.030168 0.487974 0.456430
v 0.030168 0.487974 0.456430
v 0.024190 0.484517 0.457728
v 0.024190 0.484517 0.457728
v 0.017796 0.481774 0.458758
v 0.017796 0.481774 0.458758
v 0.011085 0.479786 0.459505
v 0.011085 0.479786 0.459505
v 0.005325 0.478971 0.459285
v 0.004113 0.478760 0.459364
v 0.005325 0.478971 0.459285
v 0.004113 0.478760 0.459364
v -0.002874 0.478360 0.459515
v -0.002874 0.478360 0.459515
v -0.009861 0.478760 0.459364
v -0.009861 0.478760 0.459364
v -0.016740 0.479957 0.458915
v -0.016740 0.479957 0.458915
v -0.023408 0.481931 0.458174
v -0.023408 0.481931 0.458174
v -0.029759 0.484656 0.457150
v -0.029759 0.484656 0.457150
v -0.035696 0.488091 0.455861
v -0.035696 0.488091 0.455861
v -0.040965 0.492147 0.453725
v -0.040965 0.492147 0.453725
v -0.045717 0.496653 0.451376
v -0.045717 0.496653 0.451376
v -0.049853 0.501103 0.447459
v -0.053251 0.507476 0.447313
v -0.049854 0.501843 0.449427
v -0.050567 0.502298 0.447046
v -0.051558 0.503958 0.446473
v -0.053252 0.506793 0.445495
v -0.053252 0.506793 0.445495
v -0.051558 0.503958 0.446473
v -0.053251 0.507476 0.447313
v -0.050567 0.502298 0.447046
v -0.049853 0.501103 0.447459
v -0.049854 0.501843 0.449427
v -0.055852 0.513465 0.445064
v -0.055852 0.513465 0.445064
v -0.057692 0.519917 0.443297
v -0.057692 0.519917 0.443297
v -0.058819 0.526521 0.441430
v -0.058819 0.526521 0.441430
v -0.059196 0.533216 0.439441
v -0.059196 0.533216 0.439441
v -0.058781 0.539929 0.437324
v -0.059344 0.540115 0.437508
v -0.059344 0.540115 0.437508
v -0.058781 0.539929 0.437324
v -0.059949 0.540255 0.437541
v -0.059949 0.540255 0.437541
v 0.054202 0.520122 0.445102
v 0.053597 0.520204 0.444984
v 0.053597 0.520204 0.444984
v 0.054202 0.520122 0.445102
v 0.051234 0.513836 0.447122
v 0.051234 0.513836 0.447122
v 0.048131 0.507783 0.448991
v 0.048131 0.507783 0.448991
v 0.044373 0.502098 0.450601
v 0.040212 0.496877 0.452562
v 0.044373 0.502098 0.450601
v 0.040212 0.496877 0.452562
v 0.035378 0.492185 0.454324
v 0.035378 0.492185 0.454324
v 0.029949 0.488091 0.455861
v 0.029949 0.488091 0.455861
v 0.024012 0.484656 0.457150
v 0.024012 0.484656 0.457150
v 0.017660 0.481931 0.458174
v 0.017660 0.481931 0.458174
v 0.010993 0.479957 0.458915
v 0.010993 0.479957 0.458915
v 0.005282 0.478988 0.458666
v 0.004084 0.478780 0.458745
v 0.005282 0.478988 0.458666
v 0.004084 0.478780 0.458745
v -0.002874 0.478381 0.458894
v -0.002874 0.478381 0.458894
v -0.009831 0.478780 0.458745
v -0.009831 0.478780 0.458745
v -0.016683 0.479971 0.458298
v -0.016683 0.479971 0.458298
v -0.023322 0.481938 0.457559
v -0.023322 0.481938 0.457559
v -0.029647 0.484651 0.456541
v -0.029647 0.484651 0.456541
v -0.035559 0.488071 0.455257
v -0.035559 0.488071 0.455257
v -0.040910 0.491987 0.453129
v -0.040910 0.491987 0.453129
v -0.045717 0.495913 0.449407
v -0.045717 0.496653 0.451376
v -0.045717 0.495913 0.449407
v -0.045717 0.496653 0.451376
v -0.051667 0.504110 0.446329
v -0.053251 0.506737 0.445343
v -0.053251 0.506737 0.445343
v -0.051667 0.504110 0.446329
v -0.055852 0.513465 0.445064
v -0.055852 0.513465 0.445064
v -0.050572 0.502295 0.447011
v -0.050572 0.502295 0.447011
v -0.057613 0.519715 0.442717
v -0.057613 0.519715 0.442717
v -0.058582 0.526334 0.440888
v -0.058582 0.526334 0.440888
v -0.058819 0.533020 0.438990
v -0.058819 0.533020 0.438990
v -0.058297 0.539707 0.437004
v -0.058297 0.539707 0.437004
v -0.056982 0.546316 0.434926
v -0.057526 0.546570 0.435084
v -0.057526 0.546570 0.435084
v -0.056982 0.546316 0.434926
v -0.058111 0.546781 0.435091
v -0.058111 0.546781 0.435091
v 0.055129 0.526814 0.442589
v 0.054514 0.526823 0.442499
v 0.054514 0.526823 0.442499
v 0.055129 0.526814 0.442589
v 0.053033 0.520224 0.444724
v 0.053033 0.520224 0.444724
v 0.050766 0.513850 0.446714
v 0.050766 0.513850 0.446714
v 0.047791 0.507764 0.448474
v 0.047791 0.507764 0.448474
v 0.040031 0.496820 0.451971
v 0.044174 0.502018 0.450019
v 0.044174 0.502018 0.450019
v 0.040031 0.496820 0.451971
v 0.035218 0.492147 0.453725
v 0.035218 0.492147 0.453725
v 0.029812 0.488071 0.455257
v 0.029812 0.488071 0.455257
v 0.023900 0.484651 0.456541
v 0.023900 0.484651 0.456541
v 0.017575 0.481938 0.457559
v 0.017575 0.481938 0.457559
v 0.010935 0.479971 0.458298
v 0.010935 0.479971 0.458298
v 0.005267 0.478847 0.458063
v 0.004074 0.478639 0.458141
v 0.005267 0.478847 0.458063
v 0.004074 0.478639 0.458141
v -0.002874 0.478241 0.458291
v -0.002874 0.478241 0.458291
v -0.009822 0.478639 0.458141
v -0.009822 0.478639 0.458141
v -0.016663 0.479829 0.457695
v -0.016663 0.479829 0.457695
v -0.023293 0.481792 0.456957
v -0.023293 0.481792 0.456957
v -0.029609 0.484501 0.455940
v -0.029609 0.484501 0.455940
v -0.035512 0.487917 0.454657
v -0.035512 0.487917 0.454657
v -0.040910 0.491248 0.451159
v -0.040910 0.491987 0.453129
v -0.040910 0.491248 0.451159
v -0.040910 0.491987 0.453129
v -0.055852 0.512726 0.443093
v -0.057613 0.519715 0.442717
v -0.057613 0.518975 0.440747
v -0.057613 0.518975 0.440747
v -0.055852 0.512726 0.443093
v -0.057613 0.519715 0.442717
v -0.058501 0.526123 0.440310
v -0.058501 0.526123 0.440310
v -0.058582 0.532804 0.438459
v -0.058582 0.532804 0.438459
v -0.057926 0.539466 0.436569
v -0.057926 0.539466 0.436569
v -0.056514 0.546038 0.434627
v -0.056514 0.546038 0.434627
v -0.054323 0.552438 0.432627
v -0.054840 0.552755 0.432761
v -0.054840 0.552755 0.432761
v -0.054323 0.552438 0.432627
v -0.055394 0.553035 0.432743
v -0.055394 0.553035 0.432743
v 0.055129 0.533562 0.440054
v 0.054514 0.533497 0.439993
v 0.054514 0.533497 0.439993
v 0.055129 0.533562 0.440054
v 0.053941 0.526774 0.442264
v 0.053941 0.526774 0.442264
v 0.052550 0.520180 0.444336
v 0.052550 0.520180 0.444336
v 0.050407 0.513788 0.446211
v 0.050407 0.513788 0.446211
v 0.047577 0.507659 0.447900
v 0.047577 0.507659 0.447900
v 0.039969 0.496653 0.451376
v 0.044106 0.501843 0.449427
v 0.044106 0.501843 0.449427
v 0.039969 0.496653 0.451376
v 0.035163 0.491987 0.453129
v 0.035163 0.491987 0.453129
v 0.029765 0.487917 0.454657
v 0.029765 0.487917 0.454657
v 0.023861 0.484501 0.455940
v 0.023861 0.484501 0.455940
v 0.017545 0.481792 0.456957
v 0.017545 0.481792 0.456957
v 0.010916 0.479829 0.457695
v 0.010916 0.479829 0.457695
v 0.005267 0.478847 0.458063
v 0.005267 0.478847 0.458063
v 0.004074 0.478639 0.458141
v 0.005267 0.478107 0.456093
v 0.004074 0.477900 0.456171
v 0.005267 0.478847 0.458063
v 0.005267 0.478847 0.458063
v 0.004074 0.478639 0.458141
v 0.005267 0.478107 0.456093
v 0.004074 0.477900 0.456171
v -0.002874 0.477550 0.456451
v -0.002874 0.478241 0.458291
v -0.002874 0.477501 0.456321
v -0.002874 0.477501 0.456321
v -0.002874 0.477550 0.456451
v -0.002874 0.478241 0.458291
v -0.009822 0.477900 0.456171
v -0.009822 0.478639 0.458141
v -0.009822 0.477900 0.456171
v -0.009822 0.478639 0.458141
v -0.016663 0.479829 0.457695
v -0.016663 0.479089 0.455725
v -0.016663 0.479829 0.457695
v -0.016663 0.479089 0.455725
v -0.023293 0.481053 0.454987
v -0.023293 0.481792 0.456957
v -0.023293 0.481053 0.454987
v -0.023293 0.481792 0.456957
v -0.029609 0.483762 0.453970
v -0.029609 0.484501 0.455940
v -0.029609 0.483762 0.453970
v -0.029609 0.484501 0.455940
v -0.035512 0.487177 0.452687
v -0.035512 0.487917 0.454657
v -0.035512 0.487177 0.452687
v -0.035512 0.487917 0.454657
v -0.058501 0.526123 0.440310
v -0.058501 0.525383 0.438340
v -0.058501 0.525383 0.438340
v -0.058501 0.526123 0.440310
v -0.058501 0.532584 0.437884
v -0.058501 0.532584 0.437884
v -0.057692 0.539222 0.436048
v -0.057692 0.539222 0.436048
v -0.056155 0.545753 0.434208
v -0.056155 0.545753 0.434208
v -0.053879 0.552104 0.432349
v -0.053879 0.552104 0.432349
v -0.050850 0.558195 0.430465
v -0.051331 0.558572 0.430576
v -0.051331 0.558572 0.430576
v -0.050850 0.558195 0.430465
v -0.051848 0.558915 0.430534
v -0.051848 0.558915 0.430534
v 0.053597 0.540115 0.437508
v 0.054202 0.540255 0.437541
v 0.054202 0.540255 0.437541
v 0.053597 0.540115 0.437508
v 0.053941 0.533379 0.439784
v 0.053941 0.533379 0.439784
v 0.053449 0.526671 0.441900
v 0.053449 0.526671 0.441900
v 0.052178 0.520075 0.443850
v 0.052178 0.520075 0.443850
v 0.050182 0.513657 0.445648
v 0.050182 0.513657 0.445648
v 0.047503 0.507476 0.447313
v 0.047503 0.507476 0.447313
v 0.044106 0.501843 0.449427
v 0.039969 0.495913 0.449407
v 0.039969 0.496653 0.451376
v 0.044106 0.501103 0.447459
v 0.044106 0.501103 0.447459
v 0.044106 0.501843 0.449427
v 0.039969 0.495913 0.449407
v 0.039969 0.496653 0.451376
v 0.035163 0.491248 0.451159
v 0.035163 0.491987 0.453129
v 0.035163 0.491248 0.451159
v 0.035163 0.491987 0.453129
v 0.029765 0.487917 0.454657
v 0.029765 0.487177 0.452687
v 0.029765 0.487917 0.454657
v 0.029765 0.487177 0.452687
v 0.023861 0.483762 0.453970
v 0.023861 0.484501 0.455940
v 0.023861 0.483762 0.453970
v 0.023861 0.484501 0.455940
v 0.017545 0.481792 0.456957
v 0.017545 0.481053 0.454987
v 0.017545 0.481792 0.456957
v 0.017545 0.481053 0.454987
v 0.010916 0.479089 0.455725
v 0.010916 0.479829 0.457695
v 0.010916 0.479089 0.455725
v 0.010916 0.479829 0.457695
v 0.005267 0.478107 0.456093
v 0.005267 0.478847 0.458063
v 0.005267 0.478107 0.456093
v 0.005267 0.478847 0.458063
v -0.058501 0.532584 0.437884
v -0.058501 0.531844 0.435914
v -0.058501 0.531844 0.435914
v -0.058501 0.532584 0.437884
v -0.057613 0.538991 0.435479
v -0.057613 0.538991 0.435479
v -0.055929 0.545481 0.433698
v -0.055929 0.545481 0.433698
v -0.053538 0.551777 0.431946
v -0.053538 0.551777 0.431946
v -0.050437 0.557811 0.430206
v -0.050437 0.557811 0.430206
v -0.046624 0.563498 0.428474
v -0.047061 0.563930 0.428565
v -0.047061 0.563930 0.428565
v -0.046624 0.563498 0.428474
v -0.048077 0.563646 0.428757
v -0.047495 0.564301 0.428505
v -0.047495 0.564301 0.428505
v -0.048077 0.563646 0.428757
v 0.051779 0.546570 0.435084
v 0.052363 0.546781 0.435091
v 0.052363 0.546781 0.435091
v 0.051779 0.546570 0.435084
v 0.053033 0.539929 0.437324
v 0.053033 0.539929 0.437324
v 0.053449 0.533216 0.439441
v 0.053449 0.533216 0.439441
v 0.053072 0.526521 0.441430
v 0.053072 0.526521 0.441430
v 0.051945 0.519917 0.443297
v 0.051945 0.519917 0.443297
v 0.050105 0.513465 0.445064
v 0.050105 0.513465 0.445064
v 0.047503 0.507476 0.447313
v 0.047504 0.506793 0.445495
v 0.047504 0.506793 0.445495
v 0.047503 0.507476 0.447313
v -0.057613 0.538991 0.435479
v -0.057613 0.538251 0.433509
v -0.057613 0.538251 0.433509
v -0.057613 0.538991 0.435479
v -0.055852 0.545241 0.433131
v -0.055852 0.545241 0.433131
v -0.053324 0.551479 0.431445
v -0.053324 0.551479 0.431445
v -0.050121 0.557444 0.429818
v -0.050121 0.557444 0.429818
v -0.046248 0.563067 0.428232
v -0.046248 0.563067 0.428232
v -0.041714 0.568264 0.426684
v -0.042101 0.568744 0.426757
v -0.042101 0.568744 0.426757
v -0.041714 0.568264 0.426684
v -0.047073 0.564776 0.428334
v -0.045888 0.565926 0.427902
v -0.042156 0.568805 0.426745
v -0.042156 0.568805 0.426745
v -0.045888 0.565926 0.427902
v -0.047073 0.564776 0.428334
v 0.049092 0.552755 0.432761
v 0.049647 0.553035 0.432743
v 0.049647 0.553035 0.432743
v 0.049092 0.552755 0.432761
v 0.051234 0.546316 0.434926
v 0.051234 0.546316 0.434926
v 0.052550 0.539707 0.437004
v 0.052550 0.539707 0.437004
v 0.053072 0.533020 0.438990
v 0.053072 0.533020 0.438990
v 0.052834 0.526334 0.440888
v 0.052834 0.526334 0.440888
v 0.051865 0.519715 0.442717
v 0.051865 0.519715 0.442717
v 0.050105 0.513465 0.445064
v 0.050105 0.513465 0.445064
v 0.047503 0.506737 0.445343
v 0.047503 0.506737 0.445343
v -0.055852 0.545241 0.433131
v -0.055852 0.544501 0.431161
v -0.055852 0.544501 0.431161
v -0.055852 0.545241 0.433131
v -0.053251 0.551230 0.430883
v -0.053251 0.551230 0.430883
v -0.049922 0.557121 0.429327
v -0.049922 0.557121 0.429327
v -0.045960 0.562664 0.427858
v -0.045960 0.562664 0.427858
v -0.041381 0.567791 0.426458
v -0.041381 0.567791 0.426458
v -0.036200 0.572422 0.425122
v -0.038838 0.571205 0.425833
v -0.036257 0.572512 0.425132
v -0.036257 0.572512 0.425132
v -0.036200 0.572422 0.425122
v -0.038838 0.571205 0.425833
v -0.039465 0.570886 0.425970
v -0.039465 0.570886 0.425970
v -0.042517 0.569198 0.426673
v -0.042517 0.569198 0.426673
v 0.045584 0.558572 0.430576
v 0.046100 0.558915 0.430534
v 0.046100 0.558915 0.430534
v 0.045584 0.558572 0.430576
v 0.048575 0.552438 0.432627
v 0.048575 0.552438 0.432627
v 0.050766 0.546038 0.434627
v 0.050766 0.546038 0.434627
v 0.052178 0.539466 0.436569
v 0.052178 0.539466 0.436569
v 0.052834 0.532804 0.438459
v 0.052834 0.532804 0.438459
v 0.052753 0.526123 0.440310
v 0.052753 0.526123 0.440310
v 0.051865 0.519715 0.442717
v 0.050105 0.512726 0.443093
v 0.051865 0.518975 0.440747
v 0.051865 0.518975 0.440747
v 0.051865 0.519715 0.442717
v 0.050105 0.512726 0.443093
v -0.053251 0.551230 0.430883
v -0.053251 0.550490 0.428913
v -0.053252 0.550548 0.429064
v -0.053252 0.550548 0.429064
v -0.053251 0.550490 0.428913
v -0.053251 0.551230 0.430883
v -0.049854 0.556862 0.428767
v -0.049854 0.556862 0.428767
v -0.045778 0.562319 0.427375
v -0.045778 0.562319 0.427375
v -0.041125 0.567356 0.426096
v -0.041125 0.567356 0.426096
v -0.035915 0.571913 0.424911
v -0.035915 0.571913 0.424911
v -0.036531 0.572945 0.425180
v -0.036531 0.572945 0.425180
v -0.039465 0.570886 0.425970
v -0.036887 0.573444 0.425079
v -0.036887 0.573444 0.425079
v -0.039465 0.570886 0.425970
v 0.041314 0.563930 0.428565
v 0.041784 0.564332 0.428500
v 0.041784 0.564332 0.428500
v 0.041314 0.563930 0.428565
v 0.045103 0.558195 0.430465
v 0.045103 0.558195 0.430465
v 0.048131 0.552104 0.432349
v 0.048131 0.552104 0.432349
v 0.050407 0.545753 0.434208
v 0.050407 0.545753 0.434208
v 0.051945 0.539222 0.436048
v 0.051945 0.539222 0.436048
v 0.052753 0.532584 0.437884
v 0.052753 0.532584 0.437884
v 0.052753 0.526123 0.440310
v 0.052753 0.525383 0.438340
v 0.052753 0.525383 0.438340
v 0.052753 0.526123 0.440310
v -0.049854 0.556862 0.428767
v -0.052990 0.550981 0.428902
v -0.052990 0.550981 0.428902
v -0.049854 0.556862 0.428767
v -0.045717 0.562053 0.426818
v -0.045717 0.562053 0.426818
v -0.040965 0.566991 0.425620
v -0.040965 0.566991 0.425620
v -0.035696 0.571450 0.424558
v -0.035696 0.571450 0.424558
v -0.029986 0.575343 0.423622
v -0.034447 0.573437 0.424742
v -0.031625 0.574873 0.424085
v -0.031625 0.574873 0.424085
v -0.029986 0.575343 0.423622
v -0.034447 0.573437 0.424742
v -0.030442 0.576468 0.423857
v -0.030171 0.575910 0.423812
v -0.030171 0.575910 0.423812
v -0.030442 0.576468 0.423857
v -0.030732 0.577005 0.423741
v -0.030732 0.577005 0.423741
v 0.036354 0.568744 0.426757
v 0.036769 0.569198 0.426673
v 0.036769 0.569198 0.426673
v 0.036354 0.568744 0.426757
v 0.040876 0.563498 0.428474
v 0.040876 0.563498 0.428474
v 0.044690 0.557811 0.430206
v 0.044690 0.557811 0.430206
v 0.047791 0.551777 0.431946
v 0.047791 0.551777 0.431946
v 0.050182 0.545481 0.433698
v 0.050182 0.545481 0.433698
v 0.051865 0.538991 0.435479
v 0.051865 0.538991 0.435479
v 0.052753 0.532584 0.437884
v 0.052753 0.531844 0.435914
v 0.052753 0.531844 0.435914
v 0.052753 0.532584 0.437884
v -0.049853 0.556124 0.426797
v -0.049853 0.556124 0.426797
v -0.045717 0.562053 0.426818
v -0.045717 0.561313 0.424848
v -0.045717 0.561313 0.424848
v -0.045717 0.562053 0.426818
v -0.040910 0.566719 0.425066
v -0.040910 0.566719 0.425066
v -0.035559 0.571068 0.424090
v -0.035559 0.571068 0.424090
v -0.029759 0.574885 0.423268
v -0.029933 0.575357 0.423602
v -0.029933 0.575357 0.423602
v -0.029759 0.574885 0.423268
v -0.031625 0.574873 0.424085
v -0.029938 0.575371 0.423612
v -0.029938 0.575371 0.423612
v -0.031625 0.574873 0.424085
v -0.023721 0.578676 0.422773
v -0.023928 0.579262 0.422807
v -0.023928 0.579262 0.422807
v -0.023721 0.578676 0.422773
v -0.024149 0.579828 0.422682
v -0.024149 0.579828 0.422682
v 0.030784 0.572945 0.425180
v 0.031140 0.573444 0.425079
v 0.031140 0.573444 0.425079
v 0.030784 0.572945 0.425180
v 0.035966 0.568264 0.426684
v 0.035966 0.568264 0.426684
v 0.040501 0.563067 0.428232
v 0.040501 0.563067 0.428232
v 0.044373 0.557444 0.429818
v 0.044373 0.557444 0.429818
v 0.047577 0.551479 0.431445
v 0.047577 0.551479 0.431445
v 0.050105 0.545241 0.433131
v 0.050105 0.545241 0.433131
v 0.051865 0.538991 0.435479
v 0.051865 0.538251 0.433509
v 0.051865 0.538251 0.433509
v 0.051865 0.538991 0.435479
v -0.040910 0.566719 0.425066
v -0.040910 0.565979 0.423097
v -0.040910 0.565979 0.423097
v -0.040910 0.566719 0.425066
v -0.035512 0.570789 0.423537
v -0.035512 0.570789 0.423537
v -0.029647 0.574488 0.422806
v -0.029647 0.574488 0.422806
v -0.026016 0.576491 0.422666
v -0.026016 0.576491 0.422666
v -0.023544 0.578114 0.422581
v -0.023544 0.578114 0.422581
v -0.016952 0.580682 0.422021
v -0.017091 0.581287 0.422047
v -0.017091 0.581287 0.422047
v -0.016952 0.580682 0.422021
v -0.017240 0.581875 0.421913
v -0.017240 0.581875 0.421913
v 0.024694 0.576468 0.423857
v 0.025838 0.576511 0.423927
v 0.024876 0.576803 0.423785
v 0.024876 0.576803 0.423785
v 0.025838 0.576511 0.423927
v 0.024694 0.576468 0.423857
v 0.030452 0.572422 0.425122
v 0.030452 0.572422 0.425122
v 0.035633 0.567791 0.426458
v 0.035633 0.567791 0.426458
v 0.040212 0.562664 0.427858
v 0.040212 0.562664 0.427858
v 0.044174 0.557121 0.429327
v 0.044174 0.557121 0.429327
v 0.047503 0.551230 0.430883
v 0.047503 0.551230 0.430883
v 0.050105 0.545241 0.433131
v 0.050105 0.544501 0.431161
v 0.050105 0.544501 0.431161
v 0.050105 0.545241 0.433131
v -0.035512 0.570789 0.423537
v -0.035512 0.570050 0.421568
v -0.035512 0.570050 0.421568
v -0.035512 0.570789 0.423537
v -0.029609 0.574205 0.422256
v -0.029609 0.574205 0.422256
v -0.023322 0.577200 0.421787
v -0.023333 0.577255 0.421848
v -0.023333 0.577255 0.421848
v -0.023322 0.577200 0.421787
v -0.023408 0.577609 0.422246
v -0.023408 0.577609 0.422246
v -0.016832 0.580102 0.421836
v -0.016832 0.580102 0.421836
v -0.009967 0.581896 0.421565
v -0.010037 0.582513 0.421587
v -0.010037 0.582513 0.421587
v -0.009967 0.581896 0.421565
v -0.010112 0.583114 0.421447
v -0.010112 0.583114 0.421447
v 0.022479 0.577417 0.423500
v 0.023076 0.577351 0.423549
v 0.023076 0.577351 0.423549
v 0.022479 0.577417 0.423500
v 0.024423 0.575910 0.423812
v 0.024423 0.575910 0.423812
v 0.030168 0.571913 0.424911
v 0.030168 0.571913 0.424911
v 0.035378 0.567356 0.426096
v 0.035378 0.567356 0.426096
v 0.040031 0.562319 0.427375
v 0.040031 0.562319 0.427375
v 0.044106 0.556862 0.428767
v 0.044106 0.556862 0.428767
v 0.047503 0.551230 0.430883
v 0.047503 0.550490 0.428913
v 0.047504 0.550548 0.429064
v 0.047504 0.550548 0.429064
v 0.047503 0.551230 0.430883
v 0.047503 0.550490 0.428913
v -0.029609 0.573465 0.420286
v -0.029609 0.574205 0.422256
v -0.029609 0.574205 0.422256
v -0.029609 0.573465 0.420286
v -0.023293 0.576914 0.421238
v -0.023293 0.576914 0.421238
v -0.016740 0.579585 0.421504
v -0.016740 0.579585 0.421504
v -0.009907 0.581305 0.421383
v -0.009907 0.581305 0.421383
v -0.002874 0.582303 0.421412
v -0.002874 0.582923 0.421432
v -0.002874 0.582923 0.421432
v -0.002874 0.582303 0.421412
v -0.002874 0.583529 0.421291
v -0.002874 0.583529 0.421291
v 0.024985 0.577005 0.423741
v 0.023076 0.577351 0.423549
v 0.018402 0.579828 0.422682
v 0.018180 0.579262 0.422807
v 0.018180 0.579262 0.422807
v 0.018402 0.579828 0.422682
v 0.023076 0.577351 0.423549
v 0.024985 0.577005 0.423741
v 0.020391 0.577640 0.423163
v 0.020391 0.577640 0.423163
v 0.024190 0.575371 0.423612
v 0.024190 0.575371 0.423612
v 0.029949 0.571450 0.424558
v 0.029949 0.571450 0.424558
v 0.035218 0.566991 0.425620
v 0.035218 0.566991 0.425620
v 0.039969 0.562053 0.426818
v 0.039969 0.562053 0.426818
v 0.044106 0.556862 0.428767
v 0.044106 0.556862 0.428767
v 0.047242 0.550981 0.428902
v 0.047242 0.550981 0.428902
v -0.023293 0.576174 0.419268
v -0.023293 0.576174 0.419268
v -0.022880 0.577332 0.421738
v -0.021549 0.577431 0.421044
v -0.021549 0.577431 0.421044
v -0.022880 0.577332 0.421738
v -0.023158 0.577308 0.421828
v -0.016683 0.579168 0.421049
v -0.016683 0.579168 0.421049
v -0.023158 0.577308 0.421828
v -0.009861 0.580781 0.421055
v -0.009861 0.580781 0.421055
v -0.002874 0.581709 0.421232
v -0.002874 0.581709 0.421232
v 0.004290 0.582513 0.421587
v 0.004219 0.581896 0.421565
v 0.004290 0.582513 0.421587
v 0.004219 0.581896 0.421565
v 0.004365 0.583114 0.421447
v 0.004365 0.583114 0.421447
v 0.017974 0.578676 0.422773
v 0.017974 0.578676 0.422773
v 0.011344 0.581287 0.422047
v 0.011493 0.581875 0.421913
v 0.011493 0.581875 0.421913
v 0.011344 0.581287 0.422047
v 0.018445 0.577835 0.422686
v 0.018445 0.577835 0.422686
v 0.024012 0.574885 0.423268
v 0.024012 0.574885 0.423268
v 0.029812 0.571068 0.424090
v 0.029812 0.571068 0.424090
v 0.035163 0.566719 0.425066
v 0.035163 0.566719 0.425066
v 0.039969 0.562053 0.426818
v 0.044106 0.556124 0.426797
v 0.039969 0.561313 0.424848
v 0.039969 0.561313 0.424848
v 0.039969 0.562053 0.426818
v 0.044106 0.556124 0.426797
v -0.018436 0.577613 0.418728
v -0.016663 0.578878 0.420501
v -0.016663 0.578138 0.418531
v -0.016663 0.578138 0.418531
v -0.018436 0.577613 0.418728
v -0.016663 0.578878 0.420501
v -0.016663 0.578878 0.420501
v -0.016663 0.578878 0.420501
v -0.009831 0.580359 0.420601
v -0.009831 0.580359 0.420601
v -0.002874 0.581182 0.420904
v -0.002874 0.581182 0.420904
v 0.004159 0.581305 0.421383
v 0.004159 0.581305 0.421383
v 0.005588 0.582287 0.421671
v 0.005484 0.581677 0.421647
v 0.005588 0.582287 0.421671
v 0.005484 0.581677 0.421647
v 0.005701 0.582881 0.421535
v 0.005701 0.582881 0.421535
v 0.017796 0.578114 0.422581
v 0.017796 0.578114 0.422581
v 0.011204 0.580682 0.422021
v 0.011204 0.580682 0.422021
v 0.005701 0.582881 0.421535
v 0.005701 0.582881 0.421535
v 0.017660 0.577609 0.422246
v 0.017739 0.577901 0.422440
v 0.017739 0.577901 0.422440
v 0.017660 0.577609 0.422246
v 0.023900 0.574488 0.422806
v 0.023900 0.574488 0.422806
v 0.029765 0.570789 0.423537
v 0.029765 0.570789 0.423537
v 0.035163 0.566719 0.425066
v 0.035163 0.565979 0.423097
v 0.035163 0.565979 0.423097
v 0.035163 0.566719 0.425066
v -0.009822 0.580067 0.420054
v -0.009822 0.579327 0.418084
v -0.009822 0.579327 0.418084
v -0.009822 0.580067 0.420054
v -0.009822 0.580067 0.420054
v -0.009822 0.580067 0.420054
v -0.002874 0.580757 0.420451
v -0.002874 0.580757 0.420451
v 0.004113 0.580781 0.421055
v 0.004113 0.580781 0.421055
v 0.005394 0.581090 0.421464
v 0.005394 0.581090 0.421464
v 0.011085 0.580102 0.421836
v 0.011085 0.580102 0.421836
v 0.016122 0.578066 0.422074
v 0.016122 0.578066 0.422074
v 0.017575 0.577200 0.421787
v 0.017575 0.577200 0.421787
v 0.023861 0.574205 0.422256
v 0.023861 0.574205 0.422256
v 0.029765 0.570789 0.423537
v 0.029765 0.570050 0.421568
v 0.029765 0.570789 0.423537
v 0.029765 0.570050 0.421568
v -0.002874 0.580465 0.419904
v -0.002874 0.579775 0.418065
v -0.002874 0.579726 0.417935
v -0.002874 0.579775 0.418065
v -0.002874 0.579726 0.417935
v -0.002874 0.580465 0.419904
v -0.002874 0.580465 0.419904
v -0.002874 0.580465 0.419904
v 0.004084 0.580359 0.420601
v 0.004084 0.580359 0.420601
v 0.005325 0.580570 0.421134
v 0.005325 0.580570 0.421134
v 0.010993 0.579585 0.421504
v 0.010993 0.579585 0.421504
v 0.014151 0.578254 0.421446
v 0.014033 0.578250 0.421393
v 0.014151 0.578254 0.421446
v 0.014033 0.578250 0.421393
v 0.017545 0.576914 0.421238
v 0.017545 0.576914 0.421238
v 0.023861 0.573465 0.420286
v 0.023861 0.574205 0.422256
v 0.023861 0.573465 0.420286
v 0.023861 0.574205 0.422256
v 0.004074 0.579327 0.418084
v 0.004074 0.580067 0.420054
v 0.004074 0.580067 0.420054
v 0.004074 0.579327 0.418084
v 0.004074 0.580067 0.420054
v 0.004074 0.580067 0.420054
v 0.005282 0.580150 0.420679
v 0.005282 0.580150 0.420679
v 0.010935 0.579168 0.421049
v 0.014151 0.578254 0.421446
v 0.014151 0.578254 0.421446
v 0.010935 0.579168 0.421049
v 0.013186 0.578204 0.420753
v 0.013186 0.578204 0.420753
v 0.017545 0.576174 0.419268
v 0.017545 0.576174 0.419268
v 0.005267 0.579859 0.420131
v 0.005267 0.579120 0.418162
v 0.005267 0.579120 0.418162
v 0.005267 0.579859 0.420131
v 0.010916 0.578878 0.420501
v 0.010916 0.578878 0.420501
v 0.011339 0.578062 0.418711
v 0.011206 0.578052 0.418564
v 0.011339 0.578062 0.418711
v 0.011206 0.578052 0.418564
v 0.010916 0.578138 0.418531
v 0.005267 0.579120 0.418162
v 0.010916 0.578138 0.418531
v 0.005267 0.579120 0.418162
v 0.011206 0.578052 0.418564
v 0.011339 0.578062 0.418711
v 0.011339 0.578062 0.418711
v 0.011206 0.578052 0.418564
vt 8.899482 29.8954
vt 8.887102 29.91094
vt 8.893838 29.89031
vt 8.894443 29.91084
vt 13.99987 29.49625
vt 13.99009 29.50859
vt 13.99385 29.49231
vt 13.97491 29.60424
vt 13.96863 29.60142
vt 8.865716 29.99886
vt 8.859701 29.9949
vt 5.978859 28.33226
vt 5.739008 28.32115
vt 5.795364 28.29697
vt 5.804264 28.33403
vt 6.16272 28.35921
vt 5.865296 28.37195
vt 6.346851 28.37779
vt 5.918057 28.43266
vt 6.531151 28.388
vt 6.715523 28.38984
vt 6.899867 30.79398
vt 5.413882 30.60872
vt 6.899867 30.60872
vt 5.248068 30.79398
vt 5.429871 28.20144
vt 5.248068 28.14124
vt 5.413882 29.07955
vt 5.49327 28.6061
vt 5.519135 28.51245
vt 5.612336 28.25336
vt 5.559959 28.43266
vt 5.61272 28.37195
vt 5.673752 28.33403
vt 5.484405 28.70709
vt 5.49327 28.80807
vt 5.519135 28.90172
vt 5.559959 28.98151
vt 5.61272 29.04222
vt 5.672803 29.07955
vt 6.899867 28.64254
vt 6.899867 28.38331
vt 6.890375 28.63983
vt 5.958881 28.51245
vt 6.814207 28.63263
vt 5.984746 28.6061
vt 5.99361 28.70709
vt 6.738039 28.63983
vt 6.663032 28.66132
vt 6.590334 28.6968
vt 6.521063 28.74576
vt 5.984746 28.80807
vt 6.456298 28.8075
vt 6.39706 28.88112
vt 5.958881 28.90172
vt 6.344298 28.96552
vt 5.918057 28.98151
vt 6.298876 29.05943
vt 5.865296 29.04222
vt 5.805213 29.07955
vt 6.291511 29.07955
vt 8.754055 30.14792
vt 8.706235 30.2387
vt 8.748885 30.14174
vt 8.711866 30.24383
vt 13.64319 30.22711
vt 13.60341 30.32527
vt 13.63755 30.22202
vt 13.6094 30.32932
vt 18.43616 26.15185
vt 18.41626 26.26223
vt 18.4298 26.14951
vt 18.42611 26.23548
vt 18.42122 26.26326
vt 14.23801 28.78212
vt 14.21555 28.89243
vt 14.23172 28.77937
vt 14.23396 28.81046
vt 14.22201 28.89401
vt 9.010005 29.636
vt 8.9789 29.74255
vt 9.003982 29.63207
vt 8.985197 29.74527
vt 8.955465 28.26856
vt 8.004369 28.29697
vt 8.187398 28.25336
vt 8.907523 28.27896
vt 8.862949 28.30938
vt 7.820875 28.33226
vt 8.824813 28.3576
vt 7.839008 28.3367
vt 7.90172 28.34908
vt 7.960357 28.38551
vt 8.810221 28.38894
vt 8.011022 28.44381
vt 8.795666 28.4202
vt 8.777402 28.49286
vt 8.050204 28.5204
vt 8.771184 28.5707
vt 8.075017 28.61024
vt 8.777402 28.64853
vt 8.083519 28.70709
vt 8.795666 28.72119
vt 8.075017 28.80394
vt 8.824813 28.78379
vt 8.862949 28.83201
vt 8.050204 28.89378
vt 8.907523 28.86243
vt 8.955465 28.87284
vt 9.455465 28.26856
vt 9.003408 28.27896
vt 10.50547 28.26856
vt 10.00547 28.26856
vt 9.407523 28.27896
vt 9.047982 28.30938
vt 9.362949 28.30938
vt 9.324813 28.3576
vt 9.086118 28.3576
vt 9.115265 28.4202
vt 9.310221 28.38894
vt 9.295666 28.4202
vt 9.277402 28.49286
vt 9.133529 28.49286
vt 9.271184 28.5707
vt 9.139747 28.5707
vt 9.277402 28.64853
vt 9.133529 28.64853
vt 9.295666 28.72119
vt 9.115265 28.72119
vt 9.086118 28.78379
vt 9.324813 28.78379
vt 9.047982 28.83201
vt 9.362949 28.83201
vt 9.407523 28.86243
vt 9.003408 28.86243
vt 9.455465 28.87284
vt 9.957523 28.27896
vt 9.503408 28.27896
vt 9.912949 28.30938
vt 9.547982 28.30938
vt 9.874813 28.3576
vt 9.586118 28.3576
vt 9.615265 28.4202
vt 9.860221 28.38894
vt 9.845666 28.4202
vt 9.827402 28.49286
vt 9.633529 28.49286
vt 9.821184 28.5707
vt 9.639747 28.5707
vt 9.827402 28.64853
vt 9.633529 28.64853
vt 9.615265 28.72119
vt 9.845666 28.72119
vt 9.874813 28.78379
vt 9.586118 28.78379
vt 9.547982 28.83201
vt 9.912949 28.83201
vt 9.957523 28.86243
vt 9.503408 28.86243
vt 10.00547 28.87284
vt 10.45752 28.27896
vt 10.05341 28.27896
vt 10.41295 28.30938
vt 10.09798 28.30938
vt 10.37481 28.3576
vt 10.13612 28.3576
vt 10.16527 28.4202
vt 10.34567 28.4202
vt 10.33653 28.45656
vt 10.18353 28.49286
vt 10.3274 28.49286
vt 10.18975 28.5707
vt 10.32118 28.5707
vt 10.3274 28.64853
vt 10.18353 28.64853
vt 10.16527 28.72119
vt 10.34567 28.72119
vt 10.37481 28.78379
vt 10.13612 28.78379
vt 10.09798 28.83201
vt 10.41295 28.83201
vt 10.45752 28.86243
vt 10.05341 28.86243
vt 10.50547 28.87284
vt 10.63881 29.08582
vt 10.63612 28.78379
vt 10.63881 28.77801
vt 10.59798 28.83201
vt 10.55341 28.86243
vt 8.011022 28.97036
vt 7.960357 29.02866
vt 8.229376 29.0554
vt 8.81168 29.08582
vt 8.854187 29.08582
vt 12.05 27.99117
vt 8.923444 27.99117
vt 10.55341 28.27896
vt 11.92108 28.77121
vt 12.05 30.79398
vt 8.912896 27.99616
vt 8.732709 28.07281
vt 8.593665 28.12537
vt 8.551665 28.14124
vt 8.369862 28.20144
vt 10.59798 28.30938
vt 10.63612 28.3576
vt 10.66527 28.4202
vt 10.68353 28.49286
vt 10.68975 28.5707
vt 10.68353 28.64853
vt 10.66527 28.72119
vt 11.92108 30.55109
vt 8.229376 30.60872
vt 8.438807 29.08582
vt 8.488807 29.08582
vt 8.438807 29.37657
vt 8.438807 29.4154
vt 8.438807 29.73927
vt 8.438807 29.7697
vt 8.438807 30.09357
vt 8.438807 30.12249
vt 8.438807 30.40414
vt 8.81168 30.40414
vt 8.854187 30.40414
vt 10.63881 30.40414
vt 10.63881 30.55109
vt 10.64198 28.77121
vt 7.917308 29.0554
vt 7.637013 28.35921
vt 7.776295 28.34908
vt 7.717659 28.38551
vt 7.452883 28.37779
vt 7.268582 28.388
vt 7.666993 28.44381
vt 7.084211 28.38984
vt 7.627811 28.5204
vt 7.602998 28.61024
vt 7.594496 28.70709
vt 6.904432 28.64385
vt 6.965382 28.66132
vt 7.03808 28.6968
vt 7.107351 28.74576
vt 7.602998 28.80394
vt 7.172116 28.8075
vt 7.627811 28.89378
vt 7.231355 28.88112
vt 7.284117 28.96552
vt 7.666993 28.97036
vt 7.329538 29.05943
vt 7.372816 29.0554
vt 7.717659 29.02866
vt 7.760707 29.0554
vt 6.327019 31.62203
vt 6.316674 31.62914
vt 6.317547 31.61915
vt 6.331574 31.62341
vt 6.330311 31.63329
vt 6.698927 31.57661
vt 6.622749 31.57906
vt 6.622777 31.56897
vt 6.698108 31.58662
vt 7.005108 31.48959
vt 6.92893 31.48714
vt 7.00508 31.4795
vt 6.929749 31.49715
vt 7.306778 31.36325
vt 7.231057 31.37603
vt 7.305904 31.35326
vt 7.23271 31.38579
vt 7.598332 31.2104
vt 7.524361 31.23818
vt 7.596627 31.20066
vt 7.526821 31.24753
vt 7.875195 31.03388
vt 7.804231 31.07617
vt 7.872688 31.02456
vt 7.807457 31.08495
vt 8.133043 30.83655
vt 8.066285 30.89263
vt 8.129776 30.82781
vt 8.070223 30.90068
vt 8.367847 30.62125
vt 8.306417 30.69014
vt 8.363875 30.61324
vt 8.311 30.69734
vt 8.575934 30.39079
vt 8.520855 30.47131
vt 8.571324 30.38363
vt 8.526006 30.47752
vt 13.15984 30.98199
vt 13.11193 31.0712
vt 13.15469 30.97578
vt 13.11751 31.07644
vt 18.16622 26.75852
vt 18.15075 26.87067
vt 18.14442 26.8682
vt 18.17237 26.76195
vt 21.35972 20.58093
vt 21.3531 20.66558
vt 21.35319 20.58052
vt 21.3596 20.69377
vt 21.35308 20.69414
vt 18.56561 25.61504
vt 18.55922 25.64301
vt 18.56065 25.61407
vt 18.56713 25.61534
vt 18.56156 25.72857
vt 18.55503 25.72833
vt 14.36568 28.07382
vt 14.35212 28.1875
vt 14.35922 28.07227
vt 14.35866 28.18785
vt 9.0841 29.37255
vt 9.062156 29.48437
vt 9.0778 29.36985
vt 9.068628 29.48581
vt 4.83118 31.26135
vt 4.783359 31.17057
vt 4.78853 31.16439
vt 4.825549 31.26648
vt 5.033301 31.42115
vt 4.978221 31.34064
vt 4.982831 31.33348
vt 5.02815 31.42737
vt 5.264995 31.54246
vt 5.203565 31.47357
vt 5.207537 31.46556
vt 5.260411 31.54965
vt 5.521731 31.62458
vt 5.454973 31.56851
vt 5.45824 31.55977
vt 5.517793 31.63264
vt 5.798621 31.66777
vt 5.727656 31.62547
vt 5.730163 31.61615
vt 5.795395 31.67654
vt 6.090569 31.67301
vt 6.016598 31.64522
vt 6.018303 31.63548
vt 6.088109 31.68235
vt 6.392395 31.64192
vt 6.390742 31.65168
vt 12.05 26.9169
vt 11.80093 26.11475
vt 12.05 26.10684
vt 11.55199 26.13235
vt 11.30329 26.15965
vt 11.05493 26.19663
vt 10.807 26.24327
vt 10.5596 26.29956
vt 10.31285 26.36547
vt 10.06683 26.44097
vt 9.82165 26.52605
vt 9.577407 26.62065
vt 9.334201 26.72475
vt 9.09213 26.83829
vt 8.923444 26.9169
vt 4.864701 36.17713
vt 4.850024 36.18207
vt 4.85118 36.17215
vt 4.863185 36.18692
vt 6.20941 35.8929
vt 6.133981 35.89386
vt 6.134124 35.88378
vt 6.20853 35.90289
vt 7.48745 35.43463
vt 7.412021 35.43367
vt 7.487307 35.42455
vt 7.4129 35.44366
vt 8.716809 34.83045
vt 8.642222 34.84758
vt 8.715652 34.82053
vt 8.644099 34.85724
vt 9.859624 34.12509
vt 9.787662 34.15964
vt 9.857495 34.11556
vt 9.790478 34.16874
vt 10.88806 33.35637
vt 10.82033 33.40716
vt 10.88503 33.34744
vt 10.824 33.4155
vt 11.78474 32.55942
vt 11.72261 32.62486
vt 11.7809 32.55126
vt 11.72703 32.63229
vt 12.54202 31.76199
vt 12.48658 31.84029
vt 12.53746 31.75476
vt 12.49164 31.84667
vt 17.73644 27.51701
vt 17.71213 27.62547
vt 17.70604 27.62181
vt 17.74227 27.52158
vt 21.32677 20.138
vt 21.32723 20.25178
vt 21.32071 20.25134
vt 21.33325 20.13922
vt 22.14833 14.63672
vt 22.155 14.74928
vt 22.14188 14.63828
vt 22.1614 14.74723
vt 21.33346 21.00298
vt 21.33237 21.11658
vt 21.32694 21.00333
vt 21.33886 21.11544
vt 18.58712 25.08174
vt 18.58261 25.19601
vt 18.58059 25.0815
vt 18.58912 25.19523
vt 14.39023 27.35954
vt 14.38558 27.47489
vt 14.3837 27.3592
vt 14.39209 27.47404
vt 9.120988 29.10801
vt 9.108526 29.22323
vt 9.114515 29.10658
vt 9.115065 29.22338
vt 4.662624 31.06476
vt 4.622842 30.96526
vt 4.628486 30.96016
vt 4.656608 31.06872
vt -0.9106667 34.45207
vt -0.9504455 34.35392
vt -0.944805 34.34882
vt -0.9166541 34.45612
vt -0.2769975 35.12531
vt -0.3249103 35.03611
vt -0.3197574 35.0299
vt -0.2825825 35.13055
vt 0.5091686 35.66319
vt 0.4537257 35.58489
vt 0.4582794 35.57765
vt 0.5041046 35.66956
vt 1.441096 36.05183
vt 1.378961 35.98638
vt 1.382805 35.97822
vt 1.436672 36.05925
vt 2.504558 36.27743
vt 2.436828 36.22665
vt 2.439859 36.21771
vt 2.500887 36.28578
vt 3.676453 36.3285
vt 3.604491 36.29395
vt 3.60662 36.28442
vt 3.673637 36.3376
vt 4.924611 36.1992
vt 4.922734 36.20886
vt 2.420902 38.60537
vt 2.431695 38.62149
vt 2.419151 38.61508
vt 2.433747 38.61194
vt 5.313766 37.94398
vt 5.387088 37.96638
vt 5.313377 37.95404
vt 5.388108 37.95643
vt 8.281049 36.6932
vt 8.207727 36.7156
vt 8.206707 36.70565
vt 8.281438 36.70326
vt 10.91968 34.99822
vt 10.85107 35.04389
vt 10.84871 35.03448
vt 10.92143 35.00794
vt 13.13298 33.12623
vt 13.07163 33.19191
vt 13.06811 33.18342
vt 13.13594 33.13521
vt 14.86774 31.32751
vt 14.8152 31.40923
vt 14.81074 31.40186
vt 14.87171 31.33551
vt 16.1611 29.76518
vt 16.11801 29.85902
vt 16.11283 29.85289
vt 16.16587 29.77208
vt 17.09044 28.50006
vt 17.05687 28.60261
vt 17.05115 28.59772
vt 17.09581 28.50579
vt 21.23048 19.82033
vt 21.22436 19.93382
vt 21.21789 19.93248
vt 21.23687 19.82243
vt 22.10639 12.52758
vt 22.11059 12.64055
vt 22.09992 12.52881
vt 22.11702 12.63884
vt 20.86542 10.386
vt 20.88354 10.49518
vt 20.85925 10.38927
vt 20.88968 10.49174
vt 22.1804 16.43973
vt 22.18962 16.55181
vt 22.17399 16.44164
vt 22.19596 16.54941
vt 21.26053 21.29262
vt 21.26478 21.40601
vt 21.25403 21.2937
vt 21.2712 21.40415
vt 18.51854 24.603
vt 18.50271 24.49117
vt 18.50923 24.49041
vt 18.51211 24.60478
vt 14.32786 26.74269
vt 14.31078 26.63017
vt 14.3173 26.62933
vt 14.32145 26.74472
vt 9.120551 28.84547
vt 9.117725 28.96219
vt 9.114012 28.84532
vt 9.124224 28.96105
vt 4.531006 30.83416
vt 4.499901 30.7276
vt 4.505924 30.72367
vt 4.524709 30.83688
vt -1.390938 33.65651
vt -1.422175 33.55135
vt -1.416157 33.54741
vt -1.397214 33.65934
vt -7.491418 34.85859
vt -7.475943 34.97074
vt -7.497561 34.86202
vt -7.469608 34.96827
vt -6.768184 35.93428
vt -6.74387 36.04274
vt -6.774009 35.93885
vt -6.737779 36.03909
vt -5.731334 36.89593
vt -5.69777 36.99847
vt -5.736709 36.90166
vt -5.692053 36.99359
vt -4.324917 37.72457
vt -4.281833 37.81841
vt -4.329684 37.73147
vt -4.276649 37.81228
vt -2.498671 38.36285
vt -2.446126 38.44457
vt -2.502641 38.37086
vt -2.441667 38.4372
vt -0.2334308 38.70412
vt -0.1720814 38.76981
vt -0.2363928 38.71311
vt -0.1685658 38.76131
vt 2.489513 38.65103
vt 2.491867 38.64163
vt -3.11957 38.12848
vt -3.111666 38.14766
vt -3.122751 38.13728
vt -3.108277 38.13906
vt 3.323435 37.8417
vt 3.249669 37.8295
vt 3.250695 37.81955
vt 3.321932 37.85151
vt 10.19288 34.52271
vt 10.12164 34.55467
vt 10.12014 34.54486
vt 10.1939 34.53266
vt 15.35794 29.39374
vt 15.29819 29.46152
vt 15.29459 29.45311
vt 15.36112 29.40254
vt 18.32315 24.89331
vt 18.27745 24.98333
vt 18.27252 24.97672
vt 18.32775 24.90047
vt 19.84789 21.96496
vt 19.81488 22.06723
vt 19.80919 22.06229
vt 19.85332 21.97055
vt 20.62327 20.41776
vt 20.60085 20.52651
vt 20.59473 20.52298
vt 20.6292 20.42199
vt 21.02423 19.82417
vt 21.01061 19.93621
vt 21.00426 19.93386
vt 21.03044 19.82726
vt 22.05303 10.1869
vt 22.06772 10.29786
vt 22.06125 10.29924
vt 22.05953 10.18601
vt 20.42849 6.927457
vt 20.44746 7.036421
vt 20.42234 6.930849
vt 20.45357 7.032877
vt 19.64083 9.286621
vt 19.6493 9.40316
vt 19.6205 9.300164
vt 19.64655 9.308472
vt 19.65449 9.33883
vt 19.66806 9.390675
vt 21.21823 13.33994
vt 21.23602 13.44918
vt 21.21205 13.34317
vt 21.24216 13.44578
vt 22.19708 17.8682
vt 22.20897 17.97965
vt 22.19072 17.87048
vt 22.21525 17.97689
vt 21.14038 21.36204
vt 21.14986 21.47465
vt 21.13395 21.36383
vt 21.15618 21.47208
vt 18.35513 23.90514
vt 18.3323 23.79624
vt 18.33874 23.7945
vt 18.34884 23.90788
vt 14.17044 25.9874
vt 14.14503 25.87868
vt 14.15143 25.87669
vt 14.16423 25.99056
vt 9.096558 28.7021
vt 9.076909 28.58929
vt 9.083408 28.58816
vt 9.090206 28.70449
vt 4.438831 30.57346
vt 4.416887 30.46165
vt 4.423187 30.45895
vt 4.432359 30.57491
vt -1.720096 32.75089
vt -1.742549 32.64057
vt -1.736259 32.63782
vt -1.726553 32.75247
vt -7.937589 33.77815
vt -7.957493 33.66777
vt -7.951136 33.66543
vt -7.944066 33.77949
vt -14.02955 31.82514
vt -14.03001 31.93891
vt -14.03603 31.82635
vt -14.02348 31.93847
vt -13.73163 32.62891
vt -13.72551 32.74239
vt -13.73802 32.63101
vt -13.71903 32.74106
vt -13.14398 33.41689
vt -13.13036 33.52894
vt -13.15019 33.41998
vt -13.12401 33.52659
vt -12.12494 34.3201
vt -12.10252 34.42885
vt -12.13087 34.32433
vt -12.0964 34.42531
vt -10.42361 35.46993
vt -10.39061 35.57219
vt -10.42905 35.47551
vt -10.38492 35.56725
vt -7.614559 36.8852
vt -7.568856 36.97521
vt -7.619156 36.89236
vt -7.563925 36.96861
vt -3.059821 38.19625
vt -3.056224 38.18784
vt -19.06435 20.60663
vt -19.06874 20.62798
vt -19.07077 20.60846
vt -19.0623 20.62639
vt -14.55534 27.11347
vt -14.59755 27.02009
vt -14.59196 27.01488
vt -14.56108 27.11827
vt 21.63237 9.05213
vt 21.60149 9.155521
vt 21.59575 9.150719
vt 21.63796 9.057341
vt 22.129 0.4298143
vt 22.12379 0.543333
vt 22.11732 0.5419706
vt 22.13541 0.4316438
vt 21.99079 0.8619609
vt 21.99295 0.9756394
vt 21.98642 0.9752791
vt 21.9973 0.8627948
vt 21.9554 2.792091
vt 21.96175 2.905291
vt 21.95522 2.905506
vt 21.96192 2.792352
vt 21.96994 5.181533
vt 21.97944 5.294086
vt 21.97292 5.294735
vt 21.97647 5.181362
vt 22.00703 7.701174
vt 22.01923 7.812976
vt 22.01274 7.814
vt 22.01355 7.700631
vt 19.86654 2.975325
vt 19.88703 3.083737
vt 19.86044 2.978918
vt 19.89309 3.079991
vt 18.94953 5.478892
vt 18.96037 5.595073
vt 18.92949 5.493382
vt 18.98041 5.580567
vt 19.72159 9.377576
vt 19.73336 9.426702
vt 19.71989 9.374796
vt 19.73493 9.425668
vt 20.20188 12.70869
vt 20.17457 12.6048
vt 20.19351 12.59296
vt 19.71238 9.344356
vt 19.712 9.344402
vt 19.70633 9.322525
vt 21.51001 15.76163
vt 21.52791 15.87081
vt 21.50384 15.76488
vt 21.53405 15.8674
vt 22.19198 18.86107
vt 22.20669 18.97168
vt 22.18568 18.86373
vt 22.21289 18.96855
vt 20.96683 21.14632
vt 20.98151 21.25759
vt 20.9605 21.14882
vt 20.98769 21.25433
vt 18.09936 23.06874
vt 18.06979 22.96377
vt 18.07609 22.96107
vt 18.09328 23.07242
vt 13.92337 25.20656
vt 13.89003 25.10304
vt 13.89625 25.09992
vt 13.91743 25.21079
vt 9.033204 28.44997
vt 9.004495 28.34187
vt 9.010849 28.33948
vt 9.027098 28.45359
vt 4.387608 30.28767
vt 4.375145 30.17245
vt 4.381618 30.17102
vt 4.381069 30.28782
vt -1.903193 31.74784
vt -1.91675 31.63416
vt -1.910289 31.63261
vt -1.909727 31.7482
vt -8.179999 32.4571
vt -8.192096 32.34411
vt -8.185614 32.34284
vt -8.186531 32.45734
vt -14.11845 31.01355
vt -14.12509 30.90034
vt -14.11857 30.89993
vt -14.12498 31.01317
vt -19.16308 26.01961
vt -19.15889 25.90665
vt -19.15241 25.90787
vt -19.16951 26.01791
vt -19.3842 25.33967
vt -19.39889 25.45063
vt -19.3907 25.33878
vt -19.39242 25.45201
vt -19.57017 24.41738
vt -19.58237 24.52918
vt -19.57669 24.41683
vt -19.57587 24.5302
vt -19.70182 23.22421
vt -19.71132 23.33676
vt -19.70834 23.22404
vt -19.7048 23.33741
vt -19.75389 21.89809
vt -19.76024 22.01129
vt -19.76041 21.89835
vt -19.75371 22.0115
vt -19.64925 20.72806
vt -19.65141 20.84174
vt -19.65576 20.72889
vt -19.64489 20.84138
vt -19.05915 20.72015
vt -19.05268 20.71879
vt -18.75251 -12.47623
vt -18.76669 -12.47244
vt -18.75647 -12.48424
vt -18.76277 -12.46438
vt -12.07015 -23.70972
vt -12.14281 -23.69179
vt -12.07179 -23.71947
vt -12.14126 -23.68201
vt -1.091712 -29.01285
vt -1.019047 -28.99491
vt -1.020595 -28.98513
vt -1.090063 -29.02259
vt 8.220297 -25.2647
vt 8.282868 -25.20502
vt 8.278999 -25.19692
vt 8.22425 -25.27272
vt 13.48546 -18.5865
vt 13.53699 -18.50561
vt 13.53198 -18.49916
vt 13.49054 -18.59283
vt 16.33932 -12.17232
vt 16.38294 -12.08116
vt 16.37739 -12.07586
vt 16.34492 -12.17749
vt 18.01898 -6.496075
vt 18.05735 -6.399603
vt 18.05153 -6.395049
vt 18.02485 -6.500483
vt 19.10348 -1.479078
vt 19.13839 -1.379675
vt 19.13242 -1.375611
vt 19.10949 -1.482991
vt 18.0572 1.190104
vt 18.07127 1.30555
vt 18.03757 1.205901
vt 18.0909 1.289753
vt 20.26592 12.77143
vt 20.25773 12.65566
vt 20.25931 12.65468
vt 20.65767 15.35801
vt 20.66333 15.47484
vt 20.63703 15.37036
vt 20.68397 15.46248
vt 21.75376 17.61635
vt 21.77214 17.72529
vt 21.74759 17.61966
vt 21.77826 17.72181
vt 22.15696 19.36784
vt 22.17468 19.47737
vt 22.15074 19.3709
vt 22.1808 19.47384
vt 20.72986 20.59894
vt 20.74977 20.70826
vt 20.72367 20.60215
vt 20.75578 20.70432
vt 17.74782 22.07592
vt 17.71177 21.97585
vt 17.71786 21.97222
vt 17.74199 22.08048
vt 13.58969 24.40394
vt 13.54892 24.30692
vt 13.55486 24.30273
vt 13.5841 24.40918
vt 8.935929 28.20827
vt 8.898676 28.10652
vt 8.904787 28.10293
vt 8.930163 28.21303
vt 4.377895 29.98265
vt 4.375069 29.86593
vt 4.381608 29.86578
vt 4.371397 29.98151
vt -1.947024 30.66135
vt -1.95168 30.546
vt -1.945146 30.54566
vt -1.953539 30.6605
vt -8.226212 30.99353
vt -8.230725 30.87925
vt -8.224192 30.87902
vt -8.232727 30.99274
vt -14.04762 29.89033
vt -14.04871 29.77673
vt -14.04218 29.77708
vt -14.05411 29.88919
vt -18.88989 26.17531
vt -18.88321 26.06274
vt -18.87676 26.0643
vt -18.89628 26.17326
vt -21.91793 19.59765
vt -21.89895 19.48869
vt -21.89281 19.49208
vt -21.92404 19.59411
vt -22.14246 17.39506
vt -22.12197 17.28664
vt -22.11587 17.29024
vt -22.14852 17.39131
vt -22.28332 14.2368
vt -22.31823 14.3362
vt -22.28934 14.23289
vt -22.31226 14.34027
vt -22.34156 10.16244
vt -22.37992 10.25891
vt -22.34742 10.15803
vt -22.3741 10.26346
vt -22.15005 4.747781
vt -22.19367 4.838939
vt -22.15565 4.742614
vt -22.18812 4.844245
vt -21.32 -2.57326
vt -21.37153 -2.492374
vt -21.32508 -2.57959
vt -21.36652 -2.485919
vt -18.81508 -12.41655
vt -18.81122 -12.40844
vt -15.97845 -14.82594
vt -15.99962 -14.84804
vt -15.98814 -14.85665
vt -15.98993 -14.81733
vt -10.41903 -21.81382
vt -10.35005 -21.86347
vt -10.34673 -21.83198
vt -10.35029 -21.86569
vt -10.42258 -21.84753
vt -3.079355 -25.20467
vt -3.003502 -25.22021
vt -3.00706 -25.18651
vt -3.075797 -25.23838
vt -3.076031 -25.23615
vt 3.994462 -23.81701
vt 3.938297 -23.89712
vt 4.004144 -23.84772
vt 3.928615 -23.86641
vt 9.206144 -19.52132
vt 9.277054 -19.47725
vt 9.26319 -19.45063
vt 9.220008 -19.54794
vt 12.787 -14.13084
vt 12.85239 -14.06994
vt 12.83595 -14.04707
vt 12.80344 -14.1537
vt 15.18856 -8.682756
vt 15.24902 -8.610942
vt 15.231 -8.59109
vt 15.20657 -8.702608
vt 16.88363 -3.436439
vt 16.86516 -3.550527
vt 16.90262 -3.453981
vt 16.84617 -3.532986
vt 20.22685 12.69752
vt 20.20633 12.71034
vt 20.19955 12.59362
vt 21.04452 17.54831
vt 21.04954 17.66518
vt 21.02382 17.5604
vt 21.07024 17.65309
vt 21.95708 18.86876
vt 21.97632 18.97734
vt 21.95094 18.87219
vt 21.98242 18.97375
vt 22.08125 19.34693
vt 22.10223 19.4551
vt 22.07513 19.35044
vt 22.10823 19.45114
vt 20.41556 19.69182
vt 20.44077 19.79853
vt 20.40955 19.69574
vt 20.44657 19.79391
vt 17.29452 20.92387
vt 17.25227 20.82972
vt 17.2581 20.82519
vt 17.28902 20.9293
vt 13.17178 23.5892
vt 13.12412 23.4999
vt 13.12972 23.49469
vt 13.16662 23.59539
vt 8.806955 27.98068
vt 8.761798 27.8868
vt 8.767572 27.88206
vt 8.801614 27.9865
vt 4.422501 29.54978
vt 4.402852 29.66259
vt 4.416002 29.54865
vt 4.409204 29.66499
vt -1.847791 29.39309
vt -1.864865 29.50561
vt -1.854306 29.39225
vt -1.858461 29.50764
vt -8.088552 29.26794
vt -8.104379 29.37976
vt -8.095068 29.26717
vt -8.097947 29.38154
vt -13.83579 28.51615
vt -13.83154 28.40276
vt -13.82505 28.40384
vt -13.84221 28.51429
vt -18.56858 25.88183
vt -18.55936 25.76976
vt -18.55295 25.77167
vt -18.57492 25.87943
vt -21.65921 21.03677
vt -21.64109 20.92759
vt -21.63492 20.93086
vt -21.66535 21.03333
vt -22.41826 16.98085
vt -22.40742 16.86467
vt -22.38737 16.87916
vt -22.4383 16.96634
vt -22.44716 14.24565
vt -22.43309 14.1302
vt -22.41346 14.146
vt -22.46679 14.22985
vt -22.29738 10.51578
vt -22.35383 10.59478
vt -22.31637 10.49824
vt -22.33484 10.61233
vt -21.97005 5.962546
vt -21.94562 5.851027
vt -21.92761 5.870879
vt -21.98807 5.942693
vt -21.0829 0.06591754
vt -21.14829 0.1268138
vt -21.09935 0.04304947
vt -21.13185 0.1496818
vt -19.39332 -6.897148
vt -19.35014 -6.994467
vt -19.33627 -6.967841
vt -19.40718 -6.923775
vt -16.0443 -14.77654
vt -16.05398 -14.80725
vt 21.37624 19.12961
vt 21.38104 19.2465
vt 21.35552 19.14162
vt 21.40177 19.23449
vt 22.12229 19.48477
vt 22.14276 19.59283
vt 22.11619 19.48837
vt 22.14882 19.58907
vt 21.9503 18.76758
vt 21.97483 18.874
vt 21.94431 18.77156
vt 21.98069 18.86957
vt 20.00628 18.41536
vt 20.03689 18.51869
vt 20.00048 18.41999
vt 20.04244 18.51337
vt 16.73088 19.62593
vt 16.68271 19.53872
vt 16.68822 19.53331
vt 16.72575 19.63218
vt 12.67249 22.77697
vt 12.61854 22.69652
vt 12.62372 22.69036
vt 12.66781 22.78402
vt 8.648952 27.77084
vt 8.596633 27.68617
vt 8.601983 27.68037
vt 8.638107 27.76606
vt 8.644484 27.77711
vt 4.502675 29.22997
vt 4.473966 29.33807
vt 4.49632 29.22758
vt 4.480072 29.34169
vt -1.625785 28.19404
vt -1.651195 28.30276
vt -1.632194 28.19205
vt -1.644986 28.30592
vt -7.792043 27.51334
vt -7.814873 27.62224
vt -7.798479 27.5116
vt -7.808585 27.62499
vt -13.49602 26.85983
vt -13.48654 26.74722
vt -13.48011 26.74901
vt -13.50234 26.85726
vt -18.19344 25.11332
vt -18.18155 25.00188
vt -18.17519 25.00415
vt -18.19972 25.11057
vt -21.37168 21.76371
vt -21.35389 21.65446
vt -21.34771 21.6577
vt -21.37782 21.76031
vt -22.30506 18.89481
vt -22.29658 18.77827
vt -22.27626 18.79181
vt -22.32382 18.88232
vt 21.66335 20.06951
vt 21.66836 20.18638
vt 21.64264 20.0816
vt 21.68906 20.17429
vt 22.24699 19.43355
vt 22.26909 19.54088
vt 22.24095 19.43736
vt 22.27509 19.53691
vt 21.74448 17.61088
vt 21.77288 17.71501
vt 21.73864 17.61537
vt 21.77857 17.71008
vt 19.52056 16.87329
vt 19.47366 16.7856
vt 19.47919 16.78023
vt 19.51532 16.87931
vt 16.04798 18.20998
vt 15.99425 18.13075
vt 15.99937 18.12449
vt 16.04329 18.217
vt 12.09538 21.98578
vt 12.03583 21.9152
vt 12.04052 21.90818
vt 12.09125 21.9936
vt 8.464903 27.5822
vt 8.406622 27.50742
vt 8.411102 27.50117
vt 8.411223 27.51542
vt 8.424073 27.53478
vt 8.464335 27.58322
vt 4.619634 28.91335
vt 4.582382 29.0151
vt 4.613524 28.90975
vt 4.588148 29.01986
vt -1.287008 26.97073
vt -1.320339 27.07426
vt -1.293226 26.96761
vt -1.314405 27.07849
vt -7.343415 25.62995
vt -7.372984 25.73492
vt -7.349712 25.62726
vt -7.366899 25.7386
vt -13.03039 24.91186
vt -13.01572 24.8006
vt -13.00939 24.80309
vt -13.03657 24.9086
vt -17.75718 23.8566
vt -17.74248 23.746
vt -17.73618 23.74865
vt -17.76339 23.85347
vt -21.05443 21.80767
vt -21.03653 21.69849
vt -21.03035 21.70174
vt -21.06057 21.80426
vt -22.13604 20.04455
vt -22.12767 19.92881
vt -22.10874 19.94066
vt -22.30545 18.97227
vt -22.27685 18.86913
vt -22.30388 18.9733
vt 21.91142 20.33857
vt 21.91709 20.45542
vt 21.89078 20.35094
vt 21.93772 20.44304
vt 22.32325 18.68789
vt 22.34743 18.79417
vt 22.31729 18.69198
vt 22.35334 18.78993
vt 21.43611 15.87109
vt 21.46876 15.97229
vt 21.43047 15.87615
vt 21.47423 15.9668
vt 18.85442 14.90512
vt 18.8026 14.82415
vt 18.80779 14.81803
vt 18.84954 14.91183
vt 15.23782 16.71712
vt 15.17896 16.64695
vt 15.18362 16.6399
vt 15.23363 16.72486
vt 11.44453 21.2377
vt 11.38012 21.17793
vt 11.38426 21.17013
vt 11.41578 21.21792
vt 11.44392 21.23917
vt 8.233148 27.38887
vt 8.197541 27.34859
vt 8.198111 27.34758
vt 8.226453 27.38351
vt 8.460635 27.58985
vt 4.770253 28.60673
vt 4.725096 28.70061
vt 4.764479 28.60199
vt 4.730436 28.70643
vt -0.8398907 25.748
vt -0.8806614 25.84503
vt -0.8458374 25.74381
vt -0.8750778 25.85027
vt -6.747816 23.64403
vt -6.783866 23.7441
vt -6.753913 23.64041
vt -6.77804 23.74867
vt -12.43529 22.68139
vt -12.41539 22.57207
vt -12.40919 22.57527
vt -12.4413 22.67745
vt -17.24741 22.11448
vt -17.22969 22.00495
vt -17.22347 22.00801
vt -17.25352 22.11095
vt -20.70326 21.19011
vt -20.68488 21.08116
vt -20.67871 21.08448
vt -20.70938 21.18663
vt -21.92128 20.47207
vt -21.91562 20.35524
vt -21.89498 20.36759
vt -21.94191 20.4597
vt -22.10558 20.12856
vt -22.09898 20.01182
vt -22.09739 20.0128
vt 22.12109 19.91008
vt 22.12787 20.02682
vt 22.10057 19.92293
vt 22.14839 20.01399
vt 22.14681 20.01497
vt 22.33565 17.22108
vt 22.36243 17.32595
vt 22.3298 17.22552
vt 22.36823 17.32136
vt 20.98767 13.5584
vt 21.02499 13.65581
vt 20.98228 13.56408
vt 21.0302 13.64974
vt 18.01463 12.66304
vt 17.958 12.58999
vt 17.96279 12.58315
vt 18.0102 12.67044
vt 14.2934 15.20181
vt 14.22992 15.14176
vt 14.23407 15.13397
vt 14.28978 15.21019
vt 11.44099 21.24619
vt 8.193826 27.3552
vt 8.254272 27.42644
vt 8.257914 27.41806
vt 4.950844 28.31641
vt 4.898525 28.40108
vt 4.945494 28.31061
vt 4.903364 28.40786
vt -0.2928407 24.55301
vt -0.3405048 24.64231
vt -0.298439 24.5478
vt -0.3353426 24.6485
vt -6.008572 21.5927
vt -6.05083 21.68685
vt -6.014409 21.58817
vt -6.045323 21.69228
vt -11.70207 20.1959
vt -11.67686 20.08919
vt -11.67084 20.0931
vt -11.70787 20.19127
vt -16.64877 19.90302
vt -16.62779 19.79485
vt -16.62167 19.79835
vt -16.65477 19.89905
vt -20.30924 19.93482
vt -20.29 19.82624
vt -20.28386 19.82967
vt -20.31534 19.93123
vt -21.67048 20.19501
vt -21.66546 20.07814
vt -21.64476 20.09024
vt -21.69118 20.18292
vt -22.1545 20.03746
vt -22.1272 19.93356
vt -22.13397 20.05028
vt 22.29785 18.6746
vt 22.30649 18.7911
vt 22.29628 18.67565
vt 22.29851 18.68357
vt 22.29552 18.87514
vt 22.26675 18.77213
vt 22.28551 18.75965
vt 22.25681 15.00621
vt 22.28681 15.10912
vt 22.2511 15.01107
vt 22.29247 15.10411
vt 20.34929 10.70434
vt 20.39171 10.79676
vt 20.34422 10.71068
vt 20.39658 10.79006
vt 16.96902 10.22831
vt 16.90778 10.16451
vt 16.91209 10.15694
vt 16.9651 10.23636
vt 13.2109 13.72776
vt 13.14395 13.67931
vt 13.14751 13.67086
vt 13.16269 13.69613
vt 13.19301 13.71997
vt 10.67918 20.5163
vt 10.65677 20.50831
vt 10.6597 20.5013
vt 10.72234 20.56551
vt 10.72523 20.55646
vt 8.031183 27.28138
vt 7.962618 27.23076
vt 7.966278 27.2224
vt 8.028216 27.29037
vt 5.157366 28.04795
vt 5.098713 28.12222
vt 5.152514 28.04119
vt 5.102981 28.12987
vt 0.3446971 23.41368
vt 0.2907491 23.49413
vt 0.3395193 23.40752
vt 0.2954261 23.50118
vt -5.126862 19.5241
vt -5.17503 19.61131
vt -5.132374 19.51868
vt -5.169902 19.61756
vt -10.81864 17.50013
vt -10.78803 17.39681
vt -10.78223 17.40144
vt -10.82418 17.49481
vt -15.9414 17.25266
vt -15.91687 17.14624
vt -15.91087 17.15022
vt -15.94726 17.24823
vt -19.86011 18.0686
vt -19.83964 17.96055
vt -19.83354 17.96415
vt -19.86616 18.06485
vt -21.38104 19.2465
vt -21.37624 19.12961
vt -21.35552 19.14162
vt -21.40177 19.23449
vt 22.3234 18.81058
vt 22.29516 18.7166
vt 22.2945 18.70763
vt 22.31696 18.85375
vt 22.29663 18.86725
vt 22.28881 18.7597
vt 22.39773 16.83278
vt 22.40857 16.94894
vt 22.37768 16.84725
vt 22.42861 16.93445
vt 22.04091 12.01522
vt 22.07486 12.11527
vt 22.03539 12.0206
vt 22.08032 12.10976
vt 19.50681 7.45
vt 19.44978 7.37848
vt 19.45445 7.371431
vt 19.50237 7.457385
vt 15.68758 7.710383
vt 15.6221 7.657271
vt 15.62584 7.649015
vt 15.68375 7.718557
vt 15.68434 7.71882
vt 13.20841 13.73717
vt 13.21141 13.72822
vt 9.944097 19.96619
vt 9.872468 19.93033
vt 9.875357 19.92128
vt 9.941894 19.97568
vt 7.787922 27.17479
vt 7.715881 27.13707
vt 7.718868 27.1281
vt 7.785667 27.18426
vt 5.385681 27.8061
vt 5.321594 27.86896
vt 5.381396 27.79848
vt 5.325235 27.87734
vt 1.062234 22.35711
vt 1.002682 22.42768
vt 1.057543 22.35008
vt 1.006813 22.4355
vt -4.105206 17.49428
vt -4.158938 17.57351
vt -4.110328 17.48802
vt -4.154247 17.58053
vt -9.726309 14.56423
vt -9.773203 14.65191
vt -9.731835 14.55886
vt -9.767966 14.65793
vt -15.10048 14.20831
vt -15.07208 14.10418
vt -15.06624 14.10867
vt -15.10617 14.20337
vt -19.33882 15.6237
vt -19.31671 15.51637
vt -19.31068 15.52019
vt -19.34482 15.61973
vt -21.04742 17.65655
vt -21.0424 17.53968
vt -21.0217 17.55177
vt -21.06812 17.64446
vt 22.42202 14.09747
vt 22.43609 14.21292
vt 22.40239 14.11327
vt 22.45572 14.19712
vt 21.61078 8.217473
vt 21.64957 8.313387
vt 21.60554 8.223476
vt 21.65475 8.307252
vt 18.27877 3.739792
vt 18.21701 3.678097
vt 18.22115 3.670313
vt 18.27487 3.747871
vt 14.12085 5.226766
vt 14.07893 5.20603
vt 14.08194 5.19739
vt 11.99366 12.36719
vt 11.92297 12.33036
vt 11.92588 12.32134
vt 11.99133 12.37661
vt 9.109163 19.49003
vt 9.035294 19.46697
vt 9.037494 19.45748
vt 9.107675 19.49985
vt 7.531311 27.10052
vt 7.456831 27.07619
vt 7.459108 27.06673
vt 7.529797 27.11034
vt 5.631633 27.59464
vt 5.563068 27.64526
vt 5.627973 27.58629
vt 5.575129 27.64599
vt 5.56492 27.65088
vt 1.848926 21.40925
vt 1.784515 21.46901
vt 1.844783 21.40144
vt 1.788047 21.4775
vt -2.948681 15.56419
vt -3.007547 15.63436
vt -2.953349 15.55714
vt -3.003358 15.6421
vt -8.485622 11.66229
vt -8.537436 11.74326
vt -8.490814 11.65618
vt -8.532564 11.74997
vt -14.09198 10.83257
vt -14.05933 10.73137
vt -14.05369 10.73643
vt -14.09746 10.82709
vt -18.72234 12.63793
vt -18.69816 12.53165
vt -18.6922 12.53574
vt -18.72825 12.63368
vt -20.65914 15.45819
vt -20.65348 15.34135
vt -20.63284 15.35371
vt -20.67977 15.44581
vt 22.30429 10.46709
vt 22.32275 10.58118
vt 22.28529 10.48464
vt 22.34175 10.56364
vt 20.83866 3.596956
vt 20.88332 3.686757
vt 20.83382 3.603711
vt 20.88808 3.679883
vt 16.62157 -0.1590577
vt 16.55529 -0.2086157
vt 16.55878 -0.2171282
vt 16.59245 -0.1742481
vt 16.62114 -0.1578973
vt 14.07885 5.206267
vt 14.14532 5.256446
vt 14.14797 5.247236
vt 10.64855 11.19172
vt 10.57551 11.16774
vt 10.57772 11.15826
vt 10.64694 11.20149
vt 8.229865 19.1489
vt 8.15473 19.139
vt 8.156211 19.12918
vt 8.229113 19.15892
vt 7.264496 27.06044
vt 7.188636 27.04979
vt 7.190173 27.03999
vt 7.26374 27.07046
vt 5.890048 27.41312
vt 5.8647 27.42339
vt 5.888182 27.40751
vt 5.871 27.42228
vt 2.692937 20.59298
vt 2.624479 20.64113
vt 2.689397 20.5845
vt 2.627366 20.65018
vt -1.664486 13.79916
vt -1.727969 13.85921
vt -1.668633 13.79137
vt -1.724342 13.8676
vt -7.044402 8.792354
vt -7.101033 8.8654
vt -7.049192 8.785505
vt -7.096597 8.872795
vt -12.87496 7.206669
vt -12.83763 7.109262
vt -12.83224 7.114941
vt -12.88016 7.200597
vt -17.9759 9.155111
vt -17.94913 9.050242
vt -17.94327 9.054678
vt -17.9817 9.150521
vt -20.20022 12.68774
vt -20.19344 12.571
vt -20.17292 12.58385
vt -20.22074 12.67491
vt -20.21916 12.6759
vt 21.97548 5.915516
vt 21.91502 5.843702
vt 21.93304 5.823849
vt 21.95747 5.935368
vt 19.52045 -1.800456
vt 19.57201 -1.719766
vt 19.51619 -1.792832
vt 19.57619 -1.727495
vt 16.61834 -0.1503001
vt 12.34337 3.00021
vt 12.27143 2.972738
vt 12.27378 2.963339
vt 12.34149 3.009855
vt 9.192005 10.27146
vt 9.117596 10.26091
vt 9.119072 10.25109
vt 9.191155 10.28145
vt 7.316966 18.96034
vt 7.241567 18.96376
vt 7.24231 18.95374
vt 7.316961 18.97043
vt 6.990596 27.05598
vt 6.914429 27.05915
vt 6.915208 27.04913
vt 6.990608 27.06606
vt 5.891169 27.41649
vt 5.821383 27.46368
vt 5.819129 27.45421
vt 3.581684 19.92726
vt 3.535824 19.94628
vt 3.578795 19.91821
vt 3.558075 19.94268
vt -0.2648241 12.26356
vt -0.3322896 12.31246
vt -0.2683853 12.2551
vt -0.3292851 12.32141
vt -5.388812 6.070075
vt -5.450053 6.133872
vt -5.393122 6.062504
vt -5.446129 6.141927
vt -11.40128 3.435341
vt -11.35886 3.342912
vt -11.35379 3.349252
vt -11.40615 3.428632
vt -17.0513 5.225058
vt -17.02131 5.122151
vt -17.01559 5.127015
vt -17.05697 5.220053
vt -19.64818 9.379262
vt -19.63816 9.263775
vt -19.6194 9.276252
vt -19.58461 9.318149
vt -19.57597 9.201656
vt -19.57441 9.202702
vt -19.57663 9.210621
vt 21.13596 0.1057099
vt 21.07057 0.0448137
vt 21.08701 0.02194563
vt 21.11952 0.128578
vt 17.36188 -7.750934
vt 17.36261 -7.738464
vt 17.35845 -7.74237
vt 17.37833 -7.73552
vt 14.38809 -4.014242
vt 14.45351 -3.961987
vt 14.38576 -4.00628
vt 14.38987 -4.013069
vt 14.39294 -4.012521
vt 14.45591 -3.97135
vt 10.2904 1.14091
vt 10.2167 1.128025
vt 10.21825 1.118235
vt 10.28933 1.150851
vt 7.64745 9.666716
vt 7.572731 9.669896
vt 7.573438 9.659875
vt 7.647376 9.676796
vt 6.383111 18.94761
vt 6.307712 18.9442
vt 6.382368 18.93759
vt 6.307717 18.95428
vt 6.713528 27.09818
vt 6.637361 27.09501
vt 6.712748 27.08816
vt 6.637349 27.1051
vt 3.512258 19.97261
vt 3.510055 19.96312
vt 6.160414 27.27365
vt 6.085934 27.29798
vt 6.158138 27.26419
vt 6.087448 27.30779
vt 1.232485 11.01689
vt 1.168666 11.04907
vt 1.22957 11.00787
vt 1.189749 11.0458
vt -3.514292 3.624977
vt -3.579769 3.678088
vt -3.518036 3.616721
vt -3.576441 3.686757
vt -9.560537 -0.4196258
vt -9.617561 -0.3481055
vt -9.5652 -0.4266744
vt -9.613123 -0.3407206
vt -15.88054 0.9080248
vt -15.84659 0.8079763
vt -15.84108 0.8133524
vt -15.886 0.9025094
vt -18.95068 5.563167
vt -18.93985 5.447002
vt -18.9198 5.461476
vt -18.97073 5.548677
vt -19.66232 9.361106
vt -19.63417 9.267059
vt -19.64199 9.374616
vt -19.62518 9.348665
vt -19.59628 9.245717
vt -19.59694 9.254683
vt 19.38098 -6.956246
vt 19.32533 -6.981404
vt 19.33919 -7.00803
vt 19.34034 -6.962805
vt 19.38238 -6.910711
vt 19.39624 -6.937338
vt 17.42108 -7.683697
vt 17.42442 -7.692345
vt 11.68027 -7.355257
vt 11.74991 -7.317742
vt 11.67852 -7.345554
vt 11.75136 -7.327561
vt 8.033993 -0.1704307
vt 7.95982 -0.1680661
vt 7.960503 -0.1780862
vt 8.033796 -0.1603601
vt 6.045371 9.432802
vt 5.970653 9.429623
vt 6.044664 9.422781
vt 5.970726 9.439702
vt 5.379651 19.1149
vt 5.365203 19.10855
vt 5.378534 19.10498
vt 5.365955 19.11857
vt 6.374664 27.18415
vt 6.359833 27.17801
vt 6.373518 27.17424
vt 6.360589 27.18803
vt 1.164121 11.06314
vt 1.161792 11.05372
vt 4.501995 19.42622
vt 4.428126 19.44928
vt 4.499795 19.41673
vt 4.429613 19.4591
vt 6.435693 27.16736
vt 6.434155 27.15755
vt -1.430935 1.594748
vt -1.500061 1.635717
vt -1.434024 1.585871
vt -1.490671 1.639838
vt -1.49853 1.641041
vt -7.394539 -4.004748
vt -7.456296 -3.943053
vt -7.398681 -4.012532
vt -7.452399 -3.934974
vt -14.32248 -3.80881
vt -14.36127 -3.712896
vt -14.36645 -3.719031
vt -14.31724 -3.802806
vt -18.0602 1.272818
vt -18.04613 1.157372
vt -18.0265 1.173168
vt -18.07983 1.257021
vt 15.98023 -14.86258
vt 16.0364 -14.78246
vt 15.97055 -14.83187
vt 16.04608 -14.81318
vt 14.04048 -13.65299
vt 14.10708 -13.60479
vt 14.0382 -13.64356
vt 14.10927 -13.61428
vt 8.496877 -9.824313
vt 8.569578 -9.804801
vt 8.496179 -9.8143
vt 8.569971 -9.814854
vt 5.646364 -0.8010393
vt 5.572192 -0.8034039
vt 5.645682 -0.8110594
vt 5.572389 -0.7933333
vt 4.358804 9.592242
vt 4.344639 9.585966
vt 4.357641 9.582334
vt 4.345489 9.595961
vt 5.440338 19.09865
vt 5.438857 19.08883
vt 2.803584 10.10904
vt 2.730542 10.13302
vt 2.801368 10.09956
vt 2.732148 10.14279
vt 0.8121317 0.1123184
vt 0.8281884 0.1038114
vt 0.8295479 0.1092454
vt -4.811729 -7.162036
vt -4.878007 -7.112478
vt -4.815217 -7.170549
vt -4.874783 -7.10372
vt -12.30324 -8.592649
vt -12.3479 -8.502848
vt -12.35267 -8.509722
vt -12.2984 -8.585895
vt -16.85308 -3.581671
vt -16.87155 -3.467583
vt -16.89054 -3.485125
vt -16.83408 -3.56413
vt 10.41607 -21.81457
vt 10.34378 -21.83273
vt 10.4194 -21.84605
vt 10.41963 -21.84827
vt 10.34734 -21.86644
vt 9.44442 -18.39988
vt 9.516395 -18.37623
vt 9.44358 -18.3899
vt 9.517131 -18.38624
vt 5.085083 -11.08833
vt 5.012382 -11.06881
vt 5.011989 -11.07887
vt 5.085781 -11.07831
vt 3.155616 -0.689222
vt 3.141604 -0.6950935
vt 3.154313 -0.6990876
vt 3.142668 -0.6851529
vt 4.419049 9.575414
vt 4.417573 9.565594
vt 0.83054 0.1132109
vt 0.7585945 0.1406828
vt 0.7604833 0.1503275
vt -1.81091 -9.60236
vt -1.845541 -9.57875
vt -1.846898 -9.578833
vt -1.823853 -9.582963
vt -1.808222 -9.593183
vt -9.593468 -13.29458
vt -9.645029 -13.21389
vt -9.649211 -13.22162
vt -9.589205 -13.28696
vt -15.23643 -8.638119
vt -15.17597 -8.709933
vt -15.21842 -8.618267
vt -15.19399 -8.729786
vt 3.006454 -25.22096
vt 3.010012 -25.18725
vt 3.006689 -25.21873
vt 3.078748 -25.23912
vt 3.082306 -25.20541
vt 4.07206 -20.76776
vt 4.000086 -20.74411
vt 3.999349 -20.75412
vt 4.0729 -20.75778
vt 1.485671 -10.9689
vt 1.474694 -10.95424
vt 1.473244 -10.96406
vt 1.487269 -10.95914
vt 3.215296 -0.7079781
vt 3.213754 -0.7177685
vt -1.875973 -9.548889
vt -1.878378 -9.558252
vt -5.977001 -17.44762
vt -6.006977 -17.40776
vt -6.018126 -17.4091
vt -5.973569 -17.43906
vt -12.84006 -14.09104
vt -12.77467 -14.15194
vt -12.82362 -14.06818
vt -12.79111 -14.17481
vt -3.996242 -23.85365
vt -3.975081 -23.83155
vt -3.98656 -23.82294
vt -3.984763 -23.86226
vt -1.398067 -20.23405
vt -1.407872 -20.21782
vt -1.410059 -20.2273
vt -1.395831 -20.22459
vt 1.544338 -10.99176
vt 1.546085 -10.98205
vt -6.036202 -17.38039
vt -6.039544 -17.38903
vt -9.209064 -19.56151
vt -9.261533 -19.49354
vt -9.263612 -19.49391
vt -9.23271 -19.4884
vt -9.1952 -19.53488
vt -3.930395 -23.90305
vt -3.920713 -23.87234
vt -1.341272 -20.26601
vt -1.338986 -20.25658
vt -9.252245 -19.46419
vt -9.26611 -19.49081
vn 0.21231961339273414 0.46958932962083866 0.8569750540564243
vn 0.11366180514332808 0.40861221849017504 0.9056031409795892
vn 0.10914099367728944 0.4151260759510889 0.9031935476765679
vn 0.22538120748710408 0.45869221523763387 0.8595375285536093
vn 0.4149685938786531 0.5585392917607913 0.7182164894053374
vn 0.44594500351995536 0.5071135040027736 0.7375425058216075
vn 0.2281520925406975 0.44326978550754703 0.8668670716582757
vn 0.11729160710420447 0.4016011243244726 0.9082726550129275
vn 0 0.3515416202868696 0.9361722540249108
vn 0.19317030117146777 0.49367640299386584 0.8479203051421534
vn 0.09928569161830136 0.4275003069680162 0.8985465146458069
vn 0.3775112176204648 0.6055928282662517 0.7005302326974876
vn 0.589627191886276 0.6094412916136185 0.5300198927065184
vn 0.6168293909758169 0.5741744915998559 0.5383726921236346
vn 0.5524294054867371 0.5169619051344733 0.6538900064944455
vn 0.24033611240239397 0.4151351214227867 0.8774402452797523
vn 0.4631849107821921 0.4807620111913583 0.744531817331491
vn 0.46978441787389746 0.4521308172022304 0.7582086288475796
vn 0.12356699945429292 0.38713989829027967 0.9137033959648256
vn 0 0.3310822051581861 0.9436019147011059
vn 0 0.34772890705207765 0.9375951190147949
vn -0.023836539726356267 0.46867429461961385 0.8830493898625836
vn -0.03097083140632465 0.5757102261418707 0.81706703710141
vn -0.01590929943922632 0.4696023834473754 0.882734668885219
vn -0.04726524054070521 0.5777878066097805 0.8148173093213524
vn 0 0.5774909769091938 0.8163970673566048
vn 0 0.47051551224066335 0.8823917229558006
vn 0.01590929943922632 0.4696023834473754 0.882734668885219
vn 0.03097083140632465 0.5757102261418707 0.81706703710141
vn 0.03160505098271859 0.46687091451675294 0.8837605274794018
vn 0.06152323226531982 0.570383821001851 0.8190709301586498
vn 0.04687225098707518 0.4623455097364594 0.8854601186467621
vn 0.09123626495617859 0.5615605305053507 0.8223902446742635
vn 0.061493469257693556 0.4560688944946529 0.8878173892828853
vn 0.11968500425917708 0.5493258195486137 0.8269925294298159
vn 0.07524908216661916 0.4481050129021226 0.8908083256487167
vn 0.14644120626939053 0.5338070228531624 0.8328295356548117
vn 0.08791888092183762 0.43854300459816387 0.8943994093778608
vn 0.17107669733872324 0.5151801919858336 0.8398345869354957
vn 0.3343070913471197 0.6475897832384144 0.6847380822769041
vn 0.5363851114526509 0.6762877144397876 0.5049019107804361
vn 0.7241087887317306 0.6185630903741872 0.3050346952531814
vn 0.778198273312574 0.5288371818641293 0.33873098838360555
vn 0.6671822072132372 0.5262196056892207 0.5272199057000355
vn 0.6675507007787314 0.4582571005345797 0.5868360006845736
vn 0.2486124067570951 0.3856616104819874 0.888513924149129
vn 0.48597982201555223 0.39452291787242894 0.7798559353285432
vn 0.1278310927865773 0.3719867790090357 0.9193938481192229
vn -0.10914099367728944 0.4151260759510889 0.9031935476765679
vn -0.19317030117146777 0.49367640299386584 0.8479203051421534
vn -0.09928569161830136 0.4275003069680162 0.8985465146458069
vn -0.21231961339273414 0.46958932962083866 0.8569750540564243
vn -0.17107669733872324 0.5151801919858336 0.8398345869354957
vn -0.08791888092183762 0.43854300459816387 0.8943994093778608
vn -0.14644120626939053 0.5338070228531624 0.8328295356548117
vn -0.07524908216661916 0.4481050129021226 0.8908083256487167
vn -0.11968500425917708 0.5493258195486137 0.8269925294298159
vn -0.061493469257693556 0.4560688944946529 0.8878173892828853
vn -0.09123626495617859 0.5615605305053507 0.8223902446742635
vn -0.04687225098707518 0.4623455097364594 0.8854601186467621
vn -0.06152323226531982 0.570383821001851 0.8190709301586498
vn -0.03160505098271859 0.46687091451675294 0.8837605274794018
vn 0 0.31046590516878214 0.9505845158257781
vn -0.06050422254784107 0.7657436322455687 0.6402936269628523
vn -0.09130942998804645 0.7646586998998964 0.6379338999164866
vn 0 0.7692181088632002 0.6389863073626242
vn 0.06050422254784107 0.7657436322455687 0.6402936269628523
vn 0.12019439768282872 0.7553506854379491 0.6442038875806964
vn 0.1782510005333805 0.7381328022087148 0.6506816019470347
vn 0.23384600352237914 0.7142539107586745 0.6596646099364063
vn 0.2861437814471975 0.6839595556538796 0.671059656490275
vn 0.47498230051807744 0.735943000802715 0.4824725005262474
vn 0.6587107266965615 0.7006513283963512 0.27420411111308307
vn 0.8088716917959474 0.5850504940660737 0.058672869404905376
vn 0.869297214066658 0.48481870784516373 0.09629732155824909
vn 0.8198320259791452 0.4329026137179806 0.37479431187662304
vn 0.6905750211088449 0.37640051150545517 0.6175992188781896
vn 0.25279950223357206 0.355363203139758 0.8998941079508794
vn 0.49417501006755815 0.33529720683082714 0.8021015163407772
vn 0.12998830405734255 0.35640781112460507 0.9252440288797673
vn -0.11729160710420447 0.4016011243244726 0.9082726550129275
vn -0.2281520925406975 0.44326978550754703 0.8668670716582757
vn -0.3775112176204648 0.6055928282662517 0.7005302326974876
vn -0.4149685938786531 0.5585392917607913 0.7182164894053374
vn -0.3343070913471197 0.6475897832384144 0.6847380822769041
vn -0.2861437814471975 0.6839595556538796 0.671059656490275
vn -0.23384600352237914 0.7142539107586745 0.6596646099364063
vn -0.1782510005333805 0.7381328022087148 0.6506816019470347
vn -0.12019439768282872 0.7553506854379491 0.6442038875806964
vn -0.12913100373121136 0.8994193259885195 0.41757641206577695
vn -0.08595380299947446 0.9037398315372263 0.4193641146342795
vn 0 0.9086731076180882 0.4175083035002855
vn 0.08595380299947446 0.9037398315372263 0.4193641146342795
vn 0.17075310348199219 0.8889827181281089 0.42491540866486255
vn 0.25323570245007315 0.8645336083644231 0.43411210420006513
vn 0.332226408836284 0.8306238220922473 0.4468665118853871
vn 0.4065384253696532 0.7875999491494439 0.463047328896039
vn 0.5832922814107057 0.7739013753360692 0.24667139213868047
vn 0.7358128627816818 0.6767505657691253 0.024250828773363448
vn 0.8306378213016217 0.5526627141729785 -0.06785819174021623
vn 0.8926778249025004 0.44974591254629326 -0.0292389308156609
vn 0.9158176294287147 0.3776570121355607 0.13657690438873712
vn 0.84811979230319 0.3323750969836477 0.4125767962558059
vn 0.7022267347661159 0.29224131446839713 0.6492092321413048
vn 0.49417502804279045 0.27552471563511177 0.824546646790282
vn 0.2527995008083681 0.32478610103855693 0.9113761029142756
vn 0.12998830249967963 0.3406852065513883 0.9311480179060092
vn -0.12356699945429292 0.38713989829027967 0.9137033959648256
vn -0.24033611240239397 0.4151351214227867 0.8774402452797523
vn -0.44594500351995536 0.5071135040027736 0.7375425058216075
vn -0.589627191886276 0.6094412916136185 0.5300198927065184
vn -0.5363851114526509 0.6762877144397876 0.5049019107804361
vn -0.47498230051807744 0.735943000802715 0.4824725005262474
vn -0.4065384253696532 0.7875999491494439 0.463047328896039
vn -0.332226408836284 0.8306238220922473 0.4468665118853871
vn -0.25323570245007315 0.8645336083644231 0.43411210420006513
vn -0.17075310348199219 0.8889827181281089 0.42491540866486255
vn -0.1581526059093999 0.9728860363520576 0.168761706305811
vn -0.10554589994168061 0.9799104994585505 0.1692201999064976
vn 0 0.985966566390387 0.16694289430925344
vn 0.10554589994168061 0.9799104994585505 0.1692201999064976
vn 0.20967581031958313 0.9617945473364989 0.1760321086637463
vn 0.3109637939680301 0.9317797819256527 0.18731779636647328
vn 0.40796779845754305 0.8901490966344975 0.20297009923260473
vn 0.4992308887030092 0.837326581052313 0.22282889495765199
vn 0.6515585171173285 0.7585706199286819 -0.006489480170487302
vn 0.7556033375372754 0.6468489321345147 -0.10319910512678139
vn 0.8377890848134226 0.5111347907346752 -0.1919652965202508
vn 0.9003893228060785 0.4072143103143844 -0.15321740388086352
vn 0.837811694762282 0.5110861968048603 -0.19199599879970522
vn 0.8707653437264885 0.4610626231527928 -0.17084780857932014
vn 0.8707572764245823 0.4605062875319698 -0.17238249533281028
vn 0.9006168289497701 0.40795001311330054 -0.14988700481802483
vn 0.9404492966202815 0.3397181987791454 0.012110569956477985
vn 0.9474286662084128 0.2653605905354821 0.17878109362348102
vn 0.8624345056010033 0.22901570148732175 0.45139620293155214
vn 0.7022267046046059 0.20730410135932398 0.6811040044661012
vn 0.485979812710671 0.2162953056571452 0.846782122147358
vn 0.24861240329571918 0.2944858039038376 0.9227513122324115
vn 0.12783109882469404 0.32510609701090604 0.9369979913850438
vn -0.1278310927865773 0.3719867790090357 0.9193938481192229
vn -0.2486124067570951 0.3856616104819874 0.888513924149129
vn -0.46978441787389746 0.4521308172022304 0.7582086288475796
vn -0.6336610645472696 0.5363777699901767 0.5574697688100998
vn -0.7241087887317306 0.6185630903741872 0.3050346952531814
vn -0.6587107266965615 0.7006513283963512 0.27420411111308307
vn -0.5832922814107057 0.7739013753360692 0.24667139213868047
vn -0.4992308887030092 0.837326581052313 0.22282889495765199
vn -0.40796779845754305 0.8901490966344975 0.20297009923260473
vn -0.3109637939680301 0.9317797819256527 0.18731779636647328
vn -0.20967581031958313 0.9617945473364989 0.1760321086637463
vn -0.176396294515862 0.9800521695303046 -0.09155376715360498
vn -0.11789349863432184 0.9886665885472873 -0.09294890892327971
vn 0 0.9954303266797666 -0.09549065255936356
vn 0.11789349863432184 0.9886665885472873 -0.09294890892327971
vn 0.23420619297446899 0.9684335709497003 -0.08534563743986927
vn 0.34734650778074766 0.9349107209425005 -0.0727485216296056
vn 0.45570412281341754 0.8884133444756663 -0.055276412767242454
vn 0.5576520846969809 0.8294142772393168 -0.033107539091466846
vn 0.669080382472416 0.7308712808537088 -0.1347538964699154
vn 0.762149358573594 0.6060790670567491 -0.22758848762949402
vn 0.8707751300955476 0.4623640159801283 -0.16724290578021414
vn 0.90071397039378 0.4085543865709299 -0.14764029514710408
vn 0.9485973195268096 0.29629570609922645 -0.11122940228964942
vn 0.9729220153841143 0.22438320354800984 0.05545205087682335
vn 0.9634227082019161 0.14989750127612383 0.22214280189117055
vn 0.8624344985222229 0.12470069978632588 0.49056749915941505
vn 0.6905750065611498 0.12313990116995142 0.7127010067713687
vn 0.4697843958836646 0.1586773986096399 0.8684031923908951
vn 0.24033610157220786 0.26500830173360584 0.9338143061087377
vn 0.1235669988555688 0.30995279712933316 0.9426878912691784
vn -0.12998830405734255 0.35640781112460507 0.9252440288797673
vn -0.25279950223357206 0.355363203139758 0.8998941079508794
vn -0.48597982201555223 0.39452291787242894 0.7798559353285432
vn -0.6675507007787314 0.4582571005345797 0.5868360006845736
vn -0.778198273312574 0.5288371818641293 0.33873098838360555
vn -0.7358128627816818 0.6767505657691253 0.024250828773363448
vn -0.8088716917959474 0.5850504940660737 0.058672869404905376
vn -0.6515585171173285 0.7585706199286819 -0.006489480170487302
vn -0.5576520846969809 0.8294142772393168 -0.033107539091466846
vn -0.45570412281341754 0.8884133444756663 -0.055276412767242454
vn -0.34734650778074766 0.9349107209425005 -0.0727485216296056
vn -0.23420619297446899 0.9684335709497003 -0.08534563743986927
vn -0.18105649555288858 0.958440376458778 -0.22047809458461468
vn -0.12106230044099245 0.9671578035230561 -0.22349430081412028
vn 0 0.9741034217809674 -0.2261029050556642
vn 0.12106230044099245 0.9671578035230561 -0.22349430081412028
vn 0.2405017101924327 0.9463806401074942 -0.215691009140958
vn 0.3566838883116582 0.9119561701156801 -0.20276229335558701
vn 0.46795581329506 0.8642079245529511 -0.1848297052511837
vn 0.5726465190560014 0.803621426742171 -0.16207580539340866
vn 0.6748765109384491 0.690830211197028 -0.2594134042045918
vn 0.9486066277265958 0.29627040865961674 -0.11121740325074675
vn 0.9813520949942475 0.17994989908209844 -0.06757291965531907
vn 0.9893473950237792 0.10581219946778564 0.09997754949713282
vn 0.9634227092059363 0.03336755031884186 0.26590090254080245
vn 0.8481197904619234 0.021336689760044412 0.5293746940465764
vn 0.6675506907239184 0.04126672942656989 0.743419889669663
vn 0.44594497533085753 0.10368189426444147 0.8890349508196502
vn 0.22815209409240889 0.23686809386672342 0.9443728755471505
vn 0.11729160116666085 0.29549130293915427 0.9481179094306161
vn -0.12998830249967963 0.3406852065513883 0.9311480179060092
vn -0.2527995008083681 0.32478610103855693 0.9113761029142756
vn -0.49417501006755815 0.33529720683082714 0.8021015163407772
vn -0.6905750211088449 0.37640051150545517 0.6175992188781896
vn -0.8198320259791452 0.4329026137179806 0.37479431187662304
vn -0.869297214066658 0.48481870784516373 0.09629732155824909
vn -0.7556033375372754 0.6468489321345147 -0.10319910512678139
vn -0.8306378213016217 0.5526627141729785 -0.06785819174021623
vn -0.669080382472416 0.7308712808537088 -0.1347538964699154
vn -0.5726465190560014 0.803621426742171 -0.16207580539340866
vn -0.46795581329506 0.8642079245529511 -0.1848297052511837
vn -0.3566838883116582 0.9119561701156801 -0.20276229335558701
vn -0.2405017101924327 0.9463806401074942 -0.215691009140958
vn -0.12211079618376845 0.9291663709615028 -0.3489108890957654
vn -0.1826188963547835 0.9204293816275073 -0.3456299931009539
vn 0 0.9361722540249108 -0.3515416202868696
vn 0.12211079618376845 0.9291663709615028 -0.3489108890957654
vn 0.24258479114935708 0.9082089668642326 -0.3410411875572009
vn 0.3597733953856076 0.8734858887968187 -0.3280022957930982
vn 0.47200918833134303 0.8253234795969723 -0.309916892338467
vn 0.5776070158499265 0.7642114209704775 -0.286968707874615
vn 0.997919904084786 0.060351280247035934 -0.022662480092764326
vn 0.9893473845558752 -0.013853439783742068 0.1449131977378446
vn 0.9474286773139682 -0.08209827803416961 0.30925519259493267
vn 0.8198319988593805 -0.07921282988979254 0.5670985992110046
vn 0.6336610725796638 -0.03687445840433635 0.772731466561688
vn 0.41496860385938594 0.0522461504859114 0.9083344084478995
vn 0.2123196009101876 0.21054280090257046 0.9542495040907484
vn 0.052484061504724 0.318834009141007 0.9463563271321435
vn -0.24861240329571918 0.2944858039038376 0.9227513122324115
vn -0.12783109882469404 0.32510609701090604 0.9369979913850438
vn -0.49417502804279045 0.27552471563511177 0.824546646790282
vn -0.7022267347661159 0.29224131446839713 0.6492092321413048
vn -0.84811979230319 0.3323750969836477 0.4125767962558059
vn -0.9158176294287147 0.3776570121355607 0.13657690438873712
vn -0.8926778249025004 0.44974591254629326 -0.0292389308156609
vn -0.8378127510954616 0.511082131169229 -0.1920022117095873
vn -0.762149358573594 0.6060790670567491 -0.22758848762949402
vn -0.8377901414904059 0.511130725313047 -0.1919715095071252
vn -0.6748765109384491 0.690830211197028 -0.2594134042045918
vn -0.5776070158499265 0.7642114209704775 -0.286968707874615
vn -0.47200918833134303 0.8253234795969723 -0.309916892338467
vn -0.3597733953856076 0.8734858887968187 -0.3280022957930982
vn -0.24258479114935708 0.9082089668642326 -0.3410411875572009
vn 0.997919904084786 -0.060351280247035934 0.022662480092764326
vn 0.9729220118317048 -0.13242500161042053 0.1894370023037434
vn 0.9158176355629349 -0.19441830754963152 0.3513966136453966
vn 0.7781983082377156 -0.17517310185431692 0.6030935063841217
vn 0.5896272045817985 -0.10994710085436284 0.8001571062177568
vn 0.3775112079722553 0.005181269109417473 0.9259905195550031
vn 0.1931703083689367 0.18644920807775062 0.9632870417335788
vn 0.05198019856530261 0.31449109131978004 0.947836173838921
vn 0.09925178564418989 0.2695542881702147 0.9578567579630519
vn -0.24033610157220786 0.26500830173360584 0.9338143061087377
vn -0.1235669988555688 0.30995279712933316 0.9426878912691784
vn -0.485979812710671 0.2162953056571452 0.846782122147358
vn -0.7022267046046059 0.20730410135932398 0.6811040044661012
vn -0.8624345056010033 0.22901570148732175 0.45139620293155214
vn -0.9474286662084128 0.2653605905354821 0.17878109362348102
vn -0.9404492966202815 0.3397181987791454 0.012110569956477985
vn -0.9003902144274026 0.4072100065249296 -0.1532236024551783
vn -0.900617276470604 0.40794788934201276 -0.14989009608399306
vn 0.9813520949942475 -0.17994989908209844 0.06757291965531907
vn 0.9404492852740832 -0.24778119612014674 0.23272219635594624
vn 0.8692972182835939 -0.30160580634355894 0.3916073082365258
vn 0.7241087964972505 -0.26490109871858747 0.6367839969196688
vn 0.5363850833785502 -0.17680439452120247 0.8252461744273503
vn 0.3343070970331742 -0.03683006967314983 0.9417442916424409
vn 0.1710767065367436 0.1649384063022024 0.9713537371148734
vn 0.09395169401092444 0.2637076112580331 0.9600163409843916
vn 0.04794197180144621 0.3074754115535591 0.9503475357098364
vn 0.08791888245542434 0.2585486072208211 0.9619890268667118
vn -0.22815209409240889 0.23686809386672342 0.9443728755471505
vn -0.11729160116666085 0.29549130293915427 0.9481179094306161
vn -0.4697843958836646 0.1586773986096399 0.8684031923908951
vn -0.6905750065611498 0.12313990116995142 0.7127010067713687
vn -0.8624344985222229 0.12470069978632588 0.49056749915941505
vn -0.9634227082019161 0.14989750127612383 0.22214280189117055
vn -0.9729220153841143 0.22438320354800984 0.05545205087682335
vn -0.9485973195268096 0.29629570609922645 -0.11122940228964942
vn -0.90071397039378 0.4085543865709299 -0.14764029514710408
vn 0.9485999229339687 -0.296286207163208 0.11123250268922925
vn 0.9486130818681812 -0.2962492943374821 0.11121859787416433
vn 0.8926778198622424 -0.3578306079617956 0.2740138060968565
vn 0.8088716937373798 -0.4018286968888756 0.42925549667652574
vn 0.6587107101830452 -0.34699320536418726 0.6676046103205363
vn 0.4749822982045242 -0.23647829910609094 0.8476259967958975
vn 0.3148963175896207 -0.10569900590418302 0.943222152686929
vn 0.1623594057335496 0.15086760532772867 0.9751299344356757
vn 0.22656519332044373 0.03681282891469026 0.9733000713053338
vn 0.08188017863520348 0.25337219577673725 0.9638973839335503
vn 0.042301739364008634 0.3075486953761163 0.9505915857081991
vn -0.2123196009101876 0.21054280090257046 0.9542495040907484
vn -0.10914099910487082 0.28196609768743086 0.953196392182279
vn -0.44594497533085753 0.10368189426444147 0.8890349508196502
vn -0.6675506907239184 0.04126672942656989 0.743419889669663
vn -0.8481197904619234 0.021336689760044412 0.5293746940465764
vn -0.9634227092059363 0.03336755031884186 0.26590090254080245
vn -0.9893473950237792 0.10581219946778564 0.09997754949713282
vn -0.9813520949942475 0.17994989908209844 -0.06757291965531907
vn -0.9486066277265958 0.29627040865961674 -0.11121740325074675
vn 0.9004147363967183 -0.4073489164659276 0.15270940617284562
vn 0.9001808530568569 -0.406987278776196 0.15503479191515743
vn 0.9002376899937276 -0.40719259547399533 0.1541631982864536
vn 0.8306377818110721 -0.4607296899111511 0.312680393153067
vn 0.7358128728852004 -0.4935207818136954 0.46369888291263606
vn 0.5832922870420832 -0.4202606906638523 0.6950906845584667
vn 0.40653840061296853 -0.28815330043447057 0.8670030013072455
vn 0.14644120005046657 0.1463046000504193 0.9783404003371557
vn 0.036215459497525505 0.3029345957969078 0.9523229867869133
vn -0.1931703083689367 0.18644920807775062 0.9632870417335788
vn -0.09928569144505577 0.2695917039237781 0.9578427139409429
vn -0.41496860385938594 0.0522461504859114 0.9083344084478995
vn -0.6336610725796638 -0.03687445840433635 0.772731466561688
vn -0.8198319988593805 -0.07921282988979254 0.5670985992110046
vn -0.9474286773139682 -0.08209827803416961 0.30925519259493267
vn -0.9893473845558752 -0.013853439783742068 0.1449131977378446
vn -0.997919904084786 0.060351280247035934 -0.022662480092764326
vn 0.8378093518817784 -0.5111083706453196 0.19194718897582436
vn 0.8704509092686442 -0.4595370048931938 0.176468001879048
vn 0.7556033268062564 -0.554898119685913 0.3480685123482962
vn 0.6515585165087957 -0.5753514145779063 0.49441101252708713
vn 0.49923087820736695 -0.48370287888520175 0.7188880686188002
vn 0.36933309459527924 -0.30939719547236516 0.8762798871767566
vn 0.2633297999989192 -0.09469921999961153 0.9600465999960597
vn 0.3200043023326602 -0.20591730150102716 0.9247677067410618
vn 0.11968499639330825 0.13077949605897674 0.9841606703424466
vn 0.2338460112523137 -0.10352090498126838 0.9667468465183849
vn 0.02960248088739595 0.299088708965806 0.953766028591121
vn -0.1710767065367436 0.1649384063022024 0.9713537371148734
vn -0.08791888245542434 0.2585486072208211 0.9619890268667118
vn -0.3775112079722553 0.005181269109417473 0.9259905195550031
vn -0.5896272045817985 -0.10994710085436284 0.8001571062177568
vn -0.7781983082377156 -0.17517310185431692 0.6030935063841217
vn -0.9158176355629349 -0.19441830754963152 0.3513966136453966
vn -0.9729220118317048 -0.13242500161042053 0.1894370023037434
vn -0.997919904084786 -0.060351280247035934 0.022662480092764326
vn 0.8377877230002306 -0.5111257140322053 0.19199540527095157
vn 0.762149358573594 -0.6060790670567491 0.22758848762949402
vn 0.6690803850881454 -0.6389228857602683 0.37961689153944406
vn 0.5576521206929677 -0.6462053239789386 0.5210017193329699
vn 0.40796779696979474 -0.5365407960148112 0.7387057945132183
vn 0.3626533085605222 -0.4457795105227372 0.8183906193183155
vn 0.30330398987733564 -0.30168888993123927 0.9038752698334797
vn 0.17825099545539105 -0.12741039675160082 0.9757013751239473
vn 0.09123625747046352 0.11853949671347762 0.9887488725868157
vn 0.0468722488390074 0.23474529418552412 0.9709261759508422
vn -0.14644120005046657 0.1463046000504193 0.9783404003371557
vn -0.036215459497525505 0.3029345957969078 0.9523229867869133
vn -0.3343070970331742 -0.03683006967314983 0.9417442916424409
vn -0.5363850833785502 -0.17680439452120247 0.8252461744273503
vn -0.7241087964972505 -0.26490109871858747 0.6367839969196688
vn -0.8692972182835939 -0.30160580634355894 0.3916073082365258
vn -0.9404492852740832 -0.24778119612014674 0.23272219635594624
vn -0.9813520949942475 -0.17994989908209844 0.06757291965531907
vn 0.6748765109384491 -0.690830211197028 0.2594134042045918
vn 0.57264650889846 -0.7116753110588545 0.40693270632340245
vn 0.4557041115105984 -0.7052137178129443 0.5431458137192822
vn 0.3607378822794409 -0.561293572427526 0.7448608634101336
vn 0.2532356889448481 -0.3651171840605963 0.8958577608908062
vn 0.12019440401244506 -0.14463640482839163 0.9821576327873295
vn 0.06152323061808782 0.10971230110221493 0.9920575099666201
vn 0.03160505057436361 0.23021970418381904 0.9726253176756744
vn -0.11968499639330825 0.13077949605897674 0.9841606703424466
vn -0.033065739996562524 0.30075009996873414 0.9531295999009138
vn -0.05944991981131945 0.23999729923830282 0.9689514969247678
vn -0.286143801240765 -0.07321382031746697 0.9553855041427034
vn -0.4749822982045242 -0.23647829910609094 0.8476259967958975
vn -0.6587107101830452 -0.34699320536418726 0.6676046103205363
vn -0.8088716937373798 -0.4018286968888756 0.42925549667652574
vn -0.8926778198622424 -0.3578306079617956 0.2740138060968565
vn -0.9485999229339687 -0.296286207163208 0.11123250268922925
vn -0.9486130818681812 -0.2962492943374821 0.11121859787416433
vn 0.5776070158499265 -0.7642114209704775 0.286968707874615
vn 0.46795579773180423 -0.7722638962568139 0.4296810979173227
vn 0.36917169949739304 -0.7692917989526517 0.5214425992900844
vn 0.34964899473354316 -0.6656209899743336 0.6593134900693377
vn 0.3109637874743416 -0.5781843767106647 0.7543237696157485
vn 0.17075310392259244 -0.3895767089494753 0.90502672079055
vn 0.06050421791274191 -0.1550342946516692 0.9860545659833572
vn 0.03097082950586834 0.10438339833458936 0.9940547841401102
vn 0.015909299506521063 0.2274881929437097 0.9736508697990349
vn -0.10780960299152462 0.11928520330995188 0.9869894273872001
vn -0.05436992893581372 0.23744479535247684 0.9698782810165072
vn -0.2338460112523137 -0.10352090498126838 0.9667468465183849
vn -0.40653840061296853 -0.28815330043447057 0.8670030013072455
vn -0.5832922870420832 -0.4202606906638523 0.6950906845584667
vn -0.7358128728852004 -0.4935207818136954 0.46369888291263606
vn -0.8306377818110721 -0.4607296899111511 0.312680393153067
vn -0.9004147363967183 -0.4073489164659276 0.15270940617284562
vn -0.9001808530568569 -0.406987278776196 0.15503479191515743
vn -0.9002376899937276 -0.40719259547399533 0.1541631982864536
vn 0.47200918833134303 -0.8253234795969723 0.309916892338467
vn 0.3589962076071997 -0.8485046179799786 0.38879510823864405
vn 0.20967580529427113 -0.6082089153571508 0.7655834193308244
vn 0.08595380333831598 -0.4043403157039678 0.9105607353648045
vn 0 -0.15851049869438572 0.9873572918673652
vn 0 0.10260180095576174 0.994722509266094
vn 0 0.22657500472808884 0.973993720324965
vn -0.017218990554178845 0.31605911017209853 0.9485832305293599
vn -0.02256858954262894 0.2960554940001913 0.9549040806480822
vn -0.09123625747046352 0.11853949671347762 0.9887488725868157
vn -0.20827210487205627 -0.12110030283286874 0.9705449227037101
vn -0.3322263970488446 -0.33119359705801915 0.8831400921550976
vn -0.49923087820736695 -0.48370287888520175 0.7188880686188002
vn -0.6515585165087957 -0.5753514145779063 0.49441101252708713
vn -0.7556033268062564 -0.554898119685913 0.3480685123482962
vn -0.8378093518817784 -0.5111083706453196 0.19194718897582436
vn -0.8704509092686442 -0.4595370048931938 0.176468001879048
vn 0.3597733953856076 -0.8734858887968187 0.3280022957930982
vn 0.29184299277301623 -0.7747325808150961 0.5609073861101045
vn 0.30099120489533904 -0.867665014111756 0.3956788064353437
vn 0.2786763072583767 -0.6900961179741784 0.6679123173963809
vn 0.23420618977268667 -0.7852476657098136 0.5731784749704485
vn 0.10554590201095237 -0.6263309119334018 0.7723792147160409
vn 0 -0.4092758069699407 0.9124107155382952
vn -0.03097082950586834 0.10438339833458936 0.9940547841401102
vn -0.06050421791274191 -0.1550342946516692 0.9860545659833572
vn -0.015909299506521063 0.2274881929437097 0.9736508697990349
vn -0.17825099545539105 -0.12741039675160082 0.9757013751239473
vn -0.06152323061808782 0.10971230110221493 0.9920575099666201
vn -0.03160505057436361 0.23021970418381904 0.9726253176756744
vn -0.29220238042849267 -0.3464958767919532 0.8913800402959997
vn -0.40796779696979474 -0.5365407960148112 0.7387057945132183
vn -0.5576521206929677 -0.6462053239789386 0.5210017193329699
vn -0.6690803850881454 -0.6389228857602683 0.37961689153944406
vn -0.762149358573594 -0.6060790670567491 0.22758848762949402
vn -0.8377877230002306 -0.5111257140322053 0.19199540527095157
vn 0.3016370956447751 -0.8925679871125457 0.3351677951606377
vn 0.24258479114935708 -0.9082089668642326 0.3410411875572009
vn 0.2405016978344482 -0.8544396923063603 0.4605341958532072
vn 0.11789350024667919 -0.8054844016853876 0.5807719012152012
vn 0 -0.632388993953729 0.7746509925935617
vn -0.08595380333831598 -0.4043403157039678 0.9105607353648045
vn -0.04726523941030783 0.10133849873567699 0.9937285876020099
vn -0.09130942702872669 -0.1557706949311117 0.9835639679941331
vn -0.02383654090639901 0.22839400868482132 0.9732769370094493
vn -0.22711119132077112 -0.3323936872973198 0.9153878650177485
vn -0.12019440401244506 -0.14463640482839163 0.9821576327873295
vn -0.3109637874743416 -0.5781843767106647 0.7543237696157485
vn -0.2738471028546438 -0.4822985050275883 0.8321033086740319
vn -0.4557041115105984 -0.7052137178129443 0.5431458137192822
vn -0.57264650889846 -0.7116753110588545 0.40693270632340245
vn -0.6748765109384491 -0.690830211197028 0.2594134042045918
vn 0.12211079618376845 -0.9291663709615028 0.3489108890957654
vn 0.12106229660416208 -0.8752176754498515 0.4683352868630383
vn 0 -0.8122493551035194 0.5833103677579518
vn -0.10554590201095237 -0.6263309119334018 0.7723792147160409
vn -0.12913099783166007 -0.40226439324526314 0.9063710847804116
vn -0.17075310392259244 -0.3895767089494753 0.90502672079055
vn -0.26122539680891627 -0.5972156927045178 0.7583499907361291
vn -0.34734649926920563 -0.7517188984184325 0.56059709882054
vn -0.46795579773180423 -0.7722638962568139 0.4296810979173227
vn -0.5776070158499265 -0.7642114209704775 0.286968707874615
vn 0 -0.9361722540249108 0.3515416202868696
vn 0 -0.8821635493676953 0.47094317296993454
vn -0.11789350024667919 -0.8054844016853876 0.5807719012152012
vn -0.15815260128037417 -0.6213444050302895 0.7674105062128133
vn -0.20967580529427113 -0.6082089153571508 0.7655834193308244
vn -0.2786763072583767 -0.6900961179741784 0.6679123173963809
vn -0.29135899633809964 -0.7711687903076848 0.5660464928857323
vn -0.3589962076071997 -0.8485046179799786 0.38879510823864405
vn -0.47200918833134303 -0.8253234795969723 0.309916892338467
vn -0.12211079618376845 -0.9291663709615028 0.3489108890957654
vn -0.12106229660416208 -0.8752176754498515 0.4683352868630383
vn -0.1763963021566944 -0.7980808097576674 0.5761522070442758
vn -0.23420618977268667 -0.7852476657098136 0.5731784749704485
vn -0.30099120489533904 -0.867665014111756 0.3956788064353437
vn -0.3597733953856076 -0.8734858887968187 0.3280022957930982
vn -0.18222790586653048 -0.8954667288280922 0.40611861307432673
vn -0.1826188963547835 -0.9204293816275073 0.3456299931009539
vn -0.24206079342481923 -0.8831533760106005 0.4018042890856514
vn -0.3016370956447751 -0.8925679871125457 0.3351677951606377
vn -0.24258479114935708 -0.9082089668642326 0.3410411875572009
vn -0.22538120748710408 -0.45869221523763387 -0.8595375285536093
vn -0.21231961339273414 -0.46958932962083866 -0.8569750540564243
vn -0.11366180514332808 -0.40861221849017504 -0.9056031409795892
vn -0.10914099367728944 -0.4151260759510889 -0.9031935476765679
vn -0.2281520925406975 -0.44326978550754703 -0.8668670716582757
vn -0.44594500351995536 -0.5071135040027736 -0.7375425058216075
vn -0.4149685938786531 -0.5585392917607913 -0.7182164894053374
vn -0.11729160710420447 -0.4016011243244726 -0.9082726550129275
vn 0 -0.3515416202868696 -0.9361722540249108
vn -0.19317030117146777 -0.49367640299386584 -0.8479203051421534
vn -0.09928569161830136 -0.4275003069680162 -0.8985465146458069
vn -0.3775112176204648 -0.6055928282662517 -0.7005302326974876
vn -0.5524294054867371 -0.5169619051344733 -0.6538900064944455
vn -0.6168293909758169 -0.5741744915998559 -0.5383726921236346
vn -0.589627191886276 -0.6094412916136185 -0.5300198927065184
vn -0.46978441787389746 -0.4521308172022304 -0.7582086288475796
vn -0.4631849107821921 -0.4807620111913583 -0.744531817331491
vn -0.24033611240239397 -0.4151351214227867 -0.8774402452797523
vn -0.12356699945429292 -0.38713989829027967 -0.9137033959648256
vn 0 -0.34772890705207765 -0.9375951190147949
vn 0 -0.3310822051581861 -0.9436019147011059
vn 0.04726524054070521 -0.5777878066097805 -0.8148173093213524
vn 0.023836539726356267 -0.46867429461961385 -0.8830493898625836
vn 0.03097083140632465 -0.5757102261418707 -0.81706703710141
vn 0.01590929943922632 -0.4696023834473754 -0.882734668885219
vn 0 -0.5774909769091938 -0.8163970673566048
vn 0 -0.47051551224066335 -0.8823917229558006
vn -0.03097083140632465 -0.5757102261418707 -0.81706703710141
vn -0.01590929943922632 -0.4696023834473754 -0.882734668885219
vn -0.06152323226531982 -0.570383821001851 -0.8190709301586498
vn -0.03160505098271859 -0.46687091451675294 -0.8837605274794018
vn -0.09123626495617859 -0.5615605305053507 -0.8223902446742635
vn -0.04687225098707518 -0.4623455097364594 -0.8854601186467621
vn -0.11968500425917708 -0.5493258195486137 -0.8269925294298159
vn -0.061493469257693556 -0.4560688944946529 -0.8878173892828853
vn -0.14644120626939053 -0.5338070228531624 -0.8328295356548117
vn -0.07524908216661916 -0.4481050129021226 -0.8908083256487167
vn -0.17107669733872324 -0.5151801919858336 -0.8398345869354957
vn -0.08791888092183762 -0.43854300459816387 -0.8943994093778608
vn -0.3343070913471197 -0.6475897832384144 -0.6847380822769041
vn -0.5363851114526509 -0.6762877144397876 -0.5049019107804361
vn -0.6671822072132372 -0.5262196056892207 -0.5272199057000355
vn -0.778198273312574 -0.5288371818641293 -0.33873098838360555
vn -0.7241087887317306 -0.6185630903741872 -0.3050346952531814
vn -0.6675507007787314 -0.4582571005345797 -0.5868360006845736
vn -0.48597982201555223 -0.39452291787242894 -0.7798559353285432
vn -0.2486124067570951 -0.3856616104819874 -0.888513924149129
vn -0.1278310927865773 -0.3719867790090357 -0.9193938481192229
vn 0.21231961339273414 -0.46958932962083866 -0.8569750540564243
vn 0.10914099367728944 -0.4151260759510889 -0.9031935476765679
vn 0.19317030117146777 -0.49367640299386584 -0.8479203051421534
vn 0.09928569161830136 -0.4275003069680162 -0.8985465146458069
vn 0.17107669733872324 -0.5151801919858336 -0.8398345869354957
vn 0.08791888092183762 -0.43854300459816387 -0.8943994093778608
vn 0.14644120626939053 -0.5338070228531624 -0.8328295356548117
vn 0.07524908216661916 -0.4481050129021226 -0.8908083256487167
vn 0.11968500425917708 -0.5493258195486137 -0.8269925294298159
vn 0.061493469257693556 -0.4560688944946529 -0.8878173892828853
vn 0.09123626495617859 -0.5615605305053507 -0.8223902446742635
vn 0.04687225098707518 -0.4623455097364594 -0.8854601186467621
vn 0.06152323226531982 -0.570383821001851 -0.8190709301586498
vn 0.03160505098271859 -0.46687091451675294 -0.8837605274794018
vn 0 -0.31046590516878214 -0.9505845158257781
vn 0.09130942998804645 -0.7646586998998964 -0.6379338999164866
vn 0.06050422254784107 -0.7657436322455687 -0.6402936269628523
vn 0 -0.7692181088632002 -0.6389863073626242
vn -0.06050422254784107 -0.7657436322455687 -0.6402936269628523
vn -0.12019439768282872 -0.7553506854379491 -0.6442038875806964
vn -0.1782510005333805 -0.7381328022087148 -0.6506816019470347
vn -0.23384600352237914 -0.7142539107586745 -0.6596646099364063
vn -0.2861437814471975 -0.6839595556538796 -0.671059656490275
vn -0.47498230051807744 -0.735943000802715 -0.4824725005262474
vn -0.6587107266965615 -0.7006513283963512 -0.27420411111308307
vn -0.869297214066658 -0.48481870784516373 -0.09629732155824909
vn -0.8088716917959474 -0.5850504940660737 -0.058672869404905376
vn -0.8198320259791452 -0.4329026137179806 -0.37479431187662304
vn -0.6905750211088449 -0.37640051150545517 -0.6175992188781896
vn -0.49417501006755815 -0.33529720683082714 -0.8021015163407772
vn -0.25279950223357206 -0.355363203139758 -0.8998941079508794
vn -0.12998830405734255 -0.35640781112460507 -0.9252440288797673
vn 0.2281520925406975 -0.44326978550754703 -0.8668670716582757
vn 0.11729160710420447 -0.4016011243244726 -0.9082726550129275
vn 0.4149685938786531 -0.5585392917607913 -0.7182164894053374
vn 0.3775112176204648 -0.6055928282662517 -0.7005302326974876
vn 0.3343070913471197 -0.6475897832384144 -0.6847380822769041
vn 0.2861437814471975 -0.6839595556538796 -0.671059656490275
vn 0.23384600352237914 -0.7142539107586745 -0.6596646099364063
vn 0.1782510005333805 -0.7381328022087148 -0.6506816019470347
vn 0.12019439768282872 -0.7553506854379491 -0.6442038875806964
vn 0.12913100373121136 -0.8994193259885195 -0.41757641206577695
vn 0.08595380299947446 -0.9037398315372263 -0.4193641146342795
vn 0 -0.9086731076180882 -0.4175083035002855
vn -0.08595380299947446 -0.9037398315372263 -0.4193641146342795
vn -0.17075310348199219 -0.8889827181281089 -0.42491540866486255
vn -0.25323570245007315 -0.8645336083644231 -0.43411210420006513
vn -0.332226408836284 -0.8306238220922473 -0.4468665118853871
vn -0.4065384253696532 -0.7875999491494439 -0.463047328896039
vn -0.5832922814107057 -0.7739013753360692 -0.24667139213868047
vn -0.7358128627816818 -0.6767505657691253 -0.024250828773363448
vn -0.8926778249025004 -0.44974591254629326 0.0292389308156609
vn -0.8306378213016217 -0.5526627141729785 0.06785819174021623
vn -0.9158176294287147 -0.3776570121355607 -0.13657690438873712
vn -0.84811979230319 -0.3323750969836477 -0.4125767962558059
vn -0.7022267347661159 -0.29224131446839713 -0.6492092321413048
vn -0.2527995008083681 -0.32478610103855693 -0.9113761029142756
vn -0.49417502804279045 -0.27552471563511177 -0.824546646790282
vn -0.12998830249967963 -0.3406852065513883 -0.9311480179060092
vn 0.24033611240239397 -0.4151351214227867 -0.8774402452797523
vn 0.12356699945429292 -0.38713989829027967 -0.9137033959648256
vn 0.44594500351995536 -0.5071135040027736 -0.7375425058216075
vn 0.589627191886276 -0.6094412916136185 -0.5300198927065184
vn 0.5363851114526509 -0.6762877144397876 -0.5049019107804361
vn 0.47498230051807744 -0.735943000802715 -0.4824725005262474
vn 0.4065384253696532 -0.7875999491494439 -0.463047328896039
vn 0.332226408836284 -0.8306238220922473 -0.4468665118853871
vn 0.25323570245007315 -0.8645336083644231 -0.43411210420006513
vn 0.17075310348199219 -0.8889827181281089 -0.42491540866486255
vn 0.1581526059093999 -0.9728860363520576 -0.168761706305811
vn 0.10554589994168061 -0.9799104994585505 -0.1692201999064976
vn 0 -0.985966566390387 -0.16694289430925344
vn -0.10554589994168061 -0.9799104994585505 -0.1692201999064976
vn -0.20967581031958313 -0.9617945473364989 -0.1760321086637463
vn -0.3109637939680301 -0.9317797819256527 -0.18731779636647328
vn -0.40796779845754305 -0.8901490966344975 -0.20297009923260473
vn -0.4992308887030092 -0.837326581052313 -0.22282889495765199
vn -0.6515585171173285 -0.7585706199286819 0.006489480170487302
vn -0.7556033375372754 -0.6468489321345147 0.10319910512678139
vn -0.9006168289497701 -0.40795001311330054 0.14988700481802483
vn -0.8707572764245823 -0.4605062875319698 0.17238249533281028
vn -0.9003893228060785 -0.4072143103143844 0.15321740388086352
vn -0.8707653437264885 -0.4610626231527928 0.17084780857932014
vn -0.8377890848134226 -0.5111347907346752 0.1919652965202508
vn -0.837811694762282 -0.5110861968048603 0.19199599879970522
vn -0.9404492966202815 -0.3397181987791454 -0.012110569956477985
vn -0.9474286662084128 -0.2653605905354821 -0.17878109362348102
vn -0.8624345056010033 -0.22901570148732175 -0.45139620293155214
vn -0.7022267046046059 -0.20730410135932398 -0.6811040044661012
vn -0.24861240329571918 -0.2944858039038376 -0.9227513122324115
vn -0.485979812710671 -0.2162953056571452 -0.846782122147358
vn -0.12783109882469404 -0.32510609701090604 -0.9369979913850438
vn 0.2486124067570951 -0.3856616104819874 -0.888513924149129
vn 0.1278310927865773 -0.3719867790090357 -0.9193938481192229
vn 0.46978441787389746 -0.4521308172022304 -0.7582086288475796
vn 0.6336610645472696 -0.5363777699901767 -0.5574697688100998
vn 0.7241087887317306 -0.6185630903741872 -0.3050346952531814
vn 0.6587107266965615 -0.7006513283963512 -0.27420411111308307
vn 0.5832922814107057 -0.7739013753360692 -0.24667139213868047
vn 0.4992308887030092 -0.837326581052313 -0.22282889495765199
vn 0.40796779845754305 -0.8901490966344975 -0.20297009923260473
vn 0.3109637939680301 -0.9317797819256527 -0.18731779636647328
vn 0.20967581031958313 -0.9617945473364989 -0.1760321086637463
vn 0.176396294515862 -0.9800521695303046 0.09155376715360498
vn 0.11789349863432184 -0.9886665885472873 0.09294890892327971
vn 0 -0.9954303266797666 0.09549065255936356
vn -0.11789349863432184 -0.9886665885472873 0.09294890892327971
vn -0.23420619297446899 -0.9684335709497003 0.08534563743986927
vn -0.34734650778074766 -0.9349107209425005 0.0727485216296056
vn -0.45570412281341754 -0.8884133444756663 0.055276412767242454
vn -0.5576520846969809 -0.8294142772393168 0.033107539091466846
vn -0.669080382472416 -0.7308712808537088 0.1347538964699154
vn -0.90071397039378 -0.4085543865709299 0.14764029514710408
vn -0.8707751300955476 -0.4623640159801283 0.16724290578021414
vn -0.9485973195268096 -0.29629570609922645 0.11122940228964942
vn -0.9729220153841143 -0.22438320354800984 -0.05545205087682335
vn -0.9634227082019161 -0.14989750127612383 -0.22214280189117055
vn -0.8624344985222229 -0.12470069978632588 -0.49056749915941505
vn -0.6905750065611498 -0.12313990116995142 -0.7127010067713687
vn -0.24033610157220786 -0.26500830173360584 -0.9338143061087377
vn -0.4697843958836646 -0.1586773986096399 -0.8684031923908951
vn -0.1235669988555688 -0.30995279712933316 -0.9426878912691784
vn 0.25279950223357206 -0.355363203139758 -0.8998941079508794
vn 0.12998830405734255 -0.35640781112460507 -0.9252440288797673
vn 0.48597982201555223 -0.39452291787242894 -0.7798559353285432
vn 0.6675507007787314 -0.4582571005345797 -0.5868360006845736
vn 0.778198273312574 -0.5288371818641293 -0.33873098838360555
vn 0.8088716917959474 -0.5850504940660737 -0.058672869404905376
vn 0.7358128627816818 -0.6767505657691253 -0.024250828773363448
vn 0.6515585171173285 -0.7585706199286819 0.006489480170487302
vn 0.5576520846969809 -0.8294142772393168 0.033107539091466846
vn 0.45570412281341754 -0.8884133444756663 0.055276412767242454
vn 0.34734650778074766 -0.9349107209425005 0.0727485216296056
vn 0.23420619297446899 -0.9684335709497003 0.08534563743986927
vn 0.18105649555288858 -0.958440376458778 0.22047809458461468
vn 0.12106230044099245 -0.9671578035230561 0.22349430081412028
vn 0 -0.9741034217809674 0.2261029050556642
vn -0.12106230044099245 -0.9671578035230561 0.22349430081412028
vn -0.2405017101924327 -0.9463806401074942 0.215691009140958
vn -0.3566838883116582 -0.9119561701156801 0.20276229335558701
vn -0.46795581329506 -0.8642079245529511 0.1848297052511837
vn -0.5726465190560014 -0.803621426742171 0.16207580539340866
vn -0.9486066277265958 -0.29627040865961674 0.11121740325074675
vn -0.9893473950237792 -0.10581219946778564 -0.09997754949713282
vn -0.9634227092059363 -0.03336755031884186 -0.26590090254080245
vn -0.8481197904619234 -0.021336689760044412 -0.5293746940465764
vn -0.6675506907239184 -0.04126672942656989 -0.743419889669663
vn -0.22815209409240889 -0.23686809386672342 -0.9443728755471505
vn -0.44594497533085753 -0.10368189426444147 -0.8890349508196502
vn -0.11729160116666085 -0.29549130293915427 -0.9481179094306161
vn 0.2527995008083681 -0.32478610103855693 -0.9113761029142756
vn 0.12998830249967963 -0.3406852065513883 -0.9311480179060092
vn 0.49417501006755815 -0.33529720683082714 -0.8021015163407772
vn 0.6905750211088449 -0.37640051150545517 -0.6175992188781896
vn 0.8198320259791452 -0.4329026137179806 -0.37479431187662304
vn 0.869297214066658 -0.48481870784516373 -0.09629732155824909
vn 0.8306378213016217 -0.5526627141729785 0.06785819174021623
vn 0.7556033375372754 -0.6468489321345147 0.10319910512678139
vn 0.669080382472416 -0.7308712808537088 0.1347538964699154
vn 0.5726465190560014 -0.803621426742171 0.16207580539340866
vn 0.46795581329506 -0.8642079245529511 0.1848297052511837
vn 0.3566838883116582 -0.9119561701156801 0.20276229335558701
vn 0.2405017101924327 -0.9463806401074942 0.215691009140958
vn 0.1826188963547835 -0.9204293816275073 0.3456299931009539
vn -0.9893473845558752 0.013853439783742068 -0.1449131977378446
vn -0.9474286773139682 0.08209827803416961 -0.30925519259493267
vn -0.8198319988593805 0.07921282988979254 -0.5670985992110046
vn -0.6336610725796638 0.03687445840433635 -0.772731466561688
vn -0.2123196009101876 -0.21054280090257046 -0.9542495040907484
vn -0.41496860385938594 -0.0522461504859114 -0.9083344084478995
vn -0.052484061504724 -0.318834009141007 -0.9463563271321435
vn 0.12783109882469404 -0.32510609701090604 -0.9369979913850438
vn 0.24861240329571918 -0.2944858039038376 -0.9227513122324115
vn 0.49417502804279045 -0.27552471563511177 -0.824546646790282
vn 0.7022267347661159 -0.29224131446839713 -0.6492092321413048
vn 0.84811979230319 -0.3323750969836477 -0.4125767962558059
vn 0.9158176294287147 -0.3776570121355607 -0.13657690438873712
vn 0.8926778249025004 -0.44974591254629326 0.0292389308156609
vn 0.8377901414904059 -0.511130725313047 0.1919715095071252
vn 0.8378127510954616 -0.511082131169229 0.1920022117095873
vn -0.9729220118317048 0.13242500161042053 -0.1894370023037434
vn -0.9158176355629349 0.19441830754963152 -0.3513966136453966
vn -0.7781983082377156 0.17517310185431692 -0.6030935063841217
vn -0.5896272045817985 0.10994710085436284 -0.8001571062177568
vn -0.1931703083689367 -0.18644920807775062 -0.9632870417335788
vn -0.3775112079722553 -0.005181269109417473 -0.9259905195550031
vn -0.09925178564418989 -0.2695542881702147 -0.9578567579630519
vn -0.05198019856530261 -0.31449109131978004 -0.947836173838921
vn 0.1235669988555688 -0.30995279712933316 -0.9426878912691784
vn 0.24033610157220786 -0.26500830173360584 -0.9338143061087377
vn 0.485979812710671 -0.2162953056571452 -0.846782122147358
vn 0.7022267046046059 -0.20730410135932398 -0.6811040044661012
vn 0.8624345056010033 -0.22901570148732175 -0.45139620293155214
vn 0.9474286662084128 -0.2653605905354821 -0.17878109362348102
vn 0.9404492966202815 -0.3397181987791454 -0.012110569956477985
vn 0.900617276470604 -0.40794788934201276 0.14989009608399306
vn 0.9003902144274026 -0.4072100065249296 0.1532236024551783
vn -0.9404492852740832 0.24778119612014674 -0.23272219635594624
vn -0.8692972182835939 0.30160580634355894 -0.3916073082365258
vn -0.7241087964972505 0.26490109871858747 -0.6367839969196688
vn -0.5363850833785502 0.17680439452120247 -0.8252461744273503
vn -0.1710767065367436 -0.1649384063022024 -0.9713537371148734
vn -0.3343070970331742 0.03683006967314983 -0.9417442916424409
vn -0.08791888245542434 -0.2585486072208211 -0.9619890268667118
vn -0.04794197180144621 -0.3074754115535591 -0.9503475357098364
vn -0.09395169401092444 -0.2637076112580331 -0.9600163409843916
vn 0.11729160116666085 -0.29549130293915427 -0.9481179094306161
vn 0.22815209409240889 -0.23686809386672342 -0.9443728755471505
vn 0.4697843958836646 -0.1586773986096399 -0.8684031923908951
vn 0.6905750065611498 -0.12313990116995142 -0.7127010067713687
vn 0.8624344985222229 -0.12470069978632588 -0.49056749915941505
vn 0.9634227082019161 -0.14989750127612383 -0.22214280189117055
vn 0.9729220153841143 -0.22438320354800984 -0.05545205087682335
vn 0.9485973195268096 -0.29629570609922645 0.11122940228964942
vn 0.90071397039378 -0.4085543865709299 0.14764029514710408
vn -0.9486130818681812 0.2962492943374821 -0.11121859787416433
vn -0.9485999229339687 0.296286207163208 -0.11123250268922925
vn -0.8926778198622424 0.3578306079617956 -0.2740138060968565
vn -0.8088716937373798 0.4018286968888756 -0.42925549667652574
vn -0.6587107101830452 0.34699320536418726 -0.6676046103205363
vn -0.4749822982045242 0.23647829910609094 -0.8476259967958975
vn -0.22656519332044373 -0.03681282891469026 -0.9733000713053338
vn -0.3148963175896207 0.10569900590418302 -0.943222152686929
vn -0.1623594057335496 -0.15086760532772867 -0.9751299344356757
vn -0.08188017863520348 -0.25337219577673725 -0.9638973839335503
vn -0.042301739364008634 -0.3075486953761163 -0.9505915857081991
vn 0.10914099910487082 -0.28196609768743086 -0.953196392182279
vn 0.2123196009101876 -0.21054280090257046 -0.9542495040907484
vn 0.44594497533085753 -0.10368189426444147 -0.8890349508196502
vn 0.6675506907239184 -0.04126672942656989 -0.743419889669663
vn 0.8481197904619234 -0.021336689760044412 -0.5293746940465764
vn 0.9634227092059363 -0.03336755031884186 -0.26590090254080245
vn 0.9893473950237792 -0.10581219946778564 -0.09997754949713282
vn 0.9486066277265958 -0.29627040865961674 0.11121740325074675
vn -0.9002376899937276 0.40719259547399533 -0.1541631982864536
vn -0.9001808530568569 0.406987278776196 -0.15503479191515743
vn -0.9004147363967183 0.4073489164659276 -0.15270940617284562
vn -0.8306377818110721 0.4607296899111511 -0.312680393153067
vn -0.7358128728852004 0.4935207818136954 -0.46369888291263606
vn -0.5832922870420832 0.4202606906638523 -0.6950906845584667
vn -0.40653840061296853 0.28815330043447057 -0.8670030013072455
vn -0.14644120005046657 -0.1463046000504193 -0.9783404003371557
vn -0.036215459497525505 -0.3029345957969078 -0.9523229867869133
vn 0.09928569144505577 -0.2695917039237781 -0.9578427139409429
vn 0.1931703083689367 -0.18644920807775062 -0.9632870417335788
vn 0.41496860385938594 -0.0522461504859114 -0.9083344084478995
vn 0.6336610725796638 0.03687445840433635 -0.772731466561688
vn 0.8198319988593805 0.07921282988979254 -0.5670985992110046
vn 0.9474286773139682 0.08209827803416961 -0.30925519259493267
vn 0.9893473845558752 0.013853439783742068 -0.1449131977378446
vn -0.8704509092686442 0.4595370048931938 -0.176468001879048
vn -0.8378093518817784 0.5111083706453196 -0.19194718897582436
vn -0.7556033268062564 0.554898119685913 -0.3480685123482962
vn -0.6515585165087957 0.5753514145779063 -0.49441101252708713
vn -0.49923087820736695 0.48370287888520175 -0.7188880686188002
vn -0.3200043023326602 0.20591730150102716 -0.9247677067410618
vn -0.36933309459527924 0.30939719547236516 -0.8762798871767566
vn -0.2633297999989192 0.09469921999961153 -0.9600465999960597
vn -0.2338460112523137 0.10352090498126838 -0.9667468465183849
vn -0.11968499639330825 -0.13077949605897674 -0.9841606703424466
vn -0.02960248088739595 -0.299088708965806 -0.953766028591121
vn 0.08791888245542434 -0.2585486072208211 -0.9619890268667118
vn 0.1710767065367436 -0.1649384063022024 -0.9713537371148734
vn 0.3775112079722553 -0.005181269109417473 -0.9259905195550031
vn 0.5896272045817985 0.10994710085436284 -0.8001571062177568
vn 0.7781983082377156 0.17517310185431692 -0.6030935063841217
vn 0.9158176355629349 0.19441830754963152 -0.3513966136453966
vn 0.9729220118317048 0.13242500161042053 -0.1894370023037434
vn -0.8377877230002306 0.5111257140322053 -0.19199540527095157
vn -0.6690803850881454 0.6389228857602683 -0.37961689153944406
vn -0.5576521206929677 0.6462053239789386 -0.5210017193329699
vn -0.3626533085605222 0.4457795105227372 -0.8183906193183155
vn -0.40796779696979474 0.5365407960148112 -0.7387057945132183
vn -0.30330398987733564 0.30168888993123927 -0.9038752698334797
vn -0.09123625747046352 -0.11853949671347762 -0.9887488725868157
vn -0.17825099545539105 0.12741039675160082 -0.9757013751239473
vn -0.0468722488390074 -0.23474529418552412 -0.9709261759508422
vn 0.036215459497525505 -0.3029345957969078 -0.9523229867869133
vn 0.14644120005046657 -0.1463046000504193 -0.9783404003371557
vn 0.3343070970331742 0.03683006967314983 -0.9417442916424409
vn 0.5363850833785502 0.17680439452120247 -0.8252461744273503
vn 0.7241087964972505 0.26490109871858747 -0.6367839969196688
vn 0.8692972182835939 0.30160580634355894 -0.3916073082365258
vn 0.9404492852740832 0.24778119612014674 -0.23272219635594624
vn -0.57264650889846 0.7116753110588545 -0.40693270632340245
vn -0.4557041115105984 0.7052137178129443 -0.5431458137192822
vn -0.3607378822794409 0.561293572427526 -0.7448608634101336
vn -0.2532356889448481 0.3651171840605963 -0.8958577608908062
vn -0.06152323061808782 -0.10971230110221493 -0.9920575099666201
vn -0.12019440401244506 0.14463640482839163 -0.9821576327873295
vn -0.03160505057436361 -0.23021970418381904 -0.9726253176756744
vn 0.05944991981131945 -0.23999729923830282 -0.9689514969247678
vn 0.033065739996562524 -0.30075009996873414 -0.9531295999009138
vn 0.11968499639330825 -0.13077949605897674 -0.9841606703424466
vn 0.286143801240765 0.07321382031746697 -0.9553855041427034
vn 0.4749822982045242 0.23647829910609094 -0.8476259967958975
vn 0.6587107101830452 0.34699320536418726 -0.6676046103205363
vn 0.8088716937373798 0.4018286968888756 -0.42925549667652574
vn 0.8926778198622424 0.3578306079617956 -0.2740138060968565
vn 0.9486130818681812 0.2962492943374821 -0.11121859787416433
vn 0.9485999229339687 0.296286207163208 -0.11123250268922925
vn -0.46795579773180423 0.7722638962568139 -0.4296810979173227
vn -0.34964899473354316 0.6656209899743336 -0.6593134900693377
vn -0.36917169949739304 0.7692917989526517 -0.5214425992900844
vn -0.3109637874743416 0.5781843767106647 -0.7543237696157485
vn -0.17075310392259244 0.3895767089494753 -0.90502672079055
vn -0.03097082950586834 -0.10438339833458936 -0.9940547841401102
vn -0.06050421791274191 0.1550342946516692 -0.9860545659833572
vn -0.015909299506521063 -0.2274881929437097 -0.9736508697990349
vn 0.05436992893581372 -0.23744479535247684 -0.9698782810165072
vn 0.10780960299152462 -0.11928520330995188 -0.9869894273872001
vn 0.2338460112523137 0.10352090498126838 -0.9667468465183849
vn 0.40653840061296853 0.28815330043447057 -0.8670030013072455
vn 0.5832922870420832 0.4202606906638523 -0.6950906845584667
vn 0.7358128728852004 0.4935207818136954 -0.46369888291263606
vn 0.8306377818110721 0.4607296899111511 -0.312680393153067
vn 0.9002376899937276 0.40719259547399533 -0.1541631982864536
vn 0.9004147363967183 0.4073489164659276 -0.15270940617284562
vn 0.9001808530568569 0.406987278776196 -0.15503479191515743
vn -0.3589962076071997 0.8485046179799786 -0.38879510823864405
vn -0.20967580529427113 0.6082089153571508 -0.7655834193308244
vn -0.08595380333831598 0.4043403157039678 -0.9105607353648045
vn 0 -0.10260180095576174 -0.994722509266094
vn 0 0.15851049869438572 -0.9873572918673652
vn 0 -0.22657500472808884 -0.973993720324965
vn 0.09123625747046352 -0.11853949671347762 -0.9887488725868157
vn 0.02256858954262894 -0.2960554940001913 -0.9549040806480822
vn 0.017218990554178845 -0.31605911017209853 -0.9485832305293599
vn 0.20827210487205627 0.12110030283286874 -0.9705449227037101
vn 0.3322263970488446 0.33119359705801915 -0.8831400921550976
vn 0.49923087820736695 0.48370287888520175 -0.7188880686188002
vn 0.6515585165087957 0.5753514145779063 -0.49441101252708713
vn 0.7556033268062564 0.554898119685913 -0.3480685123482962
vn 0.8378093518817784 0.5111083706453196 -0.19194718897582436
vn 0.8704509092686442 0.4595370048931938 -0.176468001879048
vn -0.30099120489533904 0.867665014111756 -0.3956788064353437
vn -0.29184299277301623 0.7747325808150961 -0.5609073861101045
vn -0.23420618977268667 0.7852476657098136 -0.5731784749704485
vn -0.2786763072583767 0.6900961179741784 -0.6679123173963809
vn -0.10554590201095237 0.6263309119334018 -0.7723792147160409
vn 0 0.4092758069699407 -0.9124107155382952
vn 0.03097082950586834 -0.10438339833458936 -0.9940547841401102
vn 0.06050421791274191 0.1550342946516692 -0.9860545659833572
vn 0.015909299506521063 -0.2274881929437097 -0.9736508697990349
vn 0.17825099545539105 0.12741039675160082 -0.9757013751239473
vn 0.03160505057436361 -0.23021970418381904 -0.9726253176756744
vn 0.06152323061808782 -0.10971230110221493 -0.9920575099666201
vn 0.29220238042849267 0.3464958767919532 -0.8913800402959997
vn 0.40796779696979474 0.5365407960148112 -0.7387057945132183
vn 0.5576521206929677 0.6462053239789386 -0.5210017193329699
vn 0.6690803850881454 0.6389228857602683 -0.37961689153944406
vn 0.8377877230002306 0.5111257140322053 -0.19199540527095157
vn -0.3016370956447751 0.8925679871125457 -0.3351677951606377
vn -0.2405016978344482 0.8544396923063603 -0.4605341958532072
vn -0.11789350024667919 0.8054844016853876 -0.5807719012152012
vn 0 0.632388993953729 -0.7746509925935617
vn 0.08595380333831598 0.4043403157039678 -0.9105607353648045
vn 0.04726523941030783 -0.10133849873567699 -0.9937285876020099
vn 0.09130942702872669 0.1557706949311117 -0.9835639679941331
vn 0.02383654090639901 -0.22839400868482132 -0.9732769370094493
vn 0.22711119132077112 0.3323936872973198 -0.9153878650177485
vn 0.12019440401244506 0.14463640482839163 -0.9821576327873295
vn 0.2738471028546438 0.4822985050275883 -0.8321033086740319
vn 0.3109637874743416 0.5781843767106647 -0.7543237696157485
vn 0.4557041115105984 0.7052137178129443 -0.5431458137192822
vn 0.57264650889846 0.7116753110588545 -0.40693270632340245
vn -0.12106229660416208 0.8752176754498515 -0.4683352868630383
vn 0 0.8122493551035194 -0.5833103677579518
vn 0.10554590201095237 0.6263309119334018 -0.7723792147160409
vn 0.12913099783166007 0.40226439324526314 -0.9063710847804116
vn 0.17075310392259244 0.3895767089494753 -0.90502672079055
vn 0.26122539680891627 0.5972156927045178 -0.7583499907361291
vn 0.34734649926920563 0.7517188984184325 -0.56059709882054
vn 0.46795579773180423 0.7722638962568139 -0.4296810979173227
vn 0 0.8821635493676953 -0.47094317296993454
vn 0.11789350024667919 0.8054844016853876 -0.5807719012152012
vn 0.15815260128037417 0.6213444050302895 -0.7674105062128133
vn 0.20967580529427113 0.6082089153571508 -0.7655834193308244
vn 0.2786763072583767 0.6900961179741784 -0.6679123173963809
vn 0.29135899633809964 0.7711687903076848 -0.5660464928857323
vn 0.3589962076071997 0.8485046179799786 -0.38879510823864405
vn 0.12106229660416208 0.8752176754498515 -0.4683352868630383
vn 0.1763963021566944 0.7980808097576674 -0.5761522070442758
vn 0.23420618977268667 0.7852476657098136 -0.5731784749704485
vn 0.30099120489533904 0.867665014111756 -0.3956788064353437
vn 0.1826188963547835 0.9204293816275073 -0.3456299931009539
vn 0.18222790586653048 0.8954667288280922 -0.40611861307432673
vn 0.24206079342481923 0.8831533760106005 -0.4018042890856514
vn 0.3016370956447751 0.8925679871125457 -0.3351677951606377
usemtl material_0_0
f 1/1/1 2/2/2 3/3/3
f 2/2/2 1/1/1 4/4/4
f 9/5/5 4/6/4 1/7/1
f 4/6/4 9/5/5 10/8/6
f 4/6/4 10/8/6 11/9/7
f 11/10/7 15/2/2 4/4/4
f 15/2/2 11/10/7 16/11/8
f 19/12/9 20/13/9 21/14/9
f 20/13/9 19/12/9 22/15/9
f 22/15/9 19/12/9 23/16/9
f 22/15/9 23/16/9 24/17/9
f 24/17/9 23/16/9 25/18/9
f 24/17/9 25/18/9 26/19/9
f 26/19/9 25/18/9 27/20/9
f 26/19/9 27/20/9 28/21/9
f 29/22/9 30/23/9 31/24/9
f 30/23/9 29/22/9 32/25/9
f 33/26/9 32/25/9 34/27/9
f 32/25/9 33/26/9 35/28/9
f 35/28/9 33/26/9 36/29/9
f 36/29/9 33/26/9 37/30/9
f 37/30/9 33/26/9 38/31/9
f 37/30/9 38/31/9 39/32/9
f 39/32/9 38/31/9 40/33/9
f 40/33/9 38/31/9 41/34/9
f 41/34/9 38/31/9 21/14/9
f 41/34/9 21/14/9 20/13/9
f 35/28/9 36/29/9 42/35/9
f 35/28/9 42/35/9 43/36/9
f 35/28/9 43/36/9 44/37/9
f 35/28/9 44/37/9 45/38/9
f 35/28/9 45/38/9 46/39/9
f 35/28/9 46/39/9 47/40/9
f 32/25/9 35/28/9 30/23/9
f 48/41/9 28/21/9 49/42/9
f 28/21/9 48/41/9 50/43/9
f 28/21/9 50/43/9 26/19/9
f 26/19/9 50/43/9 51/44/9
f 51/44/9 50/43/9 52/45/9
f 51/44/9 52/45/9 53/46/9
f 52/45/9 54/47/9 53/46/9
f 54/47/9 52/45/9 55/48/9
f 54/47/9 55/48/9 56/49/9
f 54/47/9 56/49/9 57/50/9
f 54/47/9 57/50/9 58/51/9
f 54/47/9 58/51/9 59/52/9
f 59/52/9 58/51/9 60/53/9
f 59/52/9 60/53/9 61/54/9
f 59/52/9 61/54/9 62/55/9
f 62/55/9 61/54/9 63/56/9
f 62/55/9 63/56/9 64/57/9
f 64/57/9 63/56/9 65/58/9
f 64/57/9 65/58/9 66/59/9
f 66/59/9 65/58/9 67/60/9
f 67/60/9 65/58/9 68/61/9
f 119/62/10 3/63/3 120/64/11
f 3/63/3 119/62/10 1/65/1
f 123/66/12 1/67/1 119/68/10
f 1/67/1 123/66/12 9/69/5
f 125/70/13 10/71/6 9/72/5
f 10/71/6 125/70/13 126/73/14
f 10/71/6 126/73/14 127/74/15
f 10/75/6 131/76/16 11/77/7
f 131/76/16 10/75/6 132/78/17
f 131/76/16 132/78/17 133/79/18
f 11/80/7 137/81/19 16/82/8
f 137/81/19 11/80/7 131/83/16
f 139/84/9 140/85/9 141/86/9
f 140/85/9 139/84/9 142/87/9
f 140/85/9 142/87/9 143/88/9
f 140/85/9 143/88/9 144/89/9
f 144/89/9 143/88/9 145/90/9
f 144/89/9 145/90/9 146/91/9
f 146/91/9 145/90/9 147/92/9
f 147/92/9 145/90/9 148/93/9
f 148/93/9 145/90/9 149/94/9
f 148/93/9 149/94/9 150/95/9
f 150/95/9 149/94/9 151/96/9
f 150/95/9 151/96/9 152/97/9
f 150/95/9 152/97/9 153/98/9
f 153/98/9 152/97/9 154/99/9
f 153/98/9 154/99/9 155/100/9
f 155/100/9 154/99/9 156/101/9
f 155/100/9 156/101/9 157/102/9
f 157/102/9 156/101/9 158/103/9
f 157/102/9 158/103/9 159/104/9
f 159/104/9 158/103/9 160/105/9
f 159/104/9 160/105/9 161/106/9
f 159/104/9 161/106/9 162/107/9
f 162/107/9 161/106/9 163/108/9
f 162/107/9 163/108/9 164/109/9
f 139/84/9 165/110/9 166/111/9
f 165/110/9 139/84/9 167/112/9
f 165/110/9 167/112/9 168/113/9
f 166/111/9 165/110/9 169/114/9
f 166/111/9 169/114/9 170/115/9
f 170/115/9 169/114/9 171/116/9
f 170/115/9 171/116/9 172/117/9
f 170/115/9 172/117/9 173/118/9
f 173/118/9 172/117/9 174/119/9
f 174/119/9 172/117/9 175/120/9
f 174/119/9 175/120/9 176/121/9
f 174/119/9 176/121/9 177/122/9
f 174/119/9 177/122/9 178/123/9
f 178/123/9 177/122/9 179/124/9
f 178/123/9 179/124/9 180/125/9
f 180/125/9 179/124/9 181/126/9
f 180/125/9 181/126/9 182/127/9
f 182/127/9 181/126/9 183/128/9
f 182/127/9 183/128/9 184/129/9
f 184/129/9 183/128/9 185/130/9
f 185/130/9 183/128/9 186/131/9
f 185/130/9 186/131/9 187/132/9
f 187/132/9 186/131/9 188/133/9
f 187/132/9 188/133/9 189/134/9
f 187/132/9 189/134/9 190/135/9
f 190/135/9 189/134/9 191/136/9
f 190/135/9 191/136/9 164/109/9
f 192/137/9 165/110/9 168/113/9
f 165/110/9 192/137/9 193/138/9
f 193/138/9 192/137/9 194/139/9
f 193/138/9 194/139/9 195/140/9
f 195/140/9 194/139/9 196/141/9
f 195/140/9 196/141/9 197/142/9
f 197/142/9 196/141/9 198/143/9
f 198/143/9 196/141/9 199/144/9
f 198/143/9 199/144/9 200/145/9
f 198/143/9 200/145/9 201/146/9
f 198/143/9 201/146/9 202/147/9
f 202/147/9 201/146/9 203/148/9
f 202/147/9 203/148/9 204/149/9
f 204/149/9 203/148/9 205/150/9
f 204/149/9 205/150/9 206/151/9
f 206/151/9 205/150/9 207/152/9
f 207/152/9 205/150/9 208/153/9
f 207/152/9 208/153/9 209/154/9
f 207/152/9 209/154/9 210/155/9
f 210/155/9 209/154/9 211/156/9
f 211/156/9 209/154/9 212/157/9
f 211/156/9 212/157/9 213/158/9
f 211/156/9 213/158/9 214/159/9
f 214/159/9 213/158/9 215/160/9
f 214/159/9 215/160/9 191/136/9
f 216/161/9 168/113/9 167/112/9
f 168/113/9 216/161/9 217/162/9
f 217/162/9 216/161/9 218/163/9
f 217/162/9 218/163/9 219/164/9
f 219/164/9 218/163/9 220/165/9
f 219/164/9 220/165/9 221/166/9
f 221/166/9 220/165/9 222/167/9
f 222/167/9 220/165/9 223/168/9
f 222/167/9 223/168/9 224/169/9
f 222/167/9 224/169/9 225/170/9
f 225/170/9 224/169/9 226/171/9
f 225/170/9 226/171/9 227/172/9
f 227/172/9 226/171/9 228/173/9
f 227/172/9 228/173/9 229/174/9
f 227/172/9 229/174/9 230/175/9
f 230/175/9 229/174/9 231/176/9
f 231/176/9 229/174/9 232/177/9
f 231/176/9 232/177/9 233/178/9
f 231/176/9 233/178/9 234/179/9
f 234/179/9 233/178/9 235/180/9
f 235/180/9 233/178/9 236/181/9
f 235/180/9 236/181/9 237/182/9
f 235/180/9 237/182/9 238/183/9
f 238/183/9 237/182/9 215/160/9
f 215/160/9 237/182/9 239/184/9
f 240/185/9 241/186/9 242/187/9
f 241/186/9 240/185/9 243/188/9
f 243/188/9 240/185/9 244/189/9
f 244/189/9 240/185/9 239/184/9
f 239/184/9 240/185/9 215/160/9
f 215/160/9 240/185/9 191/136/9
f 191/136/9 240/185/9 164/109/9
f 164/109/9 240/185/9 162/107/9
f 162/107/9 240/185/9 245/190/9
f 245/190/9 240/185/9 246/191/9
f 246/191/9 240/185/9 247/192/9
f 247/192/9 240/185/9 248/193/9
f 248/193/9 240/185/9 249/194/9
f 250/195/20 167/112/9 251/196/21
f 167/112/9 250/195/20 252/197/9
f 252/197/9 250/195/20 253/198/9
f 253/198/9 250/195/20 254/199/9
f 251/196/21 167/112/9 255/200/9
f 255/200/9 167/112/9 256/201/9
f 256/201/9 167/112/9 257/202/9
f 257/202/9 167/112/9 258/203/9
f 258/203/9 167/112/9 259/204/9
f 259/204/9 167/112/9 141/86/9
f 141/86/9 167/112/9 139/84/9
f 252/197/9 253/198/9 260/205/9
f 260/205/9 253/198/9 261/206/9
f 261/206/9 253/198/9 262/207/9
f 262/207/9 253/198/9 263/208/9
f 263/208/9 253/198/9 264/209/9
f 264/209/9 253/198/9 265/210/9
f 265/210/9 253/198/9 266/211/9
f 253/198/9 254/199/9 267/212/9
f 267/212/9 254/199/9 268/213/9
f 268/213/9 254/199/9 269/24/9
f 269/24/9 254/199/9 270/22/9
f 247/192/9 271/214/9 268/213/9
f 271/214/9 247/192/9 248/193/9
f 271/214/9 248/193/9 272/215/9
f 268/213/9 271/214/9 273/216/9
f 268/213/9 273/216/9 274/217/9
f 268/213/9 274/217/9 275/218/9
f 268/213/9 275/218/9 276/219/9
f 268/213/9 276/219/9 277/220/9
f 268/213/9 277/220/9 278/221/9
f 268/213/9 278/221/9 279/222/9
f 268/213/9 279/222/9 280/223/9
f 268/213/9 280/223/9 281/224/9
f 268/213/9 281/224/9 282/225/9
f 268/213/9 282/225/9 283/226/9
f 268/213/9 283/226/9 267/212/9
f 284/227/9 266/211/9 253/198/9
f 285/228/9 246/191/9 247/192/9
f 146/91/9 286/229/9 144/89/9
f 286/229/9 146/91/9 287/230/9
f 286/229/9 287/230/9 288/231/9
f 286/229/9 288/231/9 289/232/9
f 289/232/9 288/231/9 290/233/9
f 290/233/9 288/231/9 291/234/9
f 290/233/9 291/234/9 292/235/9
f 292/235/9 293/41/9 294/42/9
f 293/41/9 292/235/9 291/234/9
f 293/41/9 291/234/9 295/236/9
f 293/41/9 295/236/9 296/237/9
f 293/41/9 296/237/9 297/238/9
f 293/41/9 297/238/9 298/239/9
f 298/239/9 297/238/9 299/240/9
f 299/240/9 297/238/9 300/241/9
f 300/241/9 297/238/9 301/242/9
f 301/242/9 297/238/9 302/243/9
f 301/242/9 302/243/9 303/244/9
f 303/244/9 302/243/9 304/245/9
f 303/244/9 304/245/9 305/246/9
f 305/246/9 304/245/9 306/247/9
f 306/247/9 304/245/9 307/248/9
f 306/247/9 307/248/9 308/249/9
f 308/249/9 307/248/9 309/250/9
f 309/250/9 307/248/9 310/251/9
f 309/250/9 310/251/9 311/252/9
f 485/253/22 486/254/23 487/255/24
f 486/254/23 485/253/22 488/256/22
f 486/254/23 488/256/22 489/257/25
f 487/258/24 495/259/26 496/260/27
f 495/259/26 487/258/24 486/261/23
f 495/262/26 499/263/28 496/264/27
f 499/263/28 495/262/26 500/265/29
f 500/266/29 503/267/30 499/268/28
f 503/267/30 500/266/29 504/269/31
f 504/270/31 507/271/32 503/272/30
f 507/271/32 504/270/31 508/273/33
f 508/274/33 511/275/34 507/276/32
f 511/275/34 508/274/33 512/277/35
f 512/278/35 515/279/36 511/280/34
f 515/279/36 512/278/35 516/281/37
f 516/282/37 519/283/38 515/284/36
f 519/283/38 516/282/37 520/285/39
f 520/286/39 120/287/11 519/288/38
f 120/287/11 520/286/39 119/289/10
f 523/290/40 119/291/10 520/292/39
f 119/291/10 523/290/40 123/293/12
f 123/294/12 125/295/13 9/296/5
f 125/295/13 123/294/12 525/297/41
f 527/298/42 126/299/14 125/300/13
f 126/299/14 527/298/42 528/301/43
f 126/299/14 528/301/43 529/302/44
f 127/303/15 132/304/17 10/305/6
f 132/304/17 127/303/15 529/306/44
f 132/304/17 529/306/44 533/307/45
f 132/304/17 533/307/45 133/308/18
f 133/309/18 535/310/46 131/311/16
f 535/310/46 133/309/18 536/312/47
f 131/313/16 539/314/48 137/315/19
f 539/314/48 131/313/16 535/316/46
f 541/317/49 542/318/50 543/319/51
f 542/318/50 541/317/49 544/320/52
f 543/321/51 549/322/53 550/323/54
f 549/322/53 543/321/51 542/324/50
f 550/325/54 553/326/55 554/327/56
f 553/326/55 550/325/54 549/328/53
f 554/329/56 557/330/57 558/331/58
f 557/330/57 554/329/56 553/332/55
f 558/333/58 561/334/59 562/335/60
f 561/334/59 558/333/58 557/336/57
f 562/337/60 565/338/61 566/339/62
f 565/338/61 562/337/60 561/340/59
f 566/341/62 489/257/25 569/256/22
f 489/257/25 566/341/62 565/342/61
f 250/343/20 571/344/63 572/345/63
f 571/344/63 250/343/20 573/346/63
f 573/346/63 250/343/20 574/347/63
f 574/347/63 250/343/20 575/348/63
f 575/348/63 250/343/20 576/349/63
f 576/349/63 250/343/20 577/350/63
f 577/350/63 250/343/20 578/351/63
f 578/351/63 250/343/20 579/352/63
f 579/352/63 250/343/20 580/353/63
f 580/353/63 250/343/20 581/354/63
f 581/354/63 250/343/20 582/355/63
f 582/355/63 250/343/20 583/356/63
f 583/356/63 250/343/20 251/357/21
f 489/358/25 597/359/64 486/360/23
f 597/359/64 489/358/25 598/361/65
f 486/362/23 601/363/66 495/364/26
f 601/363/66 486/362/23 597/365/64
f 601/366/66 500/367/29 495/368/26
f 500/367/29 601/366/66 603/369/67
f 603/370/67 504/371/31 500/372/29
f 504/371/31 603/370/67 605/373/68
f 605/374/68 508/375/33 504/376/31
f 508/375/33 605/374/68 607/377/69
f 607/378/69 512/379/35 508/380/33
f 512/379/35 607/378/69 609/381/70
f 609/382/70 516/383/37 512/384/35
f 516/383/37 609/382/70 611/385/71
f 611/386/71 520/387/39 516/388/37
f 520/387/39 611/386/71 523/389/40
f 523/390/40 525/391/41 123/392/12
f 525/391/41 523/390/40 613/393/72
f 525/394/41 527/395/42 125/396/13
f 527/395/42 525/394/41 615/397/73
f 617/398/74 528/399/43 527/400/42
f 528/399/43 617/398/74 618/401/75
f 528/402/43 533/403/45 529/404/44
f 533/403/45 528/402/43 621/405/76
f 533/406/45 536/407/47 133/408/18
f 536/407/47 533/406/45 623/409/77
f 536/410/47 625/411/78 535/412/46
f 625/411/78 536/410/47 626/413/79
f 535/414/46 629/415/80 539/416/48
f 629/415/80 535/414/46 625/417/78
f 631/418/81 544/419/52 541/420/49
f 544/419/52 631/418/81 632/421/82
f 544/422/52 635/423/83 542/424/50
f 635/423/83 544/422/52 636/425/84
f 542/426/50 639/427/85 549/428/53
f 639/427/85 542/426/50 635/429/83
f 549/430/53 641/431/86 553/432/55
f 641/431/86 549/430/53 639/433/85
f 553/434/55 643/435/87 557/436/57
f 643/435/87 553/434/55 641/437/86
f 557/438/57 645/439/88 561/440/59
f 645/439/88 557/438/57 643/441/87
f 561/442/59 647/443/89 565/444/61
f 647/443/89 561/442/59 645/445/88
f 565/446/61 598/361/65 489/358/25
f 598/361/65 565/446/61 647/447/89
f 597/448/64 649/449/90 650/450/91
f 649/449/90 597/448/64 598/451/65
f 601/452/66 650/453/91 653/454/92
f 650/453/91 601/452/66 597/455/64
f 601/456/66 655/457/93 603/458/67
f 655/457/93 601/456/66 653/459/92
f 603/460/67 657/461/94 605/462/68
f 657/461/94 603/460/67 655/463/93
f 605/464/68 659/465/95 607/466/69
f 659/465/95 605/464/68 657/467/94
f 607/468/69 661/469/96 609/470/70
f 661/469/96 607/468/69 659/471/95
f 609/472/70 663/473/97 611/474/71
f 663/473/97 609/472/70 661/475/96
f 611/476/71 613/477/72 523/478/40
f 613/477/72 611/476/71 663/479/97
f 613/480/72 615/481/73 525/482/41
f 615/481/73 613/480/72 665/483/98
f 667/484/99 527/485/42 615/486/73
f 527/485/42 667/484/99 617/487/74
f 669/488/100 618/489/75 617/490/74
f 618/489/75 669/488/100 670/491/101
f 618/492/75 621/493/76 528/494/43
f 621/493/76 618/492/75 673/495/102
f 621/496/76 623/497/77 533/498/45
f 623/497/77 621/496/76 675/499/103
f 677/500/104 536/501/47 623/502/77
f 536/501/47 677/500/104 626/503/79
f 679/504/105 625/505/78 626/506/79
f 625/505/78 679/504/105 680/507/106
f 625/508/78 683/509/107 629/510/80
f 683/509/107 625/508/78 680/511/106
f 685/512/108 632/513/82 631/514/81
f 632/513/82 685/512/108 686/515/109
f 632/516/82 636/517/84 544/518/52
f 636/517/84 632/516/82 689/519/110
f 635/520/83 691/521/111 692/522/112
f 691/521/111 635/520/83 636/523/84
f 639/524/85 692/525/112 695/526/113
f 692/525/112 639/524/85 635/527/83
f 641/528/86 695/529/113 697/530/114
f 695/529/113 641/528/86 639/531/85
f 643/532/87 697/533/114 699/534/115
f 697/533/114 643/532/87 641/535/86
f 645/536/88 699/537/115 701/538/116
f 699/537/115 645/536/88 643/539/87
f 647/540/89 701/541/116 703/542/117
f 701/541/116 647/540/89 645/543/88
f 598/451/65 703/544/117 649/449/90
f 703/544/117 598/451/65 647/545/89
f 650/546/91 705/547/118 706/548/119
f 705/547/118 650/546/91 649/549/90
f 650/550/91 709/551/120 653/552/92
f 709/551/120 650/550/91 706/553/119
f 653/554/92 711/555/121 655/556/93
f 711/555/121 653/554/92 709/557/120
f 655/558/93 713/559/122 657/560/94
f 713/559/122 655/558/93 711/561/121
f 657/562/94 715/563/123 659/564/95
f 715/563/123 657/562/94 713/565/122
f 659/566/95 717/567/124 661/568/96
f 717/567/124 659/566/95 715/569/123
f 661/570/96 719/571/125 663/572/97
f 719/571/125 661/570/96 717/573/124
f 663/574/97 665/575/98 613/576/72
f 665/575/98 663/574/97 719/577/125
f 665/578/98 667/579/99 615/580/73
f 667/579/99 665/578/98 721/581/126
f 723/582/127 617/583/74 667/584/99
f 617/583/74 723/582/127 669/585/100
f 725/586/128 726/587/129 727/588/130
f 726/587/129 725/586/128 728/589/131
f 726/587/129 728/589/131 729/590/132
f 726/587/129 729/590/132 730/591/133
f 670/592/101 673/593/102 618/594/75
f 673/593/102 670/592/101 737/595/134
f 673/596/102 675/597/103 621/598/76
f 675/597/103 673/596/102 739/599/135
f 675/600/103 677/601/104 623/602/77
f 677/601/104 675/600/103 741/603/136
f 743/604/137 626/605/79 677/606/104
f 626/605/79 743/604/137 679/607/105
f 745/608/138 680/609/106 679/610/105
f 680/609/106 745/608/138 746/611/139
f 746/612/139 683/613/107 680/614/106
f 683/613/107 746/612/139 749/615/140
f 751/616/141 686/617/109 685/618/108
f 686/617/109 751/616/141 752/619/142
f 686/620/109 689/621/110 632/622/82
f 689/621/110 686/620/109 755/623/143
f 689/624/110 691/625/111 636/626/84
f 691/625/111 689/624/110 757/627/144
f 692/628/112 759/629/145 760/630/146
f 759/629/145 692/628/112 691/631/111
f 695/632/113 760/633/146 763/634/147
f 760/633/146 695/632/113 692/635/112
f 697/636/114 763/637/147 765/638/148
f 763/637/147 697/636/114 695/639/113
f 699/640/115 765/641/148 767/642/149
f 765/641/148 699/640/115 697/643/114
f 701/644/116 767/645/149 769/646/150
f 767/645/149 701/644/116 699/647/115
f 703/648/117 769/649/150 771/650/151
f 769/649/150 703/648/117 701/651/116
f 649/549/90 771/652/151 705/547/118
f 771/652/151 649/549/90 703/653/117
f 706/654/119 773/655/152 774/656/153
f 773/655/152 706/654/119 705/657/118
f 706/658/119 777/659/154 709/660/120
f 777/659/154 706/658/119 774/661/153
f 709/662/120 779/663/155 711/664/121
f 779/663/155 709/662/120 777/665/154
f 711/666/121 781/667/156 713/668/122
f 781/667/156 711/666/121 779/669/155
f 713/670/122 783/671/157 715/672/123
f 783/671/157 713/670/122 781/673/156
f 715/674/123 785/675/158 717/676/124
f 785/675/158 715/674/123 783/677/157
f 717/678/124 787/679/159 719/680/125
f 787/679/159 717/678/124 785/681/158
f 719/682/125 721/683/126 665/684/98
f 721/683/126 719/682/125 787/685/159
f 789/686/160 667/687/99 721/688/126
f 667/687/99 789/686/160 723/689/127
f 791/690/161 727/691/130 792/692/161
f 727/691/130 791/690/161 725/693/128
f 795/694/162 730/695/133 729/696/132
f 730/695/133 795/694/162 796/697/163
f 799/698/164 726/699/129 730/700/133
f 801/701/162 728/702/131 725/703/128
f 737/704/134 739/705/135 673/706/102
f 739/705/135 737/704/134 803/707/165
f 739/708/135 741/709/136 675/710/103
f 741/709/136 739/708/135 805/711/166
f 741/712/136 743/713/137 677/714/104
f 743/713/137 741/712/136 807/715/167
f 809/716/168 679/717/105 743/718/137
f 679/717/105 809/716/168 745/719/138
f 811/720/169 746/721/139 745/722/138
f 746/721/139 811/720/169 812/723/170
f 812/724/170 749/725/140 746/726/139
f 749/725/140 812/724/170 815/727/171
f 817/728/172 752/729/142 751/730/141
f 752/729/142 817/728/172 818/731/173
f 752/732/142 755/733/143 686/734/109
f 755/733/143 752/732/142 821/735/174
f 755/736/143 757/737/144 689/738/110
f 757/737/144 755/736/143 823/739/175
f 757/740/144 759/741/145 691/742/111
f 759/741/145 757/740/144 825/743/176
f 759/744/145 827/745/177 760/746/146
f 827/745/177 759/744/145 828/747/178
f 763/748/147 827/749/177 831/750/179
f 827/749/177 763/748/147 760/751/146
f 765/752/148 831/753/179 833/754/180
f 831/753/179 765/752/148 763/755/147
f 767/756/149 833/757/180 835/758/181
f 833/757/180 767/756/149 765/759/148
f 769/760/150 835/761/181 837/762/182
f 835/761/181 769/760/150 767/763/149
f 771/764/151 837/765/182 839/766/183
f 837/765/182 771/764/151 769/767/150
f 705/657/118 839/768/183 773/655/152
f 839/768/183 705/657/118 771/769/151
f 774/770/153 841/771/184 842/772/185
f 841/771/184 774/770/153 773/773/152
f 777/774/154 842/775/185 845/776/186
f 842/775/185 777/774/154 774/777/153
f 777/778/154 847/779/187 779/780/155
f 847/779/187 777/778/154 845/781/186
f 779/782/155 849/783/188 781/784/156
f 849/783/188 779/782/155 847/785/187
f 781/786/156 851/787/189 783/788/157
f 851/787/189 781/786/156 849/789/188
f 783/790/157 853/791/190 785/792/158
f 853/791/190 783/790/157 851/793/189
f 785/794/158 855/795/191 787/796/159
f 855/795/191 785/794/158 853/797/190
f 787/798/159 789/799/160 721/800/126
f 789/799/160 787/798/159 855/801/191
f 857/802/192 792/803/161 858/804/192
f 792/803/161 857/802/192 791/805/161
f 799/806/164 730/807/133 796/808/163
f 861/809/193 862/810/194 799/811/164
f 862/810/194 861/809/193 863/812/194
f 803/813/165 805/814/166 739/815/135
f 805/814/166 803/813/165 867/816/195
f 805/817/166 807/818/167 741/819/136
f 807/818/167 805/817/166 869/820/196
f 807/821/167 809/822/168 743/823/137
f 809/822/168 807/821/167 871/824/197
f 873/825/198 745/826/138 809/827/168
f 745/826/138 873/825/198 811/828/169
f 875/829/199 812/830/170 811/831/169
f 812/830/170 875/829/199 876/832/200
f 876/833/200 815/834/171 812/835/170
f 815/834/171 876/833/200 879/836/201
f 881/837/202 818/838/173 817/839/172
f 818/838/173 881/837/202 882/840/203
f 818/841/173 821/842/174 752/843/142
f 821/842/174 818/841/173 885/844/204
f 821/845/174 823/846/175 755/847/143
f 823/846/175 821/845/174 887/848/205
f 823/849/175 825/850/176 757/851/144
f 825/850/176 823/849/175 889/852/206
f 825/853/176 828/854/178 759/855/145
f 828/854/178 825/853/176 891/856/207
f 828/857/178 893/858/208 827/859/177
f 893/858/208 828/857/178 894/860/209
f 827/861/177 897/862/210 831/863/179
f 897/862/210 827/861/177 893/864/208
f 833/865/180 897/866/210 899/867/211
f 897/866/210 833/865/180 831/868/179
f 835/869/181 899/870/211 901/871/212
f 899/870/211 835/869/181 833/872/180
f 837/873/182 901/874/212 903/875/213
f 901/874/212 837/873/182 835/876/181
f 839/877/183 903/878/213 905/879/214
f 903/878/213 839/877/183 837/880/182
f 773/773/152 905/881/214 907/771/184
f 905/881/214 773/773/152 839/882/183
f 909/883/215 910/884/216 911/885/215
f 910/884/216 909/883/215 912/886/216
f 909/887/215 917/888/217 918/889/217
f 917/888/217 909/887/215 919/890/217
f 919/890/217 909/887/215 911/891/215
f 918/892/217 923/893/218 924/894/218
f 923/893/218 918/892/217 919/895/217
f 919/895/217 918/892/217 917/896/217
f 927/897/219 923/898/218 928/899/219
f 923/898/218 927/897/219 924/900/218
f 927/901/219 931/902/220 932/903/220
f 931/902/220 927/901/219 928/904/219
f 932/905/220 935/906/221 936/907/221
f 935/906/221 932/905/220 931/908/220
f 936/909/221 939/910/222 940/911/222
f 939/910/222 936/909/221 935/912/221
f 858/913/192 939/914/222 857/915/192
f 939/914/222 858/913/192 940/916/222
f 861/917/193 799/918/164 796/919/163
f 863/920/194 943/921/223 862/922/194
f 943/921/223 863/920/194 944/923/223
f 867/924/195 869/925/196 805/926/166
f 869/925/196 867/924/195 947/927/224
f 869/928/196 871/929/197 807/930/167
f 871/929/197 869/928/196 949/931/225
f 871/932/197 873/933/198 809/934/168
f 873/933/198 871/932/197 951/935/226
f 953/936/227 811/937/169 873/938/198
f 811/937/169 953/936/227 875/939/199
f 955/940/228 876/941/200 875/942/199
f 876/941/200 955/940/228 956/943/229
f 956/944/229 879/945/201 876/946/200
f 879/945/201 956/944/229 959/947/230
f 881/948/202 961/949/231 882/950/203
f 961/949/231 881/948/202 962/951/232
f 818/952/173 965/953/233 885/954/204
f 965/953/233 818/952/173 882/955/203
f 821/956/174 967/957/234 887/958/205
f 967/957/234 821/956/174 885/959/204
f 887/960/205 889/961/206 823/962/175
f 889/961/206 887/960/205 969/963/235
f 889/964/206 891/965/207 825/966/176
f 891/965/207 889/964/206 971/967/236
f 891/968/207 894/969/209 828/970/178
f 894/969/209 891/968/207 973/971/237
f 975/972/238 976/973/239 977/974/239
f 976/973/239 975/972/238 978/975/240
f 977/976/239 983/977/241 984/978/241
f 983/977/241 977/976/239 976/979/239
f 987/980/242 983/981/241 988/982/242
f 983/981/241 987/980/242 984/983/241
f 987/984/242 991/985/243 992/986/243
f 991/985/243 987/984/242 988/987/242
f 995/988/244 991/989/243 996/990/244
f 991/989/243 995/988/244 992/991/243
f 995/992/244 999/993/245 1000/994/245
f 999/993/245 995/992/244 996/995/244
f 1000/996/245 1003/884/216 1004/886/216
f 1003/884/216 1000/996/245 999/997/245
f 944/998/223 1007/999/246 943/1000/223
f 1007/999/246 944/998/223 1008/1001/246
f 947/1002/224 949/1003/225 869/1004/196
f 949/1003/225 947/1002/224 1011/1005/247
f 949/1006/225 951/1007/226 871/1008/197
f 951/1007/226 949/1006/225 1013/1009/248
f 951/1010/226 953/1011/227 873/1012/198
f 953/1011/227 951/1010/226 1015/1013/249
f 1017/1014/250 875/1015/199 953/1016/227
f 875/1015/199 1017/1014/250 955/1017/228
f 1019/1018/251 956/1019/229 955/1020/228
f 956/1019/229 1019/1018/251 1020/1021/252
f 1020/1022/252 959/1023/230 956/1024/229
f 959/1023/230 1020/1022/252 1023/1025/253
f 1023/1025/253 1020/1022/252 1024/1026/254
f 962/1027/232 1027/1028/255 961/1029/231
f 1027/1028/255 962/1027/232 1028/1030/256
f 882/1031/203 1031/1032/257 965/1033/233
f 1031/1032/257 882/1031/203 961/1034/231
f 885/1035/204 1033/1036/258 967/1037/234
f 1033/1036/258 885/1035/204 965/1038/233
f 967/1039/234 969/1040/235 887/1041/205
f 969/1040/235 967/1039/234 1035/1042/259
f 969/1043/235 971/1044/236 889/1045/206
f 971/1044/236 969/1043/235 1037/1046/260
f 971/1047/236 973/1048/237 891/1049/207
f 973/1048/237 971/1047/236 1039/1050/261
f 1041/1051/262 978/1052/240 975/1053/238
f 978/1052/240 1041/1051/262 1042/1054/263
f 1008/1055/246 1045/1056/264 1007/1057/246
f 1045/1056/264 1008/1055/246 1046/1058/264
f 1011/1059/247 1013/1060/248 949/1061/225
f 1013/1060/248 1011/1059/247 1049/1062/265
f 1013/1063/248 1015/1064/249 951/1065/226
f 1015/1064/249 1013/1063/248 1051/1066/266
f 1053/1067/267 953/1068/227 1015/1069/249
f 953/1068/227 1053/1067/267 1017/1070/250
f 1055/1071/268 955/1072/228 1017/1073/250
f 955/1072/228 1055/1071/268 1019/1074/251
f 1057/1075/269 1020/1076/252 1019/1077/251
f 1020/1076/252 1057/1075/269 1058/1078/270
f 1058/1079/270 1024/1080/254 1020/1081/252
f 1024/1080/254 1058/1079/270 1061/1082/271
f 1061/1082/271 1058/1079/270 1062/1083/272
f 1062/1083/272 1058/1079/270 1063/1084/273
f 1028/1085/256 1067/1086/274 1027/1087/255
f 1067/1086/274 1028/1085/256 1068/1088/275
f 961/1089/231 1071/1090/276 1031/1091/257
f 1071/1090/276 961/1089/231 1027/1092/255
f 965/1093/233 1073/1094/277 1033/1095/258
f 1073/1094/277 965/1093/233 1031/1096/257
f 1033/1097/258 1035/1098/259 967/1099/234
f 1035/1098/259 1033/1097/258 1075/1100/278
f 1035/1101/259 1037/1102/260 969/1103/235
f 1037/1102/260 1035/1101/259 1077/1104/279
f 1037/1105/260 1039/1106/261 971/1107/236
f 1039/1106/261 1037/1105/260 1079/1108/280
f 1081/1109/281 1042/1110/263 1041/1111/262
f 1083/1112/282 978/1113/240 1042/1114/263
f 1046/1115/264 1085/1116/283 1045/1117/264
f 1085/1116/283 1046/1115/264 1086/1118/284
f 1049/1119/265 1051/1120/266 1013/1121/248
f 1051/1120/266 1049/1119/265 1089/1122/285
f 1051/1123/266 1053/1124/267 1015/1125/249
f 1053/1124/267 1051/1123/266 1091/1126/286
f 1093/1127/287 1017/1128/250 1053/1129/267
f 1017/1128/250 1093/1127/287 1055/1130/268
f 1095/1131/288 1019/1132/251 1055/1133/268
f 1019/1132/251 1095/1131/288 1057/1134/269
f 1097/1135/289 1058/1136/270 1057/1137/269
f 1058/1136/270 1097/1135/289 1098/1138/290
f 1098/1138/290 1097/1135/289 1099/1139/291
f 1098/1140/290 1063/1141/273 1058/1142/270
f 1063/1141/273 1098/1140/290 1103/1143/292
f 1105/1144/293 1062/1083/272 1063/1084/273
f 1068/1145/275 1107/1146/294 1067/1147/274
f 1107/1146/294 1068/1145/275 1108/1148/295
f 1027/1149/255 1111/1150/296 1071/1151/276
f 1111/1150/296 1027/1149/255 1067/1152/274
f 1031/1153/257 1113/1154/297 1073/1155/277
f 1113/1154/297 1031/1153/257 1071/1156/276
f 1073/1157/277 1075/1158/278 1033/1159/258
f 1075/1158/278 1073/1157/277 1115/1160/298
f 1075/1161/278 1077/1162/279 1035/1163/259
f 1077/1162/279 1075/1161/278 1117/1164/299
f 1077/1165/279 1079/1166/280 1037/1167/260
f 1079/1166/280 1077/1165/279 1119/1168/300
f 1121/1169/301 1122/1170/302 1081/1171/281
f 1122/1170/302 1121/1169/301 1123/1172/301
f 1081/1173/281 1083/1174/282 1042/1175/263
f 1086/1176/284 1127/1177/303 1085/1178/283
f 1127/1177/303 1086/1176/284 1128/1179/304
f 1127/1177/303 1128/1179/304 1129/1180/305
f 1089/1181/285 1091/1182/286 1051/1183/266
f 1091/1182/286 1089/1181/285 1133/1184/306
f 1091/1185/286 1093/1186/287 1053/1187/267
f 1093/1186/287 1091/1185/286 1135/1188/307
f 1137/1189/308 1055/1190/268 1093/1191/287
f 1055/1190/268 1137/1189/308 1095/1192/288
f 1139/1193/309 1057/1194/269 1095/1195/288
f 1057/1194/269 1139/1193/309 1097/1196/289
f 1141/1197/310 1098/1138/290 1099/1139/291
f 1143/1143/292 1105/1198/293 1063/1141/273
f 1105/1198/293 1143/1143/292 1144/1199/311
f 1144/1199/311 1143/1143/292 1098/1140/290
f 1144/1199/311 1098/1140/290 1141/1200/310
f 1108/1201/295 1147/1202/312 1107/1203/294
f 1147/1202/312 1108/1201/295 1148/1204/313
f 1067/1205/274 1151/1206/314 1111/1207/296
f 1151/1206/314 1067/1205/274 1107/1208/294
f 1071/1209/276 1153/1210/315 1113/1211/297
f 1153/1210/315 1071/1209/276 1111/1212/296
f 1113/1213/297 1115/1214/298 1073/1215/277
f 1115/1214/298 1113/1213/297 1155/1216/316
f 1115/1217/298 1117/1218/299 1075/1219/278
f 1117/1218/299 1115/1217/298 1157/1220/317
f 1117/1221/299 1119/1222/300 1077/1223/279
f 1119/1222/300 1117/1221/299 1159/1224/318
f 1161/1225/319 1123/1226/301 1121/1227/301
f 1123/1226/301 1161/1225/319 1162/1228/319
f 1122/1229/302 1083/1230/282 1081/1231/281
f 1128/1232/304 1165/1233/320 1129/1234/305
f 1165/1233/320 1128/1232/304 1166/1235/321
f 1165/1236/320 1127/1237/303 1129/1238/305
f 1133/1239/306 1135/1240/307 1091/1241/286
f 1135/1240/307 1133/1239/306 1169/1242/322
f 1135/1243/307 1137/1244/308 1093/1245/287
f 1137/1244/308 1135/1243/307 1171/1246/323
f 1173/1247/324 1095/1248/288 1137/1249/308
f 1095/1248/288 1173/1247/324 1139/1250/309
f 1175/1251/325 1097/1252/289 1139/1253/309
f 1097/1252/289 1175/1251/325 1176/1254/326
f 1176/1254/326 1175/1251/325 1177/1255/327
f 1176/1256/326 1141/1257/310 1099/1258/291
f 1141/1257/310 1176/1256/326 1181/1259/328
f 1181/1259/328 1176/1256/326 1182/1260/329
f 1181/1261/328 1144/1262/311 1141/1263/310
f 1144/1262/311 1181/1261/328 1185/1264/330
f 1148/1265/313 1187/1266/331 1147/1267/312
f 1187/1266/331 1148/1265/313 1188/1268/332
f 1107/1269/294 1191/1270/333 1151/1271/314
f 1191/1270/333 1107/1269/294 1147/1272/312
f 1111/1273/296 1193/1274/334 1153/1275/315
f 1193/1274/334 1111/1273/296 1151/1276/314
f 1153/1277/315 1155/1278/316 1113/1279/297
f 1155/1278/316 1153/1277/315 1195/1280/335
f 1155/1281/316 1157/1282/317 1115/1283/298
f 1157/1282/317 1155/1281/316 1197/1284/336
f 1157/1285/317 1159/1286/318 1117/1287/299
f 1159/1286/318 1157/1285/317 1199/1288/337
f 1201/1289/338 1162/1290/319 1161/1291/319
f 1162/1290/319 1201/1289/338 1202/1292/338
f 1205/1293/339 1166/1294/321 1128/1295/304
f 1205/1296/339 1165/1297/320 1166/1298/321
f 1205/1299/339 1207/1300/340 1165/1301/320
f 1207/1300/340 1205/1299/339 1208/1302/340
f 1169/1303/322 1171/1304/323 1135/1305/307
f 1171/1304/323 1169/1303/322 1211/1306/341
f 1213/1307/342 1137/1308/308 1171/1309/323
f 1137/1308/308 1213/1307/342 1173/1310/324
f 1215/1311/343 1139/1312/309 1173/1313/324
f 1139/1312/309 1215/1311/343 1175/1314/325
f 1175/1314/325 1215/1311/343 1216/1315/344
f 1219/1255/327 1182/1316/329 1176/1254/326
f 1182/1316/329 1219/1255/327 1175/1251/325
f 1182/1316/329 1175/1251/325 1220/1317/345
f 1223/1318/346 1181/1319/328 1182/1320/329
f 1181/1319/328 1223/1318/346 1224/1321/347
f 1224/1322/347 1185/1323/330 1181/1324/328
f 1185/1323/330 1224/1322/347 1227/1325/348
f 1188/1326/332 1229/1327/349 1187/1328/331
f 1229/1327/349 1188/1326/332 1230/1329/350
f 1147/1330/312 1233/1331/351 1191/1332/333
f 1233/1331/351 1147/1330/312 1187/1333/331
f 1151/1334/314 1235/1335/352 1193/1336/334
f 1235/1335/352 1151/1334/314 1191/1337/333
f 1153/1338/315 1237/1339/353 1195/1340/335
f 1237/1339/353 1153/1338/315 1193/1341/334
f 1195/1342/335 1197/1343/336 1155/1344/316
f 1197/1343/336 1195/1342/335 1239/1345/354
f 1197/1346/336 1199/1347/337 1157/1348/317
f 1199/1347/337 1197/1346/336 1241/1349/355
f 1243/1350/356 1202/1351/338 1201/1352/338
f 1202/1351/338 1243/1350/356 1244/1353/356
f 1208/1354/340 1247/1355/357 1207/1356/340
f 1247/1355/357 1208/1354/340 1248/1357/357
f 1211/1358/341 1213/1359/342 1171/1360/323
f 1213/1359/342 1211/1358/341 1251/1361/358
f 1253/1362/359 1173/1363/324 1213/1364/342
f 1173/1363/324 1253/1362/359 1215/1365/343
f 1255/1366/360 1216/1367/344 1215/1368/343
f 1257/1369/361 1182/1370/329 1220/1371/345
f 1182/1370/329 1257/1369/361 1223/1372/346
f 1259/1373/362 1224/1374/347 1223/1375/346
f 1224/1374/347 1259/1373/362 1260/1376/363
f 1260/1377/363 1227/1378/348 1224/1379/347
f 1227/1378/348 1260/1377/363 1263/1380/364
f 1230/1381/350 1265/1382/365 1229/1383/349
f 1265/1382/365 1230/1381/350 1266/1384/366
f 1265/1382/365 1266/1384/366 1267/1385/367
f 1187/1386/331 1271/1387/368 1233/1388/351
f 1271/1387/368 1187/1386/331 1229/1389/349
f 1191/1390/333 1273/1391/369 1235/1392/352
f 1273/1391/369 1191/1390/333 1233/1393/351
f 1193/1394/334 1275/1395/370 1237/1396/353
f 1275/1395/370 1193/1394/334 1235/1397/352
f 1237/1398/353 1239/1399/354 1195/1400/335
f 1239/1399/354 1237/1398/353 1277/1401/371
f 1239/1402/354 1241/1403/355 1197/1404/336
f 1241/1403/355 1239/1402/354 1279/1405/372
f 1281/1406/373 1244/1407/356 1243/1408/356
f 1244/1407/356 1281/1406/373 1282/1409/374
f 1248/1410/357 1285/1411/375 1247/1412/357
f 1285/1411/375 1248/1410/357 1286/1413/375
f 1251/1414/358 1253/1415/359 1213/1416/342
f 1253/1415/359 1251/1414/358 1289/1417/376
f 1291/1418/377 1215/1419/343 1253/1420/359
f 1215/1419/343 1291/1418/377 1255/1421/360
f 1255/1421/360 1291/1418/377 1292/1422/378
f 1255/1366/360 1220/1423/345 1216/1367/344
f 1220/1423/345 1255/1366/360 1257/1424/361
f 1257/1424/361 1255/1366/360 1295/1425/379
f 1297/1426/380 1223/1427/346 1257/1428/361
f 1223/1427/346 1297/1426/380 1259/1429/362
f 1299/1430/381 1260/1431/363 1259/1432/362
f 1260/1431/363 1299/1430/381 1300/1433/382
f 1300/1434/382 1263/1435/364 1260/1436/363
f 1263/1435/364 1300/1434/382 1303/1437/383
f 1267/1438/367 1305/1439/384 1265/1440/365
f 1305/1439/384 1267/1438/367 1306/1441/385
f 1229/1442/349 1309/1443/386 1271/1444/368
f 1309/1443/386 1229/1442/349 1265/1445/365
f 1233/1446/351 1311/1447/387 1273/1448/369
f 1311/1447/387 1233/1446/351 1271/1449/368
f 1235/1450/352 1313/1451/388 1275/1452/370
f 1313/1451/388 1235/1450/352 1273/1453/369
f 1275/1454/370 1277/1455/371 1237/1456/353
f 1277/1455/371 1275/1454/370 1315/1457/389
f 1277/1458/371 1279/1459/372 1239/1460/354
f 1279/1459/372 1277/1458/371 1317/1461/390
f 1319/1462/391 1282/1463/374 1281/1464/373
f 1282/1463/374 1319/1462/391 1320/1465/392
f 1320/1465/392 1319/1462/391 1321/1466/393
f 1325/1467/394 1285/1468/375 1286/1469/375
f 1285/1468/375 1325/1467/394 1326/1470/394
f 1289/1471/376 1291/1472/377 1253/1473/359
f 1291/1472/377 1289/1471/376 1329/1474/395
f 1295/1475/379 1255/1421/360 1292/1422/378
f 1331/1476/396 1257/1477/361 1295/1478/379
f 1257/1477/361 1331/1476/396 1297/1479/380
f 1333/1480/397 1259/1481/362 1297/1482/380
f 1259/1481/362 1333/1480/397 1299/1483/381
f 1335/1484/398 1300/1485/382 1299/1486/381
f 1300/1485/382 1335/1484/398 1336/1487/399
f 1336/1488/399 1303/1489/383 1300/1490/382
f 1303/1489/383 1336/1488/399 1339/1491/400
f 1341/1492/401 1342/1441/385 1267/1438/367
f 1342/1441/385 1341/1492/401 1343/1493/402
f 1342/1441/385 1343/1493/402 1305/1439/384
f 1305/1439/384 1343/1493/402 1344/1494/403
f 1265/1495/365 1349/1496/404 1309/1497/386
f 1349/1496/404 1265/1495/365 1305/1498/384
f 1271/1499/368 1351/1500/405 1311/1501/387
f 1351/1500/405 1271/1499/368 1309/1502/386
f 1273/1503/369 1353/1504/406 1313/1505/388
f 1353/1504/406 1273/1503/369 1311/1506/387
f 1313/1507/388 1315/1508/389 1275/1509/370
f 1315/1508/389 1313/1507/388 1355/1510/407
f 1315/1511/389 1317/1512/390 1277/1513/371
f 1317/1512/390 1315/1511/389 1357/1514/408
f 1359/1515/409 1321/1516/393 1319/1517/391
f 1359/1518/409 1320/1519/392 1321/1520/393
f 1320/1519/392 1359/1518/409 1361/1521/410
f 1363/1522/411 1326/1523/394 1325/1524/394
f 1326/1523/394 1363/1522/411 1329/1525/395
f 1329/1526/395 1365/1527/412 1291/1528/377
f 1365/1527/412 1329/1526/395 1366/1529/413
f 1292/1530/378 1331/1531/396 1295/1532/379
f 1331/1531/396 1292/1530/378 1369/1533/414
f 1331/1531/396 1369/1533/414 1365/1534/412
f 1331/1531/396 1365/1534/412 1370/1535/415
f 1373/1536/416 1297/1537/380 1331/1538/396
f 1297/1537/380 1373/1536/416 1333/1539/397
f 1375/1540/417 1299/1541/381 1333/1542/397
f 1299/1541/381 1375/1540/417 1335/1543/398
f 1377/1544/418 1335/1545/398 1378/1546/419
f 1335/1545/398 1377/1544/418 1336/1547/399
f 1381/1548/420 1336/1549/399 1377/1550/418
f 1336/1549/399 1381/1548/420 1339/1551/400
f 1344/1552/403 1349/1496/404 1305/1498/384
f 1349/1496/404 1344/1552/403 1383/1553/421
f 1343/1554/402 1385/1555/422 1344/1556/403
f 1385/1555/422 1343/1554/402 1386/1557/423
f 1309/1558/386 1389/1559/424 1351/1560/405
f 1389/1559/424 1309/1558/386 1349/1561/404
f 1311/1562/387 1391/1563/425 1353/1564/406
f 1391/1563/425 1311/1562/387 1351/1565/405
f 1313/1566/388 1393/1567/426 1355/1568/407
f 1393/1567/426 1313/1566/388 1353/1569/406
f 1355/1570/407 1357/1571/408 1315/1572/389
f 1357/1571/408 1355/1570/407 1395/1573/427
f 1397/1574/428 1398/1575/429 1359/1576/409
f 1398/1575/429 1397/1574/428 1399/1577/428
f 1398/1578/429 1361/1579/410 1359/1580/409
f 1398/1581/429 1320/1582/392 1361/1583/410
f 1403/1584/430 1329/1585/395 1363/1586/411
f 1329/1585/395 1403/1584/430 1366/1587/413
f 1366/1587/413 1403/1584/430 1404/1588/431
f 1404/1588/431 1403/1584/430 1405/1589/431
f 1366/1529/413 1370/1590/415 1365/1527/412
f 1370/1590/415 1366/1529/413 1409/1591/432
f 1370/1592/415 1373/1593/416 1331/1594/396
f 1373/1593/416 1370/1592/415 1411/1595/433
f 1413/1596/434 1333/1597/397 1373/1598/416
f 1333/1597/397 1413/1596/434 1375/1599/417
f 1378/1600/419 1375/1601/417 1415/1602/435
f 1375/1601/417 1378/1600/419 1335/1603/398
f 1417/1604/436 1378/1605/419 1418/1606/437
f 1378/1605/419 1417/1604/436 1377/1607/418
f 1421/1608/438 1377/1609/418 1417/1610/436
f 1377/1609/418 1421/1608/438 1381/1611/420
f 1383/1612/421 1389/1559/424 1349/1561/404
f 1389/1559/424 1383/1612/421 1423/1613/439
f 1344/1614/403 1425/1615/440 1383/1616/421
f 1425/1615/440 1344/1614/403 1385/1617/422
f 1386/1618/423 1417/1610/436 1385/1619/422
f 1417/1610/436 1386/1618/423 1427/1608/438
f 1351/1620/405 1429/1621/441 1391/1622/425
f 1429/1621/441 1351/1620/405 1389/1623/424
f 1429/1621/441 1389/1623/424 1430/1624/442
f 1353/1625/406 1433/1626/443 1393/1627/426
f 1433/1626/443 1353/1625/406 1391/1628/425
f 1395/1629/427 1393/1630/426 1435/1631/444
f 1393/1630/426 1395/1629/427 1355/1632/407
f 1437/1633/445 1399/1634/428 1397/1635/428
f 1399/1634/428 1437/1633/445 1438/1636/445
f 1405/1637/431 1441/1638/446 1404/1639/431
f 1441/1638/446 1405/1637/431 1442/1640/446
f 1409/1641/432 1411/1642/433 1370/1643/415
f 1411/1642/433 1409/1641/432 1445/1644/447
f 1411/1645/433 1413/1646/434 1373/1647/416
f 1413/1646/434 1411/1645/433 1447/1648/448
f 1415/1649/435 1413/1650/434 1449/1651/449
f 1413/1650/434 1415/1649/435 1375/1652/417
f 1418/1653/437 1415/1654/435 1451/1655/450
f 1415/1654/435 1418/1653/437 1378/1656/419
f 1385/1657/422 1418/1606/437 1425/1658/440
f 1418/1606/437 1385/1657/422 1417/1604/436
f 1383/1659/421 1453/1660/451 1423/1661/439
f 1453/1660/451 1383/1659/421 1425/1662/440
f 1455/1663/452 1429/1664/441 1430/1665/442
f 1391/1666/425 1457/1667/453 1433/1668/443
f 1457/1667/453 1391/1666/425 1429/1669/441
f 1435/1670/444 1433/1671/443 1459/1672/454
f 1433/1671/443 1435/1670/444 1393/1673/426
f 1438/1674/445 1461/1675/455 1462/1676/455
f 1461/1675/455 1438/1674/445 1437/1677/445
f 1465/1678/456 1441/1679/446 1466/1680/456
f 1467/1681/456 1441/1679/446 1442/1682/446
f 1441/1679/446 1467/1681/456 1466/1680/456
f 1445/1683/447 1447/1684/448 1411/1685/433
f 1447/1684/448 1445/1683/447 1471/1686/457
f 1473/1687/458 1413/1688/434 1447/1689/448
f 1413/1688/434 1473/1687/458 1449/1690/449
f 1451/1691/450 1449/1692/449 1475/1693/459
f 1449/1692/449 1451/1691/450 1415/1694/435
f 1425/1695/440 1451/1655/450 1453/1696/451
f 1451/1655/450 1425/1695/440 1418/1653/437
f 1423/1697/439 1455/1663/452 1430/1665/442
f 1455/1663/452 1423/1697/439 1477/1698/460
f 1477/1698/460 1423/1697/439 1453/1699/451
f 1457/1700/453 1479/1701/461 1480/1702/462
f 1479/1701/461 1457/1700/453 1455/1703/452
f 1455/1703/452 1457/1700/453 1429/1704/441
f 1459/1705/454 1457/1706/453 1483/1707/463
f 1457/1706/453 1459/1705/454 1433/1708/443
f 1485/1709/464 1461/1710/455 1486/1711/464
f 1461/1710/455 1485/1709/464 1462/1712/455
f 1467/1713/456 1465/1714/456 1466/1715/456
f 1465/1714/456 1467/1713/456 1489/1716/465
f 1465/1714/456 1489/1716/465 1490/1717/465
f 1493/1718/466 1447/1719/448 1471/1720/457
f 1447/1719/448 1493/1718/466 1473/1721/458
f 1495/1722/467 1449/1723/449 1473/1724/458
f 1449/1723/449 1495/1722/467 1475/1725/459
f 1453/1726/451 1475/1693/459 1477/1727/460
f 1475/1693/459 1453/1726/451 1451/1691/450
f 1480/1702/462 1477/1728/460 1497/1729/468
f 1477/1728/460 1480/1702/462 1498/1701/461
f 1477/1728/460 1498/1701/461 1455/1703/452
f 1483/1730/463 1480/1731/462 1501/1732/469
f 1480/1731/462 1483/1730/463 1457/1733/453
f 1503/1734/470 1486/1735/464 1483/1736/463
f 1486/1735/464 1503/1734/470 1485/1737/464
f 1489/1738/465 1505/1739/471 1490/1740/465
f 1505/1739/471 1489/1738/465 1506/1741/472
f 1505/1742/471 1473/1743/458 1493/1744/466
f 1473/1743/458 1505/1742/471 1495/1745/467
f 1497/1746/468 1475/1725/459 1495/1722/467
f 1475/1725/459 1497/1746/468 1477/1747/460
f 1501/1732/469 1497/1748/468 1509/1749/473
f 1497/1748/468 1501/1732/469 1480/1731/462
f 1503/1750/470 1511/1751/474 1512/1752/474
f 1511/1751/474 1503/1750/470 1501/1753/469
f 1501/1753/469 1503/1750/470 1483/1754/463
f 1515/1755/475 1505/1739/471 1516/1741/472
f 1505/1739/471 1515/1755/475 1509/1756/473
f 1509/1757/473 1495/1745/467 1505/1742/471
f 1495/1745/467 1509/1757/473 1497/1758/468
f 1519/1752/474 1509/1759/473 1515/1760/475
f 1509/1759/473 1519/1752/474 1520/1751/474
f 1509/1759/473 1520/1751/474 1501/1753/469
usemtl material_1_0
f 5//476 6//477 7//478
f 8//479 7//478 6//477
f 12//480 13//481 5//476
f 13//481 14//482 5//476
f 6//477 5//476 14//482
f 17//483 12//480 18//478
f 5//476 18//478 12//480
f 69//484 70//484 71//484
f 71//484 70//484 72//484
f 72//484 70//484 73//484
f 70//484 74//484 73//484
f 73//484 74//484 75//484
f 74//484 76//484 75//484
f 75//484 76//484 77//484
f 76//484 78//484 77//484
f 78//484 79//484 77//484
f 77//484 79//484 80//484
f 79//484 81//484 80//484
f 81//484 82//484 80//484
f 82//484 83//484 80//484
f 83//484 84//484 80//484
f 85//484 80//484 84//484
f 85//484 84//484 86//484
f 84//484 87//484 86//484
f 86//484 87//484 88//484
f 88//484 87//484 89//484
f 87//484 90//484 89//484
f 91//484 89//484 90//484
f 92//484 93//484 94//484
f 95//484 96//484 93//484
f 96//484 97//484 93//484
f 97//484 98//484 93//484
f 98//484 99//484 93//484
f 99//484 100//484 93//484
f 100//484 101//484 93//484
f 102//484 103//484 104//484
f 103//484 105//484 104//484
f 104//484 105//484 106//484
f 106//484 105//484 107//484
f 107//484 105//484 108//484
f 105//484 109//484 108//484
f 108//484 109//484 101//484
f 101//484 109//484 93//484
f 93//484 109//484 94//484
f 110//484 94//484 109//484
f 94//484 111//484 92//484
f 112//484 92//484 111//484
f 89//484 113//484 88//484
f 113//484 114//484 88//484
f 88//484 114//484 115//484
f 114//484 116//484 115//484
f 115//484 116//484 117//484
f 116//484 118//484 117//484
f 117//484 118//484 102//484
f 103//484 102//484 118//484
f 6//477 121//485 8//479
f 122//486 8//479 121//485
f 14//482 124//487 6//477
f 121//485 6//477 124//487
f 128//488 129//489 13//481
f 129//489 130//490 13//481
f 14//482 13//481 130//490
f 134//491 135//492 136//493
f 135//492 13//481 136//493
f 12//480 136//493 13//481
f 136//493 12//480 138//494
f 17//483 138//494 12//480
f 312//484 313//484 314//484
f 313//484 315//484 314//484
f 314//484 315//484 316//484
f 316//484 315//484 317//484
f 315//484 318//484 317//484
f 317//484 318//484 319//484
f 319//484 318//484 320//484
f 318//484 321//484 320//484
f 320//484 321//484 322//484
f 321//484 323//484 322//484
f 322//484 323//484 324//484
f 324//484 323//484 325//484
f 325//484 323//484 326//484
f 326//484 323//484 327//484
f 323//484 328//484 327//484
f 328//484 329//484 327//484
f 329//484 330//484 327//484
f 330//484 331//484 327//484
f 332//484 327//484 331//484
f 331//484 330//484 333//484
f 330//484 334//484 333//484
f 333//484 334//484 335//484
f 335//484 334//484 336//484
f 334//484 337//484 336//484
f 337//484 338//484 336//484
f 339//484 336//484 338//484
f 340//484 341//484 342//484
f 343//484 344//484 345//484
f 346//484 347//484 348//484
f 347//484 349//484 348//484
f 349//484 350//484 348//484
f 350//484 351//484 348//484
f 351//484 352//484 348//484
f 352//484 353//484 348//484
f 353//484 354//484 348//484
f 354//484 355//484 348//484
f 355//484 356//484 348//484
f 356//484 357//484 348//484
f 357//484 358//484 348//484
f 358//484 359//484 348//484
f 360//484 361//484 359//484
f 361//484 340//484 359//484
f 348//484 359//484 340//484
f 362//484 363//484 364//484
f 364//484 363//484 348//484
f 348//484 363//484 346//484
f 346//484 363//484 343//484
f 344//484 343//484 365//484
f 365//484 343//484 366//484
f 366//484 343//484 367//484
f 367//484 343//484 368//484
f 368//484 343//484 369//484
f 369//484 343//484 370//484
f 370//484 343//484 371//484
f 372//484 373//484 374//484
f 374//484 373//484 375//484
f 375//484 373//484 376//484
f 376//484 373//484 377//484
f 377//484 373//484 378//484
f 378//484 373//484 379//484
f 379//484 373//484 380//495
f 363//484 381//496 343//484
f 343//484 381//496 371//484
f 371//484 381//496 373//484
f 380//495 373//484 381//496
f 382//484 383//484 361//484
f 361//484 383//484 340//484
f 340//484 383//484 341//484
f 341//484 383//484 384//484
f 384//484 383//484 385//484
f 385//484 383//484 386//484
f 386//484 383//484 387//484
f 387//484 383//484 388//484
f 388//484 383//484 389//484
f 389//484 383//484 390//484
f 390//484 383//484 391//484
f 391//484 383//484 392//484
f 393//484 392//484 383//484
f 389//484 394//484 388//484
f 388//484 394//484 395//484
f 395//484 394//484 396//484
f 394//484 397//484 396//484
f 397//484 398//484 396//484
f 396//484 398//484 399//484
f 399//484 398//484 400//484
f 398//484 401//484 400//484
f 401//484 402//484 400//484
f 400//484 402//484 403//484
f 403//484 402//484 404//484
f 402//484 405//484 404//484
f 405//484 406//484 404//484
f 404//484 406//484 407//484
f 406//484 408//484 407//484
f 407//484 408//484 409//484
f 408//484 410//484 409//484
f 410//484 411//484 409//484
f 409//484 411//484 412//484
f 412//484 411//484 413//484
f 411//484 414//484 413//484
f 413//484 414//484 415//484
f 414//484 416//484 415//484
f 415//484 416//484 417//484
f 373//484 417//484 416//484
f 387//484 388//484 418//484
f 388//484 419//484 418//484
f 418//484 419//484 420//484
f 419//484 421//484 420//484
f 421//484 422//484 420//484
f 420//484 422//484 423//484
f 423//484 422//484 424//484
f 422//484 425//484 424//484
f 425//484 426//484 424//484
f 424//484 426//484 427//484
f 427//484 426//484 428//484
f 426//484 429//484 428//484
f 428//484 429//484 430//484
f 429//484 431//484 430//484
f 430//484 431//484 432//484
f 431//484 433//484 432//484
f 433//484 434//484 432//484
f 434//484 435//484 432//484
f 432//484 435//484 436//484
f 436//484 435//484 437//484
f 435//484 438//484 437//484
f 437//484 438//484 439//484
f 438//484 440//484 439//484
f 439//484 440//484 441//484
f 417//484 441//484 440//484
f 386//484 387//484 442//484
f 387//484 443//484 442//484
f 442//484 443//484 444//484
f 443//484 445//484 444//484
f 445//484 446//484 444//484
f 444//484 446//484 447//484
f 446//484 448//484 447//484
f 447//484 448//484 449//484
f 449//484 448//484 450//484
f 448//484 451//484 450//484
f 450//484 451//484 452//484
f 451//484 453//484 452//484
f 452//484 453//484 454//484
f 453//484 455//484 454//484
f 454//484 455//484 456//484
f 455//484 457//484 456//484
f 457//484 458//484 456//484
f 458//484 459//484 456//484
f 456//484 459//484 460//484
f 460//484 459//484 461//484
f 459//484 462//484 461//484
f 462//484 463//484 461//484
f 461//484 463//484 464//484
f 463//484 441//484 464//484
f 417//484 373//484 441//484
f 373//484 372//484 441//484
f 464//484 441//484 372//484
f 386//484 465//484 385//484
f 465//484 466//484 385//484
f 385//484 466//484 467//484
f 466//484 468//484 467//484
f 468//484 469//484 467//484
f 467//484 469//484 470//484
f 469//484 471//484 470//484
f 470//484 471//484 472//484
f 471//484 473//484 472//484
f 472//484 473//484 474//484
f 473//484 475//484 474//484
f 474//484 475//484 476//484
f 475//484 477//484 476//484
f 477//484 478//484 476//484
f 476//484 478//484 479//484
f 478//484 480//484 479//484
f 479//484 480//484 481//484
f 481//484 480//484 338//484
f 338//484 480//484 339//484
f 480//484 482//484 339//484
f 339//484 482//484 483//484
f 482//484 484//484 483//484
f 484//484 372//484 483//484
f 374//484 483//484 372//484
f 490//497 491//498 492//499
f 491//498 493//498 492//499
f 494//500 492//499 493//498
f 492//499 494//500 497//501
f 498//502 497//501 494//500
f 501//503 497//501 502//504
f 498//502 502//504 497//501
f 505//505 501//503 506//506
f 502//504 506//506 501//503
f 509//507 505//505 510//508
f 506//506 510//508 505//505
f 513//509 509//507 514//510
f 510//508 514//510 509//507
f 517//511 513//509 518//512
f 514//510 518//512 513//509
f 521//513 517//511 522//514
f 518//512 522//514 517//511
f 121//485 521//513 122//486
f 522//514 122//486 521//513
f 124//487 524//515 121//485
f 521//513 121//485 524//515
f 526//516 124//487 130//490
f 14//482 130//490 124//487
f 530//517 531//518 129//489
f 531//518 532//519 129//489
f 130//490 129//489 532//519
f 134//491 534//520 135//492
f 534//520 530//517 135//492
f 530//517 128//488 135//492
f 13//481 135//492 128//488
f 537//521 134//491 538//522
f 136//493 538//522 134//491
f 538//522 136//493 540//523
f 138//494 540//523 136//493
f 545//524 546//525 547//526
f 548//527 547//526 546//525
f 547//526 548//527 551//528
f 552//529 551//528 548//527
f 551//528 552//529 555//530
f 556//531 555//530 552//529
f 555//530 556//531 559//532
f 560//533 559//532 556//531
f 559//532 560//533 563//534
f 564//535 563//534 560//533
f 563//534 564//535 567//536
f 568//537 567//536 564//535
f 567//536 568//537 490//497
f 570//498 490//497 568//537
f 380//495 381//496 584//538
f 584//538 381//496 585//538
f 585//538 381//496 586//538
f 586//538 381//496 587//538
f 587//538 381//496 588//538
f 588//538 381//496 589//538
f 589//538 381//496 590//538
f 590//538 381//496 591//538
f 591//538 381//496 592//538
f 592//538 381//496 593//538
f 593//538 381//496 594//538
f 594//538 381//496 595//538
f 596//538 595//538 381//496
f 599//539 490//497 600//540
f 492//499 600//540 490//497
f 600//540 492//499 602//541
f 497//501 602//541 492//499
f 604//542 602//541 501//503
f 497//501 501//503 602//541
f 606//543 604//542 505//505
f 501//503 505//505 604//542
f 608//544 606//543 509//507
f 505//505 509//507 606//543
f 610//545 608//544 513//509
f 509//507 513//509 608//544
f 612//546 610//545 517//511
f 513//509 517//511 610//545
f 524//515 612//546 521//513
f 517//511 521//513 612//546
f 614//547 524//515 526//516
f 124//487 526//516 524//515
f 616//548 526//516 532//519
f 130//490 532//519 526//516
f 619//549 620//550 531//518
f 532//519 531//518 620//550
f 622//551 531//518 534//520
f 530//517 534//520 531//518
f 624//552 534//520 537//521
f 134//491 537//521 534//520
f 627//553 537//521 628//554
f 538//522 628//554 537//521
f 628//554 538//522 630//555
f 540//523 630//555 538//522
f 633//556 634//557 545//524
f 546//525 545//524 634//557
f 637//558 545//524 638//559
f 547//526 638//559 545//524
f 638//559 547//526 640//560
f 551//528 640//560 547//526
f 640//560 551//528 642//561
f 555//530 642//561 551//528
f 642//561 555//530 644//562
f 559//532 644//562 555//530
f 644//562 559//532 646//563
f 563//534 646//563 559//532
f 646//563 563//534 648//564
f 567//536 648//564 563//534
f 648//564 567//536 599//539
f 490//497 599//539 567//536
f 599//539 600//540 651//565
f 652//566 651//565 600//540
f 600//540 602//541 652//566
f 654//567 652//566 602//541
f 654//567 602//541 656//568
f 604//542 656//568 602//541
f 656//568 604//542 658//569
f 606//543 658//569 604//542
f 658//569 606//543 660//570
f 608//544 660//570 606//543
f 660//570 608//544 662//571
f 610//545 662//571 608//544
f 662//571 610//545 664//572
f 612//546 664//572 610//545
f 664//572 612//546 614//547
f 524//515 614//547 612//546
f 666//573 614//547 616//548
f 526//516 616//548 614//547
f 620//550 668//574 532//519
f 616//548 532//519 668//574
f 671//575 672//576 619//549
f 620//550 619//549 672//576
f 674//577 619//549 622//551
f 531//518 622//551 619//549
f 676//578 622//551 624//552
f 534//520 624//552 622//551
f 627//553 678//579 537//521
f 624//552 537//521 678//579
f 681//580 682//581 628//554
f 627//553 628//554 682//581
f 681//580 628//554 684//582
f 630//555 684//582 628//554
f 687//583 688//584 633//556
f 634//557 633//556 688//584
f 690//585 633//556 637//558
f 545//524 637//558 633//556
f 637//558 638//559 693//586
f 694//587 693//586 638//559
f 638//559 640//560 694//587
f 696//588 694//587 640//560
f 640//560 642//561 696//588
f 698//589 696//588 642//561
f 642//561 644//562 698//589
f 700//590 698//589 644//562
f 644//562 646//563 700//590
f 702//591 700//590 646//563
f 646//563 648//564 702//591
f 704//592 702//591 648//564
f 648//564 599//539 704//592
f 651//565 704//592 599//539
f 651//565 652//566 707//593
f 708//594 707//593 652//566
f 708//594 652//566 710//595
f 654//567 710//595 652//566
f 710//595 654//567 712//596
f 656//568 712//596 654//567
f 712//596 656//568 714//597
f 658//569 714//597 656//568
f 714//597 658//569 716//598
f 660//570 716//598 658//569
f 716//598 660//570 718//599
f 662//571 718//599 660//570
f 718//599 662//571 720//600
f 664//572 720//600 662//571
f 720//600 664//572 666//573
f 614//547 666//573 664//572
f 722//601 666//573 668//574
f 616//548 668//574 666//573
f 672//576 724//602 620//550
f 668//574 620//550 724//602
f 731//603 732//604 733//605
f 732//604 734//606 733//605
f 734//606 735//607 733//605
f 736//608 733//605 735//607
f 738//609 671//575 674//577
f 619//549 674//577 671//575
f 740//610 674//577 676//578
f 622//551 676//578 674//577
f 742//611 676//578 678//579
f 624//552 678//579 676//578
f 682//581 744//612 627//553
f 678//579 627//553 744//612
f 747//613 748//614 681//580
f 682//581 681//580 748//614
f 750//615 747//613 684//582
f 681//580 684//582 747//613
f 753//616 754//617 687//583
f 688//584 687//583 754//617
f 756//618 687//583 690//585
f 633//556 690//585 687//583
f 758//619 690//585 693//586
f 637//558 693//586 690//585
f 693//586 694//587 761//620
f 762//621 761//620 694//587
f 694//587 696//588 762//621
f 764//622 762//621 696//588
f 696//588 698//589 764//622
f 766//623 764//622 698//589
f 698//589 700//590 766//623
f 768//624 766//623 700//590
f 700//590 702//591 768//624
f 770//625 768//624 702//591
f 702//591 704//592 770//625
f 772//626 770//625 704//592
f 704//592 651//565 772//626
f 707//593 772//626 651//565
f 707//593 708//594 775//627
f 776//628 775//627 708//594
f 776//628 708//594 778//629
f 710//595 778//629 708//594
f 778//629 710//595 780//630
f 712//596 780//630 710//595
f 780//630 712//596 782//631
f 714//597 782//631 712//596
f 782//631 714//597 784//632
f 716//598 784//632 714//597
f 784//632 716//598 786//633
f 718//599 786//633 716//598
f 786//633 718//599 788//634
f 720//600 788//634 718//599
f 788//634 720//600 722//601
f 666//573 722//601 720//600
f 724//602 790//635 668//574
f 722//601 668//574 790//635
f 735//607 793//428 736//608
f 794//428 736//608 793//428
f 797//636 798//637 731//603
f 732//604 731//603 798//637
f 731//603 733//605 800//638
f 735//607 734//606 802//637
f 804//639 738//609 740//610
f 674//577 740//610 738//609
f 806//640 740//610 742//611
f 676//578 742//611 740//610
f 808//641 742//611 744//612
f 678//579 744//612 742//611
f 748//614 810//642 682//581
f 744//612 682//581 810//642
f 813//643 814//644 747//613
f 748//614 747//613 814//644
f 816//645 813//643 750//615
f 747//613 750//615 813//643
f 819//646 820//647 753//616
f 754//617 753//616 820//647
f 822//648 753//616 756//618
f 687//583 756//618 753//616
f 824//649 756//618 758//619
f 690//585 758//619 756//618
f 826//650 758//619 761//620
f 693//586 761//620 758//619
f 829//651 761//620 830//652
f 762//621 830//652 761//620
f 762//621 764//622 830//652
f 832//653 830//652 764//622
f 764//622 766//623 832//653
f 834//654 832//653 766//623
f 766//623 768//624 834//654
f 836//655 834//654 768//624
f 768//624 770//625 836//655
f 838//656 836//655 770//625
f 770//625 772//626 838//656
f 840//657 838//656 772//626
f 772//626 707//593 840//657
f 775//627 840//657 707//593
f 775//627 776//628 843//658
f 844//659 843//658 776//628
f 776//628 778//629 844//659
f 846//660 844//659 778//629
f 846//660 778//629 848//661
f 780//630 848//661 778//629
f 848//661 780//630 850//662
f 782//631 850//662 780//630
f 850//662 782//631 852//663
f 784//632 852//663 782//631
f 852//663 784//632 854//664
f 786//633 854//664 784//632
f 854//664 786//633 856//665
f 788//634 856//665 786//633
f 856//665 788//634 790//635
f 722//601 790//635 788//634
f 793//428 859//445 794//428
f 860//445 794//428 859//445
f 797//636 731//603 800//638
f 864//356 865//666 866//356
f 800//638 866//356 865//666
f 868//667 804//639 806//640
f 740//610 806//640 804//639
f 870//668 806//640 808//641
f 742//611 808//641 806//640
f 872//669 808//641 810//642
f 744//612 810//642 808//641
f 814//644 874//670 748//614
f 810//642 748//614 874//670
f 877//671 878//672 813//643
f 814//644 813//643 878//672
f 880//673 877//671 816//645
f 813//643 816//645 877//671
f 883//674 884//675 819//646
f 820//647 819//646 884//675
f 886//676 819//646 822//648
f 753//616 822//648 819//646
f 888//677 822//648 824//649
f 756//618 824//649 822//648
f 890//678 824//649 826//650
f 758//619 826//650 824//649
f 892//679 826//650 829//651
f 761//620 829//651 826//650
f 895//680 829//651 896//681
f 830//652 896//681 829//651
f 896//681 830//652 898//682
f 832//653 898//682 830//652
f 832//653 834//654 898//682
f 900//683 898//682 834//654
f 834//654 836//655 900//683
f 902//684 900//683 836//655
f 836//655 838//656 902//684
f 904//685 902//684 838//656
f 838//656 840//657 904//685
f 906//686 904//685 840//657
f 840//657 775//627 906//686
f 908//658 906//686 775//627
f 913//687 914//446 915//687
f 916//446 915//687 914//446
f 916//446 914//446 920//456
f 920//456 914//446 921//456
f 922//456 921//456 914//446
f 921//456 922//456 920//456
f 920//456 922//456 925//465
f 926//465 925//465 922//456
f 926//465 929//475 925//465
f 930//475 925//465 929//475
f 930//475 929//475 933//470
f 934//470 933//470 929//475
f 933//470 934//470 937//464
f 938//464 937//464 934//470
f 937//464 938//464 941//455
f 942//455 941//455 938//464
f 942//455 860//445 941//455
f 859//445 941//455 860//445
f 797//636 800//638 865//666
f 945//338 864//356 946//338
f 866//356 946//338 864//356
f 948//688 868//667 870//668
f 806//640 870//668 868//667
f 950//689 870//668 872//669
f 808//641 872//669 870//668
f 952//690 872//669 874//670
f 810//642 874//670 872//669
f 878//672 954//691 814//644
f 874//670 814//644 954//691
f 957//692 958//693 877//671
f 878//672 877//671 958//693
f 960//694 957//692 880//673
f 877//671 880//673 957//692
f 963//695 884//675 964//696
f 883//674 964//696 884//675
f 883//674 819//646 966//697
f 886//676 966//697 819//646
f 886//676 822//648 968//698
f 888//677 968//698 822//648
f 970//699 888//677 890//678
f 824//649 890//678 888//677
f 972//700 890//678 892//679
f 826//650 892//679 890//678
f 974//701 892//679 895//680
f 829//651 895//680 892//679
f 979//702 980//703 981//340
f 982//340 981//340 980//703
f 981//340 982//340 985//357
f 986//357 985//357 982//340
f 986//357 989//375 985//357
f 990//375 985//357 989//375
f 990//375 989//375 993//394
f 994//394 993//394 989//375
f 994//394 997//411 993//394
f 998//411 993//394 997//411
f 998//411 997//411 1001//431
f 1002//431 1001//431 997//411
f 1001//431 1002//431 1005//687
f 1006//687 1005//687 1002//431
f 1009//319 945//338 1010//319
f 946//338 1010//319 945//338
f 1012//704 948//688 950//689
f 870//668 950//689 948//688
f 1014//705 950//689 952//690
f 872//669 952//690 950//689
f 1016//706 952//690 954//691
f 874//670 954//691 952//690
f 958//693 1018//707 878//672
f 954//691 878//672 1018//707
f 1021//708 1022//709 957//692
f 958//693 957//692 1022//709
f 1025//710 1021//708 1026//711
f 1026//711 1021//708 960//694
f 957//692 960//694 1021//708
f 1029//712 963//695 1030//713
f 964//696 1030//713 963//695
f 964//696 883//674 1032//714
f 966//697 1032//714 883//674
f 966//697 886//676 1034//715
f 968//698 1034//715 886//676
f 1036//716 968//698 970//699
f 888//677 970//699 968//698
f 1038//717 970//699 972//700
f 890//678 972//700 970//699
f 1040//718 972//700 974//701
f 892//679 974//701 972//700
f 1043//719 1044//720 979//702
f 980//703 979//702 1044//720
f 1047//301 1009//319 1048//301
f 1010//319 1048//301 1009//319
f 1050//721 1012//704 1014//705
f 950//689 1014//705 1012//704
f 1052//722 1014//705 1016//706
f 952//690 1016//706 1014//705
f 1018//707 1054//723 954//691
f 1016//706 954//691 1054//723
f 1022//709 1056//724 958//693
f 1018//707 958//693 1056//724
f 1059//725 1060//726 1021//708
f 1022//709 1021//708 1060//726
f 1064//727 1059//725 1065//728
f 1065//728 1059//725 1066//729
f 1066//729 1059//725 1025//710
f 1021//708 1025//710 1059//725
f 1069//730 1029//712 1070//731
f 1030//713 1070//731 1029//712
f 1030//713 964//696 1072//732
f 1032//714 1072//732 964//696
f 1032//714 966//697 1074//733
f 1034//715 1074//733 966//697
f 1076//734 1034//715 1036//716
f 968//698 1036//716 1034//715
f 1078//735 1036//716 1038//717
f 970//699 1038//717 1036//716
f 1080//736 1038//717 1040//718
f 972//700 1040//718 1038//717
f 1044//720 1043//719 1082//737
f 1043//719 979//702 1084//738
f 1087//739 1047//301 1088//740
f 1048//301 1088//740 1047//301
f 1090//741 1050//721 1052//722
f 1014//705 1052//722 1050//721
f 1092//742 1052//722 1054//723
f 1016//706 1054//723 1052//722
f 1056//724 1094//743 1018//707
f 1054//723 1018//707 1094//743
f 1060//726 1096//744 1022//709
f 1056//724 1022//709 1096//744
f 1100//745 1101//746 1102//747
f 1102//747 1101//746 1059//725
f 1060//726 1059//725 1101//746
f 1104//748 1102//747 1064//727
f 1059//725 1064//727 1102//747
f 1064//727 1065//728 1106//749
f 1109//750 1069//730 1110//751
f 1070//731 1110//751 1069//730
f 1070//731 1030//713 1112//752
f 1072//732 1112//752 1030//713
f 1072//732 1032//714 1114//753
f 1074//733 1114//753 1032//714
f 1116//754 1074//733 1076//734
f 1034//715 1076//734 1074//733
f 1118//755 1076//734 1078//735
f 1036//716 1078//735 1076//734
f 1120//756 1078//735 1080//736
f 1038//717 1080//736 1078//735
f 1124//264 1125//264 1126//757
f 1082//737 1126//757 1125//264
f 1043//719 1084//738 1082//737
f 1130//758 1131//759 1132//760
f 1131//759 1087//739 1132//760
f 1088//740 1132//760 1087//739
f 1134//761 1090//741 1092//742
f 1052//722 1092//742 1090//741
f 1136//762 1092//742 1094//743
f 1054//723 1094//743 1092//742
f 1096//744 1138//763 1056//724
f 1094//743 1056//724 1138//763
f 1101//746 1140//764 1060//726
f 1096//744 1060//726 1140//764
f 1100//745 1102//747 1142//765
f 1142//765 1102//747 1145//766
f 1102//747 1146//748 1145//766
f 1145//766 1146//748 1106//749
f 1064//727 1106//749 1146//748
f 1149//767 1109//750 1150//768
f 1110//751 1150//768 1109//750
f 1110//751 1070//731 1152//769
f 1112//752 1152//769 1070//731
f 1112//752 1072//732 1154//770
f 1114//753 1154//770 1072//732
f 1156//771 1114//753 1116//754
f 1074//733 1116//754 1114//753
f 1158//772 1116//754 1118//755
f 1076//734 1118//755 1116//754
f 1160//773 1118//755 1120//756
f 1078//735 1120//756 1118//755
f 1163//246 1164//246 1124//264
f 1125//264 1124//264 1164//246
f 1082//737 1084//738 1126//757
f 1167//774 1131//759 1168//775
f 1130//758 1168//775 1131//759
f 1130//758 1132//760 1168//775
f 1170//776 1134//761 1136//762
f 1092//742 1136//762 1134//761
f 1172//777 1136//762 1138//763
f 1094//743 1138//763 1136//762
f 1140//764 1174//778 1096//744
f 1138//763 1096//744 1174//778
f 1178//779 1179//780 1180//781
f 1180//781 1179//780 1101//746
f 1140//764 1101//746 1179//780
f 1183//782 1180//781 1184//783
f 1184//783 1180//781 1142//765
f 1100//745 1142//765 1180//781
f 1186//784 1184//783 1145//766
f 1142//765 1145//766 1184//783
f 1189//785 1149//767 1190//786
f 1150//768 1190//786 1149//767
f 1150//768 1110//751 1192//787
f 1152//769 1192//787 1110//751
f 1152//769 1112//752 1194//788
f 1154//770 1194//788 1112//752
f 1196//789 1154//770 1156//771
f 1114//753 1156//771 1154//770
f 1198//790 1156//771 1158//772
f 1116//754 1158//772 1156//771
f 1200//791 1158//772 1160//773
f 1118//755 1160//773 1158//772
f 1203//223 1204//223 1163//246
f 1164//246 1163//246 1204//223
f 1131//759 1167//774 1206//792
f 1167//774 1168//775 1206//792
f 1209//239 1206//792 1210//239
f 1168//775 1210//239 1206//792
f 1212//793 1170//776 1172//777
f 1136//762 1172//777 1170//776
f 1174//778 1214//794 1138//763
f 1172//777 1138//763 1214//794
f 1217//795 1218//796 1179//780
f 1179//780 1218//796 1140//764
f 1174//778 1140//764 1218//796
f 1221//797 1179//780 1183//782
f 1179//780 1222//779 1183//782
f 1180//781 1183//782 1222//779
f 1225//798 1226//799 1184//783
f 1183//782 1184//783 1226//799
f 1228//800 1225//798 1186//784
f 1184//783 1186//784 1225//798
f 1231//801 1189//785 1232//802
f 1190//786 1232//802 1189//785
f 1190//786 1150//768 1234//803
f 1192//787 1234//803 1150//768
f 1192//787 1152//769 1236//804
f 1194//788 1236//804 1152//769
f 1194//788 1154//770 1238//805
f 1196//789 1238//805 1154//770
f 1240//806 1196//789 1198//790
f 1156//771 1198//790 1196//789
f 1242//807 1198//790 1200//791
f 1158//772 1200//791 1198//790
f 1245//194 1246//194 1203//223
f 1204//223 1203//223 1246//194
f 1249//241 1209//239 1250//241
f 1210//239 1250//241 1209//239
f 1252//808 1212//793 1214//794
f 1172//777 1214//794 1212//793
f 1218//796 1254//809 1174//778
f 1214//794 1174//778 1254//809
f 1218//796 1217//795 1256//810
f 1226//799 1258//811 1183//782
f 1221//797 1183//782 1258//811
f 1261//812 1262//813 1225//798
f 1226//799 1225//798 1262//813
f 1264//814 1261//812 1228//800
f 1225//798 1228//800 1261//812
f 1268//815 1269//816 1270//817
f 1269//816 1231//801 1270//817
f 1232//802 1270//817 1231//801
f 1232//802 1190//786 1272//818
f 1234//803 1272//818 1190//786
f 1234//803 1192//787 1274//819
f 1236//804 1274//819 1192//787
f 1236//804 1194//788 1276//820
f 1238//805 1276//820 1194//788
f 1278//821 1238//805 1240//806
f 1196//789 1240//806 1238//805
f 1280//822 1240//806 1242//807
f 1198//790 1242//807 1240//806
f 1283//823 1284//824 1245//194
f 1246//194 1245//194 1284//824
f 1287//242 1249//241 1288//242
f 1250//241 1288//242 1249//241
f 1290//825 1252//808 1254//809
f 1214//794 1254//809 1252//808
f 1293//826 1294//827 1256//810
f 1256//810 1294//827 1218//796
f 1254//809 1218//796 1294//827
f 1296//828 1256//810 1258//811
f 1258//811 1256//810 1221//797
f 1217//795 1221//797 1256//810
f 1262//813 1298//829 1226//799
f 1258//811 1226//799 1298//829
f 1301//830 1302//831 1261//812
f 1262//813 1261//812 1302//831
f 1304//832 1301//830 1264//814
f 1261//812 1264//814 1301//830
f 1307//833 1268//815 1308//834
f 1270//817 1308//834 1268//815
f 1270//817 1232//802 1310//835
f 1272//818 1310//835 1232//802
f 1272//818 1234//803 1312//836
f 1274//819 1312//836 1234//803
f 1274//819 1236//804 1314//837
f 1276//820 1314//837 1236//804
f 1316//838 1276//820 1278//821
f 1238//805 1278//821 1276//820
f 1318//839 1278//821 1280//822
f 1240//806 1280//822 1278//821
f 1322//840 1323//841 1324//842
f 1324//842 1323//841 1283//823
f 1284//824 1283//823 1323//841
f 1327//243 1328//243 1288//242
f 1287//242 1288//242 1328//243
f 1330//843 1290//825 1294//827
f 1254//809 1294//827 1290//825
f 1293//826 1256//810 1296//828
f 1298//829 1332//844 1258//811
f 1296//828 1258//811 1332//844
f 1302//831 1334//845 1262//813
f 1298//829 1262//813 1334//845
f 1337//846 1338//847 1301//830
f 1302//831 1301//830 1338//847
f 1340//848 1337//846 1304//832
f 1301//830 1304//832 1337//846
f 1345//849 1346//850 1308//834
f 1308//834 1346//850 1347//833
f 1346//850 1348//851 1347//833
f 1268//815 1347//833 1348//851
f 1308//834 1270//817 1350//852
f 1310//835 1350//852 1270//817
f 1310//835 1272//818 1352//853
f 1312//836 1352//853 1272//818
f 1312//836 1274//819 1354//854
f 1314//837 1354//854 1274//819
f 1356//855 1314//837 1316//838
f 1276//820 1316//838 1314//837
f 1358//856 1316//838 1318//839
f 1278//821 1318//839 1316//838
f 1323//841 1322//840 1360//857
f 1362//858 1360//857 1324//842
f 1322//840 1324//842 1360//857
f 1330//843 1364//244 1327//243
f 1328//243 1327//243 1364//244
f 1367//859 1330//843 1368//860
f 1294//827 1368//860 1330//843
f 1371//861 1368//860 1332//844
f 1368//860 1372//862 1332//844
f 1372//862 1293//826 1332//844
f 1296//828 1332//844 1293//826
f 1334//845 1374//863 1298//829
f 1332//844 1298//829 1374//863
f 1338//847 1376//864 1302//831
f 1334//845 1302//831 1376//864
f 1337//846 1379//865 1338//847
f 1380//866 1338//847 1379//865
f 1340//848 1382//867 1337//846
f 1379//865 1337//846 1382//867
f 1384//868 1345//849 1350//852
f 1308//834 1350//852 1345//849
f 1387//869 1346//850 1388//870
f 1345//849 1388//870 1346//850
f 1350//852 1310//835 1390//871
f 1352//853 1390//871 1310//835
f 1352//853 1312//836 1392//872
f 1354//854 1392//872 1312//836
f 1354//854 1314//837 1394//873
f 1356//855 1394//873 1314//837
f 1396//874 1356//855 1358//856
f 1316//838 1358//856 1356//855
f 1400//161 1401//161 1402//875
f 1360//857 1402//875 1401//161
f 1360//857 1362//858 1402//875
f 1362//858 1324//842 1402//875
f 1406//245 1407//876 1408//245
f 1408//245 1407//876 1367//859
f 1367//859 1407//876 1330//843
f 1364//244 1330//843 1407//876
f 1410//877 1367//859 1371//861
f 1368//860 1371//861 1367//859
f 1412//878 1371//861 1374//863
f 1332//844 1374//863 1371//861
f 1376//864 1414//879 1334//845
f 1374//863 1334//845 1414//879
f 1338//847 1380//866 1376//864
f 1416//880 1376//864 1380//866
f 1379//865 1419//881 1380//866
f 1420//882 1380//866 1419//881
f 1382//867 1422//883 1379//865
f 1419//881 1379//865 1422//883
f 1424//884 1384//868 1390//871
f 1350//852 1390//871 1384//868
f 1388//870 1345//849 1426//885
f 1384//868 1426//885 1345//849
f 1428//883 1387//869 1419//881
f 1388//870 1419//881 1387//869
f 1431//886 1390//871 1432//887
f 1390//871 1352//853 1432//887
f 1392//872 1432//887 1352//853
f 1392//872 1354//854 1434//888
f 1394//873 1434//888 1354//854
f 1356//855 1396//874 1394//873
f 1436//889 1394//873 1396//874
f 1439//192 1440//192 1400//161
f 1401//161 1400//161 1440//192
f 1443//215 1406//245 1444//215
f 1408//245 1444//215 1406//245
f 1446//890 1410//877 1412//878
f 1371//861 1412//878 1410//877
f 1448//891 1412//878 1414//879
f 1374//863 1414//879 1412//878
f 1376//864 1416//880 1414//879
f 1450//892 1414//879 1416//880
f 1380//866 1420//882 1416//880
f 1452//893 1416//880 1420//882
f 1419//881 1388//870 1420//882
f 1426//885 1420//882 1388//870
f 1426//885 1384//868 1454//894
f 1424//884 1454//894 1384//868
f 1431//886 1432//887 1456//895
f 1432//887 1392//872 1458//896
f 1434//888 1458//896 1392//872
f 1394//873 1436//889 1434//888
f 1460//897 1434//888 1436//889
f 1440//192 1439//192 1463//222
f 1464//222 1463//222 1439//192
f 1468//217 1469//217 1444//215
f 1443//215 1444//215 1469//217
f 1468//217 1444//215 1470//217
f 1472//898 1446//890 1448//891
f 1412//878 1448//891 1446//890
f 1450//892 1474//899 1414//879
f 1448//891 1414//879 1474//899
f 1416//880 1452//893 1450//892
f 1476//900 1450//892 1452//893
f 1420//882 1426//885 1452//893
f 1454//894 1452//893 1426//885
f 1454//894 1424//884 1478//901
f 1478//901 1424//884 1456//895
f 1431//886 1456//895 1424//884
f 1432//887 1458//896 1456//895
f 1456//895 1458//896 1481//902
f 1482//903 1481//902 1458//896
f 1434//888 1460//897 1458//896
f 1484//904 1458//896 1460//897
f 1464//222 1487//221 1463//222
f 1488//221 1463//222 1487//221
f 1491//218 1492//218 1470//217
f 1492//218 1469//217 1470//217
f 1468//217 1470//217 1469//217
f 1474//899 1494//905 1448//891
f 1472//898 1448//891 1494//905
f 1476//900 1496//906 1450//892
f 1474//899 1450//892 1496//906
f 1452//893 1454//894 1476//900
f 1478//901 1476//900 1454//894
f 1456//895 1499//902 1478//901
f 1499//902 1482//903 1478//901
f 1500//907 1478//901 1482//903
f 1458//896 1484//904 1482//903
f 1502//908 1482//903 1484//904
f 1487//221 1504//220 1488//221
f 1484//904 1488//221 1504//220
f 1507//909 1492//218 1508//910
f 1491//218 1508//910 1492//218
f 1496//906 1508//910 1474//899
f 1494//905 1474//899 1508//910
f 1478//901 1500//907 1476//900
f 1496//906 1476//900 1500//907
f 1482//903 1502//908 1500//907
f 1510//911 1500//907 1502//908
f 1484//904 1504//220 1502//908
f 1502//908 1504//220 1513//912
f 1514//912 1513//912 1504//220
f 1510//911 1517//219 1508//910
f 1518//909 1508//910 1517//219
f 1500//907 1510//911 1496//906
f 1508//910 1496//906 1510//911
f 1502//908 1521//912 1510//911
f 1521//912 1522//912 1510//911
f 1517//219 1510//911 1522//912
